window_id,start_datetime,end_datetime,price_mean,price_std
0,2000-01-01,2000-01-01 23:00:00,130.8016549361,11.133175183585038
1,2000-01-02,2000-01-02 23:00:00,131.4649199361,14.31408237889505
2,2000-01-03,2000-01-03 23:00:00,148.3284325611,30.039603370834296
3,2000-01-04,2000-01-04 23:00:00,165.9049550611,31.75338759037691
4,2000-01-05,2000-01-05 23:00:00,162.73786468609998,30.99589638143781
5,2000-01-06,2000-01-06 23:00:00,146.5541986861,26.390842609179177
6,2000-01-07,2000-01-07 23:00:00,153.18684868609998,23.289363074774307
7,2000-01-08,2000-01-08 23:00:00,128.4802274361,0.0
8,2000-01-09,2000-01-09 23:00:00,128.4802274361,0.0
9,2000-01-10,2000-01-10 23:00:00,128.4802274361,0.0
10,2000-01-11,2000-01-11 23:00:00,135.2786936861,22.730136064385945
11,2000-01-12,2000-01-12 23:00:00,142.8896595611,28.123056826394716
12,2000-01-13,2000-01-13 23:00:00,142.6409351861,27.638559748064772
13,2000-01-14,2000-01-14 23:00:00,145.9240969361,30.24219300254485
14,2000-01-15,2000-01-15 23:00:00,131.4649199361,14.31408237889505
15,2000-01-16,2000-01-16 23:00:00,128.4802274361,0.0
16,2000-01-17,2000-01-17 23:00:00,134.44961243609998,19.79821027417567
17,2000-01-18,2000-01-18 23:00:00,154.7621030611,37.57842204730075
18,2000-01-19,2000-01-19 23:00:00,142.9062411861,32.50971255889228
19,2000-01-20,2000-01-20 23:00:00,155.3291946361,35.3376437817961
20,2000-01-21,2000-01-21 23:00:00,148.47020545485,34.000032572736615
21,2000-01-22,2000-01-22 23:00:00,139.8386405611,25.296490383007672
22,2000-01-23,2000-01-23 23:00:00,128.6460436861,0.795226798827503
23,2000-01-24,2000-01-24 23:00:00,136.5223155611,20.227509690680556
24,2000-01-25,2000-01-25 23:00:00,148.0797081861,28.37214401366878
25,2000-01-26,2000-01-26 23:00:00,176.0867360761,33.36309007194182
26,2000-01-27,2000-01-27 23:00:00,172.75316618609997,26.38042215445359
27,2000-01-28,2000-01-28 23:00:00,183.17471749860002,32.54325348527622
28,2000-01-29,2000-01-29 23:00:00,147.8724378736,28.848766977575284
29,2000-01-30,2000-01-30 23:00:00,141.7455274361,23.61819518010002
30,2000-01-31,2000-01-31 23:00:00,175.56391743985,33.83236099008461
31,2000-02-01,2000-02-01 23:00:00,156.12128669276638,31.23358942503872
32,2000-02-02,2000-02-02 23:00:00,146.36616920498534,26.02509813573034
33,2000-02-03,2000-02-03 23:00:00,135.69979173919845,13.841233189344429
34,2000-02-04,2000-02-04 23:00:00,137.86302113558165,17.80850596434547
35,2000-02-05,2000-02-05 23:00:00,134.58154510307918,12.454755768352117
36,2000-02-06,2000-02-06 23:00:00,131.80983652536656,1.5554729466801853
37,2000-02-07,2000-02-07 23:00:00,144.90640268739003,25.779427073055277
38,2000-02-08,2000-02-08 23:00:00,150.42874837409582,29.578773394251293
39,2000-02-09,2000-02-09 23:00:00,139.58666727683286,21.473260312238565
40,2000-02-10,2000-02-10 23:00:00,144.93574065537635,25.870646632930587
41,2000-02-11,2000-02-11 23:00:00,141.5511765143695,22.464181901745317
42,2000-02-12,2000-02-12 23:00:00,161.79599530713588,36.197243040687965
43,2000-02-13,2000-02-13 23:00:00,147.70242449824048,31.493727768518397
44,2000-02-14,2000-02-14 23:00:00,166.39930078123166,36.74835604680889
45,2000-02-15,2000-02-15 23:00:00,193.8894630490714,28.48098064076897
46,2000-02-16,2000-02-16 23:00:00,189.91830163655914,30.224020802363828
47,2000-02-17,2000-02-17 23:00:00,188.37846353782993,37.28839434166235
48,2000-02-18,2000-02-18 23:00:00,202.03439615024436,36.778948676299265
49,2000-02-19,2000-02-19 23:00:00,156.15710818958942,55.35544560875269
50,2000-02-20,2000-02-20 23:00:00,144.87657845474095,46.68095117746931
51,2000-02-21,2000-02-21 23:00:00,201.19153740146626,35.90775353916093
52,2000-02-22,2000-02-22 23:00:00,167.9553477020528,37.629261371728546
53,2000-02-23,2000-02-23 23:00:00,183.51419602805473,35.239329551849245
54,2000-02-24,2000-02-24 23:00:00,171.24217264584556,37.75973235304545
55,2000-02-25,2000-02-25 23:00:00,157.346673642913,37.1131546854913
56,2000-02-26,2000-02-26 23:00:00,141.0811206737048,18.367048764020126
57,2000-02-27,2000-02-27 23:00:00,131.48549799530792,0.0
58,2000-02-28,2000-02-28 23:00:00,134.75968005786902,15.540972639158834
59,2000-02-29,2000-02-29 23:00:00,138.45529149481916,23.123008168930966
60,2000-03-01,2000-03-01 23:00:00,137.44436170190477,22.787817090024106
61,2000-03-02,2000-03-02 23:00:00,143.70223417677965,29.398943182281887
62,2000-03-03,2000-03-03 23:00:00,130.75110908031095,0.7642788551460725
63,2000-03-04,2000-03-04 23:00:00,159.1496237747875,40.430379704290985
64,2000-03-05,2000-03-05 23:00:00,130.59174592265398,0.0
65,2000-03-06,2000-03-06 23:00:00,134.25709854876487,17.57841366835967
66,2000-03-07,2000-03-07 23:00:00,134.73518802173587,19.871250233797895
67,2000-03-08,2000-03-08 23:00:00,138.87863012081775,27.484485566434337
68,2000-03-09,2000-03-09 23:00:00,138.48022222667524,26.234365724081474
69,2000-03-10,2000-03-10 23:00:00,134.89455117939283,20.63552908894395
70,2000-03-11,2000-03-11 23:00:00,130.59174592265398,0.0
71,2000-03-12,2000-03-12 23:00:00,130.59174592265398,0.0
72,2000-03-13,2000-03-13 23:00:00,138.24117749018976,25.585604829483568
73,2000-03-14,2000-03-14 23:00:00,142.5439827469286,31.853103562312896
74,2000-03-15,2000-03-15 23:00:00,143.32326858787133,33.987987907297324
75,2000-03-16,2000-03-16 23:00:00,162.2540180859458,45.1887036081375
76,2000-03-17,2000-03-17 23:00:00,145.97029063655404,34.7505790242596
77,2000-03-18,2000-03-18 23:00:00,144.2172959023271,36.062495253610074
78,2000-03-19,2000-03-19 23:00:00,134.57582486407887,19.106971378651817
79,2000-03-20,2000-03-20 23:00:00,144.45634063881258,36.68226964765578
80,2000-03-21,2000-03-21 23:00:00,149.07787221086542,41.73246146680507
81,2000-03-22,2000-03-22 23:00:00,163.739282715309,49.230578504307104
82,2000-03-23,2000-03-23 23:00:00,197.39678161246638,49.82058330570833
83,2000-03-24,2000-03-24 23:00:00,182.28915426658327,59.02453616347204
84,2000-03-25,2000-03-25 23:00:00,115.61654936078378,47.03919140941645
85,2000-03-26,2000-03-26 23:00:00,140.93999256511094,40.17278686097141
86,2000-03-27,2000-03-27 23:00:00,147.35467838712034,41.805291425566075
87,2000-03-28,2000-03-28 23:00:00,146.0756296837653,47.37619275783486
88,2000-03-29,2000-03-29 23:00:00,143.46557988765903,36.98884136458644
89,2000-03-30,2000-03-30 23:00:00,135.27032950514806,39.64452984570802
90,2000-03-31,2000-03-31 23:00:00,141.63497529565313,29.82106761412059
91,2000-04-01,2000-04-01 23:00:00,141.4196203657729,20.062028541913094
92,2000-04-02,2000-04-02 23:00:00,141.37970068636537,0.0
93,2000-04-03,2000-04-03 23:00:00,161.2502339136624,38.02522436357855
94,2000-04-04,2000-04-04 23:00:00,170.25440950682182,42.3497022686802
95,2000-04-05,2000-04-05 23:00:00,160.69262068431,47.05592391340473
96,2000-04-06,2000-04-06 23:00:00,173.41011538883888,45.13104057025323
97,2000-04-07,2000-04-07 23:00:00,197.7090506803705,43.949082011949784
98,2000-04-08,2000-04-08 23:00:00,164.96670873091392,44.16417416654892
99,2000-04-09,2000-04-09 23:00:00,139.12842011013439,31.849502647892226
100,2000-04-10,2000-04-10 23:00:00,193.1332771514457,41.95071533776578
101,2000-04-11,2000-04-11 23:00:00,193.44884773964745,40.71594406751285
102,2000-04-12,2000-04-12 23:00:00,205.31430185603168,46.661740209392036
103,2000-04-13,2000-04-13 23:00:00,201.82724685640278,44.269793281218924
104,2000-04-14,2000-04-14 23:00:00,193.6697471513886,40.19515874479132
105,2000-04-15,2000-04-15 23:00:00,149.83494124134788,30.320761101165644
106,2000-04-16,2000-04-16 23:00:00,144.27316740958682,22.63515517125067
107,2000-04-17,2000-04-17 23:00:00,171.40624215375803,34.60158829854961
108,2000-04-18,2000-04-18 23:00:00,182.95612568194056,34.3978274206899
109,2000-04-19,2000-04-19 23:00:00,169.4497045069074,33.781263995265256
110,2000-04-20,2000-04-20 23:00:00,124.48594481757505,45.24433425689104
111,2000-04-21,2000-04-21 23:00:00,113.01511172173703,26.89416524704377
112,2000-04-22,2000-04-22 23:00:00,148.18545377681752,56.31918155075164
113,2000-04-23,2000-04-23 23:00:00,163.09789970758342,44.020069587446386
114,2000-04-24,2000-04-24 23:00:00,161.62355391950504,38.61995804963616
115,2000-04-25,2000-04-25 23:00:00,188.2419330343192,48.1219279870766
116,2000-04-26,2000-04-26 23:00:00,214.8760906785435,53.770329865248655
117,2000-04-27,2000-04-27 23:00:00,208.28066538512778,49.74417568355465
118,2000-04-28,2000-04-28 23:00:00,144.90620200951946,48.918891458797575
119,2000-04-29,2000-04-29 23:00:00,170.17551685977136,58.50744874284743
120,2000-04-30,2000-04-30 23:00:00,140.08586127473836,43.838229702104584
121,2000-05-01,2000-05-01 23:00:00,144.73945648678531,42.6667085617337
122,2000-05-02,2000-05-02 23:00:00,165.91504629232566,38.213252883619596
123,2000-05-03,2000-05-03 23:00:00,148.25666100242054,45.862010179949245
124,2000-05-04,2000-05-04 23:00:00,154.05462517406417,24.94653361538499
125,2000-05-05,2000-05-05 23:00:00,171.2855838608508,37.44884090494033
126,2000-05-06,2000-05-06 23:00:00,133.84847594908186,21.030918063068686
127,2000-05-07,2000-05-07 23:00:00,131.7422658276558,19.99472517182254
128,2000-05-08,2000-05-08 23:00:00,127.99337505928357,47.88361256221646
129,2000-05-09,2000-05-09 23:00:00,151.37406545997916,25.131378804461388
130,2000-05-10,2000-05-10 23:00:00,153.5879563194659,25.137513208887025
131,2000-05-11,2000-05-11 23:00:00,146.50441598934265,13.90217122148047
132,2000-05-12,2000-05-12 23:00:00,147.42629496110706,17.843275256128663
133,2000-05-13,2000-05-13 23:00:00,141.5247312455567,53.23364139705336
134,2000-05-14,2000-05-14 23:00:00,128.1225605511552,29.123176963663962
135,2000-05-15,2000-05-15 23:00:00,136.22216125659455,44.700332046259895
136,2000-05-16,2000-05-16 23:00:00,159.03415294884425,48.56468777271194
137,2000-05-17,2000-05-17 23:00:00,145.39856934264074,54.91716182314042
138,2000-05-18,2000-05-18 23:00:00,149.0243964103722,33.47195993638557
139,2000-05-19,2000-05-19 23:00:00,142.3447373324794,29.523887417058937
140,2000-05-20,2000-05-20 23:00:00,130.9575777670649,52.09593592624825
141,2000-05-21,2000-05-21 23:00:00,114.98017356155032,24.082414690823363
142,2000-05-22,2000-05-22 23:00:00,109.61246143513166,24.540536594285
143,2000-05-23,2000-05-23 23:00:00,124.11639758208116,41.21014907680536
144,2000-05-24,2000-05-24 23:00:00,130.41085471944777,41.437745401110455
145,2000-05-25,2000-05-25 23:00:00,121.45043598554662,27.212021377610643
146,2000-05-26,2000-05-26 23:00:00,183.21946647388256,55.660491705791806
147,2000-05-27,2000-05-27 23:00:00,143.02959310530565,48.38298686397736
148,2000-05-28,2000-05-28 23:00:00,139.8917826769775,32.583737256598475
149,2000-05-29,2000-05-29 23:00:00,124.97972711463767,48.621323782068245
150,2000-05-30,2000-05-30 23:00:00,121.76186249329065,22.603536852388814
151,2000-05-31,2000-05-31 23:00:00,132.2316951881124,49.838010395467386
152,2000-06-01,2000-06-01 23:00:00,143.08603224682622,50.88659647854671
153,2000-06-02,2000-06-02 23:00:00,139.2941594198089,36.948688236684546
154,2000-06-03,2000-06-03 23:00:00,128.69035473544525,38.6886117336933
155,2000-06-04,2000-06-04 23:00:00,136.85311773736166,21.73218976358356
156,2000-06-05,2000-06-05 23:00:00,145.4787178167063,22.196744523244604
157,2000-06-06,2000-06-06 23:00:00,171.80139909269687,50.12904693059636
158,2000-06-07,2000-06-07 23:00:00,136.9393109380089,38.195071354753615
159,2000-06-08,2000-06-08 23:00:00,160.14380795524698,34.19832956490256
160,2000-06-09,2000-06-09 23:00:00,153.3089540445409,37.3872750201476
161,2000-06-10,2000-06-10 23:00:00,140.2443256316799,48.90835661945336
162,2000-06-11,2000-06-11 23:00:00,129.13183976316856,23.58580382562385
163,2000-06-12,2000-06-12 23:00:00,144.61113379707658,31.98705848146106
164,2000-06-13,2000-06-13 23:00:00,165.63112772905794,35.33382781469665
165,2000-06-14,2000-06-14 23:00:00,155.70886163123302,32.4401231650407
166,2000-06-15,2000-06-15 23:00:00,179.13221715794694,43.431494651221215
167,2000-06-16,2000-06-16 23:00:00,162.82820020418464,33.870124394543225
168,2000-06-17,2000-06-17 23:00:00,163.11912031141114,33.54567680115103
169,2000-06-18,2000-06-18 23:00:00,142.83498866242738,36.15569458235319
170,2000-06-19,2000-06-19 23:00:00,157.98520993029413,32.24284516172935
171,2000-06-20,2000-06-20 23:00:00,155.55186126575532,46.961664477641904
172,2000-06-21,2000-06-21 23:00:00,174.93339938361146,33.6938396008333
173,2000-06-22,2000-06-22 23:00:00,167.07537409108727,29.90148467689216
174,2000-06-23,2000-06-23 23:00:00,168.64537774586424,27.362726472511174
175,2000-06-24,2000-06-24 23:00:00,157.49018777794296,22.49997969480333
176,2000-06-25,2000-06-25 23:00:00,135.43085142649923,43.90342917989658
177,2000-06-26,2000-06-26 23:00:00,126.26878109831728,24.763346116461683
178,2000-06-27,2000-06-27 23:00:00,138.36032124594757,20.879961395785326
179,2000-06-28,2000-06-28 23:00:00,150.3319131143529,38.05909744478727
180,2000-06-29,2000-06-29 23:00:00,129.4651515390777,36.43373334005378
181,2000-06-30,2000-06-30 23:00:00,160.46550170411078,33.90383107586901
182,2000-07-01,2000-07-01 23:00:00,146.38612237638634,43.008566976138816
183,2000-07-02,2000-07-02 23:00:00,138.60599324878828,23.14695916059151
184,2000-07-03,2000-07-03 23:00:00,144.78878891060108,24.615714535266648
185,2000-07-04,2000-07-04 23:00:00,150.94237080401314,17.166377813426774
186,2000-07-05,2000-07-05 23:00:00,155.85703761599802,33.5164040884178
187,2000-07-06,2000-07-06 23:00:00,150.0145980623815,38.225021066188184
188,2000-07-07,2000-07-07 23:00:00,145.53798071313756,48.063863085782145
189,2000-07-08,2000-07-08 23:00:00,177.88296248402762,59.72292806617339
190,2000-07-09,2000-07-09 23:00:00,155.2339676200521,21.375547572150065
191,2000-07-10,2000-07-10 23:00:00,174.8302807494158,52.67125632263007
192,2000-07-11,2000-07-11 23:00:00,179.6207105140618,55.23577166344623
193,2000-07-12,2000-07-12 23:00:00,174.6732174784438,61.13353663109306
194,2000-07-13,2000-07-13 23:00:00,200.27453064687998,51.59235593032154
195,2000-07-14,2000-07-14 23:00:00,190.6151394821019,43.9091576048678
196,2000-07-15,2000-07-15 23:00:00,160.1530322036242,45.24148833757862
197,2000-07-16,2000-07-16 23:00:00,169.2911303720462,36.342733681112094
198,2000-07-17,2000-07-17 23:00:00,189.59422822078395,41.24997032962759
199,2000-07-18,2000-07-18 23:00:00,187.3168107916899,33.711116654358385
200,2000-07-19,2000-07-19 23:00:00,170.27544589122775,26.81645504347391
201,2000-07-20,2000-07-20 23:00:00,158.89872492164181,21.21666423808844
202,2000-07-21,2000-07-21 23:00:00,163.23257175757223,26.426655097669244
203,2000-07-22,2000-07-22 23:00:00,155.0387379742339,41.47567378185822
204,2000-07-23,2000-07-23 23:00:00,138.130719790827,29.24828249663322
205,2000-07-24,2000-07-24 23:00:00,160.4913464892979,63.50205176430282
206,2000-07-25,2000-07-25 23:00:00,179.01664517390353,50.39615093273832
207,2000-07-26,2000-07-26 23:00:00,117.80531895761128,29.86628621949476
208,2000-07-27,2000-07-27 23:00:00,155.11098707888104,33.86204794513519
209,2000-07-28,2000-07-28 23:00:00,142.3580777290384,31.9552152300074
210,2000-07-29,2000-07-29 23:00:00,187.2781732270308,74.19837971469315
211,2000-07-30,2000-07-30 23:00:00,130.89198775826938,32.27791095078112
212,2000-07-31,2000-07-31 23:00:00,151.3834044689025,58.32024632905279
213,2000-08-01,2000-08-01 23:00:00,146.6751841695087,37.43478682117034
214,2000-08-02,2000-08-02 23:00:00,179.51081216613412,53.66408884119258
215,2000-08-03,2000-08-03 23:00:00,169.33035686200085,54.13245073687243
216,2000-08-04,2000-08-04 23:00:00,167.84317277997144,16.590274077835183
217,2000-08-05,2000-08-05 23:00:00,156.4241541246502,48.22282245337119
218,2000-08-06,2000-08-06 23:00:00,142.49544383495356,33.15538065939403
219,2000-08-07,2000-08-07 23:00:00,145.35254693137998,29.240410252494915
220,2000-08-08,2000-08-08 23:00:00,117.60205831619628,30.931543229031433
221,2000-08-09,2000-08-09 23:00:00,181.40098728165586,30.92697481961415
222,2000-08-10,2000-08-10 23:00:00,181.63598710343987,40.18257738141569
223,2000-08-11,2000-08-11 23:00:00,163.11483859096523,51.64037565199474
224,2000-08-12,2000-08-12 23:00:00,187.97691167510774,32.04862482726928
225,2000-08-13,2000-08-13 23:00:00,146.50359202781962,46.27153374866297
226,2000-08-14,2000-08-14 23:00:00,183.76507609507246,47.32599074524624
227,2000-08-15,2000-08-15 23:00:00,246.5308512804171,25.398552064691877
228,2000-08-16,2000-08-16 23:00:00,213.3396705887407,53.11050177723735
229,2000-08-17,2000-08-17 23:00:00,214.12263801628353,56.95337985898543
230,2000-08-18,2000-08-18 23:00:00,187.5070685937128,50.655178541992875
231,2000-08-19,2000-08-19 23:00:00,184.6889494783818,46.0661276091876
232,2000-08-20,2000-08-20 23:00:00,158.54322313720604,51.49134463488957
233,2000-08-21,2000-08-21 23:00:00,189.85565775199507,49.27282963546676
234,2000-08-22,2000-08-22 23:00:00,221.15995113378426,52.30308049895342
235,2000-08-23,2000-08-23 23:00:00,224.14277365518907,47.6418872738778
236,2000-08-24,2000-08-24 23:00:00,210.28717790031803,57.64810532954324
237,2000-08-25,2000-08-25 23:00:00,199.71844840696133,65.68071685323692
238,2000-08-26,2000-08-26 23:00:00,214.904822632961,63.5948166158209
239,2000-08-27,2000-08-27 23:00:00,151.18448787838446,50.42580953938736
240,2000-08-28,2000-08-28 23:00:00,194.7090851172874,75.95623210983945
241,2000-08-29,2000-08-29 23:00:00,212.0870166419761,68.34799767995494
242,2000-08-30,2000-08-30 23:00:00,210.36451961381655,74.93814291877443
243,2000-08-31,2000-08-31 23:00:00,213.0271724912851,70.11117513712308
244,2000-09-01,2000-09-01 23:00:00,240.78630525242042,61.35655755953118
245,2000-09-02,2000-09-02 23:00:00,229.74916140409266,61.67626644091088
246,2000-09-03,2000-09-03 23:00:00,159.28541609308218,74.24100145368966
247,2000-09-04,2000-09-04 23:00:00,142.29476202487254,73.94078259047659
248,2000-09-05,2000-09-05 23:00:00,249.2359559708817,65.13237675657966
249,2000-09-06,2000-09-06 23:00:00,246.43005834198266,62.651745140281875
250,2000-09-07,2000-09-07 23:00:00,134.48613864404294,90.36821264694078
251,2000-09-08,2000-09-08 23:00:00,228.65900961127682,97.8573648309268
252,2000-09-09,2000-09-09 23:00:00,200.1297075738345,85.82123144970521
253,2000-09-10,2000-09-10 23:00:00,161.17435778814132,60.13542932100743
254,2000-09-11,2000-09-11 23:00:00,202.60838818384036,73.32266147762085
255,2000-09-12,2000-09-12 23:00:00,171.27412386867255,77.6634780234634
256,2000-09-13,2000-09-13 23:00:00,260.69369606359913,72.17974196552315
257,2000-09-14,2000-09-14 23:00:00,214.62671541326097,88.88328736752845
258,2000-09-15,2000-09-15 23:00:00,257.94875215284554,69.86915712714743
259,2000-09-16,2000-09-16 23:00:00,227.26876598360192,67.87082218754303
260,2000-09-17,2000-09-17 23:00:00,191.302174981244,60.97252552360351
261,2000-09-18,2000-09-18 23:00:00,237.6441488766168,63.48630525769146
262,2000-09-19,2000-09-19 23:00:00,271.5278687072585,76.419467863625
263,2000-09-20,2000-09-20 23:00:00,269.57329653818596,81.77643685029926
264,2000-09-21,2000-09-21 23:00:00,275.73211634067025,79.0835656222573
265,2000-09-22,2000-09-22 23:00:00,277.67484072821065,79.62127820238888
266,2000-09-23,2000-09-23 23:00:00,246.50691303007912,85.6821013085115
267,2000-09-24,2000-09-24 23:00:00,175.3545933634463,57.279120488593975
268,2000-09-25,2000-09-25 23:00:00,274.20219360440626,83.02640076778748
269,2000-09-26,2000-09-26 23:00:00,275.09810413684045,82.59512631077192
270,2000-09-27,2000-09-27 23:00:00,191.32181735588938,68.45248239602495
271,2000-09-28,2000-09-28 23:00:00,244.01295501757136,80.68410525050108
272,2000-09-29,2000-09-29 23:00:00,267.83214032855363,88.94200071311708
273,2000-09-30,2000-09-30 23:00:00,157.9296245669677,65.69842891521314
274,2000-10-01,2000-10-01 23:00:00,201.1217773917937,74.02675052924967
275,2000-10-02,2000-10-02 23:00:00,148.13688738872403,75.58954155959576
276,2000-10-03,2000-10-03 23:00:00,244.4721878338279,84.43290117702925
277,2000-10-04,2000-10-04 23:00:00,260.9559503683618,79.76302943199678
278,2000-10-05,2000-10-05 23:00:00,206.0528813261025,81.52674172384452
279,2000-10-06,2000-10-06 23:00:00,225.77480652818988,81.50334071155486
280,2000-10-07,2000-10-07 23:00:00,170.65443829428017,42.81795548551448
281,2000-10-08,2000-10-08 23:00:00,172.48077884989257,0.0
282,2000-10-09,2000-10-09 23:00:00,215.28669604522665,66.83634211539827
283,2000-10-10,2000-10-10 23:00:00,184.52765301852045,47.6647863188034
284,2000-10-11,2000-10-11 23:00:00,193.1833522664484,53.00781509961138
285,2000-10-12,2000-10-12 23:00:00,205.4023846771718,63.52396247800142
286,2000-10-13,2000-10-13 23:00:00,186.17872216310244,45.4309383694748
287,2000-10-14,2000-10-14 23:00:00,170.08363877008085,14.913573963906613
288,2000-10-15,2000-10-15 23:00:00,166.09878253351073,21.16668719486895
289,2000-10-16,2000-10-16 23:00:00,150.0282931750742,34.98967178351087
290,2000-10-17,2000-10-17 23:00:00,190.08574917630207,55.91043179553269
291,2000-10-18,2000-10-18 23:00:00,187.65747740714212,45.455398167113835
292,2000-10-19,2000-10-19 23:00:00,165.989821620792,59.58418084608176
293,2000-10-20,2000-10-20 23:00:00,166.85372600020466,64.93338282630876
294,2000-10-21,2000-10-21 23:00:00,158.4948674102118,63.92577586662823
295,2000-10-22,2000-10-22 23:00:00,131.88194277089943,33.27320646672274
296,2000-10-23,2000-10-23 23:00:00,197.23047188171495,55.20917874149039
297,2000-10-24,2000-10-24 23:00:00,192.4050600327433,52.34198991702072
298,2000-10-25,2000-10-25 23:00:00,200.28137743783896,63.26681605945709
299,2000-10-26,2000-10-26 23:00:00,157.9422799242812,46.87699544225941
300,2000-10-27,2000-10-27 23:00:00,138.39157901360892,53.52455514876906
301,2000-10-28,2000-10-28 23:00:00,150.73529384017186,64.4306150242989
302,2000-10-29,2000-10-29 23:00:00,107.74585533613015,24.727140059121425
303,2000-10-30,2000-10-30 23:00:00,175.83521837716157,58.77239355961349
304,2000-10-31,2000-10-31 23:00:00,185.63547418397627,45.19973468574982
305,2000-11-01,2000-11-01 23:00:00,199.72440115749555,60.88271823733478
306,2000-11-02,2000-11-02 23:00:00,179.18643515114994,39.08253196685339
307,2000-11-03,2000-11-03 23:00:00,205.87130028855518,63.0107288362392
308,2000-11-04,2000-11-04 23:00:00,168.6260872674085,52.29455019074784
309,2000-11-05,2000-11-05 23:00:00,141.36578424819865,43.23355954693978
310,2000-11-06,2000-11-06 23:00:00,147.681327482122,45.14194918483258
311,2000-11-07,2000-11-07 23:00:00,170.81473709178658,58.096941596067815
312,2000-11-08,2000-11-08 23:00:00,240.70041890869246,63.26848184437863
313,2000-11-09,2000-11-09 23:00:00,163.21101355788366,62.22854282744381
314,2000-11-10,2000-11-10 23:00:00,165.14568877656902,42.40463954470813
315,2000-11-11,2000-11-11 23:00:00,173.0566021206561,50.79894653921613
316,2000-11-12,2000-11-12 23:00:00,137.05830046539347,33.89637706037035
317,2000-11-13,2000-11-13 23:00:00,115.40172914014481,30.2422765065262
318,2000-11-14,2000-11-14 23:00:00,177.7187505024921,52.43911863269251
319,2000-11-15,2000-11-15 23:00:00,148.17950247227427,45.58560621881765
320,2000-11-16,2000-11-16 23:00:00,223.86703789607336,52.27281563722665
321,2000-11-17,2000-11-17 23:00:00,158.56903420398905,30.174576765439554
322,2000-11-18,2000-11-18 23:00:00,137.71425620966752,33.29507495300142
323,2000-11-19,2000-11-19 23:00:00,111.25900924952025,15.611242908714786
324,2000-11-20,2000-11-20 23:00:00,176.15362462545832,76.1730258908891
325,2000-11-21,2000-11-21 23:00:00,246.05296863159901,72.67212250752092
326,2000-11-22,2000-11-22 23:00:00,161.6555160644964,72.01804715809
327,2000-11-23,2000-11-23 23:00:00,177.10902527318706,36.67312348458974
328,2000-11-24,2000-11-24 23:00:00,143.18782320314978,77.16962263841613
329,2000-11-25,2000-11-25 23:00:00,146.22388249380364,33.81425818050416
330,2000-11-26,2000-11-26 23:00:00,137.67066318296773,46.52863263815807
331,2000-11-27,2000-11-27 23:00:00,172.00176195932158,73.8280663771864
332,2000-11-28,2000-11-28 23:00:00,180.5653760768657,78.62099109062663
333,2000-11-29,2000-11-29 23:00:00,173.583944628139,68.37640360314778
334,2000-11-30,2000-11-30 23:00:00,191.8217105709538,67.86378615608331
335,2000-12-01,2000-12-01 23:00:00,252.16471829710463,56.831561554380635
336,2000-12-02,2000-12-02 23:00:00,172.8031391526783,63.19401078027597
337,2000-12-03,2000-12-03 23:00:00,127.21007563638075,33.92137559121481
338,2000-12-04,2000-12-04 23:00:00,176.10498114323605,56.44314139880221
339,2000-12-05,2000-12-05 23:00:00,208.3027280676248,71.89783749454705
340,2000-12-06,2000-12-06 23:00:00,238.34161394495985,44.22698674163777
341,2000-12-07,2000-12-07 23:00:00,210.31085956450144,54.03261943900279
342,2000-12-08,2000-12-08 23:00:00,164.83068877482214,53.63305002004534
343,2000-12-09,2000-12-09 23:00:00,164.98481591731868,47.43585842900527
344,2000-12-10,2000-12-10 23:00:00,151.8585268627135,47.31693672449519
345,2000-12-11,2000-12-11 23:00:00,234.63576734040302,59.268895042362765
346,2000-12-12,2000-12-12 23:00:00,213.94180470201331,52.44643415220185
347,2000-12-13,2000-12-13 23:00:00,186.45219411645272,56.15697827515424
348,2000-12-14,2000-12-14 23:00:00,224.1342727886753,40.97648654503508
349,2000-12-15,2000-12-15 23:00:00,196.02691814501222,44.519192545114
350,2000-12-16,2000-12-16 23:00:00,197.8792237032325,43.22665545136429
351,2000-12-17,2000-12-17 23:00:00,187.06993817455518,40.96253349889529
352,2000-12-18,2000-12-18 23:00:00,201.58692353996358,49.68425250816148
353,2000-12-19,2000-12-19 23:00:00,189.8497864360164,39.29721423021565
354,2000-12-20,2000-12-20 23:00:00,206.37443999025786,40.50318189323012
355,2000-12-21,2000-12-21 23:00:00,213.3209719236203,42.528147983367695
356,2000-12-22,2000-12-22 23:00:00,211.6221757638385,41.74777953619538
357,2000-12-23,2000-12-23 23:00:00,212.23991982194096,27.07316157755042
358,2000-12-24,2000-12-24 23:00:00,225.6756986496555,40.18039202556921
359,2000-12-25,2000-12-25 23:00:00,202.23555480097124,32.647802692276535
360,2000-12-26,2000-12-26 23:00:00,220.04202727577535,35.22757935361172
361,2000-12-27,2000-12-27 23:00:00,231.56295395938673,46.174103398236305
362,2000-12-28,2000-12-28 23:00:00,248.20806760495825,55.35202105021394
363,2000-12-29,2000-12-29 23:00:00,244.81356400568507,34.88071666514084
364,2000-12-30,2000-12-30 23:00:00,240.70556601930352,43.38153280355748
365,2000-12-31,2000-12-31 23:00:00,211.31639245507776,36.634553435290016
366,2001-01-01,2001-01-01 23:00:00,179.18885587628333,11.614169383101133
367,2001-01-02,2001-01-02 23:00:00,203.78857365467763,39.76781203002275
368,2001-01-03,2001-01-03 23:00:00,203.63879903102682,32.07054022961234
369,2001-01-04,2001-01-04 23:00:00,231.30431165680307,34.04262460230261
370,2001-01-05,2001-01-05 23:00:00,201.8078806725206,24.040214527339945
371,2001-01-06,2001-01-06 23:00:00,200.89089318078126,30.879098993602923
372,2001-01-07,2001-01-07 23:00:00,211.13058683853737,31.45800252821749
373,2001-01-08,2001-01-08 23:00:00,195.96972697511342,14.048775092680064
374,2001-01-09,2001-01-09 23:00:00,194.93047448447547,33.63259891582995
375,2001-01-10,2001-01-10 23:00:00,204.71167439636187,21.174712964001895
376,2001-01-11,2001-01-11 23:00:00,215.25703055136444,25.20140485371725
377,2001-01-12,2001-01-12 23:00:00,203.79483973587116,25.27185660525139
378,2001-01-13,2001-01-13 23:00:00,258.15676203990364,54.359028736870094
379,2001-01-14,2001-01-14 23:00:00,223.9378454731636,45.007212104754295
380,2001-01-15,2001-01-15 23:00:00,288.5694163596823,65.88523356028075
381,2001-01-16,2001-01-16 23:00:00,288.6235186216949,62.65744829467781
382,2001-01-17,2001-01-17 23:00:00,300.2536709794251,42.873864681881194
383,2001-01-18,2001-01-18 23:00:00,350.49128920811125,37.891194388558404
384,2001-01-19,2001-01-19 23:00:00,367.0184604342268,10.288619635237099
385,2001-01-20,2001-01-20 23:00:00,243.102884050516,37.51872373416533
386,2001-01-21,2001-01-21 23:00:00,209.7547999384311,36.83158896384204
387,2001-01-22,2001-01-22 23:00:00,305.0759553672337,71.21539830255279
388,2001-01-23,2001-01-23 23:00:00,319.3503939886429,53.442653301413365
389,2001-01-24,2001-01-24 23:00:00,295.4934360785575,74.58415471635787
390,2001-01-25,2001-01-25 23:00:00,323.996463946789,55.20990516361759
391,2001-01-26,2001-01-26 23:00:00,322.1624889633103,50.74175831001554
392,2001-01-27,2001-01-27 23:00:00,273.48573627681316,70.04941547185528
393,2001-01-28,2001-01-28 23:00:00,210.01430739859333,39.36865731500468
394,2001-01-29,2001-01-29 23:00:00,304.57130658427985,70.71153110232278
395,2001-01-30,2001-01-30 23:00:00,338.7355095640127,19.172145740728055
396,2001-01-31,2001-01-31 23:00:00,359.2240667544423,14.785189150332652
397,2001-02-01,2001-02-01 23:00:00,323.61717693741474,56.454918436871665
398,2001-02-02,2001-02-02 23:00:00,341.54444988199566,21.552929212159267
399,2001-02-03,2001-02-03 23:00:00,277.037736531858,56.21362567031267
400,2001-02-04,2001-02-04 23:00:00,222.0619461403677,49.88713463438369
401,2001-02-05,2001-02-05 23:00:00,291.1801496376648,66.4943020259491
402,2001-02-06,2001-02-06 23:00:00,310.4750900022886,49.71979898422053
403,2001-02-07,2001-02-07 23:00:00,288.40701569801206,64.7323880416668
404,2001-02-08,2001-02-08 23:00:00,282.84019830822785,70.52720178269492
405,2001-02-09,2001-02-09 23:00:00,301.5449027331863,64.78149187940107
406,2001-02-10,2001-02-10 23:00:00,287.9100775358491,66.47672246938113
407,2001-02-11,2001-02-11 23:00:00,264.6906306590511,64.45865511676864
408,2001-02-12,2001-02-12 23:00:00,296.80486564821416,67.54687351724611
409,2001-02-13,2001-02-13 23:00:00,319.9643139542709,72.08027999495035
410,2001-02-14,2001-02-14 23:00:00,348.56863255508074,23.916858532313913
411,2001-02-15,2001-02-15 23:00:00,319.8602164340352,72.33990964346592
412,2001-02-16,2001-02-16 23:00:00,333.1058009036896,45.400434440885995
413,2001-02-17,2001-02-17 23:00:00,337.6515926158875,48.62080848949096
414,2001-02-18,2001-02-18 23:00:00,254.40867559115233,81.62757817576076
415,2001-02-19,2001-02-19 23:00:00,334.89795821172567,46.656266641504715
416,2001-02-20,2001-02-20 23:00:00,382.01783574323275,51.02203589346272
417,2001-02-21,2001-02-21 23:00:00,362.9532898902546,66.00592721045261
418,2001-02-22,2001-02-22 23:00:00,345.8536972290469,93.5285156145591
419,2001-02-23,2001-02-23 23:00:00,350.4285882480542,88.01554006042466
420,2001-02-24,2001-02-24 23:00:00,318.6144961090235,77.11347832902737
421,2001-02-25,2001-02-25 23:00:00,276.92973910452406,84.11047446552611
422,2001-02-26,2001-02-26 23:00:00,317.47452326494295,76.42189948498103
423,2001-02-27,2001-02-27 23:00:00,296.75026694883974,71.5869701793176
424,2001-02-28,2001-02-28 23:00:00,285.20894188108565,73.79576487530366
425,2001-03-01,2001-03-01 23:00:00,282.2940313346776,64.86590719091336
426,2001-03-02,2001-03-02 23:00:00,300.82024429471875,60.611670057824796
427,2001-03-03,2001-03-03 23:00:00,283.7183173755982,65.01698909002003
428,2001-03-04,2001-03-04 23:00:00,236.32503677423202,58.55784280691954
429,2001-03-05,2001-03-05 23:00:00,331.6438576317335,85.25666457859322
430,2001-03-06,2001-03-06 23:00:00,294.6285317320197,59.27482987676661
431,2001-03-07,2001-03-07 23:00:00,311.2669301098028,76.45960555758185
432,2001-03-08,2001-03-08 23:00:00,310.6291349389256,69.2017715954959
433,2001-03-09,2001-03-09 23:00:00,301.0787619665296,69.66277928342862
434,2001-03-10,2001-03-10 23:00:00,262.8896860200173,62.71503079355782
435,2001-03-11,2001-03-11 23:00:00,234.55665173961452,54.68346288457254
436,2001-03-12,2001-03-12 23:00:00,292.73716973745553,73.10523410457093
437,2001-03-13,2001-03-13 23:00:00,294.64390385201307,72.32257934855929
438,2001-03-14,2001-03-14 23:00:00,291.4914367826112,72.87868771350448
439,2001-03-15,2001-03-15 23:00:00,292.6925314659364,67.46399504574646
440,2001-03-16,2001-03-16 23:00:00,282.14651810628,64.94329921205747
441,2001-03-17,2001-03-17 23:00:00,267.4785594557191,48.587562001442805
442,2001-03-18,2001-03-18 23:00:00,208.88934999844003,20.491316825657027
443,2001-03-19,2001-03-19 23:00:00,199.1812649872663,48.82469549299619
444,2001-03-20,2001-03-20 23:00:00,226.46559550466245,46.855492626163496
445,2001-03-21,2001-03-21 23:00:00,207.14284067304376,43.63170392663452
446,2001-03-22,2001-03-22 23:00:00,182.2335026946174,16.35837935606669
447,2001-03-23,2001-03-23 23:00:00,211.08711973094827,28.352783915034124
448,2001-03-24,2001-03-24 23:00:00,210.07389009100316,38.41609511099312
449,2001-03-25,2001-03-25 23:00:00,195.39647167429257,38.9622099877893
450,2001-03-26,2001-03-26 23:00:00,209.6226296838912,34.44986170258151
451,2001-03-27,2001-03-27 23:00:00,204.85564658865118,27.445917735383386
452,2001-03-28,2001-03-28 23:00:00,210.84279170836194,33.84617964003994
453,2001-03-29,2001-03-29 23:00:00,207.01321231502303,27.569003981570546
454,2001-03-30,2001-03-30 23:00:00,200.17557509491198,23.429190407700773
455,2001-03-31,2001-03-31 23:00:00,222.48539889715812,15.518764644839234
456,2001-04-01,2001-04-01 23:00:00,207.4196177050047,6.007238998937513
457,2001-04-02,2001-04-02 23:00:00,203.67054813779487,29.893967967739915
458,2001-04-03,2001-04-03 23:00:00,216.70519911203542,24.76271498215778
459,2001-04-04,2001-04-04 23:00:00,220.22689292906682,26.39139305319263
460,2001-04-05,2001-04-05 23:00:00,230.34584445387887,28.138332877907406
461,2001-04-06,2001-04-06 23:00:00,224.4276453007764,26.793010024492915
462,2001-04-07,2001-04-07 23:00:00,232.1635352999392,20.34440768540144
463,2001-04-08,2001-04-08 23:00:00,221.35003561278896,22.918874080188147
464,2001-04-09,2001-04-09 23:00:00,245.03174605602211,31.43898757448567
465,2001-04-10,2001-04-10 23:00:00,246.48280081133836,37.8504412587028
466,2001-04-11,2001-04-11 23:00:00,246.50194362835214,32.533330124283694
467,2001-04-12,2001-04-12 23:00:00,210.53653592563865,25.390619740140696
468,2001-04-13,2001-04-13 23:00:00,191.24759053774906,19.565383347845376
469,2001-04-14,2001-04-14 23:00:00,206.59106982357034,15.284217642627768
470,2001-04-15,2001-04-15 23:00:00,210.53653592563873,8.160978611775745
471,2001-04-16,2001-04-16 23:00:00,226.46452870806274,18.56463083266678
472,2001-04-17,2001-04-17 23:00:00,235.81674465370614,22.294037460993664
473,2001-04-18,2001-04-18 23:00:00,235.3783595312541,21.392215771555662
474,2001-04-19,2001-04-19 23:00:00,238.3009270142677,15.59608086117503
475,2001-04-20,2001-04-20 23:00:00,233.36924051505648,16.958545680848015
476,2001-04-21,2001-04-21 23:00:00,237.13190002106225,12.480937269867294
477,2001-04-22,2001-04-22 23:00:00,232.01740692578855,14.69444144951361
478,2001-04-23,2001-04-23 23:00:00,239.7622107557745,17.939303905162504
479,2001-04-24,2001-04-24 23:00:00,248.3837848306645,17.911309556265792
480,2001-04-25,2001-04-25 23:00:00,250.56109760550967,32.11947868786223
481,2001-04-26,2001-04-26 23:00:00,269.96694569271983,42.03415893307208
482,2001-04-27,2001-04-27 23:00:00,284.4774932458823,17.953582056050674
483,2001-04-28,2001-04-28 23:00:00,279.80138527306053,19.181819213586802
484,2001-04-29,2001-04-29 23:00:00,264.3556161253338,24.217483841911154
485,2001-04-30,2001-04-30 23:00:00,275.06828723432005,38.82239153432347
486,2001-05-01,2001-05-01 23:00:00,225.46301063900182,30.8754072377466
487,2001-05-02,2001-05-02 23:00:00,236.41201465700624,36.885377271438934
488,2001-05-03,2001-05-03 23:00:00,223.88531332150356,39.366798800036975
489,2001-05-04,2001-05-04 23:00:00,211.3073899369546,37.6022748732875
490,2001-05-05,2001-05-05 23:00:00,164.25877375050024,17.24912660404839
491,2001-05-06,2001-05-06 23:00:00,161.90721604428623,18.934576199510083
492,2001-05-07,2001-05-07 23:00:00,179.54549952992375,38.679991699763576
493,2001-05-08,2001-05-08 23:00:00,195.81272010046544,11.550068473254319
494,2001-05-09,2001-05-09 23:00:00,188.2213796043163,14.353104664160181
495,2001-05-10,2001-05-10 23:00:00,205.51289563859814,17.92049820212548
496,2001-05-11,2001-05-11 23:00:00,187.05578695414465,16.066835275349035
497,2001-05-12,2001-05-12 23:00:00,188.2458264913611,21.337007709397394
498,2001-05-13,2001-05-13 23:00:00,178.3893654967635,18.682395940347366
499,2001-05-14,2001-05-14 23:00:00,185.6914178295492,20.407847489649328
500,2001-05-15,2001-05-15 23:00:00,181.16204993576108,21.31753073553617
501,2001-05-16,2001-05-16 23:00:00,177.70688990009617,11.973341713505063
502,2001-05-17,2001-05-17 23:00:00,159.86997545721968,35.09800893154845
503,2001-05-18,2001-05-18 23:00:00,167.87051027699968,24.13048903846914
504,2001-05-19,2001-05-19 23:00:00,156.81411457661986,39.523924677182606
505,2001-05-20,2001-05-20 23:00:00,156.9829145109768,16.822533164177443
506,2001-05-21,2001-05-21 23:00:00,145.2265811517548,31.559267270973184
507,2001-05-22,2001-05-22 23:00:00,156.95963176141035,36.80606861865645
508,2001-05-23,2001-05-23 23:00:00,166.8548003271622,38.204011968072614
509,2001-05-24,2001-05-24 23:00:00,156.9292186697891,33.55006790590691
510,2001-05-25,2001-05-25 23:00:00,145.98763602820898,26.95719889338732
511,2001-05-26,2001-05-26 23:00:00,149.96694896348913,6.9163616334292985
512,2001-05-27,2001-05-27 23:00:00,139.48971165857537,5.325370458176246
513,2001-05-28,2001-05-28 23:00:00,140.22515551050643,14.632981200466327
514,2001-05-29,2001-05-29 23:00:00,145.31782042661845,27.30965006307655
515,2001-05-30,2001-05-30 23:00:00,167.14365193897126,33.47297576428195
516,2001-05-31,2001-05-31 23:00:00,167.61148968807262,35.89650288122528
517,2001-06-01,2001-06-01 23:00:00,171.67469751226372,35.500847598402956
518,2001-06-02,2001-06-02 23:00:00,167.7473051746916,11.632644472939102
519,2001-06-03,2001-06-03 23:00:00,166.11816464947648,13.583095895245053
520,2001-06-04,2001-06-04 23:00:00,158.33610946206508,19.965403516617844
521,2001-06-05,2001-06-05 23:00:00,149.68130042185987,22.417205556713544
522,2001-06-06,2001-06-06 23:00:00,138.77187726193736,24.348633339249268
523,2001-06-07,2001-06-07 23:00:00,134.81539312927214,16.998074726863347
524,2001-06-08,2001-06-08 23:00:00,153.31777480850073,17.18140828218329
525,2001-06-09,2001-06-09 23:00:00,165.39086977214833,20.163258534735377
526,2001-06-10,2001-06-10 23:00:00,168.2127738961816,6.753307930881763
527,2001-06-11,2001-06-11 23:00:00,165.56076585549218,25.185214592315955
528,2001-06-12,2001-06-12 23:00:00,157.24414893324456,19.734329905363193
529,2001-06-13,2001-06-13 23:00:00,154.94691533371582,12.389689709218706
530,2001-06-14,2001-06-14 23:00:00,150.32131991390867,19.292905574975435
531,2001-06-15,2001-06-15 23:00:00,150.11767734825676,11.412737540741865
532,2001-06-16,2001-06-16 23:00:00,151.0944343685085,3.2702017343751737
533,2001-06-17,2001-06-17 23:00:00,147.74887793279893,0.8397428037697229
534,2001-06-18,2001-06-18 23:00:00,144.73569525602835,4.504533570551759
535,2001-06-19,2001-06-19 23:00:00,147.74887793279893,10.062279758347566
536,2001-06-20,2001-06-20 23:00:00,142.05197715868738,20.566679821356168
537,2001-06-21,2001-06-21 23:00:00,139.91867582450843,26.94539866321051
538,2001-06-22,2001-06-22 23:00:00,128.46101778605592,8.721847013997328
539,2001-06-23,2001-06-23 23:00:00,129.68069129533527,6.676788803047638
540,2001-06-24,2001-06-24 23:00:00,134.26264902250273,8.78432521558644
541,2001-06-25,2001-06-25 23:00:00,139.35371316379988,5.204098513258094
542,2001-06-26,2001-06-26 23:00:00,144.34513790690312,2.9893506699293533
543,2001-06-27,2001-06-27 23:00:00,142.48108113631102,2.6453945271956134
544,2001-06-28,2001-06-28 23:00:00,156.88151970740876,12.185391042965342
545,2001-06-29,2001-06-29 23:00:00,163.35444411562943,40.97891983700768
546,2001-06-30,2001-06-30 23:00:00,141.68105677125004,13.010246283145237
547,2001-07-01,2001-07-01 23:00:00,135.4566573275114,5.869797515034729
548,2001-07-02,2001-07-02 23:00:00,133.42246937196265,8.999167639878554
549,2001-07-03,2001-07-03 23:00:00,140.54212721638336,16.783780295805418
550,2001-07-04,2001-07-04 23:00:00,147.07187055369494,27.53210163727133
551,2001-07-05,2001-07-05 23:00:00,162.35806654394563,49.2191087505404
552,2001-07-06,2001-07-06 23:00:00,143.6246484647382,8.033745892838002
553,2001-07-07,2001-07-07 23:00:00,142.14041775288598,10.311121481267309
554,2001-07-08,2001-07-08 23:00:00,137.53443502496484,7.415026667791902
555,2001-07-09,2001-07-09 23:00:00,145.40964839573223,8.369217832904372
556,2001-07-10,2001-07-10 23:00:00,139.49597341067258,5.2750592018963305
557,2001-07-11,2001-07-11 23:00:00,141.8665288745853,17.820651413617547
558,2001-07-12,2001-07-12 23:00:00,143.4481100100245,17.961207088651737
559,2001-07-13,2001-07-13 23:00:00,135.70366586497093,6.42253426088521
560,2001-07-14,2001-07-14 23:00:00,127.90836702102864,0.8920172046499504
561,2001-07-15,2001-07-15 23:00:00,134.27973429608676,3.2678742361553788
562,2001-07-16,2001-07-16 23:00:00,139.3797340989269,16.973899975419293
563,2001-07-17,2001-07-17 23:00:00,128.36823879812232,5.073194264599031
564,2001-07-18,2001-07-18 23:00:00,132.94298221101187,16.397463374855075
565,2001-07-19,2001-07-19 23:00:00,140.49853747447875,31.9278486016957
566,2001-07-20,2001-07-20 23:00:00,130.22588829895741,21.37823922015786
567,2001-07-21,2001-07-21 23:00:00,134.29426421005496,21.93198947623312
568,2001-07-22,2001-07-22 23:00:00,120.05494852121353,13.46508380420498
569,2001-07-23,2001-07-23 23:00:00,131.0941959576974,29.4065257996442
570,2001-07-24,2001-07-24 23:00:00,199.75152663682104,54.151753503509006
571,2001-07-25,2001-07-25 23:00:00,141.01362292465163,45.622027082673505
572,2001-07-26,2001-07-26 23:00:00,129.630161826261,22.38900388649429
573,2001-07-27,2001-07-27 23:00:00,128.2640593149703,22.0164130257891
574,2001-07-28,2001-07-28 23:00:00,149.31543456952556,33.70130323510145
575,2001-07-29,2001-07-29 23:00:00,128.19170034340863,3.9203851232280016
576,2001-07-30,2001-07-30 23:00:00,133.20452066243956,18.524215753320995
577,2001-07-31,2001-07-31 23:00:00,133.74212747926313,20.840313904491218
578,2001-08-01,2001-08-01 23:00:00,134.64230864056398,29.689463064679963
579,2001-08-02,2001-08-02 23:00:00,130.9467884919501,24.329283133228863
580,2001-08-03,2001-08-03 23:00:00,136.94657414499383,35.69299714552103
581,2001-08-04,2001-08-04 23:00:00,121.79494153567687,21.21262258470336
582,2001-08-05,2001-08-05 23:00:00,147.3809839763742,25.499335091623863
583,2001-08-06,2001-08-06 23:00:00,141.1493225492998,18.924440829109177
584,2001-08-07,2001-08-07 23:00:00,132.88874809945696,3.450856686444999
585,2001-08-08,2001-08-08 23:00:00,130.28014564161188,23.360387400908525
586,2001-08-09,2001-08-09 23:00:00,131.72936922930361,29.99542752089092
587,2001-08-10,2001-08-10 23:00:00,125.03395625416785,8.5725464629131
588,2001-08-11,2001-08-11 23:00:00,135.2799670191483,12.084256838576945
589,2001-08-12,2001-08-12 23:00:00,123.58473266647611,10.156814009886391
590,2001-08-13,2001-08-13 23:00:00,131.17866426598076,22.291904276672167
591,2001-08-14,2001-08-14 23:00:00,140.28848373821089,34.815982785817816
592,2001-08-15,2001-08-15 23:00:00,153.51119975231018,30.199256892111226
593,2001-08-16,2001-08-16 23:00:00,142.09088311422312,22.140700700122252
594,2001-08-17,2001-08-17 23:00:00,157.42410343907784,22.08912943756945
595,2001-08-18,2001-08-18 23:00:00,144.0187852529294,32.36805114633223
596,2001-08-19,2001-08-19 23:00:00,110.86054956654283,17.918288582304665
597,2001-08-20,2001-08-20 23:00:00,110.93040214346956,21.917730764916648
598,2001-08-21,2001-08-21 23:00:00,133.68582107268745,38.790967415368186
599,2001-08-22,2001-08-22 23:00:00,154.7988349099743,37.82987897086913
600,2001-08-23,2001-08-23 23:00:00,150.85912058683434,32.7046451113149
601,2001-08-24,2001-08-24 23:00:00,149.3352619843765,30.44061293308981
602,2001-08-25,2001-08-25 23:00:00,128.3671705058588,17.687059948189006
603,2001-08-26,2001-08-26 23:00:00,130.93229625607316,3.833600452229818
604,2001-08-27,2001-08-27 23:00:00,132.0771828903496,28.89661710222811
605,2001-08-28,2001-08-28 23:00:00,131.27228410974564,27.1210103886629
606,2001-08-29,2001-08-29 23:00:00,134.38869451271793,26.761143769179796
607,2001-08-30,2001-08-30 23:00:00,134.70027758407164,28.075134214332365
608,2001-08-31,2001-08-31 23:00:00,139.0479483471468,29.06802586917065
609,2001-09-01,2001-09-01 23:00:00,150.17755117567202,9.36515421725662
610,2001-09-02,2001-09-02 23:00:00,167.03586700033176,3.0684888202030107
611,2001-09-03,2001-09-03 23:00:00,181.7488651436294,17.938259802311322
612,2001-09-04,2001-09-04 23:00:00,180.2395768327344,20.551041710850004
613,2001-09-05,2001-09-05 23:00:00,200.2391991236556,31.39212303397909
614,2001-09-06,2001-09-06 23:00:00,204.10302340372357,35.177762992973214
615,2001-09-07,2001-09-07 23:00:00,155.97877434176212,28.932469258177168
616,2001-09-08,2001-09-08 23:00:00,147.89390974018792,38.07474223975859
617,2001-09-09,2001-09-09 23:00:00,129.77739642761668,15.851830519777888
618,2001-09-10,2001-09-10 23:00:00,164.02681998999483,44.28531483669482
619,2001-09-11,2001-09-11 23:00:00,176.96153488092637,48.59918242576249
620,2001-09-12,2001-09-12 23:00:00,148.19885730668656,30.92830101287448
621,2001-09-13,2001-09-13 23:00:00,147.62130509740882,26.180518761705773
622,2001-09-14,2001-09-14 23:00:00,140.40190248143733,19.38284493228903
623,2001-09-15,2001-09-15 23:00:00,131.0028178276517,14.236098160512384
624,2001-09-16,2001-09-16 23:00:00,130.16536712419898,8.898604153449535
625,2001-09-17,2001-09-17 23:00:00,143.37687391142686,38.1299513661595
626,2001-09-18,2001-09-18 23:00:00,159.99593873339327,36.28579196753202
627,2001-09-19,2001-09-19 23:00:00,152.3433719604635,33.19367644333176
628,2001-09-20,2001-09-20 23:00:00,168.16454840531273,22.718906665739087
629,2001-09-21,2001-09-21 23:00:00,173.16268522440214,19.419557794289833
630,2001-09-22,2001-09-22 23:00:00,154.8990404865174,28.96248697658637
631,2001-09-23,2001-09-23 23:00:00,139.27625322555502,12.729098704150111
632,2001-09-24,2001-09-24 23:00:00,162.13215996745924,34.45384385340784
633,2001-09-25,2001-09-25 23:00:00,162.81150575362219,29.267369164526936
634,2001-09-26,2001-09-26 23:00:00,149.65631030679887,20.667240451380696
635,2001-09-27,2001-09-27 23:00:00,159.37507010841972,16.475632158066713
636,2001-09-28,2001-09-28 23:00:00,145.1672857601878,11.481238216508807
637,2001-09-29,2001-09-29 23:00:00,142.2217694928714,10.265492968152225
638,2001-09-30,2001-09-30 23:00:00,142.0918202457839,8.309215654440154
639,2001-10-01,2001-10-01 23:00:00,141.14355338431014,11.853443760083659
640,2001-10-02,2001-10-02 23:00:00,158.74710681433598,26.384289372323305
641,2001-10-03,2001-10-03 23:00:00,157.92435866425805,32.40478428971843
642,2001-10-04,2001-10-04 23:00:00,172.89451273426047,41.501888988549446
643,2001-10-05,2001-10-05 23:00:00,170.3526259115114,28.217037719124136
644,2001-10-06,2001-10-06 23:00:00,158.03518250861083,15.68324756160417
645,2001-10-07,2001-10-07 23:00:00,160.5911925260888,16.906425470984168
646,2001-10-08,2001-10-08 23:00:00,166.45491239478216,30.57838148779507
647,2001-10-09,2001-10-09 23:00:00,160.02367068075566,24.61094028529567
648,2001-10-10,2001-10-10 23:00:00,159.01660042804164,24.022437545325552
649,2001-10-11,2001-10-11 23:00:00,161.04716995590954,21.635658789810382
650,2001-10-12,2001-10-12 23:00:00,167.1646749870284,22.677235748806215
651,2001-10-13,2001-10-13 23:00:00,170.61289621437365,17.343093764838272
652,2001-10-14,2001-10-14 23:00:00,151.85052024541343,22.21195994140277
653,2001-10-15,2001-10-15 23:00:00,156.3888215230634,24.537587800461758
654,2001-10-16,2001-10-16 23:00:00,170.63782797649728,23.07710320007481
655,2001-10-17,2001-10-17 23:00:00,176.83156943630615,24.79932936093683
656,2001-10-18,2001-10-18 23:00:00,154.5330625585244,23.278767316720796
657,2001-10-19,2001-10-19 23:00:00,156.9892014132762,23.719126586441128
658,2001-10-20,2001-10-20 23:00:00,164.39667293438404,30.125573833675208
659,2001-10-21,2001-10-21 23:00:00,158.12741561704487,28.223752246725528
660,2001-10-22,2001-10-22 23:00:00,190.23592237640898,32.83888493906674
661,2001-10-23,2001-10-23 23:00:00,186.92662726864242,17.596325103929367
662,2001-10-24,2001-10-24 23:00:00,179.54279048157073,29.514844505216292
663,2001-10-25,2001-10-25 23:00:00,129.4342720401464,31.214024832110983
664,2001-10-26,2001-10-26 23:00:00,148.05383080526585,35.69351984970923
665,2001-10-27,2001-10-27 23:00:00,155.5333594423378,35.70623430716685
666,2001-10-28,2001-10-28 23:00:00,129.82338046635246,36.0267565091052
667,2001-10-29,2001-10-29 23:00:00,182.10802380989216,52.26396553579995
668,2001-10-30,2001-10-30 23:00:00,153.76075438962133,39.175995418640035
669,2001-10-31,2001-10-31 23:00:00,167.94159481135316,35.399043717628686
670,2001-11-01,2001-11-01 23:00:00,169.3632759446652,38.930279800729735
671,2001-11-02,2001-11-02 23:00:00,169.9390423064336,26.219504968814707
672,2001-11-03,2001-11-03 23:00:00,134.91805335186973,40.40843993317231
673,2001-11-04,2001-11-04 23:00:00,114.4655367075416,42.48220290214927
674,2001-11-05,2001-11-05 23:00:00,128.67933693892803,38.97775615927404
675,2001-11-06,2001-11-06 23:00:00,141.02276014410978,27.95081221857849
676,2001-11-07,2001-11-07 23:00:00,159.72638646456633,40.20237792801993
677,2001-11-08,2001-11-08 23:00:00,154.54348161751747,54.16015965671688
678,2001-11-09,2001-11-09 23:00:00,119.38992245815643,21.94302629718702
679,2001-11-10,2001-11-10 23:00:00,161.8063424464547,33.759673486297785
680,2001-11-11,2001-11-11 23:00:00,131.8955678357664,37.95635276445935
681,2001-11-12,2001-11-12 23:00:00,150.5069275967496,23.324134708418267
682,2001-11-13,2001-11-13 23:00:00,137.29740784187769,31.872661901689636
683,2001-11-14,2001-11-14 23:00:00,139.9889716415546,30.660622418319104
684,2001-11-15,2001-11-15 23:00:00,128.54835009162574,22.32626459455685
685,2001-11-16,2001-11-16 23:00:00,130.08852510935625,28.157861103910705
686,2001-11-17,2001-11-17 23:00:00,133.32030169796235,32.13967852164759
687,2001-11-18,2001-11-18 23:00:00,119.69248768126572,22.516321865275074
688,2001-11-19,2001-11-19 23:00:00,137.25422536474505,24.33075092330722
689,2001-11-20,2001-11-20 23:00:00,144.54774575244645,18.78975391167752
690,2001-11-21,2001-11-21 23:00:00,126.67135175226069,25.465485818035017
691,2001-11-22,2001-11-22 23:00:00,124.37001360427234,33.27034771560736
692,2001-11-23,2001-11-23 23:00:00,129.45546999459188,22.44479955093461
693,2001-11-24,2001-11-24 23:00:00,126.38951411817504,27.017064851535036
694,2001-11-25,2001-11-25 23:00:00,107.7958591728163,22.26825298662688
695,2001-11-26,2001-11-26 23:00:00,146.3232652705498,38.57582741552491
696,2001-11-27,2001-11-27 23:00:00,137.17793632181073,29.304358509093774
697,2001-11-28,2001-11-28 23:00:00,108.34845093852353,11.817594206588582
698,2001-11-29,2001-11-29 23:00:00,117.1036981771645,12.385035088374494
699,2001-11-30,2001-11-30 23:00:00,107.31509426073967,12.88565733071479
700,2001-12-01,2001-12-01 23:00:00,104.93285805935882,6.951022166350616
701,2001-12-02,2001-12-02 23:00:00,113.88064597053688,8.723421732324487
702,2001-12-03,2001-12-03 23:00:00,116.54429630456639,9.241810575221994
703,2001-12-04,2001-12-04 23:00:00,120.05891463630496,25.949898024926675
704,2001-12-05,2001-12-05 23:00:00,110.28253752169333,6.941945357997421
705,2001-12-06,2001-12-06 23:00:00,113.84736468674248,27.735227596946043
706,2001-12-07,2001-12-07 23:00:00,118.22270587523339,26.09774138660455
707,2001-12-08,2001-12-08 23:00:00,114.16339342898003,7.438301855923474
708,2001-12-09,2001-12-09 23:00:00,118.84185251685722,10.469636146744058
709,2001-12-10,2001-12-10 23:00:00,136.77200070729293,29.1748759897541
710,2001-12-11,2001-12-11 23:00:00,137.27466285563628,25.966447656951786
711,2001-12-12,2001-12-12 23:00:00,151.2601181935762,22.72735764998381
712,2001-12-13,2001-12-13 23:00:00,149.69647167047617,15.856565452742416
713,2001-12-14,2001-12-14 23:00:00,151.89131495519453,16.698910740570373
714,2001-12-15,2001-12-15 23:00:00,137.63200629499795,22.641628819733015
715,2001-12-16,2001-12-16 23:00:00,145.49327505333574,19.758146846617933
716,2001-12-17,2001-12-17 23:00:00,144.18784538726138,17.351857560902143
717,2001-12-18,2001-12-18 23:00:00,134.51905862974377,9.814746494094337
718,2001-12-19,2001-12-19 23:00:00,127.70500268045465,5.415718555521376
719,2001-12-20,2001-12-20 23:00:00,116.35063366179712,6.63296272424066
720,2001-12-21,2001-12-21 23:00:00,108.28852957021714,10.321747821745134
721,2001-12-22,2001-12-22 23:00:00,107.14907596168655,10.958865151512075
722,2001-12-23,2001-12-23 23:00:00,118.04338861340999,10.038136112092428
723,2001-12-24,2001-12-24 23:00:00,108.8251902714022,5.45849692952227
724,2001-12-25,2001-12-25 23:00:00,109.42898735541394,1.7489602292285462
725,2001-12-26,2001-12-26 23:00:00,108.02055785414825,6.1731461658465605
726,2001-12-27,2001-12-27 23:00:00,106.27472499303565,6.870577750624442
727,2001-12-28,2001-12-28 23:00:00,104.33982001105646,6.1517034960105645
728,2001-12-29,2001-12-29 23:00:00,101.64475329275552,4.639076405394787
729,2001-12-30,2001-12-30 23:00:00,103.8747427607913,9.090632636112451
730,2001-12-31,2001-12-31 23:00:00,101.95776950499443,4.986945913764444
731,2002-01-01,2002-01-01 23:00:00,108.62849269963174,2.944482534390037
732,2002-01-02,2002-01-02 23:00:00,101.0893397928391,5.526855033213759
733,2002-01-03,2002-01-03 23:00:00,101.88972102828605,7.767329819361707
734,2002-01-04,2002-01-04 23:00:00,102.68825216486016,6.775530746541137
735,2002-01-05,2002-01-05 23:00:00,106.82108841617223,5.091626885845305
736,2002-01-06,2002-01-06 23:00:00,111.6598085451189,1.1456160493151877
737,2002-01-07,2002-01-07 23:00:00,117.84653917587093,1.5925808021873544
738,2002-01-08,2002-01-08 23:00:00,121.23278937434611,8.271284480239068
739,2002-01-09,2002-01-09 23:00:00,121.07439244777208,8.449390811035148
740,2002-01-10,2002-01-10 23:00:00,118.91788873853886,1.611873895437127
741,2002-01-11,2002-01-11 23:00:00,119.95963671924149,1.5176230052981807
742,2002-01-12,2002-01-12 23:00:00,121.96343611381705,1.9662185967988959
743,2002-01-13,2002-01-13 23:00:00,127.99760474520933,5.309409749847683
744,2002-01-14,2002-01-14 23:00:00,131.6693394312924,2.5290513599539173
745,2002-01-15,2002-01-15 23:00:00,134.7138905994852,6.61473194590623
746,2002-01-16,2002-01-16 23:00:00,139.69592223342747,3.6864881848350866
747,2002-01-17,2002-01-17 23:00:00,135.6484751608615,6.705283089821361
748,2002-01-18,2002-01-18 23:00:00,129.94732432657904,4.268865915712991
749,2002-01-19,2002-01-19 23:00:00,130.58774316717492,1.6838973135846151
750,2002-01-20,2002-01-20 23:00:00,135.35530564716646,5.82928394001583
751,2002-01-21,2002-01-21 23:00:00,137.44734052644637,8.653706347144064
752,2002-01-22,2002-01-22 23:00:00,141.54602110625999,17.360133150604113
753,2002-01-23,2002-01-23 23:00:00,146.17126828834134,19.784257906359883
754,2002-01-24,2002-01-24 23:00:00,158.83732980234876,21.805262749742887
755,2002-01-25,2002-01-25 23:00:00,172.07265250799696,17.913505308293896
756,2002-01-26,2002-01-26 23:00:00,136.69306944752233,21.59342428092821
757,2002-01-27,2002-01-27 23:00:00,148.6149642687573,22.807162406542577
758,2002-01-28,2002-01-28 23:00:00,186.83644151320064,35.90734400836333
759,2002-01-29,2002-01-29 23:00:00,146.93777848288565,28.920359601501502
760,2002-01-30,2002-01-30 23:00:00,153.66473798450477,31.50114549583276
761,2002-01-31,2002-01-31 23:00:00,150.49765334481128,27.357335274185463
762,2002-02-01,2002-02-01 23:00:00,163.04151003208983,26.83358000322238
763,2002-02-02,2002-02-02 23:00:00,169.32370413959322,20.842798388601647
764,2002-02-03,2002-02-03 23:00:00,183.3066069774558,17.080691495453905
765,2002-02-04,2002-02-04 23:00:00,186.8269630929113,22.09519914404198
766,2002-02-05,2002-02-05 23:00:00,172.48862346903834,14.972777271917868
767,2002-02-06,2002-02-06 23:00:00,171.51268315980317,2.6849310136314886
768,2002-02-07,2002-02-07 23:00:00,179.05260909728145,9.432017837199906
769,2002-02-08,2002-02-08 23:00:00,181.12254701122387,12.217342832051528
770,2002-02-09,2002-02-09 23:00:00,182.68258984424665,12.615776034627263
771,2002-02-10,2002-02-10 23:00:00,187.1097384244466,17.962607948071494
772,2002-02-11,2002-02-11 23:00:00,188.73162079319286,17.194801483128188
773,2002-02-12,2002-02-12 23:00:00,191.22768932602938,26.259196878298543
774,2002-02-13,2002-02-13 23:00:00,190.7003667395878,24.809256229237707
775,2002-02-14,2002-02-14 23:00:00,179.68899413763526,20.59151483520914
776,2002-02-15,2002-02-15 23:00:00,176.04186697394675,17.113563235492176
777,2002-02-16,2002-02-16 23:00:00,174.06721816277823,5.316369411468376
778,2002-02-17,2002-02-17 23:00:00,175.16346447787532,9.238162016219066
779,2002-02-18,2002-02-18 23:00:00,185.3459062123352,51.42049933910729
780,2002-02-19,2002-02-19 23:00:00,183.87721723890377,19.625454060173166
781,2002-02-20,2002-02-20 23:00:00,175.2337366775611,26.91671097693909
782,2002-02-21,2002-02-21 23:00:00,194.5023738313836,49.618439349639196
783,2002-02-22,2002-02-22 23:00:00,193.72755255764892,54.67647649695345
784,2002-02-23,2002-02-23 23:00:00,253.54788689530724,73.14943231801237
785,2002-02-24,2002-02-24 23:00:00,198.17114483257532,67.12328482822527
786,2002-02-25,2002-02-25 23:00:00,215.24672717860616,57.550644004044486
787,2002-02-26,2002-02-26 23:00:00,198.19742663525778,59.4090332663096
788,2002-02-27,2002-02-27 23:00:00,201.3418264823947,59.27450089372394
789,2002-02-28,2002-02-28 23:00:00,298.6592660279502,81.9136151784105
790,2002-03-01,2002-03-01 23:00:00,171.04975744544222,27.179891688475987
791,2002-03-02,2002-03-02 23:00:00,180.88856879505803,19.99008571316048
792,2002-03-03,2002-03-03 23:00:00,187.05293257105347,49.110165444126814
793,2002-03-04,2002-03-04 23:00:00,171.88707933840547,27.879731083049275
794,2002-03-05,2002-03-05 23:00:00,225.3112862897348,62.7807453022762
795,2002-03-06,2002-03-06 23:00:00,176.83313976013937,21.603473977252442
796,2002-03-07,2002-03-07 23:00:00,173.54497668647272,26.127484437301234
797,2002-03-08,2002-03-08 23:00:00,155.05481598511182,37.502124993917676
798,2002-03-09,2002-03-09 23:00:00,168.66059897752044,31.044649405769988
799,2002-03-10,2002-03-10 23:00:00,143.8921987227211,28.562440607196688
800,2002-03-11,2002-03-11 23:00:00,166.9866529598381,35.15997894881807
801,2002-03-12,2002-03-12 23:00:00,172.28899384702785,23.33135014103353
802,2002-03-13,2002-03-13 23:00:00,162.79934572677772,21.41273279317593
803,2002-03-14,2002-03-14 23:00:00,169.3169197879548,30.079995685648562
804,2002-03-15,2002-03-15 23:00:00,235.6843090070612,24.833761226179913
805,2002-03-16,2002-03-16 23:00:00,215.39823239894292,34.22325288400536
806,2002-03-17,2002-03-17 23:00:00,198.27569745608866,29.907209728008304
807,2002-03-18,2002-03-18 23:00:00,220.20404140360552,45.29848901354616
808,2002-03-19,2002-03-19 23:00:00,196.65268852022822,25.56181649767603
809,2002-03-20,2002-03-20 23:00:00,205.26817258422477,30.93895773980701
810,2002-03-21,2002-03-21 23:00:00,209.04728539446555,25.562306959382077
811,2002-03-22,2002-03-22 23:00:00,201.86041203351314,36.98088224098501
812,2002-03-23,2002-03-23 23:00:00,198.5390351914256,47.61717534215728
813,2002-03-24,2002-03-24 23:00:00,147.60195336949477,40.820964223294276
814,2002-03-25,2002-03-25 23:00:00,148.95687974595816,40.16312072622788
815,2002-03-26,2002-03-26 23:00:00,140.03814560306012,44.102095082687875
816,2002-03-27,2002-03-27 23:00:00,120.68289183261936,29.06493841688383
817,2002-03-28,2002-03-28 23:00:00,122.99864508125806,30.053039472417932
818,2002-03-29,2002-03-29 23:00:00,123.86387770398672,35.78564831836001
819,2002-03-30,2002-03-30 23:00:00,200.6742060184819,23.008533041570438
820,2002-03-31,2002-03-31 23:00:00,178.06665446212307,44.38681606485132
821,2002-04-01,2002-04-01 23:00:00,193.82021049251034,24.889907805395083
822,2002-04-02,2002-04-02 23:00:00,209.5428038775037,52.05251483430738
823,2002-04-03,2002-04-03 23:00:00,201.88201519211557,45.1653335350089
824,2002-04-04,2002-04-04 23:00:00,203.80412643267323,54.1209083261721
825,2002-04-05,2002-04-05 23:00:00,195.59021221043398,44.41863034928499
826,2002-04-06,2002-04-06 23:00:00,182.38434001811325,25.052602899850502
827,2002-04-07,2002-04-07 23:00:00,168.55620159683505,23.131875941085084
828,2002-04-08,2002-04-08 23:00:00,145.60245978720266,35.1746293187117
829,2002-04-09,2002-04-09 23:00:00,121.29051822183231,47.9774578163506
830,2002-04-10,2002-04-10 23:00:00,122.28987778553808,62.10947065507874
831,2002-04-11,2002-04-11 23:00:00,156.65045097888287,40.11210125273562
832,2002-04-12,2002-04-12 23:00:00,155.87579866452288,34.17390180480086
833,2002-04-13,2002-04-13 23:00:00,142.33805115009147,34.67162984411709
834,2002-04-14,2002-04-14 23:00:00,119.3280288170845,31.525426244529477
835,2002-04-15,2002-04-15 23:00:00,159.5258740822035,38.56119481473151
836,2002-04-16,2002-04-16 23:00:00,172.12330818398797,54.56148024902675
837,2002-04-17,2002-04-17 23:00:00,192.20245657860505,59.062015059001055
838,2002-04-18,2002-04-18 23:00:00,177.52347280026552,48.74042962141674
839,2002-04-19,2002-04-19 23:00:00,171.28725893503747,49.487825539865
840,2002-04-20,2002-04-20 23:00:00,171.1542322434248,45.08780699423183
841,2002-04-21,2002-04-21 23:00:00,128.5928815593409,40.17687029636457
842,2002-04-22,2002-04-22 23:00:00,172.98120589164407,52.94407584567097
843,2002-04-23,2002-04-23 23:00:00,165.1882202029485,40.54518188798717
844,2002-04-24,2002-04-24 23:00:00,176.5765218811764,37.691507848921
845,2002-04-25,2002-04-25 23:00:00,153.53801358302158,28.483874604310163
846,2002-04-26,2002-04-26 23:00:00,149.47337057547105,33.93927767852051
847,2002-04-27,2002-04-27 23:00:00,121.54053096448904,9.603340976093193
848,2002-04-28,2002-04-28 23:00:00,114.48665927441078,9.034984530293514
849,2002-04-29,2002-04-29 23:00:00,138.2566760950512,32.56922741621228
850,2002-04-30,2002-04-30 23:00:00,139.9181269263678,27.48727497904857
851,2002-05-01,2002-05-01 23:00:00,133.3887233896425,8.370200549343071
852,2002-05-02,2002-05-02 23:00:00,133.23752098911064,23.879612417825378
853,2002-05-03,2002-05-03 23:00:00,122.25431607120356,15.339228583759411
854,2002-05-04,2002-05-04 23:00:00,122.7495726613093,17.746871981480886
855,2002-05-05,2002-05-05 23:00:00,118.98325832078824,4.183384347813577
856,2002-05-06,2002-05-06 23:00:00,126.69458074791346,29.041789648746104
857,2002-05-07,2002-05-07 23:00:00,149.08628169940548,29.638972852023944
858,2002-05-08,2002-05-08 23:00:00,158.4957445412313,31.488257396132763
859,2002-05-09,2002-05-09 23:00:00,156.5776733621207,23.757290903364353
860,2002-05-10,2002-05-10 23:00:00,138.63957038993098,17.270233071372655
861,2002-05-11,2002-05-11 23:00:00,118.35191957020383,28.8790950998261
862,2002-05-12,2002-05-12 23:00:00,125.44372452533166,25.458336761274158
863,2002-05-13,2002-05-13 23:00:00,140.4539991963134,29.186009332398292
864,2002-05-14,2002-05-14 23:00:00,146.32340147150498,22.16010076400531
865,2002-05-15,2002-05-15 23:00:00,136.97634398408044,17.28569043083694
866,2002-05-16,2002-05-16 23:00:00,142.8869832775989,25.264258633731608
867,2002-05-17,2002-05-17 23:00:00,134.62583393944868,15.504607075491785
868,2002-05-18,2002-05-18 23:00:00,140.42650785076214,16.812750378523813
869,2002-05-19,2002-05-19 23:00:00,132.83889647861756,7.057302026013655
870,2002-05-20,2002-05-20 23:00:00,140.86636937958212,26.656116732523163
871,2002-05-21,2002-05-21 23:00:00,133.64026920143644,15.292293123988442
872,2002-05-22,2002-05-22 23:00:00,127.47121125973625,8.93722196389772
873,2002-05-23,2002-05-23 23:00:00,112.70148586232794,6.289678013334152
874,2002-05-24,2002-05-24 23:00:00,105.84239514729143,7.670233210307374
875,2002-05-25,2002-05-25 23:00:00,108.59235444278282,11.15474558448122
876,2002-05-26,2002-05-26 23:00:00,105.96610620227204,13.23284288422353
877,2002-05-27,2002-05-27 23:00:00,108.99015421290939,15.005433953451451
878,2002-05-28,2002-05-28 23:00:00,120.06916647006256,23.91392730146249
879,2002-05-29,2002-05-29 23:00:00,138.61166667419647,11.49433513061042
880,2002-05-30,2002-05-30 23:00:00,128.6508648973403,14.806093866518117
881,2002-05-31,2002-05-31 23:00:00,121.60194644127243,5.41532549372998
882,2002-06-01,2002-06-01 23:00:00,108.73894578094666,9.420818438937056
883,2002-06-02,2002-06-02 23:00:00,112.69320204320417,3.96610392260819
884,2002-06-03,2002-06-03 23:00:00,107.4386988358272,7.000844191159206
885,2002-06-04,2002-06-04 23:00:00,109.88398430124869,10.873155451940297
886,2002-06-05,2002-06-05 23:00:00,125.5842608614169,29.398316395755867
887,2002-06-06,2002-06-06 23:00:00,123.33565485495713,20.63081816212976
888,2002-06-07,2002-06-07 23:00:00,105.00121485207643,9.277548021416788
889,2002-06-08,2002-06-08 23:00:00,104.3791493399114,7.033689100107966
890,2002-06-09,2002-06-09 23:00:00,104.71119134926505,1.7425285314976595
891,2002-06-10,2002-06-10 23:00:00,108.66339459003024,9.637915582017484
892,2002-06-11,2002-06-11 23:00:00,119.85345666782776,28.703357532007722
893,2002-06-12,2002-06-12 23:00:00,127.08187160599554,40.44145589105151
894,2002-06-13,2002-06-13 23:00:00,115.71210171357257,8.070384747454494
895,2002-06-14,2002-06-14 23:00:00,112.94435500576144,4.638640542654699
896,2002-06-15,2002-06-15 23:00:00,113.96894959851556,4.099744922728119
897,2002-06-16,2002-06-16 23:00:00,116.16486138667308,2.783911947337046
898,2002-06-17,2002-06-17 23:00:00,121.37953597709956,3.615157819138112
899,2002-06-18,2002-06-18 23:00:00,119.32651448480567,5.86266959340716
900,2002-06-19,2002-06-19 23:00:00,119.49075620418917,5.703098434466584
901,2002-06-20,2002-06-20 23:00:00,122.87126139340027,24.42119638751358
902,2002-06-21,2002-06-21 23:00:00,122.29655224365747,25.833026211300357
903,2002-06-22,2002-06-22 23:00:00,113.64648835612594,6.141642379806013
904,2002-06-23,2002-06-23 23:00:00,109.97322230211375,6.1409699149552255
905,2002-06-24,2002-06-24 23:00:00,120.14772308172321,27.402026503163874
906,2002-06-25,2002-06-25 23:00:00,120.70888228961688,28.13266436921492
907,2002-06-26,2002-06-26 23:00:00,123.14513446047226,28.78242086720595
908,2002-06-27,2002-06-27 23:00:00,116.53987997926544,21.353491707239257
909,2002-06-28,2002-06-28 23:00:00,112.87044623203884,5.903265518098686
910,2002-06-29,2002-06-29 23:00:00,111.75264446353458,3.785768224930587
911,2002-06-30,2002-06-30 23:00:00,111.86720306280456,3.615805481001393
912,2002-07-01,2002-07-01 23:00:00,122.62558239969434,4.747802708788798
913,2002-07-02,2002-07-02 23:00:00,126.75817351202313,4.437355902259656
914,2002-07-03,2002-07-03 23:00:00,128.03079262939593,25.004095678866932
915,2002-07-04,2002-07-04 23:00:00,122.09190341498963,1.680580654250382
916,2002-07-05,2002-07-05 23:00:00,127.74342702224726,6.290449570940582
917,2002-07-06,2002-07-06 23:00:00,125.70449961914461,5.332349446732494
918,2002-07-07,2002-07-07 23:00:00,123.43294291501688,4.0727775163185775
919,2002-07-08,2002-07-08 23:00:00,125.34871362934147,9.25965170155365
920,2002-07-09,2002-07-09 23:00:00,127.4150091855059,25.291490563411443
921,2002-07-10,2002-07-10 23:00:00,123.76136075175822,8.103272921809069
922,2002-07-11,2002-07-11 23:00:00,130.890764624352,21.608660391785484
923,2002-07-12,2002-07-12 23:00:00,136.5422882316096,20.303881992190416
924,2002-07-13,2002-07-13 23:00:00,135.92650478771955,9.248289757986075
925,2002-07-14,2002-07-14 23:00:00,133.69600031318447,8.204685182026719
926,2002-07-15,2002-07-15 23:00:00,136.59702453773318,8.719226837878026
927,2002-07-16,2002-07-16 23:00:00,143.5382723580272,8.397011847663622
928,2002-07-17,2002-07-17 23:00:00,146.2853507216034,3.3260751858281896
929,2002-07-18,2002-07-18 23:00:00,146.92918652238174,4.849308075417408
930,2002-07-19,2002-07-19 23:00:00,146.9777649940664,4.919865324917431
931,2002-07-20,2002-07-20 23:00:00,144.62136701544713,0.5968955909901948
932,2002-07-21,2002-07-21 23:00:00,144.54008360085365,0.2560376654365566
933,2002-07-22,2002-07-22 23:00:00,146.11594185415095,2.8015076049192844
934,2002-07-23,2002-07-23 23:00:00,149.40162546998297,18.464205871945488
935,2002-07-24,2002-07-24 23:00:00,144.3025280322774,2.4020790648632526
936,2002-07-25,2002-07-25 23:00:00,146.50019072313833,7.386808494443024
937,2002-07-26,2002-07-26 23:00:00,147.69809478265245,8.941753392243859
938,2002-07-27,2002-07-27 23:00:00,146.97393345263777,4.754182895280556
939,2002-07-28,2002-07-28 23:00:00,148.7192005733875,5.922077788660644
940,2002-07-29,2002-07-29 23:00:00,150.97762056404562,5.523467575581881
941,2002-07-30,2002-07-30 23:00:00,158.09306667857786,18.073501526063595
942,2002-07-31,2002-07-31 23:00:00,153.34537632618552,5.300655489654092
943,2002-08-01,2002-08-01 23:00:00,152.31424776659827,3.412718348496248
944,2002-08-02,2002-08-02 23:00:00,156.36779333768126,12.79267418780126
945,2002-08-03,2002-08-03 23:00:00,152.13774510774746,1.326021548937624
946,2002-08-04,2002-08-04 23:00:00,152.86453684628427,4.993160352849177
947,2002-08-05,2002-08-05 23:00:00,159.91808074669618,8.164318867145354
948,2002-08-06,2002-08-06 23:00:00,156.2338099095838,1.0639665700749903
949,2002-08-07,2002-08-07 23:00:00,153.56097723682345,3.79094107143635
950,2002-08-08,2002-08-08 23:00:00,155.235496652474,5.498971752385385
951,2002-08-09,2002-08-09 23:00:00,150.60759967176105,5.1791141186216505
952,2002-08-10,2002-08-10 23:00:00,144.28467560783156,4.894630319882885
953,2002-08-11,2002-08-11 23:00:00,142.36242356798445,2.3303063977045784
954,2002-08-12,2002-08-12 23:00:00,149.1447193853909,12.592035255747884
955,2002-08-13,2002-08-13 23:00:00,149.03425141610242,12.180165795136839
956,2002-08-14,2002-08-14 23:00:00,145.47384689108833,5.904369517336341
957,2002-08-15,2002-08-15 23:00:00,149.27323410213748,12.447217447985317
958,2002-08-16,2002-08-16 23:00:00,144.4747133272759,4.539148812375724
959,2002-08-17,2002-08-17 23:00:00,149.1094461971775,15.92563106246789
960,2002-08-18,2002-08-18 23:00:00,141.47375797346055,2.3863814036401916
961,2002-08-19,2002-08-19 23:00:00,143.66807840301573,4.79346958482221
962,2002-08-20,2002-08-20 23:00:00,153.1057070168596,12.549505521739187
963,2002-08-21,2002-08-21 23:00:00,148.92487718908407,7.947102659363284
964,2002-08-22,2002-08-22 23:00:00,150.9530855113552,7.565347386914445
965,2002-08-23,2002-08-23 23:00:00,146.13815860244088,2.309362822381459
966,2002-08-24,2002-08-24 23:00:00,146.29852856280652,2.834243414978424
967,2002-08-25,2002-08-25 23:00:00,144.4405338813327,5.014766562728372
968,2002-08-26,2002-08-26 23:00:00,146.01552275039657,3.2215491142690555
969,2002-08-27,2002-08-27 23:00:00,145.82548503095222,9.666079098507737
970,2002-08-28,2002-08-28 23:00:00,145.24306727207963,7.589443324912896
971,2002-08-29,2002-08-29 23:00:00,148.08460969001578,4.524182857630918
972,2002-08-30,2002-08-30 23:00:00,147.96375116916053,3.4001751305381784
973,2002-08-31,2002-08-31 23:00:00,148.07722692969205,3.6027146523704063
974,2002-09-01,2002-09-01 23:00:00,148.90611292200234,1.88269842254418
975,2002-09-02,2002-09-02 23:00:00,148.3612038148115,2.3555898225650536
976,2002-09-03,2002-09-03 23:00:00,156.54846315035374,9.564192974182184
977,2002-09-04,2002-09-04 23:00:00,147.9388992567386,5.515690866209428
978,2002-09-05,2002-09-05 23:00:00,145.07948871675472,0.277579582050319
979,2002-09-06,2002-09-06 23:00:00,144.7784264350318,0.8545479633322873
980,2002-09-07,2002-09-07 23:00:00,146.59024921644132,1.5130429470498186
981,2002-09-08,2002-09-08 23:00:00,148.06559062416048,3.631380496572155
982,2002-09-09,2002-09-09 23:00:00,152.99293122593357,2.259073816749419
983,2002-09-10,2002-09-10 23:00:00,155.55386780245365,4.0020124576850495
984,2002-09-11,2002-09-11 23:00:00,163.3598269902391,16.74684306161922
985,2002-09-12,2002-09-12 23:00:00,158.6599859407182,6.479322159677022
986,2002-09-13,2002-09-13 23:00:00,163.75556722933644,17.3127129925411
987,2002-09-14,2002-09-14 23:00:00,163.5517712232471,13.704223773899265
988,2002-09-15,2002-09-15 23:00:00,162.39261332497537,3.735708627513245
989,2002-09-16,2002-09-16 23:00:00,163.08737243664368,12.5757109530233
990,2002-09-17,2002-09-17 23:00:00,163.7276406375929,19.628965576132238
991,2002-09-18,2002-09-18 23:00:00,156.82091770394914,5.522281465634061
992,2002-09-19,2002-09-19 23:00:00,155.54310584758665,8.819055516277935
993,2002-09-20,2002-09-20 23:00:00,152.63056666965164,0.7858176913750802
994,2002-09-21,2002-09-21 23:00:00,156.49942133070655,7.872808518536932
995,2002-09-22,2002-09-22 23:00:00,156.60295406107278,0.39833377533018943
996,2002-09-23,2002-09-23 23:00:00,177.40485922808276,20.172881785136457
997,2002-09-24,2002-09-24 23:00:00,164.49732475149997,5.440961604956764
998,2002-09-25,2002-09-25 23:00:00,175.26200416405482,4.8657101426541285
999,2002-09-26,2002-09-26 23:00:00,179.37375205964005,7.53414846229721
1000,2002-09-27,2002-09-27 23:00:00,175.358861757858,7.699392895527969
1001,2002-09-28,2002-09-28 23:00:00,178.05875015671174,9.018821893480398
1002,2002-09-29,2002-09-29 23:00:00,173.2771727411122,6.759165882368644
1003,2002-09-30,2002-09-30 23:00:00,177.1460274021671,7.2771254590179915
1004,2002-10-01,2002-10-01 23:00:00,166.27721743829142,5.515052477886009
1005,2002-10-02,2002-10-02 23:00:00,168.05185727231358,4.103957938748524
1006,2002-10-03,2002-10-03 23:00:00,174.20213578106222,5.736611169432647
1007,2002-10-04,2002-10-04 23:00:00,174.43920598789725,4.75176584572197
1008,2002-10-05,2002-10-05 23:00:00,177.22986099406953,4.3988750755787835
1009,2002-10-06,2002-10-06 23:00:00,177.0402048286015,1.3673616590233244
1010,2002-10-07,2002-10-07 23:00:00,180.97475744992525,1.6306053239175065
1011,2002-10-08,2002-10-08 23:00:00,185.74271344979124,4.125827436576583
1012,2002-10-09,2002-10-09 23:00:00,188.9716096668842,7.694559100732712
1013,2002-10-10,2002-10-10 23:00:00,192.26092491954782,8.163047924704053
1014,2002-10-11,2002-10-11 23:00:00,196.29707905808652,7.934378715528652
1015,2002-10-12,2002-10-12 23:00:00,200.8556004638,3.4510233232020346
1016,2002-10-13,2002-10-13 23:00:00,203.75679792070218,5.421141871335073
1017,2002-10-14,2002-10-14 23:00:00,208.1719934527977,6.264155973057068
1018,2002-10-15,2002-10-15 23:00:00,210.82826351886695,6.663360777754638
1019,2002-10-16,2002-10-16 23:00:00,207.23333090242068,10.518185360745665
1020,2002-10-17,2002-10-17 23:00:00,191.81171074476788,7.638372482572079
1021,2002-10-18,2002-10-18 23:00:00,203.7844335333847,11.560642080509833
1022,2002-10-19,2002-10-19 23:00:00,214.59483496506178,1.3303880594490902
1023,2002-10-20,2002-10-20 23:00:00,211.16476774388306,8.091450821128952
1024,2002-10-21,2002-10-21 23:00:00,212.6413764607412,7.214823821606826
1025,2002-10-22,2002-10-22 23:00:00,212.01686580159299,8.019730750480653
1026,2002-10-23,2002-10-23 23:00:00,211.77437684717316,4.245252425049166
1027,2002-10-24,2002-10-24 23:00:00,213.01527004409243,4.671607856987658
1028,2002-10-25,2002-10-25 23:00:00,211.93558458782093,4.030138417629045
1029,2002-10-26,2002-10-26 23:00:00,211.02374483798863,3.651085169268729
1030,2002-10-27,2002-10-27 23:00:00,212.32939206854633,0.9809940909505781
1031,2002-10-28,2002-10-28 23:00:00,202.28479513929116,13.159608338473106
1032,2002-10-29,2002-10-29 23:00:00,198.78970294709475,2.1384216467794728
1033,2002-10-30,2002-10-30 23:00:00,179.27814758112413,12.021193781285524
1034,2002-10-31,2002-10-31 23:00:00,170.67575032156364,9.344338717003211
1035,2002-11-01,2002-11-01 23:00:00,173.31429219210813,8.264132720442797
1036,2002-11-02,2002-11-02 23:00:00,169.00800506600376,6.706780139263875
1037,2002-11-03,2002-11-03 23:00:00,161.63303805471296,4.343251195076794
1038,2002-11-04,2002-11-04 23:00:00,162.97724055380903,5.963655546217266
1039,2002-11-05,2002-11-05 23:00:00,165.2982750089983,5.369038624967211
1040,2002-11-06,2002-11-06 23:00:00,163.80311856925368,7.32130155891043
1041,2002-11-07,2002-11-07 23:00:00,171.53389598205527,12.8478293302741
1042,2002-11-08,2002-11-08 23:00:00,159.76096723422177,6.904929677697052
1043,2002-11-09,2002-11-09 23:00:00,154.54909088447639,5.939656529567769
1044,2002-11-10,2002-11-10 23:00:00,153.76273242250517,4.204233728960287
1045,2002-11-11,2002-11-11 23:00:00,158.03057535713535,8.08919576086669
1046,2002-11-12,2002-11-12 23:00:00,154.0382939348199,6.220840785601791
1047,2002-11-13,2002-11-13 23:00:00,164.04588154059047,7.665275709603995
1048,2002-11-14,2002-11-14 23:00:00,168.46830776261666,11.97431513409704
1049,2002-11-15,2002-11-15 23:00:00,167.6671630731554,14.907884649046224
1050,2002-11-16,2002-11-16 23:00:00,174.67852330844076,9.908110602835041
1051,2002-11-17,2002-11-17 23:00:00,175.74716429522218,2.016303748644173
1052,2002-11-18,2002-11-18 23:00:00,175.94879467008658,6.2048451423354045
1053,2002-11-19,2002-11-19 23:00:00,174.0601901588565,8.441610423238927
1054,2002-11-20,2002-11-20 23:00:00,175.56233645159645,5.862902773239764
1055,2002-11-21,2002-11-21 23:00:00,179.58970155913826,11.620885510574603
1056,2002-11-22,2002-11-22 23:00:00,177.29971818167814,21.3625867636126
1057,2002-11-23,2002-11-23 23:00:00,171.78848793538407,5.851864041465736
1058,2002-11-24,2002-11-24 23:00:00,173.6905344716051,6.556057449548151
1059,2002-11-25,2002-11-25 23:00:00,174.10589304382583,17.951832326905528
1060,2002-11-26,2002-11-26 23:00:00,185.38590273524076,19.351056685207276
1061,2002-11-27,2002-11-27 23:00:00,181.6084248722809,16.499750569615575
1062,2002-11-28,2002-11-28 23:00:00,191.66252188452017,11.395634750678648
1063,2002-11-29,2002-11-29 23:00:00,181.33904669146202,6.909723861550127
1064,2002-11-30,2002-11-30 23:00:00,193.01922546685788,2.592586881875564
1065,2002-12-01,2002-12-01 23:00:00,202.79203089594367,6.857881414005766
1066,2002-12-02,2002-12-02 23:00:00,208.0484549656115,10.75782710261078
1067,2002-12-03,2002-12-03 23:00:00,205.6635586585625,3.1588573551848342
1068,2002-12-04,2002-12-04 23:00:00,209.50432758475446,5.657979793345144
1069,2002-12-05,2002-12-05 23:00:00,214.71651243118868,5.989489723076146
1070,2002-12-06,2002-12-06 23:00:00,219.61634154994314,6.227239439271208
1071,2002-12-07,2002-12-07 23:00:00,217.40706155330636,4.273389354035902
1072,2002-12-08,2002-12-08 23:00:00,217.94329456219882,4.096461338287527
1073,2002-12-09,2002-12-09 23:00:00,220.71830038321698,7.304981653287992
1074,2002-12-10,2002-12-10 23:00:00,219.76648679243294,6.269097676001081
1075,2002-12-11,2002-12-11 23:00:00,213.4255314622802,3.9706596930043334
1076,2002-12-12,2002-12-12 23:00:00,212.51393534716308,5.353206366005354
1077,2002-12-13,2002-12-13 23:00:00,218.1845994162004,5.662386347965602
1078,2002-12-14,2002-12-14 23:00:00,211.8838615617145,3.3839946245029737
1079,2002-12-15,2002-12-15 23:00:00,212.80752291953164,3.2613546014395953
1080,2002-12-16,2002-12-16 23:00:00,211.05001923288683,5.065128817638737
1081,2002-12-17,2002-12-17 23:00:00,201.34688293697857,5.026147634296752
1082,2002-12-18,2002-12-18 23:00:00,203.23442312827987,3.151146939497868
1083,2002-12-19,2002-12-19 23:00:00,197.51415750592005,3.9566336465325165
1084,2002-12-20,2002-12-20 23:00:00,206.548343123235,4.28649034161042
1085,2002-12-21,2002-12-21 23:00:00,202.56681303220884,3.164569913358433
1086,2002-12-22,2002-12-22 23:00:00,201.54126740270203,1.1145192232572945
1087,2002-12-23,2002-12-23 23:00:00,199.57061109502243,4.511767274232059
1088,2002-12-24,2002-12-24 23:00:00,201.00905614137636,0.1570485415757027
1089,2002-12-25,2002-12-25 23:00:00,197.9712961460008,2.354313300656978
1090,2002-12-26,2002-12-26 23:00:00,196.44705381822413,3.5686636598098858
1091,2002-12-27,2002-12-27 23:00:00,196.6950615848369,1.1615975436366057
1092,2002-12-28,2002-12-28 23:00:00,196.1561474109,0.36042477965217423
1093,2002-12-29,2002-12-29 23:00:00,195.62929847966325,0.7095912365280911
1094,2002-12-30,2002-12-30 23:00:00,190.03236644934864,4.282295671569305
1095,2002-12-31,2002-12-31 23:00:00,191.00026703039944,6.672415225718967
1096,2003-01-01,2003-01-01 23:00:00,191.4611090441748,6.614784744345111
1097,2003-01-02,2003-01-02 23:00:00,198.49595225389157,4.520935560737731
1098,2003-01-03,2003-01-03 23:00:00,201.83647584245736,7.434424102767573
1099,2003-01-04,2003-01-04 23:00:00,202.06173923399095,2.8295939514378183
1100,2003-01-05,2003-01-05 23:00:00,202.34000577647362,4.073469743330092
1101,2003-01-06,2003-01-06 23:00:00,203.43982115866706,2.4832414608965223
1102,2003-01-07,2003-01-07 23:00:00,209.29666933854045,7.191992454695325
1103,2003-01-08,2003-01-08 23:00:00,205.69245507400296,6.3920459569421375
1104,2003-01-09,2003-01-09 23:00:00,213.40308845832047,1.9614491695932759
1105,2003-01-10,2003-01-10 23:00:00,214.27631537020656,2.019919067730054
1106,2003-01-11,2003-01-11 23:00:00,211.2312843481819,1.152742376674493
1107,2003-01-12,2003-01-12 23:00:00,214.08020371169496,1.7088379445024418
1108,2003-01-13,2003-01-13 23:00:00,213.3530004806736,4.082881502509023
1109,2003-01-14,2003-01-14 23:00:00,210.4998408650846,0.2699520776604158
1110,2003-01-15,2003-01-15 23:00:00,214.77123229219356,4.742816186439843
1111,2003-01-16,2003-01-16 23:00:00,211.37174269819698,6.62951040457489
1112,2003-01-17,2003-01-17 23:00:00,220.7586007312791,5.305199072714363
1113,2003-01-18,2003-01-18 23:00:00,224.2409077486337,5.25430142945518
1114,2003-01-19,2003-01-19 23:00:00,232.9893428285342,2.4471533985685223
1115,2003-01-20,2003-01-20 23:00:00,232.77746273261528,3.649598108499058
1116,2003-01-21,2003-01-21 23:00:00,235.16949493494727,4.171703006140498
1117,2003-01-22,2003-01-22 23:00:00,235.53362658196747,2.448121900738741
1118,2003-01-23,2003-01-23 23:00:00,233.96963610533746,1.652899671861973
1119,2003-01-24,2003-01-24 23:00:00,233.23859014587222,2.1025571646152263
1120,2003-01-25,2003-01-25 23:00:00,233.09428906741337,3.3202488547614726
1121,2003-01-26,2003-01-26 23:00:00,231.44337342322692,0.7783072703388496
1122,2003-01-27,2003-01-27 23:00:00,232.8960572828638,2.2593311498698876
1123,2003-01-28,2003-01-28 23:00:00,236.97769742957516,5.132341632081337
1124,2003-01-29,2003-01-29 23:00:00,234.4731660393537,4.159565582769188
1125,2003-01-30,2003-01-30 23:00:00,238.06956233912618,5.157249047910527
1126,2003-01-31,2003-01-31 23:00:00,240.91344640329908,5.044867192285552
1127,2003-02-01,2003-02-01 23:00:00,242.1903320542276,6.6857047698974625
1128,2003-02-02,2003-02-02 23:00:00,241.27033853906588,5.46647167662396
1129,2003-02-03,2003-02-03 23:00:00,239.2875035127986,3.867374373795354
1130,2003-02-04,2003-02-04 23:00:00,242.45243846880362,4.561988311083717
1131,2003-02-05,2003-02-05 23:00:00,239.24753228457573,3.864549309884429
1132,2003-02-06,2003-02-06 23:00:00,240.77784058607764,2.2771791269871993
1133,2003-02-07,2003-02-07 23:00:00,239.15854715682715,2.050361349118333
1134,2003-02-08,2003-02-08 23:00:00,239.15081501759718,2.558079916059774
1135,2003-02-09,2003-02-09 23:00:00,233.69834632838015,3.9707903037982755
1136,2003-02-10,2003-02-10 23:00:00,229.54238701886334,4.083291344469524
1137,2003-02-11,2003-02-11 23:00:00,226.66052699060037,0.7258975516900529
1138,2003-02-12,2003-02-12 23:00:00,225.18748894068332,1.167359708289349
1139,2003-02-13,2003-02-13 23:00:00,226.43642600613785,3.8529480240215648
1140,2003-02-14,2003-02-14 23:00:00,195.5393218559204,41.00766498535252
1141,2003-02-15,2003-02-15 23:00:00,215.87353749872554,2.8981678256173407
1142,2003-02-16,2003-02-16 23:00:00,214.05058738534953,2.031645979292804
1143,2003-02-17,2003-02-17 23:00:00,219.0725462886255,6.329571440111875
1144,2003-02-18,2003-02-18 23:00:00,214.04010312876653,6.645974196743297
1145,2003-02-19,2003-02-19 23:00:00,212.69025509370022,9.224507482524146
1146,2003-02-20,2003-02-20 23:00:00,214.7871064103081,10.19374945671104
1147,2003-02-21,2003-02-21 23:00:00,226.01849732809646,9.97347887463381
1148,2003-02-22,2003-02-22 23:00:00,220.44729443307654,8.203388855411173
1149,2003-02-23,2003-02-23 23:00:00,220.973079900716,5.627028623561252
1150,2003-02-24,2003-02-24 23:00:00,229.8582252484274,6.646297221729039
1151,2003-02-25,2003-02-25 23:00:00,226.33158344030747,5.766952123879681
1152,2003-02-26,2003-02-26 23:00:00,217.4868024804408,3.5328016759105947
1153,2003-02-27,2003-02-27 23:00:00,222.93861590362133,6.216896737568323
1154,2003-02-28,2003-02-28 23:00:00,222.30956050863895,6.484313518102535
1155,2003-03-01,2003-03-01 23:00:00,219.63051129832058,4.8431559734726495
1156,2003-03-02,2003-03-02 23:00:00,220.95206737108774,2.8273760581050498
1157,2003-03-03,2003-03-03 23:00:00,212.50915271582366,3.7747621749793177
1158,2003-03-04,2003-03-04 23:00:00,214.51937049088653,4.689386545059908
1159,2003-03-05,2003-03-05 23:00:00,209.48734147976134,3.660210127098777
1160,2003-03-06,2003-03-06 23:00:00,220.66065063943827,13.542428826705311
1161,2003-03-07,2003-03-07 23:00:00,213.66470370781136,4.097408992473662
1162,2003-03-08,2003-03-08 23:00:00,223.10676144301644,12.185544670607506
1163,2003-03-09,2003-03-09 23:00:00,219.37385188045937,9.396278062456886
1164,2003-03-10,2003-03-10 23:00:00,232.1253765307647,9.510344885740029
1165,2003-03-11,2003-03-11 23:00:00,231.72424081603768,6.012675416072053
1166,2003-03-12,2003-03-12 23:00:00,242.30096921666367,3.6654257031460666
1167,2003-03-13,2003-03-13 23:00:00,246.51568258788902,9.745950747513646
1168,2003-03-14,2003-03-14 23:00:00,249.11586685706558,9.395909766141243
1169,2003-03-15,2003-03-15 23:00:00,267.5895088269547,7.603834095832775
1170,2003-03-16,2003-03-16 23:00:00,267.7063608408471,11.132200296982786
1171,2003-03-17,2003-03-17 23:00:00,251.2233532341476,39.003068018026795
1172,2003-03-18,2003-03-18 23:00:00,260.8594294075136,10.366202719250728
1173,2003-03-19,2003-03-19 23:00:00,260.32769438314205,8.756076116668511
1174,2003-03-20,2003-03-20 23:00:00,237.4935658304681,18.283745018399376
1175,2003-03-21,2003-03-21 23:00:00,254.3579960485521,10.589472234171597
1176,2003-03-22,2003-03-22 23:00:00,248.04591223485465,5.751929980496223
1177,2003-03-23,2003-03-23 23:00:00,243.5067108072933,1.893673103853162
1178,2003-03-24,2003-03-24 23:00:00,243.74923385499446,5.406757408054359
1179,2003-03-25,2003-03-25 23:00:00,243.55858739503685,6.6311794897646195
1180,2003-03-26,2003-03-26 23:00:00,248.53225524495053,8.242855048625918
1181,2003-03-27,2003-03-27 23:00:00,244.54553947685804,10.26605485633326
1182,2003-03-28,2003-03-28 23:00:00,244.4229810383139,8.891016341714783
1183,2003-03-29,2003-03-29 23:00:00,242.59887052178104,6.288364759993467
1184,2003-03-30,2003-03-30 23:00:00,243.7401554521393,9.18563579203515
1185,2003-03-31,2003-03-31 23:00:00,256.1645982167215,32.17373257800475
1186,2003-04-01,2003-04-01 23:00:00,251.08560644177024,43.62188047726303
1187,2003-04-02,2003-04-02 23:00:00,245.3927716623352,8.555485260287318
1188,2003-04-03,2003-04-03 23:00:00,258.483727315045,15.825006241927772
1189,2003-04-04,2003-04-04 23:00:00,253.4576209332015,10.184199678478707
1190,2003-04-05,2003-04-05 23:00:00,258.49693366599735,12.8414916807877
1191,2003-04-06,2003-04-06 23:00:00,251.16228020749327,6.542469176636035
1192,2003-04-07,2003-04-07 23:00:00,252.44470663686056,13.152339571509968
1193,2003-04-08,2003-04-08 23:00:00,254.1756361306077,12.7501539885942
1194,2003-04-09,2003-04-09 23:00:00,259.5427997312192,13.199883248322573
1195,2003-04-10,2003-04-10 23:00:00,266.1126387874861,11.54371762045382
1196,2003-04-11,2003-04-11 23:00:00,264.4022240136648,10.570253922631839
1197,2003-04-12,2003-04-12 23:00:00,272.818387863262,7.7913642159397165
1198,2003-04-13,2003-04-13 23:00:00,270.80538097053386,3.0772079888837993
1199,2003-04-14,2003-04-14 23:00:00,246.76469355737922,25.362913827184855
1200,2003-04-15,2003-04-15 23:00:00,235.53288439795338,23.499846589192835
1201,2003-04-16,2003-04-16 23:00:00,244.4503767157395,6.141336633866832
1202,2003-04-17,2003-04-17 23:00:00,235.62263629762916,8.629299362957342
1203,2003-04-18,2003-04-18 23:00:00,241.11801689777744,2.600730053472853
1204,2003-04-19,2003-04-19 23:00:00,245.09017954342826,5.393391657854107
1205,2003-04-20,2003-04-20 23:00:00,245.93128306038986,2.4515948652896724
1206,2003-04-21,2003-04-21 23:00:00,242.8566394114968,2.577322435348187
1207,2003-04-22,2003-04-22 23:00:00,244.75809751462793,4.387602772256936
1208,2003-04-23,2003-04-23 23:00:00,239.24668978953756,2.2401589487408446
1209,2003-04-24,2003-04-24 23:00:00,229.71503804397,16.89949893141315
1210,2003-04-25,2003-04-25 23:00:00,226.59744170023205,15.36834457363557
1211,2003-04-26,2003-04-26 23:00:00,234.39444565906592,4.312775699616165
1212,2003-04-27,2003-04-27 23:00:00,232.00691691069065,3.343785287908039
1213,2003-04-28,2003-04-28 23:00:00,231.3671140830019,4.899017662640994
1214,2003-04-29,2003-04-29 23:00:00,232.48183267697507,4.83454838230186
1215,2003-04-30,2003-04-30 23:00:00,229.93723810416725,4.038240799677481
1216,2003-05-01,2003-05-01 23:00:00,234.03493625921828,3.8249403577193855
1217,2003-05-02,2003-05-02 23:00:00,238.50830444857738,5.988137599385434
1218,2003-05-03,2003-05-03 23:00:00,242.92170449620798,0.6672696911326541
1219,2003-05-04,2003-05-04 23:00:00,243.04942387891046,0.800612033840523
1220,2003-05-05,2003-05-05 23:00:00,239.70639136523687,4.371188987490848
1221,2003-05-06,2003-05-06 23:00:00,239.9012240299588,4.160581356475906
1222,2003-05-07,2003-05-07 23:00:00,235.44482554879096,4.664051554955869
1223,2003-05-08,2003-05-08 23:00:00,239.60584903399854,4.421419727194836
1224,2003-05-09,2003-05-09 23:00:00,236.5612537192671,2.7247868485442517
1225,2003-05-10,2003-05-10 23:00:00,247.0939560590158,12.722558731488855
1226,2003-05-11,2003-05-11 23:00:00,242.33223042219663,6.755204431514634
1227,2003-05-12,2003-05-12 23:00:00,238.73541783639993,3.4360976244613335
1228,2003-05-13,2003-05-13 23:00:00,242.04132113891828,8.860751531125489
1229,2003-05-14,2003-05-14 23:00:00,229.75321093980838,9.525669498761921
1230,2003-05-15,2003-05-15 23:00:00,226.7294130869955,9.138660660818251
1231,2003-05-16,2003-05-16 23:00:00,224.43365399312395,3.8449823767987388
1232,2003-05-17,2003-05-17 23:00:00,221.15071721296965,2.5284118681826486
1233,2003-05-18,2003-05-18 23:00:00,216.74880042652111,4.365903788940161
1234,2003-05-19,2003-05-19 23:00:00,210.20589338857667,3.9083394142220684
1235,2003-05-20,2003-05-20 23:00:00,204.42470934237417,7.520988351109393
1236,2003-05-21,2003-05-21 23:00:00,196.79089249213595,0.9276326850898741
1237,2003-05-22,2003-05-22 23:00:00,192.99503671251725,9.887664073970576
1238,2003-05-23,2003-05-23 23:00:00,179.84032306953608,6.461525944076587
1239,2003-05-24,2003-05-24 23:00:00,186.33474522693413,20.513331853017853
1240,2003-05-25,2003-05-25 23:00:00,180.72070642682579,14.482651872212413
1241,2003-05-26,2003-05-26 23:00:00,165.9838545765414,14.92646732325003
1242,2003-05-27,2003-05-27 23:00:00,162.7302639082968,18.984612343326887
1243,2003-05-28,2003-05-28 23:00:00,184.98227224327164,23.169755834177042
1244,2003-05-29,2003-05-29 23:00:00,158.51845889030642,22.380299287427178
1245,2003-05-30,2003-05-30 23:00:00,159.97428122460724,17.632926994835323
1246,2003-05-31,2003-05-31 23:00:00,172.93760718122107,25.931913284925194
1247,2003-06-01,2003-06-01 23:00:00,168.1179730861614,9.818702176682653
1248,2003-06-02,2003-06-02 23:00:00,171.43701970438835,16.749665232698085
1249,2003-06-03,2003-06-03 23:00:00,168.5634912668388,17.729315147498916
1250,2003-06-04,2003-06-04 23:00:00,179.7333596935641,16.39455401108457
1251,2003-06-05,2003-06-05 23:00:00,175.11350211227054,15.582607579957312
1252,2003-06-06,2003-06-06 23:00:00,200.92547235094312,15.708906892146047
1253,2003-06-07,2003-06-07 23:00:00,210.57623867163375,7.297928978259286
1254,2003-06-08,2003-06-08 23:00:00,218.40995462448436,2.6049883411584056
1255,2003-06-09,2003-06-09 23:00:00,208.17452547642907,9.231376481312132
1256,2003-06-10,2003-06-10 23:00:00,205.11640698465047,14.311601122468753
1257,2003-06-11,2003-06-11 23:00:00,201.69012962952695,12.116008013373419
1258,2003-06-12,2003-06-12 23:00:00,198.0774750412261,9.927051375805618
1259,2003-06-13,2003-06-13 23:00:00,205.5866903593254,6.174971450795408
1260,2003-06-14,2003-06-14 23:00:00,226.87811910397295,15.2760809400845
1261,2003-06-15,2003-06-15 23:00:00,217.77346360761976,12.361973572199487
1262,2003-06-16,2003-06-16 23:00:00,201.12844481721154,7.001087641753543
1263,2003-06-17,2003-06-17 23:00:00,204.8445004732342,9.984915314673017
1264,2003-06-18,2003-06-18 23:00:00,216.65149819501985,19.95289326839481
1265,2003-06-19,2003-06-19 23:00:00,226.07210139830045,23.50550434537535
1266,2003-06-20,2003-06-20 23:00:00,212.7336189734813,19.68818731895871
1267,2003-06-21,2003-06-21 23:00:00,198.37235956769163,8.240465674286435
1268,2003-06-22,2003-06-22 23:00:00,190.16410196953805,6.599475545929916
1269,2003-06-23,2003-06-23 23:00:00,194.55545595673064,8.089933784012917
1270,2003-06-24,2003-06-24 23:00:00,189.42114614961187,7.3533739229768456
1271,2003-06-25,2003-06-25 23:00:00,193.0555021965704,9.099579693759827
1272,2003-06-26,2003-06-26 23:00:00,194.50439370106562,9.22128883899571
1273,2003-06-27,2003-06-27 23:00:00,193.86611550525274,10.083979434271594
1274,2003-06-28,2003-06-28 23:00:00,190.17686753345433,2.733142710702564
1275,2003-06-29,2003-06-29 23:00:00,190.4794113982696,8.374037027835785
1276,2003-06-30,2003-06-30 23:00:00,194.7456628590829,10.65716977316855
1277,2003-07-01,2003-07-01 23:00:00,196.75606842649384,8.24155252079182
1278,2003-07-02,2003-07-02 23:00:00,204.438925337518,12.362381656788944
1279,2003-07-03,2003-07-03 23:00:00,204.0797102306964,12.624897350863332
1280,2003-07-04,2003-07-04 23:00:00,197.34410739139753,8.157567753851078
1281,2003-07-05,2003-07-05 23:00:00,202.99311649120048,8.260864856904314
1282,2003-07-06,2003-07-06 23:00:00,205.90902274977717,8.245200137880722
1283,2003-07-07,2003-07-07 23:00:00,217.17150294237368,15.594691902398452
1284,2003-07-08,2003-07-08 23:00:00,210.77951939387071,7.59942845883321
1285,2003-07-09,2003-07-09 23:00:00,217.19681418477606,5.11413327639055
1286,2003-07-10,2003-07-10 23:00:00,215.70114986099932,5.56208145374077
1287,2003-07-11,2003-07-11 23:00:00,222.29613468695166,3.6787096586782133
1288,2003-07-12,2003-07-12 23:00:00,219.80463915956634,5.536505686684762
1289,2003-07-13,2003-07-13 23:00:00,220.44381194750508,7.182607332515855
1290,2003-07-14,2003-07-14 23:00:00,224.0832618020285,8.59946242422154
1291,2003-07-15,2003-07-15 23:00:00,219.35721820800916,6.860274614063828
1292,2003-07-16,2003-07-16 23:00:00,218.70398361873572,4.066405622646207
1293,2003-07-17,2003-07-17 23:00:00,221.20954094745574,4.515478311038679
1294,2003-07-18,2003-07-18 23:00:00,222.84710163015487,3.1318944830949405
1295,2003-07-19,2003-07-19 23:00:00,220.69948106268058,2.5737322319874196
1296,2003-07-20,2003-07-20 23:00:00,220.67416982027817,1.9282751620705088
1297,2003-07-21,2003-07-21 23:00:00,221.95110921602233,5.028774172227777
1298,2003-07-22,2003-07-22 23:00:00,219.80208246841457,3.59752519812708
1299,2003-07-23,2003-07-23 23:00:00,220.15490584735676,3.581660595206744
1300,2003-07-24,2003-07-24 23:00:00,220.06797834819713,4.220572867623838
1301,2003-07-25,2003-07-25 23:00:00,220.0040610694032,1.7637444677747922
1302,2003-07-26,2003-07-26 23:00:00,216.50778591937805,3.9145786604730084
1303,2003-07-27,2003-07-27 23:00:00,206.50460395357854,5.977570528085014
1304,2003-07-28,2003-07-28 23:00:00,211.13093659267943,8.158481577784995
1305,2003-07-29,2003-07-29 23:00:00,210.89584884127552,4.11098204544873
1306,2003-07-30,2003-07-30 23:00:00,214.06486752387605,15.577657138234198
1307,2003-07-31,2003-07-31 23:00:00,206.93169921047922,6.810499282011249
1308,2003-08-01,2003-08-01 23:00:00,200.31096751602638,8.846679062860643
1309,2003-08-02,2003-08-02 23:00:00,192.83026880789646,8.834968019438154
1310,2003-08-03,2003-08-03 23:00:00,186.8023804110559,8.418563150819102
1311,2003-08-04,2003-08-04 23:00:00,195.08594797542457,9.59123434138404
1312,2003-08-05,2003-08-05 23:00:00,204.47237698136323,43.282249340395545
1313,2003-08-06,2003-08-06 23:00:00,180.2647340102541,7.9852415760767
1314,2003-08-07,2003-08-07 23:00:00,181.75577617184044,4.314217691968424
1315,2003-08-08,2003-08-08 23:00:00,181.08799318665137,5.99303680671368
1316,2003-08-09,2003-08-09 23:00:00,180.2698315902937,1.6942687447523896
1317,2003-08-10,2003-08-10 23:00:00,180.30933783560067,1.6807405344522794
1318,2003-08-11,2003-08-11 23:00:00,189.78446473422864,6.9050927153124295
1319,2003-08-12,2003-08-12 23:00:00,198.1623375293301,23.502869715753807
1320,2003-08-13,2003-08-13 23:00:00,205.83929306898503,22.092010916611205
1321,2003-08-14,2003-08-14 23:00:00,199.4303605641835,4.135866951215033
1322,2003-08-15,2003-08-15 23:00:00,206.39492929330268,7.189744061859966
1323,2003-08-16,2003-08-16 23:00:00,219.51610031526272,14.605878958828153
1324,2003-08-17,2003-08-17 23:00:00,210.6717989465368,6.809372908581658
1325,2003-08-18,2003-08-18 23:00:00,211.42267248637154,13.959148501890203
1326,2003-08-19,2003-08-19 23:00:00,211.74891760890668,14.501297190953236
1327,2003-08-20,2003-08-20 23:00:00,223.0971502930898,35.0553036092007
1328,2003-08-21,2003-08-21 23:00:00,216.59773574258512,24.674522089616094
1329,2003-08-22,2003-08-22 23:00:00,208.4798395295038,6.304276387024061
1330,2003-08-23,2003-08-23 23:00:00,208.90676185782127,2.805456949239119
1331,2003-08-24,2003-08-24 23:00:00,198.05528834849824,7.7005522787577165
1332,2003-08-25,2003-08-25 23:00:00,207.243676369898,28.312293510293415
1333,2003-08-26,2003-08-26 23:00:00,230.74352035250703,57.940448660994974
1334,2003-08-27,2003-08-27 23:00:00,215.73369592587096,49.742120700355436
1335,2003-08-28,2003-08-28 23:00:00,205.20668338606924,38.023727154984954
1336,2003-08-29,2003-08-29 23:00:00,192.66663648862496,41.062713474341805
1337,2003-08-30,2003-08-30 23:00:00,178.23844594450853,15.091091696031727
1338,2003-08-31,2003-08-31 23:00:00,161.2252725623051,17.215656862417845
1339,2003-09-01,2003-09-01 23:00:00,184.43175881150304,44.248981985099476
1340,2003-09-02,2003-09-02 23:00:00,209.3567132679831,71.35600655329831
1341,2003-09-03,2003-09-03 23:00:00,206.88002377315948,71.89807227978194
1342,2003-09-04,2003-09-04 23:00:00,205.1453111332055,57.530852345026986
1343,2003-09-05,2003-09-05 23:00:00,215.37530907223922,52.78798847192187
1344,2003-09-06,2003-09-06 23:00:00,191.56376495701684,42.792166344929385
1345,2003-09-07,2003-09-07 23:00:00,186.3391543253067,50.223626680194954
1346,2003-09-08,2003-09-08 23:00:00,229.20964873385734,67.26523535022945
1347,2003-09-09,2003-09-09 23:00:00,224.98845530210886,63.874008120635835
1348,2003-09-10,2003-09-10 23:00:00,238.9921716853527,64.27391643387838
1349,2003-09-11,2003-09-11 23:00:00,195.28064301491563,58.29508177757399
1350,2003-09-12,2003-09-12 23:00:00,189.24907692116562,17.545490740755316
1351,2003-09-13,2003-09-13 23:00:00,163.13683233719323,14.906413567380794
1352,2003-09-14,2003-09-14 23:00:00,186.98690584179448,31.415691103720963
1353,2003-09-15,2003-09-15 23:00:00,191.61055972695553,60.857268482520794
1354,2003-09-16,2003-09-16 23:00:00,180.79995059351987,22.978389022499552
1355,2003-09-17,2003-09-17 23:00:00,171.75444526855824,12.602225655991186
1356,2003-09-18,2003-09-18 23:00:00,171.22736830824385,12.201258150292617
1357,2003-09-19,2003-09-19 23:00:00,172.21603498289878,20.244483138117392
1358,2003-09-20,2003-09-20 23:00:00,172.80859918918713,48.56965374760838
1359,2003-09-21,2003-09-21 23:00:00,155.01450644091256,13.364826099880673
1360,2003-09-22,2003-09-22 23:00:00,190.13092944704752,55.445521451948025
1361,2003-09-23,2003-09-23 23:00:00,199.92235357760737,59.570007484191294
1362,2003-09-24,2003-09-24 23:00:00,173.09776034907975,47.27579678178974
1363,2003-09-25,2003-09-25 23:00:00,191.43393490237727,63.20660151582728
1364,2003-09-26,2003-09-26 23:00:00,188.65142632684046,18.054886460142182
1365,2003-09-27,2003-09-27 23:00:00,185.67016713876532,12.089158365248093
1366,2003-09-28,2003-09-28 23:00:00,182.92923978542944,8.290773493865009
1367,2003-09-29,2003-09-29 23:00:00,183.36158276855826,9.306283291439737
1368,2003-09-30,2003-09-30 23:00:00,183.97194933297544,7.695757207259459
1369,2003-10-01,2003-10-01 23:00:00,176.40150153343623,9.069372704941335
1370,2003-10-02,2003-10-02 23:00:00,172.24587141668113,9.939521381868419
1371,2003-10-03,2003-10-03 23:00:00,164.02356962603713,12.062057652219181
1372,2003-10-04,2003-10-04 23:00:00,163.7821109954,3.5722895467687463
1373,2003-10-05,2003-10-05 23:00:00,164.54461193425416,3.4345474016589908
1374,2003-10-06,2003-10-06 23:00:00,169.3741657974666,9.62672464004067
1375,2003-10-07,2003-10-07 23:00:00,181.9677583870716,31.361504386953992
1376,2003-10-08,2003-10-08 23:00:00,177.95192010910637,31.010493839219002
1377,2003-10-09,2003-10-09 23:00:00,167.696282481518,6.014903325067863
1378,2003-10-10,2003-10-10 23:00:00,170.0829104201315,14.464850483226366
1379,2003-10-11,2003-10-11 23:00:00,171.36772450210074,14.241492255809034
1380,2003-10-12,2003-10-12 23:00:00,168.09024129992596,4.222519872261018
1381,2003-10-13,2003-10-13 23:00:00,163.6677358545719,4.0217658067380855
1382,2003-10-14,2003-10-14 23:00:00,190.26631027160093,39.35893651473836
1383,2003-10-15,2003-10-15 23:00:00,163.7185692504955,2.049750719316353
1384,2003-10-16,2003-10-16 23:00:00,163.76177763703058,10.288493479935061
1385,2003-10-17,2003-10-17 23:00:00,156.36043519055292,3.864675579620007
1386,2003-10-18,2003-10-18 23:00:00,158.41918772545912,4.381930133420186
1387,2003-10-19,2003-10-19 23:00:00,159.69002262354937,2.1821386100706124
1388,2003-10-20,2003-10-20 23:00:00,162.75286181143673,5.3107857750103795
1389,2003-10-21,2003-10-21 23:00:00,157.83523908978665,6.14593953746388
1390,2003-10-22,2003-10-22 23:00:00,164.3211991591699,14.57415927961347
1391,2003-10-23,2003-10-23 23:00:00,164.6195911932415,14.040915458808238
1392,2003-10-24,2003-10-24 23:00:00,164.82419561183403,4.14744129180196
1393,2003-10-25,2003-10-25 23:00:00,166.56498525523807,2.6378787173354272
1394,2003-10-26,2003-10-26 23:00:00,167.6200323876326,0.13206903669143255
1395,2003-10-27,2003-10-27 23:00:00,167.86288893665764,9.608869260182125
1396,2003-10-28,2003-10-28 23:00:00,176.07108445993276,21.473210442122838
1397,2003-10-29,2003-10-29 23:00:00,179.29900510108203,20.715712018931686
1398,2003-10-30,2003-10-30 23:00:00,185.93149243421507,8.623348783541838
1399,2003-10-31,2003-10-31 23:00:00,185.8568944256972,3.0826144776518447
1400,2003-11-01,2003-11-01 23:00:00,182.97179076327242,4.180719668922011
1401,2003-11-02,2003-11-02 23:00:00,175.6773138896505,6.507767419747373
1402,2003-11-03,2003-11-03 23:00:00,178.57838812959722,0.9057889554624302
1403,2003-11-04,2003-11-04 23:00:00,184.09888875242584,12.060591508697868
1404,2003-11-05,2003-11-05 23:00:00,184.490207043042,11.418804433616552
1405,2003-11-06,2003-11-06 23:00:00,184.23819299827628,8.522416596855237
1406,2003-11-07,2003-11-07 23:00:00,181.54075623771814,3.1226510683394646
1407,2003-11-08,2003-11-08 23:00:00,184.35216919942658,4.672389286915857
1408,2003-11-09,2003-11-09 23:00:00,188.08590290888833,1.6464806283481546
1409,2003-11-10,2003-11-10 23:00:00,184.69409780287765,8.5411390665895
1410,2003-11-11,2003-11-11 23:00:00,188.48064048553897,14.295701291013463
1411,2003-11-12,2003-11-12 23:00:00,198.8774229142498,9.249165461759285
1412,2003-11-13,2003-11-13 23:00:00,197.30847718530353,38.31976191986175
1413,2003-11-14,2003-11-14 23:00:00,189.52377600651164,3.3991824685950274
1414,2003-11-15,2003-11-15 23:00:00,189.17716171479108,0.484388508354969
1415,2003-11-16,2003-11-16 23:00:00,186.93562975883438,4.848452008854983
1416,2003-11-17,2003-11-17 23:00:00,189.84810161889615,1.3163920039234556
1417,2003-11-18,2003-11-18 23:00:00,191.89359450887432,4.912004357809398
1418,2003-11-19,2003-11-19 23:00:00,202.54049137899824,38.502131428955586
1419,2003-11-20,2003-11-20 23:00:00,201.58841017872246,7.159360257485166
1420,2003-11-21,2003-11-21 23:00:00,223.8418835326563,47.341033618600136
1421,2003-11-22,2003-11-22 23:00:00,223.5483314945824,46.63204820159985
1422,2003-11-23,2003-11-23 23:00:00,206.57752842374347,7.180925027524251
1423,2003-11-24,2003-11-24 23:00:00,208.67342412267473,2.825063526488602
1424,2003-11-25,2003-11-25 23:00:00,200.7140860756758,5.200273805898229
1425,2003-11-26,2003-11-26 23:00:00,197.14029896849505,5.03319360571978
1426,2003-11-27,2003-11-27 23:00:00,194.45805903475699,5.070418984821198
1427,2003-11-28,2003-11-28 23:00:00,196.43997853253794,7.751061925715163
1428,2003-11-29,2003-11-29 23:00:00,197.88114427597225,9.499226268505554
1429,2003-11-30,2003-11-30 23:00:00,191.07169945835676,10.60534168576664
1430,2003-12-01,2003-12-01 23:00:00,184.93739607708287,4.672843281052198
1431,2003-12-02,2003-12-02 23:00:00,167.38071308200793,7.706268310733402
1432,2003-12-03,2003-12-03 23:00:00,172.9505669860233,8.698834885541427
1433,2003-12-04,2003-12-04 23:00:00,161.02667409726902,6.181929799865882
1434,2003-12-05,2003-12-05 23:00:00,149.17830465128108,9.169379187903944
1435,2003-12-06,2003-12-06 23:00:00,139.61200190088178,11.574506604538268
1436,2003-12-07,2003-12-07 23:00:00,131.669830787172,11.747148736932488
1437,2003-12-08,2003-12-08 23:00:00,126.87371455429748,12.952502849799323
1438,2003-12-09,2003-12-09 23:00:00,129.5107414308878,15.338066416212367
1439,2003-12-10,2003-12-10 23:00:00,139.17144848474496,15.732741448844703
1440,2003-12-11,2003-12-11 23:00:00,146.09581533477413,9.135439093496698
1441,2003-12-12,2003-12-12 23:00:00,148.48638404313704,11.14278383504434
1442,2003-12-13,2003-12-13 23:00:00,154.46532326213662,7.104951545154301
1443,2003-12-14,2003-12-14 23:00:00,158.24111778323828,2.465782256310143
1444,2003-12-15,2003-12-15 23:00:00,162.31938369261903,5.647604582375237
1445,2003-12-16,2003-12-16 23:00:00,165.55430449110932,4.7019029784335435
1446,2003-12-17,2003-12-17 23:00:00,162.2060985284696,5.848666393410924
1447,2003-12-18,2003-12-18 23:00:00,161.69002166956645,4.94124144638345
1448,2003-12-19,2003-12-19 23:00:00,161.40051513896228,3.7844705987324465
1449,2003-12-20,2003-12-20 23:00:00,152.21182960239454,5.29502583791719
1450,2003-12-21,2003-12-21 23:00:00,157.2970747486594,8.846958769974147
1451,2003-12-22,2003-12-22 23:00:00,168.4192862924493,19.83725113950088
1452,2003-12-23,2003-12-23 23:00:00,168.06847990079982,14.111212238203976
1453,2003-12-24,2003-12-24 23:00:00,159.9907442073245,8.82565744354166
1454,2003-12-25,2003-12-25 23:00:00,166.95148818228606,6.482306630071617
1455,2003-12-26,2003-12-26 23:00:00,167.34005629531873,11.249521714309719
1456,2003-12-27,2003-12-27 23:00:00,165.22074261889148,7.0019883938650525
1457,2003-12-28,2003-12-28 23:00:00,172.75256969357096,11.388627361201499
1458,2003-12-29,2003-12-29 23:00:00,173.10664876774035,17.559971902248453
1459,2003-12-30,2003-12-30 23:00:00,165.66758965525878,8.751300995529974
1460,2003-12-31,2003-12-31 23:00:00,162.3940260285531,1.2308308013103944
1461,2004-01-01,2004-01-01 23:00:00,163.11466255308264,5.967748492749127
1462,2004-01-02,2004-01-02 23:00:00,174.4680090912374,8.995854249990382
1463,2004-01-03,2004-01-03 23:00:00,179.14658596135612,6.207773970509022
1464,2004-01-04,2004-01-04 23:00:00,174.7300093959641,4.320857615206403
1465,2004-01-05,2004-01-05 23:00:00,175.31015292785878,3.2357356933536856
1466,2004-01-06,2004-01-06 23:00:00,176.82601183377724,2.426132714944163
1467,2004-01-07,2004-01-07 23:00:00,176.12734435450616,4.136816846575992
1468,2004-01-08,2004-01-08 23:00:00,168.29228762268067,2.0515297281856104
1469,2004-01-09,2004-01-09 23:00:00,165.7471418053361,1.9545479326943551
1470,2004-01-10,2004-01-10 23:00:00,153.90722327268898,8.29122439340426
1471,2004-01-11,2004-01-11 23:00:00,147.76893041909318,7.773586836998537
1472,2004-01-12,2004-01-12 23:00:00,138.28701462898587,11.060280623040825
1473,2004-01-13,2004-01-13 23:00:00,146.58992904782326,20.837868534132905
1474,2004-01-14,2004-01-14 23:00:00,157.3194653366289,30.385184314989854
1475,2004-01-15,2004-01-15 23:00:00,158.74799080763844,16.441631255641244
1476,2004-01-16,2004-01-16 23:00:00,178.21087058733238,9.75300941735796
1477,2004-01-17,2004-01-17 23:00:00,184.34916344092815,5.749405633406911
1478,2004-01-18,2004-01-18 23:00:00,178.485347097046,1.0574641758764203
1479,2004-01-19,2004-01-19 23:00:00,188.4787872916196,7.630165862662255
1480,2004-01-20,2004-01-20 23:00:00,194.0556509208011,4.2492423020767225
1481,2004-01-21,2004-01-21 23:00:00,191.71636248574177,7.678430161329064
1482,2004-01-22,2004-01-22 23:00:00,196.3013678184581,4.860278556577597
1483,2004-01-23,2004-01-23 23:00:00,195.8147958239658,13.128424238436672
1484,2004-01-24,2004-01-24 23:00:00,185.8213556293922,6.332211775515218
1485,2004-01-25,2004-01-25 23:00:00,178.46039468707204,5.437965442410935
1486,2004-01-26,2004-01-26 23:00:00,190.25040839977123,6.74378984563233
1487,2004-01-27,2004-01-27 23:00:00,200.43722977164313,13.65492992971664
1488,2004-01-28,2004-01-28 23:00:00,190.9490758790423,16.404492210887675
1489,2004-01-29,2004-01-29 23:00:00,193.48174549139992,13.123663035318959
1490,2004-01-30,2004-01-30 23:00:00,181.0304929143906,8.751859937571306
1491,2004-01-31,2004-01-31 23:00:00,180.90074038252598,7.098669008534239
1492,2004-02-01,2004-02-01 23:00:00,176.13673721246474,9.153708467894873
1493,2004-02-02,2004-02-02 23:00:00,171.2670732362386,9.001185723430606
1494,2004-02-03,2004-02-03 23:00:00,173.239595353191,6.269694594674899
1495,2004-02-04,2004-02-04 23:00:00,183.5462699795318,8.078171263137202
1496,2004-02-05,2004-02-05 23:00:00,182.017318773629,13.678284446425321
1497,2004-02-06,2004-02-06 23:00:00,199.15360466465282,10.095936849195988
1498,2004-02-07,2004-02-07 23:00:00,194.4195515839671,8.931926680654039
1499,2004-02-08,2004-02-08 23:00:00,205.58895807120993,6.950997987146601
1500,2004-02-09,2004-02-09 23:00:00,203.56712290133373,14.341262543498175
1501,2004-02-10,2004-02-10 23:00:00,202.71647273839804,7.968741791623816
1502,2004-02-11,2004-02-11 23:00:00,215.53909932491158,10.808221589259409
1503,2004-02-12,2004-02-12 23:00:00,215.1187055487361,10.84337156345459
1504,2004-02-13,2004-02-13 23:00:00,205.6999124402885,9.027311298051062
1505,2004-02-14,2004-02-14 23:00:00,218.78019972832894,8.564585636149262
1506,2004-02-15,2004-02-15 23:00:00,219.61235749641824,5.781197703770672
1507,2004-02-16,2004-02-16 23:00:00,219.03909325617894,9.414201163320646
1508,2004-02-17,2004-02-17 23:00:00,217.49066339437135,9.636541184678393
1509,2004-02-18,2004-02-18 23:00:00,235.55896598565505,11.764748627202055
1510,2004-02-19,2004-02-19 23:00:00,236.07071219237196,12.04917443912459
1511,2004-02-20,2004-02-20 23:00:00,230.98518032697177,8.916496815564004
1512,2004-02-21,2004-02-21 23:00:00,225.499103189198,3.330342890969842
1513,2004-02-22,2004-02-22 23:00:00,223.34165712378135,2.7284204072695757
1514,2004-02-23,2004-02-23 23:00:00,222.90277095275943,0.9091941595409517
1515,2004-02-24,2004-02-24 23:00:00,222.20622408021063,4.646859635894895
1516,2004-02-25,2004-02-25 23:00:00,220.66395835001845,2.8394257181825626
1517,2004-02-26,2004-02-26 23:00:00,193.05271703955137,48.7146751008673
1518,2004-02-27,2004-02-27 23:00:00,222.84852659454324,10.346196988440283
1519,2004-02-28,2004-02-28 23:00:00,215.06939249581228,5.437518824089397
1520,2004-02-29,2004-02-29 23:00:00,189.5899544632415,47.74514847607699
1521,2004-03-01,2004-03-01 23:00:00,238.36633799302754,29.553690024902128
1522,2004-03-02,2004-03-02 23:00:00,237.0083732393848,17.120489139003393
1523,2004-03-03,2004-03-03 23:00:00,231.333806867964,30.909905193682395
1524,2004-03-04,2004-03-04 23:00:00,228.41838851707055,13.471590728646282
1525,2004-03-05,2004-03-05 23:00:00,225.56035067810842,10.813704607321736
1526,2004-03-06,2004-03-06 23:00:00,225.44925224011374,7.213612851532161
1527,2004-03-07,2004-03-07 23:00:00,222.06990634594572,5.920865823025655
1528,2004-03-08,2004-03-08 23:00:00,222.99995898401554,12.401992457607937
1529,2004-03-09,2004-03-09 23:00:00,219.0580399005294,9.210686123014806
1530,2004-03-10,2004-03-10 23:00:00,215.76415434328047,14.073831389394055
1531,2004-03-11,2004-03-11 23:00:00,211.34341320065678,0.6385889987190991
1532,2004-03-12,2004-03-12 23:00:00,208.78082395504316,4.5203846205335605
1533,2004-03-13,2004-03-13 23:00:00,211.65473299943312,5.296614024075394
1534,2004-03-14,2004-03-14 23:00:00,205.88127680957746,9.689276135470763
1535,2004-03-15,2004-03-15 23:00:00,208.28637486286902,19.780039796943882
1536,2004-03-16,2004-03-16 23:00:00,198.84911194310078,8.017745410994548
1537,2004-03-17,2004-03-17 23:00:00,199.7012735883787,1.94994396089785
1538,2004-03-18,2004-03-18 23:00:00,196.07775530301362,14.456773844507358
1539,2004-03-19,2004-03-19 23:00:00,214.76915184915228,19.06326589222689
1540,2004-03-20,2004-03-20 23:00:00,211.31655423762513,8.804454203291867
1541,2004-03-21,2004-03-21 23:00:00,200.63157039883967,7.4966093693009554
1542,2004-03-22,2004-03-22 23:00:00,212.99768115101722,8.898355444141838
1543,2004-03-23,2004-03-23 23:00:00,233.5291608372172,29.255390817882137
1544,2004-03-24,2004-03-24 23:00:00,216.26043472838856,37.09037156788088
1545,2004-03-25,2004-03-25 23:00:00,216.45272048645631,24.701474704703628
1546,2004-03-26,2004-03-26 23:00:00,212.9061165043183,15.776822062088362
1547,2004-03-27,2004-03-27 23:00:00,209.08603944403956,0.5733828574150751
1548,2004-03-28,2004-03-28 23:00:00,201.63145634079186,6.677958997590001
1549,2004-03-29,2004-03-29 23:00:00,194.69244324155684,27.8956709654029
1550,2004-03-30,2004-03-30 23:00:00,205.02716178517002,34.74412625752504
1551,2004-03-31,2004-03-31 23:00:00,208.05477734981855,38.52781316876304
1552,2004-04-01,2004-04-01 23:00:00,238.41627245017537,33.40514649164419
1553,2004-04-02,2004-04-02 23:00:00,216.79511979160634,19.90471591161064
1554,2004-04-03,2004-04-03 23:00:00,239.8622034403933,24.23942794751365
1555,2004-04-04,2004-04-04 23:00:00,211.1817770080993,7.70428969089658
1556,2004-04-05,2004-04-05 23:00:00,229.27596637888004,28.33094302921008
1557,2004-04-06,2004-04-06 23:00:00,196.57420388453258,12.666099458852019
1558,2004-04-07,2004-04-07 23:00:00,182.79301592935403,12.42517132833253
1559,2004-04-08,2004-04-08 23:00:00,195.7903532468703,5.286389134772824
1560,2004-04-09,2004-04-09 23:00:00,182.88537662464446,7.098222343726364
1561,2004-04-10,2004-04-10 23:00:00,186.24438927968095,13.77158245610113
1562,2004-04-11,2004-04-11 23:00:00,187.1193853403272,8.329891634534125
1563,2004-04-12,2004-04-12 23:00:00,233.7226477481921,37.24559903177989
1564,2004-04-13,2004-04-13 23:00:00,230.7248140226335,45.95296084018746
1565,2004-04-14,2004-04-14 23:00:00,224.52279333388057,34.46688461054217
1566,2004-04-15,2004-04-15 23:00:00,223.4912702001631,24.033396183106333
1567,2004-04-16,2004-04-16 23:00:00,213.73263357934442,12.66173915143062
1568,2004-04-17,2004-04-17 23:00:00,201.40369603037735,16.95074899733969
1569,2004-04-18,2004-04-18 23:00:00,200.86289985400563,6.921671197626339
1570,2004-04-19,2004-04-19 23:00:00,195.59007637076684,32.19422731092309
1571,2004-04-20,2004-04-20 23:00:00,211.5808724335385,32.5892266908184
1572,2004-04-21,2004-04-21 23:00:00,204.90574623588336,11.848750877299889
1573,2004-04-22,2004-04-22 23:00:00,208.0225551202437,19.193345651608478
1574,2004-04-23,2004-04-23 23:00:00,202.91792532421792,3.231344847945155
1575,2004-04-24,2004-04-24 23:00:00,197.9839197600182,3.0388612424196575
1576,2004-04-25,2004-04-25 23:00:00,191.1297839516225,1.7992597975833022
1577,2004-04-26,2004-04-26 23:00:00,186.1079141996662,13.137307887116368
1578,2004-04-27,2004-04-27 23:00:00,188.91798835387786,15.714086535562318
1579,2004-04-28,2004-04-28 23:00:00,195.43184791646664,6.5920653687322455
1580,2004-04-29,2004-04-29 23:00:00,205.0069784190109,13.140994235177669
1581,2004-04-30,2004-04-30 23:00:00,199.2478029587295,10.504340294377897
1582,2004-05-01,2004-05-01 23:00:00,201.14663127483354,6.564430831627017
1583,2004-05-02,2004-05-02 23:00:00,197.84149772338642,10.118310830453455
1584,2004-05-03,2004-05-03 23:00:00,202.1063306763837,19.850866342799097
1585,2004-05-04,2004-05-04 23:00:00,207.5422462976281,18.585409584504283
1586,2004-05-05,2004-05-05 23:00:00,203.05828177949832,14.740263103201851
1587,2004-05-06,2004-05-06 23:00:00,211.9337155031826,30.889980010591398
1588,2004-05-07,2004-05-07 23:00:00,217.61176545054036,9.98859124230267
1589,2004-05-08,2004-05-08 23:00:00,216.81151150273578,10.881136691306994
1590,2004-05-09,2004-05-09 23:00:00,206.11038496015692,7.349085941124208
1591,2004-05-10,2004-05-10 23:00:00,224.17300035239654,36.76758400245935
1592,2004-05-11,2004-05-11 23:00:00,222.244884713556,48.69827156557688
1593,2004-05-12,2004-05-12 23:00:00,228.8213740779573,31.234275587762035
1594,2004-05-13,2004-05-13 23:00:00,230.66607444145174,40.12892324870255
1595,2004-05-14,2004-05-14 23:00:00,269.9013995776937,47.831850333459414
1596,2004-05-15,2004-05-15 23:00:00,249.10012388994917,27.613860545539925
1597,2004-05-16,2004-05-16 23:00:00,245.21386795583012,21.29932445728767
1598,2004-05-17,2004-05-17 23:00:00,268.1761925041362,39.45980947496291
1599,2004-05-18,2004-05-18 23:00:00,252.6627672972178,33.25029766128129
1600,2004-05-19,2004-05-19 23:00:00,231.87819887797514,36.45022296381475
1601,2004-05-20,2004-05-20 23:00:00,214.3706764283503,43.814659207947514
1602,2004-05-21,2004-05-21 23:00:00,202.95355868345428,50.60629401503302
1603,2004-05-22,2004-05-22 23:00:00,193.03513135003678,23.763729401987526
1604,2004-05-23,2004-05-23 23:00:00,177.0300523939452,11.857340447424537
1605,2004-05-24,2004-05-24 23:00:00,176.44771933964262,15.787948275296213
1606,2004-05-25,2004-05-25 23:00:00,195.57209375188918,63.189405470614744
1607,2004-05-26,2004-05-26 23:00:00,195.29170220224998,47.563053349838896
1608,2004-05-27,2004-05-27 23:00:00,194.52619453024263,45.714533808950655
1609,2004-05-28,2004-05-28 23:00:00,177.31940291365063,24.855040307843183
1610,2004-05-29,2004-05-29 23:00:00,155.49220408616392,21.871683535670456
1611,2004-05-30,2004-05-30 23:00:00,152.81661978261158,21.023772134139932
1612,2004-05-31,2004-05-31 23:00:00,174.80241659370253,45.190900032905795
1613,2004-06-01,2004-06-01 23:00:00,164.90540149625505,31.322795374730752
1614,2004-06-02,2004-06-02 23:00:00,161.63201561690764,40.055749408607774
1615,2004-06-03,2004-06-03 23:00:00,166.20813686919385,49.230158426079875
1616,2004-06-04,2004-06-04 23:00:00,154.4594494989259,29.951902832497098
1617,2004-06-05,2004-06-05 23:00:00,153.03937768362076,3.0551534120294392
1618,2004-06-06,2004-06-06 23:00:00,150.70468334320387,3.7184094733184874
1619,2004-06-07,2004-06-07 23:00:00,158.0698015717355,40.89009520938178
1620,2004-06-08,2004-06-08 23:00:00,173.4059754516853,44.90670887848877
1621,2004-06-09,2004-06-09 23:00:00,165.9698536323884,44.645201773733454
1622,2004-06-10,2004-06-10 23:00:00,167.0409247473219,45.98574683580209
1623,2004-06-11,2004-06-11 23:00:00,175.13473236921564,40.64434812384265
1624,2004-06-12,2004-06-12 23:00:00,166.5541289428381,14.23217191222417
1625,2004-06-13,2004-06-13 23:00:00,146.57684747329154,12.436805540939995
1626,2004-06-14,2004-06-14 23:00:00,145.01236157507404,22.348487605871835
1627,2004-06-15,2004-06-15 23:00:00,152.5966281744252,49.36878511440084
1628,2004-06-16,2004-06-16 23:00:00,145.0540009689805,26.93210234469912
1629,2004-06-17,2004-06-17 23:00:00,145.40950030308312,18.293194726339173
1630,2004-06-18,2004-06-18 23:00:00,137.0635697614382,26.322495010737438
1631,2004-06-19,2004-06-19 23:00:00,122.30445048779251,24.79885003515615
1632,2004-06-20,2004-06-20 23:00:00,121.12386535998378,2.345957277735333
1633,2004-06-21,2004-06-21 23:00:00,120.51371585967895,9.550419616816043
1634,2004-06-22,2004-06-22 23:00:00,138.6942454476572,28.53168146648609
1635,2004-06-23,2004-06-23 23:00:00,138.33321024037625,21.49802222744438
1636,2004-06-24,2004-06-24 23:00:00,140.46331796333394,29.94765463450996
1637,2004-06-25,2004-06-25 23:00:00,156.5654882080648,34.04165085270928
1638,2004-06-26,2004-06-26 23:00:00,131.2689546845788,21.44074654456068
1639,2004-06-27,2004-06-27 23:00:00,125.17949418843989,18.97236483678119
1640,2004-06-28,2004-06-28 23:00:00,126.59956600374501,24.142837605457792
1641,2004-06-29,2004-06-29 23:00:00,138.92350280428062,21.772895346105308
1642,2004-06-30,2004-06-30 23:00:00,160.30725709632472,34.32904350125264
1643,2004-07-01,2004-07-01 23:00:00,147.53374765559263,24.553201471403202
1644,2004-07-02,2004-07-02 23:00:00,140.2137309042512,24.21055528856494
1645,2004-07-03,2004-07-03 23:00:00,140.22396330222946,33.41642598039178
1646,2004-07-04,2004-07-04 23:00:00,139.94841084373255,15.730340610692787
1647,2004-07-05,2004-07-05 23:00:00,149.01299125979088,17.405129025297548
1648,2004-07-06,2004-07-06 23:00:00,144.99105694857153,30.06061245918804
1649,2004-07-07,2004-07-07 23:00:00,139.82790930989447,22.639390512822906
1650,2004-07-08,2004-07-08 23:00:00,159.1189890277307,28.589881933960257
1651,2004-07-09,2004-07-09 23:00:00,149.4102490636527,39.292673782279365
1652,2004-07-10,2004-07-10 23:00:00,145.6062046387939,23.03459934659107
1653,2004-07-11,2004-07-11 23:00:00,132.43650653501058,9.392044646316576
1654,2004-07-12,2004-07-12 23:00:00,155.82656450178487,21.657365649027902
1655,2004-07-13,2004-07-13 23:00:00,184.79026983789336,35.24858616760381
1656,2004-07-14,2004-07-14 23:00:00,165.89042886628474,8.468734949210354
1657,2004-07-15,2004-07-15 23:00:00,164.02452099966095,10.94732726738397
1658,2004-07-16,2004-07-16 23:00:00,156.72942314692537,4.5334973116203185
1659,2004-07-17,2004-07-17 23:00:00,153.22633160378007,9.17350986530994
1660,2004-07-18,2004-07-18 23:00:00,145.79881448309058,5.1581603162898775
1661,2004-07-19,2004-07-19 23:00:00,151.0715089707113,9.815043838551068
1662,2004-07-20,2004-07-20 23:00:00,150.74647985846073,8.64003803564864
1663,2004-07-21,2004-07-21 23:00:00,156.81970901143941,13.976732669146251
1664,2004-07-22,2004-07-22 23:00:00,153.5272844854936,9.118663732328763
1665,2004-07-23,2004-07-23 23:00:00,157.8248916363626,10.475671382502737
1666,2004-07-24,2004-07-24 23:00:00,154.56256239858808,6.4692970337086555
1667,2004-07-25,2004-07-25 23:00:00,151.0353946249057,10.478161134144942
1668,2004-07-26,2004-07-26 23:00:00,168.06932772989057,17.682102334402384
1669,2004-07-27,2004-07-27 23:00:00,158.9685125868739,12.324937294339197
1670,2004-07-28,2004-07-28 23:00:00,159.60653269610657,10.58044873507603
1671,2004-07-29,2004-07-29 23:00:00,156.10344115296127,21.023664490686215
1672,2004-07-30,2004-07-30 23:00:00,151.74516190113886,11.890530537167699
1673,2004-07-31,2004-07-31 23:00:00,147.48415062068625,3.5450154485760703
1674,2004-08-01,2004-08-01 23:00:00,145.48954421543866,12.573007537150708
1675,2004-08-02,2004-08-02 23:00:00,150.4597955690066,19.61657111743091
1676,2004-08-03,2004-08-03 23:00:00,158.22157114527087,29.32365987191179
1677,2004-08-04,2004-08-04 23:00:00,165.81582638535681,40.63085510451759
1678,2004-08-05,2004-08-05 23:00:00,174.96084818578356,20.79431242448853
1679,2004-08-06,2004-08-06 23:00:00,176.0451572583174,16.043401524098243
1680,2004-08-07,2004-08-07 23:00:00,165.0937559707949,13.495292359322596
1681,2004-08-08,2004-08-08 23:00:00,157.9933968942693,4.372353492663455
1682,2004-08-09,2004-08-09 23:00:00,162.14530177800037,11.24292851815267
1683,2004-08-10,2004-08-10 23:00:00,165.50172575502236,24.69052954601754
1684,2004-08-11,2004-08-11 23:00:00,158.6661258305028,25.531345898068533
1685,2004-08-12,2004-08-12 23:00:00,158.09039501995878,9.949891677814552
1686,2004-08-13,2004-08-13 23:00:00,157.33896040853801,14.25977678903898
1687,2004-08-14,2004-08-14 23:00:00,160.85760953869828,13.21445851441036
1688,2004-08-15,2004-08-15 23:00:00,146.3199251921849,5.954588404831497
1689,2004-08-16,2004-08-16 23:00:00,147.30687510382194,10.375666964307753
1690,2004-08-17,2004-08-17 23:00:00,154.92471797745023,18.490665259220687
1691,2004-08-18,2004-08-18 23:00:00,146.09126956090697,18.856590035258563
1692,2004-08-19,2004-08-19 23:00:00,149.6534836060791,13.811079281624385
1693,2004-08-20,2004-08-20 23:00:00,151.85579837049298,10.490749641638235
1694,2004-08-21,2004-08-21 23:00:00,154.81628707019686,7.323944232945075
1695,2004-08-22,2004-08-22 23:00:00,148.69072305332986,3.1274671212835883
1696,2004-08-23,2004-08-23 23:00:00,157.40370605571042,18.18499213202094
1697,2004-08-24,2004-08-24 23:00:00,155.26264693146524,40.341530969112725
1698,2004-08-25,2004-08-25 23:00:00,156.46609762240178,40.30404387829121
1699,2004-08-26,2004-08-26 23:00:00,157.13894690370438,13.174036800391514
1700,2004-08-27,2004-08-27 23:00:00,154.57559693200955,11.261418045950657
1701,2004-08-28,2004-08-28 23:00:00,146.7290984271033,9.421843051510084
1702,2004-08-29,2004-08-29 23:00:00,142.77082875954395,9.740521386503515
1703,2004-08-30,2004-08-30 23:00:00,147.01864866334265,13.181037667395515
1704,2004-08-31,2004-08-31 23:00:00,159.8953303662254,19.843989789783663
1705,2004-09-01,2004-09-01 23:00:00,164.89782120149957,16.8722130423164
1706,2004-09-02,2004-09-02 23:00:00,223.02583128201488,95.58598469436677
1707,2004-09-03,2004-09-03 23:00:00,186.7231216053425,8.083830341263095
1708,2004-09-04,2004-09-04 23:00:00,173.08080903845442,10.184634026284588
1709,2004-09-05,2004-09-05 23:00:00,168.31739823013908,4.64049485434029
1710,2004-09-06,2004-09-06 23:00:00,165.07779893984903,21.025837178130637
1711,2004-09-07,2004-09-07 23:00:00,182.3251855910354,54.62197448265675
1712,2004-09-08,2004-09-08 23:00:00,163.99673265816332,25.627971128303326
1713,2004-09-09,2004-09-09 23:00:00,141.1407597393726,11.882620430179687
1714,2004-09-10,2004-09-10 23:00:00,143.18206724773202,15.498261080817773
1715,2004-09-11,2004-09-11 23:00:00,141.21251086439455,8.622559987931131
1716,2004-09-12,2004-09-12 23:00:00,141.8246751451005,12.516309807171577
1717,2004-09-13,2004-09-13 23:00:00,148.12629569050912,22.2591944664934
1718,2004-09-14,2004-09-14 23:00:00,156.1988971812763,19.092651369804642
1719,2004-09-15,2004-09-15 23:00:00,164.1086788114167,39.792998694562485
1720,2004-09-16,2004-09-16 23:00:00,174.13667843677118,28.36418449359334
1721,2004-09-17,2004-09-17 23:00:00,159.21052466965705,13.829365743935012
1722,2004-09-18,2004-09-18 23:00:00,151.93942404033942,8.978346011912166
1723,2004-09-19,2004-09-19 23:00:00,149.24011792057442,1.9045695316657762
1724,2004-09-20,2004-09-20 23:00:00,161.6009889904144,39.813797854962395
1725,2004-09-21,2004-09-21 23:00:00,178.4538644391388,43.26188005766702
1726,2004-09-22,2004-09-22 23:00:00,184.97133828540788,50.74910413591768
1727,2004-09-23,2004-09-23 23:00:00,200.638640379045,82.62159712681289
1728,2004-09-24,2004-09-24 23:00:00,184.4494028441945,20.469537560295485
1729,2004-09-25,2004-09-25 23:00:00,185.2458643289702,2.9644070192494416
1730,2004-09-26,2004-09-26 23:00:00,182.47564698029555,1.422722472191075
1731,2004-09-27,2004-09-27 23:00:00,201.05810849455813,45.01122308437167
1732,2004-09-28,2004-09-28 23:00:00,200.45914258133118,34.38491427668215
1733,2004-09-29,2004-09-29 23:00:00,204.0047040268153,37.248290687758185
1734,2004-09-30,2004-09-30 23:00:00,211.88520927818413,46.88028417046711
1735,2004-10-01,2004-10-01 23:00:00,208.0266796821617,42.805523753492565
1736,2004-10-02,2004-10-02 23:00:00,204.3186480132215,30.42332882702225
1737,2004-10-03,2004-10-03 23:00:00,195.57073640203063,19.961047484908804
1738,2004-10-04,2004-10-04 23:00:00,210.7522947537875,45.27362366411371
1739,2004-10-05,2004-10-05 23:00:00,212.01034478508646,32.66920799473847
1740,2004-10-06,2004-10-06 23:00:00,219.18809379998333,43.482535015342734
1741,2004-10-07,2004-10-07 23:00:00,223.09424074951062,41.03804332205119
1742,2004-10-08,2004-10-08 23:00:00,201.41459719221177,8.715981447324607
1743,2004-10-09,2004-10-09 23:00:00,200.33462291887236,8.043774570732305
1744,2004-10-10,2004-10-10 23:00:00,196.926704100779,5.268175178695129
1745,2004-10-11,2004-10-11 23:00:00,211.00656869658823,45.37117176832483
1746,2004-10-12,2004-10-12 23:00:00,202.43913278618643,5.642780117386252
1747,2004-10-13,2004-10-13 23:00:00,219.88059730347686,81.66106624108363
1748,2004-10-14,2004-10-14 23:00:00,197.70668552041306,5.951083992052657
1749,2004-10-15,2004-10-15 23:00:00,196.49471439144324,3.2401672494196014
1750,2004-10-16,2004-10-16 23:00:00,195.69073354351272,2.842170943040401e-14
1751,2004-10-17,2004-10-17 23:00:00,199.23064921723645,5.322992584293487
1752,2004-10-18,2004-10-18 23:00:00,207.594449978543,6.0807182445031875
1753,2004-10-19,2004-10-19 23:00:00,213.72438395401764,30.832766949631615
1754,2004-10-20,2004-10-20 23:00:00,219.48472673372723,39.00484525678762
1755,2004-10-21,2004-10-21 23:00:00,215.800334501659,30.301540503638915
1756,2004-10-22,2004-10-22 23:00:00,216.59195564401682,26.80386909711044
1757,2004-10-23,2004-10-23 23:00:00,210.08919054995712,1.8033183038083298
1758,2004-10-24,2004-10-24 23:00:00,194.91099211816172,7.201601072495406
1759,2004-10-25,2004-10-25 23:00:00,204.58324171018967,13.94850449096335
1760,2004-10-26,2004-10-26 23:00:00,194.45536297195395,17.73481008716558
1761,2004-10-27,2004-10-27 23:00:00,218.6341869949017,55.28734915000823
1762,2004-10-28,2004-10-28 23:00:00,211.33644083852263,32.194654001831736
1763,2004-10-29,2004-10-29 23:00:00,209.22305118273889,42.569444007081415
1764,2004-10-30,2004-10-30 23:00:00,198.8814575355234,13.623483375734141
1765,2004-10-31,2004-10-31 23:00:00,198.33067065612025,8.82448241636381
1766,2004-11-01,2004-11-01 23:00:00,196.6118944171338,9.659325988461887
1767,2004-11-02,2004-11-02 23:00:00,212.9115476457454,31.307532920821938
1768,2004-11-03,2004-11-03 23:00:00,195.9918054172464,52.55610246259436
1769,2004-11-04,2004-11-04 23:00:00,215.7822414140394,33.48360286505939
1770,2004-11-05,2004-11-05 23:00:00,209.4516376992489,14.018352399168709
1771,2004-11-06,2004-11-06 23:00:00,202.15224962647144,10.331905908829999
1772,2004-11-07,2004-11-07 23:00:00,194.70926703422955,8.916617152885312
1773,2004-11-08,2004-11-08 23:00:00,188.57060132712323,29.350590885860317
1774,2004-11-09,2004-11-09 23:00:00,190.53258111140622,34.55690108300692
1775,2004-11-10,2004-11-10 23:00:00,201.84112816763172,9.836195468407336
1776,2004-11-11,2004-11-11 23:00:00,180.20693854091496,26.533729681251774
1777,2004-11-12,2004-11-12 23:00:00,196.45047024483583,12.193648280508821
1778,2004-11-13,2004-11-13 23:00:00,189.839498230791,26.415099163731828
1779,2004-11-14,2004-11-14 23:00:00,190.6287894394474,12.587150399740135
1780,2004-11-15,2004-11-15 23:00:00,191.19120130734993,9.142779564514456
1781,2004-11-16,2004-11-16 23:00:00,208.6460724450532,37.83309846374134
1782,2004-11-17,2004-11-17 23:00:00,191.60080467412232,39.48110098962776
1783,2004-11-18,2004-11-18 23:00:00,187.5415072709612,9.501886540286115
1784,2004-11-19,2004-11-19 23:00:00,187.87177466572948,19.57919083609965
1785,2004-11-20,2004-11-20 23:00:00,178.39932286505632,7.034411609654544
1786,2004-11-21,2004-11-21 23:00:00,170.3819621949565,3.512750179201959
1787,2004-11-22,2004-11-22 23:00:00,183.9048564034238,37.21392772950964
1788,2004-11-23,2004-11-23 23:00:00,179.7754370099242,19.00782638631546
1789,2004-11-24,2004-11-24 23:00:00,183.23845817100906,38.33800574044145
1790,2004-11-25,2004-11-25 23:00:00,197.34171356231204,38.97959821689497
1791,2004-11-26,2004-11-26 23:00:00,184.5858534119841,9.908339780724178
1792,2004-11-27,2004-11-27 23:00:00,189.83901958239278,9.31385553032857
1793,2004-11-28,2004-11-28 23:00:00,190.90401226842096,2.2672731390348093
1794,2004-11-29,2004-11-29 23:00:00,196.5292079063422,38.84951829844548
1795,2004-11-30,2004-11-30 23:00:00,218.24560539545237,35.92212028691074
1796,2004-12-01,2004-12-01 23:00:00,197.72863934807916,14.525244863746202
1797,2004-12-02,2004-12-02 23:00:00,182.43385234764318,5.68208294462801
1798,2004-12-03,2004-12-03 23:00:00,186.25158389221374,17.545282920171044
1799,2004-12-04,2004-12-04 23:00:00,181.80154056057367,16.543204618850538
1800,2004-12-05,2004-12-05 23:00:00,183.1138857790198,21.631171078494102
1801,2004-12-06,2004-12-06 23:00:00,202.074530191019,40.260994686097234
1802,2004-12-07,2004-12-07 23:00:00,195.80784316471704,33.97435670035336
1803,2004-12-08,2004-12-08 23:00:00,193.1354310835177,10.836169808222744
1804,2004-12-09,2004-12-09 23:00:00,195.4150940320694,45.45381604369011
1805,2004-12-10,2004-12-10 23:00:00,201.28485628184671,43.04562176826087
1806,2004-12-11,2004-12-11 23:00:00,184.7125608633087,1.2370288802871823
1807,2004-12-12,2004-12-12 23:00:00,185.67892416052814,4.558603671664222
1808,2004-12-13,2004-12-13 23:00:00,192.50311929644815,27.21740716733696
1809,2004-12-14,2004-12-14 23:00:00,203.87280105262246,33.1836507962913
1810,2004-12-15,2004-12-15 23:00:00,186.62142663559402,7.122835097544297
1811,2004-12-16,2004-12-16 23:00:00,182.79176467994662,8.592248595298036
1812,2004-12-17,2004-12-17 23:00:00,182.6488383552468,10.41155432716822
1813,2004-12-18,2004-12-18 23:00:00,180.9067597298149,4.872517765108699
1814,2004-12-19,2004-12-19 23:00:00,180.72780356366312,5.495440543552368
1815,2004-12-20,2004-12-20 23:00:00,184.10410989839284,15.623938077311692
1816,2004-12-21,2004-12-21 23:00:00,190.88106060644873,41.20668238942054
1817,2004-12-22,2004-12-22 23:00:00,231.62222139255553,45.16003527008292
1818,2004-12-23,2004-12-23 23:00:00,198.19392538007375,19.422705568871464
1819,2004-12-24,2004-12-24 23:00:00,197.3468661936221,18.395610672406733
1820,2004-12-25,2004-12-25 23:00:00,203.9324531080064,7.2048225637927965
1821,2004-12-26,2004-12-26 23:00:00,204.6482777726134,8.034226178486472
1822,2004-12-27,2004-12-27 23:00:00,195.02043603364936,15.82020643568951
1823,2004-12-28,2004-12-28 23:00:00,195.18746178872436,8.933695431971467
1824,2004-12-29,2004-12-29 23:00:00,200.8901982834267,16.751822373522693
1825,2004-12-30,2004-12-30 23:00:00,199.45854895421272,13.818563112842336
1826,2004-12-31,2004-12-31 23:00:00,197.01281468347216,2.4882845130842335
1827,2005-01-01,2005-01-01 23:00:00,197.76116310979137,9.742081466171006
1828,2005-01-02,2005-01-02 23:00:00,205.09786163354647,21.868322272303082
1829,2005-01-03,2005-01-03 23:00:00,239.94717962138307,31.69580434912516
1830,2005-01-04,2005-01-04 23:00:00,219.46359067844756,12.896017016885216
1831,2005-01-05,2005-01-05 23:00:00,224.68092999961468,23.9494909118716
1832,2005-01-06,2005-01-06 23:00:00,252.13556587858912,17.221132542134345
1833,2005-01-07,2005-01-07 23:00:00,251.07056125417307,15.02606900198474
1834,2005-01-08,2005-01-08 23:00:00,247.37736188439249,17.468472136875743
1835,2005-01-09,2005-01-09 23:00:00,261.6259404206078,8.17071350423245
1836,2005-01-10,2005-01-10 23:00:00,262.4010271194884,10.647425155612455
1837,2005-01-11,2005-01-11 23:00:00,257.508395874921,23.1766439031634
1838,2005-01-12,2005-01-12 23:00:00,242.90552580031658,18.900475289292586
1839,2005-01-13,2005-01-13 23:00:00,244.1006976566057,12.447140211349652
1840,2005-01-14,2005-01-14 23:00:00,252.24206634103075,11.465609430426856
1841,2005-01-15,2005-01-15 23:00:00,252.2065661868835,2.98839239567669
1842,2005-01-16,2005-01-16 23:00:00,244.1598645801844,10.238086895210603
1843,2005-01-17,2005-01-17 23:00:00,235.35405134397092,17.80518494902361
1844,2005-01-18,2005-01-18 23:00:00,229.46635077865747,19.413869104916426
1845,2005-01-19,2005-01-19 23:00:00,223.24175375048708,20.275056275867485
1846,2005-01-20,2005-01-20 23:00:00,226.9304564340757,8.112559836473732
1847,2005-01-21,2005-01-21 23:00:00,226.33878719828897,15.388405748058249
1848,2005-01-22,2005-01-22 23:00:00,233.13115002512032,16.100571256040887
1849,2005-01-23,2005-01-23 23:00:00,225.82995165551242,17.109056939827976
1850,2005-01-24,2005-01-24 23:00:00,236.2775286871868,6.2197581979530225
1851,2005-01-25,2005-01-25 23:00:00,208.49439804850354,55.10380594667583
1852,2005-01-26,2005-01-26 23:00:00,214.7301184583068,27.15973439774155
1853,2005-01-27,2005-01-27 23:00:00,232.2140627096509,6.2207119766001355
1854,2005-01-28,2005-01-28 23:00:00,221.77110069801566,15.17504692773551
1855,2005-01-29,2005-01-29 23:00:00,233.79381956920142,7.990821058360563
1856,2005-01-30,2005-01-30 23:00:00,243.4971950361033,7.283061366143971
1857,2005-01-31,2005-01-31 23:00:00,242.4085236422558,9.236106487128744
1858,2005-02-01,2005-02-01 23:00:00,239.28794410346214,12.242495433796156
1859,2005-02-02,2005-02-02 23:00:00,229.15541929510132,14.172852706095316
1860,2005-02-03,2005-02-03 23:00:00,228.72200493913678,11.55196792646645
1861,2005-02-04,2005-02-04 23:00:00,222.40821202386914,9.496644252965229
1862,2005-02-05,2005-02-05 23:00:00,224.57528380369197,7.313218654391498
1863,2005-02-06,2005-02-06 23:00:00,224.90327304604352,3.3338142367003556
1864,2005-02-07,2005-02-07 23:00:00,189.95367649318177,51.74641077963487
1865,2005-02-08,2005-02-08 23:00:00,207.71042837901985,26.65978287129955
1866,2005-02-09,2005-02-09 23:00:00,210.3077517613989,10.76348207756551
1867,2005-02-10,2005-02-10 23:00:00,223.5913160766373,6.237858782687341
1868,2005-02-11,2005-02-11 23:00:00,212.1818588643927,9.718776534759375
1869,2005-02-12,2005-02-12 23:00:00,215.21587649515982,5.903620424455513
1870,2005-02-13,2005-02-13 23:00:00,206.25462469903945,14.208092909305584
1871,2005-02-14,2005-02-14 23:00:00,200.28065206665107,14.460739065105662
1872,2005-02-15,2005-02-15 23:00:00,195.64054139949744,8.548668235767614
1873,2005-02-16,2005-02-16 23:00:00,180.08330880067194,13.283360576493315
1874,2005-02-17,2005-02-17 23:00:00,204.20129490290347,25.949357035985543
1875,2005-02-18,2005-02-18 23:00:00,214.6342812850614,25.652731994431317
1876,2005-02-19,2005-02-19 23:00:00,193.90828964382067,25.810441001895693
1877,2005-02-20,2005-02-20 23:00:00,206.05560551234112,17.719087243487397
1878,2005-02-21,2005-02-21 23:00:00,176.1081963223861,40.97746612160758
1879,2005-02-22,2005-02-22 23:00:00,235.02420109190697,36.555781098558306
1880,2005-02-23,2005-02-23 23:00:00,201.30116716642496,54.07917611345346
1881,2005-02-24,2005-02-24 23:00:00,211.36200289752892,21.47811802324906
1882,2005-02-25,2005-02-25 23:00:00,195.08553674583254,24.393101609017442
1883,2005-02-26,2005-02-26 23:00:00,177.9527843935683,22.329252268497225
1884,2005-02-27,2005-02-27 23:00:00,186.16540074402124,26.162678447762246
1885,2005-02-28,2005-02-28 23:00:00,202.34229873286088,20.51593123521554
1886,2005-03-01,2005-03-01 23:00:00,171.8395586926575,20.96090228791837
1887,2005-03-02,2005-03-02 23:00:00,197.69220557642709,31.519820190680758
1888,2005-03-03,2005-03-03 23:00:00,193.97240026940986,26.366077940959137
1889,2005-03-04,2005-03-04 23:00:00,205.79324407161548,16.797234697777988
1890,2005-03-05,2005-03-05 23:00:00,214.39645628325124,0.4613287391224545
1891,2005-03-06,2005-03-06 23:00:00,210.73477293415613,3.7988824715736147
1892,2005-03-07,2005-03-07 23:00:00,202.23734268593876,13.226202912400845
1893,2005-03-08,2005-03-08 23:00:00,184.76588213454227,20.651659977059854
1894,2005-03-09,2005-03-09 23:00:00,193.3561912715193,17.548312988549178
1895,2005-03-10,2005-03-10 23:00:00,195.73930779024306,20.066474450741996
1896,2005-03-11,2005-03-11 23:00:00,157.19387149151984,39.59691157759256
1897,2005-03-12,2005-03-12 23:00:00,184.92862361672428,18.100935828788444
1898,2005-03-13,2005-03-13 23:00:00,170.32838778668176,8.286487309378316
1899,2005-03-14,2005-03-14 23:00:00,173.82732965359483,16.716242903692482
1900,2005-03-15,2005-03-15 23:00:00,182.13876963646143,21.315470329566846
1901,2005-03-16,2005-03-16 23:00:00,189.01959574703233,26.970028140141405
1902,2005-03-17,2005-03-17 23:00:00,202.79449977458037,21.319513104646816
1903,2005-03-18,2005-03-18 23:00:00,203.96937703201863,14.927511233144825
1904,2005-03-19,2005-03-19 23:00:00,201.0981523106647,14.106815836943932
1905,2005-03-20,2005-03-20 23:00:00,194.64661498130673,8.614983965553012
1906,2005-03-21,2005-03-21 23:00:00,195.13483942785277,7.499345395462577
1907,2005-03-22,2005-03-22 23:00:00,200.84241569580732,21.879387102528092
1908,2005-03-23,2005-03-23 23:00:00,196.43677128530882,8.245127769850761
1909,2005-03-24,2005-03-24 23:00:00,189.06690702078095,9.080844949715285
1910,2005-03-25,2005-03-25 23:00:00,188.49731183314398,7.923291382631569
1911,2005-03-26,2005-03-26 23:00:00,188.0323361697668,9.506442789094324
1912,2005-03-27,2005-03-27 23:00:00,197.59921044375164,5.4162679720114175
1913,2005-03-28,2005-03-28 23:00:00,195.45997366046925,22.550932340644707
1914,2005-03-29,2005-03-29 23:00:00,198.58728372842813,17.818243419603654
1915,2005-03-30,2005-03-30 23:00:00,209.6351054902692,18.622700089866903
1916,2005-03-31,2005-03-31 23:00:00,196.55301520115313,12.699880557691614
1917,2005-04-01,2005-04-01 23:00:00,200.65829684221072,14.038004498555887
1918,2005-04-02,2005-04-02 23:00:00,205.4037673322273,1.369391606823043
1919,2005-04-03,2005-04-03 23:00:00,203.8644956321756,2.4476455606343124
1920,2005-04-04,2005-04-04 23:00:00,207.2939466860051,9.567001087856058
1921,2005-04-05,2005-04-05 23:00:00,206.9083186179921,2.716685991152542
1922,2005-04-06,2005-04-06 23:00:00,208.81678405662765,6.828134619008268
1923,2005-04-07,2005-04-07 23:00:00,204.33623032762003,9.384390454317382
1924,2005-04-08,2005-04-08 23:00:00,201.84423045953625,4.004300240063124
1925,2005-04-09,2005-04-09 23:00:00,206.12132256082282,5.040243485419206
1926,2005-04-10,2005-04-10 23:00:00,194.46683683185984,6.642154298646183
1927,2005-04-11,2005-04-11 23:00:00,197.0708679033759,12.237270093659037
1928,2005-04-12,2005-04-12 23:00:00,186.7328645494571,3.405928068395456
1929,2005-04-13,2005-04-13 23:00:00,182.49118727074315,6.956307546800933
1930,2005-04-14,2005-04-14 23:00:00,198.92250759729527,25.017411404490876
1931,2005-04-15,2005-04-15 23:00:00,177.53438519243377,14.960853177253247
1932,2005-04-16,2005-04-16 23:00:00,175.43368439336314,14.70706575452614
1933,2005-04-17,2005-04-17 23:00:00,182.8354980457547,17.594341314274523
1934,2005-04-18,2005-04-18 23:00:00,162.350453616495,19.541010536972504
1935,2005-04-19,2005-04-19 23:00:00,179.71066075993545,47.94044244424089
1936,2005-04-20,2005-04-20 23:00:00,180.69324848425416,46.6094721207246
1937,2005-04-21,2005-04-21 23:00:00,182.37140184145338,33.75218408497844
1938,2005-04-22,2005-04-22 23:00:00,166.1582414513372,24.951617280443017
1939,2005-04-23,2005-04-23 23:00:00,192.03177844320658,24.40097261472221
1940,2005-04-24,2005-04-24 23:00:00,181.56241618856907,6.089009992257747
1941,2005-04-25,2005-04-25 23:00:00,181.77073867429036,18.569489742903666
1942,2005-04-26,2005-04-26 23:00:00,181.55373608499735,16.75408014298048
1943,2005-04-27,2005-04-27 23:00:00,186.78587104860173,13.828181289976841
1944,2005-04-28,2005-04-28 23:00:00,182.56768791688856,14.924209936879377
1945,2005-04-29,2005-04-29 23:00:00,187.48803356019675,10.875023990602717
1946,2005-04-30,2005-04-30 23:00:00,187.94981507021225,14.251857822172733
1947,2005-05-01,2005-05-01 23:00:00,186.82297504584312,8.699041841389803
1948,2005-05-02,2005-05-02 23:00:00,193.72602065018677,20.895039345753172
1949,2005-05-03,2005-05-03 23:00:00,209.8375838605118,23.344977515760938
1950,2005-05-04,2005-05-04 23:00:00,208.49109231350994,20.96464796783253
1951,2005-05-05,2005-05-05 23:00:00,206.6480517522567,14.251911904665983
1952,2005-05-06,2005-05-06 23:00:00,196.53841525272455,12.365852421929006
1953,2005-05-07,2005-05-07 23:00:00,200.80426460681966,12.785920598848486
1954,2005-05-08,2005-05-08 23:00:00,201.28836531709257,11.211006958107868
1955,2005-05-09,2005-05-09 23:00:00,201.12699841366825,7.727915917856611
1956,2005-05-10,2005-05-10 23:00:00,205.1180629836466,15.897003874259786
1957,2005-05-11,2005-05-11 23:00:00,206.1554216485171,14.231015171761948
1958,2005-05-12,2005-05-12 23:00:00,198.59008016769062,10.255328294638192
1959,2005-05-13,2005-05-13 23:00:00,200.9080004733067,12.597485564869745
1960,2005-05-14,2005-05-14 23:00:00,191.43345800082298,5.092444870134112
1961,2005-05-15,2005-05-15 23:00:00,188.22917234711198,3.159358465207283
1962,2005-05-16,2005-05-16 23:00:00,152.33333520452496,57.0794250037458
1963,2005-05-17,2005-05-17 23:00:00,189.493827821663,32.06865665217178
1964,2005-05-18,2005-05-18 23:00:00,186.47718882421964,20.669867719106154
1965,2005-05-19,2005-05-19 23:00:00,181.59837576125992,27.090466370579758
1966,2005-05-20,2005-05-20 23:00:00,177.30232774380963,11.953938541506107
1967,2005-05-21,2005-05-21 23:00:00,158.2430522562182,36.46432865109779
1968,2005-05-22,2005-05-22 23:00:00,176.56465047101287,4.280244348660411
1969,2005-05-23,2005-05-23 23:00:00,182.67354038636122,9.049357476285946
1970,2005-05-24,2005-05-24 23:00:00,188.1698123790666,22.853669126321062
1971,2005-05-25,2005-05-25 23:00:00,190.16534466405577,12.012787881119813
1972,2005-05-26,2005-05-26 23:00:00,199.67354366211086,12.143515807780313
1973,2005-05-27,2005-05-27 23:00:00,204.71164891116518,12.069254613853197
1974,2005-05-28,2005-05-28 23:00:00,192.03235973667492,10.085209947639076
1975,2005-05-29,2005-05-29 23:00:00,195.81341680805394,6.283633291550569
1976,2005-05-30,2005-05-30 23:00:00,190.91477866838775,5.99556703381924
1977,2005-05-31,2005-05-31 23:00:00,189.41637170801934,4.774340984880351
1978,2005-06-01,2005-06-01 23:00:00,186.5799791433691,9.407500085197734
1979,2005-06-02,2005-06-02 23:00:00,184.15878609089452,10.450808551821066
1980,2005-06-03,2005-06-03 23:00:00,174.81268242081592,14.948641832195898
1981,2005-06-04,2005-06-04 23:00:00,147.83400213008431,20.84233830022438
1982,2005-06-05,2005-06-05 23:00:00,143.52889357305267,18.25032058391609
1983,2005-06-06,2005-06-06 23:00:00,139.2926667529335,22.856792190334875
1984,2005-06-07,2005-06-07 23:00:00,114.25415538523744,38.74249024996101
1985,2005-06-08,2005-06-08 23:00:00,166.97394076017272,44.623069049677405
1986,2005-06-09,2005-06-09 23:00:00,176.9365359756182,14.205785544396866
1987,2005-06-10,2005-06-10 23:00:00,149.00843574444252,41.628570786586124
1988,2005-06-11,2005-06-11 23:00:00,110.36807739442355,38.36761825496059
1989,2005-06-12,2005-06-12 23:00:00,118.67429644291299,37.50067093745398
1990,2005-06-13,2005-06-13 23:00:00,152.04726837123258,51.08325705054336
1991,2005-06-14,2005-06-14 23:00:00,164.26229638371706,27.074434288628275
1992,2005-06-15,2005-06-15 23:00:00,164.88223201592962,9.882222252892156
1993,2005-06-16,2005-06-16 23:00:00,160.74932780117922,29.748296667833802
1994,2005-06-17,2005-06-17 23:00:00,161.61034951258557,18.596651592677567
1995,2005-06-18,2005-06-18 23:00:00,157.13303661327265,15.132659005851384
1996,2005-06-19,2005-06-19 23:00:00,151.87506402895133,6.446813777734462
1997,2005-06-20,2005-06-20 23:00:00,159.9571878266854,16.509151250321246
1998,2005-06-21,2005-06-21 23:00:00,179.51960110983723,14.019121084889813
1999,2005-06-22,2005-06-22 23:00:00,190.77028480554654,28.322597777148843
2000,2005-06-23,2005-06-23 23:00:00,205.7291020050458,65.96902894984916
2001,2005-06-24,2005-06-24 23:00:00,184.16911835143136,19.508977842125663
2002,2005-06-25,2005-06-25 23:00:00,167.56861975551735,8.048845613553334
2003,2005-06-26,2005-06-26 23:00:00,162.13821322312504,3.9767206492526
2004,2005-06-27,2005-06-27 23:00:00,180.17282958155747,25.190430487655014
2005,2005-06-28,2005-06-28 23:00:00,179.06038953042048,25.214855802308698
2006,2005-06-29,2005-06-29 23:00:00,185.1449429576919,15.226430467953582
2007,2005-06-30,2005-06-30 23:00:00,162.3565683291377,24.86211684373253
2008,2005-07-01,2005-07-01 23:00:00,166.55679015188107,8.775302827849847
2009,2005-07-02,2005-07-02 23:00:00,164.95608992151287,6.603603117568761
2010,2005-07-03,2005-07-03 23:00:00,165.52981760264845,8.337035117215509
2011,2005-07-04,2005-07-04 23:00:00,176.66013461667816,3.4879623262959063
2012,2005-07-05,2005-07-05 23:00:00,174.03246183707734,10.326938890409904
2013,2005-07-06,2005-07-06 23:00:00,189.0010170379039,9.915513279483461
2014,2005-07-07,2005-07-07 23:00:00,187.75602796983972,8.498105851546804
2015,2005-07-08,2005-07-08 23:00:00,185.99927381020265,8.297007090796999
2016,2005-07-09,2005-07-09 23:00:00,196.01770657819165,16.751272428738964
2017,2005-07-10,2005-07-10 23:00:00,216.59158122371252,6.5676159116789306
2018,2005-07-11,2005-07-11 23:00:00,235.88374822957653,29.423733329188757
2019,2005-07-12,2005-07-12 23:00:00,233.34442951287062,22.874401051394333
2020,2005-07-13,2005-07-13 23:00:00,270.1915161061202,35.76662973686885
2021,2005-07-14,2005-07-14 23:00:00,285.91796557372686,39.941140039314725
2022,2005-07-15,2005-07-15 23:00:00,276.51399515223403,45.377293375156725
2023,2005-07-16,2005-07-16 23:00:00,260.1948849900144,14.384898766723525
2024,2005-07-17,2005-07-17 23:00:00,258.4725544912455,17.183695662601785
2025,2005-07-18,2005-07-18 23:00:00,269.4089515490514,20.92135258020967
2026,2005-07-19,2005-07-19 23:00:00,241.37409264697135,9.163331232066104
2027,2005-07-20,2005-07-20 23:00:00,244.2452554544461,3.2757790735179815
2028,2005-07-21,2005-07-21 23:00:00,201.01567789963588,38.87838479852492
2029,2005-07-22,2005-07-22 23:00:00,200.9507319261313,15.928494454836578
2030,2005-07-23,2005-07-23 23:00:00,203.50714772773514,13.279031625424677
2031,2005-07-24,2005-07-24 23:00:00,206.42512671399058,0.37217197724193973
2032,2005-07-25,2005-07-25 23:00:00,209.58980860313423,13.054716398550347
2033,2005-07-26,2005-07-26 23:00:00,203.2093830612258,4.241315982299003
2034,2005-07-27,2005-07-27 23:00:00,202.0705336141717,5.779017990307456
2035,2005-07-28,2005-07-28 23:00:00,212.403369151423,13.491142681009103
2036,2005-07-29,2005-07-29 23:00:00,200.81120135407915,3.7410870198938144
2037,2005-07-30,2005-07-30 23:00:00,204.8225905550427,10.601403755173775
2038,2005-07-31,2005-07-31 23:00:00,198.4383784104388,1.529329815456928
2039,2005-08-01,2005-08-01 23:00:00,198.2141610428295,10.089518570360793
2040,2005-08-02,2005-08-02 23:00:00,210.49881815130394,26.02810240697522
2041,2005-08-03,2005-08-03 23:00:00,199.2966704315961,20.46243935350891
2042,2005-08-04,2005-08-04 23:00:00,229.9449736667848,21.618031454266035
2043,2005-08-05,2005-08-05 23:00:00,248.26960631118178,43.46876212598982
2044,2005-08-06,2005-08-06 23:00:00,202.11298487275428,14.91842811294346
2045,2005-08-07,2005-08-07 23:00:00,200.81785200535887,5.782992887206373
2046,2005-08-08,2005-08-08 23:00:00,203.8467899251459,19.235018794542473
2047,2005-08-09,2005-08-09 23:00:00,223.06024149315817,31.879314656572575
2048,2005-08-10,2005-08-10 23:00:00,231.4430913877659,13.782494234711045
2049,2005-08-11,2005-08-11 23:00:00,267.44347066919573,23.966370948532408
2050,2005-08-12,2005-08-12 23:00:00,281.2193607664777,31.04468582451289
2051,2005-08-13,2005-08-13 23:00:00,234.48384809778432,12.793316844746622
2052,2005-08-14,2005-08-14 23:00:00,242.0155156046594,14.972141690676041
2053,2005-08-15,2005-08-15 23:00:00,245.2691252843791,7.284415287458902
2054,2005-08-16,2005-08-16 23:00:00,256.57156060274946,26.52484935560516
2055,2005-08-17,2005-08-17 23:00:00,257.884938010405,19.81405762846889
2056,2005-08-18,2005-08-18 23:00:00,238.69317334873963,16.322711825389305
2057,2005-08-19,2005-08-19 23:00:00,258.9104188676667,31.779992538956723
2058,2005-08-20,2005-08-20 23:00:00,241.5295682587376,11.900301550209427
2059,2005-08-21,2005-08-21 23:00:00,237.55914321420713,18.25491522989491
2060,2005-08-22,2005-08-22 23:00:00,224.29949328441094,68.9998713169283
2061,2005-08-23,2005-08-23 23:00:00,268.0515072656632,36.32561763538525
2062,2005-08-24,2005-08-24 23:00:00,247.63403078601985,27.54944502738321
2063,2005-08-25,2005-08-25 23:00:00,227.76285780435379,15.08394183716121
2064,2005-08-26,2005-08-26 23:00:00,230.145663609646,17.780918744879042
2065,2005-08-27,2005-08-27 23:00:00,232.6959978978297,17.853217636589925
2066,2005-08-28,2005-08-28 23:00:00,243.56056424995745,3.403419145424257
2067,2005-08-29,2005-08-29 23:00:00,242.2935440389377,24.753911584358725
2068,2005-08-30,2005-08-30 23:00:00,238.45438788785103,24.229519188202865
2069,2005-08-31,2005-08-31 23:00:00,263.23942371290684,16.52176345183721
2070,2005-09-01,2005-09-01 23:00:00,252.44181461042987,11.99057182798183
2071,2005-09-02,2005-09-02 23:00:00,267.5805000886107,15.01737015452664
2072,2005-09-03,2005-09-03 23:00:00,259.23994129685826,3.2617531633890553
2073,2005-09-04,2005-09-04 23:00:00,260.6566937491559,4.096296983538661
2074,2005-09-05,2005-09-05 23:00:00,267.8661356636707,10.637154720324201
2075,2005-09-06,2005-09-06 23:00:00,250.2239114972039,21.33775542019527
2076,2005-09-07,2005-09-07 23:00:00,249.64258597484175,15.761701284779566
2077,2005-09-08,2005-09-08 23:00:00,259.5827039869303,54.932882482847106
2078,2005-09-09,2005-09-09 23:00:00,258.2116532266422,58.1683085623039
2079,2005-09-10,2005-09-10 23:00:00,246.21495907412157,12.582809586098868
2080,2005-09-11,2005-09-11 23:00:00,247.85976296954718,8.184064295895482
2081,2005-09-12,2005-09-12 23:00:00,251.0155790570403,13.485835923480144
2082,2005-09-13,2005-09-13 23:00:00,259.2742175658655,17.557210013891368
2083,2005-09-14,2005-09-14 23:00:00,256.2122042012221,11.790322427915152
2084,2005-09-15,2005-09-15 23:00:00,246.70053955172355,12.763960538679907
2085,2005-09-16,2005-09-16 23:00:00,240.01666709531924,1.240158486219353
2086,2005-09-17,2005-09-17 23:00:00,229.64329704297964,12.356365148058922
2087,2005-09-18,2005-09-18 23:00:00,232.13163991867248,3.109996327879748
2088,2005-09-19,2005-09-19 23:00:00,255.14735477739836,16.457898313943634
2089,2005-09-20,2005-09-20 23:00:00,246.55532242536307,12.540515423531277
2090,2005-09-21,2005-09-21 23:00:00,252.43701593276887,13.160817450511292
2091,2005-09-22,2005-09-22 23:00:00,235.57971832656696,14.217503345326456
2092,2005-09-23,2005-09-23 23:00:00,228.38889985154609,13.776769249301838
2093,2005-09-24,2005-09-24 23:00:00,217.9758835813882,13.119531798878425
2094,2005-09-25,2005-09-25 23:00:00,211.5959273768477,12.080730321312188
2095,2005-09-26,2005-09-26 23:00:00,213.7644726627033,31.08626461737713
2096,2005-09-27,2005-09-27 23:00:00,201.03883652262948,22.49006221015058
2097,2005-09-28,2005-09-28 23:00:00,223.08533274806175,27.359498754297533
2098,2005-09-29,2005-09-29 23:00:00,204.71782272940246,38.000864018487306
2099,2005-09-30,2005-09-30 23:00:00,194.33439830482084,39.544643642161056
2100,2005-10-01,2005-10-01 23:00:00,190.79872858176995,24.75471377260506
2101,2005-10-02,2005-10-02 23:00:00,187.4861197224724,9.001532609402583
2102,2005-10-03,2005-10-03 23:00:00,197.7903167364897,35.24243085935075
2103,2005-10-04,2005-10-04 23:00:00,160.20850704605297,53.27721271767654
2104,2005-10-05,2005-10-05 23:00:00,199.55719345084322,32.71467793593399
2105,2005-10-06,2005-10-06 23:00:00,202.14515487316362,27.005652709472532
2106,2005-10-07,2005-10-07 23:00:00,199.9102268175756,22.059462781583925
2107,2005-10-08,2005-10-08 23:00:00,202.43047696452018,5.5327258214232
2108,2005-10-09,2005-10-09 23:00:00,207.95738131906396,1.4828835073901088
2109,2005-10-10,2005-10-10 23:00:00,216.05252647195505,16.760397493286163
2110,2005-10-11,2005-10-11 23:00:00,237.17456865965914,21.839676223951216
2111,2005-10-12,2005-10-12 23:00:00,279.52090390040763,26.53286305617915
2112,2005-10-13,2005-10-13 23:00:00,261.16989436104024,32.47883309592468
2113,2005-10-14,2005-10-14 23:00:00,273.8813754043297,38.45395295220658
2114,2005-10-15,2005-10-15 23:00:00,287.4477967932739,26.160769569851038
2115,2005-10-16,2005-10-16 23:00:00,245.5502482379712,20.24337689456872
2116,2005-10-17,2005-10-17 23:00:00,251.2629596276373,18.98926986413764
2117,2005-10-18,2005-10-18 23:00:00,238.66820643954136,22.819438747478163
2118,2005-10-19,2005-10-19 23:00:00,239.7628720581179,21.29394609745022
2119,2005-10-20,2005-10-20 23:00:00,239.69413485432722,29.097166102162827
2120,2005-10-21,2005-10-21 23:00:00,237.87128804534487,25.5522225230207
2121,2005-10-22,2005-10-22 23:00:00,236.8629144056564,9.195200741133027
2122,2005-10-23,2005-10-23 23:00:00,235.0891981685377,18.605513437045325
2123,2005-10-24,2005-10-24 23:00:00,270.71855209359086,39.86131032709178
2124,2005-10-25,2005-10-25 23:00:00,212.06234889071447,27.888674426742796
2125,2005-10-26,2005-10-26 23:00:00,201.6393721646742,44.33313634878814
2126,2005-10-27,2005-10-27 23:00:00,206.864767557317,28.47385320705214
2127,2005-10-28,2005-10-28 23:00:00,206.38942072513285,11.181992863542884
2128,2005-10-29,2005-10-29 23:00:00,196.1723136343263,16.28270941278561
2129,2005-10-30,2005-10-30 23:00:00,194.50677584894444,19.27522743210828
2130,2005-10-31,2005-10-31 23:00:00,171.35772709771558,39.28515023613811
2131,2005-11-01,2005-11-01 23:00:00,196.83604403088796,42.71933954053481
2132,2005-11-02,2005-11-02 23:00:00,196.08110714763464,23.632872145502574
2133,2005-11-03,2005-11-03 23:00:00,168.36888859184333,49.92426788400656
2134,2005-11-04,2005-11-04 23:00:00,161.12308864780974,56.35481397071052
2135,2005-11-05,2005-11-05 23:00:00,154.24872220500882,20.780015379582988
2136,2005-11-06,2005-11-06 23:00:00,149.4116605457929,14.965472399960973
2137,2005-11-07,2005-11-07 23:00:00,157.78087033751535,1.9290259224443087
2138,2005-11-08,2005-11-08 23:00:00,164.50436327046552,51.37527710867413
2139,2005-11-09,2005-11-09 23:00:00,163.40885078874902,45.59552756636925
2140,2005-11-10,2005-11-10 23:00:00,168.93867805847978,32.77730198409054
2141,2005-11-11,2005-11-11 23:00:00,164.26877286149852,31.005525516301386
2142,2005-11-12,2005-11-12 23:00:00,140.08471710021766,20.793089709549513
2143,2005-11-13,2005-11-13 23:00:00,105.29431052982703,28.316851599962188
2144,2005-11-14,2005-11-14 23:00:00,124.25336044467561,29.940296802461557
2145,2005-11-15,2005-11-15 23:00:00,122.57701341673362,57.91730045929772
2146,2005-11-16,2005-11-16 23:00:00,146.51397822225886,52.69153252886733
2147,2005-11-17,2005-11-17 23:00:00,135.7020978393523,49.45531478530082
2148,2005-11-18,2005-11-18 23:00:00,133.1856415618412,40.33376792263534
2149,2005-11-19,2005-11-19 23:00:00,128.62869223034826,28.37414532556196
2150,2005-11-20,2005-11-20 23:00:00,129.7696375652198,26.074999934535125
2151,2005-11-21,2005-11-21 23:00:00,140.4209657602851,56.8674206739289
2152,2005-11-22,2005-11-22 23:00:00,173.72620765974466,49.87197348027966
2153,2005-11-23,2005-11-23 23:00:00,163.99458160736972,57.43552509443742
2154,2005-11-24,2005-11-24 23:00:00,161.99792727134448,64.14007257107298
2155,2005-11-25,2005-11-25 23:00:00,152.50769883473077,44.82178610243768
2156,2005-11-26,2005-11-26 23:00:00,123.23368325168413,74.31445314923793
2157,2005-11-27,2005-11-27 23:00:00,111.25375723553283,53.21382495634072
2158,2005-11-28,2005-11-28 23:00:00,190.1218881755286,70.14612075033396
2159,2005-11-29,2005-11-29 23:00:00,190.72652088293057,52.69496378709553
2160,2005-11-30,2005-11-30 23:00:00,188.64674378298756,55.422701108127434
2161,2005-12-01,2005-12-01 23:00:00,182.8702488111503,32.67583988191589
2162,2005-12-02,2005-12-02 23:00:00,211.31704307897965,31.124166837546756
2163,2005-12-03,2005-12-03 23:00:00,214.01379917556991,20.226930986175045
2164,2005-12-04,2005-12-04 23:00:00,203.20595173580497,12.53057134625835
2165,2005-12-05,2005-12-05 23:00:00,222.09291632198756,25.434227446609675
2166,2005-12-06,2005-12-06 23:00:00,212.00147294906364,21.084892334767325
2167,2005-12-07,2005-12-07 23:00:00,214.18686947189533,15.891474042827408
2168,2005-12-08,2005-12-08 23:00:00,211.76411289769285,9.31204021236109
2169,2005-12-09,2005-12-09 23:00:00,230.6565392683749,16.599192349972483
2170,2005-12-10,2005-12-10 23:00:00,224.00203757889017,16.40075351918774
2171,2005-12-11,2005-12-11 23:00:00,221.2961785081342,4.280273724563747
2172,2005-12-12,2005-12-12 23:00:00,221.26204235501282,14.185309360159746
2173,2005-12-13,2005-12-13 23:00:00,208.92500904258645,14.349369552276498
2174,2005-12-14,2005-12-14 23:00:00,227.82756247202784,35.896144820570704
2175,2005-12-15,2005-12-15 23:00:00,230.05779114262563,12.953759330384987
2176,2005-12-16,2005-12-16 23:00:00,220.9946424888952,8.801816938549193
2177,2005-12-17,2005-12-17 23:00:00,215.20856453481875,1.8619073355121183
2178,2005-12-18,2005-12-18 23:00:00,216.24163831544922,7.129322429076832
2179,2005-12-19,2005-12-19 23:00:00,224.7075180767323,25.49596885146876
2180,2005-12-20,2005-12-20 23:00:00,234.08130572386742,36.00958588938625
2181,2005-12-21,2005-12-21 23:00:00,222.85563176989658,33.774329674584514
2182,2005-12-22,2005-12-22 23:00:00,236.71479615000598,49.88536388409907
2183,2005-12-23,2005-12-23 23:00:00,266.7062513465784,53.94470075439092
2184,2005-12-24,2005-12-24 23:00:00,219.02043496670785,14.439319284001318
2185,2005-12-25,2005-12-25 23:00:00,210.6445608624882,2.472693276677327
2186,2005-12-26,2005-12-26 23:00:00,213.3127563776335,23.517424248248467
2187,2005-12-27,2005-12-27 23:00:00,215.0265050515046,33.424574112558545
2188,2005-12-28,2005-12-28 23:00:00,213.9886522094371,32.55431109703914
2189,2005-12-29,2005-12-29 23:00:00,210.05286754171732,8.738830234016332
2190,2005-12-30,2005-12-30 23:00:00,207.67471554092677,3.859077138347704
2191,2005-12-31,2005-12-31 23:00:00,207.3231131637764,1.1646382999521547
2192,2006-01-01,2006-01-01 23:00:00,211.23569144735006,11.67961963437011
2193,2006-01-02,2006-01-02 23:00:00,217.99580474104837,10.903152759499706
2194,2006-01-03,2006-01-03 23:00:00,224.24843702808448,19.87897193182275
2195,2006-01-04,2006-01-04 23:00:00,217.82264552155837,9.272812478078498
2196,2006-01-05,2006-01-05 23:00:00,238.74842790510536,2.640055627014484
2197,2006-01-06,2006-01-06 23:00:00,233.21683966210253,12.92558876248732
2198,2006-01-07,2006-01-07 23:00:00,215.16753748937802,6.737297529244768
2199,2006-01-08,2006-01-08 23:00:00,216.01635719276047,7.592074229617516
2200,2006-01-09,2006-01-09 23:00:00,223.0332667407221,6.591467431264804
2201,2006-01-10,2006-01-10 23:00:00,218.36589013172315,9.93129983567003
2202,2006-01-11,2006-01-11 23:00:00,229.0202750485797,5.803344990987341
2203,2006-01-12,2006-01-12 23:00:00,225.86719279041498,3.4356254986432067
2204,2006-01-13,2006-01-13 23:00:00,223.0310032215131,8.369887735069799
2205,2006-01-14,2006-01-14 23:00:00,217.0213597215653,8.562653529306019
2206,2006-01-15,2006-01-15 23:00:00,220.8240719927187,3.815656970290572
2207,2006-01-16,2006-01-16 23:00:00,222.41079895824166,11.469003007577227
2208,2006-01-17,2006-01-17 23:00:00,221.84491915598664,8.314659705295412
2209,2006-01-18,2006-01-18 23:00:00,219.9661982125002,7.3783001376824435
2210,2006-01-19,2006-01-19 23:00:00,221.60724963903954,12.516974701181763
2211,2006-01-20,2006-01-20 23:00:00,215.6643799557579,3.2168468534036165
2212,2006-01-21,2006-01-21 23:00:00,176.5899269062104,50.61071665721007
2213,2006-01-22,2006-01-22 23:00:00,199.78217107374894,16.895015352377964
2214,2006-01-23,2006-01-23 23:00:00,218.95666864527732,10.332468839307497
2215,2006-01-24,2006-01-24 23:00:00,212.6142878216036,4.067578027937129
2216,2006-01-25,2006-01-25 23:00:00,212.7902764401049,27.811274109146947
2217,2006-01-26,2006-01-26 23:00:00,223.8820864441046,37.21919268464367
2218,2006-01-27,2006-01-27 23:00:00,213.4676345634041,1.5582944787017718
2219,2006-01-28,2006-01-28 23:00:00,211.49610933234774,1.833365326046092
2220,2006-01-29,2006-01-29 23:00:00,185.66030108059485,11.383162036139028
2221,2006-01-30,2006-01-30 23:00:00,203.57831913919622,13.575563781770878
2222,2006-01-31,2006-01-31 23:00:00,162.3341697518427,43.94026623222158
2223,2006-02-01,2006-02-01 23:00:00,183.48123463758859,8.708173616728047
2224,2006-02-02,2006-02-02 23:00:00,190.1530656227878,12.215932569655827
2225,2006-02-03,2006-02-03 23:00:00,185.1699926658611,7.290307568313076
2226,2006-02-04,2006-02-04 23:00:00,172.88748237794175,27.55599779305535
2227,2006-02-05,2006-02-05 23:00:00,155.2621104719458,31.36725532884047
2228,2006-02-06,2006-02-06 23:00:00,166.67685548275415,9.735605597671507
2229,2006-02-07,2006-02-07 23:00:00,165.30516121211997,10.973456245719202
2230,2006-02-08,2006-02-08 23:00:00,163.09021226691564,10.210959522604568
2231,2006-02-09,2006-02-09 23:00:00,158.58161060688045,10.897251970694425
2232,2006-02-10,2006-02-10 23:00:00,161.5048934787237,13.648458904205214
2233,2006-02-11,2006-02-11 23:00:00,187.9841021658367,35.98902096050424
2234,2006-02-12,2006-02-12 23:00:00,199.6762217476003,19.17452269321219
2235,2006-02-13,2006-02-13 23:00:00,207.771466623474,25.642830995289632
2236,2006-02-14,2006-02-14 23:00:00,203.4989762723184,24.517822006935866
2237,2006-02-15,2006-02-15 23:00:00,228.79324349072542,25.08553166749371
2238,2006-02-16,2006-02-16 23:00:00,206.53469310077108,28.11276131803041
2239,2006-02-17,2006-02-17 23:00:00,235.9932892040754,28.493953724209717
2240,2006-02-18,2006-02-18 23:00:00,222.12928288248887,18.62994698088763
2241,2006-02-19,2006-02-19 23:00:00,221.42544631411428,42.09721255538463
2242,2006-02-20,2006-02-20 23:00:00,225.76089968097108,31.55210147434607
2243,2006-02-21,2006-02-21 23:00:00,226.87365854953393,25.33870242216499
2244,2006-02-22,2006-02-22 23:00:00,210.18519880396366,13.38758454699441
2245,2006-02-23,2006-02-23 23:00:00,211.5191152651771,16.94241631581942
2246,2006-02-24,2006-02-24 23:00:00,238.4096073655671,27.77636218158963
2247,2006-02-25,2006-02-25 23:00:00,233.57494723136475,20.533941585720143
2248,2006-02-26,2006-02-26 23:00:00,257.97322824955177,19.723668954732787
2249,2006-02-27,2006-02-27 23:00:00,246.11144582726465,18.496325635873298
2250,2006-02-28,2006-02-28 23:00:00,239.7027103005313,32.69103087064534
2251,2006-03-01,2006-03-01 23:00:00,217.96301275880205,32.68150652441749
2252,2006-03-02,2006-03-02 23:00:00,227.37318476350606,26.28856813515587
2253,2006-03-03,2006-03-03 23:00:00,217.56318568094534,21.10036728697312
2254,2006-03-04,2006-03-04 23:00:00,231.5612645430109,21.182525576544982
2255,2006-03-05,2006-03-05 23:00:00,244.14560130515406,0.7406179269897109
2256,2006-03-06,2006-03-06 23:00:00,231.64053771399062,14.716102097980837
2257,2006-03-07,2006-03-07 23:00:00,234.18877937775065,19.170222824943526
2258,2006-03-08,2006-03-08 23:00:00,227.84424604289106,13.173198734890308
2259,2006-03-09,2006-03-09 23:00:00,213.10178094009072,8.649258653006704
2260,2006-03-10,2006-03-10 23:00:00,183.73386240095024,56.45957079833567
2261,2006-03-11,2006-03-11 23:00:00,209.9799811364395,4.6197637001475576
2262,2006-03-12,2006-03-12 23:00:00,184.454689995098,23.846245048253888
2263,2006-03-13,2006-03-13 23:00:00,168.06144484591061,42.53470750083703
2264,2006-03-14,2006-03-14 23:00:00,160.7350407144377,43.43745246168641
2265,2006-03-15,2006-03-15 23:00:00,171.40409300477003,13.24055221205069
2266,2006-03-16,2006-03-16 23:00:00,175.9825094120847,4.804856398722862
2267,2006-03-17,2006-03-17 23:00:00,171.48135643338682,29.187413443891174
2268,2006-03-18,2006-03-18 23:00:00,173.48082677973107,2.0645422900731356
2269,2006-03-19,2006-03-19 23:00:00,157.6150273484424,5.302017477446644
2270,2006-03-20,2006-03-20 23:00:00,121.1136399446641,38.50824542054082
2271,2006-03-21,2006-03-21 23:00:00,143.11786246626517,29.420608861940796
2272,2006-03-22,2006-03-22 23:00:00,150.39112007747565,14.183096989620116
2273,2006-03-23,2006-03-23 23:00:00,140.4835368379624,35.42066468700856
2274,2006-03-24,2006-03-24 23:00:00,141.63668234483325,27.96826997720353
2275,2006-03-25,2006-03-25 23:00:00,137.19381189465844,14.883350856494904
2276,2006-03-26,2006-03-26 23:00:00,125.11302724676655,11.727085393221792
2277,2006-03-27,2006-03-27 23:00:00,127.24558719847391,27.2623405987142
2278,2006-03-28,2006-03-28 23:00:00,141.87204550599552,28.252237602216308
2279,2006-03-29,2006-03-29 23:00:00,152.9538765471897,38.04191039074687
2280,2006-03-30,2006-03-30 23:00:00,146.67309670617433,22.265338214889695
2281,2006-03-31,2006-03-31 23:00:00,134.81561676526755,24.22764483255372
2282,2006-04-01,2006-04-01 23:00:00,157.05492036479546,29.5386758494816
2283,2006-04-02,2006-04-02 23:00:00,142.60513839073062,18.649399629926112
2284,2006-04-03,2006-04-03 23:00:00,176.23934013091616,14.720629746414064
2285,2006-04-04,2006-04-04 23:00:00,187.45859546425618,45.25830741747313
2286,2006-04-05,2006-04-05 23:00:00,186.93051150918868,22.63895217884318
2287,2006-04-06,2006-04-06 23:00:00,170.17543354941535,18.636796596977216
2288,2006-04-07,2006-04-07 23:00:00,173.7722065870981,11.766915315950238
2289,2006-04-08,2006-04-08 23:00:00,154.6847115123727,21.697417440263315
2290,2006-04-09,2006-04-09 23:00:00,113.69668226907852,33.728388341025244
2291,2006-04-10,2006-04-10 23:00:00,131.89607151324412,29.533519766012876
2292,2006-04-11,2006-04-11 23:00:00,136.11385171930462,26.78337389278069
2293,2006-04-12,2006-04-12 23:00:00,114.87378373911967,26.279775351377438
2294,2006-04-13,2006-04-13 23:00:00,104.11869986365419,23.00777769724359
2295,2006-04-14,2006-04-14 23:00:00,120.89200677914863,21.503660513032305
2296,2006-04-15,2006-04-15 23:00:00,128.15535641666585,6.77845989928702
2297,2006-04-16,2006-04-16 23:00:00,108.61791736170186,18.759107998235223
2298,2006-04-17,2006-04-17 23:00:00,119.7066800485992,20.198603932449572
2299,2006-04-18,2006-04-18 23:00:00,117.70694137555766,24.75001403164088
2300,2006-04-19,2006-04-19 23:00:00,115.8351388490711,31.559649065104253
2301,2006-04-20,2006-04-20 23:00:00,120.83643069463297,24.686592747548616
2302,2006-04-21,2006-04-21 23:00:00,134.47991483454499,23.90971517878752
2303,2006-04-22,2006-04-22 23:00:00,160.38948543573346,29.332170787980843
2304,2006-04-23,2006-04-23 23:00:00,151.052703237107,21.934747745690725
2305,2006-04-24,2006-04-24 23:00:00,181.8824246004646,46.49873528158857
2306,2006-04-25,2006-04-25 23:00:00,165.90074343281083,47.77165879214285
2307,2006-04-26,2006-04-26 23:00:00,161.49989560435586,30.791426407688945
2308,2006-04-27,2006-04-27 23:00:00,164.11308309828095,38.74601834534987
2309,2006-04-28,2006-04-28 23:00:00,146.54881734796,34.64608869443165
2310,2006-04-29,2006-04-29 23:00:00,124.70897226368236,32.7254155105976
2311,2006-04-30,2006-04-30 23:00:00,150.60776110447483,18.37676832772716
2312,2006-05-01,2006-05-01 23:00:00,125.61024028377425,21.47935781518099
2313,2006-05-02,2006-05-02 23:00:00,158.11535159983373,35.5524780600639
2314,2006-05-03,2006-05-03 23:00:00,178.44468676851616,35.5049344501802
2315,2006-05-04,2006-05-04 23:00:00,168.86164866447785,22.717460379863258
2316,2006-05-05,2006-05-05 23:00:00,150.47107843013848,28.4218831540576
2317,2006-05-06,2006-05-06 23:00:00,133.07758730488976,38.16963043639664
2318,2006-05-07,2006-05-07 23:00:00,164.87333222811512,9.708848349620009
2319,2006-05-08,2006-05-08 23:00:00,166.0942002039128,29.177069073949397
2320,2006-05-09,2006-05-09 23:00:00,164.0978262543779,21.817641818716666
2321,2006-05-10,2006-05-10 23:00:00,163.21153371296398,23.78559485506256
2322,2006-05-11,2006-05-11 23:00:00,179.05401289073828,23.777595316563726
2323,2006-05-12,2006-05-12 23:00:00,149.64017917256288,23.712194931510737
2324,2006-05-13,2006-05-13 23:00:00,135.29331865842462,9.580956627436676
2325,2006-05-14,2006-05-14 23:00:00,136.40118433519206,13.470024820599502
2326,2006-05-15,2006-05-15 23:00:00,155.1783996907233,23.67158273092567
2327,2006-05-16,2006-05-16 23:00:00,159.3328959786012,22.27449347174447
2328,2006-05-17,2006-05-17 23:00:00,152.24366351296638,20.10341250342844
2329,2006-05-18,2006-05-18 23:00:00,109.51383829288483,32.73593825911502
2330,2006-05-19,2006-05-19 23:00:00,138.61691568872695,19.170558377467437
2331,2006-05-20,2006-05-20 23:00:00,141.8297261513525,14.233207001457174
2332,2006-05-21,2006-05-21 23:00:00,117.34367896343868,12.668444934231193
2333,2006-05-22,2006-05-22 23:00:00,127.56041623458793,13.966631951845976
2334,2006-05-23,2006-05-23 23:00:00,120.66838385941774,22.89404415678829
2335,2006-05-24,2006-05-24 23:00:00,118.16028675378395,35.8541480588411
2336,2006-05-25,2006-05-25 23:00:00,122.2205036725689,26.29892043907846
2337,2006-05-26,2006-05-26 23:00:00,128.52315150769883,29.055909762141724
2338,2006-05-27,2006-05-27 23:00:00,125.87646040590145,20.317181237603535
2339,2006-05-28,2006-05-28 23:00:00,121.95461591014475,15.4605820774522
2340,2006-05-29,2006-05-29 23:00:00,123.81583024711402,19.777521746857413
2341,2006-05-30,2006-05-30 23:00:00,156.37046315892508,36.24325246017102
2342,2006-05-31,2006-05-31 23:00:00,136.88853444640208,31.957900327561884
2343,2006-06-01,2006-06-01 23:00:00,136.44341644875328,28.570986973562007
2344,2006-06-02,2006-06-02 23:00:00,127.71414093363478,28.772603449027642
2345,2006-06-03,2006-06-03 23:00:00,125.03074197925939,23.881668781849587
2346,2006-06-04,2006-06-04 23:00:00,124.73516382819703,14.989386990463622
2347,2006-06-05,2006-06-05 23:00:00,133.949337730148,44.86704685376871
2348,2006-06-06,2006-06-06 23:00:00,139.26002439049088,46.72620432634402
2349,2006-06-07,2006-06-07 23:00:00,124.90084664829926,38.30483446667685
2350,2006-06-08,2006-06-08 23:00:00,118.39503457895243,46.38558763313188
2351,2006-06-09,2006-06-09 23:00:00,118.59385396307509,45.092683072753026
2352,2006-06-10,2006-06-10 23:00:00,112.12117845774871,23.259119511616827
2353,2006-06-11,2006-06-11 23:00:00,99.37464683121858,7.384622877575818
2354,2006-06-12,2006-06-12 23:00:00,135.313680526083,60.64280838409118
2355,2006-06-13,2006-06-13 23:00:00,132.0241033605603,29.77186683053748
2356,2006-06-14,2006-06-14 23:00:00,143.96342828755243,53.35825126362171
2357,2006-06-15,2006-06-15 23:00:00,145.5882244766881,47.31593520344773
2358,2006-06-16,2006-06-16 23:00:00,141.79287288900005,19.99084123850645
2359,2006-06-17,2006-06-17 23:00:00,137.85658044901174,29.739610907036248
2360,2006-06-18,2006-06-18 23:00:00,111.11603601579527,9.036012850116553
2361,2006-06-19,2006-06-19 23:00:00,125.80591666691093,23.95969059523726
2362,2006-06-20,2006-06-20 23:00:00,163.4206664042891,56.60482457217097
2363,2006-06-21,2006-06-21 23:00:00,177.21265662566415,71.48807664803691
2364,2006-06-22,2006-06-22 23:00:00,169.9703291933563,65.55552552282674
2365,2006-06-23,2006-06-23 23:00:00,154.23576313388955,54.92267515976875
2366,2006-06-24,2006-06-24 23:00:00,167.31995634778795,64.82820204861909
2367,2006-06-25,2006-06-25 23:00:00,121.04143103683833,30.897699660234824
2368,2006-06-26,2006-06-26 23:00:00,129.81610364466482,51.13873596918416
2369,2006-06-27,2006-06-27 23:00:00,167.3633652466547,53.46922846084461
2370,2006-06-28,2006-06-28 23:00:00,175.9500430812719,63.875833462477885
2371,2006-06-29,2006-06-29 23:00:00,171.3472638836191,45.46194889577667
2372,2006-06-30,2006-06-30 23:00:00,182.17077024482947,57.08480190957835
2373,2006-07-01,2006-07-01 23:00:00,164.61464780155808,65.8296477349632
2374,2006-07-02,2006-07-02 23:00:00,101.15872921227337,43.05470788457192
2375,2006-07-03,2006-07-03 23:00:00,129.9675072438424,73.1611374287821
2376,2006-07-04,2006-07-04 23:00:00,167.52634877952423,72.78435951337954
2377,2006-07-05,2006-07-05 23:00:00,177.09484347771573,75.54336588270921
2378,2006-07-06,2006-07-06 23:00:00,162.03570950666827,58.71757843549474
2379,2006-07-07,2006-07-07 23:00:00,153.67308076942982,49.41351324084963
2380,2006-07-08,2006-07-08 23:00:00,176.94545778395783,41.720344676210246
2381,2006-07-09,2006-07-09 23:00:00,144.69563859889755,50.179905853427
2382,2006-07-10,2006-07-10 23:00:00,167.51941851538083,58.661911218383494
2383,2006-07-11,2006-07-11 23:00:00,176.2260303633564,75.328081775319
2384,2006-07-12,2006-07-12 23:00:00,195.8711291260632,89.07769546960985
2385,2006-07-13,2006-07-13 23:00:00,207.1735099104197,96.96036615539329
2386,2006-07-14,2006-07-14 23:00:00,159.36480770663738,59.58590621321961
2387,2006-07-15,2006-07-15 23:00:00,155.8168424777907,61.714320194161225
2388,2006-07-16,2006-07-16 23:00:00,109.4253242892389,39.72821629568104
2389,2006-07-17,2006-07-17 23:00:00,158.9467917741778,58.95565387823454
2390,2006-07-18,2006-07-18 23:00:00,154.99852128790477,62.81751390666504
2391,2006-07-19,2006-07-19 23:00:00,169.69277135159214,56.863258893103506
2392,2006-07-20,2006-07-20 23:00:00,146.15649427865085,41.93349740095284
2393,2006-07-21,2006-07-21 23:00:00,154.93812898608363,48.97407294039938
2394,2006-07-22,2006-07-22 23:00:00,161.59338264761044,49.18803019474649
2395,2006-07-23,2006-07-23 23:00:00,144.31623413809413,18.366335732437136
2396,2006-07-24,2006-07-24 23:00:00,155.25989124988476,69.14968118204835
2397,2006-07-25,2006-07-25 23:00:00,176.12614655633715,70.94635980997872
2398,2006-07-26,2006-07-26 23:00:00,163.84197835166447,68.66376767124457
2399,2006-07-27,2006-07-27 23:00:00,177.7897399633333,79.00317139001211
2400,2006-07-28,2006-07-28 23:00:00,138.21320152418494,46.06033636496779
2401,2006-07-29,2006-07-29 23:00:00,130.06959113471672,67.87126243458476
2402,2006-07-30,2006-07-30 23:00:00,103.42657565005909,45.80172201259259
2403,2006-07-31,2006-07-31 23:00:00,170.16072918756132,73.28697363402918
2404,2006-08-01,2006-08-01 23:00:00,194.65585280325288,60.66699736867537
2405,2006-08-02,2006-08-02 23:00:00,199.697482405458,45.44661827199341
2406,2006-08-03,2006-08-03 23:00:00,191.71809819262225,45.92889202718389
2407,2006-08-04,2006-08-04 23:00:00,183.03194347480448,27.611148072141763
2408,2006-08-05,2006-08-05 23:00:00,182.93880317569824,41.94428768537738
2409,2006-08-06,2006-08-06 23:00:00,109.49493790993112,31.932573713794397
2410,2006-08-07,2006-08-07 23:00:00,122.95097171020893,37.93176723469249
2411,2006-08-08,2006-08-08 23:00:00,148.35964530636872,67.22099348041692
2412,2006-08-09,2006-08-09 23:00:00,201.35198284805074,33.69766962809249
2413,2006-08-10,2006-08-10 23:00:00,174.3644168168079,37.98635082506466
2414,2006-08-11,2006-08-11 23:00:00,187.1739473644665,38.95021221385379
2415,2006-08-12,2006-08-12 23:00:00,173.15578446487743,34.142130962180005
2416,2006-08-13,2006-08-13 23:00:00,174.80272410671924,13.031812608545374
2417,2006-08-14,2006-08-14 23:00:00,182.314982325332,16.87559531366554
2418,2006-08-15,2006-08-15 23:00:00,184.71285193161438,15.554100444831173
2419,2006-08-16,2006-08-16 23:00:00,170.2946240531587,7.7020812415255735
2420,2006-08-17,2006-08-17 23:00:00,168.7540835059429,16.820881009671425
2421,2006-08-18,2006-08-18 23:00:00,169.27555960411487,13.925242762532623
2422,2006-08-19,2006-08-19 23:00:00,151.0245536290296,39.738635579508276
2423,2006-08-20,2006-08-20 23:00:00,158.85929643619463,8.52994156940624
2424,2006-08-21,2006-08-21 23:00:00,159.07187547180163,8.408349323533951
2425,2006-08-22,2006-08-22 23:00:00,181.70233831085844,34.31770382228277
2426,2006-08-23,2006-08-23 23:00:00,149.37038191690425,46.906703056906906
2427,2006-08-24,2006-08-24 23:00:00,176.93706145494244,38.016543848250194
2428,2006-08-25,2006-08-25 23:00:00,193.75567920659753,42.151287939019355
2429,2006-08-26,2006-08-26 23:00:00,187.03960618010873,32.63155433852577
2430,2006-08-27,2006-08-27 23:00:00,166.96688553132944,12.957338699771773
2431,2006-08-28,2006-08-28 23:00:00,174.91723188620855,35.438069744875
2432,2006-08-29,2006-08-29 23:00:00,193.9726413151036,45.46780111718166
2433,2006-08-30,2006-08-30 23:00:00,198.44337567219918,49.52932123794056
2434,2006-08-31,2006-08-31 23:00:00,212.98356255407268,46.36871464554074
2435,2006-09-01,2006-09-01 23:00:00,209.22910169791058,40.09441083819314
2436,2006-09-02,2006-09-02 23:00:00,211.69346094143498,33.80826963540915
2437,2006-09-03,2006-09-03 23:00:00,205.67989993924735,8.550912454898286
2438,2006-09-04,2006-09-04 23:00:00,261.99468784868515,50.1486161789644
2439,2006-09-05,2006-09-05 23:00:00,251.33965289286584,22.642583832229874
2440,2006-09-06,2006-09-06 23:00:00,258.834888721098,35.657615779866944
2441,2006-09-07,2006-09-07 23:00:00,235.47291605648277,37.83925769569921
2442,2006-09-08,2006-09-08 23:00:00,257.57238945003064,21.21192584753953
2443,2006-09-09,2006-09-09 23:00:00,275.5899093371243,8.50322449937309
2444,2006-09-10,2006-09-10 23:00:00,260.74693867727973,28.130099834665447
2445,2006-09-11,2006-09-11 23:00:00,263.2905114189888,31.085788828529626
2446,2006-09-12,2006-09-12 23:00:00,271.5576691295309,24.324793147872466
2447,2006-09-13,2006-09-13 23:00:00,234.84685627083016,15.452318753534025
2448,2006-09-14,2006-09-14 23:00:00,232.5067256444588,32.169980559791625
2449,2006-09-15,2006-09-15 23:00:00,248.72833895270915,16.86280375151325
2450,2006-09-16,2006-09-16 23:00:00,252.7163288613166,17.675822919092305
2451,2006-09-17,2006-09-17 23:00:00,254.40985882250615,10.44776409642125
2452,2006-09-18,2006-09-18 23:00:00,295.0545778910538,28.857000866022496
2453,2006-09-19,2006-09-19 23:00:00,283.6296969928771,93.81728197293549
2454,2006-09-20,2006-09-20 23:00:00,254.4043958226313,57.97811836274589
2455,2006-09-21,2006-09-21 23:00:00,266.0377447960306,23.413198614239086
2456,2006-09-22,2006-09-22 23:00:00,266.4830885458247,23.636551399754445
2457,2006-09-23,2006-09-23 23:00:00,266.5377185445728,30.7682341441315
2458,2006-09-24,2006-09-24 23:00:00,254.2568948260116,25.43063702511174
2459,2006-09-25,2006-09-25 23:00:00,312.85849448304265,97.65280947743194
2460,2006-09-26,2006-09-26 23:00:00,346.1796251794245,24.643130215585206
2461,2006-09-27,2006-09-27 23:00:00,342.792893037038,67.90565047281527
2462,2006-09-28,2006-09-28 23:00:00,339.01358972364807,57.074652828181826
2463,2006-09-29,2006-09-29 23:00:00,352.0155294256835,43.75010722272236
2464,2006-09-30,2006-09-30 23:00:00,372.5382717953651,34.0318743268595
2465,2006-10-01,2006-10-01 23:00:00,392.30531365584415,12.767165466288626
2466,2006-10-02,2006-10-02 23:00:00,390.8132458624353,48.28321863745728
2467,2006-10-03,2006-10-03 23:00:00,399.23073149346254,47.24241788304004
2468,2006-10-04,2006-10-04 23:00:00,422.20925387379117,42.849675546186894
2469,2006-10-05,2006-10-05 23:00:00,430.5018990448728,29.61131792484729
2470,2006-10-06,2006-10-06 23:00:00,428.7626668351474,30.002563512708914
2471,2006-10-07,2006-10-07 23:00:00,450.18489587431253,6.905177851231704
2472,2006-10-08,2006-10-08 23:00:00,446.77842533973825,2.4049020620587664
2473,2006-10-09,2006-10-09 23:00:00,439.6197385620635,17.423091956208555
2474,2006-10-10,2006-10-10 23:00:00,436.16184382400587,17.650713054320285
2475,2006-10-11,2006-10-11 23:00:00,436.11479614847855,14.26457449709993
2476,2006-10-12,2006-10-12 23:00:00,440.76540416775265,16.85459000140784
2477,2006-10-13,2006-10-13 23:00:00,431.59012272113915,43.7220823576945
2478,2006-10-14,2006-10-14 23:00:00,312.2089437477936,87.5346013490046
2479,2006-10-15,2006-10-15 23:00:00,337.65232667295714,66.42688616122875
2480,2006-10-16,2006-10-16 23:00:00,333.10642708503104,85.00175124146807
2481,2006-10-17,2006-10-17 23:00:00,306.90743660825933,132.79800470750922
2482,2006-10-18,2006-10-18 23:00:00,373.06051668800166,107.83075617613176
2483,2006-10-19,2006-10-19 23:00:00,312.85076157254514,54.45363585836704
2484,2006-10-20,2006-10-20 23:00:00,307.7564830317287,34.88345192876159
2485,2006-10-21,2006-10-21 23:00:00,280.094200432859,21.31497753216019
2486,2006-10-22,2006-10-22 23:00:00,230.58057022873564,28.544247103106958
2487,2006-10-23,2006-10-23 23:00:00,261.0377035803247,29.38558796802051
2488,2006-10-24,2006-10-24 23:00:00,262.76883921333155,31.526387721180207
2489,2006-10-25,2006-10-25 23:00:00,264.2727236322216,30.27320770597001
2490,2006-10-26,2006-10-26 23:00:00,266.7365994582664,27.32757727262166
2491,2006-10-27,2006-10-27 23:00:00,283.3148873556999,14.247669553304739
2492,2006-10-28,2006-10-28 23:00:00,252.6939624453565,22.281436383187682
2493,2006-10-29,2006-10-29 23:00:00,241.92770367352796,24.111677965723736
2494,2006-10-30,2006-10-30 23:00:00,238.9517740766279,37.20530149552293
2495,2006-10-31,2006-10-31 23:00:00,213.13890277877672,38.02405016490491
2496,2006-11-01,2006-11-01 23:00:00,230.89843883484886,34.87638359362013
2497,2006-11-02,2006-11-02 23:00:00,210.14398333299326,20.686840331696768
2498,2006-11-03,2006-11-03 23:00:00,215.6927963373075,17.598249217832148
2499,2006-11-04,2006-11-04 23:00:00,230.15631947816595,20.492628415586307
2500,2006-11-05,2006-11-05 23:00:00,230.39754374324454,19.054945050003987
2501,2006-11-06,2006-11-06 23:00:00,232.03481251074615,24.09762012036908
2502,2006-11-07,2006-11-07 23:00:00,263.6441416386355,29.654637292049763
2503,2006-11-08,2006-11-08 23:00:00,261.2793797821073,24.30452176128257
2504,2006-11-09,2006-11-09 23:00:00,254.82788593064376,12.363094435497297
2505,2006-11-10,2006-11-10 23:00:00,243.07273278498653,18.813895349970867
2506,2006-11-11,2006-11-11 23:00:00,240.46456363835637,18.211158196909594
2507,2006-11-12,2006-11-12 23:00:00,232.41247583978327,15.136003487662775
2508,2006-11-13,2006-11-13 23:00:00,258.9864394488468,24.469897423644262
2509,2006-11-14,2006-11-14 23:00:00,262.0514065816099,25.97341118577216
2510,2006-11-15,2006-11-15 23:00:00,219.10038924748312,19.16981569938994
2511,2006-11-16,2006-11-16 23:00:00,190.48966329164753,26.622573546259954
2512,2006-11-17,2006-11-17 23:00:00,161.3934325706221,46.732648255606975
2513,2006-11-18,2006-11-18 23:00:00,154.11315326904923,62.48401756668652
2514,2006-11-19,2006-11-19 23:00:00,144.87579203405605,66.8662947098446
2515,2006-11-20,2006-11-20 23:00:00,167.9091073577717,73.05782833295275
2516,2006-11-21,2006-11-21 23:00:00,175.43137498318129,71.17127419673007
2517,2006-11-22,2006-11-22 23:00:00,172.4647531277195,69.65030577038917
2518,2006-11-23,2006-11-23 23:00:00,176.02734081455193,106.49653522321121
2519,2006-11-24,2006-11-24 23:00:00,195.4326868519862,62.842760259305585
2520,2006-11-25,2006-11-25 23:00:00,191.00442059215007,38.91492662967396
2521,2006-11-26,2006-11-26 23:00:00,176.6579075925424,23.739197805506475
2522,2006-11-27,2006-11-27 23:00:00,204.8292997624317,37.46984016311679
2523,2006-11-28,2006-11-28 23:00:00,218.9119941879693,43.70477348514046
2524,2006-11-29,2006-11-29 23:00:00,198.56390879420755,34.697020791427256
2525,2006-11-30,2006-11-30 23:00:00,208.10602032245833,36.53110004881159
2526,2006-12-01,2006-12-01 23:00:00,211.74810821883352,31.541102997583696
2527,2006-12-02,2006-12-02 23:00:00,201.65562604153192,21.57382420056956
2528,2006-12-03,2006-12-03 23:00:00,192.17059202324654,10.05136442985612
2529,2006-12-04,2006-12-04 23:00:00,203.12382541045568,38.430104948917446
2530,2006-12-05,2006-12-05 23:00:00,207.30082103383805,30.96954856934011
2531,2006-12-06,2006-12-06 23:00:00,203.16368307022626,32.07468562098061
2532,2006-12-07,2006-12-07 23:00:00,154.66671219338556,38.617499858092984
2533,2006-12-08,2006-12-08 23:00:00,142.04359532278542,34.58872895554401
2534,2006-12-09,2006-12-09 23:00:00,171.3705564599442,40.048226758618405
2535,2006-12-10,2006-12-10 23:00:00,133.8530640413638,37.89523811481609
2536,2006-12-11,2006-12-11 23:00:00,153.93163240253588,61.28096324121584
2537,2006-12-12,2006-12-12 23:00:00,166.8992022180927,49.270120462038825
2538,2006-12-13,2006-12-13 23:00:00,170.13181088647528,31.423376178488475
2539,2006-12-14,2006-12-14 23:00:00,160.01645956012499,29.241703497974868
2540,2006-12-15,2006-12-15 23:00:00,150.69412320221434,30.774179691750273
2541,2006-12-16,2006-12-16 23:00:00,157.0509843327727,8.889016227856953
2542,2006-12-17,2006-12-17 23:00:00,150.2220386254242,10.345246451281255
2543,2006-12-18,2006-12-18 23:00:00,176.51829301008715,38.014140903261655
2544,2006-12-19,2006-12-19 23:00:00,171.67438944016206,12.943956090189477
2545,2006-12-20,2006-12-20 23:00:00,172.44758447942618,14.944871886255209
2546,2006-12-21,2006-12-21 23:00:00,170.22601000041377,11.926224970844556
2547,2006-12-22,2006-12-22 23:00:00,169.01721212212763,11.939039800131363
2548,2006-12-23,2006-12-23 23:00:00,166.208662817533,0.47268428024018866
2549,2006-12-24,2006-12-24 23:00:00,164.71127805839478,4.311226982133194
2550,2006-12-25,2006-12-25 23:00:00,148.60823900755733,25.398588028252775
2551,2006-12-26,2006-12-26 23:00:00,162.71295003438115,15.224985232906574
2552,2006-12-27,2006-12-27 23:00:00,161.19923016877956,18.01926047269963
2553,2006-12-28,2006-12-28 23:00:00,153.4400545986995,13.388675734762423
2554,2006-12-29,2006-12-29 23:00:00,155.61806879380973,16.318108200928442
2555,2006-12-30,2006-12-30 23:00:00,151.8010989168791,13.231355567856108
2556,2006-12-31,2006-12-31 23:00:00,150.46162018688634,11.1270735717011
2557,2007-01-01,2007-01-01 23:00:00,146.90570985876204,1.0263672994772017
2558,2007-01-02,2007-01-02 23:00:00,153.58683511139165,10.59159388929272
2559,2007-01-03,2007-01-03 23:00:00,166.68226423547,15.301537283727995
2560,2007-01-04,2007-01-04 23:00:00,177.16491874115673,13.05395366181182
2561,2007-01-05,2007-01-05 23:00:00,186.1248866284401,5.074316927451664
2562,2007-01-06,2007-01-06 23:00:00,201.20369882615628,7.737546560424216
2563,2007-01-07,2007-01-07 23:00:00,217.84626371147337,2.9371511547345275
2564,2007-01-08,2007-01-08 23:00:00,220.79221383338077,0.7689595618995286
2565,2007-01-09,2007-01-09 23:00:00,221.5054666141801,6.1388198561722245
2566,2007-01-10,2007-01-10 23:00:00,230.34547835196543,10.995325832485317
2567,2007-01-11,2007-01-11 23:00:00,244.02480213887085,14.006860995661642
2568,2007-01-12,2007-01-12 23:00:00,248.7603683289656,5.773078996465212
2569,2007-01-13,2007-01-13 23:00:00,250.64076202380014,4.926114977066549
2570,2007-01-14,2007-01-14 23:00:00,248.71714088770503,9.277946058982316
2571,2007-01-15,2007-01-15 23:00:00,238.66762534344915,42.153442686383826
2572,2007-01-16,2007-01-16 23:00:00,244.48917292661244,26.947685353967394
2573,2007-01-17,2007-01-17 23:00:00,242.12690133032575,25.197898339951106
2574,2007-01-18,2007-01-18 23:00:00,235.94462074984312,23.347424796481235
2575,2007-01-19,2007-01-19 23:00:00,236.37830005428972,25.662388576147645
2576,2007-01-20,2007-01-20 23:00:00,238.13182120902448,9.31400495966829
2577,2007-01-21,2007-01-21 23:00:00,240.2485609389511,43.33400976024367
2578,2007-01-22,2007-01-22 23:00:00,215.34328679388355,75.70260783400249
2579,2007-01-23,2007-01-23 23:00:00,248.81483490495393,30.293863050680738
2580,2007-01-24,2007-01-24 23:00:00,247.00619876261192,24.168100268971433
2581,2007-01-25,2007-01-25 23:00:00,242.5204871830032,29.046182175130454
2582,2007-01-26,2007-01-26 23:00:00,285.9856793705001,33.0678372695931
2583,2007-01-27,2007-01-27 23:00:00,261.83666931028614,30.055071503063278
2584,2007-01-28,2007-01-28 23:00:00,257.2437536763512,27.09829651724813
2585,2007-01-29,2007-01-29 23:00:00,264.3081982643589,11.37138118306867
2586,2007-01-30,2007-01-30 23:00:00,257.69883056422185,16.13117626198631
2587,2007-01-31,2007-01-31 23:00:00,241.68187482254825,32.58371433877669
2588,2007-02-01,2007-02-01 23:00:00,258.50760136631595,13.541807798479372
2589,2007-02-02,2007-02-02 23:00:00,267.961067339351,13.47722179537433
2590,2007-02-03,2007-02-03 23:00:00,260.9562092815689,3.511747882760533
2591,2007-02-04,2007-02-04 23:00:00,263.30045520523254,5.20258121447877
2592,2007-02-05,2007-02-05 23:00:00,271.7139331024091,14.993321140987216
2593,2007-02-06,2007-02-06 23:00:00,265.06136352800627,11.457772980996625
2594,2007-02-07,2007-02-07 23:00:00,272.21363156367306,9.72474742219134
2595,2007-02-08,2007-02-08 23:00:00,285.6715216315911,5.361725564939728
2596,2007-02-09,2007-02-09 23:00:00,276.6312308719311,3.6827042552680997
2597,2007-02-10,2007-02-10 23:00:00,279.2407079369625,6.701703153710811
2598,2007-02-11,2007-02-11 23:00:00,277.09653367168863,4.781077834885836
2599,2007-02-12,2007-02-12 23:00:00,271.3075942938054,16.421818873815567
2600,2007-02-13,2007-02-13 23:00:00,275.28093411074315,4.636361572261738
2601,2007-02-14,2007-02-14 23:00:00,278.40463699717776,20.29881189339166
2602,2007-02-15,2007-02-15 23:00:00,270.4741938246346,67.42458797734255
2603,2007-02-16,2007-02-16 23:00:00,283.9570794974982,14.531661787725355
2604,2007-02-17,2007-02-17 23:00:00,265.63124195700226,26.132612734438005
2605,2007-02-18,2007-02-18 23:00:00,278.1845902185964,11.906974540250912
2606,2007-02-19,2007-02-19 23:00:00,283.47425841051387,11.526582524469294
2607,2007-02-20,2007-02-20 23:00:00,269.8666083505711,42.26850445568358
2608,2007-02-21,2007-02-21 23:00:00,283.5304451122293,28.06600220007222
2609,2007-02-22,2007-02-22 23:00:00,272.29203658089574,35.37837292345006
2610,2007-02-23,2007-02-23 23:00:00,283.40333071101,13.679694605955822
2611,2007-02-24,2007-02-24 23:00:00,287.26760850807796,10.045659168420864
2612,2007-02-25,2007-02-25 23:00:00,274.041088014144,8.350579970580867
2613,2007-02-26,2007-02-26 23:00:00,277.51804075337895,7.542347024179239
2614,2007-02-27,2007-02-27 23:00:00,274.8812180692618,9.275811264171221
2615,2007-02-28,2007-02-28 23:00:00,272.0191144841601,5.317675514979069
2616,2007-03-01,2007-03-01 23:00:00,267.37223341460356,5.13652391022673
2617,2007-03-02,2007-03-02 23:00:00,250.98560738570404,35.84708286532619
2618,2007-03-03,2007-03-03 23:00:00,277.19099520255287,26.219150433618854
2619,2007-03-04,2007-03-04 23:00:00,266.7734949630704,10.773985083035564
2620,2007-03-05,2007-03-05 23:00:00,248.92479881799076,37.27638321635716
2621,2007-03-06,2007-03-06 23:00:00,271.018912592706,17.09247734335526
2622,2007-03-07,2007-03-07 23:00:00,266.9428895011826,7.888918811187285
2623,2007-03-08,2007-03-08 23:00:00,271.1772252451473,7.2808756492816284
2624,2007-03-09,2007-03-09 23:00:00,248.65672272652338,31.5564392582169
2625,2007-03-10,2007-03-10 23:00:00,257.2955275449431,13.210156686977871
2626,2007-03-11,2007-03-11 23:00:00,263.64808657857316,17.0395461675563
2627,2007-03-12,2007-03-12 23:00:00,269.0737778030432,12.369964038317836
2628,2007-03-13,2007-03-13 23:00:00,222.79202373772827,75.63891361981983
2629,2007-03-14,2007-03-14 23:00:00,267.50384399966646,7.645628905040416
2630,2007-03-15,2007-03-15 23:00:00,257.9033425885496,20.64196337678855
2631,2007-03-16,2007-03-16 23:00:00,264.9895224535929,5.1174819471914885
2632,2007-03-17,2007-03-17 23:00:00,266.1462602340977,6.66430901798073
2633,2007-03-18,2007-03-18 23:00:00,258.32645953764126,3.9623779485914272
2634,2007-03-19,2007-03-19 23:00:00,261.1935016733541,3.423199705993955
2635,2007-03-20,2007-03-20 23:00:00,264.948677789263,13.68185176063172
2636,2007-03-21,2007-03-21 23:00:00,244.14206804596918,32.06962475741215
2637,2007-03-22,2007-03-22 23:00:00,268.4790499387052,13.961107516496567
2638,2007-03-23,2007-03-23 23:00:00,254.32473785099702,8.107797681584765
2639,2007-03-24,2007-03-24 23:00:00,262.8266549959391,9.090323859974523
2640,2007-03-25,2007-03-25 23:00:00,255.74100283973735,2.2896138778163264
2641,2007-03-26,2007-03-26 23:00:00,240.04008167944542,30.21233881805275
2642,2007-03-27,2007-03-27 23:00:00,217.49868189069923,52.78314119729179
2643,2007-03-28,2007-03-28 23:00:00,217.81699586387467,59.18544204257558
2644,2007-03-29,2007-03-29 23:00:00,245.50999490483073,8.114260909386735
2645,2007-03-30,2007-03-30 23:00:00,246.80815865484985,3.618820854600934
2646,2007-03-31,2007-03-31 23:00:00,238.43869642911696,4.214910646196733
2647,2007-04-01,2007-04-01 23:00:00,240.60155485580697,21.326070167285636
2648,2007-04-02,2007-04-02 23:00:00,246.73647033763427,6.988609617721891
2649,2007-04-03,2007-04-03 23:00:00,248.37001409783784,9.162430110012036
2650,2007-04-04,2007-04-04 23:00:00,245.28974281330986,4.6347782740324295
2651,2007-04-05,2007-04-05 23:00:00,236.00436920805487,4.029001505079768
2652,2007-04-06,2007-04-06 23:00:00,220.0423548770657,10.936856365409124
2653,2007-04-07,2007-04-07 23:00:00,228.32670307506268,33.70762986907806
2654,2007-04-08,2007-04-08 23:00:00,218.8708308894701,13.748482349822508
2655,2007-04-09,2007-04-09 23:00:00,224.7284508274478,20.62404983872038
2656,2007-04-10,2007-04-10 23:00:00,232.92702673349586,4.714759840704724
2657,2007-04-11,2007-04-11 23:00:00,233.03371909665188,3.291771708715752
2658,2007-04-12,2007-04-12 23:00:00,233.5776409480355,2.9746987747065226
2659,2007-04-13,2007-04-13 23:00:00,232.90568826086465,0.7308663334738545
2660,2007-04-14,2007-04-14 23:00:00,232.69899795733886,0.950195069190332
2661,2007-04-15,2007-04-15 23:00:00,236.44369070340318,6.456952103775731
2662,2007-04-16,2007-04-16 23:00:00,251.15050076196863,12.169423179267676
2663,2007-04-17,2007-04-17 23:00:00,238.81602677828414,8.65258191550109
2664,2007-04-18,2007-04-18 23:00:00,234.52113615947405,4.647105999844074
2665,2007-04-19,2007-04-19 23:00:00,231.77642281710737,7.756752510556116
2666,2007-04-20,2007-04-20 23:00:00,234.72406085018258,9.33985757444115
2667,2007-04-21,2007-04-21 23:00:00,231.51575872986737,6.795013700198907
2668,2007-04-22,2007-04-22 23:00:00,227.507263885882,3.862928411196233
2669,2007-04-23,2007-04-23 23:00:00,209.4148541035215,43.39126116815917
2670,2007-04-24,2007-04-24 23:00:00,231.63416633289935,5.066291438431288
2671,2007-04-25,2007-04-25 23:00:00,230.36138920066165,15.760382715901246
2672,2007-04-26,2007-04-26 23:00:00,202.57053900706265,57.34056219763496
2673,2007-04-27,2007-04-27 23:00:00,219.08003160154075,25.27781821658165
2674,2007-04-28,2007-04-28 23:00:00,223.27774848959402,29.14795038953332
2675,2007-04-29,2007-04-29 23:00:00,216.29870813456174,20.80307656553326
2676,2007-04-30,2007-04-30 23:00:00,222.1134419265649,18.565605562678687
2677,2007-05-01,2007-05-01 23:00:00,211.75164508088412,4.757661124961289
2678,2007-05-02,2007-05-02 23:00:00,212.53067300462706,14.487064983588908
2679,2007-05-03,2007-05-03 23:00:00,178.6290880789891,59.68480752452016
2680,2007-05-04,2007-05-04 23:00:00,205.6143233523334,22.306848228239915
2681,2007-05-05,2007-05-05 23:00:00,200.75973836568883,18.60933934704885
2682,2007-05-06,2007-05-06 23:00:00,197.31929242134075,16.728830278358203
2683,2007-05-07,2007-05-07 23:00:00,194.966565519113,16.34498767341441
2684,2007-05-08,2007-05-08 23:00:00,197.55602513712338,12.69615683359764
2685,2007-05-09,2007-05-09 23:00:00,204.5661292878702,11.33719427117335
2686,2007-05-10,2007-05-10 23:00:00,180.4705974601743,45.854281127033126
2687,2007-05-11,2007-05-11 23:00:00,184.2458064078979,37.05937485518506
2688,2007-05-12,2007-05-12 23:00:00,190.3622706284501,10.923157787730087
2689,2007-05-13,2007-05-13 23:00:00,167.95922128729032,12.43803488680526
2690,2007-05-14,2007-05-14 23:00:00,179.75622781122658,26.757630318600615
2691,2007-05-15,2007-05-15 23:00:00,180.86167573514567,12.449678621789369
2692,2007-05-16,2007-05-16 23:00:00,189.76772736295365,23.16013171187259
2693,2007-05-17,2007-05-17 23:00:00,207.18468512953845,23.30136844622935
2694,2007-05-18,2007-05-18 23:00:00,200.20399006506955,8.190316939596483
2695,2007-05-19,2007-05-19 23:00:00,198.41618876698044,9.49669957902547
2696,2007-05-20,2007-05-20 23:00:00,184.66306085540734,6.049881295578227
2697,2007-05-21,2007-05-21 23:00:00,184.77245848485936,3.0982878612652964
2698,2007-05-22,2007-05-22 23:00:00,189.1329291070201,26.33936937922915
2699,2007-05-23,2007-05-23 23:00:00,151.42495325920083,42.09495070298583
2700,2007-05-24,2007-05-24 23:00:00,202.31539559975496,27.1106552974012
2701,2007-05-25,2007-05-25 23:00:00,196.892443520152,26.141976429185657
2702,2007-05-26,2007-05-26 23:00:00,186.75267029423435,40.84846176640347
2703,2007-05-27,2007-05-27 23:00:00,164.73882205232607,29.486460520480573
2704,2007-05-28,2007-05-28 23:00:00,179.5252309101435,31.309006555669153
2705,2007-05-29,2007-05-29 23:00:00,151.2875022814909,41.34899097462448
2706,2007-05-30,2007-05-30 23:00:00,158.91561439423242,41.77834631898326
2707,2007-05-31,2007-05-31 23:00:00,180.34732958790332,23.84942438559205
2708,2007-06-01,2007-06-01 23:00:00,176.46926588621514,6.34374728698819
2709,2007-06-02,2007-06-02 23:00:00,149.47950072523443,41.70389353129646
2710,2007-06-03,2007-06-03 23:00:00,169.34652694910292,3.4897990912965966
2711,2007-06-04,2007-06-04 23:00:00,169.1513263412126,49.368452938097086
2712,2007-06-05,2007-06-05 23:00:00,180.55452087098493,30.149700433579387
2713,2007-06-06,2007-06-06 23:00:00,174.93807648600827,38.5728650604511
2714,2007-06-07,2007-06-07 23:00:00,162.57502411114024,44.9287077102132
2715,2007-06-08,2007-06-08 23:00:00,170.7194934446218,9.650706211047305
2716,2007-06-09,2007-06-09 23:00:00,162.56554531961513,7.572109907042549
2717,2007-06-10,2007-06-10 23:00:00,153.47153023291676,10.232899568582651
2718,2007-06-11,2007-06-11 23:00:00,166.0792604241852,24.68499863613602
2719,2007-06-12,2007-06-12 23:00:00,161.74526528378996,26.381996151294288
2720,2007-06-13,2007-06-13 23:00:00,171.24374352974027,34.479910003774556
2721,2007-06-14,2007-06-14 23:00:00,191.95354889898795,32.64363343759798
2722,2007-06-15,2007-06-15 23:00:00,216.61351043313675,8.134453966255565
2723,2007-06-16,2007-06-16 23:00:00,217.50097530999142,10.694683476191699
2724,2007-06-17,2007-06-17 23:00:00,227.34433573989307,0.6909361528511003
2725,2007-06-18,2007-06-18 23:00:00,209.0471432201415,16.142023497988312
2726,2007-06-19,2007-06-19 23:00:00,195.61392486583634,54.24315569059934
2727,2007-06-20,2007-06-20 23:00:00,171.72559945935643,50.191305777899586
2728,2007-06-21,2007-06-21 23:00:00,212.7615795474462,21.055267356822622
2729,2007-06-22,2007-06-22 23:00:00,222.02996273318846,15.753319903866307
2730,2007-06-23,2007-06-23 23:00:00,231.35459369281594,6.582668988389604
2731,2007-06-24,2007-06-24 23:00:00,221.90288442922574,6.6836662522346035
2732,2007-06-25,2007-06-25 23:00:00,222.7986823096189,5.17524302667645
2733,2007-06-26,2007-06-26 23:00:00,222.34453361676842,9.039964706575029
2734,2007-06-27,2007-06-27 23:00:00,214.16152414192106,17.1447715391035
2735,2007-06-28,2007-06-28 23:00:00,195.61454984110176,49.798728431405884
2736,2007-06-29,2007-06-29 23:00:00,188.57920327859998,60.052395300856105
2737,2007-06-30,2007-06-30 23:00:00,159.63389051221216,37.32618890283014
2738,2007-07-01,2007-07-01 23:00:00,164.51946906612042,14.424825961601927
2739,2007-07-02,2007-07-02 23:00:00,190.3806131724075,18.733099367422135
2740,2007-07-03,2007-07-03 23:00:00,207.5800589179396,16.787169758560285
2741,2007-07-04,2007-07-04 23:00:00,201.0019223907975,13.540475117729223
2742,2007-07-05,2007-07-05 23:00:00,203.7429859199702,10.223060130645452
2743,2007-07-06,2007-07-06 23:00:00,176.06406747553942,53.90059341345375
2744,2007-07-07,2007-07-07 23:00:00,187.4920978949659,19.59505194371214
2745,2007-07-08,2007-07-08 23:00:00,164.25960875658313,7.041107861934524
2746,2007-07-09,2007-07-09 23:00:00,165.7466045254439,15.801053296362152
2747,2007-07-10,2007-07-10 23:00:00,164.977110211488,15.42329407419793
2748,2007-07-11,2007-07-11 23:00:00,176.81068493151284,23.375388080732385
2749,2007-07-12,2007-07-12 23:00:00,162.1798943945401,11.856994020476218
2750,2007-07-13,2007-07-13 23:00:00,174.62490513700564,10.013763751759193
2751,2007-07-14,2007-07-14 23:00:00,184.88933537086905,5.2694133446269
2752,2007-07-15,2007-07-15 23:00:00,188.72848808320046,2.4893874688165716
2753,2007-07-16,2007-07-16 23:00:00,194.19501728383065,8.64677380770336
2754,2007-07-17,2007-07-17 23:00:00,206.59947359623632,28.64866242785969
2755,2007-07-18,2007-07-18 23:00:00,212.4507499538444,27.9351493302022
2756,2007-07-19,2007-07-19 23:00:00,203.61820305824764,6.99415082559364
2757,2007-07-20,2007-07-20 23:00:00,207.694443207852,5.317403008984983
2758,2007-07-21,2007-07-21 23:00:00,216.9803678343741,3.077257000194264
2759,2007-07-22,2007-07-22 23:00:00,221.50374657181774,2.7116157742330937
2760,2007-07-23,2007-07-23 23:00:00,225.85866844593588,4.860745850935539
2761,2007-07-24,2007-07-24 23:00:00,227.46212821907105,4.263046671957052
2762,2007-07-25,2007-07-25 23:00:00,225.7775595858162,1.2193849663102678
2763,2007-07-26,2007-07-26 23:00:00,224.85728598061215,0.7443336634554079
2764,2007-07-27,2007-07-27 23:00:00,225.37201528521783,5.109837449605165
2765,2007-07-28,2007-07-28 23:00:00,230.1033654588657,2.0195461428781853
2766,2007-07-29,2007-07-29 23:00:00,229.07390684965443,0.13951148061933774
2767,2007-07-30,2007-07-30 23:00:00,221.73958618047345,11.117659431224348
2768,2007-07-31,2007-07-31 23:00:00,223.16751806145223,15.157679647188445
2769,2007-08-01,2007-08-01 23:00:00,241.14693660093704,16.19428515401087
2770,2007-08-02,2007-08-02 23:00:00,245.68869794905348,14.91938036953986
2771,2007-08-03,2007-08-03 23:00:00,257.61576723898344,6.854929890452697
2772,2007-08-04,2007-08-04 23:00:00,272.0209181448045,7.296651696366985
2773,2007-08-05,2007-08-05 23:00:00,272.7497656788902,8.743690984340235
2774,2007-08-06,2007-08-06 23:00:00,270.2405518611859,27.644143290945426
2775,2007-08-07,2007-08-07 23:00:00,280.5067858630873,10.35965990050867
2776,2007-08-08,2007-08-08 23:00:00,264.5252418621153,44.4348233251079
2777,2007-08-09,2007-08-09 23:00:00,243.18510666946932,32.27737234742149
2778,2007-08-10,2007-08-10 23:00:00,241.30520063690992,31.663765411000924
2779,2007-08-11,2007-08-11 23:00:00,251.18420835605923,28.503040553332035
2780,2007-08-12,2007-08-12 23:00:00,222.45303856240344,24.126816005405885
2781,2007-08-13,2007-08-13 23:00:00,231.86985282386615,56.467190848178134
2782,2007-08-14,2007-08-14 23:00:00,202.3534018727713,59.88265545900441
2783,2007-08-15,2007-08-15 23:00:00,206.69014882165706,41.08406276537635
2784,2007-08-16,2007-08-16 23:00:00,199.65135582176322,40.80985428275889
2785,2007-08-17,2007-08-17 23:00:00,169.3344220360897,16.494572282444505
2786,2007-08-18,2007-08-18 23:00:00,191.95181047168253,16.080555566406183
2787,2007-08-19,2007-08-19 23:00:00,187.68284634346665,5.9840186114976746
2788,2007-08-20,2007-08-20 23:00:00,166.2339046260894,22.567867992229733
2789,2007-08-21,2007-08-21 23:00:00,177.46086379899194,50.0078380174454
2790,2007-08-22,2007-08-22 23:00:00,194.5423428499755,48.3770807915692
2791,2007-08-23,2007-08-23 23:00:00,197.0023073985908,35.53490209411403
2792,2007-08-24,2007-08-24 23:00:00,183.72416302261868,9.85868210234967
2793,2007-08-25,2007-08-25 23:00:00,183.51800329154875,14.507993295047317
2794,2007-08-26,2007-08-26 23:00:00,166.17143198031062,14.945230421719598
2795,2007-08-27,2007-08-27 23:00:00,179.74944505602085,27.39024240523363
2796,2007-08-28,2007-08-28 23:00:00,184.91114329241532,45.65368387657741
2797,2007-08-29,2007-08-29 23:00:00,184.0600576147559,26.26008583576817
2798,2007-08-30,2007-08-30 23:00:00,162.39121218423733,34.22609812810767
2799,2007-08-31,2007-08-31 23:00:00,169.2221795158405,14.451101428909105
2800,2007-09-01,2007-09-01 23:00:00,169.30602481900257,18.29938425430557
2801,2007-09-02,2007-09-02 23:00:00,153.03658618872927,20.84704751957254
2802,2007-09-03,2007-09-03 23:00:00,190.2540454623427,37.06689079813064
2803,2007-09-04,2007-09-04 23:00:00,172.47595400192748,43.50607906397901
2804,2007-09-05,2007-09-05 23:00:00,186.14725546047927,42.61494611751195
2805,2007-09-06,2007-09-06 23:00:00,195.9060055789064,37.20053325830874
2806,2007-09-07,2007-09-07 23:00:00,228.20216254066523,52.55998485019431
2807,2007-09-08,2007-09-08 23:00:00,205.08984255069777,28.548652711420495
2808,2007-09-09,2007-09-09 23:00:00,194.9357486108419,14.815223309877812
2809,2007-09-10,2007-09-10 23:00:00,190.98231039655366,9.096502082977665
2810,2007-09-11,2007-09-11 23:00:00,179.11117581752373,8.0787778540486
2811,2007-09-12,2007-09-12 23:00:00,200.95329772437944,40.84240607242167
2812,2007-09-13,2007-09-13 23:00:00,190.77423470106478,27.47781174388199
2813,2007-09-14,2007-09-14 23:00:00,183.14201819053378,20.95157150264909
2814,2007-09-15,2007-09-15 23:00:00,150.22610776976134,41.70959707837834
2815,2007-09-16,2007-09-16 23:00:00,175.8448035497397,2.1915962179336215
2816,2007-09-17,2007-09-17 23:00:00,159.79956648135564,37.58269706921057
2817,2007-09-18,2007-09-18 23:00:00,185.0701516227812,32.66102025403213
2818,2007-09-19,2007-09-19 23:00:00,191.2076563747681,33.25203894879991
2819,2007-09-20,2007-09-20 23:00:00,202.3404343483559,34.025487969364
2820,2007-09-21,2007-09-21 23:00:00,167.74535306498845,46.91396353551974
2821,2007-09-22,2007-09-22 23:00:00,173.2584226548133,15.943326813057213
2822,2007-09-23,2007-09-23 23:00:00,177.85481476816202,20.140382847211406
2823,2007-09-24,2007-09-24 23:00:00,174.84708058987067,27.134093159480596
2824,2007-09-25,2007-09-25 23:00:00,184.0149997709572,72.66986060363614
2825,2007-09-26,2007-09-26 23:00:00,200.11891418546915,41.08177792617318
2826,2007-09-27,2007-09-27 23:00:00,204.0817158060543,37.1770986060447
2827,2007-09-28,2007-09-28 23:00:00,188.4448272900671,39.500818742557904
2828,2007-09-29,2007-09-29 23:00:00,195.80342426103036,24.567215924182644
2829,2007-09-30,2007-09-30 23:00:00,174.54953234532164,21.881941338102468
2830,2007-10-01,2007-10-01 23:00:00,204.28961964816062,41.94362479579655
2831,2007-10-02,2007-10-02 23:00:00,224.63552025551357,46.439529745127565
2832,2007-10-03,2007-10-03 23:00:00,227.3042409669341,36.123651892687924
2833,2007-10-04,2007-10-04 23:00:00,240.34928568557925,30.518138972164046
2834,2007-10-05,2007-10-05 23:00:00,264.2205732185316,16.241858197189227
2835,2007-10-06,2007-10-06 23:00:00,271.9846634304621,13.82587301470259
2836,2007-10-07,2007-10-07 23:00:00,221.79598643860655,57.377238973884815
2837,2007-10-08,2007-10-08 23:00:00,274.15093146252804,13.643108373373163
2838,2007-10-09,2007-10-09 23:00:00,252.70442022420798,37.04866617059523
2839,2007-10-10,2007-10-10 23:00:00,242.69697762505598,28.550103697783506
2840,2007-10-11,2007-10-11 23:00:00,221.9307020120567,37.941334068519446
2841,2007-10-12,2007-10-12 23:00:00,221.3440911095971,23.96984337040109
2842,2007-10-13,2007-10-13 23:00:00,221.14643891689033,12.898093266697092
2843,2007-10-14,2007-10-14 23:00:00,210.1132854650601,15.982513855538905
2844,2007-10-15,2007-10-15 23:00:00,210.78426264556455,25.60901117024179
2845,2007-10-16,2007-10-16 23:00:00,210.34537075028575,29.28739635233887
2846,2007-10-17,2007-10-17 23:00:00,183.09215017265112,56.281902227239264
2847,2007-10-18,2007-10-18 23:00:00,203.02485366977714,16.533336178387273
2848,2007-10-19,2007-10-19 23:00:00,194.13383387700864,33.013889649614825
2849,2007-10-20,2007-10-20 23:00:00,187.6449123904462,9.803303464394844
2850,2007-10-21,2007-10-21 23:00:00,185.36098928998481,15.864059542937794
2851,2007-10-22,2007-10-22 23:00:00,178.6720229789092,5.824609420605147
2852,2007-10-23,2007-10-23 23:00:00,167.45786172954755,18.34657667765332
2853,2007-10-24,2007-10-24 23:00:00,165.61657551327946,14.831760063168858
2854,2007-10-25,2007-10-25 23:00:00,166.86490515142734,22.785518835068462
2855,2007-10-26,2007-10-26 23:00:00,171.64496739083518,20.105729429312152
2856,2007-10-27,2007-10-27 23:00:00,165.2056670073891,4.8003661662872785
2857,2007-10-28,2007-10-28 23:00:00,152.4466978308195,8.333002928102925
2858,2007-10-29,2007-10-29 23:00:00,150.35574568692178,7.758301469314084
2859,2007-10-30,2007-10-30 23:00:00,127.9071378315786,37.18954323121652
2860,2007-10-31,2007-10-31 23:00:00,112.91043375115903,15.665092968823613
2861,2007-11-01,2007-11-01 23:00:00,133.32671102470374,31.26221169778756
2862,2007-11-02,2007-11-02 23:00:00,129.41638899471604,34.510620355329856
2863,2007-11-03,2007-11-03 23:00:00,119.65052383699727,26.74637120247235
2864,2007-11-04,2007-11-04 23:00:00,124.85914401701449,20.11118550353235
2865,2007-11-05,2007-11-05 23:00:00,124.62058600300475,33.10279521877756
2866,2007-11-06,2007-11-06 23:00:00,163.76398013510186,66.14234968562052
2867,2007-11-07,2007-11-07 23:00:00,162.83004207678252,48.716587458615074
2868,2007-11-08,2007-11-08 23:00:00,160.93255329000195,61.637894797997134
2869,2007-11-09,2007-11-09 23:00:00,167.0234446667974,52.02986344677002
2870,2007-11-10,2007-11-10 23:00:00,122.42179347457129,28.871788150586934
2871,2007-11-11,2007-11-11 23:00:00,103.39689539809973,5.757426760576422
2872,2007-11-12,2007-11-12 23:00:00,108.82564332889154,34.61166787039808
2873,2007-11-13,2007-11-13 23:00:00,152.6731032997431,60.58780086891562
2874,2007-11-14,2007-11-14 23:00:00,147.68305775843012,35.4115387405995
2875,2007-11-15,2007-11-15 23:00:00,151.93330425022074,42.85214312505
2876,2007-11-16,2007-11-16 23:00:00,166.3949519823186,46.05657625557693
2877,2007-11-17,2007-11-17 23:00:00,160.8934148658285,23.056233062730744
2878,2007-11-18,2007-11-18 23:00:00,142.97774943001937,19.034506927400567
2879,2007-11-19,2007-11-19 23:00:00,157.38835154540425,62.293131640612316
2880,2007-11-20,2007-11-20 23:00:00,154.80480138673633,53.09177396980067
2881,2007-11-21,2007-11-21 23:00:00,169.48523083914782,33.539168881045896
2882,2007-11-22,2007-11-22 23:00:00,154.47181415884774,18.07639791389425
2883,2007-11-23,2007-11-23 23:00:00,156.2837782409529,14.768617727491552
2884,2007-11-24,2007-11-24 23:00:00,154.77208249245373,12.493248253765268
2885,2007-11-25,2007-11-25 23:00:00,144.141340993145,17.77593769395507
2886,2007-11-26,2007-11-26 23:00:00,180.526925792278,66.21457306448985
2887,2007-11-27,2007-11-27 23:00:00,210.98956239982564,49.83522846910369
2888,2007-11-28,2007-11-28 23:00:00,222.98435046014322,46.62500730653345
2889,2007-11-29,2007-11-29 23:00:00,213.95724894389983,21.728828661134564
2890,2007-11-30,2007-11-30 23:00:00,204.06392505560555,13.415296934061416
2891,2007-12-01,2007-12-01 23:00:00,193.51617188742966,1.4824052632909144
2892,2007-12-02,2007-12-02 23:00:00,181.5308255220732,9.398579280623144
2893,2007-12-03,2007-12-03 23:00:00,198.9653304978236,29.703457342958767
2894,2007-12-04,2007-12-04 23:00:00,198.37411028630368,14.078904110279286
2895,2007-12-05,2007-12-05 23:00:00,207.9631498445291,28.714091543310907
2896,2007-12-06,2007-12-06 23:00:00,220.37794999894365,17.082554444460513
2897,2007-12-07,2007-12-07 23:00:00,213.0083045425199,11.457739910903873
2898,2007-12-08,2007-12-08 23:00:00,213.59354866964307,7.871227120421762
2899,2007-12-09,2007-12-09 23:00:00,216.68648145273892,10.363784089104445
2900,2007-12-10,2007-12-10 23:00:00,229.87971811778993,19.74194127544877
2901,2007-12-11,2007-12-11 23:00:00,233.69998158633697,13.128685077643603
2902,2007-12-12,2007-12-12 23:00:00,230.26888485513936,11.664266233730858
2903,2007-12-13,2007-12-13 23:00:00,227.92543548413752,13.960072598041036
2904,2007-12-14,2007-12-14 23:00:00,228.97516561919588,8.626444513974215
2905,2007-12-15,2007-12-15 23:00:00,228.60918196786812,2.7778710209001956
2906,2007-12-16,2007-12-16 23:00:00,236.03683665731478,5.412084625877598
2907,2007-12-17,2007-12-17 23:00:00,242.68306679392654,18.337666901894902
2908,2007-12-18,2007-12-18 23:00:00,251.54426048701143,23.92958917093626
2909,2007-12-19,2007-12-19 23:00:00,244.30392513261936,10.34004430894301
2910,2007-12-20,2007-12-20 23:00:00,206.53568996122547,34.482679506697146
2911,2007-12-21,2007-12-21 23:00:00,213.27207654347686,22.089195021072257
2912,2007-12-22,2007-12-22 23:00:00,222.6730755150826,1.6943156438468516
2913,2007-12-23,2007-12-23 23:00:00,210.09856965696372,41.076721584589144
2914,2007-12-24,2007-12-24 23:00:00,219.2326025135384,13.833171293845481
2915,2007-12-25,2007-12-25 23:00:00,195.87476754129887,45.06189138153126
2916,2007-12-26,2007-12-26 23:00:00,188.90665313476939,43.9429340352158
2917,2007-12-27,2007-12-27 23:00:00,168.73170131938943,27.928932316247316
2918,2007-12-28,2007-12-28 23:00:00,181.11239657836768,10.656522916339515
2919,2007-12-29,2007-12-29 23:00:00,179.1375067571405,17.05846000738357
2920,2007-12-30,2007-12-30 23:00:00,169.60019123972768,1.7907649055602897
2921,2007-12-31,2007-12-31 23:00:00,167.15813647618072,3.4916966029050407
2922,2008-01-01,2008-01-01 23:00:00,166.6318267670563,7.287031518644546
2923,2008-01-02,2008-01-02 23:00:00,183.1552047314161,10.01507247755336
2924,2008-01-03,2008-01-03 23:00:00,191.64807724819124,9.52567567604169
2925,2008-01-04,2008-01-04 23:00:00,218.42968292293912,3.711966573611119
2926,2008-01-05,2008-01-05 23:00:00,227.92375601732206,5.478053334262959
2927,2008-01-06,2008-01-06 23:00:00,236.17499458614097,1.00367424532851
2928,2008-01-07,2008-01-07 23:00:00,237.369910143123,1.3637874648620611
2929,2008-01-08,2008-01-08 23:00:00,239.80715044940766,4.346182686177331
2930,2008-01-09,2008-01-09 23:00:00,243.02995597468092,5.0049991978507204
2931,2008-01-10,2008-01-10 23:00:00,245.79855085094778,6.303176818073526
2932,2008-01-11,2008-01-11 23:00:00,221.28708082396122,46.21007287551178
2933,2008-01-12,2008-01-12 23:00:00,235.28084702345052,7.367550374297865
2934,2008-01-13,2008-01-13 23:00:00,236.85707522404286,7.871150177972702
2935,2008-01-14,2008-01-14 23:00:00,234.33368272956287,11.923860727323161
2936,2008-01-15,2008-01-15 23:00:00,215.87723318155295,23.629965960569226
2937,2008-01-16,2008-01-16 23:00:00,241.21056449734775,11.680049949870694
2938,2008-01-17,2008-01-17 23:00:00,243.74619162210402,12.341301826934679
2939,2008-01-18,2008-01-18 23:00:00,240.2491264681378,10.176905830053162
2940,2008-01-19,2008-01-19 23:00:00,239.34580293274016,4.060550804651405
2941,2008-01-20,2008-01-20 23:00:00,245.37033879127844,6.756026155632875
2942,2008-01-21,2008-01-21 23:00:00,255.98388055593986,13.300245352564696
2943,2008-01-22,2008-01-22 23:00:00,254.9949146086083,20.30291542849456
2944,2008-01-23,2008-01-23 23:00:00,241.9813462047526,24.99609987677775
2945,2008-01-24,2008-01-24 23:00:00,256.28974631284655,7.451743322797984
2946,2008-01-25,2008-01-25 23:00:00,253.72863037501472,12.80707694763405
2947,2008-01-26,2008-01-26 23:00:00,252.70092143180827,2.237052510700134
2948,2008-01-27,2008-01-27 23:00:00,238.97978357697514,15.009570655871558
2949,2008-01-28,2008-01-28 23:00:00,250.26419090178516,7.009747991346827
2950,2008-01-29,2008-01-29 23:00:00,214.86043345034287,62.78615546488972
2951,2008-01-30,2008-01-30 23:00:00,241.4593353129652,13.367242977403388
2952,2008-01-31,2008-01-31 23:00:00,225.28209543017147,10.828802793739072
2953,2008-02-01,2008-02-01 23:00:00,231.37702238876216,16.222812927202636
2954,2008-02-02,2008-02-02 23:00:00,213.42784586497726,32.09150744916649
2955,2008-02-03,2008-02-03 23:00:00,211.76578835711197,3.9965805162831067
2956,2008-02-04,2008-02-04 23:00:00,220.69738890971226,5.599428381514966
2957,2008-02-05,2008-02-05 23:00:00,240.30450495986486,31.044084054960006
2958,2008-02-06,2008-02-06 23:00:00,248.93268058309238,30.64804704906076
2959,2008-02-07,2008-02-07 23:00:00,260.6831901286675,12.669594142466394
2960,2008-02-08,2008-02-08 23:00:00,278.55964912551894,9.602650501538573
2961,2008-02-09,2008-02-09 23:00:00,284.6868038396726,8.09263196011713
2962,2008-02-10,2008-02-10 23:00:00,289.4475922052041,2.4017213004010918
2963,2008-02-11,2008-02-11 23:00:00,300.00368623932565,20.151629974683065
2964,2008-02-12,2008-02-12 23:00:00,297.7438183442949,14.739510320278661
2965,2008-02-13,2008-02-13 23:00:00,280.2574627654123,8.878764182226552
2966,2008-02-14,2008-02-14 23:00:00,274.85386753196093,7.8235330497247775
2967,2008-02-15,2008-02-15 23:00:00,273.82939408621365,8.308152247325026
2968,2008-02-16,2008-02-16 23:00:00,265.5432118044341,4.2934641214708
2969,2008-02-17,2008-02-17 23:00:00,258.59286254505054,2.5053334540598327
2970,2008-02-18,2008-02-18 23:00:00,245.44545332462704,16.642010851292532
2971,2008-02-19,2008-02-19 23:00:00,225.68697634479403,30.453837234406464
2972,2008-02-20,2008-02-20 23:00:00,189.24866552817153,66.72820728292974
2973,2008-02-21,2008-02-21 23:00:00,219.02006473873385,9.72259913860193
2974,2008-02-22,2008-02-22 23:00:00,186.9424954509359,50.51548616752357
2975,2008-02-23,2008-02-23 23:00:00,218.7569156771792,13.839906349430851
2976,2008-02-24,2008-02-24 23:00:00,202.50997209050456,4.774980752433637
2977,2008-02-25,2008-02-25 23:00:00,218.38227979946964,20.15760612798574
2978,2008-02-26,2008-02-26 23:00:00,234.27798969596986,39.72419031275448
2979,2008-02-27,2008-02-27 23:00:00,217.64405628709292,9.897787359898777
2980,2008-02-28,2008-02-28 23:00:00,222.0030903601745,5.71603852604611
2981,2008-02-29,2008-02-29 23:00:00,224.15117012333107,6.282688776226213
2982,2008-03-01,2008-03-01 23:00:00,237.2769887768628,13.560674721024798
2983,2008-03-02,2008-03-02 23:00:00,219.8297047828689,10.727080330925952
2984,2008-03-03,2008-03-03 23:00:00,220.5898937804258,9.658624800529227
2985,2008-03-04,2008-03-04 23:00:00,245.86543071230207,14.847446398056379
2986,2008-03-05,2008-03-05 23:00:00,229.22197435032513,16.61105574158775
2987,2008-03-06,2008-03-06 23:00:00,224.8790335372837,12.259654251186744
2988,2008-03-07,2008-03-07 23:00:00,222.2378002050119,12.524133958365406
2989,2008-03-08,2008-03-08 23:00:00,232.5078240409447,18.95150209434473
2990,2008-03-09,2008-03-09 23:00:00,184.69283277888405,57.453830109186896
2991,2008-03-10,2008-03-10 23:00:00,221.44871804765262,24.534120587963553
2992,2008-03-11,2008-03-11 23:00:00,221.74462385666234,31.649194401316393
2993,2008-03-12,2008-03-12 23:00:00,187.03367688079751,57.12980488150616
2994,2008-03-13,2008-03-13 23:00:00,182.59638495626373,58.972455013672594
2995,2008-03-14,2008-03-14 23:00:00,204.72754904896613,29.499603539631504
2996,2008-03-15,2008-03-15 23:00:00,196.38639270880026,44.95341203369588
2997,2008-03-16,2008-03-16 23:00:00,160.22211979488,61.576059955813164
2998,2008-03-17,2008-03-17 23:00:00,226.43727153489712,19.191174521362697
2999,2008-03-18,2008-03-18 23:00:00,204.60819040950696,15.484312169779198
3000,2008-03-19,2008-03-19 23:00:00,205.7716880652697,6.040857179864968
3001,2008-03-20,2008-03-20 23:00:00,201.8282699101841,8.280817361772955
3002,2008-03-21,2008-03-21 23:00:00,193.23006407936342,17.0119845523317
3003,2008-03-22,2008-03-22 23:00:00,216.37448139685662,11.71423424645226
3004,2008-03-23,2008-03-23 23:00:00,143.94231872006992,54.076129526545955
3005,2008-03-24,2008-03-24 23:00:00,225.73985043622102,15.541249961412912
3006,2008-03-25,2008-03-25 23:00:00,235.2797740134255,35.2903408925261
3007,2008-03-26,2008-03-26 23:00:00,235.7010163570259,34.691290193609746
3008,2008-03-27,2008-03-27 23:00:00,235.95926142670706,30.552677322272604
3009,2008-03-28,2008-03-28 23:00:00,248.12228538761784,27.881547976202516
3010,2008-03-29,2008-03-29 23:00:00,229.6603533266358,0.798440713528374
3011,2008-03-30,2008-03-30 23:00:00,224.38784982064467,10.972216175506315
3012,2008-03-31,2008-03-31 23:00:00,219.16217315985037,16.052107645999534
3013,2008-04-01,2008-04-01 23:00:00,220.9240738994458,21.800715585745145
3014,2008-04-02,2008-04-02 23:00:00,218.94746814266372,19.167519848299
3015,2008-04-03,2008-04-03 23:00:00,211.10238123011027,25.865900358166186
3016,2008-04-04,2008-04-04 23:00:00,210.6829213497921,23.46493580307345
3017,2008-04-05,2008-04-05 23:00:00,226.822233820334,2.6251124528083003
3018,2008-04-06,2008-04-06 23:00:00,222.1923464621057,8.965650988280753
3019,2008-04-07,2008-04-07 23:00:00,226.46608863893184,9.490504141168381
3020,2008-04-08,2008-04-08 23:00:00,229.37460762038293,24.18435545948885
3021,2008-04-09,2008-04-09 23:00:00,227.3465586707317,13.083601212294433
3022,2008-04-10,2008-04-10 23:00:00,223.53679452189894,26.761051798450737
3023,2008-04-11,2008-04-11 23:00:00,229.12530599340138,14.125954325242118
3024,2008-04-12,2008-04-12 23:00:00,236.8516778454875,9.55736339444322
3025,2008-04-13,2008-04-13 23:00:00,201.2511997397546,50.39892380593277
3026,2008-04-14,2008-04-14 23:00:00,242.7003731578477,47.613002162648
3027,2008-04-15,2008-04-15 23:00:00,230.50902895236595,41.66686787853004
3028,2008-04-16,2008-04-16 23:00:00,239.56134910065575,62.67461393629362
3029,2008-04-17,2008-04-17 23:00:00,265.74870428915773,57.78147354480911
3030,2008-04-18,2008-04-18 23:00:00,276.81799331478845,54.76836570519757
3031,2008-04-19,2008-04-19 23:00:00,278.40392759341574,58.95915748774799
3032,2008-04-20,2008-04-20 23:00:00,192.4705471358384,32.324122888125814
3033,2008-04-21,2008-04-21 23:00:00,273.10478408180256,66.79854292165368
3034,2008-04-22,2008-04-22 23:00:00,284.4353451696786,68.86537664619689
3035,2008-04-23,2008-04-23 23:00:00,295.5186821441314,49.590188153606654
3036,2008-04-24,2008-04-24 23:00:00,269.013368452011,49.89900542989303
3037,2008-04-25,2008-04-25 23:00:00,292.6596277712084,41.22937640995397
3038,2008-04-26,2008-04-26 23:00:00,315.1739389888492,51.32713044667146
3039,2008-04-27,2008-04-27 23:00:00,330.0480457024599,42.795604263851935
3040,2008-04-28,2008-04-28 23:00:00,195.18744022385172,69.9467140045537
3041,2008-04-29,2008-04-29 23:00:00,203.7150398048756,57.211593834393604
3042,2008-04-30,2008-04-30 23:00:00,262.69287970350996,45.68984939027651
3043,2008-05-01,2008-05-01 23:00:00,226.50214440245836,44.7539764604647
3044,2008-05-02,2008-05-02 23:00:00,264.3577341974454,47.53115685667826
3045,2008-05-03,2008-05-03 23:00:00,273.2419553076849,45.412449371466906
3046,2008-05-04,2008-05-04 23:00:00,228.59207657859142,42.28813317317246
3047,2008-05-05,2008-05-05 23:00:00,215.8214559381166,38.3722914039785
3048,2008-05-06,2008-05-06 23:00:00,276.8952688837487,104.93925751622618
3049,2008-05-07,2008-05-07 23:00:00,246.87618961694105,46.040599559318466
3050,2008-05-08,2008-05-08 23:00:00,227.31098598943188,31.041316841934727
3051,2008-05-09,2008-05-09 23:00:00,247.33118751402432,28.68490099604741
3052,2008-05-10,2008-05-10 23:00:00,266.95333939190084,27.531101882650415
3053,2008-05-11,2008-05-11 23:00:00,221.03021148505817,18.623683917979225
3054,2008-05-12,2008-05-12 23:00:00,227.23953112795547,35.220382277414195
3055,2008-05-13,2008-05-13 23:00:00,231.62974134130323,26.17330421313848
3056,2008-05-14,2008-05-14 23:00:00,263.63563822419843,33.64676267639931
3057,2008-05-15,2008-05-15 23:00:00,271.42902098962105,34.954303429472425
3058,2008-05-16,2008-05-16 23:00:00,262.94804446115677,19.143360310824495
3059,2008-05-17,2008-05-17 23:00:00,262.304068549085,41.671671843950016
3060,2008-05-18,2008-05-18 23:00:00,237.31976351355266,31.510500850730242
3061,2008-05-19,2008-05-19 23:00:00,268.27383307339727,15.417076885202603
3062,2008-05-20,2008-05-20 23:00:00,265.41955932004413,24.19304103971971
3063,2008-05-21,2008-05-21 23:00:00,241.07717182608835,25.699414352043807
3064,2008-05-22,2008-05-22 23:00:00,232.4502470277496,30.00121982064958
3065,2008-05-23,2008-05-23 23:00:00,250.8998138468568,30.65560405730239
3066,2008-05-24,2008-05-24 23:00:00,207.7065753048712,44.85749865368517
3067,2008-05-25,2008-05-25 23:00:00,220.3618291799718,49.78125139018474
3068,2008-05-26,2008-05-26 23:00:00,95.96185587873839,59.03947759230892
3069,2008-05-27,2008-05-27 23:00:00,201.60791758050195,87.6016671758043
3070,2008-05-28,2008-05-28 23:00:00,154.7043191944425,68.56328784750137
3071,2008-05-29,2008-05-29 23:00:00,152.00667763401032,60.88015318014915
3072,2008-05-30,2008-05-30 23:00:00,153.07026707417634,75.88413806863892
3073,2008-05-31,2008-05-31 23:00:00,144.0865580566685,62.32772269371491
3074,2008-06-01,2008-06-01 23:00:00,177.5411204029077,36.754888126785204
3075,2008-06-02,2008-06-02 23:00:00,184.44180962316713,41.26637299991426
3076,2008-06-03,2008-06-03 23:00:00,221.98316053836288,41.03282537021852
3077,2008-06-04,2008-06-04 23:00:00,227.5905536209588,46.085005013604636
3078,2008-06-05,2008-06-05 23:00:00,193.09760316009348,71.45608058269372
3079,2008-06-06,2008-06-06 23:00:00,196.42063953905858,63.82739293087995
3080,2008-06-07,2008-06-07 23:00:00,202.0406662629151,47.88338450177089
3081,2008-06-08,2008-06-08 23:00:00,209.1257094637236,24.09738943336052
3082,2008-06-09,2008-06-09 23:00:00,186.87145320129503,36.754937448417415
3083,2008-06-10,2008-06-10 23:00:00,184.7392832839267,36.75920965482333
3084,2008-06-11,2008-06-11 23:00:00,191.02024380942507,31.678631454791795
3085,2008-06-12,2008-06-12 23:00:00,173.67405999488938,28.288187650799877
3086,2008-06-13,2008-06-13 23:00:00,181.82742333706668,23.806841061474604
3087,2008-06-14,2008-06-14 23:00:00,175.01516960563154,14.626434305434564
3088,2008-06-15,2008-06-15 23:00:00,160.8270073788262,11.189422905680939
3089,2008-06-16,2008-06-16 23:00:00,176.4435485229278,38.51934743079553
3090,2008-06-17,2008-06-17 23:00:00,197.09780271062755,43.36101611234112
3091,2008-06-18,2008-06-18 23:00:00,199.884200881584,54.63968587132835
3092,2008-06-19,2008-06-19 23:00:00,178.78592279450163,58.82967910167344
3093,2008-06-20,2008-06-20 23:00:00,169.75908893193662,48.01505625180761
3094,2008-06-21,2008-06-21 23:00:00,141.7789749046299,39.378682781454465
3095,2008-06-22,2008-06-22 23:00:00,130.16477131189097,39.15765610751451
3096,2008-06-23,2008-06-23 23:00:00,223.86751672331147,52.50212416676435
3097,2008-06-24,2008-06-24 23:00:00,176.46881580544905,42.29986774177518
3098,2008-06-25,2008-06-25 23:00:00,205.30587943764885,54.097505659726906
3099,2008-06-26,2008-06-26 23:00:00,135.76293211818106,43.395964101268994
3100,2008-06-27,2008-06-27 23:00:00,162.2038799125215,71.53181410628132
3101,2008-06-28,2008-06-28 23:00:00,101.30370376129599,16.736781081438764
3102,2008-06-29,2008-06-29 23:00:00,107.37659793341761,15.57216052208611
3103,2008-06-30,2008-06-30 23:00:00,146.85186778004592,24.942029539638025
3104,2008-07-01,2008-07-01 23:00:00,156.17213471136586,54.355049977863
3105,2008-07-02,2008-07-02 23:00:00,155.77743014289823,47.719256402975965
3106,2008-07-03,2008-07-03 23:00:00,146.8627745475045,43.68724938163375
3107,2008-07-04,2008-07-04 23:00:00,130.03391031977262,40.692720603008446
3108,2008-07-05,2008-07-05 23:00:00,101.67940188347545,22.437845654090662
3109,2008-07-06,2008-07-06 23:00:00,87.87257611355797,22.575223058305827
3110,2008-07-07,2008-07-07 23:00:00,134.93865378366192,56.35151821565625
3111,2008-07-08,2008-07-08 23:00:00,141.7346134033505,45.45543547169054
3112,2008-07-09,2008-07-09 23:00:00,112.27713733686335,58.53984421142371
3113,2008-07-10,2008-07-10 23:00:00,121.00154939239529,50.49713549163166
3114,2008-07-11,2008-07-11 23:00:00,132.69364460863827,58.1767280678746
3115,2008-07-12,2008-07-12 23:00:00,137.3662658073175,67.15362601639896
3116,2008-07-13,2008-07-13 23:00:00,111.72120451168517,26.051228843126466
3117,2008-07-14,2008-07-14 23:00:00,120.8268773878247,48.664483227547464
3118,2008-07-15,2008-07-15 23:00:00,119.05181908224098,55.2346623608794
3119,2008-07-16,2008-07-16 23:00:00,141.41293063081352,81.30804315049771
3120,2008-07-17,2008-07-17 23:00:00,165.1492698831453,82.33494953455232
3121,2008-07-18,2008-07-18 23:00:00,131.18939561246637,78.521025510271
3122,2008-07-19,2008-07-19 23:00:00,110.51881117789686,60.24219551220418
3123,2008-07-20,2008-07-20 23:00:00,105.20504893918526,43.24096788524118
3124,2008-07-21,2008-07-21 23:00:00,146.62533281371668,79.72186476685233
3125,2008-07-22,2008-07-22 23:00:00,145.61134538519056,70.09244056169797
3126,2008-07-23,2008-07-23 23:00:00,187.05193995792789,102.49207215372053
3127,2008-07-24,2008-07-24 23:00:00,219.78011545883578,81.20576530570908
3128,2008-07-25,2008-07-25 23:00:00,216.28667536742378,73.7034691183797
3129,2008-07-26,2008-07-26 23:00:00,151.31932860431732,72.73970623888395
3130,2008-07-27,2008-07-27 23:00:00,113.69791903517016,51.76050888547117
3131,2008-07-28,2008-07-28 23:00:00,207.9199250355364,71.97732735628146
3132,2008-07-29,2008-07-29 23:00:00,189.68159506992674,100.37227291047702
3133,2008-07-30,2008-07-30 23:00:00,182.13278557007345,86.41199902603593
3134,2008-07-31,2008-07-31 23:00:00,184.01220217739117,85.63526420607462
3135,2008-08-01,2008-08-01 23:00:00,169.86178291162457,63.168618134340605
3136,2008-08-02,2008-08-02 23:00:00,122.99943901917338,57.89022928658451
3137,2008-08-03,2008-08-03 23:00:00,106.01906977121655,39.40656873742291
3138,2008-08-04,2008-08-04 23:00:00,198.02081480263655,83.52483383697746
3139,2008-08-05,2008-08-05 23:00:00,207.19446170220075,90.81023791793284
3140,2008-08-06,2008-08-06 23:00:00,217.4919599876928,72.22854665991923
3141,2008-08-07,2008-08-07 23:00:00,154.35838722531489,22.699914517006277
3142,2008-08-08,2008-08-08 23:00:00,230.95829056956595,124.561906504063
3143,2008-08-09,2008-08-09 23:00:00,176.11044295380898,77.87330629382673
3144,2008-08-10,2008-08-10 23:00:00,129.5490927584308,37.35762052210863
3145,2008-08-11,2008-08-11 23:00:00,203.92465461199723,80.67172341859663
3146,2008-08-12,2008-08-12 23:00:00,211.49428891676862,86.1083471448795
3147,2008-08-13,2008-08-13 23:00:00,204.61053024307589,47.9132070523046
3148,2008-08-14,2008-08-14 23:00:00,189.0096349948536,27.262390631125818
3149,2008-08-15,2008-08-15 23:00:00,175.6132917222742,31.599254677309755
3150,2008-08-16,2008-08-16 23:00:00,166.27003419866983,29.685075546683816
3151,2008-08-17,2008-08-17 23:00:00,124.18468616884032,9.69360849154466
3152,2008-08-18,2008-08-18 23:00:00,131.85626060963128,25.51266547535976
3153,2008-08-19,2008-08-19 23:00:00,161.64382478724383,28.458427189983286
3154,2008-08-20,2008-08-20 23:00:00,178.6193673242149,94.40078084012198
3155,2008-08-21,2008-08-21 23:00:00,214.78861569877986,66.77497239349442
3156,2008-08-22,2008-08-22 23:00:00,182.08214631962971,59.84094989847332
3157,2008-08-23,2008-08-23 23:00:00,156.96423195231515,37.53532111959447
3158,2008-08-24,2008-08-24 23:00:00,133.13958652652914,38.26855350604617
3159,2008-08-25,2008-08-25 23:00:00,149.832573402393,44.98310389498476
3160,2008-08-26,2008-08-26 23:00:00,161.57470628592753,55.1622027681242
3161,2008-08-27,2008-08-27 23:00:00,169.5868534538748,66.80345829473461
3162,2008-08-28,2008-08-28 23:00:00,187.34934294996663,55.82337033090299
3163,2008-08-29,2008-08-29 23:00:00,175.6924497824409,38.651800094367935
3164,2008-08-30,2008-08-30 23:00:00,139.4913451153698,27.63848587446347
3165,2008-08-31,2008-08-31 23:00:00,119.65414216915235,25.753331767190325
3166,2008-09-01,2008-09-01 23:00:00,151.54819764849097,61.54433798279027
3167,2008-09-02,2008-09-02 23:00:00,147.23892943136823,76.7998811975784
3168,2008-09-03,2008-09-03 23:00:00,133.56214098304338,53.06265831478019
3169,2008-09-04,2008-09-04 23:00:00,116.24740360151564,51.90671399215916
3170,2008-09-05,2008-09-05 23:00:00,112.18969876970846,44.83877830667581
3171,2008-09-06,2008-09-06 23:00:00,123.7328892633766,48.13419022494205
3172,2008-09-07,2008-09-07 23:00:00,141.87717649336722,32.42980376586482
3173,2008-09-08,2008-09-08 23:00:00,179.30711946934585,46.804565272202105
3174,2008-09-09,2008-09-09 23:00:00,186.91872533668607,20.810104601093105
3175,2008-09-10,2008-09-10 23:00:00,197.4023706991999,57.701314401924286
3176,2008-09-11,2008-09-11 23:00:00,198.06866064977248,66.55034520808368
3177,2008-09-12,2008-09-12 23:00:00,202.83859645792108,37.16507590375734
3178,2008-09-13,2008-09-13 23:00:00,192.7508176606116,16.612979453034647
3179,2008-09-14,2008-09-14 23:00:00,176.93743300121153,8.597431431394389
3180,2008-09-15,2008-09-15 23:00:00,218.87539957948152,79.23984335224037
3181,2008-09-16,2008-09-16 23:00:00,197.51466023797403,52.78836891664139
3182,2008-09-17,2008-09-17 23:00:00,193.38905940597792,51.77851827179968
3183,2008-09-18,2008-09-18 23:00:00,190.66900926609915,92.39196069381579
3184,2008-09-19,2008-09-19 23:00:00,202.01852496845893,84.63758198239289
3185,2008-09-20,2008-09-20 23:00:00,194.58855540931663,51.05190859755857
3186,2008-09-21,2008-09-21 23:00:00,188.97881765011255,11.257154940643543
3187,2008-09-22,2008-09-22 23:00:00,171.99553267976376,76.99395470776128
3188,2008-09-23,2008-09-23 23:00:00,218.89193834875832,74.29700737730558
3189,2008-09-24,2008-09-24 23:00:00,220.2732640961929,85.6617421278484
3190,2008-09-25,2008-09-25 23:00:00,239.84104609937648,80.87173641509135
3191,2008-09-26,2008-09-26 23:00:00,257.00809517280084,87.91674308476334
3192,2008-09-27,2008-09-27 23:00:00,214.0287664377861,44.05075234294176
3193,2008-09-28,2008-09-28 23:00:00,195.36220228326488,37.86096968973502
3194,2008-09-29,2008-09-29 23:00:00,247.69357637764372,77.10249057373285
3195,2008-09-30,2008-09-30 23:00:00,209.75499370794162,78.2776611948565
3196,2008-10-01,2008-10-01 23:00:00,225.5298541770638,85.89464420695131
3197,2008-10-02,2008-10-02 23:00:00,234.4167279589824,83.42470892647889
3198,2008-10-03,2008-10-03 23:00:00,205.49308906122943,83.10246713432802
3199,2008-10-04,2008-10-04 23:00:00,190.18938467552607,52.76415622935709
3200,2008-10-05,2008-10-05 23:00:00,159.6559962397213,6.859160734550325
3201,2008-10-06,2008-10-06 23:00:00,187.7164500780328,87.75254647140977
3202,2008-10-07,2008-10-07 23:00:00,231.30941595402547,85.43101744253264
3203,2008-10-08,2008-10-08 23:00:00,208.93657675704517,95.2820749619457
3204,2008-10-09,2008-10-09 23:00:00,209.19593707358794,91.21566899333598
3205,2008-10-10,2008-10-10 23:00:00,163.52847418783432,81.61387376053091
3206,2008-10-11,2008-10-11 23:00:00,152.1190297760852,39.59119357136836
3207,2008-10-12,2008-10-12 23:00:00,144.8323638483322,15.23520553007858
3208,2008-10-13,2008-10-13 23:00:00,134.09584910217265,18.024366065327627
3209,2008-10-14,2008-10-14 23:00:00,145.15350415852188,100.19344975785614
3210,2008-10-15,2008-10-15 23:00:00,174.0388799400848,76.17184613578232
3211,2008-10-16,2008-10-16 23:00:00,171.53298316189375,73.5831285926178
3212,2008-10-17,2008-10-17 23:00:00,142.74157850951303,20.625459293619482
3213,2008-10-18,2008-10-18 23:00:00,163.58832656857496,25.417460218919675
3214,2008-10-19,2008-10-19 23:00:00,127.8455642534923,23.367267821420977
3215,2008-10-20,2008-10-20 23:00:00,182.57868701822392,80.49301462872668
3216,2008-10-21,2008-10-21 23:00:00,221.78874304851516,87.89747324242028
3217,2008-10-22,2008-10-22 23:00:00,226.93546950833831,80.52021944191713
3218,2008-10-23,2008-10-23 23:00:00,235.87381055485517,141.63062862904223
3219,2008-10-24,2008-10-24 23:00:00,242.07397746797167,118.18129995253815
3220,2008-10-25,2008-10-25 23:00:00,221.68754337093438,95.3898464723813
3221,2008-10-26,2008-10-26 23:00:00,178.43094594709115,55.33424289974074
3222,2008-10-27,2008-10-27 23:00:00,219.23908945735107,97.44399353738315
3223,2008-10-28,2008-10-28 23:00:00,214.37418000442912,92.93482621190597
3224,2008-10-29,2008-10-29 23:00:00,208.6925409631075,67.75255851672947
3225,2008-10-30,2008-10-30 23:00:00,235.77993580631832,82.78368018163358
3226,2008-10-31,2008-10-31 23:00:00,182.76807498626798,17.480537208313933
3227,2008-11-01,2008-11-01 23:00:00,198.27803181438262,37.84745255865444
3228,2008-11-02,2008-11-02 23:00:00,172.33368148040162,10.136465000458136
3229,2008-11-03,2008-11-03 23:00:00,167.02832422161916,19.73444093257127
3230,2008-11-04,2008-11-04 23:00:00,186.09301019720064,95.1489748704068
3231,2008-11-05,2008-11-05 23:00:00,178.88176101012724,79.72756687462663
3232,2008-11-06,2008-11-06 23:00:00,176.19352110925502,91.75758645360867
3233,2008-11-07,2008-11-07 23:00:00,187.63079490989125,98.15736677776566
3234,2008-11-08,2008-11-08 23:00:00,214.08453642995093,61.404443529597025
3235,2008-11-09,2008-11-09 23:00:00,206.789670199125,56.21266317868071
3236,2008-11-10,2008-11-10 23:00:00,289.3002778508945,188.72117752441073
3237,2008-11-11,2008-11-11 23:00:00,283.1945036491565,92.50031220818848
3238,2008-11-12,2008-11-12 23:00:00,279.457975131952,87.1281445187496
3239,2008-11-13,2008-11-13 23:00:00,289.7985200978062,78.87237881102092
3240,2008-11-14,2008-11-14 23:00:00,284.8372421684882,68.43437123013345
3241,2008-11-15,2008-11-15 23:00:00,239.29459456362213,32.787623368950435
3242,2008-11-16,2008-11-16 23:00:00,218.159665918581,28.19465864358722
3243,2008-11-17,2008-11-17 23:00:00,227.5975312580858,28.174239226781946
3244,2008-11-18,2008-11-18 23:00:00,263.5364249975655,62.867624685908716
3245,2008-11-19,2008-11-19 23:00:00,208.3965591123421,108.25372376814467
3246,2008-11-20,2008-11-20 23:00:00,252.38998473071695,112.96616346482985
3247,2008-11-21,2008-11-21 23:00:00,210.10090513172597,87.27907729961306
3248,2008-11-22,2008-11-22 23:00:00,169.44552956687963,54.82244604142994
3249,2008-11-23,2008-11-23 23:00:00,125.62347083242524,35.88334523101849
3250,2008-11-24,2008-11-24 23:00:00,189.8753839211522,132.81552354085107
3251,2008-11-25,2008-11-25 23:00:00,180.69077250151864,93.52318560420157
3252,2008-11-26,2008-11-26 23:00:00,148.17623698256716,103.02217300065267
3253,2008-11-27,2008-11-27 23:00:00,152.31556898295202,129.8263034779715
3254,2008-11-28,2008-11-28 23:00:00,137.27651505056085,118.69214438975642
3255,2008-11-29,2008-11-29 23:00:00,107.9813318276271,78.72394203127008
3256,2008-11-30,2008-11-30 23:00:00,91.30655551865586,1.954640023059374
3257,2008-12-01,2008-12-01 23:00:00,130.11012947404262,107.8123737069539
3258,2008-12-02,2008-12-02 23:00:00,183.75171122856122,147.53539222615805
3259,2008-12-03,2008-12-03 23:00:00,242.6605741407459,185.02902152777997
3260,2008-12-04,2008-12-04 23:00:00,226.5664920147273,159.79260126818218
3261,2008-12-05,2008-12-05 23:00:00,250.73637018582212,173.01155425258096
3262,2008-12-06,2008-12-06 23:00:00,123.0410927179082,27.604424473524098
3263,2008-12-07,2008-12-07 23:00:00,113.5399873287782,19.594477830358105
3264,2008-12-08,2008-12-08 23:00:00,108.54398861424022,17.153698673373647
3265,2008-12-09,2008-12-09 23:00:00,176.09475230996517,136.18931604484595
3266,2008-12-10,2008-12-10 23:00:00,166.18830214866927,95.6160536815842
3267,2008-12-11,2008-12-11 23:00:00,165.9930936181644,95.2407372182489
3268,2008-12-12,2008-12-12 23:00:00,181.50834417505368,93.15740923376289
3269,2008-12-13,2008-12-13 23:00:00,216.52138638249926,93.07026282875987
3270,2008-12-14,2008-12-14 23:00:00,166.60895739381598,25.413195990502814
3271,2008-12-15,2008-12-15 23:00:00,218.98991307928029,65.98419226239398
3272,2008-12-16,2008-12-16 23:00:00,244.12789159504055,84.72717009263464
3273,2008-12-17,2008-12-17 23:00:00,240.11836579274492,45.78765828000548
3274,2008-12-18,2008-12-18 23:00:00,229.49672516233468,32.6593363192779
3275,2008-12-19,2008-12-19 23:00:00,229.3183581521087,39.108381342134386
3276,2008-12-20,2008-12-20 23:00:00,241.07527035404314,18.92543382152022
3277,2008-12-21,2008-12-21 23:00:00,246.19470975698854,24.158334426490747
3278,2008-12-22,2008-12-22 23:00:00,321.3595630469634,27.5433970106069
3279,2008-12-23,2008-12-23 23:00:00,342.1224782180121,55.83818859159554
3280,2008-12-24,2008-12-24 23:00:00,346.1893226035295,25.203205711539894
3281,2008-12-25,2008-12-25 23:00:00,251.12276824767437,41.348797229502594
3282,2008-12-26,2008-12-26 23:00:00,332.06100951778586,83.43305150646525
3283,2008-12-27,2008-12-27 23:00:00,362.4421551962675,36.97486565475894
3284,2008-12-28,2008-12-28 23:00:00,386.4840952275167,23.47677817457826
3285,2008-12-29,2008-12-29 23:00:00,400.11902832145506,33.48563638902098
3286,2008-12-30,2008-12-30 23:00:00,419.8120285025161,31.46436344792246
3287,2008-12-31,2008-12-31 23:00:00,400.6773821329726,20.39958715224811
3288,2009-01-01,2009-01-01 23:00:00,369.6908074425308,3.372364333460597
3289,2009-01-02,2009-01-02 23:00:00,309.9911241178317,82.32668534023286
3290,2009-01-03,2009-01-03 23:00:00,301.57903611240675,53.6072934698366
3291,2009-01-04,2009-01-04 23:00:00,330.6577601946688,0.7307015200340092
3292,2009-01-05,2009-01-05 23:00:00,298.0162559977465,51.64963396615916
3293,2009-01-06,2009-01-06 23:00:00,319.1171570330218,13.00620810924788
3294,2009-01-07,2009-01-07 23:00:00,310.81189915866497,12.727347871490348
3295,2009-01-08,2009-01-08 23:00:00,304.59234976486795,0.6830782534364861
3296,2009-01-09,2009-01-09 23:00:00,303.1558983141745,1.9510308068516395
3297,2009-01-10,2009-01-10 23:00:00,303.01796092321393,2.7795608367966618
3298,2009-01-11,2009-01-11 23:00:00,302.7278167560209,4.233112008868068
3299,2009-01-12,2009-01-12 23:00:00,303.7171608015315,3.096189909153419
3300,2009-01-13,2009-01-13 23:00:00,294.77311011317437,33.389299269731765
3301,2009-01-14,2009-01-14 23:00:00,306.6340134095555,53.39235587497694
3302,2009-01-15,2009-01-15 23:00:00,340.8424863677905,43.13803033163417
3303,2009-01-16,2009-01-16 23:00:00,330.6159984604401,25.746793023247424
3304,2009-01-17,2009-01-17 23:00:00,305.6168916273824,8.133762502474177
3305,2009-01-18,2009-01-18 23:00:00,304.94623051960826,2.7646801294290895
3306,2009-01-19,2009-01-19 23:00:00,303.4243530157545,10.06728705394593
3307,2009-01-20,2009-01-20 23:00:00,276.12968260940653,44.83642187599711
3308,2009-01-21,2009-01-21 23:00:00,264.6540527153638,78.47116766176406
3309,2009-01-22,2009-01-22 23:00:00,274.2936883711031,40.92896599302858
3310,2009-01-23,2009-01-23 23:00:00,296.8716610404788,8.459510355841877
3311,2009-01-24,2009-01-24 23:00:00,292.96184947600864,6.757779194159233
3312,2009-01-25,2009-01-25 23:00:00,263.26440484836183,44.92451877212249
3313,2009-01-26,2009-01-26 23:00:00,298.2519862424365,11.562303839532373
3314,2009-01-27,2009-01-27 23:00:00,308.304292520236,23.93733199351747
3315,2009-01-28,2009-01-28 23:00:00,287.0257852029445,30.811520564132664
3316,2009-01-29,2009-01-29 23:00:00,309.09481646429305,25.89109306958154
3317,2009-01-30,2009-01-30 23:00:00,309.36212961505123,22.88565883847982
3318,2009-01-31,2009-01-31 23:00:00,301.85833554679317,5.054625465349146
3319,2009-02-01,2009-02-01 23:00:00,273.76879884784427,31.077724032665316
3320,2009-02-02,2009-02-02 23:00:00,289.54049532492655,10.757345089696482
3321,2009-02-03,2009-02-03 23:00:00,280.62821562711036,17.991119077371295
3322,2009-02-04,2009-02-04 23:00:00,281.17593503821746,19.322512560419984
3323,2009-02-05,2009-02-05 23:00:00,285.9432447936941,16.778046649763144
3324,2009-02-06,2009-02-06 23:00:00,289.814543704063,18.212159932460786
3325,2009-02-07,2009-02-07 23:00:00,285.3381686133908,18.514573077436474
3326,2009-02-08,2009-02-08 23:00:00,301.77739222671045,12.36484677128504
3327,2009-02-09,2009-02-09 23:00:00,332.60901408945193,24.625607592924656
3328,2009-02-10,2009-02-10 23:00:00,308.90217840030044,13.776695810218792
3329,2009-02-11,2009-02-11 23:00:00,303.8587448562757,12.516051883868037
3330,2009-02-12,2009-02-12 23:00:00,300.8777022467366,17.95154562450174
3331,2009-02-13,2009-02-13 23:00:00,297.992600154093,5.255366472373503
3332,2009-02-14,2009-02-14 23:00:00,290.70781878221885,10.715733173390905
3333,2009-02-15,2009-02-15 23:00:00,281.0871641174714,10.011981101225645
3334,2009-02-16,2009-02-16 23:00:00,275.71053302607663,26.552581047269857
3335,2009-02-17,2009-02-17 23:00:00,289.29503099359675,32.838825448488066
3336,2009-02-18,2009-02-18 23:00:00,252.61754683883245,14.18767132485089
3337,2009-02-19,2009-02-19 23:00:00,246.88026619375833,21.763891154471324
3338,2009-02-20,2009-02-20 23:00:00,251.52163633266107,15.60060110039212
3339,2009-02-21,2009-02-21 23:00:00,231.81468060061275,11.17002199575973
3340,2009-02-22,2009-02-22 23:00:00,238.7776791768812,11.919986494348377
3341,2009-02-23,2009-02-23 23:00:00,234.206778621185,16.863437504514216
3342,2009-02-24,2009-02-24 23:00:00,228.39327384862648,16.81554906372909
3343,2009-02-25,2009-02-25 23:00:00,292.74973863296174,32.6337016489585
3344,2009-02-26,2009-02-26 23:00:00,269.1663898038067,42.67375852763502
3345,2009-02-27,2009-02-27 23:00:00,268.4418832455389,30.649885256674168
3346,2009-02-28,2009-02-28 23:00:00,266.59618392099355,18.104824930464243
3347,2009-03-01,2009-03-01 23:00:00,270.000963438087,17.389161067931106
3348,2009-03-02,2009-03-02 23:00:00,311.7541345003719,45.88703766750394
3349,2009-03-03,2009-03-03 23:00:00,277.02318579632873,37.893125427977125
3350,2009-03-04,2009-03-04 23:00:00,271.7453018698903,59.42311997615637
3351,2009-03-05,2009-03-05 23:00:00,235.9398527068872,33.972067151147655
3352,2009-03-06,2009-03-06 23:00:00,249.20951566498385,21.900966968250266
3353,2009-03-07,2009-03-07 23:00:00,268.9107871184957,21.599382787174772
3354,2009-03-08,2009-03-08 23:00:00,222.22685388195487,51.17572659138145
3355,2009-03-09,2009-03-09 23:00:00,232.76469305590618,72.85733211282597
3356,2009-03-10,2009-03-10 23:00:00,230.8736398326855,58.220633823405315
3357,2009-03-11,2009-03-11 23:00:00,248.6200282113044,52.889146661670885
3358,2009-03-12,2009-03-12 23:00:00,287.6528273157735,28.821803529829655
3359,2009-03-13,2009-03-13 23:00:00,285.2365858276903,15.070034948972921
3360,2009-03-14,2009-03-14 23:00:00,293.309184715657,14.858060624767235
3361,2009-03-15,2009-03-15 23:00:00,262.09882780105676,15.182037655128482
3362,2009-03-16,2009-03-16 23:00:00,269.0382590869824,25.212066804400564
3363,2009-03-17,2009-03-17 23:00:00,295.7360332232093,36.86821833408976
3364,2009-03-18,2009-03-18 23:00:00,312.6413694386168,40.51278704053354
3365,2009-03-19,2009-03-19 23:00:00,251.87628932088077,12.880966781930233
3366,2009-03-20,2009-03-20 23:00:00,247.46470789603586,5.624554024618455
3367,2009-03-21,2009-03-21 23:00:00,245.93194664904036,6.287323756422486
3368,2009-03-22,2009-03-22 23:00:00,221.0312644396754,7.569580283806369
3369,2009-03-23,2009-03-23 23:00:00,215.58695356174428,5.555651449766338
3370,2009-03-24,2009-03-24 23:00:00,186.87431506353826,47.480394407071955
3371,2009-03-25,2009-03-25 23:00:00,219.05910975785932,9.916773921275741
3372,2009-03-26,2009-03-26 23:00:00,207.13888495805813,6.7264380461262885
3373,2009-03-27,2009-03-27 23:00:00,208.87449371897097,18.102581855140613
3374,2009-03-28,2009-03-28 23:00:00,191.36915689784394,7.292115850758627
3375,2009-03-29,2009-03-29 23:00:00,156.34149325095356,40.73348771934258
3376,2009-03-30,2009-03-30 23:00:00,187.2879888228321,28.46665170919142
3377,2009-03-31,2009-03-31 23:00:00,191.22713547787308,20.93667147570618
3378,2009-04-01,2009-04-01 23:00:00,205.66924148292523,20.90398037667735
3379,2009-04-02,2009-04-02 23:00:00,211.04837525421158,22.775654561932484
3380,2009-04-03,2009-04-03 23:00:00,197.4249603754431,29.533025733370955
3381,2009-04-04,2009-04-04 23:00:00,178.618717499574,12.046784109102688
3382,2009-04-05,2009-04-05 23:00:00,172.78007102236498,4.81761903630452
3383,2009-04-06,2009-04-06 23:00:00,183.70273763321416,44.09721427880615
3384,2009-04-07,2009-04-07 23:00:00,202.616115929218,31.36434593460018
3385,2009-04-08,2009-04-08 23:00:00,201.22475898825488,26.900611689741392
3386,2009-04-09,2009-04-09 23:00:00,170.72101245862362,5.880735432753597
3387,2009-04-10,2009-04-10 23:00:00,164.82678655821812,6.020433462167946
3388,2009-04-11,2009-04-11 23:00:00,168.88857571808418,7.607556537545861
3389,2009-04-12,2009-04-12 23:00:00,166.40621528474517,1.4831477878304764
3390,2009-04-13,2009-04-13 23:00:00,175.82926671786637,29.716198930602896
3391,2009-04-14,2009-04-14 23:00:00,182.99919944632106,53.23791080179022
3392,2009-04-15,2009-04-15 23:00:00,176.10697669774387,48.25598848886759
3393,2009-04-16,2009-04-16 23:00:00,195.55977481652187,50.228298486707956
3394,2009-04-17,2009-04-17 23:00:00,176.25986689556052,22.875512868127416
3395,2009-04-18,2009-04-18 23:00:00,166.60439241998117,12.776766066472277
3396,2009-04-19,2009-04-19 23:00:00,171.18922699343057,17.101014988229547
3397,2009-04-20,2009-04-20 23:00:00,188.21019142723003,49.0316939288253
3398,2009-04-21,2009-04-21 23:00:00,211.32571096187897,54.72143262601399
3399,2009-04-22,2009-04-22 23:00:00,218.11762875815535,54.167775501307446
3400,2009-04-23,2009-04-23 23:00:00,209.27161150492114,32.52603699917454
3401,2009-04-24,2009-04-24 23:00:00,222.18362848038478,33.289056779173904
3402,2009-04-25,2009-04-25 23:00:00,228.73357929284603,21.69957120185771
3403,2009-04-26,2009-04-26 23:00:00,242.30057263594537,14.941514337088513
3404,2009-04-27,2009-04-27 23:00:00,255.59425369763554,36.56837953614072
3405,2009-04-28,2009-04-28 23:00:00,269.1513288271677,27.634586060256684
3406,2009-04-29,2009-04-29 23:00:00,235.24058236920095,27.168725180484035
3407,2009-04-30,2009-04-30 23:00:00,243.45875799003014,18.629467072879137
3408,2009-05-01,2009-05-01 23:00:00,217.66903518253434,3.9914408164048374
3409,2009-05-02,2009-05-02 23:00:00,200.59486128642394,15.415829135400184
3410,2009-05-03,2009-05-03 23:00:00,201.01587523477647,19.97515631638042
3411,2009-05-04,2009-05-04 23:00:00,248.4324308300006,40.80907726187419
3412,2009-05-05,2009-05-05 23:00:00,257.77791133822035,38.21840603410442
3413,2009-05-06,2009-05-06 23:00:00,249.02091477114232,44.71556529910777
3414,2009-05-07,2009-05-07 23:00:00,249.90027257126803,34.33637697903838
3415,2009-05-08,2009-05-08 23:00:00,224.310296321158,15.566454950547858
3416,2009-05-09,2009-05-09 23:00:00,210.41842652266178,9.305586262470065
3417,2009-05-10,2009-05-10 23:00:00,225.7151730874829,17.046906635091876
3418,2009-05-11,2009-05-11 23:00:00,242.64723138636055,35.43286269101174
3419,2009-05-12,2009-05-12 23:00:00,221.280679948813,25.13017523591349
3420,2009-05-13,2009-05-13 23:00:00,228.4753405328823,13.036501420494822
3421,2009-05-14,2009-05-14 23:00:00,220.05365818600328,25.10786054116526
3422,2009-05-15,2009-05-15 23:00:00,248.68401005380508,17.831148201974564
3423,2009-05-16,2009-05-16 23:00:00,245.64148258704392,17.33841669639835
3424,2009-05-17,2009-05-17 23:00:00,249.75806341538,8.50517873499644
3425,2009-05-18,2009-05-18 23:00:00,290.9248072852932,29.795901271434197
3426,2009-05-19,2009-05-19 23:00:00,320.7503709731404,39.90735114130609
3427,2009-05-20,2009-05-20 23:00:00,295.69714072785223,6.205753443223443
3428,2009-05-21,2009-05-21 23:00:00,307.20775563446637,13.816797597307556
3429,2009-05-22,2009-05-22 23:00:00,318.7131312563899,16.94310722986292
3430,2009-05-23,2009-05-23 23:00:00,311.53690172739294,25.48365606132832
3431,2009-05-24,2009-05-24 23:00:00,288.9610111128665,19.170166165287604
3432,2009-05-25,2009-05-25 23:00:00,292.4494391302606,20.124324437212234
3433,2009-05-26,2009-05-26 23:00:00,289.4632339739235,26.931309247515536
3434,2009-05-27,2009-05-27 23:00:00,306.4443170081204,31.037896955561184
3435,2009-05-28,2009-05-28 23:00:00,315.9798151450299,33.847118821006696
3436,2009-05-29,2009-05-29 23:00:00,337.330835845816,46.45929139096266
3437,2009-05-30,2009-05-30 23:00:00,310.93054808311007,40.84735087796915
3438,2009-05-31,2009-05-31 23:00:00,291.7013441233657,26.449883053126257
3439,2009-06-01,2009-06-01 23:00:00,325.8817993038289,56.37238583960275
3440,2009-06-02,2009-06-02 23:00:00,332.67074866755866,45.9421637521955
3441,2009-06-03,2009-06-03 23:00:00,354.42684122314057,57.95607749379411
3442,2009-06-04,2009-06-04 23:00:00,373.5551647682441,60.67105661393116
3443,2009-06-05,2009-06-05 23:00:00,372.34088646988585,60.4750770558013
3444,2009-06-06,2009-06-06 23:00:00,281.92307132911037,8.712414537403314
3445,2009-06-07,2009-06-07 23:00:00,264.25045879622417,6.5746960419388385
3446,2009-06-08,2009-06-08 23:00:00,277.74738067316486,17.997538833265182
3447,2009-06-09,2009-06-09 23:00:00,276.9582074363165,15.615675012933684
3448,2009-06-10,2009-06-10 23:00:00,278.9189705971455,19.57780140162871
3449,2009-06-11,2009-06-11 23:00:00,288.692361573061,16.612387696024552
3450,2009-06-12,2009-06-12 23:00:00,271.85198511082507,21.850397278899223
3451,2009-06-13,2009-06-13 23:00:00,232.70000553696238,27.039111338503055
3452,2009-06-14,2009-06-14 23:00:00,231.5660487851304,6.7447744864386605
3453,2009-06-15,2009-06-15 23:00:00,218.58513199496403,11.65044312288574
3454,2009-06-16,2009-06-16 23:00:00,225.15595874400142,15.992922194610198
3455,2009-06-17,2009-06-17 23:00:00,229.67849244176463,12.833005696896793
3456,2009-06-18,2009-06-18 23:00:00,236.79322150469156,7.730881230549679
3457,2009-06-19,2009-06-19 23:00:00,245.5359129150435,9.832803911439052
3458,2009-06-20,2009-06-20 23:00:00,257.80975669715343,18.298531720382744
3459,2009-06-21,2009-06-21 23:00:00,279.71563302248114,20.435288982035296
3460,2009-06-22,2009-06-22 23:00:00,285.3793318159954,11.986997585191755
3461,2009-06-23,2009-06-23 23:00:00,309.3912615588055,28.36245203384402
3462,2009-06-24,2009-06-24 23:00:00,301.7151242039,18.656386271591582
3463,2009-06-25,2009-06-25 23:00:00,312.4806454246694,14.666014219476635
3464,2009-06-26,2009-06-26 23:00:00,303.21371082020704,45.573917374736475
3465,2009-06-27,2009-06-27 23:00:00,293.05481386690826,16.366089235169742
3466,2009-06-28,2009-06-28 23:00:00,279.7774188275013,6.787841179068328
3467,2009-06-29,2009-06-29 23:00:00,257.3416824166977,39.610922533803254
3468,2009-06-30,2009-06-30 23:00:00,265.5441224925477,34.899930225344534
3469,2009-07-01,2009-07-01 23:00:00,287.3023344560623,11.077693686266509
3470,2009-07-02,2009-07-02 23:00:00,286.77376092927517,8.8528129499427
3471,2009-07-03,2009-07-03 23:00:00,280.42048320359976,9.75917980286605
3472,2009-07-04,2009-07-04 23:00:00,262.0646342932034,24.014828615705802
3473,2009-07-05,2009-07-05 23:00:00,245.15477674595263,22.078768324947248
3474,2009-07-06,2009-07-06 23:00:00,271.2893848935812,21.70708779028075
3475,2009-07-07,2009-07-07 23:00:00,276.57886625306685,12.91014034534055
3476,2009-07-08,2009-07-08 23:00:00,267.72591524541497,22.9644944272428
3477,2009-07-09,2009-07-09 23:00:00,256.29443572730423,22.376376334077385
3478,2009-07-10,2009-07-10 23:00:00,190.63977852788284,80.97119526552312
3479,2009-07-11,2009-07-11 23:00:00,248.19266974062324,26.003674373384005
3480,2009-07-12,2009-07-12 23:00:00,250.63905486938538,15.27164211398877
3481,2009-07-13,2009-07-13 23:00:00,273.40246152095506,19.19666621002281
3482,2009-07-14,2009-07-14 23:00:00,269.6766924535964,25.064611340025124
3483,2009-07-15,2009-07-15 23:00:00,279.6986113495113,24.518307322428267
3484,2009-07-16,2009-07-16 23:00:00,274.61404120133153,5.972490795963347
3485,2009-07-17,2009-07-17 23:00:00,285.56957977983694,26.207008130793902
3486,2009-07-18,2009-07-18 23:00:00,274.5203889109724,15.170514793009966
3487,2009-07-19,2009-07-19 23:00:00,296.9032863068128,26.398485933848534
3488,2009-07-20,2009-07-20 23:00:00,295.65415205800224,29.7213986625214
3489,2009-07-21,2009-07-21 23:00:00,357.36370652604387,52.17019857166389
3490,2009-07-22,2009-07-22 23:00:00,301.0949755187083,39.04451143719749
3491,2009-07-23,2009-07-23 23:00:00,281.58626691399064,19.97328924255099
3492,2009-07-24,2009-07-24 23:00:00,280.2902128677102,19.459053338005923
3493,2009-07-25,2009-07-25 23:00:00,280.9866112988209,12.803538088098552
3494,2009-07-26,2009-07-26 23:00:00,283.62470266594823,11.251903818111941
3495,2009-07-27,2009-07-27 23:00:00,330.33799683564786,43.79460221223651
3496,2009-07-28,2009-07-28 23:00:00,346.7263047778885,21.95042671741562
3497,2009-07-29,2009-07-29 23:00:00,308.64587873349666,26.91493753881653
3498,2009-07-30,2009-07-30 23:00:00,306.15210554581284,25.74063032973236
3499,2009-07-31,2009-07-31 23:00:00,295.75314252891184,15.23191658808523
3500,2009-08-01,2009-08-01 23:00:00,301.62963511731766,25.08070235718749
3501,2009-08-02,2009-08-02 23:00:00,282.73703377985163,21.891704500903522
3502,2009-08-03,2009-08-03 23:00:00,289.5843988137823,22.175879689087626
3503,2009-08-04,2009-08-04 23:00:00,329.02171646901076,38.62663231198309
3504,2009-08-05,2009-08-05 23:00:00,327.43999986049477,26.6542252688049
3505,2009-08-06,2009-08-06 23:00:00,294.583057669625,14.697390440185416
3506,2009-08-07,2009-08-07 23:00:00,310.10177959356616,24.04553661309533
3507,2009-08-08,2009-08-08 23:00:00,304.67211794027975,10.012414120129357
3508,2009-08-09,2009-08-09 23:00:00,274.8555091752763,26.91567614725347
3509,2009-08-10,2009-08-10 23:00:00,263.3510821507853,67.08641476242762
3510,2009-08-11,2009-08-11 23:00:00,282.1392093088536,28.86534802485803
3511,2009-08-12,2009-08-12 23:00:00,298.0823884795004,38.398492697304086
3512,2009-08-13,2009-08-13 23:00:00,279.65944538585524,20.11197187444522
3513,2009-08-14,2009-08-14 23:00:00,277.4301948177569,6.590379487439683
3514,2009-08-15,2009-08-15 23:00:00,267.5999796241941,4.718745833016821
3515,2009-08-16,2009-08-16 23:00:00,268.948501626187,1.0445728541556094
3516,2009-08-17,2009-08-17 23:00:00,257.6774601825254,4.874269443998531
3517,2009-08-18,2009-08-18 23:00:00,265.78011056637644,5.903708363802709
3518,2009-08-19,2009-08-19 23:00:00,259.05079012138253,2.320114633859347
3519,2009-08-20,2009-08-20 23:00:00,264.25839733602066,7.288318618927028
3520,2009-08-21,2009-08-21 23:00:00,299.55962341943024,46.56822163627527
3521,2009-08-22,2009-08-22 23:00:00,266.70183869485567,4.750640647492724
3522,2009-08-23,2009-08-23 23:00:00,270.6712022079762,22.413382940845377
3523,2009-08-24,2009-08-24 23:00:00,287.7278289877827,26.301743150356558
3524,2009-08-25,2009-08-25 23:00:00,341.52183484748144,93.39224256168673
3525,2009-08-26,2009-08-26 23:00:00,278.82880076775854,50.63189707397406
3526,2009-08-27,2009-08-27 23:00:00,274.54747136360555,44.32324705523066
3527,2009-08-28,2009-08-28 23:00:00,278.39929580801237,44.66128108493371
3528,2009-08-29,2009-08-29 23:00:00,316.27006246141167,74.15851445383502
3529,2009-08-30,2009-08-30 23:00:00,291.5454428191796,69.45004982448515
3530,2009-08-31,2009-08-31 23:00:00,289.01793531957475,107.89332223076028
3531,2009-09-01,2009-09-01 23:00:00,281.6959211265572,52.9420877852846
3532,2009-09-02,2009-09-02 23:00:00,314.80976300836886,86.81416597063011
3533,2009-09-03,2009-09-03 23:00:00,282.19590654107736,20.792511539855067
3534,2009-09-04,2009-09-04 23:00:00,276.10423794804876,17.385127045035293
3535,2009-09-05,2009-09-05 23:00:00,271.09032610609455,4.928665815445612
3536,2009-09-06,2009-09-06 23:00:00,285.7103307293631,26.209175590519592
3537,2009-09-07,2009-09-07 23:00:00,338.83261235893525,46.736139117841404
3538,2009-09-08,2009-09-08 23:00:00,302.0172589630088,34.95303062141314
3539,2009-09-09,2009-09-09 23:00:00,394.6574805662205,85.98832631793289
3540,2009-09-10,2009-09-10 23:00:00,396.1101092307119,72.1975806081952
3541,2009-09-11,2009-09-11 23:00:00,403.09209861810626,62.43551926760687
3542,2009-09-12,2009-09-12 23:00:00,368.01889496284156,54.10596320136212
3543,2009-09-13,2009-09-13 23:00:00,435.2373651936264,18.18804969638299
3544,2009-09-14,2009-09-14 23:00:00,438.3613602840881,93.0582882775966
3545,2009-09-15,2009-09-15 23:00:00,424.64657761374355,66.54188883566748
3546,2009-09-16,2009-09-16 23:00:00,427.5524909685748,36.11584964108797
3547,2009-09-17,2009-09-17 23:00:00,427.927362881992,36.80957780016669
3548,2009-09-18,2009-09-18 23:00:00,461.00971552307664,46.78095966348717
3549,2009-09-19,2009-09-19 23:00:00,411.5267166699919,32.1253145747881
3550,2009-09-20,2009-09-20 23:00:00,410.4958189080948,35.839009702096085
3551,2009-09-21,2009-09-21 23:00:00,441.8912479388023,66.71502180110106
3552,2009-09-22,2009-09-22 23:00:00,402.1223986960744,86.72326754234973
3553,2009-09-23,2009-09-23 23:00:00,473.47392549026154,45.38006835204448
3554,2009-09-24,2009-09-24 23:00:00,458.6486634995205,98.18132396054631
3555,2009-09-25,2009-09-25 23:00:00,466.53710816843403,68.38687780247733
3556,2009-09-26,2009-09-26 23:00:00,475.9578267885636,67.3442909440532
3557,2009-09-27,2009-09-27 23:00:00,509.64944000692935,40.0512527741782
3558,2009-09-28,2009-09-28 23:00:00,543.039468770951,122.98983918293067
3559,2009-09-29,2009-09-29 23:00:00,585.9358743873181,75.13821015480939
3560,2009-09-30,2009-09-30 23:00:00,606.8349835603238,43.642300130447275
3561,2009-10-01,2009-10-01 23:00:00,593.5832933489945,59.75822973038069
3562,2009-10-02,2009-10-02 23:00:00,636.937357075819,45.829175361051895
3563,2009-10-03,2009-10-03 23:00:00,643.4123146454098,13.58963400843987
3564,2009-10-04,2009-10-04 23:00:00,608.8792076075928,48.464685271759905
3565,2009-10-05,2009-10-05 23:00:00,612.6101907671487,81.87469816314855
3566,2009-10-06,2009-10-06 23:00:00,612.444938589177,71.43495953939416
3567,2009-10-07,2009-10-07 23:00:00,532.5873162441547,47.717875834482825
3568,2009-10-08,2009-10-08 23:00:00,552.5752287415868,80.24430917678222
3569,2009-10-09,2009-10-09 23:00:00,541.220593003609,81.7487218052219
3570,2009-10-10,2009-10-10 23:00:00,453.4802259374164,67.23212722139166
3571,2009-10-11,2009-10-11 23:00:00,448.4255362347206,43.49456140466949
3572,2009-10-12,2009-10-12 23:00:00,439.45227728288046,98.50201498018299
3573,2009-10-13,2009-10-13 23:00:00,400.62950147121325,77.80312533593745
3574,2009-10-14,2009-10-14 23:00:00,393.4851308824903,69.91774842822515
3575,2009-10-15,2009-10-15 23:00:00,363.8520765462128,36.816814496607435
3576,2009-10-16,2009-10-16 23:00:00,357.9753074624889,20.75048710087918
3577,2009-10-17,2009-10-17 23:00:00,364.99000998788347,11.99061792051033
3578,2009-10-18,2009-10-18 23:00:00,358.5798695587634,10.225641540987638
3579,2009-10-19,2009-10-19 23:00:00,326.5143782347139,54.69797687837691
3580,2009-10-20,2009-10-20 23:00:00,326.8603699384441,54.92127964729699
3581,2009-10-21,2009-10-21 23:00:00,349.5701068606251,42.990003462894585
3582,2009-10-22,2009-10-22 23:00:00,299.2008526405891,39.84398050462193
3583,2009-10-23,2009-10-23 23:00:00,321.3036777137777,36.47068228748908
3584,2009-10-24,2009-10-24 23:00:00,336.43908058942475,53.39420849034869
3585,2009-10-25,2009-10-25 23:00:00,303.405059481718,65.54880983157216
3586,2009-10-26,2009-10-26 23:00:00,342.7111373871753,40.39579953430246
3587,2009-10-27,2009-10-27 23:00:00,334.1363416937699,45.40554222720738
3588,2009-10-28,2009-10-28 23:00:00,374.6665131429573,26.002697416205844
3589,2009-10-29,2009-10-29 23:00:00,357.38378536771984,51.62056069735443
3590,2009-10-30,2009-10-30 23:00:00,355.9309550330474,67.93593059913073
3591,2009-10-31,2009-10-31 23:00:00,317.3966057371177,65.71949995747399
3592,2009-11-01,2009-11-01 23:00:00,285.76679449422744,43.46969106237526
3593,2009-11-02,2009-11-02 23:00:00,324.5301299139923,22.82308245960527
3594,2009-11-03,2009-11-03 23:00:00,314.71303984046085,38.481580117981814
3595,2009-11-04,2009-11-04 23:00:00,316.3388292881761,32.72930369509593
3596,2009-11-05,2009-11-05 23:00:00,318.8283633982888,33.023304388998454
3597,2009-11-06,2009-11-06 23:00:00,291.53889638198314,30.740951404706944
3598,2009-11-07,2009-11-07 23:00:00,317.8882733988041,12.188584129547946
3599,2009-11-08,2009-11-08 23:00:00,305.04910996962235,12.252430482045238
3600,2009-11-09,2009-11-09 23:00:00,306.9866663535367,18.21756140931202
3601,2009-11-10,2009-11-10 23:00:00,325.8658446430573,26.138336718057836
3602,2009-11-11,2009-11-11 23:00:00,303.43064516679374,30.894863802283293
3603,2009-11-12,2009-11-12 23:00:00,320.18896313882743,30.40598676535007
3604,2009-11-13,2009-11-13 23:00:00,317.02978745581254,34.759252433138286
3605,2009-11-14,2009-11-14 23:00:00,323.80433273029274,19.94606662561975
3606,2009-11-15,2009-11-15 23:00:00,324.36776695233925,10.176536454428819
3607,2009-11-16,2009-11-16 23:00:00,310.9261984340861,31.26412462810986
3608,2009-11-17,2009-11-17 23:00:00,340.2964468135503,18.935466443943906
3609,2009-11-18,2009-11-18 23:00:00,330.535024041157,32.74210461035693
3610,2009-11-19,2009-11-19 23:00:00,321.09994237017304,36.34862803974018
3611,2009-11-20,2009-11-20 23:00:00,350.3326940183171,6.902874079173736
3612,2009-11-21,2009-11-21 23:00:00,372.2033324040902,18.045373121091824
3613,2009-11-22,2009-11-22 23:00:00,371.3957433524902,29.318124676198757
3614,2009-11-23,2009-11-23 23:00:00,368.5855212643294,65.1140576230062
3615,2009-11-24,2009-11-24 23:00:00,361.32069431096505,47.48948635426688
3616,2009-11-25,2009-11-25 23:00:00,421.29723428507833,30.88347734230213
3617,2009-11-26,2009-11-26 23:00:00,424.5463716322133,33.386994642431
3618,2009-11-27,2009-11-27 23:00:00,455.6103784077124,61.967382706915885
3619,2009-11-28,2009-11-28 23:00:00,374.953830464714,56.242396979383834
3620,2009-11-29,2009-11-29 23:00:00,389.26188944814,48.441168620764515
3621,2009-11-30,2009-11-30 23:00:00,424.0891447610226,86.76576652927103
3622,2009-12-01,2009-12-01 23:00:00,436.5234969827754,54.67717249493589
3623,2009-12-02,2009-12-02 23:00:00,393.5971147832685,45.61819833964556
3624,2009-12-03,2009-12-03 23:00:00,371.3517516439969,66.24678813206174
3625,2009-12-04,2009-12-04 23:00:00,406.5733263995264,54.12591174476906
3626,2009-12-05,2009-12-05 23:00:00,454.08915183282807,50.687726775679735
3627,2009-12-06,2009-12-06 23:00:00,463.9882821314325,28.133542900319704
3628,2009-12-07,2009-12-07 23:00:00,468.2900406875446,81.37742449113605
3629,2009-12-08,2009-12-08 23:00:00,461.935643511411,57.03905178918845
3630,2009-12-09,2009-12-09 23:00:00,528.7314092028744,42.957620823098026
3631,2009-12-10,2009-12-10 23:00:00,487.53104123884447,85.96481702856806
3632,2009-12-11,2009-12-11 23:00:00,546.653057421201,34.11810848472789
3633,2009-12-12,2009-12-12 23:00:00,554.4409987935628,7.861639718346501
3634,2009-12-13,2009-12-13 23:00:00,503.01966150795016,108.27219467267342
3635,2009-12-14,2009-12-14 23:00:00,580.3763448534309,69.20515394217657
3636,2009-12-15,2009-12-15 23:00:00,484.05452297634594,159.74997696411955
3637,2009-12-16,2009-12-16 23:00:00,599.4984620105284,26.066726888918527
3638,2009-12-17,2009-12-17 23:00:00,583.2469988094073,12.351117940746825
3639,2009-12-18,2009-12-18 23:00:00,498.52376740124265,150.01135334777993
3640,2009-12-19,2009-12-19 23:00:00,582.0272007631337,40.88388607245279
3641,2009-12-20,2009-12-20 23:00:00,463.7079162420275,166.76055106343347
3642,2009-12-21,2009-12-21 23:00:00,566.9204711131305,88.21370752540389
3643,2009-12-22,2009-12-22 23:00:00,370.28855690074107,204.05851821117116
3644,2009-12-23,2009-12-23 23:00:00,429.2858721905209,139.56363563404784
3645,2009-12-24,2009-12-24 23:00:00,276.3792140673284,134.0081615188634
3646,2009-12-25,2009-12-25 23:00:00,331.7363292096988,40.36102534990484
3647,2009-12-26,2009-12-26 23:00:00,317.9365137058217,59.07210231346838
3648,2009-12-27,2009-12-27 23:00:00,282.16950156237004,41.08908121796724
3649,2009-12-28,2009-12-28 23:00:00,267.32549764541045,74.8991722235611
3650,2009-12-29,2009-12-29 23:00:00,304.4203068775403,73.98582393569639
3651,2009-12-30,2009-12-30 23:00:00,290.9566451958677,62.19746986404937
3652,2009-12-31,2009-12-31 23:00:00,310.7990399630033,54.77135072721668
3653,2010-01-01,2010-01-01 23:00:00,269.50129469913975,12.128489060369823
3654,2010-01-02,2010-01-02 23:00:00,265.0151204888666,22.456029794663582
3655,2010-01-03,2010-01-03 23:00:00,270.97496345108215,54.10407474022176
3656,2010-01-04,2010-01-04 23:00:00,277.24341393400294,85.65372532887083
3657,2010-01-05,2010-01-05 23:00:00,269.8707835445585,42.126666705465794
3658,2010-01-06,2010-01-06 23:00:00,281.62174026771106,84.37896981428372
3659,2010-01-07,2010-01-07 23:00:00,292.58264876614396,59.41082177794097
3660,2010-01-08,2010-01-08 23:00:00,342.33886842491864,55.44808504597026
3661,2010-01-09,2010-01-09 23:00:00,339.1654577964472,47.26976889980004
3662,2010-01-10,2010-01-10 23:00:00,444.73732034864935,6.347710775823827
3663,2010-01-11,2010-01-11 23:00:00,446.97382281776635,18.108152073571667
3664,2010-01-12,2010-01-12 23:00:00,387.92316856285976,72.62441905912748
3665,2010-01-13,2010-01-13 23:00:00,396.6688250931363,72.79753008392608
3666,2010-01-14,2010-01-14 23:00:00,423.676922097797,31.729249835810386
3667,2010-01-15,2010-01-15 23:00:00,375.98024537777457,42.48645983653729
3668,2010-01-16,2010-01-16 23:00:00,377.64224627513727,23.239426260609797
3669,2010-01-17,2010-01-17 23:00:00,370.32701944906677,12.219929532730859
3670,2010-01-18,2010-01-18 23:00:00,389.47707184088176,48.214566908016664
3671,2010-01-19,2010-01-19 23:00:00,357.09848009465094,49.64939548073567
3672,2010-01-20,2010-01-20 23:00:00,376.24405948152753,28.60489670749247
3673,2010-01-21,2010-01-21 23:00:00,331.9135053527323,43.965423399695105
3674,2010-01-22,2010-01-22 23:00:00,325.3526321719744,47.4356385968109
3675,2010-01-23,2010-01-23 23:00:00,349.592777808294,32.00108957766309
3676,2010-01-24,2010-01-24 23:00:00,344.281084444141,16.42535589994647
3677,2010-01-25,2010-01-25 23:00:00,358.94993138866835,46.588821383365065
3678,2010-01-26,2010-01-26 23:00:00,342.6191767343812,43.08220784565468
3679,2010-01-27,2010-01-27 23:00:00,328.69256904679213,30.834149445573395
3680,2010-01-28,2010-01-28 23:00:00,319.32432614167516,66.93155626224771
3681,2010-01-29,2010-01-29 23:00:00,294.4136957026348,59.250851672564814
3682,2010-01-30,2010-01-30 23:00:00,327.50731592576295,120.91126486296626
3683,2010-01-31,2010-01-31 23:00:00,278.5682620841461,6.817189999961945
3684,2010-02-01,2010-02-01 23:00:00,289.7022667229886,59.39524871130201
3685,2010-02-02,2010-02-02 23:00:00,295.90764193863396,55.31970675146234
3686,2010-02-03,2010-02-03 23:00:00,282.8003957903743,37.139695056225335
3687,2010-02-04,2010-02-04 23:00:00,287.0799753576903,38.03478756715342
3688,2010-02-05,2010-02-05 23:00:00,289.1265793940306,12.428774947482705
3689,2010-02-06,2010-02-06 23:00:00,354.1027307813449,97.47734885933392
3690,2010-02-07,2010-02-07 23:00:00,292.8377395809436,30.098833738930036
3691,2010-02-08,2010-02-08 23:00:00,344.38794194872224,80.85438062847281
3692,2010-02-09,2010-02-09 23:00:00,383.02811613340583,95.43683872062317
3693,2010-02-10,2010-02-10 23:00:00,318.8767401247388,82.53988358451552
3694,2010-02-11,2010-02-11 23:00:00,309.67101083022607,84.94270461705004
3695,2010-02-12,2010-02-12 23:00:00,357.69889767845507,90.87316840903999
3696,2010-02-13,2010-02-13 23:00:00,388.75395092040804,121.27788140023318
3697,2010-02-14,2010-02-14 23:00:00,385.0231088626369,78.69969971882747
3698,2010-02-15,2010-02-15 23:00:00,514.9449683227433,147.89386315611912
3699,2010-02-16,2010-02-16 23:00:00,682.7915156850877,23.45588004045553
3700,2010-02-17,2010-02-17 23:00:00,542.9495016354263,121.5972580323162
3701,2010-02-18,2010-02-18 23:00:00,441.90784129381603,36.46431019395838
3702,2010-02-19,2010-02-19 23:00:00,409.6307560690577,39.65494009282369
3703,2010-02-20,2010-02-20 23:00:00,614.3532884637293,152.6742994855154
3704,2010-02-21,2010-02-21 23:00:00,544.6313145427918,85.56038031375235
3705,2010-02-22,2010-02-22 23:00:00,676.8412913042945,66.33880796713763
3706,2010-02-23,2010-02-23 23:00:00,647.328747390129,73.7719138199463
3707,2010-02-24,2010-02-24 23:00:00,502.6878096811861,94.76188970367927
3708,2010-02-25,2010-02-25 23:00:00,532.5812887382326,107.8936545318481
3709,2010-02-26,2010-02-26 23:00:00,513.0457602054455,24.115880225408993
3710,2010-02-27,2010-02-27 23:00:00,503.68360735690993,18.46678263251121
3711,2010-02-28,2010-02-28 23:00:00,441.1230802972438,23.550101335168627
3712,2010-03-01,2010-03-01 23:00:00,452.63912733675824,19.744517057214424
3713,2010-03-02,2010-03-02 23:00:00,413.69570503851537,67.90111205920194
3714,2010-03-03,2010-03-03 23:00:00,466.1651887360693,103.15739486591745
3715,2010-03-04,2010-03-04 23:00:00,479.47462933185443,115.18529009474254
3716,2010-03-05,2010-03-05 23:00:00,432.1329110765942,9.792331698708121
3717,2010-03-06,2010-03-06 23:00:00,425.42911985905977,5.911726021804795
3718,2010-03-07,2010-03-07 23:00:00,403.1675165506065,11.135943638038787
3719,2010-03-08,2010-03-08 23:00:00,489.9559299604978,68.45602230328403
3720,2010-03-09,2010-03-09 23:00:00,453.08777205731013,58.00015995912933
3721,2010-03-10,2010-03-10 23:00:00,421.8287038457775,4.592013599153899
3722,2010-03-11,2010-03-11 23:00:00,426.03816051564104,6.069655473910756
3723,2010-03-12,2010-03-12 23:00:00,410.80572029844853,9.356356650839096
3724,2010-03-13,2010-03-13 23:00:00,401.8459131868612,5.042903154649508
3725,2010-03-14,2010-03-14 23:00:00,376.50354704954043,6.157678872160764
3726,2010-03-15,2010-03-15 23:00:00,364.731036272729,8.200485028851162
3727,2010-03-16,2010-03-16 23:00:00,402.3754565198053,126.93133439294593
3728,2010-03-17,2010-03-17 23:00:00,421.0731953258721,108.85608892981399
3729,2010-03-18,2010-03-18 23:00:00,435.73498282316876,123.01567512972791
3730,2010-03-19,2010-03-19 23:00:00,460.36342552819224,118.56812752106363
3731,2010-03-20,2010-03-20 23:00:00,425.0266586657938,114.93546453660791
3732,2010-03-21,2010-03-21 23:00:00,355.32503300830905,49.69664658852786
3733,2010-03-22,2010-03-22 23:00:00,371.73890346251466,65.32693148044824
3734,2010-03-23,2010-03-23 23:00:00,369.6082807864297,58.06676555740922
3735,2010-03-24,2010-03-24 23:00:00,357.8155803887393,19.26717340974931
3736,2010-03-25,2010-03-25 23:00:00,346.6580399325044,15.575742844834414
3737,2010-03-26,2010-03-26 23:00:00,362.2773390989557,62.78727396040033
3738,2010-03-27,2010-03-27 23:00:00,359.08064912642084,24.054934952630205
3739,2010-03-28,2010-03-28 23:00:00,401.0700527915892,69.61856596677026
3740,2010-03-29,2010-03-29 23:00:00,413.7194495077101,83.6579155612055
3741,2010-03-30,2010-03-30 23:00:00,498.18884803120136,95.80964757911552
3742,2010-03-31,2010-03-31 23:00:00,633.1861598672326,63.41382213267537
3743,2010-04-01,2010-04-01 23:00:00,540.1273477982566,36.41246784116605
3744,2010-04-02,2010-04-02 23:00:00,497.71367292406535,50.94333255767863
3745,2010-04-03,2010-04-03 23:00:00,502.28173231111805,48.74159246504049
3746,2010-04-04,2010-04-04 23:00:00,480.0899297812452,9.796678032291833
3747,2010-04-05,2010-04-05 23:00:00,431.3775299528088,50.23123879178485
3748,2010-04-06,2010-04-06 23:00:00,347.25528072315757,23.68775052754026
3749,2010-04-07,2010-04-07 23:00:00,343.7840533381039,17.331762605649228
3750,2010-04-08,2010-04-08 23:00:00,336.87810383984475,0.35002254776753006
3751,2010-04-09,2010-04-09 23:00:00,340.0644946658631,0.03625052872853749
3752,2010-04-10,2010-04-10 23:00:00,342.5580378235706,13.410959103831459
3753,2010-04-11,2010-04-11 23:00:00,612.437680369847,132.17311185805352
3754,2010-04-12,2010-04-12 23:00:00,543.2111531207714,64.74695597534489
3755,2010-04-13,2010-04-13 23:00:00,547.5578242769835,20.396223561801474
3756,2010-04-14,2010-04-14 23:00:00,529.4551701429624,86.38922398318786
3757,2010-04-15,2010-04-15 23:00:00,553.5393149316872,9.724888891754881
3758,2010-04-16,2010-04-16 23:00:00,555.719448676054,1.3464218764661064
3759,2010-04-17,2010-04-17 23:00:00,556.2767221150594,1.7531382765654597
3760,2010-04-18,2010-04-18 23:00:00,511.3624122596102,78.33579950219266
3761,2010-04-19,2010-04-19 23:00:00,352.2777380591386,18.184035542053486
3762,2010-04-20,2010-04-20 23:00:00,339.8287796299924,11.555252910245825
3763,2010-04-21,2010-04-21 23:00:00,343.8531545691288,76.37747762925635
3764,2010-04-22,2010-04-22 23:00:00,324.06169571458776,12.306381191992225
3765,2010-04-23,2010-04-23 23:00:00,339.2283605936713,80.32304991113116
3766,2010-04-24,2010-04-24 23:00:00,376.16710363820204,128.09968881250424
3767,2010-04-25,2010-04-25 23:00:00,389.7857798086954,97.86095392987313
3768,2010-04-26,2010-04-26 23:00:00,379.146289880481,13.94360247970652
3769,2010-04-27,2010-04-27 23:00:00,366.04728800374005,13.512947026188481
3770,2010-04-28,2010-04-28 23:00:00,381.21685641927735,100.406736635169
3771,2010-04-29,2010-04-29 23:00:00,394.2170279351091,103.21685068319705
3772,2010-04-30,2010-04-30 23:00:00,362.1433345777512,2.828834729588433
3773,2010-05-01,2010-05-01 23:00:00,351.25896736953183,20.339465126972087
3774,2010-05-02,2010-05-02 23:00:00,341.5276463893447,26.858445074797856
3775,2010-05-03,2010-05-03 23:00:00,341.5342360761999,6.382321179455088
3776,2010-05-04,2010-05-04 23:00:00,331.0311919912247,14.723917825209426
3777,2010-05-05,2010-05-05 23:00:00,336.10089808270067,26.788565210554175
3778,2010-05-06,2010-05-06 23:00:00,331.0571840337565,13.949162456395664
3779,2010-05-07,2010-05-07 23:00:00,386.2012164645527,140.05805883687026
3780,2010-05-08,2010-05-08 23:00:00,338.6683676947901,27.42566655714891
3781,2010-05-09,2010-05-09 23:00:00,322.79656601431617,8.667819261659414
3782,2010-05-10,2010-05-10 23:00:00,335.46959361400576,16.31944597041692
3783,2010-05-11,2010-05-11 23:00:00,331.8684305914803,8.032511345968791
3784,2010-05-12,2010-05-12 23:00:00,321.07658073708086,3.2669645420243913
3785,2010-05-13,2010-05-13 23:00:00,332.6877813272509,88.0264053152169
3786,2010-05-14,2010-05-14 23:00:00,320.5300364364278,6.823913758973018
3787,2010-05-15,2010-05-15 23:00:00,324.06661172685483,0.2485443494087794
3788,2010-05-16,2010-05-16 23:00:00,323.9586538075353,0.3781330121968843
3789,2010-05-17,2010-05-17 23:00:00,323.20513026638787,0.35028014935509194
3790,2010-05-18,2010-05-18 23:00:00,350.2452117039104,101.56342982442102
3791,2010-05-19,2010-05-19 23:00:00,379.62203203736794,149.3005619818747
3792,2010-05-20,2010-05-20 23:00:00,324.0895527847103,89.44532013828535
3793,2010-05-21,2010-05-21 23:00:00,329.6320404884183,82.3637890402762
3794,2010-05-22,2010-05-22 23:00:00,359.1531298593034,85.02666190043529
3795,2010-05-23,2010-05-23 23:00:00,326.18638600816826,5.6291864494976185
3796,2010-05-24,2010-05-24 23:00:00,341.23136717428275,125.50749568570498
3797,2010-05-25,2010-05-25 23:00:00,304.6919019318124,4.477883415347515
3798,2010-05-26,2010-05-26 23:00:00,306.04567003755704,4.886667597995534
3799,2010-05-27,2010-05-27 23:00:00,317.3225091099432,5.893901991191499
3800,2010-05-28,2010-05-28 23:00:00,317.1171690403026,0.528320707037357
3801,2010-05-29,2010-05-29 23:00:00,296.05417927272714,3.9368730080543073
3802,2010-05-30,2010-05-30 23:00:00,303.23198009480205,6.474824865224731
3803,2010-05-31,2010-05-31 23:00:00,305.52603454165825,0.8016992858108406
3804,2010-06-01,2010-06-01 23:00:00,292.4473281247911,6.158863810851502
3805,2010-06-02,2010-06-02 23:00:00,285.7868135258918,0.033493613034594305
3806,2010-06-03,2010-06-03 23:00:00,269.6830570563123,27.02079825413825
3807,2010-06-04,2010-06-04 23:00:00,173.0995587140644,134.80787029978396
3808,2010-06-05,2010-06-05 23:00:00,152.5483529182832,26.03715859075343
3809,2010-06-06,2010-06-06 23:00:00,162.67738919813,8.289683856738865
3810,2010-06-07,2010-06-07 23:00:00,160.13527110780055,13.671253622321828
3811,2010-06-08,2010-06-08 23:00:00,191.02714787069124,36.92550754525564
3812,2010-06-09,2010-06-09 23:00:00,195.31678693663517,65.80186120523514
3813,2010-06-10,2010-06-10 23:00:00,212.93252115808482,129.57511341378216
3814,2010-06-11,2010-06-11 23:00:00,197.4729325297881,54.20880865241583
3815,2010-06-12,2010-06-12 23:00:00,171.16459730328793,61.458872403874004
3816,2010-06-13,2010-06-13 23:00:00,153.51422555755906,1.008747966240157
3817,2010-06-14,2010-06-14 23:00:00,156.7962298845753,10.139486744336727
3818,2010-06-15,2010-06-15 23:00:00,186.80021239406747,86.60577023227772
3819,2010-06-16,2010-06-16 23:00:00,171.23691632209554,81.08776148915182
3820,2010-06-17,2010-06-17 23:00:00,178.79230322893568,98.25601657784658
3821,2010-06-18,2010-06-18 23:00:00,158.60782808229388,89.77463091094529
3822,2010-06-19,2010-06-19 23:00:00,159.4754694939264,60.452004162629784
3823,2010-06-20,2010-06-20 23:00:00,159.90347881731145,25.691534276139308
3824,2010-06-21,2010-06-21 23:00:00,226.31351034265654,78.67564028192716
3825,2010-06-22,2010-06-22 23:00:00,234.7760626550984,54.32273367814694
3826,2010-06-23,2010-06-23 23:00:00,238.21508969290963,70.46097980111388
3827,2010-06-24,2010-06-24 23:00:00,208.85860837358928,19.36916627811575
3828,2010-06-25,2010-06-25 23:00:00,226.35385119025455,71.49725573290421
3829,2010-06-26,2010-06-26 23:00:00,226.3208803404199,31.375508822403642
3830,2010-06-27,2010-06-27 23:00:00,196.53042263690108,14.969121578889988
3831,2010-06-28,2010-06-28 23:00:00,191.2780354883871,25.696617670795998
3832,2010-06-29,2010-06-29 23:00:00,237.1158464678675,77.79605406910927
3833,2010-06-30,2010-06-30 23:00:00,246.66630129308749,74.09002518892251
3834,2010-07-01,2010-07-01 23:00:00,214.90859181364337,32.9340284690217
3835,2010-07-02,2010-07-02 23:00:00,189.3617853714487,0.7786493795537743
3836,2010-07-03,2010-07-03 23:00:00,189.3120546322033,2.9774280862300673
3837,2010-07-04,2010-07-04 23:00:00,187.6097726371161,1.8262784925668751
3838,2010-07-05,2010-07-05 23:00:00,194.12112448666585,8.099653907515359
3839,2010-07-06,2010-07-06 23:00:00,208.4491400790395,72.514334677493
3840,2010-07-07,2010-07-07 23:00:00,216.0694533340405,72.55011118528803
3841,2010-07-08,2010-07-08 23:00:00,194.6927549837816,9.923817887415328
3842,2010-07-09,2010-07-09 23:00:00,178.22508633656926,35.14675971840162
3843,2010-07-10,2010-07-10 23:00:00,197.07357885447414,2.987497339210486
3844,2010-07-11,2010-07-11 23:00:00,193.84817158390058,6.378732337648861
3845,2010-07-12,2010-07-12 23:00:00,173.9587415138059,106.46443964150804
3846,2010-07-13,2010-07-13 23:00:00,202.75174019105725,33.245572333718954
3847,2010-07-14,2010-07-14 23:00:00,198.3058722000949,54.41794686426626
3848,2010-07-15,2010-07-15 23:00:00,182.54584144717538,17.789690104535353
3849,2010-07-16,2010-07-16 23:00:00,188.14563775105924,56.54421725825992
3850,2010-07-17,2010-07-17 23:00:00,175.17954303139092,5.243089056107111
3851,2010-07-18,2010-07-18 23:00:00,168.52979820429053,7.222518502074402
3852,2010-07-19,2010-07-19 23:00:00,165.4366532262217,11.326212132114337
3853,2010-07-20,2010-07-20 23:00:00,153.28294206812117,3.4665243268112724
3854,2010-07-21,2010-07-21 23:00:00,165.12180791972403,50.55221958843101
3855,2010-07-22,2010-07-22 23:00:00,159.31473729530862,67.70776253202503
3856,2010-07-23,2010-07-23 23:00:00,162.2990726911498,27.40584611270953
3857,2010-07-24,2010-07-24 23:00:00,156.2884142190995,8.814664714706293
3858,2010-07-25,2010-07-25 23:00:00,164.88073970947758,10.13546742391169
3859,2010-07-26,2010-07-26 23:00:00,180.03370438584716,58.97659758358612
3860,2010-07-27,2010-07-27 23:00:00,187.2610161773521,28.89962286744321
3861,2010-07-28,2010-07-28 23:00:00,182.53525841166288,21.511108201767957
3862,2010-07-29,2010-07-29 23:00:00,185.3208504103358,62.33611010836233
3863,2010-07-30,2010-07-30 23:00:00,169.30043960605113,25.281592272296127
3864,2010-07-31,2010-07-31 23:00:00,169.2763272882975,34.74454028846335
3865,2010-08-01,2010-08-01 23:00:00,160.30546492799004,3.331709376679373
3866,2010-08-02,2010-08-02 23:00:00,149.71363638188117,53.24454956237386
3867,2010-08-03,2010-08-03 23:00:00,172.91566714507726,64.74589600802884
3868,2010-08-04,2010-08-04 23:00:00,154.57772442537743,8.62278599213634
3869,2010-08-05,2010-08-05 23:00:00,136.83157550315346,27.440940344996275
3870,2010-08-06,2010-08-06 23:00:00,145.2899455337058,22.962192150096207
3871,2010-08-07,2010-08-07 23:00:00,147.87303658373307,30.039567642097154
3872,2010-08-08,2010-08-08 23:00:00,140.08938439865514,5.186019767396399
3873,2010-08-09,2010-08-09 23:00:00,146.4246220697119,26.631461248149602
3874,2010-08-10,2010-08-10 23:00:00,158.19638141179885,87.67473806191353
3875,2010-08-11,2010-08-11 23:00:00,172.3883852846512,84.21582830018669
3876,2010-08-12,2010-08-12 23:00:00,198.3819299975386,78.6656067479184
3877,2010-08-13,2010-08-13 23:00:00,179.33993451046703,47.06797175327822
3878,2010-08-14,2010-08-14 23:00:00,185.08032556088062,50.35449921376944
3879,2010-08-15,2010-08-15 23:00:00,167.52397146026536,12.193118256454929
3880,2010-08-16,2010-08-16 23:00:00,167.0794159830284,15.745611554618545
3881,2010-08-17,2010-08-17 23:00:00,162.03634245462953,56.57562512031779
3882,2010-08-18,2010-08-18 23:00:00,188.15697831903583,80.10618161362025
3883,2010-08-19,2010-08-19 23:00:00,211.63260280164369,41.52086372445194
3884,2010-08-20,2010-08-20 23:00:00,196.19125850104194,22.014519752655893
3885,2010-08-21,2010-08-21 23:00:00,193.160149179154,22.807395436581267
3886,2010-08-22,2010-08-22 23:00:00,185.51989549236964,19.469415941974265
3887,2010-08-23,2010-08-23 23:00:00,212.68458223813613,78.43360863086421
3888,2010-08-24,2010-08-24 23:00:00,213.42865846894983,77.54252629468562
3889,2010-08-25,2010-08-25 23:00:00,231.1981171968441,73.41662585064027
3890,2010-08-26,2010-08-26 23:00:00,228.26236284318966,29.051690068838823
3891,2010-08-27,2010-08-27 23:00:00,226.482596220361,22.635731822237354
3892,2010-08-28,2010-08-28 23:00:00,224.55838054738152,64.06038273129049
3893,2010-08-29,2010-08-29 23:00:00,206.12612975084605,8.79355861618057
3894,2010-08-30,2010-08-30 23:00:00,245.8428613342259,86.93447624000679
3895,2010-08-31,2010-08-31 23:00:00,270.2371147161766,64.39624179628684
3896,2010-09-01,2010-09-01 23:00:00,281.36219358081394,49.9604690875952
3897,2010-09-02,2010-09-02 23:00:00,261.8847969217739,36.74390025567401
3898,2010-09-03,2010-09-03 23:00:00,224.92348802178583,15.399314089196746
3899,2010-09-04,2010-09-04 23:00:00,218.35184446520603,13.125221213694033
3900,2010-09-05,2010-09-05 23:00:00,215.9897078196785,6.319817962335649
3901,2010-09-06,2010-09-06 23:00:00,250.67679929215475,86.86995192473678
3902,2010-09-07,2010-09-07 23:00:00,220.94985460837225,4.00925941265528
3903,2010-09-08,2010-09-08 23:00:00,214.3283296793198,5.6549524590668385
3904,2010-09-09,2010-09-09 23:00:00,231.68690067612263,68.41773722362647
3905,2010-09-10,2010-09-10 23:00:00,205.56153184358652,12.12362260395076
3906,2010-09-11,2010-09-11 23:00:00,202.06787834451086,2.628678699853469
3907,2010-09-12,2010-09-12 23:00:00,202.08748926034923,3.8315078820146735
3908,2010-09-13,2010-09-13 23:00:00,204.38249425864979,32.57791441587335
3909,2010-09-14,2010-09-14 23:00:00,207.09998803035205,39.47612140098259
3910,2010-09-15,2010-09-15 23:00:00,230.32339585218594,50.909513915330216
3911,2010-09-16,2010-09-16 23:00:00,229.64385379204,37.57486265649676
3912,2010-09-17,2010-09-17 23:00:00,238.4937285990931,43.096815044940364
3913,2010-09-18,2010-09-18 23:00:00,235.1384072013087,41.317150331972975
3914,2010-09-19,2010-09-19 23:00:00,211.05115136636573,35.54253855934225
3915,2010-09-20,2010-09-20 23:00:00,258.25624231528076,38.91165464516911
3916,2010-09-21,2010-09-21 23:00:00,241.23277605025882,34.31903097277872
3917,2010-09-22,2010-09-22 23:00:00,277.8612712133069,41.81271574341833
3918,2010-09-23,2010-09-23 23:00:00,296.819469791924,51.954288894473805
3919,2010-09-24,2010-09-24 23:00:00,313.81115904210435,55.34764225836976
3920,2010-09-25,2010-09-25 23:00:00,270.5811640777094,56.45004945974224
3921,2010-09-26,2010-09-26 23:00:00,245.12145570937892,29.194105128962054
3922,2010-09-27,2010-09-27 23:00:00,273.5887234554157,87.64232908014553
3923,2010-09-28,2010-09-28 23:00:00,306.80655045091424,98.66688043454296
3924,2010-09-29,2010-09-29 23:00:00,324.0566895782938,88.27404437554138
3925,2010-09-30,2010-09-30 23:00:00,316.10885825033785,85.28303902796152
3926,2010-10-01,2010-10-01 23:00:00,278.02896060445056,51.06167953725245
3927,2010-10-02,2010-10-02 23:00:00,262.59461120924414,46.18036508464632
3928,2010-10-03,2010-10-03 23:00:00,252.5714346877736,40.646857089685255
3929,2010-10-04,2010-10-04 23:00:00,310.2064818508834,77.93225989115835
3930,2010-10-05,2010-10-05 23:00:00,288.9999185217504,90.92326003987633
3931,2010-10-06,2010-10-06 23:00:00,347.34957793959757,98.17739156645186
3932,2010-10-07,2010-10-07 23:00:00,356.39962101631977,94.5577842698303
3933,2010-10-08,2010-10-08 23:00:00,316.4093650916552,79.46942564024108
3934,2010-10-09,2010-10-09 23:00:00,284.65816184526335,56.81329590245958
3935,2010-10-10,2010-10-10 23:00:00,264.96342814592487,45.49799379525811
3936,2010-10-11,2010-10-11 23:00:00,342.68433132024046,87.50887073367603
3937,2010-10-12,2010-10-12 23:00:00,316.1667668961897,63.18500437447209
3938,2010-10-13,2010-10-13 23:00:00,309.69933080572207,60.266932159896974
3939,2010-10-14,2010-10-14 23:00:00,287.44922431102987,50.79989355933575
3940,2010-10-15,2010-10-15 23:00:00,331.250795735828,63.88293910211674
3941,2010-10-16,2010-10-16 23:00:00,320.3629125571203,52.28181226951481
3942,2010-10-17,2010-10-17 23:00:00,296.9850618082019,27.626986261071465
3943,2010-10-18,2010-10-18 23:00:00,298.87263742033855,48.94502229823632
3944,2010-10-19,2010-10-19 23:00:00,340.45670071445676,62.55053333966647
3945,2010-10-20,2010-10-20 23:00:00,312.59572351351665,34.135055799728754
3946,2010-10-21,2010-10-21 23:00:00,288.233299712248,14.67423179797069
3947,2010-10-22,2010-10-22 23:00:00,285.8902347337962,15.717723864649818
3948,2010-10-23,2010-10-23 23:00:00,284.27934866858027,12.98671109032751
3949,2010-10-24,2010-10-24 23:00:00,277.45150256747536,14.608712349474875
3950,2010-10-25,2010-10-25 23:00:00,317.8574256965207,105.15149740816872
3951,2010-10-26,2010-10-26 23:00:00,312.41537175248794,74.48739011564193
3952,2010-10-27,2010-10-27 23:00:00,308.3611278565411,57.856219323094756
3953,2010-10-28,2010-10-28 23:00:00,286.99024949660003,12.306994758294378
3954,2010-10-29,2010-10-29 23:00:00,290.1622971235591,8.716181063752753
3955,2010-10-30,2010-10-30 23:00:00,282.23769790530736,5.491095867288101
3956,2010-10-31,2010-10-31 23:00:00,263.8847149744414,7.133142773530843
3957,2010-11-01,2010-11-01 23:00:00,269.4448966996661,16.421827006491693
3958,2010-11-02,2010-11-02 23:00:00,264.061578678431,25.379500021861496
3959,2010-11-03,2010-11-03 23:00:00,257.10328362813124,20.96344990408723
3960,2010-11-04,2010-11-04 23:00:00,254.46987138362593,37.50285189856409
3961,2010-11-05,2010-11-05 23:00:00,249.72131714239023,27.950394821252754
3962,2010-11-06,2010-11-06 23:00:00,250.5596626346522,32.496620253076244
3963,2010-11-07,2010-11-07 23:00:00,248.05914939905847,16.730432872320886
3964,2010-11-08,2010-11-08 23:00:00,254.43380130653517,95.58883358366809
3965,2010-11-09,2010-11-09 23:00:00,256.8375185677389,94.5219631379158
3966,2010-11-10,2010-11-10 23:00:00,246.42949965415983,22.051113870983237
3967,2010-11-11,2010-11-11 23:00:00,243.7115369517916,36.99130950525187
3968,2010-11-12,2010-11-12 23:00:00,248.95768980778925,99.11915265520051
3969,2010-11-13,2010-11-13 23:00:00,214.046538801021,31.346658600119607
3970,2010-11-14,2010-11-14 23:00:00,197.09443016605744,28.16583485805605
3971,2010-11-15,2010-11-15 23:00:00,188.98329883256838,31.904459842353685
3972,2010-11-16,2010-11-16 23:00:00,170.3881304402893,36.70897542006076
3973,2010-11-17,2010-11-17 23:00:00,160.2825252502014,58.562086069534104
3974,2010-11-18,2010-11-18 23:00:00,161.66813986744447,75.64394081769653
3975,2010-11-19,2010-11-19 23:00:00,145.8606464676429,86.85274425632116
3976,2010-11-20,2010-11-20 23:00:00,143.72202779434102,88.05059600287436
3977,2010-11-21,2010-11-21 23:00:00,110.35426595014138,39.88802659641764
3978,2010-11-22,2010-11-22 23:00:00,154.90850122446432,68.30848131010303
3979,2010-11-23,2010-11-23 23:00:00,170.98364558208985,70.59039188776214
3980,2010-11-24,2010-11-24 23:00:00,205.50917633829513,93.73062457134358
3981,2010-11-25,2010-11-25 23:00:00,201.2784931937274,85.254925183001
3982,2010-11-26,2010-11-26 23:00:00,201.60510865726874,83.60190006375042
3983,2010-11-27,2010-11-27 23:00:00,168.69107542544035,79.85186292326277
3984,2010-11-28,2010-11-28 23:00:00,99.74087097528714,56.274320150612276
3985,2010-11-29,2010-11-29 23:00:00,157.77993569646452,75.90309147869812
3986,2010-11-30,2010-11-30 23:00:00,168.66306527115938,82.71480771742621
3987,2010-12-01,2010-12-01 23:00:00,163.22473746315168,58.86295536855594
3988,2010-12-02,2010-12-02 23:00:00,154.50181822879583,58.51932471256518
3989,2010-12-03,2010-12-03 23:00:00,130.60292657171036,52.95590964414911
3990,2010-12-04,2010-12-04 23:00:00,112.85809359335694,50.32595338662638
3991,2010-12-05,2010-12-05 23:00:00,94.11225843153152,41.95744183344281
3992,2010-12-06,2010-12-06 23:00:00,107.17722701646834,54.49930176581233
3993,2010-12-07,2010-12-07 23:00:00,109.81799105826944,55.78445118271071
3994,2010-12-08,2010-12-08 23:00:00,99.12221378231324,40.5417048556387
3995,2010-12-09,2010-12-09 23:00:00,109.35388739990476,63.380672806297724
3996,2010-12-10,2010-12-10 23:00:00,98.6759704798482,46.096291093741335
3997,2010-12-11,2010-12-11 23:00:00,150.0311372051997,59.37054918389737
3998,2010-12-12,2010-12-12 23:00:00,87.49061789108585,20.19132632876751
3999,2010-12-13,2010-12-13 23:00:00,131.42865786801417,56.60754707314661
4000,2010-12-14,2010-12-14 23:00:00,171.6389479588473,72.82415864585299
4001,2010-12-15,2010-12-15 23:00:00,176.2097364773666,77.75742938230293
4002,2010-12-16,2010-12-16 23:00:00,192.85156059097733,58.18039376146726
4003,2010-12-17,2010-12-17 23:00:00,171.8469379701966,64.60395397377023
4004,2010-12-18,2010-12-18 23:00:00,153.94301720979652,64.08609023419993
4005,2010-12-19,2010-12-19 23:00:00,107.45493390289379,55.76397456127135
4006,2010-12-20,2010-12-20 23:00:00,155.6304952155332,57.769952586347884
4007,2010-12-21,2010-12-21 23:00:00,171.10268613414374,69.38434024546407
4008,2010-12-22,2010-12-22 23:00:00,167.10855535223536,66.66242746973778
4009,2010-12-23,2010-12-23 23:00:00,168.86937032962996,60.29410875533522
4010,2010-12-24,2010-12-24 23:00:00,144.29280750729285,62.541886254679106
4011,2010-12-25,2010-12-25 23:00:00,141.5056533086416,63.56771528894774
4012,2010-12-26,2010-12-26 23:00:00,145.17317133653387,53.486878893123425
4013,2010-12-27,2010-12-27 23:00:00,175.75636213037856,81.24106889115433
4014,2010-12-28,2010-12-28 23:00:00,197.8797765093411,72.8445447933561
4015,2010-12-29,2010-12-29 23:00:00,195.96823453577426,66.47737898367554
4016,2010-12-30,2010-12-30 23:00:00,173.16558452771065,68.80633079780138
4017,2010-12-31,2010-12-31 23:00:00,154.8381779564227,62.23760605592592
4018,2011-01-01,2011-01-01 23:00:00,144.9894065261328,37.013255610876286
4019,2011-01-02,2011-01-02 23:00:00,130.040590311529,48.92809711792703
4020,2011-01-03,2011-01-03 23:00:00,179.14755907380064,43.947552263661315
4021,2011-01-04,2011-01-04 23:00:00,182.56802467286434,44.589271529961145
4022,2011-01-05,2011-01-05 23:00:00,171.2733306029178,60.54116961752618
4023,2011-01-06,2011-01-06 23:00:00,188.7085342667226,28.240202504583458
4024,2011-01-07,2011-01-07 23:00:00,156.24246094164832,42.301127434855985
4025,2011-01-08,2011-01-08 23:00:00,174.1578600661338,31.36317930138754
4026,2011-01-09,2011-01-09 23:00:00,144.43702580946768,40.22603761710739
4027,2011-01-10,2011-01-10 23:00:00,143.0756373362691,40.41304439026872
4028,2011-01-11,2011-01-11 23:00:00,156.2620891586994,32.386457898333504
4029,2011-01-12,2011-01-12 23:00:00,144.63251477502766,28.186583497553922
4030,2011-01-13,2011-01-13 23:00:00,132.64240710843202,37.978250173274134
4031,2011-01-14,2011-01-14 23:00:00,139.80716783313147,29.98509543070939
4032,2011-01-15,2011-01-15 23:00:00,128.92578762461923,30.3222924087897
4033,2011-01-16,2011-01-16 23:00:00,171.05193628476567,20.970738955893147
4034,2011-01-17,2011-01-17 23:00:00,194.2088733832662,35.928649001784166
4035,2011-01-18,2011-01-18 23:00:00,217.67033628422203,28.964684635658184
4036,2011-01-19,2011-01-19 23:00:00,221.21504301689387,38.40212878143415
4037,2011-01-20,2011-01-20 23:00:00,214.98361771378518,35.06029540448564
4038,2011-01-21,2011-01-21 23:00:00,203.61408836222358,28.312179267913393
4039,2011-01-22,2011-01-22 23:00:00,205.13104235362607,36.33152719705721
4040,2011-01-23,2011-01-23 23:00:00,216.2467425155087,31.681681425329153
4041,2011-01-24,2011-01-24 23:00:00,265.38199624522446,27.279927776334205
4042,2011-01-25,2011-01-25 23:00:00,271.3016703698731,25.281854945397168
4043,2011-01-26,2011-01-26 23:00:00,276.96556474175964,23.645958485978728
4044,2011-01-27,2011-01-27 23:00:00,264.3432186473556,18.038039437940963
4045,2011-01-28,2011-01-28 23:00:00,265.1308315030844,19.254258076015464
4046,2011-01-29,2011-01-29 23:00:00,236.5707697656941,10.639112007133377
4047,2011-01-30,2011-01-30 23:00:00,229.90963649701243,10.89279237835324
4048,2011-01-31,2011-01-31 23:00:00,229.42479357641642,33.62109644032609
4049,2011-02-01,2011-02-01 23:00:00,266.22117095697064,52.874398502724446
4050,2011-02-02,2011-02-02 23:00:00,258.7150781915951,32.85008062446015
4051,2011-02-03,2011-02-03 23:00:00,279.858523140213,30.611358048553527
4052,2011-02-04,2011-02-04 23:00:00,276.66285615775496,24.14447941151863
4053,2011-02-05,2011-02-05 23:00:00,246.82794821748345,10.997654028822113
4054,2011-02-06,2011-02-06 23:00:00,244.91136875770675,20.92095969805777
4055,2011-02-07,2011-02-07 23:00:00,243.2977424917407,7.651713931535062
4056,2011-02-08,2011-02-08 23:00:00,239.93691888941785,5.838400712944773
4057,2011-02-09,2011-02-09 23:00:00,235.57714180543834,5.715579987508649
4058,2011-02-10,2011-02-10 23:00:00,231.93624150565043,9.411402072292702
4059,2011-02-11,2011-02-11 23:00:00,227.96097090928447,7.97987388513579
4060,2011-02-12,2011-02-12 23:00:00,231.44553116151042,12.613719573802632
4061,2011-02-13,2011-02-13 23:00:00,228.13503011679188,9.36548568617434
4062,2011-02-14,2011-02-14 23:00:00,226.30822558368928,10.969537897509738
4063,2011-02-15,2011-02-15 23:00:00,223.0108992218106,30.05108747515599
4064,2011-02-16,2011-02-16 23:00:00,201.33459999664979,5.648139494056404
4065,2011-02-17,2011-02-17 23:00:00,196.52129628301964,8.533599536007994
4066,2011-02-18,2011-02-18 23:00:00,221.6537097708255,32.85641712235686
4067,2011-02-19,2011-02-19 23:00:00,196.89312625996817,6.376040906702307
4068,2011-02-20,2011-02-20 23:00:00,199.3216833565865,8.740613806549616
4069,2011-02-21,2011-02-21 23:00:00,208.41201739755718,20.92521680239819
4070,2011-02-22,2011-02-22 23:00:00,212.7713178131967,32.266879397946425
4071,2011-02-23,2011-02-23 23:00:00,205.57021752197343,7.111160472610852
4072,2011-02-24,2011-02-24 23:00:00,213.4647448088015,10.179907314771508
4073,2011-02-25,2011-02-25 23:00:00,223.25769873479044,34.559733687051576
4074,2011-02-26,2011-02-26 23:00:00,204.6904275413343,13.5545024181254
4075,2011-02-27,2011-02-27 23:00:00,210.11764065313548,9.01211137147907
4076,2011-02-28,2011-02-28 23:00:00,208.52027845428776,22.72545374488951
4077,2011-03-01,2011-03-01 23:00:00,190.9901083903757,7.441441370712389
4078,2011-03-02,2011-03-02 23:00:00,189.2749515193966,10.642623361961519
4079,2011-03-03,2011-03-03 23:00:00,197.86258833010538,16.03050095513015
4080,2011-03-04,2011-03-04 23:00:00,182.4180735005427,9.895966679454165
4081,2011-03-05,2011-03-05 23:00:00,173.56153677931798,4.635436974445956
4082,2011-03-06,2011-03-06 23:00:00,173.8934412853154,13.01533496747541
4083,2011-03-07,2011-03-07 23:00:00,191.7032823804266,30.863171459495437
4084,2011-03-08,2011-03-08 23:00:00,191.13205191427426,27.155235582847183
4085,2011-03-09,2011-03-09 23:00:00,182.71446353097966,18.865017599490034
4086,2011-03-10,2011-03-10 23:00:00,178.47980553647858,16.50741501773045
4087,2011-03-11,2011-03-11 23:00:00,170.51223874446416,12.662941770116873
4088,2011-03-12,2011-03-12 23:00:00,166.91556170233636,12.39711900558823
4089,2011-03-13,2011-03-13 23:00:00,175.6242787122812,7.787740002525257
4090,2011-03-14,2011-03-14 23:00:00,186.4862180732988,12.743189171282294
4091,2011-03-15,2011-03-15 23:00:00,186.17688899278855,10.011196181752926
4092,2011-03-16,2011-03-16 23:00:00,188.10658746668264,24.164460965351363
4093,2011-03-17,2011-03-17 23:00:00,183.09605827844658,23.34401826826458
4094,2011-03-18,2011-03-18 23:00:00,168.7056471110745,12.68675491156743
4095,2011-03-19,2011-03-19 23:00:00,163.49036639123582,7.655349062014405
4096,2011-03-20,2011-03-20 23:00:00,167.274466645973,16.627317906954712
4097,2011-03-21,2011-03-21 23:00:00,180.59175160295277,29.456683567616604
4098,2011-03-22,2011-03-22 23:00:00,211.36812574268262,39.337853893773676
4099,2011-03-23,2011-03-23 23:00:00,170.68704459609043,7.719524546468653
4100,2011-03-24,2011-03-24 23:00:00,150.21594471836642,46.95653607710476
4101,2011-03-25,2011-03-25 23:00:00,141.7950322144729,42.25402928575451
4102,2011-03-26,2011-03-26 23:00:00,123.61744330006717,34.1706508554449
4103,2011-03-27,2011-03-27 23:00:00,99.13974869551606,30.127708689895393
4104,2011-03-28,2011-03-28 23:00:00,148.6195018446486,63.57388816170736
4105,2011-03-29,2011-03-29 23:00:00,144.38545505941894,64.14287341515451
4106,2011-03-30,2011-03-30 23:00:00,150.58179099770538,63.151556861586535
4107,2011-03-31,2011-03-31 23:00:00,171.0030004718593,62.16605693965703
4108,2011-04-01,2011-04-01 23:00:00,182.3520089274517,30.076616217951237
4109,2011-04-02,2011-04-02 23:00:00,180.35472934125997,28.375036068705974
4110,2011-04-03,2011-04-03 23:00:00,171.2490242639266,18.67367232203507
4111,2011-04-04,2011-04-04 23:00:00,194.50430651376712,52.48511791449605
4112,2011-04-05,2011-04-05 23:00:00,201.56248013978407,47.54388274679104
4113,2011-04-06,2011-04-06 23:00:00,239.48416692859817,44.902640187933656
4114,2011-04-07,2011-04-07 23:00:00,244.04369543968483,40.425304662709756
4115,2011-04-08,2011-04-08 23:00:00,239.0365697531306,30.997163205504336
4116,2011-04-09,2011-04-09 23:00:00,238.93994308493893,24.78319238802421
4117,2011-04-10,2011-04-10 23:00:00,223.08448002723557,29.639686189629376
4118,2011-04-11,2011-04-11 23:00:00,224.8010974488459,29.339414718497924
4119,2011-04-12,2011-04-12 23:00:00,208.76780362206082,55.62082824223828
4120,2011-04-13,2011-04-13 23:00:00,175.88915353935832,59.21149143368794
4121,2011-04-14,2011-04-14 23:00:00,154.92475800071588,74.16878072572958
4122,2011-04-15,2011-04-15 23:00:00,138.3367087160262,58.527980072024754
4123,2011-04-16,2011-04-16 23:00:00,89.59634443780901,31.70349838444958
4124,2011-04-17,2011-04-17 23:00:00,80.31285857193608,19.613240542311384
4125,2011-04-18,2011-04-18 23:00:00,119.388995924058,47.602048642553505
4126,2011-04-19,2011-04-19 23:00:00,131.97118686379255,54.86841483506468
4127,2011-04-20,2011-04-20 23:00:00,116.1173303235165,46.9629785066984
4128,2011-04-21,2011-04-21 23:00:00,86.95502629518292,28.045219201801977
4129,2011-04-22,2011-04-22 23:00:00,77.3632461649797,1.8695689845311247
4130,2011-04-23,2011-04-23 23:00:00,75.7348158400099,2.2937393249200557
4131,2011-04-24,2011-04-24 23:00:00,82.7632796037387,6.4441359086575725
4132,2011-04-25,2011-04-25 23:00:00,135.16370113571224,59.54540054393827
4133,2011-04-26,2011-04-26 23:00:00,138.93012769334692,60.95324667461452
4134,2011-04-27,2011-04-27 23:00:00,145.40993362531722,67.35594361954492
4135,2011-04-28,2011-04-28 23:00:00,140.30639547289493,69.84119114498903
4136,2011-04-29,2011-04-29 23:00:00,140.69630082253016,68.16513151747851
4137,2011-04-30,2011-04-30 23:00:00,139.7454816981858,46.17893736218221
4138,2011-05-01,2011-05-01 23:00:00,105.39100130137564,27.232947900190442
4139,2011-05-02,2011-05-02 23:00:00,127.08967415737061,52.931485168603224
4140,2011-05-03,2011-05-03 23:00:00,106.57760842366378,48.84776952524404
4141,2011-05-04,2011-05-04 23:00:00,139.19382509974147,58.21686073123583
4142,2011-05-05,2011-05-05 23:00:00,138.2081448004554,55.185457826389346
4143,2011-05-06,2011-05-06 23:00:00,137.45226349650872,55.99198201706202
4144,2011-05-07,2011-05-07 23:00:00,126.14246754075403,54.6042059022922
4145,2011-05-08,2011-05-08 23:00:00,86.67616955450342,31.49582419262193
4146,2011-05-09,2011-05-09 23:00:00,128.19007417076253,54.38544074158543
4147,2011-05-10,2011-05-10 23:00:00,151.2507801865419,55.95504413148598
4148,2011-05-11,2011-05-11 23:00:00,157.42561223114896,61.4068163720008
4149,2011-05-12,2011-05-12 23:00:00,159.12228490454183,59.04579386246993
4150,2011-05-13,2011-05-13 23:00:00,150.7468094762561,60.236475688231415
4151,2011-05-14,2011-05-14 23:00:00,142.9781373967227,54.47320538141898
4152,2011-05-15,2011-05-15 23:00:00,96.86852699910953,39.03195354352541
4153,2011-05-16,2011-05-16 23:00:00,136.6170175393048,51.102230715164445
4154,2011-05-17,2011-05-17 23:00:00,133.98226983031205,32.041665897536454
4155,2011-05-18,2011-05-18 23:00:00,125.50915946659461,35.40917094316908
4156,2011-05-19,2011-05-19 23:00:00,132.14618479332734,37.1046621068489
4157,2011-05-20,2011-05-20 23:00:00,131.6980715903132,40.1204555666949
4158,2011-05-21,2011-05-21 23:00:00,124.03452127462405,30.624450692681606
4159,2011-05-22,2011-05-22 23:00:00,100.10974697029145,24.33655791283619
4160,2011-05-23,2011-05-23 23:00:00,127.01882163285056,36.418099871855006
4161,2011-05-24,2011-05-24 23:00:00,124.8814407032329,42.95644184647296
4162,2011-05-25,2011-05-25 23:00:00,114.33682139568786,36.0837669704249
4163,2011-05-26,2011-05-26 23:00:00,124.82546571363241,46.4164490419684
4164,2011-05-27,2011-05-27 23:00:00,128.46885617709935,32.40288121902907
4165,2011-05-28,2011-05-28 23:00:00,92.35643659527541,30.477030464011328
4166,2011-05-29,2011-05-29 23:00:00,82.8738433004288,19.088235617157878
4167,2011-05-30,2011-05-30 23:00:00,138.33227378108248,39.16763482867795
4168,2011-05-31,2011-05-31 23:00:00,102.59354056689854,52.14908295412144
4169,2011-06-01,2011-06-01 23:00:00,119.51291993393362,33.504688844344344
4170,2011-06-02,2011-06-02 23:00:00,126.2268212972886,29.670972980216888
4171,2011-06-03,2011-06-03 23:00:00,108.5791855784742,30.104816833911276
4172,2011-06-04,2011-06-04 23:00:00,83.36736944482938,22.91723632712512
4173,2011-06-05,2011-06-05 23:00:00,80.37955070493824,19.610761867348874
4174,2011-06-06,2011-06-06 23:00:00,106.35739941180687,51.443442868881135
4175,2011-06-07,2011-06-07 23:00:00,140.94151559464834,60.49095679251718
4176,2011-06-08,2011-06-08 23:00:00,152.14475706008307,53.25868907246191
4177,2011-06-09,2011-06-09 23:00:00,153.38806687001644,64.847528800712
4178,2011-06-10,2011-06-10 23:00:00,140.399108803796,53.484043717522184
4179,2011-06-11,2011-06-11 23:00:00,133.52257696001507,39.44813407243993
4180,2011-06-12,2011-06-12 23:00:00,128.69647451393212,22.756779169728954
4181,2011-06-13,2011-06-13 23:00:00,167.44344908027108,64.94924340367086
4182,2011-06-14,2011-06-14 23:00:00,159.28778315537107,35.61455740716262
4183,2011-06-15,2011-06-15 23:00:00,153.2132572020017,43.78662234864626
4184,2011-06-16,2011-06-16 23:00:00,162.08969894624428,30.811419699316605
4185,2011-06-17,2011-06-17 23:00:00,158.33173822193237,30.242120846053545
4186,2011-06-18,2011-06-18 23:00:00,133.61301239606237,23.53666555787933
4187,2011-06-19,2011-06-19 23:00:00,87.53428046009454,23.316507834730643
4188,2011-06-20,2011-06-20 23:00:00,129.31054404201328,28.50702345645233
4189,2011-06-21,2011-06-21 23:00:00,137.23934420835636,27.544859133877672
4190,2011-06-22,2011-06-22 23:00:00,154.29876633171557,26.572738798851322
4191,2011-06-23,2011-06-23 23:00:00,144.81208057344216,25.950390602197597
4192,2011-06-24,2011-06-24 23:00:00,131.91074381280333,38.52112653161172
4193,2011-06-25,2011-06-25 23:00:00,116.99296369162812,32.405193738869805
4194,2011-06-26,2011-06-26 23:00:00,93.54199476872752,17.357607241759588
4195,2011-06-27,2011-06-27 23:00:00,87.15799253585686,23.164754985270257
4196,2011-06-28,2011-06-28 23:00:00,136.1406161177542,52.33256665935737
4197,2011-06-29,2011-06-29 23:00:00,120.11471445913894,42.48778055344287
4198,2011-06-30,2011-06-30 23:00:00,89.99978877839779,6.190319513379211
4199,2011-07-01,2011-07-01 23:00:00,88.75535678958884,19.504522217413435
4200,2011-07-02,2011-07-02 23:00:00,87.10010105404604,27.0803605906201
4201,2011-07-03,2011-07-03 23:00:00,82.05375241859433,3.461294062224937
4202,2011-07-04,2011-07-04 23:00:00,91.91938717705546,18.684444186821572
4203,2011-07-05,2011-07-05 23:00:00,91.43808510051316,28.245222872790567
4204,2011-07-06,2011-07-06 23:00:00,100.21629404849745,45.881782421548465
4205,2011-07-07,2011-07-07 23:00:00,100.83505126647947,27.371697945536354
4206,2011-07-08,2011-07-08 23:00:00,108.7049676396432,44.6262956275606
4207,2011-07-09,2011-07-09 23:00:00,93.48023375453143,31.677100071823084
4208,2011-07-10,2011-07-10 23:00:00,110.87298690232387,37.31011206193824
4209,2011-07-11,2011-07-11 23:00:00,108.57384518712149,43.698220316845
4210,2011-07-12,2011-07-12 23:00:00,154.54599507198213,57.218074373886814
4211,2011-07-13,2011-07-13 23:00:00,151.42539339335184,34.47553432828354
4212,2011-07-14,2011-07-14 23:00:00,150.26672040285416,47.04607019488914
4213,2011-07-15,2011-07-15 23:00:00,155.25932446072838,38.364418800079676
4214,2011-07-16,2011-07-16 23:00:00,132.71486686241246,33.70824454564263
4215,2011-07-17,2011-07-17 23:00:00,121.69067960109955,30.016574942935407
4216,2011-07-18,2011-07-18 23:00:00,138.64257908382731,35.56107487834446
4217,2011-07-19,2011-07-19 23:00:00,132.08581858196933,31.110271961609087
4218,2011-07-20,2011-07-20 23:00:00,109.83502835799523,28.20598992466292
4219,2011-07-21,2011-07-21 23:00:00,137.328076585891,31.947164208653962
4220,2011-07-22,2011-07-22 23:00:00,141.83030655623796,31.268052291385118
4221,2011-07-23,2011-07-23 23:00:00,150.91814749164507,24.141135228100215
4222,2011-07-24,2011-07-24 23:00:00,101.38696973477875,14.61028515782779
4223,2011-07-25,2011-07-25 23:00:00,119.04271551977003,27.234901529372088
4224,2011-07-26,2011-07-26 23:00:00,124.12236127054008,23.81493683940489
4225,2011-07-27,2011-07-27 23:00:00,139.4200858627838,35.365313689974606
4226,2011-07-28,2011-07-28 23:00:00,130.6375996033703,34.24181458323233
4227,2011-07-29,2011-07-29 23:00:00,119.84596412989642,36.89904304306189
4228,2011-07-30,2011-07-30 23:00:00,102.8892734913672,34.76951926424821
4229,2011-07-31,2011-07-31 23:00:00,81.29327692276046,17.63460919382205
4230,2011-08-01,2011-08-01 23:00:00,136.2513577143517,32.66091359477578
4231,2011-08-02,2011-08-02 23:00:00,167.06514213137947,69.48614292041829
4232,2011-08-03,2011-08-03 23:00:00,162.53400486872854,62.52750434074292
4233,2011-08-04,2011-08-04 23:00:00,154.5598154054281,41.980267555380145
4234,2011-08-05,2011-08-05 23:00:00,153.18023296821522,41.44698504260557
4235,2011-08-06,2011-08-06 23:00:00,174.09860456711195,10.14123935472329
4236,2011-08-07,2011-08-07 23:00:00,187.8572969832461,24.07068298668165
4237,2011-08-08,2011-08-08 23:00:00,248.13308537826205,33.61740614768946
4238,2011-08-09,2011-08-09 23:00:00,235.87750517523537,37.31656360062385
4239,2011-08-10,2011-08-10 23:00:00,231.49711124706315,49.47925387957113
4240,2011-08-11,2011-08-11 23:00:00,216.27979406867894,27.91975749632772
4241,2011-08-12,2011-08-12 23:00:00,245.78404162848915,41.521456769722434
4242,2011-08-13,2011-08-13 23:00:00,243.5015340900783,132.49315922996354
4243,2011-08-14,2011-08-14 23:00:00,196.42370126546965,29.734098922164772
4244,2011-08-15,2011-08-15 23:00:00,204.30149652549008,32.993466881184496
4245,2011-08-16,2011-08-16 23:00:00,244.84338549725723,39.363985978298295
4246,2011-08-17,2011-08-17 23:00:00,211.57848078584394,42.09466473989716
4247,2011-08-18,2011-08-18 23:00:00,184.81258293620172,71.31314517987107
4248,2011-08-19,2011-08-19 23:00:00,139.93521640995274,59.59481240141507
4249,2011-08-20,2011-08-20 23:00:00,179.26198117519047,91.6919653619052
4250,2011-08-21,2011-08-21 23:00:00,138.12563351546484,51.81182685138682
4251,2011-08-22,2011-08-22 23:00:00,169.14698822511446,68.61759780143478
4252,2011-08-23,2011-08-23 23:00:00,182.61931616076564,37.78127837229504
4253,2011-08-24,2011-08-24 23:00:00,171.17223068416493,47.938698814766084
4254,2011-08-25,2011-08-25 23:00:00,184.5450733362853,71.87072822188188
4255,2011-08-26,2011-08-26 23:00:00,173.9576555614553,40.88634730785478
4256,2011-08-27,2011-08-27 23:00:00,172.43035706331202,37.12206869833954
4257,2011-08-28,2011-08-28 23:00:00,158.113568689968,15.697575924544266
4258,2011-08-29,2011-08-29 23:00:00,195.5975604410064,121.52154063678034
4259,2011-08-30,2011-08-30 23:00:00,210.38037878959472,114.99796283612288
4260,2011-08-31,2011-08-31 23:00:00,192.81475163851545,84.20719854491651
4261,2011-09-01,2011-09-01 23:00:00,249.87350934271907,65.02592454802804
4262,2011-09-02,2011-09-02 23:00:00,204.74830437757475,52.104777474862146
4263,2011-09-03,2011-09-03 23:00:00,178.35839097789207,7.365890989852849
4264,2011-09-04,2011-09-04 23:00:00,170.2982336838078,7.782524879702776
4265,2011-09-05,2011-09-05 23:00:00,212.20339019912794,141.1396272613728
4266,2011-09-06,2011-09-06 23:00:00,205.42632537386433,46.46376939293056
4267,2011-09-07,2011-09-07 23:00:00,219.60765554394945,53.211868226001
4268,2011-09-08,2011-09-08 23:00:00,239.54772211732316,98.609435436301
4269,2011-09-09,2011-09-09 23:00:00,198.276558205302,42.15816141789521
4270,2011-09-10,2011-09-10 23:00:00,189.68540626458534,31.194278837722287
4271,2011-09-11,2011-09-11 23:00:00,184.58527935082824,6.60057030220479
4272,2011-09-12,2011-09-12 23:00:00,180.4202831340136,71.33683320232022
4273,2011-09-13,2011-09-13 23:00:00,225.08585980588035,73.51362501267977
4274,2011-09-14,2011-09-14 23:00:00,193.9371552721159,81.29331387551294
4275,2011-09-15,2011-09-15 23:00:00,207.3798869747944,69.70612677987542
4276,2011-09-16,2011-09-16 23:00:00,197.9817492594108,78.29596920769558
4277,2011-09-17,2011-09-17 23:00:00,192.26200902890113,134.39011074210956
4278,2011-09-18,2011-09-18 23:00:00,184.34940109612526,10.177508685904357
4279,2011-09-19,2011-09-19 23:00:00,195.67194958060804,117.9113496183299
4280,2011-09-20,2011-09-20 23:00:00,210.7522590341758,104.88534782974901
4281,2011-09-21,2011-09-21 23:00:00,209.2181386420791,92.64185247238773
4282,2011-09-22,2011-09-22 23:00:00,200.65995057083975,103.2645715502155
4283,2011-09-23,2011-09-23 23:00:00,202.15582396900928,104.40400272147284
4284,2011-09-24,2011-09-24 23:00:00,201.75437012034308,62.49300604435905
4285,2011-09-25,2011-09-25 23:00:00,165.3759731378178,47.31080103838956
4286,2011-09-26,2011-09-26 23:00:00,196.91054365272439,82.69693310737472
4287,2011-09-27,2011-09-27 23:00:00,173.87841806185145,94.54332178024568
4288,2011-09-28,2011-09-28 23:00:00,173.97093811618083,81.24563350494391
4289,2011-09-29,2011-09-29 23:00:00,173.91061154930193,81.47952531676847
4290,2011-09-30,2011-09-30 23:00:00,146.2014825382389,85.3491963050396
4291,2011-10-01,2011-10-01 23:00:00,125.71306372916058,78.79997657355469
4292,2011-10-02,2011-10-02 23:00:00,121.13796902012818,103.05340971958132
4293,2011-10-03,2011-10-03 23:00:00,187.7888267504587,84.39541033977974
4294,2011-10-04,2011-10-04 23:00:00,197.70131326937704,67.348066813178
4295,2011-10-05,2011-10-05 23:00:00,219.20722897686724,71.66075665804212
4296,2011-10-06,2011-10-06 23:00:00,248.93727796825226,81.35076730250421
4297,2011-10-07,2011-10-07 23:00:00,229.62021612188573,84.30947910414297
4298,2011-10-08,2011-10-08 23:00:00,218.6921752842671,75.66048214523606
4299,2011-10-09,2011-10-09 23:00:00,163.4771990398043,12.40381487320818
4300,2011-10-10,2011-10-10 23:00:00,183.56673737382013,48.36332935208875
4301,2011-10-11,2011-10-11 23:00:00,229.8505750101837,153.07876425422614
4302,2011-10-12,2011-10-12 23:00:00,167.7477551364567,101.49671095640656
4303,2011-10-13,2011-10-13 23:00:00,148.68132277295328,64.15594649099718
4304,2011-10-14,2011-10-14 23:00:00,153.89134879725597,26.19140292821299
4305,2011-10-15,2011-10-15 23:00:00,134.0389273921136,90.12755600419695
4306,2011-10-16,2011-10-16 23:00:00,96.39695177734052,11.540003691661513
4307,2011-10-17,2011-10-17 23:00:00,112.78075947690712,38.045725002735885
4308,2011-10-18,2011-10-18 23:00:00,127.37122446558004,60.09034656173993
4309,2011-10-19,2011-10-19 23:00:00,118.82581971727511,31.65590485056538
4310,2011-10-20,2011-10-20 23:00:00,134.46711063516713,29.219954322154308
4311,2011-10-21,2011-10-21 23:00:00,131.23630870919195,24.558864164323555
4312,2011-10-22,2011-10-22 23:00:00,137.72441564928607,25.940743757740726
4313,2011-10-23,2011-10-23 23:00:00,116.07982255071924,25.10686268391799
4314,2011-10-24,2011-10-24 23:00:00,156.18339328211334,89.13311738612735
4315,2011-10-25,2011-10-25 23:00:00,176.80419966808475,106.78272403084415
4316,2011-10-26,2011-10-26 23:00:00,165.45139340647185,88.7749385868752
4317,2011-10-27,2011-10-27 23:00:00,175.85538981796913,85.66275145926384
4318,2011-10-28,2011-10-28 23:00:00,165.9479647751602,71.80621588755955
4319,2011-10-29,2011-10-29 23:00:00,118.76519840027652,48.026863794372204
4320,2011-10-30,2011-10-30 23:00:00,81.62092637288946,1.4494818346945892
4321,2011-10-31,2011-10-31 23:00:00,84.80058093645138,13.406573899493686
4322,2011-11-01,2011-11-01 23:00:00,133.94713042213223,77.56175824285383
4323,2011-11-02,2011-11-02 23:00:00,135.0882939506915,58.43696896638112
4324,2011-11-03,2011-11-03 23:00:00,167.2699409288385,102.21240560720638
4325,2011-11-04,2011-11-04 23:00:00,182.57858120993603,109.13435484691989
4326,2011-11-05,2011-11-05 23:00:00,140.37872453277419,36.70711853322848
4327,2011-11-06,2011-11-06 23:00:00,137.57116617392865,30.241996114556553
4328,2011-11-07,2011-11-07 23:00:00,132.73744896820799,34.90296693671279
4329,2011-11-08,2011-11-08 23:00:00,164.6036627069545,80.92331391828613
4330,2011-11-09,2011-11-09 23:00:00,156.5774145311439,50.61620291099793
4331,2011-11-10,2011-11-10 23:00:00,158.71834521773602,85.50972602558666
4332,2011-11-11,2011-11-11 23:00:00,183.89765253730187,76.14952158244894
4333,2011-11-12,2011-11-12 23:00:00,154.33290564935268,56.497659314280405
4334,2011-11-13,2011-11-13 23:00:00,125.58454457639414,28.882954883258734
4335,2011-11-14,2011-11-14 23:00:00,119.49613182708886,29.768833061881693
4336,2011-11-15,2011-11-15 23:00:00,162.63012596489375,44.587279489465615
4337,2011-11-16,2011-11-16 23:00:00,176.06520798084844,70.77877963362013
4338,2011-11-17,2011-11-17 23:00:00,162.83106562068693,63.01390987775308
4339,2011-11-18,2011-11-18 23:00:00,168.27506539754225,59.76868778516777
4340,2011-11-19,2011-11-19 23:00:00,138.9902582449632,51.252982052819526
4341,2011-11-20,2011-11-20 23:00:00,109.43776871476189,52.52076494950378
4342,2011-11-21,2011-11-21 23:00:00,168.03137292325937,86.22000786511946
4343,2011-11-22,2011-11-22 23:00:00,145.92125867255984,61.6792076947486
4344,2011-11-23,2011-11-23 23:00:00,147.2931775274112,89.78552534226098
4345,2011-11-24,2011-11-24 23:00:00,161.16999992323758,66.17873132095245
4346,2011-11-25,2011-11-25 23:00:00,114.43721737281362,19.429798018435644
4347,2011-11-26,2011-11-26 23:00:00,141.45827018304556,46.150612593226754
4348,2011-11-27,2011-11-27 23:00:00,105.87510076297754,23.43787450230419
4349,2011-11-28,2011-11-28 23:00:00,157.23197504602825,69.81318696411837
4350,2011-11-29,2011-11-29 23:00:00,165.9518945701809,53.80168377832945
4351,2011-11-30,2011-11-30 23:00:00,158.0598116282713,142.80222028892692
4352,2011-12-01,2011-12-01 23:00:00,141.77430727155377,43.9490982172656
4353,2011-12-02,2011-12-02 23:00:00,153.2770897014107,67.73755972311244
4354,2011-12-03,2011-12-03 23:00:00,106.68581636284027,30.076120008632802
4355,2011-12-04,2011-12-04 23:00:00,96.23240708051647,21.428436345415083
4356,2011-12-05,2011-12-05 23:00:00,120.78941531666977,27.929847852901375
4357,2011-12-06,2011-12-06 23:00:00,118.71905520010132,29.43865561053718
4358,2011-12-07,2011-12-07 23:00:00,120.40949720099293,29.053043499139363
4359,2011-12-08,2011-12-08 23:00:00,94.49735321698876,16.256392566837484
4360,2011-12-09,2011-12-09 23:00:00,99.1793504877863,15.238744265522264
4361,2011-12-10,2011-12-10 23:00:00,92.05657328838515,11.685774540388737
4362,2011-12-11,2011-12-11 23:00:00,91.59927626700694,19.637300779697487
4363,2011-12-12,2011-12-12 23:00:00,107.87380932507911,24.73115357585158
4364,2011-12-13,2011-12-13 23:00:00,134.13886369283952,38.89283865415274
4365,2011-12-14,2011-12-14 23:00:00,133.07498002751996,38.19962959665104
4366,2011-12-15,2011-12-15 23:00:00,135.3051101696358,36.25976053916838
4367,2011-12-16,2011-12-16 23:00:00,141.68027125950297,48.21831410741399
4368,2011-12-17,2011-12-17 23:00:00,105.46244327178539,24.643646138884634
4369,2011-12-18,2011-12-18 23:00:00,96.70089652690228,15.494458424083838
4370,2011-12-19,2011-12-19 23:00:00,101.0334698666097,17.005880448347927
4371,2011-12-20,2011-12-20 23:00:00,113.15486264235915,17.795109940779067
4372,2011-12-21,2011-12-21 23:00:00,106.62682375983083,18.44636444712404
4373,2011-12-22,2011-12-22 23:00:00,128.32657881117424,28.600874821467894
4374,2011-12-23,2011-12-23 23:00:00,120.6103680840268,24.67682930074645
4375,2011-12-24,2011-12-24 23:00:00,96.78145673297401,16.231256595912942
4376,2011-12-25,2011-12-25 23:00:00,86.88673921415322,11.982713301642782
4377,2011-12-26,2011-12-26 23:00:00,123.0464479657767,38.83749705605328
4378,2011-12-27,2011-12-27 23:00:00,145.48656912900745,54.40619222243002
4379,2011-12-28,2011-12-28 23:00:00,141.51925607228907,36.61120396362623
4380,2011-12-29,2011-12-29 23:00:00,145.39694554900288,40.439157819550424
4381,2011-12-30,2011-12-30 23:00:00,129.80582034844676,33.91105578216889
4382,2011-12-31,2011-12-31 23:00:00,112.68533848416598,32.45401724742389
4383,2012-01-01,2012-01-01 23:00:00,88.12678980224128,22.551565382316664
4384,2012-01-02,2012-01-02 23:00:00,113.60821504885564,31.4657965535871
4385,2012-01-03,2012-01-03 23:00:00,122.43118322408277,37.653305099506824
4386,2012-01-04,2012-01-04 23:00:00,119.15446687180675,32.29104307599958
4387,2012-01-05,2012-01-05 23:00:00,121.33153573674029,30.086985939993017
4388,2012-01-06,2012-01-06 23:00:00,105.66563829756574,22.877821202730626
4389,2012-01-07,2012-01-07 23:00:00,107.6563706732112,25.857676853395102
4390,2012-01-08,2012-01-08 23:00:00,97.09187902862038,21.45478788273395
4391,2012-01-09,2012-01-09 23:00:00,106.00717800851116,22.797794369970124
4392,2012-01-10,2012-01-10 23:00:00,119.75323123470965,19.806794930615602
4393,2012-01-11,2012-01-11 23:00:00,117.90185513955299,20.22315194160299
4394,2012-01-12,2012-01-12 23:00:00,116.27330423869539,20.032218198631707
4395,2012-01-13,2012-01-13 23:00:00,105.26166142949165,14.681619983484525
4396,2012-01-14,2012-01-14 23:00:00,107.43730264206772,3.614491847467952
4397,2012-01-15,2012-01-15 23:00:00,93.34826812425057,9.615329650050896
4398,2012-01-16,2012-01-16 23:00:00,109.64596092697064,11.991736276863483
4399,2012-01-17,2012-01-17 23:00:00,141.13579343921867,119.27057035322468
4400,2012-01-18,2012-01-18 23:00:00,190.8498346303751,128.5203757449904
4401,2012-01-19,2012-01-19 23:00:00,181.11926258444473,108.84126148236899
4402,2012-01-20,2012-01-20 23:00:00,86.98637413489423,15.868229416728816
4403,2012-01-21,2012-01-21 23:00:00,94.33595284597406,4.466226936347056
4404,2012-01-22,2012-01-22 23:00:00,104.54682892992214,8.49246134715645
4405,2012-01-23,2012-01-23 23:00:00,109.0082286188652,15.46757306574629
4406,2012-01-24,2012-01-24 23:00:00,107.50385213440181,18.176525983049608
4407,2012-01-25,2012-01-25 23:00:00,126.89746130559388,23.6325903669445
4408,2012-01-26,2012-01-26 23:00:00,123.99265883868931,18.82822450687434
4409,2012-01-27,2012-01-27 23:00:00,106.48297971848427,14.164594007270322
4410,2012-01-28,2012-01-28 23:00:00,85.92987308745921,11.596665884176854
4411,2012-01-29,2012-01-29 23:00:00,85.05086753093245,13.302246688794648
4412,2012-01-30,2012-01-30 23:00:00,91.79960307799365,52.66104204850803
4413,2012-01-31,2012-01-31 23:00:00,85.83121882747548,11.56413757873734
4414,2012-02-01,2012-02-01 23:00:00,88.87346274673662,14.968742509619348
4415,2012-02-02,2012-02-02 23:00:00,90.57762840252325,14.774179431657162
4416,2012-02-03,2012-02-03 23:00:00,96.1560613351955,14.7446771503844
4417,2012-02-04,2012-02-04 23:00:00,97.79915479063523,8.634120540487583
4418,2012-02-05,2012-02-05 23:00:00,107.75594811210094,2.7633594918530435
4419,2012-02-06,2012-02-06 23:00:00,102.93043441872744,8.540538656850222
4420,2012-02-07,2012-02-07 23:00:00,92.99591587236277,8.184476885147633
4421,2012-02-08,2012-02-08 23:00:00,94.91761014291781,6.431363754265778
4422,2012-02-09,2012-02-09 23:00:00,94.41314324671676,7.882850784391852
4423,2012-02-10,2012-02-10 23:00:00,92.22738421689236,11.836083782529647
4424,2012-02-11,2012-02-11 23:00:00,104.06460671513908,8.393899972000323
4425,2012-02-12,2012-02-12 23:00:00,119.36729414636487,6.925946154851972
4426,2012-02-13,2012-02-13 23:00:00,146.55992842696992,17.524796793975202
4427,2012-02-14,2012-02-14 23:00:00,160.75468460355162,14.545067220201457
4428,2012-02-15,2012-02-15 23:00:00,164.5756530090022,10.170170833408347
4429,2012-02-16,2012-02-16 23:00:00,167.50983202274455,22.37094237579837
4430,2012-02-17,2012-02-17 23:00:00,168.22834926320797,33.69626359491068
4431,2012-02-18,2012-02-18 23:00:00,169.88521736204459,43.322857332850226
4432,2012-02-19,2012-02-19 23:00:00,167.3749166587004,45.86854826528528
4433,2012-02-20,2012-02-20 23:00:00,169.10634780209514,38.37460310987939
4434,2012-02-21,2012-02-21 23:00:00,227.99710840433394,92.342954369843
4435,2012-02-22,2012-02-22 23:00:00,256.0034018718796,59.469975763634466
4436,2012-02-23,2012-02-23 23:00:00,233.38743785242866,57.9740677750315
4437,2012-02-24,2012-02-24 23:00:00,217.1442952956978,37.1082667627726
4438,2012-02-25,2012-02-25 23:00:00,240.6612421271008,52.32315744407804
4439,2012-02-26,2012-02-26 23:00:00,213.19898823731378,35.10236558784111
4440,2012-02-27,2012-02-27 23:00:00,275.7551399158637,64.80282781893865
4441,2012-02-28,2012-02-28 23:00:00,288.41211982257505,55.380790745990396
4442,2012-02-29,2012-02-29 23:00:00,278.4577803257748,38.50392368422497
4443,2012-03-01,2012-03-01 23:00:00,279.5125710064288,37.83756184597231
4444,2012-03-02,2012-03-02 23:00:00,269.63157953249964,29.329756318872846
4445,2012-03-03,2012-03-03 23:00:00,259.45167694071296,10.28696932021669
4446,2012-03-04,2012-03-04 23:00:00,266.6344416207723,10.2860980649228
4447,2012-03-05,2012-03-05 23:00:00,298.75446865876387,12.662294546216183
4448,2012-03-06,2012-03-06 23:00:00,293.8279350127559,17.964499985580204
4449,2012-03-07,2012-03-07 23:00:00,295.532748146077,30.343671452803147
4450,2012-03-08,2012-03-08 23:00:00,289.2629534972886,31.395507338993774
4451,2012-03-09,2012-03-09 23:00:00,289.5343310537521,27.993796329027486
4452,2012-03-10,2012-03-10 23:00:00,281.92101268395777,17.27533716984108
4453,2012-03-11,2012-03-11 23:00:00,276.9331550732131,15.42591329636068
4454,2012-03-12,2012-03-12 23:00:00,287.82883001349865,11.995763280144281
4455,2012-03-13,2012-03-13 23:00:00,281.61173110983134,4.328744928438651
4456,2012-03-14,2012-03-14 23:00:00,277.6047803893752,8.43023829782906
4457,2012-03-15,2012-03-15 23:00:00,288.6650102729171,27.16730562693125
4458,2012-03-16,2012-03-16 23:00:00,286.1978925538186,8.321586660061268
4459,2012-03-17,2012-03-17 23:00:00,274.86977995757576,9.255147897661818
4460,2012-03-18,2012-03-18 23:00:00,269.15054937528504,11.691702560273093
4461,2012-03-19,2012-03-19 23:00:00,266.0875106707875,8.171191294363162
4462,2012-03-20,2012-03-20 23:00:00,259.70119357536163,38.09857345253136
4463,2012-03-21,2012-03-21 23:00:00,254.15775259728517,18.009121683147182
4464,2012-03-22,2012-03-22 23:00:00,231.25504931383765,14.02223706354473
4465,2012-03-23,2012-03-23 23:00:00,216.30048495128247,13.267160502992622
4466,2012-03-24,2012-03-24 23:00:00,200.24331293730438,1.1778257089368727
4467,2012-03-25,2012-03-25 23:00:00,198.04485917194583,3.6476297626526315
4468,2012-03-26,2012-03-26 23:00:00,177.26832066002507,21.482576352669863
4469,2012-03-27,2012-03-27 23:00:00,170.82297147069787,28.08651412187164
4470,2012-03-28,2012-03-28 23:00:00,151.5828091413785,4.24512790299905
4471,2012-03-29,2012-03-29 23:00:00,143.78617567293736,4.295888405158276
4472,2012-03-30,2012-03-30 23:00:00,177.47407742603772,49.491999802259535
4473,2012-03-31,2012-03-31 23:00:00,144.43760625392517,31.58375643168674
4474,2012-04-01,2012-04-01 23:00:00,123.87548935734917,5.6379508066253825
4475,2012-04-02,2012-04-02 23:00:00,149.92827231254694,31.10381443939965
4476,2012-04-03,2012-04-03 23:00:00,143.147466510947,36.70661194513053
4477,2012-04-04,2012-04-04 23:00:00,130.04187611081707,17.487130430324687
4478,2012-04-05,2012-04-05 23:00:00,89.3700932615576,16.83182232162027
4479,2012-04-06,2012-04-06 23:00:00,83.0828559184158,6.666902312844932
4480,2012-04-07,2012-04-07 23:00:00,105.77069437204936,20.189210254470133
4481,2012-04-08,2012-04-08 23:00:00,81.50097282350224,11.59660110985069
4482,2012-04-09,2012-04-09 23:00:00,108.05374147975878,27.23643713459303
4483,2012-04-10,2012-04-10 23:00:00,99.73925612045586,23.591679405363006
4484,2012-04-11,2012-04-11 23:00:00,86.94256671769715,20.75707040918677
4485,2012-04-12,2012-04-12 23:00:00,106.98560715542983,31.58230588344016
4486,2012-04-13,2012-04-13 23:00:00,117.34769689432346,40.39425615793277
4487,2012-04-14,2012-04-14 23:00:00,99.51487700854743,14.642931824840877
4488,2012-04-15,2012-04-15 23:00:00,95.7566166357257,9.79043518870959
4489,2012-04-16,2012-04-16 23:00:00,125.93783717058545,42.89315455824414
4490,2012-04-17,2012-04-17 23:00:00,122.77530679186698,40.53844033569201
4491,2012-04-18,2012-04-18 23:00:00,127.97695311577336,39.86436833245376
4492,2012-04-19,2012-04-19 23:00:00,147.33141548289507,61.07074539337139
4493,2012-04-20,2012-04-20 23:00:00,128.83771971686284,25.35536067346065
4494,2012-04-21,2012-04-21 23:00:00,139.93349463183378,13.826527723898328
4495,2012-04-22,2012-04-22 23:00:00,125.48553030481406,13.493206544976024
4496,2012-04-23,2012-04-23 23:00:00,176.4635048782113,67.87462049263931
4497,2012-04-24,2012-04-24 23:00:00,190.19519584823786,56.752812352616196
4498,2012-04-25,2012-04-25 23:00:00,143.22060029348378,45.695458757408744
4499,2012-04-26,2012-04-26 23:00:00,110.53423184998864,26.58305010644903
4500,2012-04-27,2012-04-27 23:00:00,103.19478764747703,23.7643729065425
4501,2012-04-28,2012-04-28 23:00:00,89.62494650884953,12.211053265144837
4502,2012-04-29,2012-04-29 23:00:00,84.577496962633,8.113057124593853
4503,2012-04-30,2012-04-30 23:00:00,104.23517490562877,26.521150447452143
4504,2012-05-01,2012-05-01 23:00:00,80.72263652806764,1.4230495527294849
4505,2012-05-02,2012-05-02 23:00:00,97.51042384117403,2.3453105353293493
4506,2012-05-03,2012-05-03 23:00:00,96.66203057689374,0.1401334454940674
4507,2012-05-04,2012-05-04 23:00:00,116.71066677359397,2.942030576623006
4508,2012-05-05,2012-05-05 23:00:00,94.24832563502575,2.6365724132087336
4509,2012-05-06,2012-05-06 23:00:00,99.44898353813319,8.740986436612191
4510,2012-05-07,2012-05-07 23:00:00,94.41438228497184,14.491915581077782
4511,2012-05-08,2012-05-08 23:00:00,98.80899999089337,29.55024102357271
4512,2012-05-09,2012-05-09 23:00:00,101.21400097479926,16.996240653787602
4513,2012-05-10,2012-05-10 23:00:00,106.03819634816097,23.157990601665798
4514,2012-05-11,2012-05-11 23:00:00,97.61371838064287,68.17290940085259
4515,2012-05-12,2012-05-12 23:00:00,81.55184597990001,0.6315112111707544
4516,2012-05-13,2012-05-13 23:00:00,79.29168381247386,6.464967119744466
4517,2012-05-14,2012-05-14 23:00:00,92.93396603286898,17.127746545061157
4518,2012-05-15,2012-05-15 23:00:00,106.27708196387857,59.0376769757155
4519,2012-05-16,2012-05-16 23:00:00,112.81405381783406,53.9271536475151
4520,2012-05-17,2012-05-17 23:00:00,98.89638373650739,19.907761662421827
4521,2012-05-18,2012-05-18 23:00:00,99.40371882673833,21.255897310085228
4522,2012-05-19,2012-05-19 23:00:00,82.82580049448256,10.334452455404705
4523,2012-05-20,2012-05-20 23:00:00,80.58461563990855,6.7439760128365585
4524,2012-05-21,2012-05-21 23:00:00,82.21730125227926,7.9790565236754425
4525,2012-05-22,2012-05-22 23:00:00,97.63408612410656,15.55620508735272
4526,2012-05-23,2012-05-23 23:00:00,103.09628264858866,32.72781908259668
4527,2012-05-24,2012-05-24 23:00:00,132.10769307576513,38.98039245718246
4528,2012-05-25,2012-05-25 23:00:00,111.54385759589469,24.37011642926164
4529,2012-05-26,2012-05-26 23:00:00,83.08831654727719,10.815222090749558
4530,2012-05-27,2012-05-27 23:00:00,79.67924225383283,0.8717930404341083
4531,2012-05-28,2012-05-28 23:00:00,96.67528440928284,16.918323060871895
4532,2012-05-29,2012-05-29 23:00:00,102.3409966103854,32.7857305838692
4533,2012-05-30,2012-05-30 23:00:00,99.35512947185141,15.688731183395866
4534,2012-05-31,2012-05-31 23:00:00,93.94368022303217,6.523018849486213
4535,2012-06-01,2012-06-01 23:00:00,82.59556074071905,3.727750346482329
4536,2012-06-02,2012-06-02 23:00:00,81.52100793780495,7.183282083349847
4537,2012-06-03,2012-06-03 23:00:00,82.38429129815985,10.552928169374992
4538,2012-06-04,2012-06-04 23:00:00,94.02723043157927,17.546910770696122
4539,2012-06-05,2012-06-05 23:00:00,105.45910301813598,23.34865486644148
4540,2012-06-06,2012-06-06 23:00:00,220.91356333636986,155.7082143264799
4541,2012-06-07,2012-06-07 23:00:00,176.31962029598068,94.01249253085132
4542,2012-06-08,2012-06-08 23:00:00,162.03719385298027,34.78477124329378
4543,2012-06-09,2012-06-09 23:00:00,207.71123665828972,41.23538591845506
4544,2012-06-10,2012-06-10 23:00:00,205.55447603855848,29.52056339272661
4545,2012-06-11,2012-06-11 23:00:00,221.68703612031274,20.74131636534038
4546,2012-06-12,2012-06-12 23:00:00,255.9019426597197,31.641644861253692
4547,2012-06-13,2012-06-13 23:00:00,264.3964151539347,32.54258915609259
4548,2012-06-14,2012-06-14 23:00:00,261.07816952263875,20.573191707569414
4549,2012-06-15,2012-06-15 23:00:00,259.589540992385,20.32087454802177
4550,2012-06-16,2012-06-16 23:00:00,236.47031918725858,11.463024741861027
4551,2012-06-17,2012-06-17 23:00:00,210.1222359023947,2.028592640398106
4552,2012-06-18,2012-06-18 23:00:00,180.24328605200273,9.877752989746885
4553,2012-06-19,2012-06-19 23:00:00,184.59505484969984,39.28727162911219
4554,2012-06-20,2012-06-20 23:00:00,180.73917688975044,59.241412852460876
4555,2012-06-21,2012-06-21 23:00:00,180.8694703159682,32.3106319457272
4556,2012-06-22,2012-06-22 23:00:00,172.57983306349797,17.887085237544227
4557,2012-06-23,2012-06-23 23:00:00,157.75191294333456,16.00763712489845
4558,2012-06-24,2012-06-24 23:00:00,145.91362308225146,11.238450838740444
4559,2012-06-25,2012-06-25 23:00:00,162.5466683856594,14.78923023784668
4560,2012-06-26,2012-06-26 23:00:00,152.95901107355857,13.55433400193641
4561,2012-06-27,2012-06-27 23:00:00,183.55083323394896,36.09655778787898
4562,2012-06-28,2012-06-28 23:00:00,203.34743167521037,57.85646886061908
4563,2012-06-29,2012-06-29 23:00:00,206.6213566330189,50.019003691105986
4564,2012-06-30,2012-06-30 23:00:00,167.99994072479646,21.52480290421921
4565,2012-07-01,2012-07-01 23:00:00,160.84366631677696,13.805600271035575
4566,2012-07-02,2012-07-02 23:00:00,160.7451356295266,34.90120914038462
4567,2012-07-03,2012-07-03 23:00:00,169.54807484253146,32.7661080581564
4568,2012-07-04,2012-07-04 23:00:00,146.00389780363446,18.761660087451837
4569,2012-07-05,2012-07-05 23:00:00,160.06112023051648,25.84331635297356
4570,2012-07-06,2012-07-06 23:00:00,160.15440553278967,29.696946726205805
4571,2012-07-07,2012-07-07 23:00:00,137.03893982737324,33.889820044879976
4572,2012-07-08,2012-07-08 23:00:00,114.5636587401378,13.143524456279414
4573,2012-07-09,2012-07-09 23:00:00,134.86957586588235,46.83149922733742
4574,2012-07-10,2012-07-10 23:00:00,148.90805936990816,44.62271939473149
4575,2012-07-11,2012-07-11 23:00:00,154.01051534556987,81.74122330208469
4576,2012-07-12,2012-07-12 23:00:00,144.87273139320095,50.74636756973762
4577,2012-07-13,2012-07-13 23:00:00,139.81732910048217,29.57053115657833
4578,2012-07-14,2012-07-14 23:00:00,120.16416831888039,7.119918448359288
4579,2012-07-15,2012-07-15 23:00:00,113.8143082016904,19.617327161296473
4580,2012-07-16,2012-07-16 23:00:00,131.57509918416113,42.789244148985375
4581,2012-07-17,2012-07-17 23:00:00,136.66731892002477,54.0679107269049
4582,2012-07-18,2012-07-18 23:00:00,177.12715051386647,94.645456683103
4583,2012-07-19,2012-07-19 23:00:00,181.33774658034292,73.51143979948502
4584,2012-07-20,2012-07-20 23:00:00,151.95266654889588,16.63612915314186
4585,2012-07-21,2012-07-21 23:00:00,123.49297217573103,36.82153166845002
4586,2012-07-22,2012-07-22 23:00:00,95.09289289268078,17.46517959284074
4587,2012-07-23,2012-07-23 23:00:00,131.06591504613857,47.44623819834908
4588,2012-07-24,2012-07-24 23:00:00,135.948064852758,43.014194770487094
4589,2012-07-25,2012-07-25 23:00:00,160.40129978437213,49.51501490666969
4590,2012-07-26,2012-07-26 23:00:00,209.13116355471234,72.58071467348965
4591,2012-07-27,2012-07-27 23:00:00,262.01044672450973,72.78938621590501
4592,2012-07-28,2012-07-28 23:00:00,235.84066041900678,36.16722034393295
4593,2012-07-29,2012-07-29 23:00:00,238.79938086823677,31.965009780204795
4594,2012-07-30,2012-07-30 23:00:00,280.08527288627107,28.145906907408577
4595,2012-07-31,2012-07-31 23:00:00,249.55853567443614,12.077834178550255
4596,2012-08-01,2012-08-01 23:00:00,305.2677529530199,43.48091471636971
4597,2012-08-02,2012-08-02 23:00:00,285.3860726195419,49.889332874231684
4598,2012-08-03,2012-08-03 23:00:00,264.23088860874,54.87385083861627
4599,2012-08-04,2012-08-04 23:00:00,290.34805616566956,51.10937536187123
4600,2012-08-05,2012-08-05 23:00:00,247.26498900737283,30.737463143422655
4601,2012-08-06,2012-08-06 23:00:00,278.4224387401229,35.02156017874316
4602,2012-08-07,2012-08-07 23:00:00,244.8622838302249,36.72095364271828
4603,2012-08-08,2012-08-08 23:00:00,271.86329448834243,26.170194536808847
4604,2012-08-09,2012-08-09 23:00:00,278.59172303870264,29.387748787102435
4605,2012-08-10,2012-08-10 23:00:00,301.8127936844932,43.09306980856147
4606,2012-08-11,2012-08-11 23:00:00,304.65088779042793,41.88426183244386
4607,2012-08-12,2012-08-12 23:00:00,295.4769550754163,31.520851459516734
4608,2012-08-13,2012-08-13 23:00:00,356.1065137555317,47.44107931060496
4609,2012-08-14,2012-08-14 23:00:00,348.64178652483315,56.4908832167681
4610,2012-08-15,2012-08-15 23:00:00,319.637090105998,20.634788909655757
4611,2012-08-16,2012-08-16 23:00:00,320.974692556139,34.039727214210394
4612,2012-08-17,2012-08-17 23:00:00,290.8682385255143,9.821403774817126
4613,2012-08-18,2012-08-18 23:00:00,275.14906572850555,19.503368715918292
4614,2012-08-19,2012-08-19 23:00:00,249.58532813819753,14.429506837899305
4615,2012-08-20,2012-08-20 23:00:00,247.3734545969271,40.94080726858251
4616,2012-08-21,2012-08-21 23:00:00,266.3068320430896,19.96218785754009
4617,2012-08-22,2012-08-22 23:00:00,261.439506186949,28.52695588537082
4618,2012-08-23,2012-08-23 23:00:00,262.18847471537134,26.39056623813964
4619,2012-08-24,2012-08-24 23:00:00,268.4277061625852,29.91636358949962
4620,2012-08-25,2012-08-25 23:00:00,265.5931327959823,33.55507284795628
4621,2012-08-26,2012-08-26 23:00:00,271.0772550502749,43.91267025577823
4622,2012-08-27,2012-08-27 23:00:00,318.0270085620548,48.626436613289194
4623,2012-08-28,2012-08-28 23:00:00,309.7138003434775,55.41710680556334
4624,2012-08-29,2012-08-29 23:00:00,303.92211537805593,54.07124182218281
4625,2012-08-30,2012-08-30 23:00:00,305.83821587144837,42.396460775746725
4626,2012-08-31,2012-08-31 23:00:00,360.84973355022277,70.09687842348588
4627,2012-09-01,2012-09-01 23:00:00,289.42834940706166,17.286969889939307
4628,2012-09-02,2012-09-02 23:00:00,265.3630603030878,2.18954974635234
4629,2012-09-03,2012-09-03 23:00:00,274.2310109939489,23.93583761403941
4630,2012-09-04,2012-09-04 23:00:00,285.19577697893766,22.47991850536981
4631,2012-09-05,2012-09-05 23:00:00,290.8536570860299,26.68145139774455
4632,2012-09-06,2012-09-06 23:00:00,335.3280151233766,76.11108721706402
4633,2012-09-07,2012-09-07 23:00:00,315.78078166183985,49.704222229512226
4634,2012-09-08,2012-09-08 23:00:00,323.2200683869794,42.72607767673579
4635,2012-09-09,2012-09-09 23:00:00,314.01021183891754,14.735855317070627
4636,2012-09-10,2012-09-10 23:00:00,322.04403785041194,19.609071821868927
4637,2012-09-11,2012-09-11 23:00:00,343.8298014431792,35.763542504292424
4638,2012-09-12,2012-09-12 23:00:00,328.8401311302552,21.78194450006849
4639,2012-09-13,2012-09-13 23:00:00,336.9152884932292,12.076736333646625
4640,2012-09-14,2012-09-14 23:00:00,361.7659726954541,22.372802265789076
4641,2012-09-15,2012-09-15 23:00:00,326.2228479814306,8.761764407157477
4642,2012-09-16,2012-09-16 23:00:00,348.84673362879886,21.808607052562735
4643,2012-09-17,2012-09-17 23:00:00,397.871887388761,76.54057879978163
4644,2012-09-18,2012-09-18 23:00:00,442.22993757687937,80.81466830979348
4645,2012-09-19,2012-09-19 23:00:00,402.2518176039328,46.044322635003
4646,2012-09-20,2012-09-20 23:00:00,403.24342035481703,45.959902140653384
4647,2012-09-21,2012-09-21 23:00:00,449.41106105618115,85.09079314714111
4648,2012-09-22,2012-09-22 23:00:00,394.6872649322345,27.13731027620658
4649,2012-09-23,2012-09-23 23:00:00,400.1634050256708,16.338941621125702
4650,2012-09-24,2012-09-24 23:00:00,453.21336712171006,54.485213369466805
4651,2012-09-25,2012-09-25 23:00:00,460.8080372388918,39.27055220645923
4652,2012-09-26,2012-09-26 23:00:00,473.67213241134095,26.945258270452683
4653,2012-09-27,2012-09-27 23:00:00,445.3646682651509,77.11454616948356
4654,2012-09-28,2012-09-28 23:00:00,528.6277111615472,60.33884906278579
4655,2012-09-29,2012-09-29 23:00:00,499.36294078406473,18.034250555280142
4656,2012-09-30,2012-09-30 23:00:00,503.2892134777873,31.092043537889598
4657,2012-10-01,2012-10-01 23:00:00,533.7992630682847,28.354883526041608
4658,2012-10-02,2012-10-02 23:00:00,543.5787357158671,31.944050934661995
4659,2012-10-03,2012-10-03 23:00:00,526.5548554388184,40.09465606392276
4660,2012-10-04,2012-10-04 23:00:00,507.91992327035587,51.80454530619718
4661,2012-10-05,2012-10-05 23:00:00,522.4825033626831,64.34781091167952
4662,2012-10-06,2012-10-06 23:00:00,489.04317689607143,27.21944066052956
4663,2012-10-07,2012-10-07 23:00:00,461.874124823858,32.153565443253974
4664,2012-10-08,2012-10-08 23:00:00,482.1757260141615,38.50560888046874
4665,2012-10-09,2012-10-09 23:00:00,395.3767824439579,149.50476593151976
4666,2012-10-10,2012-10-10 23:00:00,391.36289869337793,144.78892313401633
4667,2012-10-11,2012-10-11 23:00:00,432.51878454171606,27.939354131391568
4668,2012-10-12,2012-10-12 23:00:00,412.6791419955175,28.468871751362162
4669,2012-10-13,2012-10-13 23:00:00,414.8297269444772,16.83635213320383
4670,2012-10-14,2012-10-14 23:00:00,421.35600306427494,5.2809983506745395
4671,2012-10-15,2012-10-15 23:00:00,426.65338670119417,21.806008838627804
4672,2012-10-16,2012-10-16 23:00:00,444.5468643784675,25.92659809024334
4673,2012-10-17,2012-10-17 23:00:00,443.5030462915094,15.794716622363136
4674,2012-10-18,2012-10-18 23:00:00,408.038375247796,5.981502907592964
4675,2012-10-19,2012-10-19 23:00:00,395.09991873259287,5.150882532457882
4676,2012-10-20,2012-10-20 23:00:00,371.15465788522243,13.8983072408353
4677,2012-10-21,2012-10-21 23:00:00,382.18555875245056,11.260645638165089
4678,2012-10-22,2012-10-22 23:00:00,337.8958911370107,49.00942464933318
4679,2012-10-23,2012-10-23 23:00:00,328.72042689227845,43.510167821721694
4680,2012-10-24,2012-10-24 23:00:00,334.13352181673594,36.042836991874516
4681,2012-10-25,2012-10-25 23:00:00,299.3975039799606,16.482065547138664
4682,2012-10-26,2012-10-26 23:00:00,299.9533946143609,44.225704895436415
4683,2012-10-27,2012-10-27 23:00:00,275.5548177011564,5.888813420537832
4684,2012-10-28,2012-10-28 23:00:00,283.357823402414,21.784461884083285
4685,2012-10-29,2012-10-29 23:00:00,332.0129308928812,30.85261638582937
4686,2012-10-30,2012-10-30 23:00:00,349.64718598687267,41.2432704286382
4687,2012-10-31,2012-10-31 23:00:00,358.3352806959809,15.812299275759395
4688,2012-11-01,2012-11-01 23:00:00,379.2912095392932,66.96238355764388
4689,2012-11-02,2012-11-02 23:00:00,376.23372676724875,28.75083655968212
4690,2012-11-03,2012-11-03 23:00:00,359.65251650710314,15.274717567857452
4691,2012-11-04,2012-11-04 23:00:00,399.9480409275375,9.23949607073375
4692,2012-11-05,2012-11-05 23:00:00,358.1457083469333,19.62895345005239
4693,2012-11-06,2012-11-06 23:00:00,371.9680313921719,5.599725769036794
4694,2012-11-07,2012-11-07 23:00:00,355.6105921352716,22.971128238289584
4695,2012-11-08,2012-11-08 23:00:00,371.8198150220664,25.846428027514467
4696,2012-11-09,2012-11-09 23:00:00,359.34404945591115,10.718161247156976
4697,2012-11-10,2012-11-10 23:00:00,356.8311509610764,15.915590849895855
4698,2012-11-11,2012-11-11 23:00:00,345.9433763108828,33.388130682089084
4699,2012-11-12,2012-11-12 23:00:00,356.0943913167999,5.569494561021376
4700,2012-11-13,2012-11-13 23:00:00,376.8555589130367,38.03757908527649
4701,2012-11-14,2012-11-14 23:00:00,383.7871026715571,47.198150794884974
4702,2012-11-15,2012-11-15 23:00:00,373.56365557801524,30.087002704872567
4703,2012-11-16,2012-11-16 23:00:00,354.5468118296238,5.801687390600744
4704,2012-11-17,2012-11-17 23:00:00,333.8863711763657,21.40846019252327
4705,2012-11-18,2012-11-18 23:00:00,300.7689927753001,24.026315868698678
4706,2012-11-19,2012-11-19 23:00:00,298.3468091977034,36.823502245912245
4707,2012-11-20,2012-11-20 23:00:00,286.2522615373604,21.756111183931914
4708,2012-11-21,2012-11-21 23:00:00,277.80970737849276,38.22759618810512
4709,2012-11-22,2012-11-22 23:00:00,289.166107215708,38.68595269591291
4710,2012-11-23,2012-11-23 23:00:00,299.246256548161,35.14224597404985
4711,2012-11-24,2012-11-24 23:00:00,298.43014106001334,31.76488061751967
4712,2012-11-25,2012-11-25 23:00:00,270.10105081614614,17.58446735621312
4713,2012-11-26,2012-11-26 23:00:00,330.84864167523654,75.22124805082045
4714,2012-11-27,2012-11-27 23:00:00,312.8869166819805,101.69013711816955
4715,2012-11-28,2012-11-28 23:00:00,359.9878799519914,117.85628324267303
4716,2012-11-29,2012-11-29 23:00:00,372.8097956268507,80.49402858678842
4717,2012-11-30,2012-11-30 23:00:00,393.08585469755616,43.45139118829993
4718,2012-12-01,2012-12-01 23:00:00,342.9360665526735,78.1726252280713
4719,2012-12-02,2012-12-02 23:00:00,319.8950706045144,122.49597802818316
4720,2012-12-03,2012-12-03 23:00:00,332.8237470363396,129.6819181143619
4721,2012-12-04,2012-12-04 23:00:00,369.38898814215736,37.49580640150228
4722,2012-12-05,2012-12-05 23:00:00,379.14310960782956,48.29029539769126
4723,2012-12-06,2012-12-06 23:00:00,350.5774434671736,78.92088485548335
4724,2012-12-07,2012-12-07 23:00:00,369.93080901043004,44.01243890461717
4725,2012-12-08,2012-12-08 23:00:00,351.76357084457385,48.74529098373626
4726,2012-12-09,2012-12-09 23:00:00,366.4194455519666,23.26806479925719
4727,2012-12-10,2012-12-10 23:00:00,373.50523502365485,48.811132847194514
4728,2012-12-11,2012-12-11 23:00:00,363.1599898604459,27.008591744926683
4729,2012-12-12,2012-12-12 23:00:00,363.0676579244439,28.67422529418392
4730,2012-12-13,2012-12-13 23:00:00,394.01109572327914,23.929574842068572
4731,2012-12-14,2012-12-14 23:00:00,401.83566054121957,28.547064379022146
4732,2012-12-15,2012-12-15 23:00:00,409.52816213017167,21.42990829918874
4733,2012-12-16,2012-12-16 23:00:00,413.3951449749614,34.28428640117222
4734,2012-12-17,2012-12-17 23:00:00,417.432689514155,23.976684087816114
4735,2012-12-18,2012-12-18 23:00:00,431.83776599941865,10.771881387401168
4736,2012-12-19,2012-12-19 23:00:00,421.9052304126216,13.059818802670575
4737,2012-12-20,2012-12-20 23:00:00,412.3363515630074,18.919510191008122
4738,2012-12-21,2012-12-21 23:00:00,397.5243871870823,8.720685853477978
4739,2012-12-22,2012-12-22 23:00:00,393.6191216217019,6.611026219278628
4740,2012-12-23,2012-12-23 23:00:00,375.69142870187125,13.635008772351782
4741,2012-12-24,2012-12-24 23:00:00,376.3284272831216,16.67595739865427
4742,2012-12-25,2012-12-25 23:00:00,344.1542474469115,19.378273376080493
4743,2012-12-26,2012-12-26 23:00:00,379.66980094219315,19.634701516588144
4744,2012-12-27,2012-12-27 23:00:00,341.1053244592529,12.37297535594868
4745,2012-12-28,2012-12-28 23:00:00,324.9701457045886,10.25238697911598
4746,2012-12-29,2012-12-29 23:00:00,316.42813345736886,51.684159522120424
4747,2012-12-30,2012-12-30 23:00:00,326.80648346537174,39.06884942623833
4748,2012-12-31,2012-12-31 23:00:00,326.61525821107483,30.670845516098414
4749,2013-01-01,2013-01-01 23:00:00,327.58415738290824,38.11493063353838
4750,2013-01-02,2013-01-02 23:00:00,390.2234223794438,39.01909324687548
4751,2013-01-03,2013-01-03 23:00:00,374.6679208344187,21.35476180157276
4752,2013-01-04,2013-01-04 23:00:00,384.32665154404714,8.992679693023408
4753,2013-01-05,2013-01-05 23:00:00,364.97495175304306,8.224115860848308
4754,2013-01-06,2013-01-06 23:00:00,356.88868689286954,11.277299209029005
4755,2013-01-07,2013-01-07 23:00:00,358.36690844881304,8.67269701755141
4756,2013-01-08,2013-01-08 23:00:00,358.4559630409828,31.026656386075448
4757,2013-01-09,2013-01-09 23:00:00,311.4979440044177,119.99383055945067
4758,2013-01-10,2013-01-10 23:00:00,372.0566133474242,10.826189942585033
4759,2013-01-11,2013-01-11 23:00:00,381.68858295237055,16.40896790761494
4760,2013-01-12,2013-01-12 23:00:00,378.6968635284682,7.739270994374103
4761,2013-01-13,2013-01-13 23:00:00,386.18473533826955,42.63195083625232
4762,2013-01-14,2013-01-14 23:00:00,393.56263327950575,15.341304815258926
4763,2013-01-15,2013-01-15 23:00:00,397.8595762479783,13.345413373560376
4764,2013-01-16,2013-01-16 23:00:00,394.5591447083375,12.006841103582866
4765,2013-01-17,2013-01-17 23:00:00,388.5232079343279,10.213681198882751
4766,2013-01-18,2013-01-18 23:00:00,391.6561691773798,15.041964285954442
4767,2013-01-19,2013-01-19 23:00:00,385.0981962482665,24.023351207667034
4768,2013-01-20,2013-01-20 23:00:00,391.6315727244416,11.389826086608487
4769,2013-01-21,2013-01-21 23:00:00,395.42602968904913,23.872671203731635
4770,2013-01-22,2013-01-22 23:00:00,375.49690733822644,22.639535407314938
4771,2013-01-23,2013-01-23 23:00:00,375.9852992058157,14.513800817263721
4772,2013-01-24,2013-01-24 23:00:00,389.8880720730023,16.274557197343267
4773,2013-01-25,2013-01-25 23:00:00,409.90031158794653,30.276071774214238
4774,2013-01-26,2013-01-26 23:00:00,381.0918902120433,18.811861800414242
4775,2013-01-27,2013-01-27 23:00:00,370.8890124881732,14.120132045782265
4776,2013-01-28,2013-01-28 23:00:00,388.6841706185764,22.840020025187933
4777,2013-01-29,2013-01-29 23:00:00,337.70686787815646,71.49914729595082
4778,2013-01-30,2013-01-30 23:00:00,378.1396842181598,31.635149553872797
4779,2013-01-31,2013-01-31 23:00:00,422.2494176159335,29.847964919875643
4780,2013-02-01,2013-02-01 23:00:00,417.8216140569065,7.330153440897899
4781,2013-02-02,2013-02-02 23:00:00,445.06473895925984,21.073049408221607
4782,2013-02-03,2013-02-03 23:00:00,471.6081611985431,22.46109632550232
4783,2013-02-04,2013-02-04 23:00:00,491.1100868881681,33.98248044823379
4784,2013-02-05,2013-02-05 23:00:00,437.6683260895905,55.44209311317329
4785,2013-02-06,2013-02-06 23:00:00,426.1399024197289,39.900391480245574
4786,2013-02-07,2013-02-07 23:00:00,449.3586050354941,51.123843095839106
4787,2013-02-08,2013-02-08 23:00:00,405.08346038103326,24.526843960659996
4788,2013-02-09,2013-02-09 23:00:00,403.6083249788717,19.185842247780236
4789,2013-02-10,2013-02-10 23:00:00,422.3391010740229,23.932257670421922
4790,2013-02-11,2013-02-11 23:00:00,399.15417071363373,30.872907586509662
4791,2013-02-12,2013-02-12 23:00:00,334.4985696200586,89.53651025199412
4792,2013-02-13,2013-02-13 23:00:00,379.3546922479806,20.40816610616329
4793,2013-02-14,2013-02-14 23:00:00,363.20771974395865,13.109764014160191
4794,2013-02-15,2013-02-15 23:00:00,358.9295177394681,7.638296170839616
4795,2013-02-16,2013-02-16 23:00:00,341.0648886669479,11.923563141753291
4796,2013-02-17,2013-02-17 23:00:00,328.7503107991671,18.084589978558675
4797,2013-02-18,2013-02-18 23:00:00,342.4931508301178,20.06786850989426
4798,2013-02-19,2013-02-19 23:00:00,302.5528136755197,63.35397792848068
4799,2013-02-20,2013-02-20 23:00:00,339.2643736460297,0.6313664956287165
4800,2013-02-21,2013-02-21 23:00:00,325.94826399317543,8.0837454198128
4801,2013-02-22,2013-02-22 23:00:00,321.0154751155846,33.44754980559731
4802,2013-02-23,2013-02-23 23:00:00,322.41338134110885,1.491975457622056
4803,2013-02-24,2013-02-24 23:00:00,308.50967183724225,14.236755806939184
4804,2013-02-25,2013-02-25 23:00:00,300.41797202264394,27.753365403501913
4805,2013-02-26,2013-02-26 23:00:00,315.10937901622054,46.1791452750595
4806,2013-02-27,2013-02-27 23:00:00,300.62539519836577,43.71361703657263
4807,2013-02-28,2013-02-28 23:00:00,293.6583369827012,39.33734969308319
4808,2013-03-01,2013-03-01 23:00:00,311.8056640087773,36.29060989119266
4809,2013-03-02,2013-03-02 23:00:00,308.9403468069067,23.465829836000676
4810,2013-03-03,2013-03-03 23:00:00,295.93595421346544,16.38641166078778
4811,2013-03-04,2013-03-04 23:00:00,319.2555348675142,21.038643804307473
4812,2013-03-05,2013-03-05 23:00:00,426.2319474901892,138.36357686029953
4813,2013-03-06,2013-03-06 23:00:00,364.0805087465804,42.3385837445344
4814,2013-03-07,2013-03-07 23:00:00,358.48725151930654,31.979689680152163
4815,2013-03-08,2013-03-08 23:00:00,299.8744945643996,110.71201355176541
4816,2013-03-09,2013-03-09 23:00:00,355.7212680094329,19.384811585749226
4817,2013-03-10,2013-03-10 23:00:00,348.9954174088245,10.690012081238303
4818,2013-03-11,2013-03-11 23:00:00,340.03614119797953,18.579875635610776
4819,2013-03-12,2013-03-12 23:00:00,310.92335707455806,69.05542473189475
4820,2013-03-13,2013-03-13 23:00:00,289.469155487895,93.7167379469541
4821,2013-03-14,2013-03-14 23:00:00,304.13441840224374,50.37450787606299
4822,2013-03-15,2013-03-15 23:00:00,286.5859987242918,23.04820968729105
4823,2013-03-16,2013-03-16 23:00:00,248.36522788483614,40.68120236583088
4824,2013-03-17,2013-03-17 23:00:00,261.65053506017335,27.40023410523968
4825,2013-03-18,2013-03-18 23:00:00,251.5993073830326,72.47512164068807
4826,2013-03-19,2013-03-19 23:00:00,256.2434449725536,34.27810484723286
4827,2013-03-20,2013-03-20 23:00:00,262.63283038032654,117.17293330216783
4828,2013-03-21,2013-03-21 23:00:00,195.85171837334747,92.22157114909781
4829,2013-03-22,2013-03-22 23:00:00,242.14963149145356,41.644342640077895
4830,2013-03-23,2013-03-23 23:00:00,217.7909260482072,37.59346585507952
4831,2013-03-24,2013-03-24 23:00:00,166.28795867766397,38.82478168097135
4832,2013-03-25,2013-03-25 23:00:00,192.82944762863585,50.63698510021454
4833,2013-03-26,2013-03-26 23:00:00,235.1072380684326,94.91195837648505
4834,2013-03-27,2013-03-27 23:00:00,198.8747421856964,54.48584242729181
4835,2013-03-28,2013-03-28 23:00:00,202.7528166328691,16.070130878185427
4836,2013-03-29,2013-03-29 23:00:00,216.78084524599453,22.996365779695417
4837,2013-03-30,2013-03-30 23:00:00,280.5618816503833,30.486275580665918
4838,2013-03-31,2013-03-31 23:00:00,328.0377248489081,36.47891576368849
4839,2013-04-01,2013-04-01 23:00:00,319.53626100747135,55.097384476318055
4840,2013-04-02,2013-04-02 23:00:00,351.42384873346754,18.002289640218066
4841,2013-04-03,2013-04-03 23:00:00,357.4051969374361,28.350309573186202
4842,2013-04-04,2013-04-04 23:00:00,362.6431210916483,21.386587142840945
4843,2013-04-05,2013-04-05 23:00:00,368.51339811183294,29.427259015015135
4844,2013-04-06,2013-04-06 23:00:00,365.4038042469092,16.406964216225155
4845,2013-04-07,2013-04-07 23:00:00,418.1143407612154,26.434462366197355
4846,2013-04-08,2013-04-08 23:00:00,403.6081024015448,44.67108443016742
4847,2013-04-09,2013-04-09 23:00:00,447.8967801836079,58.19949272743283
4848,2013-04-10,2013-04-10 23:00:00,455.38672376806943,69.12788634198837
4849,2013-04-11,2013-04-11 23:00:00,491.5279097901952,70.02368494438515
4850,2013-04-12,2013-04-12 23:00:00,559.2624100382368,30.239126909887652
4851,2013-04-13,2013-04-13 23:00:00,526.7062668386428,106.0342637703825
4852,2013-04-14,2013-04-14 23:00:00,607.544669574906,38.16355574171767
4853,2013-04-15,2013-04-15 23:00:00,730.327889259472,87.51579822414791
4854,2013-04-16,2013-04-16 23:00:00,800.4769230829196,45.46249995570762
4855,2013-04-17,2013-04-17 23:00:00,809.8037150400352,37.52633472161955
4856,2013-04-18,2013-04-18 23:00:00,794.2751819036761,57.746659909871795
4857,2013-04-19,2013-04-19 23:00:00,692.5061429328293,136.71079421289673
4858,2013-04-20,2013-04-20 23:00:00,724.6099684044374,140.15137044377826
4859,2013-04-21,2013-04-21 23:00:00,473.72534601108083,83.9992447956715
4860,2013-04-22,2013-04-22 23:00:00,388.57092517283075,45.0511686025207
4861,2013-04-23,2013-04-23 23:00:00,310.22939249681787,61.156882739874526
4862,2013-04-24,2013-04-24 23:00:00,291.93351024230225,42.05358193232875
4863,2013-04-25,2013-04-25 23:00:00,301.4541565213975,14.470504703642067
4864,2013-04-26,2013-04-26 23:00:00,331.28268244868394,23.27985758586271
4865,2013-04-27,2013-04-27 23:00:00,329.79054895117986,19.425429294925642
4866,2013-04-28,2013-04-28 23:00:00,324.97006295869465,25.073848165422426
4867,2013-04-29,2013-04-29 23:00:00,325.0872248699975,29.366194264583513
4868,2013-04-30,2013-04-30 23:00:00,333.9506985684806,17.61024333070446
4869,2013-05-01,2013-05-01 23:00:00,308.58902136243904,15.152096165295374
4870,2013-05-02,2013-05-02 23:00:00,311.7691836974548,19.575806355047703
4871,2013-05-03,2013-05-03 23:00:00,332.6899817790506,11.228185148127299
4872,2013-05-04,2013-05-04 23:00:00,336.4255418829656,7.228653312736503
4873,2013-05-05,2013-05-05 23:00:00,333.920443085218,4.947678203546021
4874,2013-05-06,2013-05-06 23:00:00,324.8601443320611,62.48939442297661
4875,2013-05-07,2013-05-07 23:00:00,299.09362160070697,71.21911871450962
4876,2013-05-08,2013-05-08 23:00:00,322.53817829561206,26.713881691167956
4877,2013-05-09,2013-05-09 23:00:00,306.80382364792405,49.79342124713049
4878,2013-05-10,2013-05-10 23:00:00,313.2266266443466,5.049093432426626
4879,2013-05-11,2013-05-11 23:00:00,350.8700443720989,56.13306507944625
4880,2013-05-12,2013-05-12 23:00:00,309.9113949138298,18.0900186146549
4881,2013-05-13,2013-05-13 23:00:00,323.0981279797359,23.39889516733141
4882,2013-05-14,2013-05-14 23:00:00,342.49099422708287,35.53393144743189
4883,2013-05-15,2013-05-15 23:00:00,367.00804828498957,45.61791479313417
4884,2013-05-16,2013-05-16 23:00:00,339.2546398652045,27.943558248174632
4885,2013-05-17,2013-05-17 23:00:00,314.034947584176,15.856967427639281
4886,2013-05-18,2013-05-18 23:00:00,305.9478071397466,6.916185813209376
4887,2013-05-19,2013-05-19 23:00:00,278.6354587220779,24.52884609459817
4888,2013-05-20,2013-05-20 23:00:00,282.32906292243155,48.998059968412356
4889,2013-05-21,2013-05-21 23:00:00,267.8225949987638,79.35600217293717
4890,2013-05-22,2013-05-22 23:00:00,277.03557355925085,71.43364588026427
4891,2013-05-23,2013-05-23 23:00:00,219.42741179008001,19.989000156900048
4892,2013-05-24,2013-05-24 23:00:00,246.03913980916687,87.35368929405725
4893,2013-05-25,2013-05-25 23:00:00,236.7175260295099,129.21192580061157
4894,2013-05-26,2013-05-26 23:00:00,110.4286096569623,55.37470933683651
4895,2013-05-27,2013-05-27 23:00:00,228.01796571434093,127.05165762662689
4896,2013-05-28,2013-05-28 23:00:00,202.7694637578575,108.7829289563099
4897,2013-05-29,2013-05-29 23:00:00,225.64758538608723,117.48675201527826
4898,2013-05-30,2013-05-30 23:00:00,176.1777014039928,66.10909198037504
4899,2013-05-31,2013-05-31 23:00:00,181.4652283993439,79.14019523114594
4900,2013-06-01,2013-06-01 23:00:00,162.84328587696254,62.58410065440959
4901,2013-06-02,2013-06-02 23:00:00,218.41248607341825,24.7073741914184
4902,2013-06-03,2013-06-03 23:00:00,234.22565292122894,39.889825487028595
4903,2013-06-04,2013-06-04 23:00:00,310.4327802809817,86.31474314900058
4904,2013-06-05,2013-06-05 23:00:00,268.62352349078554,20.676963093642286
4905,2013-06-06,2013-06-06 23:00:00,264.65100458642024,36.845839662737966
4906,2013-06-07,2013-06-07 23:00:00,267.39419513334934,61.595477890079
4907,2013-06-08,2013-06-08 23:00:00,250.8689631646655,35.96663107084689
4908,2013-06-09,2013-06-09 23:00:00,262.2550801111481,1.510075597716254
4909,2013-06-10,2013-06-10 23:00:00,279.02779032740426,59.681208035881475
4910,2013-06-11,2013-06-11 23:00:00,266.3155130277988,7.115211539124329
4911,2013-06-12,2013-06-12 23:00:00,308.636259426195,30.735852764714284
4912,2013-06-13,2013-06-13 23:00:00,321.13196338106883,27.48739877932287
4913,2013-06-14,2013-06-14 23:00:00,277.35825563113025,51.76424330458308
4914,2013-06-15,2013-06-15 23:00:00,282.1659980507714,54.627816527367614
4915,2013-06-16,2013-06-16 23:00:00,272.45654614742733,20.72524736443177
4916,2013-06-17,2013-06-17 23:00:00,259.30005295132787,35.81482014593607
4917,2013-06-18,2013-06-18 23:00:00,275.19785479449934,80.50654768416551
4918,2013-06-19,2013-06-19 23:00:00,247.74239696134438,56.731564195137715
4919,2013-06-20,2013-06-20 23:00:00,279.634634017092,82.52914265851491
4920,2013-06-21,2013-06-21 23:00:00,296.74722073401,50.62245742581917
4921,2013-06-22,2013-06-22 23:00:00,294.60209055525326,41.012607733699554
4922,2013-06-23,2013-06-23 23:00:00,310.7872440304462,33.316328597443636
4923,2013-06-24,2013-06-24 23:00:00,356.91068386220644,48.76391048414964
4924,2013-06-25,2013-06-25 23:00:00,401.0653130556645,18.32546618703999
4925,2013-06-26,2013-06-26 23:00:00,387.4713505235605,20.998746819327092
4926,2013-06-27,2013-06-27 23:00:00,371.5885803134156,21.460500528423626
4927,2013-06-28,2013-06-28 23:00:00,367.94019930178405,40.57029494619076
4928,2013-06-29,2013-06-29 23:00:00,328.84330895280806,44.714162690175634
4929,2013-06-30,2013-06-30 23:00:00,247.0647547850839,74.14879076124586
4930,2013-07-01,2013-07-01 23:00:00,297.166429849418,31.863893093226476
4931,2013-07-02,2013-07-02 23:00:00,346.9167985375602,28.469216083731858
4932,2013-07-03,2013-07-03 23:00:00,364.2380758734734,3.264685115784987
4933,2013-07-04,2013-07-04 23:00:00,363.484597615519,38.86694554841512
4934,2013-07-05,2013-07-05 23:00:00,389.27015591264734,26.508071268123103
4935,2013-07-06,2013-07-06 23:00:00,438.33567958611906,41.803816296734226
4936,2013-07-07,2013-07-07 23:00:00,502.21324652888734,98.81410292752115
4937,2013-07-08,2013-07-08 23:00:00,623.2950720743721,35.36274266758107
4938,2013-07-09,2013-07-09 23:00:00,688.0520699610289,64.47225945568627
4939,2013-07-10,2013-07-10 23:00:00,664.8157175698761,59.66338283087715
4940,2013-07-11,2013-07-11 23:00:00,669.3656018674723,103.18448331983079
4941,2013-07-12,2013-07-12 23:00:00,586.4530061999703,49.540539970935825
4942,2013-07-13,2013-07-13 23:00:00,409.2172176337792,36.94469385630827
4943,2013-07-14,2013-07-14 23:00:00,404.5804573465475,30.64516145487605
4944,2013-07-15,2013-07-15 23:00:00,455.5132258872739,58.0174321447497
4945,2013-07-16,2013-07-16 23:00:00,394.88296875108136,23.23657266499705
4946,2013-07-17,2013-07-17 23:00:00,389.52763742004504,27.82839416342181
4947,2013-07-18,2013-07-18 23:00:00,447.7365359435004,80.70305713501119
4948,2013-07-19,2013-07-19 23:00:00,400.35776129826536,33.989407944871196
4949,2013-07-20,2013-07-20 23:00:00,374.7786647193008,55.18759022268013
4950,2013-07-21,2013-07-21 23:00:00,376.10183423110544,52.14982118791928
4951,2013-07-22,2013-07-22 23:00:00,453.21543066884396,81.7052356592356
4952,2013-07-23,2013-07-23 23:00:00,442.32836761551386,62.66045430580168
4953,2013-07-24,2013-07-24 23:00:00,492.5892841767409,62.78354956958923
4954,2013-07-25,2013-07-25 23:00:00,500.70320075986075,62.932859343339615
4955,2013-07-26,2013-07-26 23:00:00,480.06991092707443,53.2804535217962
4956,2013-07-27,2013-07-27 23:00:00,567.0828742767585,132.87300117749103
4957,2013-07-28,2013-07-28 23:00:00,619.2370991751706,134.67237877715075
4958,2013-07-29,2013-07-29 23:00:00,489.58795699095816,110.28092922022532
4959,2013-07-30,2013-07-30 23:00:00,457.1711957296039,89.96195412782205
4960,2013-07-31,2013-07-31 23:00:00,441.99888430015835,62.77151915942986
4961,2013-08-01,2013-08-01 23:00:00,462.8426668051014,37.966603269451404
4962,2013-08-02,2013-08-02 23:00:00,402.5071421504829,24.086792049944364
4963,2013-08-03,2013-08-03 23:00:00,380.884859641734,19.593183876552136
4964,2013-08-04,2013-08-04 23:00:00,350.8603923920003,17.511361705843296
4965,2013-08-05,2013-08-05 23:00:00,333.02263592616373,15.72446370523108
4966,2013-08-06,2013-08-06 23:00:00,309.8809390398062,6.151935365016568
4967,2013-08-07,2013-08-07 23:00:00,311.21756733214056,22.689769078506853
4968,2013-08-08,2013-08-08 23:00:00,380.637099760916,18.685704817440993
4969,2013-08-09,2013-08-09 23:00:00,381.114882278258,64.73412409889147
4970,2013-08-10,2013-08-10 23:00:00,382.53150133921986,17.249600533406248
4971,2013-08-11,2013-08-11 23:00:00,357.2096466220775,27.37923467325935
4972,2013-08-12,2013-08-12 23:00:00,329.6562918972547,77.09627028254135
4973,2013-08-13,2013-08-13 23:00:00,285.34422722416247,93.88823419122112
4974,2013-08-14,2013-08-14 23:00:00,281.88162123702614,86.73183970712515
4975,2013-08-15,2013-08-15 23:00:00,271.91258381653705,75.47359430351098
4976,2013-08-16,2013-08-16 23:00:00,318.3005920242237,48.35370135732975
4977,2013-08-17,2013-08-17 23:00:00,329.43505213885317,29.254972939440293
4978,2013-08-18,2013-08-18 23:00:00,277.6467238645414,18.317684400952007
4979,2013-08-19,2013-08-19 23:00:00,273.7446108201197,21.31645527384864
4980,2013-08-20,2013-08-20 23:00:00,279.36673890946594,27.414068533349006
4981,2013-08-21,2013-08-21 23:00:00,243.96603389521775,28.496038856407335
4982,2013-08-22,2013-08-22 23:00:00,248.97518635933866,95.09780105985978
4983,2013-08-23,2013-08-23 23:00:00,277.4586922624711,87.81297136656325
4984,2013-08-24,2013-08-24 23:00:00,265.7768994578026,88.05533177668052
4985,2013-08-25,2013-08-25 23:00:00,235.19730858058355,60.43869017597871
4986,2013-08-26,2013-08-26 23:00:00,261.22042164312916,61.14401773240889
4987,2013-08-27,2013-08-27 23:00:00,215.06585238290532,6.971105023217748
4988,2013-08-28,2013-08-28 23:00:00,211.0918421332715,34.27616649334068
4989,2013-08-29,2013-08-29 23:00:00,188.48503664711646,53.73898230516362
4990,2013-08-30,2013-08-30 23:00:00,270.7044202480419,129.9410655265794
4991,2013-08-31,2013-08-31 23:00:00,297.865232103457,97.95386265015
4992,2013-09-01,2013-09-01 23:00:00,279.9245114753949,9.427141362352264
4993,2013-09-02,2013-09-02 23:00:00,322.3328491135094,47.2810668315054
4994,2013-09-03,2013-09-03 23:00:00,295.7691034656388,20.079453157968402
4995,2013-09-04,2013-09-04 23:00:00,289.42896062294955,57.36417661766368
4996,2013-09-05,2013-09-05 23:00:00,279.3388131923164,59.0716972420408
4997,2013-09-06,2013-09-06 23:00:00,267.68059095998984,58.5923958657595
4998,2013-09-07,2013-09-07 23:00:00,241.63911222638694,21.990561493542717
4999,2013-09-08,2013-09-08 23:00:00,209.30399379959564,83.21711614175243
5000,2013-09-09,2013-09-09 23:00:00,271.32482854330846,58.5595261275257
5001,2013-09-10,2013-09-10 23:00:00,288.70633788980155,32.97853622079148
5002,2013-09-11,2013-09-11 23:00:00,301.4569449203589,23.802423297384482
5003,2013-09-12,2013-09-12 23:00:00,290.7539449883483,56.28333083640997
5004,2013-09-13,2013-09-13 23:00:00,316.4364308072791,32.14976046314722
5005,2013-09-14,2013-09-14 23:00:00,306.22731980414505,54.312324785583336
5006,2013-09-15,2013-09-15 23:00:00,278.84704657732846,9.282012608033854
5007,2013-09-16,2013-09-16 23:00:00,293.90561464069253,106.57052335617034
5008,2013-09-17,2013-09-17 23:00:00,313.325950137748,30.592576359900928
5009,2013-09-18,2013-09-18 23:00:00,321.3193386189561,15.128727534161477
5010,2013-09-19,2013-09-19 23:00:00,310.12597688952354,20.47741039382647
5011,2013-09-20,2013-09-20 23:00:00,273.34684717487676,32.31891769626895
5012,2013-09-21,2013-09-21 23:00:00,239.70274052733475,35.70009274308707
5013,2013-09-22,2013-09-22 23:00:00,237.5026755186149,21.69097271259482
5014,2013-09-23,2013-09-23 23:00:00,277.82733678043724,32.26671921768069
5015,2013-09-24,2013-09-24 23:00:00,336.1140624972577,34.34859772435597
5016,2013-09-25,2013-09-25 23:00:00,327.6027992521673,24.839636784028425
5017,2013-09-26,2013-09-26 23:00:00,318.5851814177935,25.453413985923042
5018,2013-09-27,2013-09-27 23:00:00,306.1926888718311,7.374862895115555
5019,2013-09-28,2013-09-28 23:00:00,306.6727609673196,3.523755440081689
5020,2013-09-29,2013-09-29 23:00:00,303.1288521688361,27.21113675371603
5021,2013-09-30,2013-09-30 23:00:00,298.32552945158596,12.817462447042072
5022,2013-10-01,2013-10-01 23:00:00,297.77148429906964,16.618989901828087
5023,2013-10-02,2013-10-02 23:00:00,300.36986434879833,15.988323932955499
5024,2013-10-03,2013-10-03 23:00:00,344.4168830739706,39.6930708033034
5025,2013-10-04,2013-10-04 23:00:00,315.36156417546755,2.6350627600891685
5026,2013-10-05,2013-10-05 23:00:00,310.1580742980357,22.434877861933877
5027,2013-10-06,2013-10-06 23:00:00,247.7000335448273,73.12549876269645
5028,2013-10-07,2013-10-07 23:00:00,347.3710740822591,40.59688312204237
5029,2013-10-08,2013-10-08 23:00:00,341.608915148654,13.601048364686203
5030,2013-10-09,2013-10-09 23:00:00,356.04403006617486,65.88908199476283
5031,2013-10-10,2013-10-10 23:00:00,330.4045945264471,14.429790146770236
5032,2013-10-11,2013-10-11 23:00:00,330.1833791273759,11.880491686922694
5033,2013-10-12,2013-10-12 23:00:00,344.9607345171014,41.28068026365342
5034,2013-10-13,2013-10-13 23:00:00,349.66513168952906,37.13500524549228
5035,2013-10-14,2013-10-14 23:00:00,364.1326147549599,16.891322186691834
5036,2013-10-15,2013-10-15 23:00:00,356.77635563091894,37.17375861248569
5037,2013-10-16,2013-10-16 23:00:00,392.5759171565035,26.629193494517924
5038,2013-10-17,2013-10-17 23:00:00,384.7805215312305,24.30943253907344
5039,2013-10-18,2013-10-18 23:00:00,376.4040791614844,29.443228767025477
5040,2013-10-19,2013-10-19 23:00:00,373.0414087823969,38.13164283732785
5041,2013-10-20,2013-10-20 23:00:00,407.4262008844684,24.862238667613003
5042,2013-10-21,2013-10-21 23:00:00,405.107755395478,83.49760648248306
5043,2013-10-22,2013-10-22 23:00:00,522.9301735799546,111.87082224285204
5044,2013-10-23,2013-10-23 23:00:00,531.8732383798438,100.87062582562535
5045,2013-10-24,2013-10-24 23:00:00,534.6336440531323,40.24671981542937
5046,2013-10-25,2013-10-25 23:00:00,543.5826587566254,34.03958572050061
5047,2013-10-26,2013-10-26 23:00:00,557.2318283848916,103.28303160339819
5048,2013-10-27,2013-10-27 23:00:00,525.3005647527806,67.70514978036582
5049,2013-10-28,2013-10-28 23:00:00,588.7813098972888,190.62318622882086
5050,2013-10-29,2013-10-29 23:00:00,624.6628187392872,126.52422746651047
5051,2013-10-30,2013-10-30 23:00:00,774.1175397497144,61.17071885406068
5052,2013-10-31,2013-10-31 23:00:00,771.9448433683239,183.19818848067504
5053,2013-11-01,2013-11-01 23:00:00,849.7777666601652,52.949437028405434
5054,2013-11-02,2013-11-02 23:00:00,708.416024592676,176.63058391925784
5055,2013-11-03,2013-11-03 23:00:00,561.6315163670118,188.21061245673272
5056,2013-11-04,2013-11-04 23:00:00,797.9761019310328,153.24457558763314
5057,2013-11-05,2013-11-05 23:00:00,669.9434170419019,208.13105762834263
5058,2013-11-06,2013-11-06 23:00:00,594.6289572760081,182.32742046477358
5059,2013-11-07,2013-11-07 23:00:00,464.02578172290754,77.78400491725178
5060,2013-11-08,2013-11-08 23:00:00,385.9934705142564,20.608632832054326
5061,2013-11-09,2013-11-09 23:00:00,341.9070408823552,25.4235201586956
5062,2013-11-10,2013-11-10 23:00:00,316.50679080255895,47.99710205762927
5063,2013-11-11,2013-11-11 23:00:00,360.54248420692676,17.524301881510777
5064,2013-11-12,2013-11-12 23:00:00,388.33194232097276,42.074617659945616
5065,2013-11-13,2013-11-13 23:00:00,371.8868014788713,27.5564933588807
5066,2013-11-14,2013-11-14 23:00:00,342.1537685290779,43.100192228879706
5067,2013-11-15,2013-11-15 23:00:00,330.32172652962646,15.142394659269595
5068,2013-11-16,2013-11-16 23:00:00,313.5745265799118,8.749916990850666
5069,2013-11-17,2013-11-17 23:00:00,338.65291155729614,47.32999264467576
5070,2013-11-18,2013-11-18 23:00:00,338.63631616175627,25.94229458649551
5071,2013-11-19,2013-11-19 23:00:00,355.09961558728446,26.340182956756202
5072,2013-11-20,2013-11-20 23:00:00,351.22203033477837,19.57001917680842
5073,2013-11-21,2013-11-21 23:00:00,361.5765094114838,13.170604762388122
5074,2013-11-22,2013-11-22 23:00:00,352.7271006478173,21.476549011764323
5075,2013-11-23,2013-11-23 23:00:00,336.8918793346082,6.015230212418316
5076,2013-11-24,2013-11-24 23:00:00,342.49477257628513,8.192760974599103
5077,2013-11-25,2013-11-25 23:00:00,345.2496351874144,10.438177676106921
5078,2013-11-26,2013-11-26 23:00:00,348.36925623753973,19.606617756757768
5079,2013-11-27,2013-11-27 23:00:00,310.37884498469856,97.14531583959264
5080,2013-11-28,2013-11-28 23:00:00,354.9811771533423,39.62895215109371
5081,2013-11-29,2013-11-29 23:00:00,357.72214962727907,46.61587270355734
5082,2013-11-30,2013-11-30 23:00:00,466.34802871741925,111.0775327587596
5083,2013-12-01,2013-12-01 23:00:00,370.85953787380623,68.87475830130825
5084,2013-12-02,2013-12-02 23:00:00,419.988729685635,29.31844322609812
5085,2013-12-03,2013-12-03 23:00:00,346.8168990270451,58.02320398612416
5086,2013-12-04,2013-12-04 23:00:00,339.90216674551294,23.591560179536398
5087,2013-12-05,2013-12-05 23:00:00,307.9308141830017,49.28840734954339
5088,2013-12-06,2013-12-06 23:00:00,321.94001597910517,30.77392901066817
5089,2013-12-07,2013-12-07 23:00:00,360.9175420144497,24.150120954548203
5090,2013-12-08,2013-12-08 23:00:00,349.92308368156387,77.42036844335128
5091,2013-12-09,2013-12-09 23:00:00,382.5746151595028,40.59355199717783
5092,2013-12-10,2013-12-10 23:00:00,367.59609238093526,32.56392295420261
5093,2013-12-11,2013-12-11 23:00:00,359.2718189841956,31.564806985164818
5094,2013-12-12,2013-12-12 23:00:00,341.31843834637704,36.66972385359239
5095,2013-12-13,2013-12-13 23:00:00,311.6740797953679,30.74153047927018
5096,2013-12-14,2013-12-14 23:00:00,348.8526575653382,16.508993374694388
5097,2013-12-15,2013-12-15 23:00:00,360.34992652339247,32.01509256802235
5098,2013-12-16,2013-12-16 23:00:00,363.16002357225653,20.273572819752584
5099,2013-12-17,2013-12-17 23:00:00,377.38211435950643,16.543497364718228
5100,2013-12-18,2013-12-18 23:00:00,389.3226477937913,17.551639228976796
5101,2013-12-19,2013-12-19 23:00:00,349.1561779389772,24.264272051378054
5102,2013-12-20,2013-12-20 23:00:00,332.40259121458,8.088774995905188
5103,2013-12-21,2013-12-21 23:00:00,331.44126079371944,6.092227286582314
5104,2013-12-22,2013-12-22 23:00:00,336.1566363566451,4.534078727240239
5105,2013-12-23,2013-12-23 23:00:00,321.3115942631634,10.78697651612302
5106,2013-12-24,2013-12-24 23:00:00,308.4056242405329,4.734529494763168
5107,2013-12-25,2013-12-25 23:00:00,209.33710922901244,32.763159279885244
5108,2013-12-26,2013-12-26 23:00:00,223.75723691225016,56.49237326023
5109,2013-12-27,2013-12-27 23:00:00,207.6043804747898,6.986711755121873
5110,2013-12-28,2013-12-28 23:00:00,220.17757956080501,37.87816427813727
5111,2013-12-29,2013-12-29 23:00:00,305.5145933536621,67.44908128668091
5112,2013-12-30,2013-12-30 23:00:00,333.7653616708479,58.63556459395832
5113,2013-12-31,2013-12-31 23:00:00,353.2125875450128,5.705916759039195
5114,2014-01-01,2014-01-01 23:00:00,297.6934976293082,42.04984849350099
5115,2014-01-02,2014-01-02 23:00:00,298.6126730361028,58.31635987539689
5116,2014-01-03,2014-01-03 23:00:00,331.32652394575706,32.47284004572334
5117,2014-01-04,2014-01-04 23:00:00,317.050163767698,5.912245952248822
5118,2014-01-05,2014-01-05 23:00:00,341.1548640284418,24.02389641169296
5119,2014-01-06,2014-01-06 23:00:00,374.30593584375737,6.468067506203537
5120,2014-01-07,2014-01-07 23:00:00,343.76909762161995,24.837262262457468
5121,2014-01-08,2014-01-08 23:00:00,329.89968007840463,42.74826478896968
5122,2014-01-09,2014-01-09 23:00:00,323.2593560163918,22.453543523788337
5123,2014-01-10,2014-01-10 23:00:00,322.4395822834344,31.291062919499343
5124,2014-01-11,2014-01-11 23:00:00,279.40915375618334,68.91964268393396
5125,2014-01-12,2014-01-12 23:00:00,225.08944771188712,49.97903264478057
5126,2014-01-13,2014-01-13 23:00:00,314.3576714610779,49.38074578716241
5127,2014-01-14,2014-01-14 23:00:00,301.4695440854203,8.515313185467571
5128,2014-01-15,2014-01-15 23:00:00,300.705608767083,3.7868348819805195
5129,2014-01-16,2014-01-16 23:00:00,298.37621161157034,18.7978371378493
5130,2014-01-17,2014-01-17 23:00:00,307.6371893970727,9.206735866022795
5131,2014-01-18,2014-01-18 23:00:00,320.7897860157464,4.522449252267216
5132,2014-01-19,2014-01-19 23:00:00,319.30463265236773,7.796580188303542
5133,2014-01-20,2014-01-20 23:00:00,334.4695555846167,21.851858965989088
5134,2014-01-21,2014-01-21 23:00:00,316.51477171317566,8.283438915841494
5135,2014-01-22,2014-01-22 23:00:00,319.2056924253966,12.929805826119392
5136,2014-01-23,2014-01-23 23:00:00,326.18752729416263,19.30104823000192
5137,2014-01-24,2014-01-24 23:00:00,320.46482376363457,14.341068786775525
5138,2014-01-25,2014-01-25 23:00:00,312.440536954641,11.811847728830042
5139,2014-01-26,2014-01-26 23:00:00,337.61131322886774,16.861161720874684
5140,2014-01-27,2014-01-27 23:00:00,334.40129823042554,30.56848389073815
5141,2014-01-28,2014-01-28 23:00:00,340.4736547642215,11.711802643617336
5142,2014-01-29,2014-01-29 23:00:00,359.6015703220882,48.23145234278161
5143,2014-01-30,2014-01-30 23:00:00,352.1719681460972,18.123151353782077
5144,2014-01-31,2014-01-31 23:00:00,380.55735048070227,15.379233622399173
5145,2014-02-01,2014-02-01 23:00:00,358.05255433803603,2.520563145694541
5146,2014-02-02,2014-02-02 23:00:00,382.45717398080114,6.889013863633385
5147,2014-02-03,2014-02-03 23:00:00,383.67386742200733,11.974832079399745
5148,2014-02-04,2014-02-04 23:00:00,388.11434856409124,29.592667902495442
5149,2014-02-05,2014-02-05 23:00:00,421.72057538091417,59.56045958025863
5150,2014-02-06,2014-02-06 23:00:00,416.7590529385241,31.04454372933697
5151,2014-02-07,2014-02-07 23:00:00,405.41617350100427,19.250469851360958
5152,2014-02-08,2014-02-08 23:00:00,402.3008314002183,15.038727893779521
5153,2014-02-09,2014-02-09 23:00:00,380.6713704180199,7.528207366586521
5154,2014-02-10,2014-02-10 23:00:00,380.3647713533408,22.685624033028393
5155,2014-02-11,2014-02-11 23:00:00,424.4944281485762,66.72726881743627
5156,2014-02-12,2014-02-12 23:00:00,377.34915228553547,27.12188850008856
5157,2014-02-13,2014-02-13 23:00:00,370.8373056864222,23.231116114882802
5158,2014-02-14,2014-02-14 23:00:00,374.5164213591523,15.49584542659224
5159,2014-02-15,2014-02-15 23:00:00,403.4337283852683,35.22702926695268
5160,2014-02-16,2014-02-16 23:00:00,397.75204754199905,31.6114598199067
5161,2014-02-17,2014-02-17 23:00:00,386.91767216832415,38.160066882470275
5162,2014-02-18,2014-02-18 23:00:00,378.4045197712185,34.34584152201575
5163,2014-02-19,2014-02-19 23:00:00,368.4234839374005,21.329794797288077
5164,2014-02-20,2014-02-20 23:00:00,380.7314581060473,27.229663569980207
5165,2014-02-21,2014-02-21 23:00:00,343.0891582643597,23.874829135343557
5166,2014-02-22,2014-02-22 23:00:00,364.0042227242964,43.93061331450051
5167,2014-02-23,2014-02-23 23:00:00,336.4326566122743,2.400785953675542
5168,2014-02-24,2014-02-24 23:00:00,330.94828189850165,34.08319224222493
5169,2014-02-25,2014-02-25 23:00:00,334.7076352200067,9.24002311777494
5170,2014-02-26,2014-02-26 23:00:00,354.0919539481417,52.12089126558737
5171,2014-02-27,2014-02-27 23:00:00,334.38549171001466,27.968138671551188
5172,2014-02-28,2014-02-28 23:00:00,312.99469345550943,7.98293107593809
5173,2014-03-01,2014-03-01 23:00:00,296.55461823905836,20.708771092318383
5174,2014-03-02,2014-03-02 23:00:00,287.4763370786646,13.518959644286285
5175,2014-03-03,2014-03-03 23:00:00,330.417070628599,54.85105664316065
5176,2014-03-04,2014-03-04 23:00:00,324.3537462264146,46.76218876366551
5177,2014-03-05,2014-03-05 23:00:00,317.21016189428076,56.318899085981336
5178,2014-03-06,2014-03-06 23:00:00,307.7641888717745,57.91789397555019
5179,2014-03-07,2014-03-07 23:00:00,288.5734778801619,24.948361656840532
5180,2014-03-08,2014-03-08 23:00:00,283.6916390576678,4.754187180693063
5181,2014-03-09,2014-03-09 23:00:00,267.88712497937706,12.882352235861909
5182,2014-03-10,2014-03-10 23:00:00,269.31414780069434,37.3007129706134
5183,2014-03-11,2014-03-11 23:00:00,321.6226330483467,92.36601390103864
5184,2014-03-12,2014-03-12 23:00:00,302.97359281498444,83.81552093387035
5185,2014-03-13,2014-03-13 23:00:00,286.9234157160238,37.99805268565389
5186,2014-03-14,2014-03-14 23:00:00,282.8040891713248,36.143877562044125
5187,2014-03-15,2014-03-15 23:00:00,295.7552593216414,11.860889014134928
5188,2014-03-16,2014-03-16 23:00:00,254.69770946194726,30.604675100340053
5189,2014-03-17,2014-03-17 23:00:00,293.45843469893015,38.30082536807452
5190,2014-03-18,2014-03-18 23:00:00,275.9562047491138,43.65608342148718
5191,2014-03-19,2014-03-19 23:00:00,280.690077767528,52.51272032461701
5192,2014-03-20,2014-03-20 23:00:00,268.67991028681473,67.31267455029717
5193,2014-03-21,2014-03-21 23:00:00,316.7037556076916,128.37306855242622
5194,2014-03-22,2014-03-22 23:00:00,338.2708663265026,115.34621765207886
5195,2014-03-23,2014-03-23 23:00:00,356.1224277081419,49.13954548730155
5196,2014-03-24,2014-03-24 23:00:00,329.3159777171746,30.991831735696454
5197,2014-03-25,2014-03-25 23:00:00,327.96694121243394,93.94085320681134
5198,2014-03-26,2014-03-26 23:00:00,352.3634713612684,111.70014554484699
5199,2014-03-27,2014-03-27 23:00:00,308.3915912876646,24.577455399865514
5200,2014-03-28,2014-03-28 23:00:00,312.4036614085128,34.18737285265877
5201,2014-03-29,2014-03-29 23:00:00,275.3002173907359,28.66315399399874
5202,2014-03-30,2014-03-30 23:00:00,277.44174792513064,106.97995361673503
5203,2014-03-31,2014-03-31 23:00:00,283.9707957134737,63.44725218906297
5204,2014-04-01,2014-04-01 23:00:00,298.3324030260723,59.21437814899091
5205,2014-04-02,2014-04-02 23:00:00,362.7524586863249,49.84876566293629
5206,2014-04-03,2014-04-03 23:00:00,427.61651414591256,127.95687758513843
5207,2014-04-04,2014-04-04 23:00:00,564.8493211546382,110.60613178059491
5208,2014-04-05,2014-04-05 23:00:00,477.21850441786245,71.48015421160973
5209,2014-04-06,2014-04-06 23:00:00,430.26064518892935,82.06494238354688
5210,2014-04-07,2014-04-07 23:00:00,629.6972023522954,52.569934931184676
5211,2014-04-08,2014-04-08 23:00:00,629.8574029967388,26.893931093235484
5212,2014-04-09,2014-04-09 23:00:00,661.0918104837175,51.79646624605726
5213,2014-04-10,2014-04-10 23:00:00,718.0994710879731,86.87642447185004
5214,2014-04-11,2014-04-11 23:00:00,661.1226302119911,43.268074052961786
5215,2014-04-12,2014-04-12 23:00:00,638.8544968178217,15.238978836127249
5216,2014-04-13,2014-04-13 23:00:00,663.7817065497962,17.348255564786978
5217,2014-04-14,2014-04-14 23:00:00,703.2486387339144,34.04535592643463
5218,2014-04-15,2014-04-15 23:00:00,793.011067677684,36.71268597129178
5219,2014-04-16,2014-04-16 23:00:00,841.347940063734,10.685244746048006
5220,2014-04-17,2014-04-17 23:00:00,908.2593098098661,18.68320916972888
5221,2014-04-18,2014-04-18 23:00:00,890.951557975813,20.674463266105487
5222,2014-04-19,2014-04-19 23:00:00,843.2188497905423,36.55578010637239
5223,2014-04-20,2014-04-20 23:00:00,849.9732268443237,50.920664521566316
5224,2014-04-21,2014-04-21 23:00:00,923.389924935583,7.772122465530553
5225,2014-04-22,2014-04-22 23:00:00,927.2531847938084,5.152941680763519
5226,2014-04-23,2014-04-23 23:00:00,897.8317970800599,111.57966307821361
5227,2014-04-24,2014-04-24 23:00:00,932.0213203088838,18.889848907296642
5228,2014-04-25,2014-04-25 23:00:00,946.6835243281481,0.4413549936651717
5229,2014-04-26,2014-04-26 23:00:00,938.8449610282382,15.386209782561954
5230,2014-04-27,2014-04-27 23:00:00,908.2177456798498,19.215605567442054
5231,2014-04-28,2014-04-28 23:00:00,881.6909577843627,66.14485040851282
5232,2014-04-29,2014-04-29 23:00:00,904.4021387754432,56.49009662822307
5233,2014-04-30,2014-04-30 23:00:00,911.8266488775022,72.42990578713736
5234,2014-05-01,2014-05-01 23:00:00,806.8401823830609,161.36641300985704
5235,2014-05-02,2014-05-02 23:00:00,880.6250829096294,51.25399649482676
5236,2014-05-03,2014-05-03 23:00:00,831.72305226957,151.73162666915778
5237,2014-05-04,2014-05-04 23:00:00,843.2271988496667,43.786435402909575
5238,2014-05-05,2014-05-05 23:00:00,765.8691395423879,236.14036683095915
5239,2014-05-06,2014-05-06 23:00:00,848.4697886817639,71.59462046607243
5240,2014-05-07,2014-05-07 23:00:00,805.4725314338924,93.316728391239
5241,2014-05-08,2014-05-08 23:00:00,825.3802399698822,104.4762402129786
5242,2014-05-09,2014-05-09 23:00:00,837.6706373035191,133.36269886742303
5243,2014-05-10,2014-05-10 23:00:00,893.0812671455191,23.12703076955763
5244,2014-05-11,2014-05-11 23:00:00,700.1466325851156,134.74367320638498
5245,2014-05-12,2014-05-12 23:00:00,802.4967813073795,125.9268705801318
5246,2014-05-13,2014-05-13 23:00:00,642.1640448339562,168.61049482461289
5247,2014-05-14,2014-05-14 23:00:00,608.6187953686821,207.69793061023208
5248,2014-05-15,2014-05-15 23:00:00,565.0974332542647,134.29570337523447
5249,2014-05-16,2014-05-16 23:00:00,668.0198925680694,147.50309474932752
5250,2014-05-17,2014-05-17 23:00:00,546.081988062053,29.29916245880347
5251,2014-05-18,2014-05-18 23:00:00,507.86917443276815,31.891721997186735
5252,2014-05-19,2014-05-19 23:00:00,649.4842486201734,90.56787188949542
5253,2014-05-20,2014-05-20 23:00:00,640.1126962942436,87.84548245467553
5254,2014-05-21,2014-05-21 23:00:00,694.2393015121237,55.01135822546621
5255,2014-05-22,2014-05-22 23:00:00,726.4667813620584,21.379330505826058
5256,2014-05-23,2014-05-23 23:00:00,737.5705590821854,26.637727741483644
5257,2014-05-24,2014-05-24 23:00:00,738.3288458589383,22.55301181578113
5258,2014-05-25,2014-05-25 23:00:00,749.9629750891127,33.37340688211645
5259,2014-05-26,2014-05-26 23:00:00,759.7658179801139,14.376803080898577
5260,2014-05-27,2014-05-27 23:00:00,754.3308643189511,91.45119732342164
5261,2014-05-28,2014-05-28 23:00:00,793.2174825605942,24.23582464911762
5262,2014-05-29,2014-05-29 23:00:00,874.188692283304,43.29019958608602
5263,2014-05-30,2014-05-30 23:00:00,910.2957968185628,8.530816467484534
5264,2014-05-31,2014-05-31 23:00:00,890.4056969311837,40.19815399757999
5265,2014-06-01,2014-06-01 23:00:00,828.5682931964726,143.0163145866379
5266,2014-06-02,2014-06-02 23:00:00,729.6228263565812,153.96276211805863
5267,2014-06-03,2014-06-03 23:00:00,820.8814041680621,162.30148109176798
5268,2014-06-04,2014-06-04 23:00:00,859.2578028359557,118.15123457799284
5269,2014-06-05,2014-06-05 23:00:00,858.9049308565214,142.23909859999745
5270,2014-06-06,2014-06-06 23:00:00,930.0844050508562,2.2927055789821607
5271,2014-06-07,2014-06-07 23:00:00,929.8458634617133,1.22037195974111
5272,2014-06-08,2014-06-08 23:00:00,917.0744433593245,10.09993572110404
5273,2014-06-09,2014-06-09 23:00:00,757.2048413607945,224.18098821585534
5274,2014-06-10,2014-06-10 23:00:00,716.5159010407314,209.0726786727012
5275,2014-06-11,2014-06-11 23:00:00,839.0018078470001,101.16690731086706
5276,2014-06-12,2014-06-12 23:00:00,818.169564495974,120.5583615063834
5277,2014-06-13,2014-06-13 23:00:00,780.1370087927961,156.36636139945574
5278,2014-06-14,2014-06-14 23:00:00,767.7909941915638,126.87361177528197
5279,2014-06-15,2014-06-15 23:00:00,596.8775672551714,165.77946112380275
5280,2014-06-16,2014-06-16 23:00:00,645.2832945674767,216.53079690665277
5281,2014-06-17,2014-06-17 23:00:00,577.4037942075179,188.23926335387281
5282,2014-06-18,2014-06-18 23:00:00,659.7219110987791,207.3524176316556
5283,2014-06-19,2014-06-19 23:00:00,711.3495879295918,242.3212313277832
5284,2014-06-20,2014-06-20 23:00:00,729.6104294800592,205.4500476127179
5285,2014-06-21,2014-06-21 23:00:00,634.2512768027076,200.7447010645664
5286,2014-06-22,2014-06-22 23:00:00,432.15423100010963,155.86241440020575
5287,2014-06-23,2014-06-23 23:00:00,443.06263382171636,103.82721496409991
5288,2014-06-24,2014-06-24 23:00:00,698.6059788961235,137.30081578624578
5289,2014-06-25,2014-06-25 23:00:00,599.5986325097874,173.05304288079984
5290,2014-06-26,2014-06-26 23:00:00,484.6506032277735,155.33213726378787
5291,2014-06-27,2014-06-27 23:00:00,245.95758479675362,54.88728326133031
5292,2014-06-28,2014-06-28 23:00:00,246.7019870914994,59.230396251405466
5293,2014-06-29,2014-06-29 23:00:00,243.44937299470303,98.32288534502571
5294,2014-06-30,2014-06-30 23:00:00,245.74784039170913,65.65705847126225
5295,2014-07-01,2014-07-01 23:00:00,370.12820007402934,83.62347969158726
5296,2014-07-02,2014-07-02 23:00:00,297.80139710972463,21.08695256383676
5297,2014-07-03,2014-07-03 23:00:00,374.5038664851855,109.49861268567152
5298,2014-07-04,2014-07-04 23:00:00,313.38934395810264,21.493593735282342
5299,2014-07-05,2014-07-05 23:00:00,287.4695957873815,4.608404099816884
5300,2014-07-06,2014-07-06 23:00:00,290.4637985504852,33.687246744096136
5301,2014-07-07,2014-07-07 23:00:00,387.67716006673,155.44886687852645
5302,2014-07-08,2014-07-08 23:00:00,530.7227701536566,182.17572223441886
5303,2014-07-09,2014-07-09 23:00:00,347.6142628444324,96.94058347613213
5304,2014-07-10,2014-07-10 23:00:00,306.17380127191353,20.34042723742774
5305,2014-07-11,2014-07-11 23:00:00,291.71504789529365,36.58693902639818
5306,2014-07-12,2014-07-12 23:00:00,306.60751310383097,134.2390888369315
5307,2014-07-13,2014-07-13 23:00:00,299.1012862695092,53.4208841115363
5308,2014-07-14,2014-07-14 23:00:00,280.1651249035918,45.983386318687366
5309,2014-07-15,2014-07-15 23:00:00,270.3978352653293,59.26222988234417
5310,2014-07-16,2014-07-16 23:00:00,246.67662047066077,96.5611934711501
5311,2014-07-17,2014-07-17 23:00:00,242.86459559826395,103.03659587595352
5312,2014-07-18,2014-07-18 23:00:00,252.22855652395106,100.66639614107011
5313,2014-07-19,2014-07-19 23:00:00,313.819938314489,161.71977400175106
5314,2014-07-20,2014-07-20 23:00:00,289.67740635189824,109.69992238423099
5315,2014-07-21,2014-07-21 23:00:00,305.8107576707397,148.8547187573507
5316,2014-07-22,2014-07-22 23:00:00,344.1508816495075,135.92035141231253
5317,2014-07-23,2014-07-23 23:00:00,367.4741063675574,50.41639895843275
5318,2014-07-24,2014-07-24 23:00:00,344.54345785204004,75.65180722473559
5319,2014-07-25,2014-07-25 23:00:00,353.0045088866503,49.17609847656898
5320,2014-07-26,2014-07-26 23:00:00,328.2301401991542,30.51678398437556
5321,2014-07-27,2014-07-27 23:00:00,316.16532997647437,78.11821565291591
5322,2014-07-28,2014-07-28 23:00:00,522.6422866618991,184.48572583225442
5323,2014-07-29,2014-07-29 23:00:00,632.6712433369172,188.94939750990036
5324,2014-07-30,2014-07-30 23:00:00,698.0926057429688,192.77493499304185
5325,2014-07-31,2014-07-31 23:00:00,724.1938708074425,190.22770397128306
5326,2014-08-01,2014-08-01 23:00:00,713.6457622772356,178.13016040551088
5327,2014-08-02,2014-08-02 23:00:00,667.9368879225548,138.3273206468491
5328,2014-08-03,2014-08-03 23:00:00,362.3982339124004,107.08903675463563
5329,2014-08-04,2014-08-04 23:00:00,556.065022495484,216.00898872254507
5330,2014-08-05,2014-08-05 23:00:00,562.2022290836913,153.61199926371756
5331,2014-08-06,2014-08-06 23:00:00,603.6688296404858,187.66645045545056
5332,2014-08-07,2014-08-07 23:00:00,504.7947127569735,148.27356808655313
5333,2014-08-08,2014-08-08 23:00:00,373.74113525258053,56.63497847308678
5334,2014-08-09,2014-08-09 23:00:00,312.5201724614226,6.92541218195698
5335,2014-08-10,2014-08-10 23:00:00,291.5042411056147,20.857760673100348
5336,2014-08-11,2014-08-11 23:00:00,348.1868223651945,116.57252522570352
5337,2014-08-12,2014-08-12 23:00:00,331.00768656435963,69.93008200447987
5338,2014-08-13,2014-08-13 23:00:00,295.96556280316787,31.22952865609289
5339,2014-08-14,2014-08-14 23:00:00,310.2317461193721,112.53139075966638
5340,2014-08-15,2014-08-15 23:00:00,357.6417251248259,89.61797191790116
5341,2014-08-16,2014-08-16 23:00:00,335.9261078442433,48.28520757500858
5342,2014-08-17,2014-08-17 23:00:00,287.51594416707275,57.44904136062536
5343,2014-08-18,2014-08-18 23:00:00,301.6098038822276,48.844384587644704
5344,2014-08-19,2014-08-19 23:00:00,382.0202748396607,44.4747892784005
5345,2014-08-20,2014-08-20 23:00:00,366.9736207489553,61.11702831374255
5346,2014-08-21,2014-08-21 23:00:00,366.62785375686025,62.91626592177352
5347,2014-08-22,2014-08-22 23:00:00,338.83442772827726,42.26361736494368
5348,2014-08-23,2014-08-23 23:00:00,311.02653910586577,21.965112846195108
5349,2014-08-24,2014-08-24 23:00:00,314.35449947480595,4.378204538882848
5350,2014-08-25,2014-08-25 23:00:00,331.5921320603407,12.177603518285032
5351,2014-08-26,2014-08-26 23:00:00,337.6105135858891,7.274756981037389
5352,2014-08-27,2014-08-27 23:00:00,518.8833652854112,123.68606678057041
5353,2014-08-28,2014-08-28 23:00:00,418.9084621886859,74.33450998874797
5354,2014-08-29,2014-08-29 23:00:00,348.7874476839779,33.70428980741753
5355,2014-08-30,2014-08-30 23:00:00,303.95346884449924,89.68941591983447
5356,2014-08-31,2014-08-31 23:00:00,298.6836750931518,74.978837406954
5357,2014-09-01,2014-09-01 23:00:00,367.4499393090794,83.01464306436145
5358,2014-09-02,2014-09-02 23:00:00,414.28059376015625,61.486240383229735
5359,2014-09-03,2014-09-03 23:00:00,541.7925706624416,114.4559912072153
5360,2014-09-04,2014-09-04 23:00:00,471.539908979176,78.40505902932466
5361,2014-09-05,2014-09-05 23:00:00,424.91636407543183,58.7153694638775
5362,2014-09-06,2014-09-06 23:00:00,351.2262733379734,23.210717999602295
5363,2014-09-07,2014-09-07 23:00:00,340.7386498563756,13.266947279315477
5364,2014-09-08,2014-09-08 23:00:00,356.9571941630368,31.88774552568718
5365,2014-09-09,2014-09-09 23:00:00,363.4573231331047,19.530703372137918
5366,2014-09-10,2014-09-10 23:00:00,381.7954117070555,97.6089161044132
5367,2014-09-11,2014-09-11 23:00:00,339.1013570794466,30.64017289888887
5368,2014-09-12,2014-09-12 23:00:00,324.8772267251634,20.967023629373553
5369,2014-09-13,2014-09-13 23:00:00,317.84374372483995,23.15309473014575
5370,2014-09-14,2014-09-14 23:00:00,292.3130614992376,27.364994786990238
5371,2014-09-15,2014-09-15 23:00:00,327.769679385163,33.809368116393244
5372,2014-09-16,2014-09-16 23:00:00,276.98225388896594,64.38310439144367
5373,2014-09-17,2014-09-17 23:00:00,300.93218051447207,17.92687464704181
5374,2014-09-18,2014-09-18 23:00:00,304.7527987446879,49.46363839927032
5375,2014-09-19,2014-09-19 23:00:00,280.809574946743,14.920536841088055
5376,2014-09-20,2014-09-20 23:00:00,271.4676752997826,11.496306178805554
5377,2014-09-21,2014-09-21 23:00:00,258.32282080768795,20.594634297778793
5378,2014-09-22,2014-09-22 23:00:00,269.4420684222556,24.303474324515957
5379,2014-09-23,2014-09-23 23:00:00,259.00620276671026,21.991165186337778
5380,2014-09-24,2014-09-24 23:00:00,278.04830992344955,24.786354781873367
5381,2014-09-25,2014-09-25 23:00:00,324.07103240375653,22.18163502488186
5382,2014-09-26,2014-09-26 23:00:00,376.580866154495,4.197512530663962
5383,2014-09-27,2014-09-27 23:00:00,392.59324309143307,37.06901241967915
5384,2014-09-28,2014-09-28 23:00:00,391.6722139460863,28.1213318154118
5385,2014-09-29,2014-09-29 23:00:00,379.7163093541132,64.49231192047495
5386,2014-09-30,2014-09-30 23:00:00,425.00925170329043,35.85467419100891
5387,2014-10-01,2014-10-01 23:00:00,440.71019062218284,29.402384765501854
5388,2014-10-02,2014-10-02 23:00:00,482.09336335101483,9.829710217562535
5389,2014-10-03,2014-10-03 23:00:00,521.9713329672886,20.05174270300024
5390,2014-10-04,2014-10-04 23:00:00,600.7647818476107,40.64513785262797
5391,2014-10-05,2014-10-05 23:00:00,576.2324764267722,33.919447893403245
5392,2014-10-06,2014-10-06 23:00:00,645.8744567743797,44.61102564318477
5393,2014-10-07,2014-10-07 23:00:00,569.7861154070291,200.2450113993126
5394,2014-10-08,2014-10-08 23:00:00,510.88603359580685,160.79252267180865
5395,2014-10-09,2014-10-09 23:00:00,366.8841733835805,201.34864338271623
5396,2014-10-10,2014-10-10 23:00:00,347.47107338637767,132.9520348268296
5397,2014-10-11,2014-10-11 23:00:00,311.60203884952324,158.95418633539492
5398,2014-10-12,2014-10-12 23:00:00,272.1681350569433,87.75071906825114
5399,2014-10-13,2014-10-13 23:00:00,357.75766359670496,69.60437646840073
5400,2014-10-14,2014-10-14 23:00:00,355.75471773327075,109.05038816807486
5401,2014-10-15,2014-10-15 23:00:00,330.7000070136657,78.03035532255383
5402,2014-10-16,2014-10-16 23:00:00,391.45368256875673,111.88679419278881
5403,2014-10-17,2014-10-17 23:00:00,412.34014928140596,72.20013810350933
5404,2014-10-18,2014-10-18 23:00:00,393.2423406084666,101.9933462309759
5405,2014-10-19,2014-10-19 23:00:00,365.2118495294517,20.434463351766524
5406,2014-10-20,2014-10-20 23:00:00,387.18548965615645,97.18351194985263
5407,2014-10-21,2014-10-21 23:00:00,356.1696096864696,55.397322239791066
5408,2014-10-22,2014-10-22 23:00:00,346.43961122607567,18.205610397981808
5409,2014-10-23,2014-10-23 23:00:00,348.8558899348245,28.488407978430587
5410,2014-10-24,2014-10-24 23:00:00,353.7989129126101,8.895289210619218
5411,2014-10-25,2014-10-25 23:00:00,342.4351126060433,11.59966112402098
5412,2014-10-26,2014-10-26 23:00:00,340.24219969991105,17.75299162163661
5413,2014-10-27,2014-10-27 23:00:00,347.851193002357,40.215700198052
5414,2014-10-28,2014-10-28 23:00:00,341.22780325691,47.36726780057659
5415,2014-10-29,2014-10-29 23:00:00,372.93253224305096,34.77572070575444
5416,2014-10-30,2014-10-30 23:00:00,391.99678591979114,33.10747344416068
5417,2014-10-31,2014-10-31 23:00:00,351.65788021643215,24.504910726081107
5418,2014-11-01,2014-11-01 23:00:00,380.4676122709616,24.19678897702222
5419,2014-11-02,2014-11-02 23:00:00,326.9446800631795,15.907083000107761
5420,2014-11-03,2014-11-03 23:00:00,339.7698649883502,24.627042088628365
5421,2014-11-04,2014-11-04 23:00:00,343.8024972562927,34.08904352175469
5422,2014-11-05,2014-11-05 23:00:00,357.87173680545965,19.233196569541334
5423,2014-11-06,2014-11-06 23:00:00,351.92902442189626,23.36555406915012
5424,2014-11-07,2014-11-07 23:00:00,353.66986351602503,22.216454792799528
5425,2014-11-08,2014-11-08 23:00:00,350.0940776587476,13.299084434943781
5426,2014-11-09,2014-11-09 23:00:00,338.6678788122593,12.8774267968768
5427,2014-11-10,2014-11-10 23:00:00,320.8936999758378,64.41777400253602
5428,2014-11-11,2014-11-11 23:00:00,349.1757363411584,15.575369383257625
5429,2014-11-12,2014-11-12 23:00:00,306.08962418762604,129.82934146214748
5430,2014-11-13,2014-11-13 23:00:00,350.4032124120629,45.71016671568103
5431,2014-11-14,2014-11-14 23:00:00,300.31773916553703,74.61300073470045
5432,2014-11-15,2014-11-15 23:00:00,306.4966406688124,11.545016090147667
5433,2014-11-16,2014-11-16 23:00:00,242.37645677330377,98.25926418296905
5434,2014-11-17,2014-11-17 23:00:00,316.97215701639595,15.805492636137902
5435,2014-11-18,2014-11-18 23:00:00,320.3047972630562,10.005042264304503
5436,2014-11-19,2014-11-19 23:00:00,337.08005651246975,35.38087685063881
5437,2014-11-20,2014-11-20 23:00:00,316.6288834464986,19.810230716959047
5438,2014-11-21,2014-11-21 23:00:00,327.3907764199085,39.079183729236725
5439,2014-11-22,2014-11-22 23:00:00,317.677090096639,32.032327100689216
5440,2014-11-23,2014-11-23 23:00:00,318.84462332067886,9.147632447432553
5441,2014-11-24,2014-11-24 23:00:00,321.5496905667969,31.7298831339532
5442,2014-11-25,2014-11-25 23:00:00,327.32171861954015,13.996402389638217
5443,2014-11-26,2014-11-26 23:00:00,303.332708329388,73.87284232748999
5444,2014-11-27,2014-11-27 23:00:00,310.28297089965685,15.92104080831339
5445,2014-11-28,2014-11-28 23:00:00,302.5700233718458,5.3339509577153565
5446,2014-11-29,2014-11-29 23:00:00,303.8042088807074,10.305380622972656
5447,2014-11-30,2014-11-30 23:00:00,303.59491602536394,7.996895537580091
5448,2014-12-01,2014-12-01 23:00:00,337.62600732877723,31.939674374222225
5449,2014-12-02,2014-12-02 23:00:00,371.6366300290779,13.057498325624032
5450,2014-12-03,2014-12-03 23:00:00,380.32700314641033,14.302380912731682
5451,2014-12-04,2014-12-04 23:00:00,387.34064310106083,14.898261646430953
5452,2014-12-05,2014-12-05 23:00:00,428.45630586826155,20.648787750521304
5453,2014-12-06,2014-12-06 23:00:00,430.2264621159184,21.021638548206347
5454,2014-12-07,2014-12-07 23:00:00,394.4261504585542,38.96661749711725
5455,2014-12-08,2014-12-08 23:00:00,406.6110014744216,34.45219198245764
5456,2014-12-09,2014-12-09 23:00:00,387.69901725806466,56.380312137931234
5457,2014-12-10,2014-12-10 23:00:00,405.56748795224274,15.376854639181445
5458,2014-12-11,2014-12-11 23:00:00,344.66804022433786,57.07387050658289
5459,2014-12-12,2014-12-12 23:00:00,351.47652999620703,36.503905731153104
5460,2014-12-13,2014-12-13 23:00:00,367.66935357876565,29.433604353451194
5461,2014-12-14,2014-12-14 23:00:00,296.8130318555961,94.55122641333263
5462,2014-12-15,2014-12-15 23:00:00,345.79125368478316,15.379008771273657
5463,2014-12-16,2014-12-16 23:00:00,311.25101088950663,62.81819364626506
5464,2014-12-17,2014-12-17 23:00:00,331.26329126791944,12.849360941314357
5465,2014-12-18,2014-12-18 23:00:00,316.69307984375484,7.090052358724424
5466,2014-12-19,2014-12-19 23:00:00,302.49039782495316,8.3623158530975
5467,2014-12-20,2014-12-20 23:00:00,215.18748939411117,96.18959302897406
5468,2014-12-21,2014-12-21 23:00:00,353.86393931277735,53.00348302605312
5469,2014-12-22,2014-12-22 23:00:00,379.03960794281403,63.62055938113065
5470,2014-12-23,2014-12-23 23:00:00,314.1636896129161,28.658702014638784
5471,2014-12-24,2014-12-24 23:00:00,313.4502610490218,22.576129459702905
5472,2014-12-25,2014-12-25 23:00:00,277.61811026483866,5.9936292988808555
5473,2014-12-26,2014-12-26 23:00:00,273.82969183576614,34.87294806466152
5474,2014-12-27,2014-12-27 23:00:00,288.77745027061616,25.250890730229607
5475,2014-12-28,2014-12-28 23:00:00,303.37319199960706,12.43822798679981
5476,2014-12-29,2014-12-29 23:00:00,323.91692741299977,33.43761381598368
5477,2014-12-30,2014-12-30 23:00:00,309.5524951086497,36.618487303245224
5478,2014-12-31,2014-12-31 23:00:00,305.015994981932,22.95760699855936
5479,2015-01-01,2015-01-01 23:00:00,345.20794609136755,31.21520553845922
5480,2015-01-02,2015-01-02 23:00:00,349.5175783835548,90.70128300078399
5481,2015-01-03,2015-01-03 23:00:00,386.3771233368593,27.79474759455137
5482,2015-01-04,2015-01-04 23:00:00,459.8388904635836,46.34681711939077
5483,2015-01-05,2015-01-05 23:00:00,402.1778166562974,95.40640024752918
5484,2015-01-06,2015-01-06 23:00:00,411.7070254357616,112.69212319919566
5485,2015-01-07,2015-01-07 23:00:00,444.8449010471442,48.69035036327109
5486,2015-01-08,2015-01-08 23:00:00,441.46075907159894,42.176753194767436
5487,2015-01-09,2015-01-09 23:00:00,385.2152971822955,29.08141944954192
5488,2015-01-10,2015-01-10 23:00:00,394.51839783538554,20.633197192586945
5489,2015-01-11,2015-01-11 23:00:00,389.9459632869851,8.427259566964853
5490,2015-01-12,2015-01-12 23:00:00,379.09603320341466,14.820943966775793
5491,2015-01-13,2015-01-13 23:00:00,375.5626987136598,15.536787553152907
5492,2015-01-14,2015-01-14 23:00:00,361.99549277540683,36.237384448330204
5493,2015-01-15,2015-01-15 23:00:00,331.39570673371924,31.635298615252225
5494,2015-01-16,2015-01-16 23:00:00,433.0805942232589,86.41653883150587
5495,2015-01-17,2015-01-17 23:00:00,395.70664530967014,71.96003038087258
5496,2015-01-18,2015-01-18 23:00:00,346.8001736758135,37.73684435819905
5497,2015-01-19,2015-01-19 23:00:00,330.92432358846435,11.166547091426567
5498,2015-01-20,2015-01-20 23:00:00,329.6153633473063,21.051438242578396
5499,2015-01-21,2015-01-21 23:00:00,358.0766170482146,66.13080759012821
5500,2015-01-22,2015-01-22 23:00:00,331.3120424425966,40.757930387906484
5501,2015-01-23,2015-01-23 23:00:00,317.99537517067904,21.106768156874377
5502,2015-01-24,2015-01-24 23:00:00,308.5175948683353,11.48387303940252
5503,2015-01-25,2015-01-25 23:00:00,292.8150006039395,40.848394703956366
5504,2015-01-26,2015-01-26 23:00:00,303.0070262968915,53.90134424292249
5505,2015-01-27,2015-01-27 23:00:00,331.9093923382003,50.33300219876125
5506,2015-01-28,2015-01-28 23:00:00,317.5812124475408,21.383329573103396
5507,2015-01-29,2015-01-29 23:00:00,299.40936191749705,20.430142974123417
5508,2015-01-30,2015-01-30 23:00:00,362.0627991707063,61.06416541361215
5509,2015-01-31,2015-01-31 23:00:00,322.4476445777061,21.27373406588024
5510,2015-02-01,2015-02-01 23:00:00,318.19086300460134,9.732641495054297
5511,2015-02-02,2015-02-02 23:00:00,298.5009377931049,46.20157968056938
5512,2015-02-03,2015-02-03 23:00:00,346.25569995976304,74.75122946789234
5513,2015-02-04,2015-02-04 23:00:00,327.754035142671,39.748098798251746
5514,2015-02-05,2015-02-05 23:00:00,340.6116103788475,31.00274156619198
5515,2015-02-06,2015-02-06 23:00:00,342.46636219568353,32.74909937628259
5516,2015-02-07,2015-02-07 23:00:00,337.45940426185956,7.887204436256743
5517,2015-02-08,2015-02-08 23:00:00,313.50123204492434,11.352322062857473
5518,2015-02-09,2015-02-09 23:00:00,289.276124406636,25.132935403762556
5519,2015-02-10,2015-02-10 23:00:00,318.40944189826564,35.99630110632014
5520,2015-02-11,2015-02-11 23:00:00,316.76725625616103,49.234658578645536
5521,2015-02-12,2015-02-12 23:00:00,315.2723057950438,47.41435189633631
5522,2015-02-13,2015-02-13 23:00:00,302.06296739307777,48.33491579172335
5523,2015-02-14,2015-02-14 23:00:00,265.05810273213234,29.39902378277382
5524,2015-02-15,2015-02-15 23:00:00,243.7823165326873,8.116170823342543
5525,2015-02-16,2015-02-16 23:00:00,251.01276073048928,36.3680612595529
5526,2015-02-17,2015-02-17 23:00:00,259.6928020364832,35.1904870622158
5527,2015-02-18,2015-02-18 23:00:00,294.46568046161184,42.2318493137351
5528,2015-02-19,2015-02-19 23:00:00,318.3384166558712,41.61132028164584
5529,2015-02-20,2015-02-20 23:00:00,314.92700439128544,40.64263837218103
5530,2015-02-21,2015-02-21 23:00:00,313.10814417528263,32.34465194216393
5531,2015-02-22,2015-02-22 23:00:00,333.83557868827785,29.38391566241311
5532,2015-02-23,2015-02-23 23:00:00,349.4761128571456,17.11723332922036
5533,2015-02-24,2015-02-24 23:00:00,350.56370161056134,42.92453163002585
5534,2015-02-25,2015-02-25 23:00:00,382.7735216483352,44.0112528630344
5535,2015-02-26,2015-02-26 23:00:00,362.4546526607092,24.058504966801294
5536,2015-02-27,2015-02-27 23:00:00,363.6486200425754,35.92049069170228
5537,2015-02-28,2015-02-28 23:00:00,324.20508511719873,49.56221097776825
5538,2015-03-01,2015-03-01 23:00:00,326.87762129810443,20.38371299572024
5539,2015-03-02,2015-03-02 23:00:00,350.5940385977785,44.239929594805844
5540,2015-03-03,2015-03-03 23:00:00,372.3363773513125,53.1974275184731
5541,2015-03-04,2015-03-04 23:00:00,397.9617892661008,33.28044174814018
5542,2015-03-05,2015-03-05 23:00:00,439.29315017735524,5.692241366181658
5543,2015-03-06,2015-03-06 23:00:00,414.63365066538677,46.11372507816611
5544,2015-03-07,2015-03-07 23:00:00,391.61276742005884,25.445027445085643
5545,2015-03-08,2015-03-08 23:00:00,367.35641658936964,35.04912892582284
5546,2015-03-09,2015-03-09 23:00:00,409.82681752908303,35.80479988933435
5547,2015-03-10,2015-03-10 23:00:00,397.50484035911177,44.94450690967001
5548,2015-03-11,2015-03-11 23:00:00,397.2828451713099,35.19163431594944
5549,2015-03-12,2015-03-12 23:00:00,423.8388841646352,56.399761040069905
5550,2015-03-13,2015-03-13 23:00:00,434.5377965720374,38.79468703310982
5551,2015-03-14,2015-03-14 23:00:00,425.6481807212784,39.483922889464296
5552,2015-03-15,2015-03-15 23:00:00,396.7501966587938,44.94908545408827
5553,2015-03-16,2015-03-16 23:00:00,460.6876411701346,47.527521213449006
5554,2015-03-17,2015-03-17 23:00:00,445.5484007596374,28.91823472210302
5555,2015-03-18,2015-03-18 23:00:00,418.1877075695948,14.002152655751424
5556,2015-03-19,2015-03-19 23:00:00,419.60172934370183,42.01007609704588
5557,2015-03-20,2015-03-20 23:00:00,364.3241614035105,30.653731937409955
5558,2015-03-21,2015-03-21 23:00:00,335.74243452612404,22.360470340157708
5559,2015-03-22,2015-03-22 23:00:00,325.2519698948947,20.216440534328076
5560,2015-03-23,2015-03-23 23:00:00,299.8595804253759,10.003694771162174
5561,2015-03-24,2015-03-24 23:00:00,324.3136050565957,60.289605162302244
5562,2015-03-25,2015-03-25 23:00:00,389.293424587782,58.38523859100056
5563,2015-03-26,2015-03-26 23:00:00,380.5222243223814,25.203442995696705
5564,2015-03-27,2015-03-27 23:00:00,365.4371767244231,34.68816799300618
5565,2015-03-28,2015-03-28 23:00:00,400.5049414172531,27.593431753482033
5566,2015-03-29,2015-03-29 23:00:00,410.6973914868491,11.622859035012903
5567,2015-03-30,2015-03-30 23:00:00,413.63048050607,23.253744604146785
5568,2015-03-31,2015-03-31 23:00:00,402.0045376220496,5.9029506276458115
5569,2015-04-01,2015-04-01 23:00:00,351.8119249462317,22.648000022081515
5570,2015-04-02,2015-04-02 23:00:00,327.6325673457218,15.166602962445523
5571,2015-04-03,2015-04-03 23:00:00,324.3506170228272,23.751005365103996
5572,2015-04-04,2015-04-04 23:00:00,357.7503645493909,38.14138201567428
5573,2015-04-05,2015-04-05 23:00:00,354.02468614378085,6.5467418491374225
5574,2015-04-06,2015-04-06 23:00:00,345.98122898334015,29.08111449949021
5575,2015-04-07,2015-04-07 23:00:00,344.041219953021,27.26208184287943
5576,2015-04-08,2015-04-08 23:00:00,354.87958146629575,42.290960991552545
5577,2015-04-09,2015-04-09 23:00:00,355.49448385261076,55.145966397890255
5578,2015-04-10,2015-04-10 23:00:00,330.58271827067887,55.433704420508406
5579,2015-04-11,2015-04-11 23:00:00,323.38884403990954,37.4299930983527
5580,2015-04-12,2015-04-12 23:00:00,315.88372090064854,41.931590919345254
5581,2015-04-13,2015-04-13 23:00:00,350.95803101134237,58.98749548800482
5582,2015-04-14,2015-04-14 23:00:00,372.486170787201,62.42369190587652
5583,2015-04-15,2015-04-15 23:00:00,302.799892492095,42.57409445737822
5584,2015-04-16,2015-04-16 23:00:00,288.273039323113,34.03179617095357
5585,2015-04-17,2015-04-17 23:00:00,258.59099374035014,12.53996968980809
5586,2015-04-18,2015-04-18 23:00:00,253.3087716356005,41.50901411520781
5587,2015-04-19,2015-04-19 23:00:00,243.62551074829318,15.778053891402626
5588,2015-04-20,2015-04-20 23:00:00,243.51542108984643,14.284620317583828
5589,2015-04-21,2015-04-21 23:00:00,269.2077210905586,66.12734272313871
5590,2015-04-22,2015-04-22 23:00:00,245.76841728642236,36.13762895372837
5591,2015-04-23,2015-04-23 23:00:00,300.69558031477595,48.83227940599081
5592,2015-04-24,2015-04-24 23:00:00,309.1112986014547,69.35749827059787
5593,2015-04-25,2015-04-25 23:00:00,275.024750316675,29.16836951998007
5594,2015-04-26,2015-04-26 23:00:00,293.8083889168479,16.404961721795036
5595,2015-04-27,2015-04-27 23:00:00,261.79320778631313,24.893864946433183
5596,2015-04-28,2015-04-28 23:00:00,276.265715207999,35.41602073157199
5597,2015-04-29,2015-04-29 23:00:00,253.82320146349454,17.760034035636856
5598,2015-04-30,2015-04-30 23:00:00,258.2313034927312,52.53595915635356
5599,2015-05-01,2015-05-01 23:00:00,307.79001693241963,52.34140162959223
5600,2015-05-02,2015-05-02 23:00:00,299.6045862949251,53.53379111803353
5601,2015-05-03,2015-05-03 23:00:00,293.59192161226593,35.509309542296165
5602,2015-05-04,2015-05-04 23:00:00,324.90101995453034,46.773694003084245
5603,2015-05-05,2015-05-05 23:00:00,322.32739963679177,39.91107653515009
5604,2015-05-06,2015-05-06 23:00:00,337.84938915404206,23.83244257583871
5605,2015-05-07,2015-05-07 23:00:00,378.3320050105696,42.48819457650462
5606,2015-05-08,2015-05-08 23:00:00,368.7807937752162,13.508803000221802
5607,2015-05-09,2015-05-09 23:00:00,398.590380327986,23.045030887314994
5608,2015-05-10,2015-05-10 23:00:00,412.9653432995886,58.730919209631814
5609,2015-05-11,2015-05-11 23:00:00,501.62552079694154,89.84698999640153
5610,2015-05-12,2015-05-12 23:00:00,574.4889407722841,22.36575465458064
5611,2015-05-13,2015-05-13 23:00:00,609.5712324300007,19.23499340540104
5612,2015-05-14,2015-05-14 23:00:00,718.9283078443518,160.23613151091564
5613,2015-05-15,2015-05-15 23:00:00,842.4423082923244,219.77895066029743
5614,2015-05-16,2015-05-16 23:00:00,866.3939956391565,297.8760457124929
5615,2015-05-17,2015-05-17 23:00:00,590.8066902418674,120.48442160046523
5616,2015-05-18,2015-05-18 23:00:00,733.258444577826,128.91709093423262
5617,2015-05-19,2015-05-19 23:00:00,616.7846133804604,179.2109884291837
5618,2015-05-20,2015-05-20 23:00:00,434.47070277395,45.25589001087068
5619,2015-05-21,2015-05-21 23:00:00,402.8555409787256,87.14741899871578
5620,2015-05-22,2015-05-22 23:00:00,410.426376000717,45.60836922788071
5621,2015-05-23,2015-05-23 23:00:00,412.54070012449483,36.63343756127635
5622,2015-05-24,2015-05-24 23:00:00,386.48975846123767,20.33051717301965
5623,2015-05-25,2015-05-25 23:00:00,464.84464387544176,77.20647698522589
5624,2015-05-26,2015-05-26 23:00:00,547.573514176559,123.22618111144816
5625,2015-05-27,2015-05-27 23:00:00,574.7418170393933,161.79481642335978
5626,2015-05-28,2015-05-28 23:00:00,630.4030393580922,211.46921729443775
5627,2015-05-29,2015-05-29 23:00:00,541.2954883405407,125.27272259978588
5628,2015-05-30,2015-05-30 23:00:00,451.651831596137,100.25187656906199
5629,2015-05-31,2015-05-31 23:00:00,386.03507303784664,22.878931817647437
5630,2015-06-01,2015-06-01 23:00:00,367.24644252216814,106.75458547461346
5631,2015-06-02,2015-06-02 23:00:00,370.456411575856,49.81135306766553
5632,2015-06-03,2015-06-03 23:00:00,409.47267128189924,62.149832608472934
5633,2015-06-04,2015-06-04 23:00:00,419.9145120871511,55.17797159953611
5634,2015-06-05,2015-06-05 23:00:00,403.31945767216945,30.752057755034507
5635,2015-06-06,2015-06-06 23:00:00,375.9062156479322,15.21574298790159
5636,2015-06-07,2015-06-07 23:00:00,347.8854620323221,6.389154035976895
5637,2015-06-08,2015-06-08 23:00:00,340.4688354179203,24.329615707959114
5638,2015-06-09,2015-06-09 23:00:00,344.66309900920027,29.92362367909171
5639,2015-06-10,2015-06-10 23:00:00,355.627099315561,45.95322806581177
5640,2015-06-11,2015-06-11 23:00:00,374.1284999774582,99.5175486583195
5641,2015-06-12,2015-06-12 23:00:00,388.7037515529262,77.38940710997065
5642,2015-06-13,2015-06-13 23:00:00,350.4005467166987,60.14709819551557
5643,2015-06-14,2015-06-14 23:00:00,315.85096691237965,2.570554066553578
5644,2015-06-15,2015-06-15 23:00:00,328.872306528213,10.946721716714105
5645,2015-06-16,2015-06-16 23:00:00,401.1419753020321,75.56241017667651
5646,2015-06-17,2015-06-17 23:00:00,417.1249276503798,80.46827508398871
5647,2015-06-18,2015-06-18 23:00:00,406.3304768458754,55.32576320433404
5648,2015-06-19,2015-06-19 23:00:00,387.43574807299296,39.73055976648155
5649,2015-06-20,2015-06-20 23:00:00,361.77848677587036,31.75557470189523
5650,2015-06-21,2015-06-21 23:00:00,282.1465554166146,54.898361295221264
5651,2015-06-22,2015-06-22 23:00:00,342.01865266107114,81.95157168254852
5652,2015-06-23,2015-06-23 23:00:00,304.28162631258255,47.218161865602
5653,2015-06-24,2015-06-24 23:00:00,309.19597011483324,138.13193130563548
5654,2015-06-25,2015-06-25 23:00:00,370.7991126749889,93.19472015001337
5655,2015-06-26,2015-06-26 23:00:00,369.81431924090566,65.44965321621306
5656,2015-06-27,2015-06-27 23:00:00,320.1511220683322,45.88238676414191
5657,2015-06-28,2015-06-28 23:00:00,174.57298161930282,102.63881149787002
5658,2015-06-29,2015-06-29 23:00:00,258.32961659303317,126.24445784405158
5659,2015-06-30,2015-06-30 23:00:00,330.5541148392647,97.84809409195198
5660,2015-07-01,2015-07-01 23:00:00,365.9227402900753,66.60569720333379
5661,2015-07-02,2015-07-02 23:00:00,339.4665259460003,60.64357347755368
5662,2015-07-03,2015-07-03 23:00:00,358.15155005477226,72.11353896839407
5663,2015-07-04,2015-07-04 23:00:00,363.485542127044,62.08588665926608
5664,2015-07-05,2015-07-05 23:00:00,371.9963579085815,99.60105786434742
5665,2015-07-06,2015-07-06 23:00:00,453.04549291734503,85.87735939654053
5666,2015-07-07,2015-07-07 23:00:00,451.27025255606594,60.650996012913716
5667,2015-07-08,2015-07-08 23:00:00,462.1087424538593,48.1321995830781
5668,2015-07-09,2015-07-09 23:00:00,437.55958441321064,32.072359934835276
5669,2015-07-10,2015-07-10 23:00:00,459.3440807949189,31.96260219080247
5670,2015-07-11,2015-07-11 23:00:00,414.93369268588543,3.2442488433810586
5671,2015-07-12,2015-07-12 23:00:00,384.89822297262725,42.613198536929815
5672,2015-07-13,2015-07-13 23:00:00,410.40414427708765,46.411049839980016
5673,2015-07-14,2015-07-14 23:00:00,422.03459149572404,28.704629856082185
5674,2015-07-15,2015-07-15 23:00:00,429.7713636458716,25.178552711891452
5675,2015-07-16,2015-07-16 23:00:00,457.7101362250833,38.95322495364345
5676,2015-07-17,2015-07-17 23:00:00,444.0607316474523,25.737355340126534
5677,2015-07-18,2015-07-18 23:00:00,441.37659703342615,83.14670364899733
5678,2015-07-19,2015-07-19 23:00:00,350.9237646991498,62.20286448644986
5679,2015-07-20,2015-07-20 23:00:00,293.4586783164547,73.82388472418948
5680,2015-07-21,2015-07-21 23:00:00,354.3852281648869,43.78562816010091
5681,2015-07-22,2015-07-22 23:00:00,398.1333202416681,98.71763467139255
5682,2015-07-23,2015-07-23 23:00:00,403.76317631219473,95.53630929546142
5683,2015-07-24,2015-07-24 23:00:00,327.36317298462035,54.03094301345732
5684,2015-07-25,2015-07-25 23:00:00,301.6274334505899,62.059028827189984
5685,2015-07-26,2015-07-26 23:00:00,356.1126840727261,105.79875742613365
5686,2015-07-27,2015-07-27 23:00:00,403.4924227968132,97.36091359622587
5687,2015-07-28,2015-07-28 23:00:00,325.51884591191885,67.67737498770335
5688,2015-07-29,2015-07-29 23:00:00,418.7259267902,92.04136325660303
5689,2015-07-30,2015-07-30 23:00:00,301.50788775936513,27.625032363900335
5690,2015-07-31,2015-07-31 23:00:00,306.321346223648,23.70837830230953
5691,2015-08-01,2015-08-01 23:00:00,284.244242762743,32.23383118722729
5692,2015-08-02,2015-08-02 23:00:00,254.02149367332694,34.20653659218793
5693,2015-08-03,2015-08-03 23:00:00,371.18628051987054,114.90900312634905
5694,2015-08-04,2015-08-04 23:00:00,388.27665190105404,88.2357887182873
5695,2015-08-05,2015-08-05 23:00:00,444.3399127850171,100.06247156052163
5696,2015-08-06,2015-08-06 23:00:00,395.1968082644982,48.882874602778266
5697,2015-08-07,2015-08-07 23:00:00,336.5467319086197,37.40221810522058
5698,2015-08-08,2015-08-08 23:00:00,340.68168829781536,19.293348033066227
5699,2015-08-09,2015-08-09 23:00:00,340.6257666208183,15.571347163342894
5700,2015-08-10,2015-08-10 23:00:00,378.57314694426304,45.28329503864018
5701,2015-08-11,2015-08-11 23:00:00,395.91124181712667,30.985837102671354
5702,2015-08-12,2015-08-12 23:00:00,370.3041068706738,38.42164732654693
5703,2015-08-13,2015-08-13 23:00:00,375.9938866024915,36.266885763299356
5704,2015-08-14,2015-08-14 23:00:00,402.9240981313704,29.678422721115506
5705,2015-08-15,2015-08-15 23:00:00,383.2242022525998,19.545915342010847
5706,2015-08-16,2015-08-16 23:00:00,346.8466090423303,40.531193855423695
5707,2015-08-17,2015-08-17 23:00:00,329.04201293431015,20.489055791139663
5708,2015-08-18,2015-08-18 23:00:00,338.2048959670211,35.714252347551195
5709,2015-08-19,2015-08-19 23:00:00,318.64111086934867,16.61288088662684
5710,2015-08-20,2015-08-20 23:00:00,335.62614366411657,50.99756201693789
5711,2015-08-21,2015-08-21 23:00:00,376.22294979542113,98.0954441908487
5712,2015-08-22,2015-08-22 23:00:00,296.48895189832854,70.40833081645292
5713,2015-08-23,2015-08-23 23:00:00,264.60981221134097,44.21632968866236
5714,2015-08-24,2015-08-24 23:00:00,357.4354699040427,88.59661159971792
5715,2015-08-25,2015-08-25 23:00:00,378.03797942519606,88.78493024717277
5716,2015-08-26,2015-08-26 23:00:00,321.0150237711875,82.6751259362662
5717,2015-08-27,2015-08-27 23:00:00,323.1783031354351,90.94687785017378
5718,2015-08-28,2015-08-28 23:00:00,284.19737228126485,36.60936402905297
5719,2015-08-29,2015-08-29 23:00:00,273.30198944183115,31.633880061865415
5720,2015-08-30,2015-08-30 23:00:00,282.381741108537,16.95205059131979
5721,2015-08-31,2015-08-31 23:00:00,362.76099200187497,36.658288139440394
5722,2015-09-01,2015-09-01 23:00:00,447.2041096908021,51.8439660192423
5723,2015-09-02,2015-09-02 23:00:00,459.2183748882592,49.795747702277495
5724,2015-09-03,2015-09-03 23:00:00,487.5026900397601,22.799768254011482
5725,2015-09-04,2015-09-04 23:00:00,485.622761712402,11.496762850403053
5726,2015-09-05,2015-09-05 23:00:00,483.33382112366525,6.2736362956071705
5727,2015-09-06,2015-09-06 23:00:00,477.8500959825078,13.814814647426761
5728,2015-09-07,2015-09-07 23:00:00,486.0285123475519,10.228185352489325
5729,2015-09-08,2015-09-08 23:00:00,476.25644807796385,14.266589825058258
5730,2015-09-09,2015-09-09 23:00:00,465.90255486924224,51.42653401199034
5731,2015-09-10,2015-09-10 23:00:00,410.2340684203295,71.18736430985551
5732,2015-09-11,2015-09-11 23:00:00,435.6532336959819,50.171040375273826
5733,2015-09-12,2015-09-12 23:00:00,442.6006832339019,32.49454212121166
5734,2015-09-13,2015-09-13 23:00:00,399.1584553092073,31.259882861194598
5735,2015-09-14,2015-09-14 23:00:00,503.32884318548696,16.602442391513733
5736,2015-09-15,2015-09-15 23:00:00,532.1824761235206,39.00540383780537
5737,2015-09-16,2015-09-16 23:00:00,558.4563391026066,13.728345182001105
5738,2015-09-17,2015-09-17 23:00:00,580.5249323028603,3.038772978740562
5739,2015-09-18,2015-09-18 23:00:00,556.6084174166913,45.510520265801276
5740,2015-09-19,2015-09-19 23:00:00,591.6876902491052,8.211973982183759
5741,2015-09-20,2015-09-20 23:00:00,615.6072315778276,31.338883182195353
5742,2015-09-21,2015-09-21 23:00:00,792.6475853289616,167.886305347334
5743,2015-09-22,2015-09-22 23:00:00,1311.0624710133009,343.44962920068207
5744,2015-09-23,2015-09-23 23:00:00,1666.516199376864,135.7304248713082
5745,2015-09-24,2015-09-24 23:00:00,1492.812306680634,438.4362082073847
5746,2015-09-25,2015-09-25 23:00:00,1616.5396684570708,92.97738523253301
5747,2015-09-26,2015-09-26 23:00:00,1727.45120646506,54.28653174366741
5748,2015-09-27,2015-09-27 23:00:00,1707.8280685892005,109.9099998814135
5749,2015-09-28,2015-09-28 23:00:00,1794.2605756839291,155.836261342956
5750,2015-09-29,2015-09-29 23:00:00,1795.2452061787099,347.20792197581517
5751,2015-09-30,2015-09-30 23:00:00,1758.4078951475076,348.5093978522436
5752,2015-10-01,2015-10-01 23:00:00,2256.8225113974245,279.26113567535964
5753,2015-10-02,2015-10-02 23:00:00,3009.273777846923,224.7470104316378
5754,2015-10-03,2015-10-03 23:00:00,3490.7046513256705,114.12917986653034
5755,2015-10-04,2015-10-04 23:00:00,3144.4498746354834,735.1643099602003
5756,2015-10-05,2015-10-05 23:00:00,3326.518915054084,834.1595626629982
5757,2015-10-06,2015-10-06 23:00:00,3405.5092378586196,303.6929779767055
5758,2015-10-07,2015-10-07 23:00:00,3407.4402166323584,267.9941172682138
5759,2015-10-08,2015-10-08 23:00:00,3582.6626245231305,0.7370287941546372
5760,2015-10-09,2015-10-09 23:00:00,3441.9339456226026,443.16451256081956
5761,2015-10-10,2015-10-10 23:00:00,1782.951436937944,274.6573833713297
5762,2015-10-11,2015-10-11 23:00:00,1121.9480329941573,604.213190958814
5763,2015-10-12,2015-10-12 23:00:00,1885.0517159933659,307.75569544989264
5764,2015-10-13,2015-10-13 23:00:00,2182.7329537193814,411.44115221696984
5765,2015-10-14,2015-10-14 23:00:00,2275.5871675878134,472.5047915132405
5766,2015-10-15,2015-10-15 23:00:00,1868.375211339082,110.80474855079265
5767,2015-10-16,2015-10-16 23:00:00,1852.232622583142,91.38240213218461
5768,2015-10-17,2015-10-17 23:00:00,1632.9396218889342,214.39764993025645
5769,2015-10-18,2015-10-18 23:00:00,1021.2860986385076,301.27496055737
5770,2015-10-19,2015-10-19 23:00:00,1131.9840283955982,493.67367285713016
5771,2015-10-20,2015-10-20 23:00:00,1312.5503286485264,251.09547319068218
5772,2015-10-21,2015-10-21 23:00:00,1440.5634526034953,12.530040604853253
5773,2015-10-22,2015-10-22 23:00:00,1464.0554570628694,14.656584322999768
5774,2015-10-23,2015-10-23 23:00:00,1475.8574760634056,3.7616073006167765
5775,2015-10-24,2015-10-24 23:00:00,1466.0270322431581,17.081532687020005
5776,2015-10-25,2015-10-25 23:00:00,1464.666032181062,59.10193854462943
5777,2015-10-26,2015-10-26 23:00:00,1454.4074050779545,41.35144090119841
5778,2015-10-27,2015-10-27 23:00:00,1457.635812178731,55.894616885577015
5779,2015-10-28,2015-10-28 23:00:00,1476.9897986082933,0.010086915541451738
5780,2015-10-29,2015-10-29 23:00:00,1476.7769502471817,0.7026050876289938
5781,2015-10-30,2015-10-30 23:00:00,1477.9212045947822,0.5085991633762613
5782,2015-10-31,2015-10-31 23:00:00,1476.8749988063075,0.26126383734204806
5783,2015-11-01,2015-11-01 23:00:00,1486.1944171251764,0.004027308232691176
5784,2015-11-02,2015-11-02 23:00:00,1484.8876297992192,0.0028974961588623424
5785,2015-11-03,2015-11-03 23:00:00,1459.5777129375083,66.90897392922977
5786,2015-11-04,2015-11-04 23:00:00,1484.8885463862714,0.006868884178989037
5787,2015-11-05,2015-11-05 23:00:00,1477.6426965931696,34.15414423773907
5788,2015-11-06,2015-11-06 23:00:00,1452.2597185775405,72.67194811441784
5789,2015-11-07,2015-11-07 23:00:00,1346.7088381020963,166.40430689657435
5790,2015-11-08,2015-11-08 23:00:00,1021.2907891490249,121.84872846302858
5791,2015-11-09,2015-11-09 23:00:00,1274.156814683579,212.4567864773484
5792,2015-11-10,2015-11-10 23:00:00,1251.5023666126408,239.1467906943071
5793,2015-11-11,2015-11-11 23:00:00,1306.861019556179,212.49920671328522
5794,2015-11-12,2015-11-12 23:00:00,1284.2349826285633,272.35923253118597
5795,2015-11-13,2015-11-13 23:00:00,1225.0432054074765,261.223029567857
5796,2015-11-14,2015-11-14 23:00:00,1357.3760782136826,221.24155187217772
5797,2015-11-15,2015-11-15 23:00:00,1507.684066370388,0.002082029500703771
5798,2015-11-16,2015-11-16 23:00:00,1508.4849740258762,0.0022018766390473486
5799,2015-11-17,2015-11-17 23:00:00,1507.373343359748,0.6069961171753029
5800,2015-11-18,2015-11-18 23:00:00,1507.4938745570907,0.49279178001694574
5801,2015-11-19,2015-11-19 23:00:00,1507.677650261024,0.003815291692678611
5802,2015-11-20,2015-11-20 23:00:00,1460.777342071212,91.43235752779842
5803,2015-11-21,2015-11-21 23:00:00,1505.9297951350472,2.223679732861741
5804,2015-11-22,2015-11-22 23:00:00,1108.8047335326003,212.20868293469508
5805,2015-11-23,2015-11-23 23:00:00,1366.0273370442503,195.4688615751902
5806,2015-11-24,2015-11-24 23:00:00,1328.4009038824224,188.8901934616015
5807,2015-11-25,2015-11-25 23:00:00,1500.9189420437576,13.331010183520817
5808,2015-11-26,2015-11-26 23:00:00,1499.3697816036308,14.048340531371094
5809,2015-11-27,2015-11-27 23:00:00,1497.6605758983476,22.419730823892582
5810,2015-11-28,2015-11-28 23:00:00,1486.0159484602748,27.98529288908434
5811,2015-11-29,2015-11-29 23:00:00,1483.1815557663642,49.50612086929716
5812,2015-11-30,2015-11-30 23:00:00,1492.469485129146,26.356412330040754
5813,2015-12-01,2015-12-01 23:00:00,1485.142337754225,11.420455704641148
5814,2015-12-02,2015-12-02 23:00:00,1488.2387726098539,8.470890487978007
5815,2015-12-03,2015-12-03 23:00:00,1474.048310405831,15.959604623471595
5816,2015-12-04,2015-12-04 23:00:00,1478.1479931911479,14.602018579929466
5817,2015-12-05,2015-12-05 23:00:00,1457.7010473408584,19.424158618990226
5818,2015-12-06,2015-12-06 23:00:00,1344.4747532051204,57.2315195316567
5819,2015-12-07,2015-12-07 23:00:00,1310.9959416498996,92.5240949583557
5820,2015-12-08,2015-12-08 23:00:00,1222.4964751460973,176.9003823025101
5821,2015-12-09,2015-12-09 23:00:00,1210.5332354918412,132.69247866553462
5822,2015-12-10,2015-12-10 23:00:00,1168.699843401029,186.3906324017854
5823,2015-12-11,2015-12-11 23:00:00,1194.8559319205451,154.11300777427763
5824,2015-12-12,2015-12-12 23:00:00,1117.2683625772718,110.79598909940692
5825,2015-12-13,2015-12-13 23:00:00,1026.5513719918852,125.80573575912287
5826,2015-12-14,2015-12-14 23:00:00,1147.5958035579054,236.23077215858416
5827,2015-12-15,2015-12-15 23:00:00,997.7212451452,195.88081384275998
5828,2015-12-16,2015-12-16 23:00:00,1048.4033447051572,107.7083448144371
5829,2015-12-17,2015-12-17 23:00:00,975.6122448063094,56.62607728889845
5830,2015-12-18,2015-12-18 23:00:00,1071.362294017991,135.62741919987573
5831,2015-12-19,2015-12-19 23:00:00,1161.256934056895,88.61986300640777
5832,2015-12-20,2015-12-20 23:00:00,1125.9719725817674,178.6783790472813
5833,2015-12-21,2015-12-21 23:00:00,1298.3970272246493,45.38998016158481
5834,2015-12-22,2015-12-22 23:00:00,1279.161597379864,129.41024958880018
5835,2015-12-23,2015-12-23 23:00:00,1307.527154240173,203.57913463062593
5836,2015-12-24,2015-12-24 23:00:00,1263.0096123948133,60.534647892295084
5837,2015-12-25,2015-12-25 23:00:00,864.0388593275612,157.0127516476945
5838,2015-12-26,2015-12-26 23:00:00,927.4267659788366,18.2419315822754
5839,2015-12-27,2015-12-27 23:00:00,975.6546399261466,82.7717937486715
5840,2015-12-28,2015-12-28 23:00:00,824.6213028264692,119.86116227441256
5841,2015-12-29,2015-12-29 23:00:00,737.4991007890967,97.34776194393159
5842,2015-12-30,2015-12-30 23:00:00,861.667268064668,27.97585126318536
5843,2015-12-31,2015-12-31 23:00:00,746.1428985123606,59.90287617282634
5844,2016-01-01,2016-01-01 23:00:00,733.0790514419815,131.38712358449723
5845,2016-01-02,2016-01-02 23:00:00,733.1904644190245,72.12102941419629
5846,2016-01-03,2016-01-03 23:00:00,898.131355863677,147.1129883538791
5847,2016-01-04,2016-01-04 23:00:00,962.5451080410447,151.55731970763128
5848,2016-01-05,2016-01-05 23:00:00,1030.8745834375513,157.90743048035566
5849,2016-01-06,2016-01-06 23:00:00,1139.3801149606488,108.19084379395869
5850,2016-01-07,2016-01-07 23:00:00,1132.3339344045296,140.981953375262
5851,2016-01-08,2016-01-08 23:00:00,1056.2697093809252,102.12202434147031
5852,2016-01-09,2016-01-09 23:00:00,893.4839702991081,144.8363633104595
5853,2016-01-10,2016-01-10 23:00:00,958.731795426554,49.21758477230332
5854,2016-01-11,2016-01-11 23:00:00,972.9476146481305,248.1481900891376
5855,2016-01-12,2016-01-12 23:00:00,1187.0347802865838,289.1329455310401
5856,2016-01-13,2016-01-13 23:00:00,1232.3715760431471,111.2665665226913
5857,2016-01-14,2016-01-14 23:00:00,1386.3627167653856,156.69476971366515
5858,2016-01-15,2016-01-15 23:00:00,1247.9335452203857,203.95367656561442
5859,2016-01-16,2016-01-16 23:00:00,1118.1240927822053,225.52956703729038
5860,2016-01-17,2016-01-17 23:00:00,965.0014876384345,120.32434257284065
5861,2016-01-18,2016-01-18 23:00:00,1223.1377200678776,298.82449229898816
5862,2016-01-19,2016-01-19 23:00:00,1024.83307723365,106.89888584883434
5863,2016-01-20,2016-01-20 23:00:00,975.5905798799646,76.51967345651329
5864,2016-01-21,2016-01-21 23:00:00,893.6046884256394,18.845361723384787
5865,2016-01-22,2016-01-22 23:00:00,1000.3264971370537,221.41395234024395
5866,2016-01-23,2016-01-23 23:00:00,1046.4542156111766,257.6133020376352
5867,2016-01-24,2016-01-24 23:00:00,1002.3080982694323,267.017957751207
5868,2016-01-25,2016-01-25 23:00:00,1081.303247527583,212.12909196489812
5869,2016-01-26,2016-01-26 23:00:00,934.4214208821562,99.92190728640256
5870,2016-01-27,2016-01-27 23:00:00,823.4553278404265,58.29293750591259
5871,2016-01-28,2016-01-28 23:00:00,829.227710175068,50.91345371520594
5872,2016-01-29,2016-01-29 23:00:00,831.8123443506043,56.27253542648328
5873,2016-01-30,2016-01-30 23:00:00,807.0091656118547,69.49671588584752
5874,2016-01-31,2016-01-31 23:00:00,778.0429037619248,54.576726784151774
5875,2016-02-01,2016-02-01 23:00:00,785.1437246604273,26.034336966377328
5876,2016-02-02,2016-02-02 23:00:00,794.5921750497026,54.39593869872034
5877,2016-02-03,2016-02-03 23:00:00,794.0456342542565,59.59157338952753
5878,2016-02-04,2016-02-04 23:00:00,809.4409805707569,29.09152112464557
5879,2016-02-05,2016-02-05 23:00:00,813.1749498426029,48.480359765349654
5880,2016-02-06,2016-02-06 23:00:00,829.3878755828529,51.32815965564948
5881,2016-02-07,2016-02-07 23:00:00,785.499822118714,20.908987786132034
5882,2016-02-08,2016-02-08 23:00:00,761.8301226016821,80.36183760013913
5883,2016-02-09,2016-02-09 23:00:00,725.8980252075011,75.45323689119348
5884,2016-02-10,2016-02-10 23:00:00,747.098712887942,74.57170069502921
5885,2016-02-11,2016-02-11 23:00:00,793.1448696212698,12.964381549165537
5886,2016-02-12,2016-02-12 23:00:00,812.0021402131397,50.08935804783934
5887,2016-02-13,2016-02-13 23:00:00,884.6017918224087,55.48834554439005
5888,2016-02-14,2016-02-14 23:00:00,957.3847178755559,46.27043253751153
5889,2016-02-15,2016-02-15 23:00:00,1083.2944561736915,236.70088715153216
5890,2016-02-16,2016-02-16 23:00:00,1234.0983983834567,246.612919029332
5891,2016-02-17,2016-02-17 23:00:00,1517.0852127411888,29.54524565959288
5892,2016-02-18,2016-02-18 23:00:00,1534.3362871696036,15.379715878596622
5893,2016-02-19,2016-02-19 23:00:00,1538.6627823425997,9.725856356981588
5894,2016-02-20,2016-02-20 23:00:00,1541.9627079812356,0.004800161516169206
5895,2016-02-21,2016-02-21 23:00:00,1541.9089116825635,0.08328412776986652
5896,2016-02-22,2016-02-22 23:00:00,1386.3709011094543,334.7720122955619
5897,2016-02-23,2016-02-23 23:00:00,1346.2008334226455,385.0464253618719
5898,2016-02-24,2016-02-24 23:00:00,1541.96470591805,0.004349526799490842
5899,2016-02-25,2016-02-25 23:00:00,1541.9648539133698,0.0042269442718773365
5900,2016-02-26,2016-02-26 23:00:00,1541.9664078642254,0.004807000980370566
5901,2016-02-27,2016-02-27 23:00:00,1542.8279685370517,0.0025537234586016154
5902,2016-02-28,2016-02-28 23:00:00,1541.9558261988743,0.010059055815536903
5903,2016-02-29,2016-02-29 23:00:00,1542.6815064489692,0.004580090518103557
5904,2016-03-01,2016-03-01 23:00:00,1526.5998591649259,0.007342209355870148
5905,2016-03-02,2016-03-02 23:00:00,1501.7021485412013,82.35328134981584
5906,2016-03-03,2016-03-03 23:00:00,1526.5991260793935,0.004551628832455356
5907,2016-03-04,2016-03-04 23:00:00,1492.2957814596168,87.30281995858506
5908,2016-03-05,2016-03-05 23:00:00,1526.5564605014158,0.21201278458772574
5909,2016-03-06,2016-03-06 23:00:00,1526.5956072688386,0.0028420658677225496
5910,2016-03-07,2016-03-07 23:00:00,1480.1972310693466,90.46182044041522
5911,2016-03-08,2016-03-08 23:00:00,1516.665890425771,19.36554032604062
5912,2016-03-09,2016-03-09 23:00:00,1361.9796499401828,325.3592307397587
5913,2016-03-10,2016-03-10 23:00:00,1555.957662166944,0.06991699257286747
5914,2016-03-11,2016-03-11 23:00:00,1555.9556095274536,0.06899717532813256
5915,2016-03-12,2016-03-12 23:00:00,1552.0594065405776,8.712834721109619
5916,2016-03-13,2016-03-13 23:00:00,1555.6927250555837,0.197192540920975
5917,2016-03-14,2016-03-14 23:00:00,1555.041378560167,1.68474902778452
5918,2016-03-15,2016-03-15 23:00:00,1554.279409457932,2.2873660475192
5919,2016-03-16,2016-03-16 23:00:00,1555.0184329830074,2.9313000937447566
5920,2016-03-17,2016-03-17 23:00:00,1552.4030242559445,6.976659107052061
5921,2016-03-18,2016-03-18 23:00:00,1538.148815331658,6.417744107798533
5922,2016-03-19,2016-03-19 23:00:00,1483.5407608734488,64.98835558407377
5923,2016-03-20,2016-03-20 23:00:00,1420.6498662204037,66.63815070518551
5924,2016-03-21,2016-03-21 23:00:00,1344.5414863381147,89.91532307265832
5925,2016-03-22,2016-03-22 23:00:00,1333.1671042276942,75.3414209705796
5926,2016-03-23,2016-03-23 23:00:00,1210.0149660343873,17.160217073608244
5927,2016-03-24,2016-03-24 23:00:00,1208.5740864207226,21.264181572568706
5928,2016-03-25,2016-03-25 23:00:00,1344.6210525094446,141.12408593148172
5929,2016-03-26,2016-03-26 23:00:00,1441.278819789756,150.63288306224325
5930,2016-03-27,2016-03-27 23:00:00,1394.2835653498948,152.95841462917076
5931,2016-03-28,2016-03-28 23:00:00,1447.497511051397,84.84676941947782
5932,2016-03-29,2016-03-29 23:00:00,1405.4236797152826,2.3538781700433073
5933,2016-03-30,2016-03-30 23:00:00,1401.9859366909166,14.469853119871354
5934,2016-03-31,2016-03-31 23:00:00,1401.1633531445314,16.413163497149004
5935,2016-04-01,2016-04-01 23:00:00,1407.7489723192584,6.3275108987070485
5936,2016-04-02,2016-04-02 23:00:00,1295.7778787003374,87.16640516891972
5937,2016-04-03,2016-04-03 23:00:00,1043.2562105116783,265.96516898567995
5938,2016-04-04,2016-04-04 23:00:00,1194.8381515018443,24.78786683019596
5939,2016-04-05,2016-04-05 23:00:00,1091.2214620733282,154.5058374800036
5940,2016-04-06,2016-04-06 23:00:00,1034.5098558493844,159.62008492083754
5941,2016-04-07,2016-04-07 23:00:00,985.6814571809406,84.54674739429672
5942,2016-04-08,2016-04-08 23:00:00,851.3281368017842,70.49399583568902
5943,2016-04-09,2016-04-09 23:00:00,731.2395459219912,14.014532934790449
5944,2016-04-10,2016-04-10 23:00:00,644.9751927362248,33.50287859617461
5945,2016-04-11,2016-04-11 23:00:00,613.4407139839565,28.673683419754248
5946,2016-04-12,2016-04-12 23:00:00,577.26598140821,31.634709256876075
5947,2016-04-13,2016-04-13 23:00:00,517.1497633645448,10.824178891094297
5948,2016-04-14,2016-04-14 23:00:00,398.8314080538271,34.16356989107366
5949,2016-04-15,2016-04-15 23:00:00,344.4267463349764,16.10947647368716
5950,2016-04-16,2016-04-16 23:00:00,300.9250728360178,2.9168407481568495
5951,2016-04-17,2016-04-17 23:00:00,291.6545730807824,7.5029373556756225
5952,2016-04-18,2016-04-18 23:00:00,289.2840040605665,14.972839536131255
5953,2016-04-19,2016-04-19 23:00:00,286.7448356190049,11.892294296600081
5954,2016-04-20,2016-04-20 23:00:00,299.9623778430014,20.50565990493154
5955,2016-04-21,2016-04-21 23:00:00,303.1230976332535,29.342322338999715
5956,2016-04-22,2016-04-22 23:00:00,316.64498480467006,31.284160108262757
5957,2016-04-23,2016-04-23 23:00:00,316.45418712087115,14.171250940378776
5958,2016-04-24,2016-04-24 23:00:00,338.17644740052043,43.69822723483934
5959,2016-04-25,2016-04-25 23:00:00,406.97686030320637,58.827032355856026
5960,2016-04-26,2016-04-26 23:00:00,371.5113283669093,35.430876498370644
5961,2016-04-27,2016-04-27 23:00:00,326.29637966685806,37.87340476359974
5962,2016-04-28,2016-04-28 23:00:00,310.2402550559232,27.73965056492137
5963,2016-04-29,2016-04-29 23:00:00,297.8219611548452,24.05091270372965
5964,2016-04-30,2016-04-30 23:00:00,274.8882324524625,5.990015876764586
5965,2016-05-01,2016-05-01 23:00:00,264.3545181208142,10.591840342055685
5966,2016-05-02,2016-05-02 23:00:00,256.277088271961,21.51192356741747
5967,2016-05-03,2016-05-03 23:00:00,254.0321978693521,25.385436732376146
5968,2016-05-04,2016-05-04 23:00:00,274.1472999985994,74.85041813048842
5969,2016-05-05,2016-05-05 23:00:00,264.78519369419087,31.870390831877966
5970,2016-05-06,2016-05-06 23:00:00,226.88756628844212,6.062350299550909
5971,2016-05-07,2016-05-07 23:00:00,247.97051711823096,46.15270951149835
5972,2016-05-08,2016-05-08 23:00:00,232.57609918857156,4.432407015016616
5973,2016-05-09,2016-05-09 23:00:00,237.57168676679507,7.029208524653454
5974,2016-05-10,2016-05-10 23:00:00,231.31314549360596,8.733803595185003
5975,2016-05-11,2016-05-11 23:00:00,216.94931768165063,10.360201433836924
5976,2016-05-12,2016-05-12 23:00:00,209.9028814602866,27.71181856187829
5977,2016-05-13,2016-05-13 23:00:00,194.62413730334143,7.791945226197662
5978,2016-05-14,2016-05-14 23:00:00,196.35179783219345,4.062717706283017
5979,2016-05-15,2016-05-15 23:00:00,206.329967781178,21.09341687764394
5980,2016-05-16,2016-05-16 23:00:00,268.9976848974395,92.5208158429069
5981,2016-05-17,2016-05-17 23:00:00,230.9152238835774,11.056073405035296
5982,2016-05-18,2016-05-18 23:00:00,239.598696400185,38.342256300768575
5983,2016-05-19,2016-05-19 23:00:00,247.90662903657127,57.293359766848646
5984,2016-05-20,2016-05-20 23:00:00,278.59404169537083,76.43709857396638
5985,2016-05-21,2016-05-21 23:00:00,255.52807541056146,24.31281177282179
5986,2016-05-22,2016-05-22 23:00:00,244.91335280935118,6.253394246893348
5987,2016-05-23,2016-05-23 23:00:00,262.842488576408,16.28793835102229
5988,2016-05-24,2016-05-24 23:00:00,257.1062341125561,13.009837666687117
5989,2016-05-25,2016-05-25 23:00:00,273.1045029841587,20.227445691725652
5990,2016-05-26,2016-05-26 23:00:00,268.56660291132954,22.72346014728882
5991,2016-05-27,2016-05-27 23:00:00,271.64804167217403,26.79183525487213
5992,2016-05-28,2016-05-28 23:00:00,263.3118430301934,32.98623541900978
5993,2016-05-29,2016-05-29 23:00:00,238.0307009194686,17.954706325481887
5994,2016-05-30,2016-05-30 23:00:00,230.38278546475442,25.206594488095064
5995,2016-05-31,2016-05-31 23:00:00,230.51557792238086,27.41086737205881
5996,2016-06-01,2016-06-01 23:00:00,238.0665843115693,26.282206255579155
5997,2016-06-02,2016-06-02 23:00:00,246.50280062410567,49.56871325106684
5998,2016-06-03,2016-06-03 23:00:00,203.38727773866228,4.753337416600186
5999,2016-06-04,2016-06-04 23:00:00,316.1132029176767,126.05126109568789
6000,2016-06-05,2016-06-05 23:00:00,208.62477051936935,23.364071363844857
6001,2016-06-06,2016-06-06 23:00:00,268.0735600402045,3.316156070620942
6002,2016-06-07,2016-06-07 23:00:00,265.51830408393283,45.70762763273569
6003,2016-06-08,2016-06-08 23:00:00,310.33611656336774,37.57970951232542
6004,2016-06-09,2016-06-09 23:00:00,319.5179034470427,58.72250277690875
6005,2016-06-10,2016-06-10 23:00:00,299.1366333843185,72.93294513420928
6006,2016-06-11,2016-06-11 23:00:00,260.5711465636291,53.29724732973106
6007,2016-06-12,2016-06-12 23:00:00,264.4193411803908,65.2717421290914
6008,2016-06-13,2016-06-13 23:00:00,315.1147569044959,82.38452918234874
6009,2016-06-14,2016-06-14 23:00:00,306.3708910718431,64.57010797545864
6010,2016-06-15,2016-06-15 23:00:00,389.45291127445535,125.64303716238823
6011,2016-06-16,2016-06-16 23:00:00,321.8204833078298,69.41988665194474
6012,2016-06-17,2016-06-17 23:00:00,347.24708473689594,107.56364372555213
6013,2016-06-18,2016-06-18 23:00:00,472.21205072431195,84.75358621965657
6014,2016-06-19,2016-06-19 23:00:00,385.79920667097895,65.21938829785132
6015,2016-06-20,2016-06-20 23:00:00,434.81044444703616,52.461044207842114
6016,2016-06-21,2016-06-21 23:00:00,387.646747678508,69.81078934891269
6017,2016-06-22,2016-06-22 23:00:00,326.6974477271846,65.9691047065891
6018,2016-06-23,2016-06-23 23:00:00,273.2997680722983,62.10136615190215
6019,2016-06-24,2016-06-24 23:00:00,288.23488729003185,117.14231586765278
6020,2016-06-25,2016-06-25 23:00:00,199.60929644641328,16.802637233231984
6021,2016-06-26,2016-06-26 23:00:00,217.05482731218135,45.10847435704949
6022,2016-06-27,2016-06-27 23:00:00,214.8766888177579,32.7157956565522
6023,2016-06-28,2016-06-28 23:00:00,215.58023193419186,11.110264329606816
6024,2016-06-29,2016-06-29 23:00:00,210.03332440515467,29.401679856966922
6025,2016-06-30,2016-06-30 23:00:00,228.9904251017417,2.372522724841699
6026,2016-07-01,2016-07-01 23:00:00,265.27000433305324,37.82391282905854
6027,2016-07-02,2016-07-02 23:00:00,245.41274633661703,38.04146335279837
6028,2016-07-03,2016-07-03 23:00:00,227.44682725846872,32.98257153224428
6029,2016-07-04,2016-07-04 23:00:00,230.60176239195425,13.019939229920212
6030,2016-07-05,2016-07-05 23:00:00,245.13767149659205,23.525317034165035
6031,2016-07-06,2016-07-06 23:00:00,229.46734130093864,38.60133546149643
6032,2016-07-07,2016-07-07 23:00:00,218.673745680705,67.39597168416633
6033,2016-07-08,2016-07-08 23:00:00,222.21801401766172,55.3312333578356
6034,2016-07-09,2016-07-09 23:00:00,232.4567003902582,30.739167023526303
6035,2016-07-10,2016-07-10 23:00:00,196.80232548018526,38.654019480389096
6036,2016-07-11,2016-07-11 23:00:00,219.9598952333771,53.02300719033394
6037,2016-07-12,2016-07-12 23:00:00,231.80773220007077,21.647670321189644
6038,2016-07-13,2016-07-13 23:00:00,218.1304249454544,48.18823879090189
6039,2016-07-14,2016-07-14 23:00:00,205.2591832268927,33.15423360941334
6040,2016-07-15,2016-07-15 23:00:00,196.98008498268624,3.866085537204485
6041,2016-07-16,2016-07-16 23:00:00,174.55733095848987,34.18923386984711
6042,2016-07-17,2016-07-17 23:00:00,167.6294613061343,21.90109743902656
6043,2016-07-18,2016-07-18 23:00:00,200.97726526381427,27.208698606933552
6044,2016-07-19,2016-07-19 23:00:00,227.48747040173717,52.921582137545
6045,2016-07-20,2016-07-20 23:00:00,199.45971622682814,20.572538664035665
6046,2016-07-21,2016-07-21 23:00:00,225.09022336370842,27.666605121221536
6047,2016-07-22,2016-07-22 23:00:00,255.26013934566103,37.34303203234764
6048,2016-07-23,2016-07-23 23:00:00,225.1130813594947,15.216335001983298
6049,2016-07-24,2016-07-24 23:00:00,233.78630399024487,21.003803059867572
6050,2016-07-25,2016-07-25 23:00:00,229.06229520133226,21.948514686834862
6051,2016-07-26,2016-07-26 23:00:00,224.61005312304053,14.703728096285898
6052,2016-07-27,2016-07-27 23:00:00,222.2029478019052,24.229719144090858
6053,2016-07-28,2016-07-28 23:00:00,234.39347076075214,40.5973040194448
6054,2016-07-29,2016-07-29 23:00:00,233.7947252058432,11.756956223425941
6055,2016-07-30,2016-07-30 23:00:00,239.13715587798777,34.70746069405575
6056,2016-07-31,2016-07-31 23:00:00,229.47366152383995,19.21401652298187
6057,2016-08-01,2016-08-01 23:00:00,238.7431034598477,10.49649845051727
6058,2016-08-02,2016-08-02 23:00:00,271.5163412367768,47.52048110130182
6059,2016-08-03,2016-08-03 23:00:00,268.0223290403762,43.6483706142131
6060,2016-08-04,2016-08-04 23:00:00,233.4638460155726,13.322952717072294
6061,2016-08-05,2016-08-05 23:00:00,223.82452105039388,27.24012509808999
6062,2016-08-06,2016-08-06 23:00:00,217.08765480655288,21.374092737816216
6063,2016-08-07,2016-08-07 23:00:00,223.4174191394842,32.491907436505684
6064,2016-08-08,2016-08-08 23:00:00,225.17634794043693,56.102613619358856
6065,2016-08-09,2016-08-09 23:00:00,266.32411519755095,68.26964253103884
6066,2016-08-10,2016-08-10 23:00:00,269.37351294064564,66.94562804444091
6067,2016-08-11,2016-08-11 23:00:00,321.192918036028,48.78022611685516
6068,2016-08-12,2016-08-12 23:00:00,261.25639850542404,47.903908987623076
6069,2016-08-13,2016-08-13 23:00:00,284.8179139334213,40.003004624152965
6070,2016-08-14,2016-08-14 23:00:00,274.7533766592706,45.073269790977726
6071,2016-08-15,2016-08-15 23:00:00,350.16761731638843,41.00759210065145
6072,2016-08-16,2016-08-16 23:00:00,446.6097572578661,44.59317988810835
6073,2016-08-17,2016-08-17 23:00:00,471.71561302080835,34.038866411652954
6074,2016-08-18,2016-08-18 23:00:00,474.980654540481,49.42759725235253
6075,2016-08-19,2016-08-19 23:00:00,343.0080645888742,104.10198665176593
6076,2016-08-20,2016-08-20 23:00:00,243.6809333343477,43.5781594364914
6077,2016-08-21,2016-08-21 23:00:00,271.7500060271884,51.59143428681399
6078,2016-08-22,2016-08-22 23:00:00,446.4952964280808,88.53918372675021
6079,2016-08-23,2016-08-23 23:00:00,477.11794389780016,88.65850596449553
6080,2016-08-24,2016-08-24 23:00:00,535.6433546112538,30.831166698838757
6081,2016-08-25,2016-08-25 23:00:00,535.8708778401507,38.50063650071545
6082,2016-08-26,2016-08-26 23:00:00,510.32332270310013,53.249403917894064
6083,2016-08-27,2016-08-27 23:00:00,415.7208774215348,172.1058847167839
6084,2016-08-28,2016-08-28 23:00:00,471.9849017513665,59.516463704816026
6085,2016-08-29,2016-08-29 23:00:00,385.11523602214993,144.4826346782939
6086,2016-08-30,2016-08-30 23:00:00,297.7717877474766,105.60723801130975
6087,2016-08-31,2016-08-31 23:00:00,362.7315654082392,89.79246002009445
6088,2016-09-01,2016-09-01 23:00:00,298.8798903694293,17.644746206111687
6089,2016-09-02,2016-09-02 23:00:00,271.31302823586617,38.144857506681184
6090,2016-09-03,2016-09-03 23:00:00,302.6007861103669,75.89934274461355
6091,2016-09-04,2016-09-04 23:00:00,266.90129972696656,40.34060289619322
6092,2016-09-05,2016-09-05 23:00:00,311.8052565562412,36.381557807769184
6093,2016-09-06,2016-09-06 23:00:00,423.30380691432725,115.97483183055596
6094,2016-09-07,2016-09-07 23:00:00,467.02953749991303,55.74178997262389
6095,2016-09-08,2016-09-08 23:00:00,365.5778522100821,25.718836561210075
6096,2016-09-09,2016-09-09 23:00:00,351.83213130662915,23.095444899890428
6097,2016-09-10,2016-09-10 23:00:00,315.7027109818639,13.182116716860401
6098,2016-09-11,2016-09-11 23:00:00,235.83464768694589,52.44352352157459
6099,2016-09-12,2016-09-12 23:00:00,284.4077785987801,32.26567013686581
6100,2016-09-13,2016-09-13 23:00:00,228.64582470432785,43.32828341177047
6101,2016-09-14,2016-09-14 23:00:00,201.01865573444397,34.83929338254137
6102,2016-09-15,2016-09-15 23:00:00,198.73558978660978,39.47341289034575
6103,2016-09-16,2016-09-16 23:00:00,162.66965823743632,57.44259837225049
6104,2016-09-17,2016-09-17 23:00:00,144.9052172699211,47.07115393948901
6105,2016-09-18,2016-09-18 23:00:00,135.7565331718474,44.91760459776969
6106,2016-09-19,2016-09-19 23:00:00,238.65590563147194,85.4827472075095
6107,2016-09-20,2016-09-20 23:00:00,278.64424516446815,90.38500132405322
6108,2016-09-21,2016-09-21 23:00:00,266.7607145533515,55.4955697246964
6109,2016-09-22,2016-09-22 23:00:00,233.0784824692671,43.10436251346181
6110,2016-09-23,2016-09-23 23:00:00,195.92258238271413,51.16829077506197
6111,2016-09-24,2016-09-24 23:00:00,178.5970009414275,22.632389197594744
6112,2016-09-25,2016-09-25 23:00:00,162.83940878369913,21.939217339316915
6113,2016-09-26,2016-09-26 23:00:00,174.83489576940443,83.71868256565529
6114,2016-09-27,2016-09-27 23:00:00,183.0561931373871,121.91070886791927
6115,2016-09-28,2016-09-28 23:00:00,283.3360737581595,157.27531014162767
6116,2016-09-29,2016-09-29 23:00:00,303.8637130965201,165.13167029963142
6117,2016-09-30,2016-09-30 23:00:00,341.34592783461227,122.48967969924864
6118,2016-10-01,2016-10-01 23:00:00,253.5519630896048,50.94958936134895
6119,2016-10-02,2016-10-02 23:00:00,197.88078059391003,31.923387652687705
6120,2016-10-03,2016-10-03 23:00:00,278.0917655957531,84.3226953492829
6121,2016-10-04,2016-10-04 23:00:00,305.25773251678027,61.36916437662078
6122,2016-10-05,2016-10-05 23:00:00,238.97722946330146,100.09456851647829
6123,2016-10-06,2016-10-06 23:00:00,314.4006380902685,131.27986935249385
6124,2016-10-07,2016-10-07 23:00:00,221.70338577821985,46.90079686957107
6125,2016-10-08,2016-10-08 23:00:00,241.47412614952896,45.90590155744545
6126,2016-10-09,2016-10-09 23:00:00,201.65240897414859,35.47684003092342
6127,2016-10-10,2016-10-10 23:00:00,257.8632552994422,67.13423797376636
6128,2016-10-11,2016-10-11 23:00:00,354.795263327007,87.01600618465669
6129,2016-10-12,2016-10-12 23:00:00,305.96855925430924,41.67396880075415
6130,2016-10-13,2016-10-13 23:00:00,341.7133131887001,73.27204311301676
6131,2016-10-14,2016-10-14 23:00:00,366.51404986332506,64.13697874427358
6132,2016-10-15,2016-10-15 23:00:00,359.3720331125269,51.1670005828521
6133,2016-10-16,2016-10-16 23:00:00,265.50228442820475,30.228796447867154
6134,2016-10-17,2016-10-17 23:00:00,301.0336454372442,49.9595355579141
6135,2016-10-18,2016-10-18 23:00:00,320.8757149924558,40.8082550230867
6136,2016-10-19,2016-10-19 23:00:00,343.2890557129702,101.65688514119142
6137,2016-10-20,2016-10-20 23:00:00,381.8345142169494,68.52904183036848
6138,2016-10-21,2016-10-21 23:00:00,373.1019325810159,18.420615963703227
6139,2016-10-22,2016-10-22 23:00:00,377.17672803368805,32.63081779372287
6140,2016-10-23,2016-10-23 23:00:00,367.5944570868778,22.787501656380524
6141,2016-10-24,2016-10-24 23:00:00,380.38145811991444,33.663739291834794
6142,2016-10-25,2016-10-25 23:00:00,394.69108942017743,53.200225099684815
6143,2016-10-26,2016-10-26 23:00:00,429.3822635938939,78.9479761485746
6144,2016-10-27,2016-10-27 23:00:00,412.15032952076973,59.336190265567645
6145,2016-10-28,2016-10-28 23:00:00,410.8924176703344,64.80273138579001
6146,2016-10-29,2016-10-29 23:00:00,353.3041020720789,57.64477577621201
6147,2016-10-30,2016-10-30 23:00:00,307.3248500147751,66.24880171415414
6148,2016-10-31,2016-10-31 23:00:00,271.9708377596899,49.09984565421987
6149,2016-11-01,2016-11-01 23:00:00,341.6912100945262,90.56172488377591
6150,2016-11-02,2016-11-02 23:00:00,343.7557280679263,66.56199906476087
6151,2016-11-03,2016-11-03 23:00:00,319.0678345601213,43.80015124208821
6152,2016-11-04,2016-11-04 23:00:00,304.30258228232555,74.41211065937813
6153,2016-11-05,2016-11-05 23:00:00,302.4608647842296,45.36116652311104
6154,2016-11-06,2016-11-06 23:00:00,268.40331614930295,6.436502838272938
6155,2016-11-07,2016-11-07 23:00:00,283.1225643429859,18.571283493424914
6156,2016-11-08,2016-11-08 23:00:00,295.78874728793784,30.520431738450025
6157,2016-11-09,2016-11-09 23:00:00,315.1975344631346,20.85918718624625
6158,2016-11-10,2016-11-10 23:00:00,328.2522104370443,10.08739903599714
6159,2016-11-11,2016-11-11 23:00:00,309.67932799445816,40.51383951046068
6160,2016-11-12,2016-11-12 23:00:00,302.7520990378061,33.89583054996359
6161,2016-11-13,2016-11-13 23:00:00,306.6298526325948,11.003182366629735
6162,2016-11-14,2016-11-14 23:00:00,291.31831807488624,22.757039035892504
6163,2016-11-15,2016-11-15 23:00:00,307.0212001926257,39.9107199498926
6164,2016-11-16,2016-11-16 23:00:00,303.45502010615064,51.72751436355472
6165,2016-11-17,2016-11-17 23:00:00,285.5875297754743,45.20505840946142
6166,2016-11-18,2016-11-18 23:00:00,243.1442972911548,28.42906136853646
6167,2016-11-19,2016-11-19 23:00:00,229.18534335702137,8.14841619122843
6168,2016-11-20,2016-11-20 23:00:00,218.50138427298683,35.04245269667281
6169,2016-11-21,2016-11-21 23:00:00,235.4426455878236,36.00854977210531
6170,2016-11-22,2016-11-22 23:00:00,241.0445849679783,61.92980161121071
6171,2016-11-23,2016-11-23 23:00:00,230.30937407603997,55.46377419630603
6172,2016-11-24,2016-11-24 23:00:00,235.7172457103285,41.693392240389315
6173,2016-11-25,2016-11-25 23:00:00,294.312043579882,15.112991476420449
6174,2016-11-26,2016-11-26 23:00:00,314.3988193686868,26.640226489008775
6175,2016-11-27,2016-11-27 23:00:00,274.3454348991617,3.818247488524906
6176,2016-11-28,2016-11-28 23:00:00,314.26036596154614,31.588556748488248
6177,2016-11-29,2016-11-29 23:00:00,301.34322071806656,36.29576715453763
6178,2016-11-30,2016-11-30 23:00:00,310.1720373578674,29.79156890325779
6179,2016-12-01,2016-12-01 23:00:00,255.7590994980255,20.507821574987044
6180,2016-12-02,2016-12-02 23:00:00,216.55381819961053,52.523350484279845
6181,2016-12-03,2016-12-03 23:00:00,218.9614873372387,24.717143174352024
6182,2016-12-04,2016-12-04 23:00:00,149.0595586993036,30.986112559613236
6183,2016-12-05,2016-12-05 23:00:00,133.26259228107367,49.330093548259796
6184,2016-12-06,2016-12-06 23:00:00,127.18347521500205,36.054025717348175
6185,2016-12-07,2016-12-07 23:00:00,108.04622563284153,0.0
6186,2016-12-08,2016-12-08 23:00:00,106.13965653945623,1.4210854715202004e-14
6187,2016-12-09,2016-12-09 23:00:00,130.7232939357431,43.65794848102629
6188,2016-12-10,2016-12-10 23:00:00,124.88949250386797,45.30478202375319
6189,2016-12-11,2016-12-11 23:00:00,105.3873690435147,0.0
6190,2016-12-12,2016-12-12 23:00:00,160.76510297942232,40.63682905339338
6191,2016-12-13,2016-12-13 23:00:00,196.13225138624696,84.3613653222177
6192,2016-12-14,2016-12-14 23:00:00,204.3221475860809,40.8507120154616
6193,2016-12-15,2016-12-15 23:00:00,215.70070197828724,22.001100085678722
6194,2016-12-16,2016-12-16 23:00:00,217.4445398946873,21.490181881613122
6195,2016-12-17,2016-12-17 23:00:00,230.37835354408136,14.71702406215871
6196,2016-12-18,2016-12-18 23:00:00,231.42478320557598,12.964490725246465
6197,2016-12-19,2016-12-19 23:00:00,232.51795196012685,10.082624703352838
6198,2016-12-20,2016-12-20 23:00:00,243.44564552121278,5.240341943982547
6199,2016-12-21,2016-12-21 23:00:00,239.30995074052655,6.387216480977518
6200,2016-12-22,2016-12-22 23:00:00,230.47739344682068,13.404113765150443
6201,2016-12-23,2016-12-23 23:00:00,217.8071569276201,10.539269580859717
6202,2016-12-24,2016-12-24 23:00:00,223.61698009643382,2.62468281801414
6203,2016-12-25,2016-12-25 23:00:00,179.10811530832757,9.065094982947466
6204,2016-12-26,2016-12-26 23:00:00,182.77751025412363,11.384602014012305
6205,2016-12-27,2016-12-27 23:00:00,175.6916420820891,22.70869351197667
6206,2016-12-28,2016-12-28 23:00:00,182.03480717227612,10.729039145308214
6207,2016-12-29,2016-12-29 23:00:00,178.15379134944138,12.036329879758169
6208,2016-12-30,2016-12-30 23:00:00,167.69596091200867,12.843271090340673
6209,2016-12-31,2016-12-31 23:00:00,153.8836199973333,3.3973731847987834
6210,2017-01-01,2017-01-01 23:00:00,141.77077587096252,9.075777086436487
6211,2017-01-02,2017-01-02 23:00:00,147.12212219898618,16.171241640107127
6212,2017-01-03,2017-01-03 23:00:00,138.44560701171054,16.412823820605627
6213,2017-01-04,2017-01-04 23:00:00,158.35249608847334,56.99730168384563
6214,2017-01-05,2017-01-05 23:00:00,176.4804435162215,46.541477425745015
6215,2017-01-06,2017-01-06 23:00:00,218.10887699110663,45.54046724177329
6216,2017-01-07,2017-01-07 23:00:00,207.84018006478573,41.99088280455038
6217,2017-01-08,2017-01-08 23:00:00,198.412088904878,23.208347934138015
6218,2017-01-09,2017-01-09 23:00:00,208.35615096555065,26.35425909213322
6219,2017-01-10,2017-01-10 23:00:00,224.84025475942335,46.03460418309945
6220,2017-01-11,2017-01-11 23:00:00,201.42413995382125,33.8989638288956
6221,2017-01-12,2017-01-12 23:00:00,215.45459081695228,31.842238029970996
6222,2017-01-13,2017-01-13 23:00:00,200.28214376365682,68.95313756119958
6223,2017-01-14,2017-01-14 23:00:00,118.85555917627691,16.09145268303996
6224,2017-01-15,2017-01-15 23:00:00,144.7278309910398,33.0429501268606
6225,2017-01-16,2017-01-16 23:00:00,152.37429735774717,30.92587640222955
6226,2017-01-17,2017-01-17 23:00:00,163.79160453834285,55.42467773232469
6227,2017-01-18,2017-01-18 23:00:00,190.2216264237709,52.42850741530957
6228,2017-01-19,2017-01-19 23:00:00,181.2631423426392,34.49636944614597
6229,2017-01-20,2017-01-20 23:00:00,187.9602076992928,68.8124256246469
6230,2017-01-21,2017-01-21 23:00:00,173.40318978971425,68.03524856708214
6231,2017-01-22,2017-01-22 23:00:00,128.3387258498358,47.89268913663751
6232,2017-01-23,2017-01-23 23:00:00,197.91894178357424,75.16006433298182
6233,2017-01-24,2017-01-24 23:00:00,254.05081839604995,69.96341363485544
6234,2017-01-25,2017-01-25 23:00:00,222.40305882532925,95.78206362217529
6235,2017-01-26,2017-01-26 23:00:00,245.96277016420126,66.09315425487614
6236,2017-01-27,2017-01-27 23:00:00,225.72027773300556,69.99033436187365
6237,2017-01-28,2017-01-28 23:00:00,208.30520533378703,41.37927700574044
6238,2017-01-29,2017-01-29 23:00:00,226.07472846995483,40.695135216240836
6239,2017-01-30,2017-01-30 23:00:00,227.97247030703147,41.27360515700975
6240,2017-01-31,2017-01-31 23:00:00,208.78043450917252,40.8401710909331
6241,2017-02-01,2017-02-01 23:00:00,179.42268951931774,35.2975771947751
6242,2017-02-02,2017-02-02 23:00:00,191.5492801321789,57.06915887175216
6243,2017-02-03,2017-02-03 23:00:00,190.56713575860758,43.27675920166726
6244,2017-02-04,2017-02-04 23:00:00,220.49977757103193,52.069652934372506
6245,2017-02-05,2017-02-05 23:00:00,156.8121915675056,17.315591501675495
6246,2017-02-06,2017-02-06 23:00:00,206.58132232625744,50.253947118940296
6247,2017-02-07,2017-02-07 23:00:00,252.72456888825204,64.2225557961788
6248,2017-02-08,2017-02-08 23:00:00,226.77965823142168,44.72200849941635
6249,2017-02-09,2017-02-09 23:00:00,230.68021497795178,42.24630201940652
6250,2017-02-10,2017-02-10 23:00:00,286.9078973550639,61.35708916677742
6251,2017-02-11,2017-02-11 23:00:00,261.2842235514664,31.935410929885183
6252,2017-02-12,2017-02-12 23:00:00,245.1828062968901,13.965340732720357
6253,2017-02-13,2017-02-13 23:00:00,317.4696187426711,83.12506535338157
6254,2017-02-14,2017-02-14 23:00:00,332.2369974048283,50.090647302722104
6255,2017-02-15,2017-02-15 23:00:00,331.54418315032655,43.35032118173138
6256,2017-02-16,2017-02-16 23:00:00,284.9161253137531,26.78485386784753
6257,2017-02-17,2017-02-17 23:00:00,274.02124606976,22.956177487261392
6258,2017-02-18,2017-02-18 23:00:00,300.79218068170826,51.01585134508044
6259,2017-02-19,2017-02-19 23:00:00,262.303739239653,46.702352472420515
6260,2017-02-20,2017-02-20 23:00:00,273.1279306744111,36.58032316841409
6261,2017-02-21,2017-02-21 23:00:00,301.3953358595151,34.38720528529777
6262,2017-02-22,2017-02-22 23:00:00,325.9675506601522,57.43841708670702
6263,2017-02-23,2017-02-23 23:00:00,333.5233320670711,34.25747821475781
6264,2017-02-24,2017-02-24 23:00:00,321.369683057904,28.88014522694001
6265,2017-02-25,2017-02-25 23:00:00,325.262774545969,34.36954769395602
6266,2017-02-26,2017-02-26 23:00:00,260.22488564775136,23.664506603905213
6267,2017-02-27,2017-02-27 23:00:00,270.1220062252132,14.807935456460594
6268,2017-02-28,2017-02-28 23:00:00,258.4039985221296,29.65528144377201
6269,2017-03-01,2017-03-01 23:00:00,279.9028001736772,8.709138596783541
6270,2017-03-02,2017-03-02 23:00:00,282.43458076608823,25.714592280794633
6271,2017-03-03,2017-03-03 23:00:00,268.20851869113375,4.2738197629566725
6272,2017-03-04,2017-03-04 23:00:00,260.7577953563633,8.778774912824375
6273,2017-03-05,2017-03-05 23:00:00,242.02741045968924,14.221630543920547
6274,2017-03-06,2017-03-06 23:00:00,238.84816854078667,25.4708556476603
6275,2017-03-07,2017-03-07 23:00:00,225.6831766497958,19.32081535300526
6276,2017-03-08,2017-03-08 23:00:00,216.25890562400693,26.58062615328351
6277,2017-03-09,2017-03-09 23:00:00,233.01875921479174,85.32052165439484
6278,2017-03-10,2017-03-10 23:00:00,208.16052771244418,47.27483984487693
6279,2017-03-11,2017-03-11 23:00:00,216.0719401591175,35.28588498126648
6280,2017-03-12,2017-03-12 23:00:00,219.49976918229007,69.89323140234468
6281,2017-03-13,2017-03-13 23:00:00,224.37175490229447,17.160458473920176
6282,2017-03-14,2017-03-14 23:00:00,189.6039588580209,29.729574976354805
6283,2017-03-15,2017-03-15 23:00:00,203.1525217879965,55.334070587430304
6284,2017-03-16,2017-03-16 23:00:00,204.51532570966734,55.41637585490179
6285,2017-03-17,2017-03-17 23:00:00,188.00270647104722,33.1876538461278
6286,2017-03-18,2017-03-18 23:00:00,201.4899166316258,43.35826207579964
6287,2017-03-19,2017-03-19 23:00:00,162.49741134572565,33.48170570835849
6288,2017-03-20,2017-03-20 23:00:00,193.36996470460315,52.741852451626855
6289,2017-03-21,2017-03-21 23:00:00,191.7883902395588,47.973647523384436
6290,2017-03-22,2017-03-22 23:00:00,246.90320237039984,118.9420506416085
6291,2017-03-23,2017-03-23 23:00:00,196.93026260785155,23.742892936323134
6292,2017-03-24,2017-03-24 23:00:00,212.36537418402767,32.66545062315091
6293,2017-03-25,2017-03-25 23:00:00,156.6338387274316,23.337584841540263
6294,2017-03-26,2017-03-26 23:00:00,131.94497010823048,14.882785062637701
6295,2017-03-27,2017-03-27 23:00:00,128.8580570214261,39.42054169236139
6296,2017-03-28,2017-03-28 23:00:00,136.8867079838923,59.19470595894109
6297,2017-03-29,2017-03-29 23:00:00,131.09164399758126,49.29535587756391
6298,2017-03-30,2017-03-30 23:00:00,126.28082619886015,29.141953794351174
6299,2017-03-31,2017-03-31 23:00:00,126.32758717018544,26.054469243728196
6300,2017-04-01,2017-04-01 23:00:00,112.9824813943455,15.821332165267114
6301,2017-04-02,2017-04-02 23:00:00,127.09378737753313,42.35197359550373
6302,2017-04-03,2017-04-03 23:00:00,185.22562921704,59.99613941757745
6303,2017-04-04,2017-04-04 23:00:00,170.6936367608856,49.84126628815785
6304,2017-04-05,2017-04-05 23:00:00,158.70122332581153,27.37871067055099
6305,2017-04-06,2017-04-06 23:00:00,159.43780377087205,37.49298405215995
6306,2017-04-07,2017-04-07 23:00:00,182.04115482628,35.040196865535606
6307,2017-04-08,2017-04-08 23:00:00,221.575084724608,38.10688986207222
6308,2017-04-09,2017-04-09 23:00:00,227.87113146625688,29.73194382482124
6309,2017-04-10,2017-04-10 23:00:00,181.3702090756507,17.92829174682909
6310,2017-04-11,2017-04-11 23:00:00,150.5830270057752,24.023559728574792
6311,2017-04-12,2017-04-12 23:00:00,145.76911731547332,25.056878379336112
6312,2017-04-13,2017-04-13 23:00:00,113.08891023268443,6.327382121485173
6313,2017-04-14,2017-04-14 23:00:00,123.86919066114352,25.622117980659176
6314,2017-04-15,2017-04-15 23:00:00,117.03963100259443,13.587809600868885
6315,2017-04-16,2017-04-16 23:00:00,118.05128897481923,20.01457394457202
6316,2017-04-17,2017-04-17 23:00:00,154.10466775568366,41.621504629006466
6317,2017-04-18,2017-04-18 23:00:00,188.61885510886108,46.50737923275621
6318,2017-04-19,2017-04-19 23:00:00,180.43895743709223,35.11266199763457
6319,2017-04-20,2017-04-20 23:00:00,188.47856216910145,0.870436473451772
6320,2017-04-21,2017-04-21 23:00:00,176.95531205287065,42.081026693062256
6321,2017-04-22,2017-04-22 23:00:00,161.3715365112341,35.12888336341153
6322,2017-04-23,2017-04-23 23:00:00,172.82552522938306,2.772778890253702
6323,2017-04-24,2017-04-24 23:00:00,174.12930985984636,26.667572098040846
6324,2017-04-25,2017-04-25 23:00:00,174.83673171906057,42.70155248117509
6325,2017-04-26,2017-04-26 23:00:00,155.7604991020112,23.09493940249699
6326,2017-04-27,2017-04-27 23:00:00,166.63153353819604,44.020593226939155
6327,2017-04-28,2017-04-28 23:00:00,162.55809582123774,34.598663701173244
6328,2017-04-29,2017-04-29 23:00:00,139.82557167300533,19.085425661821635
6329,2017-04-30,2017-04-30 23:00:00,149.02808826915455,11.00267290246103
6330,2017-05-01,2017-05-01 23:00:00,171.52703899601224,9.621848214020272
6331,2017-05-02,2017-05-02 23:00:00,157.6208378681561,19.896981986296606
6332,2017-05-03,2017-05-03 23:00:00,150.997607894888,31.51573964547285
6333,2017-05-04,2017-05-04 23:00:00,145.43674389474543,23.202149316403002
6334,2017-05-05,2017-05-05 23:00:00,130.5291858597193,23.526838225454572
6335,2017-05-06,2017-05-06 23:00:00,124.14222139305764,12.847581688524782
6336,2017-05-07,2017-05-07 23:00:00,123.14063642501014,16.918467808302758
6337,2017-05-08,2017-05-08 23:00:00,130.98950170983605,20.407824152305835
6338,2017-05-09,2017-05-09 23:00:00,116.96740393776808,16.60634580375558
6339,2017-05-10,2017-05-10 23:00:00,112.00716328953492,2.1703472029813113
6340,2017-05-11,2017-05-11 23:00:00,105.96740760268199,5.477848816559767
6341,2017-05-12,2017-05-12 23:00:00,111.03551548350167,8.048659718728779
6342,2017-05-13,2017-05-13 23:00:00,107.9191943105892,3.1096118423370838
6343,2017-05-14,2017-05-14 23:00:00,110.074822943278,0.0
6344,2017-05-15,2017-05-15 23:00:00,109.06427963271399,3.154130403486827
6345,2017-05-16,2017-05-16 23:00:00,117.03076036202349,8.890899750971437
6346,2017-05-17,2017-05-17 23:00:00,111.19785310981258,1.5606633748357628
6347,2017-05-18,2017-05-18 23:00:00,111.11059757433567,1.5442060076196864
6348,2017-05-19,2017-05-19 23:00:00,109.0182335853052,1.5442060076196795
6349,2017-05-20,2017-05-20 23:00:00,108.22644515592566,1.3562916799352351
6350,2017-05-21,2017-05-21 23:00:00,104.78785449452572,0.8657002802629143
6351,2017-05-22,2017-05-22 23:00:00,110.19072793118052,2.42146030001984
6352,2017-05-23,2017-05-23 23:00:00,108.2919292212941,1.2928158450237663
6353,2017-05-24,2017-05-24 23:00:00,106.87151323298907,0.0
6354,2017-05-25,2017-05-25 23:00:00,111.34048015760295,2.490212596085961
6355,2017-05-26,2017-05-26 23:00:00,114.0047401716713,3.0555947321184265
6356,2017-05-27,2017-05-27 23:00:00,112.95804086833641,10.35953409230627
6357,2017-05-28,2017-05-28 23:00:00,112.63309861761412,0.0
6358,2017-05-29,2017-05-29 23:00:00,115.45186431371314,0.35836394127026266
6359,2017-05-30,2017-05-30 23:00:00,110.63068517613709,0.6033172862061658
6360,2017-05-31,2017-05-31 23:00:00,135.37792698870757,68.88891669814839
6361,2017-06-01,2017-06-01 23:00:00,114.72845404806374,3.7258062682632676
6362,2017-06-02,2017-06-02 23:00:00,114.74864304240616,7.837585011837563
6363,2017-06-03,2017-06-03 23:00:00,119.88967168759659,4.862786825747692
6364,2017-06-04,2017-06-04 23:00:00,112.67049625804167,2.2206291370699787
6365,2017-06-05,2017-06-05 23:00:00,114.15688908837724,7.594467734053969
6366,2017-06-06,2017-06-06 23:00:00,128.50925266746893,25.557181542577972
6367,2017-06-07,2017-06-07 23:00:00,116.40891626050878,3.5063364511656827
6368,2017-06-08,2017-06-08 23:00:00,117.76263180959893,3.2511885685708255
6369,2017-06-09,2017-06-09 23:00:00,111.69699889757241,0.24727796908958183
6370,2017-06-10,2017-06-10 23:00:00,109.91223845675212,0.09066811589054849
6371,2017-06-11,2017-06-11 23:00:00,112.35286478533459,0.0006769573960411588
6372,2017-06-12,2017-06-12 23:00:00,109.8302517480637,0.001521668861251799
6373,2017-06-13,2017-06-13 23:00:00,114.29930664954077,3.5185358927077948
6374,2017-06-14,2017-06-14 23:00:00,140.26874039713698,43.624874595619694
6375,2017-06-15,2017-06-15 23:00:00,114.69116261128676,0.0
6376,2017-06-16,2017-06-16 23:00:00,110.86503008241557,0.0008305533868244131
6377,2017-06-17,2017-06-17 23:00:00,109.78173648616723,0.0005512769187789223
6378,2017-06-18,2017-06-18 23:00:00,109.84982954400853,0.0005512769187789223
6379,2017-06-19,2017-06-19 23:00:00,112.59566334877962,0.0007217909169104096
6380,2017-06-20,2017-06-20 23:00:00,110.41511305107242,0.0008217951098845397
6381,2017-06-21,2017-06-21 23:00:00,111.29955602683742,0.0008217951098845397
6382,2017-06-22,2017-06-22 23:00:00,112.05614741052342,0.0008217951098845397
6383,2017-06-23,2017-06-23 23:00:00,112.08514599631485,0.0004607081266588136
6384,2017-06-24,2017-06-24 23:00:00,109.8195168816623,0.0007217909169165631
6385,2017-06-25,2017-06-25 23:00:00,111.82483659877867,0.0
6386,2017-06-26,2017-06-26 23:00:00,113.54523784833206,0.0004607081266588136
6387,2017-06-27,2017-06-27 23:00:00,116.45583685022241,3.3505173246920332
6388,2017-06-28,2017-06-28 23:00:00,112.22291567148206,2.9318601586815283
6389,2017-06-29,2017-06-29 23:00:00,110.44948740458814,0.0008305533868385745
6390,2017-06-30,2017-06-30 23:00:00,110.32585585962711,0.0008334523603679145
6391,2017-07-01,2017-07-01 23:00:00,110.20490782878687,0.0006215295524391345
6392,2017-07-02,2017-07-02 23:00:00,107.85840768271898,0.000333258095267782
6393,2017-07-03,2017-07-03 23:00:00,107.57383863253956,1.4210854715202004e-14
6394,2017-07-04,2017-07-04 23:00:00,110.25613242587958,1.6932840398425526
6395,2017-07-05,2017-07-05 23:00:00,108.25184672144509,0.001067512062899141
6396,2017-07-06,2017-07-06 23:00:00,109.54438876071309,0.0009628694423074685
6397,2017-07-07,2017-07-07 23:00:00,110.73388677895868,0.001444304163457357
6398,2017-07-08,2017-07-08 23:00:00,108.61701758759358,2.858181168938774
6399,2017-07-09,2017-07-09 23:00:00,111.91609955823417,4.730247863977611
6400,2017-07-10,2017-07-10 23:00:00,124.14596169075428,11.814057908069381
6401,2017-07-11,2017-07-11 23:00:00,124.39181418480449,16.41835588651982
6402,2017-07-12,2017-07-12 23:00:00,110.4646720439532,1.7453921202548561
6403,2017-07-13,2017-07-13 23:00:00,118.5496195619723,25.567731253084375
6404,2017-07-14,2017-07-14 23:00:00,118.71792776117782,20.70286731779494
6405,2017-07-15,2017-07-15 23:00:00,107.8718357595845,0.9046947422596361
6406,2017-07-16,2017-07-16 23:00:00,110.39918550059735,0.47946909770154383
6407,2017-07-17,2017-07-17 23:00:00,116.45577350467413,8.164549079288808
6408,2017-07-18,2017-07-18 23:00:00,138.8313106996047,39.76590764683747
6409,2017-07-19,2017-07-19 23:00:00,145.4969235568906,41.54073329104706
6410,2017-07-20,2017-07-20 23:00:00,113.47646377061369,13.481365732084814
6411,2017-07-21,2017-07-21 23:00:00,123.06520302151644,27.396813014556866
6412,2017-07-22,2017-07-22 23:00:00,109.53854889536542,3.1792601930530178
6413,2017-07-23,2017-07-23 23:00:00,108.7394351742862,3.075274367957508
6414,2017-07-24,2017-07-24 23:00:00,118.0307526680284,24.002592847865817
6415,2017-07-25,2017-07-25 23:00:00,128.48926773276048,29.825756615387863
6416,2017-07-26,2017-07-26 23:00:00,120.4362240578924,19.227448678019734
6417,2017-07-27,2017-07-27 23:00:00,131.5926933675199,38.171949237597985
6418,2017-07-28,2017-07-28 23:00:00,138.57314473411702,46.02599345502278
6419,2017-07-29,2017-07-29 23:00:00,120.89646993318718,27.71084547319872
6420,2017-07-30,2017-07-30 23:00:00,119.67492631399297,21.443851840835034
6421,2017-07-31,2017-07-31 23:00:00,117.42900193553062,17.859987813458122
6422,2017-08-01,2017-08-01 23:00:00,156.42591357961302,50.188926096233764
6423,2017-08-02,2017-08-02 23:00:00,132.089981399923,27.745342420937085
6424,2017-08-03,2017-08-03 23:00:00,135.03663045221714,32.37571196270527
6425,2017-08-04,2017-08-04 23:00:00,112.71555209682954,7.001515222775123
6426,2017-08-05,2017-08-05 23:00:00,107.85840362414001,2.086020201458579
6427,2017-08-06,2017-08-06 23:00:00,107.158566285969,0.0
6428,2017-08-07,2017-08-07 23:00:00,109.9112287285107,2.1633826657214796
6429,2017-08-08,2017-08-08 23:00:00,117.65363379936055,10.11554774115087
6430,2017-08-09,2017-08-09 23:00:00,113.43167156430474,5.280050654012244
6431,2017-08-10,2017-08-10 23:00:00,113.7437521858836,5.670334341705337
6432,2017-08-11,2017-08-11 23:00:00,109.92646165139189,4.084958146726634
6433,2017-08-12,2017-08-12 23:00:00,114.97368857869235,3.115182534250698
6434,2017-08-13,2017-08-13 23:00:00,114.33338676582719,2.6780974100557464
6435,2017-08-14,2017-08-14 23:00:00,131.97545413479887,41.36808150769231
6436,2017-08-15,2017-08-15 23:00:00,142.64162278980234,45.93129396890777
6437,2017-08-16,2017-08-16 23:00:00,123.20901526812469,8.394927983752188
6438,2017-08-17,2017-08-17 23:00:00,132.87359148690555,26.30477969720514
6439,2017-08-18,2017-08-18 23:00:00,161.61726483047093,39.87007087803809
6440,2017-08-19,2017-08-19 23:00:00,184.46038167051674,25.891975208012624
6441,2017-08-20,2017-08-20 23:00:00,164.04950296226085,23.050359925011616
6442,2017-08-21,2017-08-21 23:00:00,178.67680335612,19.682967772816138
6443,2017-08-22,2017-08-22 23:00:00,177.40530395543533,18.149151829168172
6444,2017-08-23,2017-08-23 23:00:00,180.43203687999048,14.461639751791488
6445,2017-08-24,2017-08-24 23:00:00,193.70737650864598,17.023533846163584
6446,2017-08-25,2017-08-25 23:00:00,189.3008927270711,3.7750246255087148
6447,2017-08-26,2017-08-26 23:00:00,191.1377422976615,6.71689791299855
6448,2017-08-27,2017-08-27 23:00:00,188.23769133380208,8.63362865484146
6449,2017-08-28,2017-08-28 23:00:00,211.94291166938683,10.167852023898748
6450,2017-08-29,2017-08-29 23:00:00,223.25239929964096,19.139245938904434
6451,2017-08-30,2017-08-30 23:00:00,230.73282196776816,11.89784584388754
6452,2017-08-31,2017-08-31 23:00:00,228.41109747018285,9.296913919472072
6453,2017-09-01,2017-09-01 23:00:00,239.66755135012693,22.22858674952587
6454,2017-09-02,2017-09-02 23:00:00,234.54420825890728,13.850927884648094
6455,2017-09-03,2017-09-03 23:00:00,230.16851699888227,9.154042595052365
6456,2017-09-04,2017-09-04 23:00:00,234.38785855861246,20.06864668150802
6457,2017-09-05,2017-09-05 23:00:00,227.5267422781316,15.297811573971241
6458,2017-09-06,2017-09-06 23:00:00,232.6976969619948,12.292843311899727
6459,2017-09-07,2017-09-07 23:00:00,221.5333334007386,7.8711865200695295
6460,2017-09-08,2017-09-08 23:00:00,231.82071695152845,14.184455343654788
6461,2017-09-09,2017-09-09 23:00:00,206.8183713874745,12.57172214044813
6462,2017-09-10,2017-09-10 23:00:00,210.37318718335288,7.121550503780278
6463,2017-09-11,2017-09-11 23:00:00,217.2129920044459,7.884479634907259
6464,2017-09-12,2017-09-12 23:00:00,206.82887590319413,21.600741128994965
6465,2017-09-13,2017-09-13 23:00:00,213.95953872293683,19.37731590344711
6466,2017-09-14,2017-09-14 23:00:00,222.6740694263498,12.05355813084159
6467,2017-09-15,2017-09-15 23:00:00,190.02593745988315,42.54287809975217
6468,2017-09-16,2017-09-16 23:00:00,194.43355290318073,15.422582999768391
6469,2017-09-17,2017-09-17 23:00:00,188.4327331537626,5.557867169270704
6470,2017-09-18,2017-09-18 23:00:00,203.71000860795326,39.111544131235796
6471,2017-09-19,2017-09-19 23:00:00,170.01718784795835,37.91250294783758
6472,2017-09-20,2017-09-20 23:00:00,187.9870153980145,36.770289420782085
6473,2017-09-21,2017-09-21 23:00:00,206.21101837875167,18.872674190425837
6474,2017-09-22,2017-09-22 23:00:00,199.74688456119938,8.753023806496522
6475,2017-09-23,2017-09-23 23:00:00,205.0495008363048,5.7330330395546065
6476,2017-09-24,2017-09-24 23:00:00,189.33692890503553,0.14886856816081692
6477,2017-09-25,2017-09-25 23:00:00,186.80118431324033,27.80256386054248
6478,2017-09-26,2017-09-26 23:00:00,193.1658498559516,18.615508438978324
6479,2017-09-27,2017-09-27 23:00:00,185.7934194751259,6.735599815422354
6480,2017-09-28,2017-09-28 23:00:00,219.46519790886148,51.488416893050044
6481,2017-09-29,2017-09-29 23:00:00,181.71656309771615,38.68795861293306
6482,2017-09-30,2017-09-30 23:00:00,176.79670962281784,15.249294396655703
6483,2017-10-01,2017-10-01 23:00:00,176.82350288654007,13.471742478053622
6484,2017-10-02,2017-10-02 23:00:00,192.92351750619198,18.32668356240576
6485,2017-10-03,2017-10-03 23:00:00,192.08575983498915,48.88498414734007
6486,2017-10-04,2017-10-04 23:00:00,198.29760305989893,7.88955769249682
6487,2017-10-05,2017-10-05 23:00:00,213.8934406981364,12.14642292572566
6488,2017-10-06,2017-10-06 23:00:00,190.9924877662177,45.19433033346872
6489,2017-10-07,2017-10-07 23:00:00,209.28694691429587,15.623727737418314
6490,2017-10-08,2017-10-08 23:00:00,192.6454170894615,19.074282440970578
6491,2017-10-09,2017-10-09 23:00:00,204.70180193952808,8.416308703797439
6492,2017-10-10,2017-10-10 23:00:00,200.0312450843875,34.94440469286387
6493,2017-10-11,2017-10-11 23:00:00,208.38185838370987,8.15737623481935
6494,2017-10-12,2017-10-12 23:00:00,209.82447586185913,6.685344129867756
6495,2017-10-13,2017-10-13 23:00:00,223.2602722889936,20.65961409314746
6496,2017-10-14,2017-10-14 23:00:00,207.22855665948975,3.827216649293088
6497,2017-10-15,2017-10-15 23:00:00,208.6265374839502,2.2412353785469503
6498,2017-10-16,2017-10-16 23:00:00,205.66420436619669,2.862756801501648
6499,2017-10-17,2017-10-17 23:00:00,229.69644167597244,27.513924719264665
6500,2017-10-18,2017-10-18 23:00:00,255.22090692406587,33.06717069761117
6501,2017-10-19,2017-10-19 23:00:00,252.65669747176278,34.60061378839779
6502,2017-10-20,2017-10-20 23:00:00,261.5022502870354,24.41237613923348
6503,2017-10-21,2017-10-21 23:00:00,285.3510032377538,27.242982339329295
6504,2017-10-22,2017-10-22 23:00:00,259.6339298996986,30.227985383940297
6505,2017-10-23,2017-10-23 23:00:00,277.4540465831993,20.41570372123365
6506,2017-10-24,2017-10-24 23:00:00,278.6759441170283,22.82671515973741
6507,2017-10-25,2017-10-25 23:00:00,280.9136715804807,34.345647140582884
6508,2017-10-26,2017-10-26 23:00:00,288.13705888392025,11.526600460323628
6509,2017-10-27,2017-10-27 23:00:00,276.89794838824355,19.881256377286316
6510,2017-10-28,2017-10-28 23:00:00,261.64616611534785,28.985734067014278
6511,2017-10-29,2017-10-29 23:00:00,244.4742837162703,26.757281420611864
6512,2017-10-30,2017-10-30 23:00:00,218.05751259250337,73.37161236606737
6513,2017-10-31,2017-10-31 23:00:00,182.6047248760557,60.63589350925311
6514,2017-11-01,2017-11-01 23:00:00,228.00977461413984,52.952476293716636
6515,2017-11-02,2017-11-02 23:00:00,225.17361588401528,31.176961437276802
6516,2017-11-03,2017-11-03 23:00:00,240.5453578986414,22.984112099080413
6517,2017-11-04,2017-11-04 23:00:00,228.6133288232195,16.146242014491857
6518,2017-11-05,2017-11-05 23:00:00,225.30369102863196,11.146050800554873
6519,2017-11-06,2017-11-06 23:00:00,219.07963897093387,8.400743859268696
6520,2017-11-07,2017-11-07 23:00:00,228.0387718874645,10.258496277645813
6521,2017-11-08,2017-11-08 23:00:00,237.5014887534453,21.83161162104021
6522,2017-11-09,2017-11-09 23:00:00,246.81550875373338,16.77860166340321
6523,2017-11-10,2017-11-10 23:00:00,248.66910794706965,32.15752274648242
6524,2017-11-11,2017-11-11 23:00:00,246.84832728729364,30.246203199950745
6525,2017-11-12,2017-11-12 23:00:00,231.8571578708787,13.311681076017758
6526,2017-11-13,2017-11-13 23:00:00,238.59443286851993,11.766744960808632
6527,2017-11-14,2017-11-14 23:00:00,273.41418256651156,32.207892134904924
6528,2017-11-15,2017-11-15 23:00:00,260.21356985663164,13.765102750632218
6529,2017-11-16,2017-11-16 23:00:00,260.13565491423196,14.734922251086983
6530,2017-11-17,2017-11-17 23:00:00,252.150281559831,7.999707777503435
6531,2017-11-18,2017-11-18 23:00:00,226.60886461436112,12.224818614878266
6532,2017-11-19,2017-11-19 23:00:00,200.23021232028336,8.561205957014472
6533,2017-11-20,2017-11-20 23:00:00,174.01139669619394,52.90235333998083
6534,2017-11-21,2017-11-21 23:00:00,184.9417599336492,51.196752450174955
6535,2017-11-22,2017-11-22 23:00:00,181.62783291289853,53.371978381788836
6536,2017-11-23,2017-11-23 23:00:00,201.31456413788598,42.600494111311306
6537,2017-11-24,2017-11-24 23:00:00,168.68084942858886,27.03873470057238
6538,2017-11-25,2017-11-25 23:00:00,161.67804668709277,22.614663227882808
6539,2017-11-26,2017-11-26 23:00:00,138.82977919194187,21.722811184006915
6540,2017-11-27,2017-11-27 23:00:00,144.33915590051845,14.90618670405729
6541,2017-11-28,2017-11-28 23:00:00,149.38902883478383,24.816470414710032
6542,2017-11-29,2017-11-29 23:00:00,146.2256123938232,24.140264802579647
6543,2017-11-30,2017-11-30 23:00:00,147.1975194754473,28.41011134383518
6544,2017-12-01,2017-12-01 23:00:00,138.76701561033937,15.308931781039147
6545,2017-12-02,2017-12-02 23:00:00,133.37347450272418,10.77566718451111
6546,2017-12-03,2017-12-03 23:00:00,126.25820294193977,3.309066394308376
6547,2017-12-04,2017-12-04 23:00:00,119.91070944493428,8.034086790948184
6548,2017-12-05,2017-12-05 23:00:00,128.18663130914157,6.705496685994084
6549,2017-12-06,2017-12-06 23:00:00,129.68147680257027,7.491792917454279
6550,2017-12-07,2017-12-07 23:00:00,134.31877057215937,9.97709881128254
6551,2017-12-08,2017-12-08 23:00:00,135.02969222720844,0.2638480105721939
6552,2017-12-09,2017-12-09 23:00:00,141.2302379345367,11.97199154770523
6553,2017-12-10,2017-12-10 23:00:00,141.73782710268674,15.669412064067586
6554,2017-12-11,2017-12-11 23:00:00,150.7858220880885,23.513187694784826
6555,2017-12-12,2017-12-12 23:00:00,141.03203634474298,16.746862788968308
6556,2017-12-13,2017-12-13 23:00:00,147.48591044173182,15.727007186870214
6557,2017-12-14,2017-12-14 23:00:00,138.3970999974214,14.209937168308441
6558,2017-12-15,2017-12-15 23:00:00,127.8073421540925,4.532371983501567
6559,2017-12-16,2017-12-16 23:00:00,135.53549937410583,10.396794300042789
6560,2017-12-17,2017-12-17 23:00:00,127.7049724812011,12.762518721884703
6561,2017-12-18,2017-12-18 23:00:00,151.42722284590752,20.1463445240699
6562,2017-12-19,2017-12-19 23:00:00,148.39527643869573,19.213036089284884
6563,2017-12-20,2017-12-20 23:00:00,167.91830130473298,17.31249134534166
6564,2017-12-21,2017-12-21 23:00:00,176.96313499546667,3.888964062295196
6565,2017-12-22,2017-12-22 23:00:00,188.77665041806685,6.4443220141063255
6566,2017-12-23,2017-12-23 23:00:00,192.37502028023627,3.033139529762601
6567,2017-12-24,2017-12-24 23:00:00,201.15362109923475,1.0694262045472926
6568,2017-12-25,2017-12-25 23:00:00,209.01339962273332,5.310466854202879
6569,2017-12-26,2017-12-26 23:00:00,230.6301504991682,12.081516922530684
6570,2017-12-27,2017-12-27 23:00:00,239.2767879548744,11.148079235880362
6571,2017-12-28,2017-12-28 23:00:00,236.55563598490266,17.144894233905994
6572,2017-12-29,2017-12-29 23:00:00,240.81497573610878,34.31562265562443
6573,2017-12-30,2017-12-30 23:00:00,269.73344007798204,19.322600342967696
6574,2017-12-31,2017-12-31 23:00:00,249.70075161657795,16.661257483646157
6575,2018-01-01,2018-01-01 23:00:00,199.06952081519805,12.259985956961852
6576,2018-01-02,2018-01-02 23:00:00,224.2137799756938,31.969666170116305
6577,2018-01-03,2018-01-03 23:00:00,222.1131060533439,33.85063438670584
6578,2018-01-04,2018-01-04 23:00:00,237.28364333028046,16.388194437440013
6579,2018-01-05,2018-01-05 23:00:00,224.34863164480785,14.380187806666452
6580,2018-01-06,2018-01-06 23:00:00,224.22871719735144,7.033846647520868
6581,2018-01-07,2018-01-07 23:00:00,218.83894875606885,5.536278029990083
6582,2018-01-08,2018-01-08 23:00:00,217.2124719985601,12.384718979264822
6583,2018-01-09,2018-01-09 23:00:00,220.77946353447564,19.0206777432796
6584,2018-01-10,2018-01-10 23:00:00,220.9235094486695,3.542511374094722
6585,2018-01-11,2018-01-11 23:00:00,221.52105862308113,4.551754022032531
6586,2018-01-12,2018-01-12 23:00:00,219.47419049751875,8.482836923600898
6587,2018-01-13,2018-01-13 23:00:00,216.37826832869953,4.7552080614802446
6588,2018-01-14,2018-01-14 23:00:00,212.6346590181137,0.5128460795840168
6589,2018-01-15,2018-01-15 23:00:00,188.37479906166323,49.25308770427656
6590,2018-01-16,2018-01-16 23:00:00,207.20667716704824,6.298603548546624
6591,2018-01-17,2018-01-17 23:00:00,198.91275537292725,14.712646290518574
6592,2018-01-18,2018-01-18 23:00:00,199.77593982960448,10.202949434206992
6593,2018-01-19,2018-01-19 23:00:00,200.83036677696282,18.67109985996121
6594,2018-01-20,2018-01-20 23:00:00,191.6989627449684,25.52583819710947
6595,2018-01-21,2018-01-21 23:00:00,154.80766566733362,27.661459085731043
6596,2018-01-22,2018-01-22 23:00:00,194.30097248042713,14.103550820228413
6597,2018-01-23,2018-01-23 23:00:00,189.78563321654838,15.635727700290706
6598,2018-01-24,2018-01-24 23:00:00,186.01717148321563,15.406289428004943
6599,2018-01-25,2018-01-25 23:00:00,187.81942992572579,20.93678868160083
6600,2018-01-26,2018-01-26 23:00:00,185.319505368195,23.25629636365051
6601,2018-01-27,2018-01-27 23:00:00,197.79625493553132,3.2621131485800796
6602,2018-01-28,2018-01-28 23:00:00,189.96519786464162,4.691185252543147
6603,2018-01-29,2018-01-29 23:00:00,198.5815925908445,6.617840294942436
6604,2018-01-30,2018-01-30 23:00:00,196.04996789911502,23.391432447012278
6605,2018-01-31,2018-01-31 23:00:00,200.52944028683888,6.749034887469541
6606,2018-02-01,2018-02-01 23:00:00,226.48365495045405,13.47734369772559
6607,2018-02-02,2018-02-02 23:00:00,218.8723218433669,11.335846713006696
6608,2018-02-03,2018-02-03 23:00:00,243.31795598659843,15.53055073963137
6609,2018-02-04,2018-02-04 23:00:00,238.45533116657353,11.099656332064077
6610,2018-02-05,2018-02-05 23:00:00,240.56882851900465,12.337061273870153
6611,2018-02-06,2018-02-06 23:00:00,213.36071301410175,49.09527727187505
6612,2018-02-07,2018-02-07 23:00:00,244.6000169204909,23.871448385107048
6613,2018-02-08,2018-02-08 23:00:00,216.54987388374812,55.735366871756526
6614,2018-02-09,2018-02-09 23:00:00,218.7949857572415,19.065787990682573
6615,2018-02-10,2018-02-10 23:00:00,214.20277593131115,2.451683644257493
6616,2018-02-11,2018-02-11 23:00:00,218.3207292589319,1.3187953351549755
6617,2018-02-12,2018-02-12 23:00:00,221.8287422496826,4.319068560873805
6618,2018-02-13,2018-02-13 23:00:00,218.7322774384974,3.410824417063221
6619,2018-02-14,2018-02-14 23:00:00,219.00533544750212,24.027710086483978
6620,2018-02-15,2018-02-15 23:00:00,224.1592852930736,20.565400138734894
6621,2018-02-16,2018-02-16 23:00:00,225.8777485457126,16.241437983310178
6622,2018-02-17,2018-02-17 23:00:00,215.4429378657059,5.300457924111898
6623,2018-02-18,2018-02-18 23:00:00,207.8168681131773,3.2795133091726667
6624,2018-02-19,2018-02-19 23:00:00,223.21301246254197,16.998278415827475
6625,2018-02-20,2018-02-20 23:00:00,230.42551979139225,29.49723022857014
6626,2018-02-21,2018-02-21 23:00:00,258.66250030130595,38.45741060782721
6627,2018-02-22,2018-02-22 23:00:00,240.0712993353377,22.74217256880696
6628,2018-02-23,2018-02-23 23:00:00,234.6660371513252,2.747283870065792
6629,2018-02-24,2018-02-24 23:00:00,227.5678953368578,7.0501663876368035
6630,2018-02-25,2018-02-25 23:00:00,232.453820061755,2.9725385888504334
6631,2018-02-26,2018-02-26 23:00:00,245.967865599928,14.86293143039303
6632,2018-02-27,2018-02-27 23:00:00,245.5428355945642,10.955320120622273
6633,2018-02-28,2018-02-28 23:00:00,238.77235141431584,10.695189217621438
6634,2018-03-01,2018-03-01 23:00:00,225.94685050418124,4.372519057467484
6635,2018-03-02,2018-03-02 23:00:00,248.31706795339673,26.51547084326806
6636,2018-03-03,2018-03-03 23:00:00,250.3531985866549,19.676152426047715
6637,2018-03-04,2018-03-04 23:00:00,284.42913874744426,4.560401209611517
6638,2018-03-05,2018-03-05 23:00:00,297.84195201770757,13.255486643695772
6639,2018-03-06,2018-03-06 23:00:00,289.8280255972593,2.7879738434917343
6640,2018-03-07,2018-03-07 23:00:00,293.3849571125788,16.693031718876025
6641,2018-03-08,2018-03-08 23:00:00,289.04358541354327,3.681713722254338
6642,2018-03-09,2018-03-09 23:00:00,291.1329277036029,1.6278883333807854
6643,2018-03-10,2018-03-10 23:00:00,300.6462845356579,16.922708589636052
6644,2018-03-11,2018-03-11 23:00:00,308.8119548735064,17.81724926231654
6645,2018-03-12,2018-03-12 23:00:00,332.5844634916895,22.932966384839798
6646,2018-03-13,2018-03-13 23:00:00,338.63484827712495,24.125346718012032
6647,2018-03-14,2018-03-14 23:00:00,346.52904303890074,25.177520502397897
6648,2018-03-15,2018-03-15 23:00:00,334.2031802306911,26.499921090066767
6649,2018-03-16,2018-03-16 23:00:00,325.2654357983832,17.212989151993042
6650,2018-03-17,2018-03-17 23:00:00,303.1115353018169,7.896489008952866
6651,2018-03-18,2018-03-18 23:00:00,288.69385915804395,15.120444590838039
6652,2018-03-19,2018-03-19 23:00:00,271.15928767902227,20.21242017218747
6653,2018-03-20,2018-03-20 23:00:00,280.6970997152594,27.440702485008167
6654,2018-03-21,2018-03-21 23:00:00,268.9105873928896,36.03304123080348
6655,2018-03-22,2018-03-22 23:00:00,251.14827784320968,16.274933322256977
6656,2018-03-23,2018-03-23 23:00:00,235.79397769791208,2.8510043019247506
6657,2018-03-24,2018-03-24 23:00:00,231.08430073971144,0.09954021837956586
6658,2018-03-25,2018-03-25 23:00:00,249.07417457223406,9.46504167314145
6659,2018-03-26,2018-03-26 23:00:00,272.4490376601897,17.052059194488283
6660,2018-03-27,2018-03-27 23:00:00,283.7110257697413,8.324059758634705
6661,2018-03-28,2018-03-28 23:00:00,291.01813270506847,13.35623462328348
6662,2018-03-29,2018-03-29 23:00:00,272.1617935552823,8.76115685964027
6663,2018-03-30,2018-03-30 23:00:00,188.18923176165796,79.28300479886367
6664,2018-03-31,2018-03-31 23:00:00,249.82587204530958,19.711262710871736
6665,2018-04-01,2018-04-01 23:00:00,191.27931070930512,47.08925364252911
6666,2018-04-02,2018-04-02 23:00:00,249.68945164544115,41.90266176707926
6667,2018-04-03,2018-04-03 23:00:00,242.8437727590156,44.78814599090908
6668,2018-04-04,2018-04-04 23:00:00,225.09024291061655,43.88030569690171
6669,2018-04-05,2018-04-05 23:00:00,210.88282825561066,25.450421545500088
6670,2018-04-06,2018-04-06 23:00:00,180.9589299063905,23.54441011176267
6671,2018-04-07,2018-04-07 23:00:00,194.06967503280612,7.87067195276145
6672,2018-04-08,2018-04-08 23:00:00,164.97856847771425,11.367031981407223
6673,2018-04-09,2018-04-09 23:00:00,175.49799824774536,51.25646281971666
6674,2018-04-10,2018-04-10 23:00:00,183.40179376463539,25.45408325731277
6675,2018-04-11,2018-04-11 23:00:00,223.7696108580126,53.91967137387269
6676,2018-04-12,2018-04-12 23:00:00,184.45956981701923,33.66857174129324
6677,2018-04-13,2018-04-13 23:00:00,196.00253402732892,35.38380071108643
6678,2018-04-14,2018-04-14 23:00:00,189.12612202362857,16.10404824052412
6679,2018-04-15,2018-04-15 23:00:00,166.09481583993872,22.253264801869946
6680,2018-04-16,2018-04-16 23:00:00,197.13899442833795,55.31567148869769
6681,2018-04-17,2018-04-17 23:00:00,199.55398494398506,25.348570296531275
6682,2018-04-18,2018-04-18 23:00:00,213.05609212703916,55.80555484277011
6683,2018-04-19,2018-04-19 23:00:00,205.98859689910796,36.30929551449374
6684,2018-04-20,2018-04-20 23:00:00,188.39383049628944,56.30941380357626
6685,2018-04-21,2018-04-21 23:00:00,126.87989339146064,8.735659404712484
6686,2018-04-22,2018-04-22 23:00:00,136.685520158529,39.49626382444073
6687,2018-04-23,2018-04-23 23:00:00,197.72379402276457,31.16248806800456
6688,2018-04-24,2018-04-24 23:00:00,218.47960074182598,31.301549779218327
6689,2018-04-25,2018-04-25 23:00:00,207.23123657125043,43.668939171448905
6690,2018-04-26,2018-04-26 23:00:00,179.12437634213734,43.840303938631
6691,2018-04-27,2018-04-27 23:00:00,166.91724432961394,44.22749744812968
6692,2018-04-28,2018-04-28 23:00:00,144.08680082646984,37.32979911921768
6693,2018-04-29,2018-04-29 23:00:00,114.69655048756833,6.010701657016479
6694,2018-04-30,2018-04-30 23:00:00,153.63332335820624,48.372715106335285
6695,2018-05-01,2018-05-01 23:00:00,125.51132047854729,13.332089750843386
6696,2018-05-02,2018-05-02 23:00:00,133.95185020028904,13.340840443199761
6697,2018-05-03,2018-05-03 23:00:00,126.54727729180938,11.848931120545563
6698,2018-05-04,2018-05-04 23:00:00,114.59745532424506,3.805930456173823
6699,2018-05-05,2018-05-05 23:00:00,129.56489853464203,2.897499018317257
6700,2018-05-06,2018-05-06 23:00:00,124.34129755569738,6.744924778334375
6701,2018-05-07,2018-05-07 23:00:00,140.70563235320301,22.894855266020052
6702,2018-05-08,2018-05-08 23:00:00,177.85467374998223,49.96762702374781
6703,2018-05-09,2018-05-09 23:00:00,123.27774183050842,9.412834624826798
6704,2018-05-10,2018-05-10 23:00:00,120.68911164678478,9.134650965350163
6705,2018-05-11,2018-05-11 23:00:00,115.15995167097232,7.686510229774588
6706,2018-05-12,2018-05-12 23:00:00,107.78736448857596,3.7228396574997045
6707,2018-05-13,2018-05-13 23:00:00,108.16560924821492,1.5278891419239622
6708,2018-05-14,2018-05-14 23:00:00,108.28302056306137,1.5024080117369552
6709,2018-05-15,2018-05-15 23:00:00,104.73699987074916,2.709551034972647
6710,2018-05-16,2018-05-16 23:00:00,106.41020143200357,4.116464163410749
6711,2018-05-17,2018-05-17 23:00:00,114.50138759935692,3.9683187896296284
6712,2018-05-18,2018-05-18 23:00:00,112.10573140210454,3.9726341607715443
6713,2018-05-19,2018-05-19 23:00:00,111.16274161534098,3.711729078181456
6714,2018-05-20,2018-05-20 23:00:00,105.58164628963249,3.836634876772192
6715,2018-05-21,2018-05-21 23:00:00,111.27678799836985,13.3882473139005
6716,2018-05-22,2018-05-22 23:00:00,112.81641686551934,6.150917150038719
6717,2018-05-23,2018-05-23 23:00:00,117.71013589092439,7.38657217292678
6718,2018-05-24,2018-05-24 23:00:00,119.97020528824832,0.646808987932133
6719,2018-05-25,2018-05-25 23:00:00,121.12734817961378,2.39933905267279
6720,2018-05-26,2018-05-26 23:00:00,145.48874272640242,35.14700102924945
6721,2018-05-27,2018-05-27 23:00:00,124.91763649853961,25.856045847188696
6722,2018-05-28,2018-05-28 23:00:00,113.54216902684816,5.492858764266029
6723,2018-05-29,2018-05-29 23:00:00,111.82602144476807,2.6314930983478604
6724,2018-05-30,2018-05-30 23:00:00,112.25423058863106,2.398152118683417
6725,2018-05-31,2018-05-31 23:00:00,165.33456594208408,60.929232419434946
6726,2018-06-01,2018-06-01 23:00:00,117.53987254637967,2.438618446464557
6727,2018-06-02,2018-06-02 23:00:00,115.3874095123669,1.2514680294268021
6728,2018-06-03,2018-06-03 23:00:00,111.95426769501167,0.8650066843054143
6729,2018-06-04,2018-06-04 23:00:00,113.86909106939544,1.0984855213958034
6730,2018-06-05,2018-06-05 23:00:00,116.2015829248448,4.788205960732891
6731,2018-06-06,2018-06-06 23:00:00,106.42257995455903,3.7962889989138326
6732,2018-06-07,2018-06-07 23:00:00,112.68492033393748,0.6529273121474509
6733,2018-06-08,2018-06-08 23:00:00,121.4291842979987,0.9423828861159532
6734,2018-06-09,2018-06-09 23:00:00,123.52090005629894,0.7143824528969176
6735,2018-06-10,2018-06-10 23:00:00,122.18473998161254,0.5879514295130878
6736,2018-06-11,2018-06-11 23:00:00,111.79234136789745,0.7547827883508472
6737,2018-06-12,2018-06-12 23:00:00,112.98294381943755,2.510199744706764
6738,2018-06-13,2018-06-13 23:00:00,112.42253647066225,1.1171855721472685
6739,2018-06-14,2018-06-14 23:00:00,112.69844874470043,1.094229239569163
6740,2018-06-15,2018-06-15 23:00:00,125.17024351320309,1.4528472274411643
6741,2018-06-16,2018-06-16 23:00:00,116.37703766272197,4.2002115897102
6742,2018-06-17,2018-06-17 23:00:00,110.80123788040844,3.911023149578293
6743,2018-06-18,2018-06-18 23:00:00,112.81260160932929,0.7313292856899638
6744,2018-06-19,2018-06-19 23:00:00,113.62738077154289,1.1570355720347711
6745,2018-06-20,2018-06-20 23:00:00,113.7256629930976,0.8828833022605694
6746,2018-06-21,2018-06-21 23:00:00,113.87750426016844,1.5713065747744626
6747,2018-06-22,2018-06-22 23:00:00,116.37196013382665,0.7589724006757574
6748,2018-06-23,2018-06-23 23:00:00,117.12487744081409,0.44318274206391417
6749,2018-06-24,2018-06-24 23:00:00,116.52090457105051,0.753092898351383
6750,2018-06-25,2018-06-25 23:00:00,166.0112287249126,41.84136859924157
6751,2018-06-26,2018-06-26 23:00:00,144.83717671735062,27.92344525128279
6752,2018-06-27,2018-06-27 23:00:00,126.95598565725037,27.637237464059105
6753,2018-06-28,2018-06-28 23:00:00,144.61055362624742,31.25036443065669
6754,2018-06-29,2018-06-29 23:00:00,115.25707639924342,4.1518814218298665
6755,2018-06-30,2018-06-30 23:00:00,117.64797599031515,0.6554062708478664
6756,2018-07-01,2018-07-01 23:00:00,117.15284088147934,2.6292656167262614
6757,2018-07-02,2018-07-02 23:00:00,111.03454884107748,2.6282233627497997
6758,2018-07-03,2018-07-03 23:00:00,109.26120606519504,2.678577964343574
6759,2018-07-04,2018-07-04 23:00:00,123.99289463240599,40.95831876118841
6760,2018-07-05,2018-07-05 23:00:00,111.60585670374144,1.6477293242010076
6761,2018-07-06,2018-07-06 23:00:00,115.23358925142004,17.93441482799603
6762,2018-07-07,2018-07-07 23:00:00,114.54663475231179,0.37148654151971383
6763,2018-07-08,2018-07-08 23:00:00,116.68989580417177,0.8030276622588766
6764,2018-07-09,2018-07-09 23:00:00,164.09351138867075,54.97910390809575
6765,2018-07-10,2018-07-10 23:00:00,164.44057260566433,66.74015334675471
6766,2018-07-11,2018-07-11 23:00:00,143.62075986538136,65.51025829724571
6767,2018-07-12,2018-07-12 23:00:00,116.4461105379665,31.253569027088307
6768,2018-07-13,2018-07-13 23:00:00,154.6128136115934,71.27863540282314
6769,2018-07-14,2018-07-14 23:00:00,110.0002500737675,0.29381951933991207
6770,2018-07-15,2018-07-15 23:00:00,117.03606204020268,0.18663165952925567
6771,2018-07-16,2018-07-16 23:00:00,115.66223930521141,1.381496610146646
6772,2018-07-17,2018-07-17 23:00:00,123.57984743949436,5.943428900943726
6773,2018-07-18,2018-07-18 23:00:00,143.6441048507335,52.66735134147547
6774,2018-07-19,2018-07-19 23:00:00,175.72857391214222,73.55234618383678
6775,2018-07-20,2018-07-20 23:00:00,120.30854914738548,3.27996506328487
6776,2018-07-21,2018-07-21 23:00:00,124.36431442764928,6.448677886866103
6777,2018-07-22,2018-07-22 23:00:00,114.28845970183283,1.7163215931520404
6778,2018-07-23,2018-07-23 23:00:00,169.79245362926102,68.4864103276588
6779,2018-07-24,2018-07-24 23:00:00,119.23766668536257,3.408777784261285
6780,2018-07-25,2018-07-25 23:00:00,164.0940909697159,61.54403892755289
6781,2018-07-26,2018-07-26 23:00:00,117.68910430885713,5.451155294505204
6782,2018-07-27,2018-07-27 23:00:00,140.2089899980166,62.71611585153401
6783,2018-07-28,2018-07-28 23:00:00,117.33404756916673,3.8391040747470857
6784,2018-07-29,2018-07-29 23:00:00,125.41308385100665,0.677854548821545
6785,2018-07-30,2018-07-30 23:00:00,129.37795734476708,33.67227056278612
6786,2018-07-31,2018-07-31 23:00:00,115.18218715203263,0.34241946204849383
6787,2018-08-01,2018-08-01 23:00:00,147.58475807821677,63.593079712676015
6788,2018-08-02,2018-08-02 23:00:00,177.49453130500567,76.55940525922531
6789,2018-08-03,2018-08-03 23:00:00,136.73590535511315,49.90069563828747
6790,2018-08-04,2018-08-04 23:00:00,126.09132148530232,29.700341300764272
6791,2018-08-05,2018-08-05 23:00:00,118.38938195388944,3.2852427431482223
6792,2018-08-06,2018-08-06 23:00:00,117.41621450697498,3.254962327707919
6793,2018-08-07,2018-08-07 23:00:00,116.62926003944169,0.6881828008964269
6794,2018-08-08,2018-08-08 23:00:00,155.34851730318942,59.95525463985081
6795,2018-08-09,2018-08-09 23:00:00,179.2105959178106,64.0232073323504
6796,2018-08-10,2018-08-10 23:00:00,155.56345113061948,60.79020870709636
6797,2018-08-11,2018-08-11 23:00:00,177.6552463532888,61.34826011544455
6798,2018-08-12,2018-08-12 23:00:00,131.10590293376916,29.067055645177955
6799,2018-08-13,2018-08-13 23:00:00,206.20238267874598,71.62254059054399
6800,2018-08-14,2018-08-14 23:00:00,191.07835619907414,56.922986013496114
6801,2018-08-15,2018-08-15 23:00:00,149.10889085148722,42.48676582591737
6802,2018-08-16,2018-08-16 23:00:00,159.15955063140785,65.75877061187519
6803,2018-08-17,2018-08-17 23:00:00,166.9333959440144,85.78050036234411
6804,2018-08-18,2018-08-18 23:00:00,121.79377847724918,4.301824877274144
6805,2018-08-19,2018-08-19 23:00:00,124.41730288010314,1.6124080537916277
6806,2018-08-20,2018-08-20 23:00:00,129.32716241387863,2.9920986531991116
6807,2018-08-21,2018-08-21 23:00:00,142.47033351665837,33.9703182147032
6808,2018-08-22,2018-08-22 23:00:00,170.95706640111734,70.35311247541581
6809,2018-08-23,2018-08-23 23:00:00,215.435662793519,87.25688125308794
6810,2018-08-24,2018-08-24 23:00:00,184.45703083457548,89.63586251925798
6811,2018-08-25,2018-08-25 23:00:00,159.24099323118116,75.4495965627956
6812,2018-08-26,2018-08-26 23:00:00,123.54568828083647,0.7508575005785639
6813,2018-08-27,2018-08-27 23:00:00,123.97167604987692,14.426904891499309
6814,2018-08-28,2018-08-28 23:00:00,124.54579683636412,30.1491981085905
6815,2018-08-29,2018-08-29 23:00:00,135.15086025922065,22.354825485130387
6816,2018-08-30,2018-08-30 23:00:00,168.32845318202519,65.50815744408604
6817,2018-08-31,2018-08-31 23:00:00,223.81710199497925,89.84524778647258
6818,2018-09-01,2018-09-01 23:00:00,191.27390052956116,73.47672791401888
6819,2018-09-02,2018-09-02 23:00:00,124.55795654412914,0.93764026637235
6820,2018-09-03,2018-09-03 23:00:00,138.1795147793806,29.207655347735383
6821,2018-09-04,2018-09-04 23:00:00,187.59871512289013,80.10384906231256
6822,2018-09-05,2018-09-05 23:00:00,192.3228793775326,73.63212659330541
6823,2018-09-06,2018-09-06 23:00:00,158.01688902445403,48.10228745332026
6824,2018-09-07,2018-09-07 23:00:00,118.45043979048576,0.7081069252407648
6825,2018-09-08,2018-09-08 23:00:00,114.96748979743658,1.176851619089074
6826,2018-09-09,2018-09-09 23:00:00,119.27698674595494,2.8489417396713885
6827,2018-09-10,2018-09-10 23:00:00,124.55419038487416,25.596985880391365
6828,2018-09-11,2018-09-11 23:00:00,129.1746011187415,11.196257029900977
6829,2018-09-12,2018-09-12 23:00:00,151.83212433908207,33.42174993864237
6830,2018-09-13,2018-09-13 23:00:00,145.07383085769777,26.88076295072377
6831,2018-09-14,2018-09-14 23:00:00,134.80846353376083,13.538577609898539
6832,2018-09-15,2018-09-15 23:00:00,121.5980994584826,3.994166905114412
6833,2018-09-16,2018-09-16 23:00:00,123.87995110325916,2.8100201037671155
6834,2018-09-17,2018-09-17 23:00:00,180.5738711153897,74.16429728855188
6835,2018-09-18,2018-09-18 23:00:00,155.2550147103788,40.77059736531362
6836,2018-09-19,2018-09-19 23:00:00,166.40135684591334,48.10185394771489
6837,2018-09-20,2018-09-20 23:00:00,142.98165546622135,23.2919043035522
6838,2018-09-21,2018-09-21 23:00:00,148.46399247172852,20.404836075056547
6839,2018-09-22,2018-09-22 23:00:00,145.3769838280795,15.78094296766019
6840,2018-09-23,2018-09-23 23:00:00,150.87311395502664,11.174156308031824
6841,2018-09-24,2018-09-24 23:00:00,174.0598000239531,23.070217692554262
6842,2018-09-25,2018-09-25 23:00:00,228.54228562305912,46.77688625665568
6843,2018-09-26,2018-09-26 23:00:00,227.45343817557955,41.640110423405766
6844,2018-09-27,2018-09-27 23:00:00,216.06856186778722,48.21463726128227
6845,2018-09-28,2018-09-28 23:00:00,233.26877516517888,73.11771831211347
6846,2018-09-29,2018-09-29 23:00:00,249.78758783316434,67.05792186693314
6847,2018-09-30,2018-09-30 23:00:00,213.37908060777136,29.871466181294238
6848,2018-10-01,2018-10-01 23:00:00,261.17995608579093,51.384271072956345
6849,2018-10-02,2018-10-02 23:00:00,278.83329414145004,22.589342521730917
6850,2018-10-03,2018-10-03 23:00:00,251.64514732508815,62.048307752119676
6851,2018-10-04,2018-10-04 23:00:00,213.48068697576437,93.78250363139128
6852,2018-10-05,2018-10-05 23:00:00,209.1319622716713,60.40955279698169
6853,2018-10-06,2018-10-06 23:00:00,169.128331402667,26.164097665117996
6854,2018-10-07,2018-10-07 23:00:00,158.9497497289991,34.30780953378715
6855,2018-10-08,2018-10-08 23:00:00,173.40154397047795,63.43258684761611
6856,2018-10-09,2018-10-09 23:00:00,154.8674547391457,52.07051862399116
6857,2018-10-10,2018-10-10 23:00:00,122.28694556670946,7.409044161223078
6858,2018-10-11,2018-10-11 23:00:00,134.74082572310422,11.527514441171242
6859,2018-10-12,2018-10-12 23:00:00,133.2457262362835,9.456116414172717
6860,2018-10-13,2018-10-13 23:00:00,119.83451951925021,1.5549676613779646
6861,2018-10-14,2018-10-14 23:00:00,116.69309221521628,3.2696827327407374
6862,2018-10-15,2018-10-15 23:00:00,151.9265625807042,39.272428990121
6863,2018-10-16,2018-10-16 23:00:00,195.69239420150373,79.47455606268355
6864,2018-10-17,2018-10-17 23:00:00,214.93357871182582,92.55978472102854
6865,2018-10-18,2018-10-18 23:00:00,224.57916939341465,93.21198684818975
6866,2018-10-19,2018-10-19 23:00:00,193.8068085808451,85.8364792357991
6867,2018-10-20,2018-10-20 23:00:00,156.63237237414114,50.04208903287077
6868,2018-10-21,2018-10-21 23:00:00,140.62220460930249,10.455671390047103
6869,2018-10-22,2018-10-22 23:00:00,185.3129337059014,62.09534907853075
6870,2018-10-23,2018-10-23 23:00:00,170.81027805076897,63.99908221388382
6871,2018-10-24,2018-10-24 23:00:00,237.02616796805395,141.55116678173817
6872,2018-10-25,2018-10-25 23:00:00,250.61687844952834,58.246841421406714
6873,2018-10-26,2018-10-26 23:00:00,205.36090916909657,50.3312238604726
6874,2018-10-27,2018-10-27 23:00:00,227.65467796405844,48.53378217701667
6875,2018-10-28,2018-10-28 23:00:00,230.54103835291207,50.86452793495218
6876,2018-10-29,2018-10-29 23:00:00,290.687542315063,54.86682773736246
6877,2018-10-30,2018-10-30 23:00:00,256.6599275199805,61.46287243694756
6878,2018-10-31,2018-10-31 23:00:00,255.4547378224879,10.31275250263611
6879,2018-11-01,2018-11-01 23:00:00,255.02785448397677,5.727567141665928
6880,2018-11-02,2018-11-02 23:00:00,260.69527696820904,15.837495798503458
6881,2018-11-03,2018-11-03 23:00:00,216.50404702943615,47.96732911071474
6882,2018-11-04,2018-11-04 23:00:00,185.36969119373654,11.218801638658329
6883,2018-11-05,2018-11-05 23:00:00,180.9604000452441,14.334061285380315
6884,2018-11-06,2018-11-06 23:00:00,181.66737199873774,40.5355028436863
6885,2018-11-07,2018-11-07 23:00:00,155.22519478146378,39.30506922886277
6886,2018-11-08,2018-11-08 23:00:00,146.74369015126246,49.996881700307874
6887,2018-11-09,2018-11-09 23:00:00,158.2495156898552,23.09174126926726
6888,2018-11-10,2018-11-10 23:00:00,149.6182887510406,19.554259255345293
6889,2018-11-11,2018-11-11 23:00:00,136.4976934984965,3.859076631769802
6890,2018-11-12,2018-11-12 23:00:00,132.30462410491293,5.465584260950063
6891,2018-11-13,2018-11-13 23:00:00,146.26345242714953,20.92537034266002
6892,2018-11-14,2018-11-14 23:00:00,174.5433630420649,152.5620452487272
6893,2018-11-15,2018-11-15 23:00:00,140.64941293190623,20.32155264738662
6894,2018-11-16,2018-11-16 23:00:00,148.92017194823737,18.775679409193657
6895,2018-11-17,2018-11-17 23:00:00,156.12803129759172,13.750625043391354
6896,2018-11-18,2018-11-18 23:00:00,162.67260446109188,12.028407756125189
6897,2018-11-19,2018-11-19 23:00:00,160.70007003237845,23.078310634575608
6898,2018-11-20,2018-11-20 23:00:00,174.495678779671,14.404561036213039
6899,2018-11-21,2018-11-21 23:00:00,149.5893848097504,16.017159599933592
6900,2018-11-22,2018-11-22 23:00:00,162.9600777298382,4.047124183268358
6901,2018-11-23,2018-11-23 23:00:00,159.31022704581946,7.114785919911645
6902,2018-11-24,2018-11-24 23:00:00,154.77245307795286,5.343656388617923
6903,2018-11-25,2018-11-25 23:00:00,157.70688964785623,4.185595225382903
6904,2018-11-26,2018-11-26 23:00:00,165.28665996269692,11.163219430294719
6905,2018-11-27,2018-11-27 23:00:00,152.58580475273234,22.87674453703626
6906,2018-11-28,2018-11-28 23:00:00,173.96212779216503,42.644966563823715
6907,2018-11-29,2018-11-29 23:00:00,167.51916627604723,22.498712534316258
6908,2018-11-30,2018-11-30 23:00:00,159.0402817192028,21.699781950835856
6909,2018-12-01,2018-12-01 23:00:00,141.91255180811967,14.85531995700233
6910,2018-12-02,2018-12-02 23:00:00,143.69494192333445,15.394423306447738
6911,2018-12-03,2018-12-03 23:00:00,153.23123571199082,14.049156286012122
6912,2018-12-04,2018-12-04 23:00:00,162.21982080118644,5.422862722904257
6913,2018-12-05,2018-12-05 23:00:00,148.5760593517641,20.027274271718493
6914,2018-12-06,2018-12-06 23:00:00,173.21648039550587,18.966532814566882
6915,2018-12-07,2018-12-07 23:00:00,185.5132155484141,20.74113955497973
6916,2018-12-08,2018-12-08 23:00:00,174.41088470897589,17.263699125872805
6917,2018-12-09,2018-12-09 23:00:00,219.2065730686173,11.934853046811364
6918,2018-12-10,2018-12-10 23:00:00,242.60727003762284,59.070186565593566
6919,2018-12-11,2018-12-11 23:00:00,287.3922500996908,32.04605352790434
6920,2018-12-12,2018-12-12 23:00:00,284.8970162351436,21.042853947146867
6921,2018-12-13,2018-12-13 23:00:00,306.1509254710318,2.3450920121175245
6922,2018-12-14,2018-12-14 23:00:00,311.65341024807407,9.414233576429979
6923,2018-12-15,2018-12-15 23:00:00,317.7981014427145,8.724278049039253
6924,2018-12-16,2018-12-16 23:00:00,323.754607341945,9.509585515512027
6925,2018-12-17,2018-12-17 23:00:00,321.0295153914808,13.388532255753805
6926,2018-12-18,2018-12-18 23:00:00,323.4072921992477,10.300594616401021
6927,2018-12-19,2018-12-19 23:00:00,336.2599176722347,12.646596221890583
6928,2018-12-20,2018-12-20 23:00:00,357.4077546031699,13.347383354514166
6929,2018-12-21,2018-12-21 23:00:00,359.516032571006,29.49270357368523
6930,2018-12-22,2018-12-22 23:00:00,370.73557983132383,15.569476311214942
6931,2018-12-23,2018-12-23 23:00:00,380.2018619415876,1.459083874013111
6932,2018-12-24,2018-12-24 23:00:00,379.219056796649,1.9772516475066426
6933,2018-12-25,2018-12-25 23:00:00,254.87563689159106,80.41502724955261
6934,2018-12-26,2018-12-26 23:00:00,392.7504225643989,16.03379547986617
6935,2018-12-27,2018-12-27 23:00:00,431.6319917018218,37.77188322278902
6936,2018-12-28,2018-12-28 23:00:00,474.6107426521292,12.27880778174661
6937,2018-12-29,2018-12-29 23:00:00,482.97463159608833,18.60009718481354
6938,2018-12-30,2018-12-30 23:00:00,521.7935926196582,38.397624825533356
6939,2018-12-31,2018-12-31 23:00:00,552.8013144558872,62.88445405886029
6940,2019-01-01,2019-01-01 23:00:00,470.9172330639878,84.61274965414556
6941,2019-01-02,2019-01-02 23:00:00,535.5738942476522,52.60903895039924
6942,2019-01-03,2019-01-03 23:00:00,592.4437221926186,51.38469392319294
6943,2019-01-04,2019-01-04 23:00:00,599.1985240161606,16.909479636428184
6944,2019-01-05,2019-01-05 23:00:00,573.5215941013321,60.757980636463245
6945,2019-01-06,2019-01-06 23:00:00,500.8262744987989,86.34195465952389
6946,2019-01-07,2019-01-07 23:00:00,532.801101008954,95.9143838570787
6947,2019-01-08,2019-01-08 23:00:00,572.3318709543568,41.30197086063542
6948,2019-01-09,2019-01-09 23:00:00,515.5571917318192,82.7264457899515
6949,2019-01-10,2019-01-10 23:00:00,527.0755851081021,42.35852715957498
6950,2019-01-11,2019-01-11 23:00:00,546.802767071413,31.960351650331738
6951,2019-01-12,2019-01-12 23:00:00,466.1098226010046,45.12626061850228
6952,2019-01-13,2019-01-13 23:00:00,408.32396229089323,73.16741517273363
6953,2019-01-14,2019-01-14 23:00:00,427.87711511465386,68.68111366028955
6954,2019-01-15,2019-01-15 23:00:00,402.41698342432846,41.60267176230906
6955,2019-01-16,2019-01-16 23:00:00,351.1566457523477,68.7209579308292
6956,2019-01-17,2019-01-17 23:00:00,389.4012707490719,12.167898374431044
6957,2019-01-18,2019-01-18 23:00:00,347.77021235640973,48.814818901677974
6958,2019-01-19,2019-01-19 23:00:00,304.9308396069011,38.22428993668349
6959,2019-01-20,2019-01-20 23:00:00,270.03487024241105,27.05847734205448
6960,2019-01-21,2019-01-21 23:00:00,312.6370462633763,13.20698517091046
6961,2019-01-22,2019-01-22 23:00:00,347.072963581568,77.13754192511955
6962,2019-01-23,2019-01-23 23:00:00,354.57642904127533,65.692301707135
6963,2019-01-24,2019-01-24 23:00:00,464.08465114653853,72.53065050842137
6964,2019-01-25,2019-01-25 23:00:00,521.3409211094125,33.44227569436758
6965,2019-01-26,2019-01-26 23:00:00,456.5748761039528,76.49522381780515
6966,2019-01-27,2019-01-27 23:00:00,383.28419659314255,91.04775570169005
6967,2019-01-28,2019-01-28 23:00:00,488.3462039484603,39.13577930678643
6968,2019-01-29,2019-01-29 23:00:00,473.4204311683773,58.418401431170594
6969,2019-01-30,2019-01-30 23:00:00,475.9288677680716,80.2426490019031
6970,2019-01-31,2019-01-31 23:00:00,497.52709354444204,47.17770539588578
6971,2019-02-01,2019-02-01 23:00:00,492.5474110830078,25.85575345125955
6972,2019-02-02,2019-02-02 23:00:00,437.2212444290912,27.13463643055307
6973,2019-02-03,2019-02-03 23:00:00,442.66992293526647,58.93052037334782
6974,2019-02-04,2019-02-04 23:00:00,462.153496654586,85.28762266536373
6975,2019-02-05,2019-02-05 23:00:00,483.3362433058449,111.68367103289154
6976,2019-02-06,2019-02-06 23:00:00,495.86383518510985,69.21926923231
6977,2019-02-07,2019-02-07 23:00:00,432.43266520536275,36.799307718512665
6978,2019-02-08,2019-02-08 23:00:00,421.3794615484272,46.11061063151785
6979,2019-02-09,2019-02-09 23:00:00,438.3484132406479,12.063341127914342
6980,2019-02-10,2019-02-10 23:00:00,416.64107555742953,56.69694605930793
6981,2019-02-11,2019-02-11 23:00:00,392.4220677683972,33.324971961243094
6982,2019-02-12,2019-02-12 23:00:00,391.020351778304,38.09883519367236
6983,2019-02-13,2019-02-13 23:00:00,393.39007860379337,52.572309724964846
6984,2019-02-14,2019-02-14 23:00:00,407.64075212749805,74.36435799529103
6985,2019-02-15,2019-02-15 23:00:00,517.538783658601,174.08647442653663
6986,2019-02-16,2019-02-16 23:00:00,434.6841619015459,93.01061534217806
6987,2019-02-17,2019-02-17 23:00:00,408.11690469461655,38.23747429237516
6988,2019-02-18,2019-02-18 23:00:00,534.4585859935676,68.2183146834672
6989,2019-02-19,2019-02-19 23:00:00,589.0271289682876,49.21587396086825
6990,2019-02-20,2019-02-20 23:00:00,555.1868636176731,115.65566004987255
6991,2019-02-21,2019-02-21 23:00:00,552.055168476826,75.97126190077837
6992,2019-02-22,2019-02-22 23:00:00,597.6655923035455,26.597214626189242
6993,2019-02-23,2019-02-23 23:00:00,599.7238716130782,35.43467813301591
6994,2019-02-24,2019-02-24 23:00:00,511.51097360885166,76.86828298901872
6995,2019-02-25,2019-02-25 23:00:00,573.5691857072077,106.87474373121556
6996,2019-02-26,2019-02-26 23:00:00,463.1286930530735,108.060619004429
6997,2019-02-27,2019-02-27 23:00:00,536.555456983065,55.535126314021724
6998,2019-02-28,2019-02-28 23:00:00,493.10794578676047,107.7508612104366
6999,2019-03-01,2019-03-01 23:00:00,504.540249090583,75.9353755392267
7000,2019-03-02,2019-03-02 23:00:00,526.6573994265982,45.88105182716502
7001,2019-03-03,2019-03-03 23:00:00,468.36910270569643,32.6346029271003
7002,2019-03-04,2019-03-04 23:00:00,508.6399875884472,69.91365513980863
7003,2019-03-05,2019-03-05 23:00:00,501.9613747897203,31.912890259963632
7004,2019-03-06,2019-03-06 23:00:00,506.2584109759653,17.29438095795412
7005,2019-03-07,2019-03-07 23:00:00,485.79265055431887,31.53214511032651
7006,2019-03-08,2019-03-08 23:00:00,488.2542324872618,51.670658626716985
7007,2019-03-09,2019-03-09 23:00:00,461.272551312282,24.644945229539164
7008,2019-03-10,2019-03-10 23:00:00,430.9589553622373,30.65624737072809
7009,2019-03-11,2019-03-11 23:00:00,439.0863423119404,59.2121459787132
7010,2019-03-12,2019-03-12 23:00:00,435.7327894711555,53.550063061496864
7011,2019-03-13,2019-03-13 23:00:00,403.3042627161861,72.47457831907246
7012,2019-03-14,2019-03-14 23:00:00,377.4717751855433,48.06855052406254
7013,2019-03-15,2019-03-15 23:00:00,366.90506274943255,67.90446132155147
7014,2019-03-16,2019-03-16 23:00:00,409.6659119288447,55.69170236362636
7015,2019-03-17,2019-03-17 23:00:00,340.986238731343,43.576847004218315
7016,2019-03-18,2019-03-18 23:00:00,429.6762888238815,57.13484546045894
7017,2019-03-19,2019-03-19 23:00:00,449.900530750334,25.861781819366534
7018,2019-03-20,2019-03-20 23:00:00,417.5412521210472,60.17469464567013
7019,2019-03-21,2019-03-21 23:00:00,414.95537827563675,62.61299357027965
7020,2019-03-22,2019-03-22 23:00:00,395.91631712556403,76.80673972921488
7021,2019-03-23,2019-03-23 23:00:00,322.9618668197603,62.5982687270682
7022,2019-03-24,2019-03-24 23:00:00,291.26462932274075,93.70672179249569
7023,2019-03-25,2019-03-25 23:00:00,335.75368447082036,63.05325684612863
7024,2019-03-26,2019-03-26 23:00:00,393.32131229534895,80.77366136420694
7025,2019-03-27,2019-03-27 23:00:00,388.420665385363,83.25616377000101
7026,2019-03-28,2019-03-28 23:00:00,357.705129799597,62.94060603401564
7027,2019-03-29,2019-03-29 23:00:00,354.0637851587796,52.14895315394879
7028,2019-03-30,2019-03-30 23:00:00,334.41731353221155,44.49755426441604
7029,2019-03-31,2019-03-31 23:00:00,323.6107245993269,37.519912254264135
7030,2019-04-01,2019-04-01 23:00:00,371.39850406797956,38.070967331130774
7031,2019-04-02,2019-04-02 23:00:00,399.5544577594157,22.259056589862237
7032,2019-04-03,2019-04-03 23:00:00,363.818858920923,77.05989687534705
7033,2019-04-04,2019-04-04 23:00:00,360.21912739772324,49.47672241894795
7034,2019-04-05,2019-04-05 23:00:00,377.0662679677354,67.8567446924988
7035,2019-04-06,2019-04-06 23:00:00,339.86044280550806,19.62181099484154
7036,2019-04-07,2019-04-07 23:00:00,345.6651812881784,26.888906180189153
7037,2019-04-08,2019-04-08 23:00:00,334.44907488115706,64.92122241102527
7038,2019-04-09,2019-04-09 23:00:00,326.9399540754011,26.47474518460088
7039,2019-04-10,2019-04-10 23:00:00,385.10073816780846,83.74400329921401
7040,2019-04-11,2019-04-11 23:00:00,417.3189070097435,41.85305376031251
7041,2019-04-12,2019-04-12 23:00:00,373.5653909648923,68.19779197172461
7042,2019-04-13,2019-04-13 23:00:00,344.68662757844504,36.63459388687096
7043,2019-04-14,2019-04-14 23:00:00,314.05042955024015,4.7772657016293225
7044,2019-04-15,2019-04-15 23:00:00,343.8728628224315,70.56509481690328
7045,2019-04-16,2019-04-16 23:00:00,335.05036067593466,55.81484066070403
7046,2019-04-17,2019-04-17 23:00:00,254.09688449668286,50.84490253694833
7047,2019-04-18,2019-04-18 23:00:00,266.171819496292,12.16535371298527
7048,2019-04-19,2019-04-19 23:00:00,249.1819073917544,76.50333660479016
7049,2019-04-20,2019-04-20 23:00:00,194.63058186646472,64.61352625069307
7050,2019-04-21,2019-04-21 23:00:00,165.6558362523064,42.04899527413874
7051,2019-04-22,2019-04-22 23:00:00,272.4315636957825,75.86214603733335
7052,2019-04-23,2019-04-23 23:00:00,292.50343795400556,102.87730974763059
7053,2019-04-24,2019-04-24 23:00:00,217.458312257942,92.74593932187048
7054,2019-04-25,2019-04-25 23:00:00,237.78651965198605,99.30668921836666
7055,2019-04-26,2019-04-26 23:00:00,174.96609401207738,38.59723665164463
7056,2019-04-27,2019-04-27 23:00:00,211.14615460888203,15.211041360298934
7057,2019-04-28,2019-04-28 23:00:00,195.5133261573425,5.08795712182874
7058,2019-04-29,2019-04-29 23:00:00,243.03198583831986,58.02612071744896
7059,2019-04-30,2019-04-30 23:00:00,237.6918937119598,49.420400102734504
7060,2019-05-01,2019-05-01 23:00:00,211.88555485246715,24.542435450348226
7061,2019-05-02,2019-05-02 23:00:00,290.8629733469774,54.754988835444706
7062,2019-05-03,2019-05-03 23:00:00,328.5300189172724,14.619555045915053
7063,2019-05-04,2019-05-04 23:00:00,342.67066280098555,23.683591209967762
7064,2019-05-05,2019-05-05 23:00:00,332.60296045114825,26.817353701933154
7065,2019-05-06,2019-05-06 23:00:00,416.5490737057496,36.96730498516039
7066,2019-05-07,2019-05-07 23:00:00,430.7465839324415,25.187246567938054
7067,2019-05-08,2019-05-08 23:00:00,438.95168254489226,20.63842341485118
7068,2019-05-09,2019-05-09 23:00:00,459.6970444201498,20.488136232113494
7069,2019-05-10,2019-05-10 23:00:00,387.5173256180671,63.805939316989324
7070,2019-05-11,2019-05-11 23:00:00,331.0372227249454,73.59830991387471
7071,2019-05-12,2019-05-12 23:00:00,287.87270840998536,46.740886865919464
7072,2019-05-13,2019-05-13 23:00:00,251.34038730580195,74.2238853786805
7073,2019-05-14,2019-05-14 23:00:00,242.79908138402303,76.56520766880766
7074,2019-05-15,2019-05-15 23:00:00,234.24334353300844,51.35689861747841
7075,2019-05-16,2019-05-16 23:00:00,255.92902038089323,78.27773618762618
7076,2019-05-17,2019-05-17 23:00:00,206.02018806726565,36.05916706488334
7077,2019-05-18,2019-05-18 23:00:00,206.3064252457766,60.843476307463675
7078,2019-05-19,2019-05-19 23:00:00,216.2277201239499,42.199415355936935
7079,2019-05-20,2019-05-20 23:00:00,233.2242572164719,48.79862223596097
7080,2019-05-21,2019-05-21 23:00:00,250.5309568019151,51.57538028351344
7081,2019-05-22,2019-05-22 23:00:00,216.8727978652529,100.25478413713863
7082,2019-05-23,2019-05-23 23:00:00,200.11305247547548,79.95754321005415
7083,2019-05-24,2019-05-24 23:00:00,182.888838582884,66.30027319521942
7084,2019-05-25,2019-05-25 23:00:00,184.46424196905423,33.629886550386935
7085,2019-05-26,2019-05-26 23:00:00,174.00354949408248,36.0171790831538
7086,2019-05-27,2019-05-27 23:00:00,212.5729834803408,48.831785559151704
7087,2019-05-28,2019-05-28 23:00:00,210.831280104383,54.28312882418493
7088,2019-05-29,2019-05-29 23:00:00,196.05777693853702,45.01799960246558
7089,2019-05-30,2019-05-30 23:00:00,212.6867370480912,75.62703278920863
7090,2019-05-31,2019-05-31 23:00:00,210.76482379793683,63.76798606512743
7091,2019-06-01,2019-06-01 23:00:00,201.49784933032768,47.13758384593453
7092,2019-06-02,2019-06-02 23:00:00,158.36720672376492,29.63072083397874
7093,2019-06-03,2019-06-03 23:00:00,164.6880303746868,43.61160801336049
7094,2019-06-04,2019-06-04 23:00:00,194.9126269450227,54.717890083944624
7095,2019-06-05,2019-06-05 23:00:00,239.73775964163258,51.97189884824695
7096,2019-06-06,2019-06-06 23:00:00,222.37692540668976,72.3635303854586
7097,2019-06-07,2019-06-07 23:00:00,192.51961365754696,28.432131257885327
7098,2019-06-08,2019-06-08 23:00:00,174.28795333319204,14.245599680299376
7099,2019-06-09,2019-06-09 23:00:00,159.36927290291013,27.723052059346493
7100,2019-06-10,2019-06-10 23:00:00,181.35070325634402,43.067760957816695
7101,2019-06-11,2019-06-11 23:00:00,188.42365510177447,82.80032008975293
7102,2019-06-12,2019-06-12 23:00:00,193.8114258834572,86.6817230126441
7103,2019-06-13,2019-06-13 23:00:00,138.10540291394284,32.82437923997184
7104,2019-06-14,2019-06-14 23:00:00,132.7778414357499,11.515061143445546
7105,2019-06-15,2019-06-15 23:00:00,133.65634955441524,10.898381959120726
7106,2019-06-16,2019-06-16 23:00:00,127.6390792979911,5.698133552274116
7107,2019-06-17,2019-06-17 23:00:00,151.4023004981773,29.36420552719551
7108,2019-06-18,2019-06-18 23:00:00,198.17397766722868,53.783704455904875
7109,2019-06-19,2019-06-19 23:00:00,213.95581777684106,85.53153622386547
7110,2019-06-20,2019-06-20 23:00:00,185.6779088546867,50.51026574471298
7111,2019-06-21,2019-06-21 23:00:00,195.38403957717136,68.96195445404332
7112,2019-06-22,2019-06-22 23:00:00,153.44970837470092,7.346175436580657
7113,2019-06-23,2019-06-23 23:00:00,150.3991227546501,13.42378067246245
7114,2019-06-24,2019-06-24 23:00:00,142.66804930244186,19.621962117231288
7115,2019-06-25,2019-06-25 23:00:00,163.44794624206398,31.821716466259108
7116,2019-06-26,2019-06-26 23:00:00,174.14494419762562,54.27412433334769
7117,2019-06-27,2019-06-27 23:00:00,195.96920143000793,38.44440819086492
7118,2019-06-28,2019-06-28 23:00:00,199.2981102759619,17.65800814343041
7119,2019-06-29,2019-06-29 23:00:00,197.92333161347753,26.02529440256787
7120,2019-06-30,2019-06-30 23:00:00,182.76986119185776,18.763520025329374
7121,2019-07-01,2019-07-01 23:00:00,190.8934423954951,18.944367774144933
7122,2019-07-02,2019-07-02 23:00:00,209.5050391953297,31.703212105588815
7123,2019-07-03,2019-07-03 23:00:00,235.04525598773918,47.180584012204434
7124,2019-07-04,2019-07-04 23:00:00,223.34723976447165,41.0933733437329
7125,2019-07-05,2019-07-05 23:00:00,199.3219467232532,24.012985595431033
7126,2019-07-06,2019-07-06 23:00:00,178.19997268138195,28.38257753307812
7127,2019-07-07,2019-07-07 23:00:00,165.93419902271125,25.961388628648585
7128,2019-07-08,2019-07-08 23:00:00,169.820690621905,33.16762549000965
7129,2019-07-09,2019-07-09 23:00:00,164.40998148387325,11.378374431922735
7130,2019-07-10,2019-07-10 23:00:00,191.2779631188337,50.10295234771631
7131,2019-07-11,2019-07-11 23:00:00,182.04850469067273,41.75210814624801
7132,2019-07-12,2019-07-12 23:00:00,202.60234206488917,53.25643429370065
7133,2019-07-13,2019-07-13 23:00:00,193.35465451383652,20.66254280121444
7134,2019-07-14,2019-07-14 23:00:00,184.10965795328204,42.32366490872263
7135,2019-07-15,2019-07-15 23:00:00,201.6283905232166,60.7585130211595
7136,2019-07-16,2019-07-16 23:00:00,203.4386582740191,43.539194570442
7137,2019-07-17,2019-07-17 23:00:00,185.0516812563418,55.74860872410924
7138,2019-07-18,2019-07-18 23:00:00,204.83522000299197,64.28910212959293
7139,2019-07-19,2019-07-19 23:00:00,180.3530741801329,56.29601919327691
7140,2019-07-20,2019-07-20 23:00:00,175.63212097336864,19.741922176019536
7141,2019-07-21,2019-07-21 23:00:00,193.5058461006355,11.750480627374401
7142,2019-07-22,2019-07-22 23:00:00,202.51514202433682,50.07214842753535
7143,2019-07-23,2019-07-23 23:00:00,186.2589359597422,38.16047030672413
7144,2019-07-24,2019-07-24 23:00:00,186.21437357269042,37.61598283856988
7145,2019-07-25,2019-07-25 23:00:00,193.8461862666551,61.72724627646621
7146,2019-07-26,2019-07-26 23:00:00,183.99870914233955,54.31542720261332
7147,2019-07-27,2019-07-27 23:00:00,176.11619535773153,32.742512360050846
7148,2019-07-28,2019-07-28 23:00:00,165.41716519970876,14.987798381015354
7149,2019-07-29,2019-07-29 23:00:00,179.33740449329605,34.23204023728641
7150,2019-07-30,2019-07-30 23:00:00,204.1960630050288,58.18577841169304
7151,2019-07-31,2019-07-31 23:00:00,197.9954546464784,62.13628863563483
7152,2019-08-01,2019-08-01 23:00:00,210.16914538336664,56.98155452449775
7153,2019-08-02,2019-08-02 23:00:00,211.30518079005677,50.41059165037226
7154,2019-08-03,2019-08-03 23:00:00,201.05795996912502,50.287480502483554
7155,2019-08-04,2019-08-04 23:00:00,190.52820304170018,24.917711722003812
7156,2019-08-05,2019-08-05 23:00:00,201.25126458618874,56.10044417128863
7157,2019-08-06,2019-08-06 23:00:00,238.8635051961995,37.22106422931078
7158,2019-08-07,2019-08-07 23:00:00,234.22593053913639,41.11491780001447
7159,2019-08-08,2019-08-08 23:00:00,176.28862566105758,34.67604051070142
7160,2019-08-09,2019-08-09 23:00:00,234.307389567222,80.77900953128872
7161,2019-08-10,2019-08-10 23:00:00,215.3812100371274,59.68969780811383
7162,2019-08-11,2019-08-11 23:00:00,206.82880360757198,42.91857041233539
7163,2019-08-12,2019-08-12 23:00:00,238.5672433641483,91.4474151886685
7164,2019-08-13,2019-08-13 23:00:00,306.13892800344394,66.66021651328684
7165,2019-08-14,2019-08-14 23:00:00,332.57176107983787,230.52303748913923
7166,2019-08-15,2019-08-15 23:00:00,256.23075994872033,21.571658675087765
7167,2019-08-16,2019-08-16 23:00:00,225.37279603179596,39.373598291550195
7168,2019-08-17,2019-08-17 23:00:00,208.29862924814663,57.35376361224353
7169,2019-08-18,2019-08-18 23:00:00,191.08316716222097,57.16376391639767
7170,2019-08-19,2019-08-19 23:00:00,192.5638690583854,55.59126756113398
7171,2019-08-20,2019-08-20 23:00:00,172.603194387041,38.33205026707392
7172,2019-08-21,2019-08-21 23:00:00,181.7760819852249,49.98307823544647
7173,2019-08-22,2019-08-22 23:00:00,181.0530769909394,59.998452499100075
7174,2019-08-23,2019-08-23 23:00:00,202.4843766077312,63.724550623140736
7175,2019-08-24,2019-08-24 23:00:00,162.9307308628131,24.8036742963734
7176,2019-08-25,2019-08-25 23:00:00,182.05633436351013,40.109255208037624
7177,2019-08-26,2019-08-26 23:00:00,256.9440461223942,55.45350326493178
7178,2019-08-27,2019-08-27 23:00:00,302.208738158754,122.6138947184246
7179,2019-08-28,2019-08-28 23:00:00,288.2713525180658,58.91929572118394
7180,2019-08-29,2019-08-29 23:00:00,308.35312706792143,70.69511817311583
7181,2019-08-30,2019-08-30 23:00:00,297.9458117093299,61.430687687904616
7182,2019-08-31,2019-08-31 23:00:00,300.4385451656454,40.30728465468172
7183,2019-09-01,2019-09-01 23:00:00,275.32838112184635,35.54151201637823
7184,2019-09-02,2019-09-02 23:00:00,317.00886439170546,18.37447851806053
7185,2019-09-03,2019-09-03 23:00:00,309.2071071354624,87.6075738867342
7186,2019-09-04,2019-09-04 23:00:00,338.47707777959306,45.73189836735273
7187,2019-09-05,2019-09-05 23:00:00,317.31257377361254,40.992684932071484
7188,2019-09-06,2019-09-06 23:00:00,275.7381463097901,66.45287786245095
7189,2019-09-07,2019-09-07 23:00:00,292.74334464728094,11.219022724037847
7190,2019-09-08,2019-09-08 23:00:00,281.33963591114394,30.092991470995592
7191,2019-09-09,2019-09-09 23:00:00,333.71666838136844,67.00951426756212
7192,2019-09-10,2019-09-10 23:00:00,410.62460737874125,106.56637140325536
7193,2019-09-11,2019-09-11 23:00:00,369.3862800620299,59.10914472831719
7194,2019-09-12,2019-09-12 23:00:00,400.45987777652863,83.79050055155696
7195,2019-09-13,2019-09-13 23:00:00,467.17344612612095,74.63233803126496
7196,2019-09-14,2019-09-14 23:00:00,421.0180453000583,7.93401616593969
7197,2019-09-15,2019-09-15 23:00:00,455.9908464368362,40.54061271964379
7198,2019-09-16,2019-09-16 23:00:00,525.1759544526032,38.45468619782315
7199,2019-09-17,2019-09-17 23:00:00,560.2950318707719,9.546570997432223
7200,2019-09-18,2019-09-18 23:00:00,555.9835258544817,43.17052733632937
7201,2019-09-19,2019-09-19 23:00:00,549.342541252308,62.1291942883006
7202,2019-09-20,2019-09-20 23:00:00,526.2376543457003,71.812564068643
7203,2019-09-21,2019-09-21 23:00:00,457.54168572236085,24.951092396520615
7204,2019-09-22,2019-09-22 23:00:00,463.7632034421686,14.878269898289002
7205,2019-09-23,2019-09-23 23:00:00,542.4142938022463,71.11498783663185
7206,2019-09-24,2019-09-24 23:00:00,581.4137797134682,47.925839446512505
7207,2019-09-25,2019-09-25 23:00:00,576.0482895898771,51.096081482108175
7208,2019-09-26,2019-09-26 23:00:00,486.512384856012,51.08533323787068
7209,2019-09-27,2019-09-27 23:00:00,498.71581666557364,70.40569299342681
7210,2019-09-28,2019-09-28 23:00:00,517.4870988203985,52.18500409960958
7211,2019-09-29,2019-09-29 23:00:00,520.2243100801821,65.9547096667988
7212,2019-09-30,2019-09-30 23:00:00,644.5139316504469,55.93376921041723
7213,2019-10-01,2019-10-01 23:00:00,631.0505632172121,29.39192634898136
7214,2019-10-02,2019-10-02 23:00:00,646.6663963623367,20.447934954585087
7215,2019-10-03,2019-10-03 23:00:00,614.4803279671428,129.64184353367708
7216,2019-10-04,2019-10-04 23:00:00,562.2425298525042,127.81082573818587
7217,2019-10-05,2019-10-05 23:00:00,601.8225984859114,56.18693608297349
7218,2019-10-06,2019-10-06 23:00:00,574.7284100836474,54.20647793775448
7219,2019-10-07,2019-10-07 23:00:00,547.4409578401867,81.44570313837507
7220,2019-10-08,2019-10-08 23:00:00,616.8443602666337,119.94527524756998
7221,2019-10-09,2019-10-09 23:00:00,639.8695798940903,120.01083987955097
7222,2019-10-10,2019-10-10 23:00:00,598.5173581994163,99.64566536259856
7223,2019-10-11,2019-10-11 23:00:00,632.0613608701566,108.89235277944817
7224,2019-10-12,2019-10-12 23:00:00,580.0552456760315,80.20886514958764
7225,2019-10-13,2019-10-13 23:00:00,543.3296200228548,4.094349048921519
7226,2019-10-14,2019-10-14 23:00:00,634.3781849051824,77.22908376143788
7227,2019-10-15,2019-10-15 23:00:00,602.654515540649,118.95407182128267
7228,2019-10-16,2019-10-16 23:00:00,622.343637086576,175.09044851839883
7229,2019-10-17,2019-10-17 23:00:00,574.3062086497688,97.25385935659519
7230,2019-10-18,2019-10-18 23:00:00,613.4403605597233,76.69036105895833
7231,2019-10-19,2019-10-19 23:00:00,501.1062504870277,123.89255988737715
7232,2019-10-20,2019-10-20 23:00:00,445.6226476579332,61.09199913209854
7233,2019-10-21,2019-10-21 23:00:00,508.25332632365826,94.5709079161643
7234,2019-10-22,2019-10-22 23:00:00,421.61329779929446,176.22458931291717
7235,2019-10-23,2019-10-23 23:00:00,354.3035542417903,141.06819019830786
7236,2019-10-24,2019-10-24 23:00:00,389.4682335378725,175.86785261988408
7237,2019-10-25,2019-10-25 23:00:00,343.1462730882333,105.24423803298049
7238,2019-10-26,2019-10-26 23:00:00,284.67164075664675,27.60464381755029
7239,2019-10-27,2019-10-27 23:00:00,262.2278360669788,42.55108876601557
7240,2019-10-28,2019-10-28 23:00:00,257.35346772603765,75.97109545200661
7241,2019-10-29,2019-10-29 23:00:00,282.2289349098594,117.94884746631442
7242,2019-10-30,2019-10-30 23:00:00,284.00196688964087,46.80387864217003
7243,2019-10-31,2019-10-31 23:00:00,277.900297415004,32.57066030700521
7244,2019-11-01,2019-11-01 23:00:00,303.9853580089272,46.86955007819272
7245,2019-11-02,2019-11-02 23:00:00,278.19096905546553,27.78460881460365
7246,2019-11-03,2019-11-03 23:00:00,296.06900520393765,10.875424469412232
7247,2019-11-04,2019-11-04 23:00:00,317.0404861280114,6.742922261218758
7248,2019-11-05,2019-11-05 23:00:00,310.7393893461287,53.750516077291856
7249,2019-11-06,2019-11-06 23:00:00,396.9873863235467,38.368558551500875
7250,2019-11-07,2019-11-07 23:00:00,404.1258237457044,58.523298526323366
7251,2019-11-08,2019-11-08 23:00:00,428.7124474759903,33.536791399678776
7252,2019-11-09,2019-11-09 23:00:00,413.0883642638769,23.72992859844687
7253,2019-11-10,2019-11-10 23:00:00,451.66931460429214,21.025276463356924
7254,2019-11-11,2019-11-11 23:00:00,457.4511021419333,5.674096539837509
7255,2019-11-12,2019-11-12 23:00:00,476.7506572828145,13.08882694609443
7256,2019-11-13,2019-11-13 23:00:00,369.8023053429577,174.69081642655192
7257,2019-11-14,2019-11-14 23:00:00,397.76447531541845,69.21367024387806
7258,2019-11-15,2019-11-15 23:00:00,292.7176928766664,37.82285725058836
7259,2019-11-16,2019-11-16 23:00:00,250.15161674980746,27.659779447932483
7260,2019-11-17,2019-11-17 23:00:00,266.2688229426157,31.898053692179406
7261,2019-11-18,2019-11-18 23:00:00,305.31462852794846,42.10910048707851
7262,2019-11-19,2019-11-19 23:00:00,357.2642913671275,83.12198235837992
7263,2019-11-20,2019-11-20 23:00:00,361.10983972041805,59.18196903921489
7264,2019-11-21,2019-11-21 23:00:00,352.26796777724394,73.64354708460162
7265,2019-11-22,2019-11-22 23:00:00,389.72448409291786,114.33828044688286
7266,2019-11-23,2019-11-23 23:00:00,368.4223589807829,72.51393987344034
7267,2019-11-24,2019-11-24 23:00:00,317.81550914248305,34.15913731688059
7268,2019-11-25,2019-11-25 23:00:00,363.20212476027274,49.65194618516184
7269,2019-11-26,2019-11-26 23:00:00,325.20054420959264,34.40111797195021
7270,2019-11-27,2019-11-27 23:00:00,374.5774273150805,70.41284818350542
7271,2019-11-28,2019-11-28 23:00:00,394.1033800068839,74.67248994775831
7272,2019-11-29,2019-11-29 23:00:00,418.0793318073506,55.55508657436107
7273,2019-11-30,2019-11-30 23:00:00,387.3370767639255,62.94690794866492
7274,2019-12-01,2019-12-01 23:00:00,335.8855594533347,60.46267360019604
7275,2019-12-02,2019-12-02 23:00:00,419.7105158978483,85.27447962009015
7276,2019-12-03,2019-12-03 23:00:00,420.2305312649806,65.5946261712935
7277,2019-12-04,2019-12-04 23:00:00,417.13189526297356,66.1101413676588
7278,2019-12-05,2019-12-05 23:00:00,346.15500972892556,118.72122740931651
7279,2019-12-06,2019-12-06 23:00:00,398.28863215359775,61.554002616562535
7280,2019-12-07,2019-12-07 23:00:00,402.64827457600205,43.85643734477225
7281,2019-12-08,2019-12-08 23:00:00,412.2122897882029,27.474289734441406
7282,2019-12-09,2019-12-09 23:00:00,471.562459361005,28.537597790751544
7283,2019-12-10,2019-12-10 23:00:00,514.5366640653326,46.27126858909201
7284,2019-12-11,2019-12-11 23:00:00,554.3364998486221,42.85577709051411
7285,2019-12-12,2019-12-12 23:00:00,555.0834126072424,35.684237184617096
7286,2019-12-13,2019-12-13 23:00:00,591.8838157639267,18.830038422618678
7287,2019-12-14,2019-12-14 23:00:00,577.0226741256353,34.85527939996965
7288,2019-12-15,2019-12-15 23:00:00,537.0578651433082,67.22932484543331
7289,2019-12-16,2019-12-16 23:00:00,548.917379595202,97.17558263839982
7290,2019-12-17,2019-12-17 23:00:00,475.424353986001,120.68874994173078
7291,2019-12-18,2019-12-18 23:00:00,485.49673433770414,92.52686757137978
7292,2019-12-19,2019-12-19 23:00:00,567.1979235735989,70.76582745473142
7293,2019-12-20,2019-12-20 23:00:00,494.6877568099878,67.72108937356529
7294,2019-12-21,2019-12-21 23:00:00,521.2288608180079,56.000439659505865
7295,2019-12-22,2019-12-22 23:00:00,522.8446698594804,31.337386694542197
7296,2019-12-23,2019-12-23 23:00:00,543.2001134545004,102.01099847867913
7297,2019-12-24,2019-12-24 23:00:00,483.09656592932396,92.64844527962396
7298,2019-12-25,2019-12-25 23:00:00,426.0718003370471,85.32429361625273
7299,2019-12-26,2019-12-26 23:00:00,507.4065367242367,103.84100285915329
7300,2019-12-27,2019-12-27 23:00:00,512.9681539692436,105.31263414917883
7301,2019-12-28,2019-12-28 23:00:00,431.7841673548319,65.14453140458411
7302,2019-12-29,2019-12-29 23:00:00,380.91467834068357,81.24588208994705
7303,2019-12-30,2019-12-30 23:00:00,500.5650249051267,134.34639038306284
7304,2019-12-31,2019-12-31 23:00:00,424.93339305096447,35.179852767770114
7305,2020-01-01,2020-01-01 23:00:00,210.06161953730853,111.84039520715197
7306,2020-01-02,2020-01-02 23:00:00,391.5188713137035,201.32789369939704
7307,2020-01-03,2020-01-03 23:00:00,357.2024966976135,106.64615172215514
7308,2020-01-04,2020-01-04 23:00:00,326.1857809846134,81.28588785506062
7309,2020-01-05,2020-01-05 23:00:00,350.3418796288963,78.77673864386944
7310,2020-01-06,2020-01-06 23:00:00,321.0385258883135,27.454632322809054
7311,2020-01-07,2020-01-07 23:00:00,401.6664377033344,96.65603740188558
7312,2020-01-08,2020-01-08 23:00:00,406.7064218740658,89.84686047337745
7313,2020-01-09,2020-01-09 23:00:00,451.8074502445059,86.48660917564732
7314,2020-01-10,2020-01-10 23:00:00,473.23244564172313,78.98329895555808
7315,2020-01-11,2020-01-11 23:00:00,449.7195775406282,86.91551992738889
7316,2020-01-12,2020-01-12 23:00:00,475.99997960435866,104.65579358134791
7317,2020-01-13,2020-01-13 23:00:00,548.6744016185925,61.62728813260306
7318,2020-01-14,2020-01-14 23:00:00,494.5261668298188,29.85501121141561
7319,2020-01-15,2020-01-15 23:00:00,534.5681838487841,75.53233144732322
7320,2020-01-16,2020-01-16 23:00:00,556.1602121403133,50.23683825795328
7321,2020-01-17,2020-01-17 23:00:00,551.3458814069928,45.67645729799151
7322,2020-01-18,2020-01-18 23:00:00,547.4608430033795,61.32591724266665
7323,2020-01-19,2020-01-19 23:00:00,500.4263909262684,7.847133458881263
7324,2020-01-20,2020-01-20 23:00:00,644.1693901480261,97.0455624685322
7325,2020-01-21,2020-01-21 23:00:00,642.5332424142064,100.04223857335032
7326,2020-01-22,2020-01-22 23:00:00,584.3396591963034,29.14223209951037
7327,2020-01-23,2020-01-23 23:00:00,566.8172211625913,82.69802591792312
7328,2020-01-24,2020-01-24 23:00:00,600.2331366302541,48.98859890697278
7329,2020-01-25,2020-01-25 23:00:00,593.5101036742211,43.7751807301739
7330,2020-01-26,2020-01-26 23:00:00,567.929718720742,28.40645013757652
7331,2020-01-27,2020-01-27 23:00:00,579.9157960684532,24.68530728219264
7332,2020-01-28,2020-01-28 23:00:00,558.7919369712669,43.83888203334246
7333,2020-01-29,2020-01-29 23:00:00,575.5522617746664,46.68584495650571
7334,2020-01-30,2020-01-30 23:00:00,571.6014208238989,18.567686321953662
7335,2020-01-31,2020-01-31 23:00:00,578.6383124871463,7.031274400046036
7336,2020-02-01,2020-02-01 23:00:00,618.1071589226061,14.703527475038122
7337,2020-02-02,2020-02-02 23:00:00,574.1901701199162,33.78022900068411
7338,2020-02-03,2020-02-03 23:00:00,625.4465640362529,27.217573573424733
7339,2020-02-04,2020-02-04 23:00:00,627.3655479749933,29.12898464948644
7340,2020-02-05,2020-02-05 23:00:00,619.6217710263941,5.2368337244924055
7341,2020-02-06,2020-02-06 23:00:00,603.97112920302,2.5153954487672294
7342,2020-02-07,2020-02-07 23:00:00,594.9283460172898,17.912906298479598
7343,2020-02-08,2020-02-08 23:00:00,593.5772142209521,15.744967533173464
7344,2020-02-09,2020-02-09 23:00:00,561.0657757644193,21.86623083302416
7345,2020-02-10,2020-02-10 23:00:00,554.6431083487824,46.90580620790998
7346,2020-02-11,2020-02-11 23:00:00,613.4604677586634,72.82261419970692
7347,2020-02-12,2020-02-12 23:00:00,587.5377682703892,29.128225547615866
7348,2020-02-13,2020-02-13 23:00:00,608.3366766357093,31.29982330755885
7349,2020-02-14,2020-02-14 23:00:00,672.6827417126622,28.21624367508862
7350,2020-02-15,2020-02-15 23:00:00,724.9908295541327,13.407386507854218
7351,2020-02-16,2020-02-16 23:00:00,726.0307316575827,35.80152058341521
7352,2020-02-17,2020-02-17 23:00:00,769.1215846177633,52.798748667583524
7353,2020-02-18,2020-02-18 23:00:00,768.2935072523233,60.939462116610194
7354,2020-02-19,2020-02-19 23:00:00,823.9657855134468,116.78125116863772
7355,2020-02-20,2020-02-20 23:00:00,866.6336565553605,82.57879230435044
7356,2020-02-21,2020-02-21 23:00:00,923.462465884013,51.19117222919877
7357,2020-02-22,2020-02-22 23:00:00,881.3613921413347,98.3570883616239
7358,2020-02-23,2020-02-23 23:00:00,719.2058046412579,190.88531101315098
7359,2020-02-24,2020-02-24 23:00:00,749.8446569708185,127.98100986581493
7360,2020-02-25,2020-02-25 23:00:00,680.7282445739241,112.15980703061642
7361,2020-02-26,2020-02-26 23:00:00,596.9169445091949,109.47098026353056
7362,2020-02-27,2020-02-27 23:00:00,467.8301017243134,121.69387511853785
7363,2020-02-28,2020-02-28 23:00:00,502.2811699992547,115.47016848382084
7364,2020-02-29,2020-02-29 23:00:00,430.910101674835,40.898560490346625
7365,2020-03-01,2020-03-01 23:00:00,493.0859494553838,72.04605467663589
7366,2020-03-02,2020-03-02 23:00:00,612.0146977106864,55.511176074805874
7367,2020-03-03,2020-03-03 23:00:00,712.7088077832612,70.03894909571459
7368,2020-03-04,2020-03-04 23:00:00,695.8386107364046,65.83210257465711
7369,2020-03-05,2020-03-05 23:00:00,679.1587294157349,99.54703963997854
7370,2020-03-06,2020-03-06 23:00:00,624.3019238472646,85.24989025237812
7371,2020-03-07,2020-03-07 23:00:00,549.3559404964114,28.269970159085076
7372,2020-03-08,2020-03-08 23:00:00,544.6077810081398,46.218503687775716
7373,2020-03-09,2020-03-09 23:00:00,533.722253503031,34.002531192659276
7374,2020-03-10,2020-03-10 23:00:00,538.976941134057,31.292659865192626
7375,2020-03-11,2020-03-11 23:00:00,530.1257423061967,15.369248693478099
7376,2020-03-12,2020-03-12 23:00:00,514.1755008751752,49.782634224542626
7377,2020-03-13,2020-03-13 23:00:00,476.91992819588694,26.788874003382258
7378,2020-03-14,2020-03-14 23:00:00,455.9991907774667,27.56106173280904
7379,2020-03-15,2020-03-15 23:00:00,428.5635320794961,16.390009780639296
7380,2020-03-16,2020-03-16 23:00:00,481.1787999369937,62.45297883988694
7381,2020-03-17,2020-03-17 23:00:00,518.2700530251644,51.53979023842781
7382,2020-03-18,2020-03-18 23:00:00,549.4461048518328,42.230286287783315
7383,2020-03-19,2020-03-19 23:00:00,563.6194606678024,49.28643982534421
7384,2020-03-20,2020-03-20 23:00:00,564.4261389041211,7.849496873540742
7385,2020-03-21,2020-03-21 23:00:00,525.3591035460029,49.10675779338004
7386,2020-03-22,2020-03-22 23:00:00,529.654358728853,28.549535292971278
7387,2020-03-23,2020-03-23 23:00:00,531.3474745158118,38.29988610382741
7388,2020-03-24,2020-03-24 23:00:00,550.2360291225328,6.326220418006454
7389,2020-03-25,2020-03-25 23:00:00,515.9213335102503,51.00648508023689
7390,2020-03-26,2020-03-26 23:00:00,488.89028067515534,54.52498962079931
7391,2020-03-27,2020-03-27 23:00:00,414.0778274183438,40.029755802067925
7392,2020-03-28,2020-03-28 23:00:00,354.17710027173524,79.2964422913922
7393,2020-03-29,2020-03-29 23:00:00,367.7409111976364,61.8442297648669
7394,2020-03-30,2020-03-30 23:00:00,345.6794017579136,91.80244563202517
7395,2020-03-31,2020-03-31 23:00:00,308.2478959719479,68.67879935146739
7396,2020-04-01,2020-04-01 23:00:00,309.90845214663074,64.01299628997543
7397,2020-04-02,2020-04-02 23:00:00,279.75670028298987,67.86672892952171
7398,2020-04-03,2020-04-03 23:00:00,257.8565653166698,7.528809145942808
7399,2020-04-04,2020-04-04 23:00:00,309.1231413115581,58.56010180279422
7400,2020-04-05,2020-04-05 23:00:00,385.9845249009698,32.05403268958425
7401,2020-04-06,2020-04-06 23:00:00,405.3715756528063,35.56154481032011
7402,2020-04-07,2020-04-07 23:00:00,387.73707669535526,26.85561007452456
7403,2020-04-08,2020-04-08 23:00:00,397.5914088243976,17.663690974120094
7404,2020-04-09,2020-04-09 23:00:00,352.76650742026004,28.276319532626832
7405,2020-04-10,2020-04-10 23:00:00,338.8377676358097,20.661838357576702
7406,2020-04-11,2020-04-11 23:00:00,372.3844633545994,21.435094116722723
7407,2020-04-12,2020-04-12 23:00:00,392.73019037474177,37.3672826498914
7408,2020-04-13,2020-04-13 23:00:00,359.5559878903766,79.38517740568155
7409,2020-04-14,2020-04-14 23:00:00,361.4768740576253,36.869908494492535
7410,2020-04-15,2020-04-15 23:00:00,366.5772006705683,30.501286625594204
7411,2020-04-16,2020-04-16 23:00:00,380.3890043459657,21.56647205292433
7412,2020-04-17,2020-04-17 23:00:00,398.5414546362014,12.534594214926601
7413,2020-04-18,2020-04-18 23:00:00,407.7856827972652,12.277610822746066
7414,2020-04-19,2020-04-19 23:00:00,330.97960545973405,90.7794993426803
7415,2020-04-20,2020-04-20 23:00:00,394.79502709284924,35.485008384849024
7416,2020-04-21,2020-04-21 23:00:00,399.01728822830177,54.55929579175841
7417,2020-04-22,2020-04-22 23:00:00,394.3095639146107,54.01927996914928
7418,2020-04-23,2020-04-23 23:00:00,357.1375832237616,31.212531003241274
7419,2020-04-24,2020-04-24 23:00:00,358.3928644041082,28.139901443903184
7420,2020-04-25,2020-04-25 23:00:00,311.6465937092777,31.23872543256274
7421,2020-04-26,2020-04-26 23:00:00,365.6883774757559,63.86708166464688
7422,2020-04-27,2020-04-27 23:00:00,498.2657926864261,85.98579049285652
7423,2020-04-28,2020-04-28 23:00:00,558.7501742900275,39.2563234271287
7424,2020-04-29,2020-04-29 23:00:00,534.6156490416367,51.29676084810145
7425,2020-04-30,2020-04-30 23:00:00,512.8211005775921,89.97612359089068
7426,2020-05-01,2020-05-01 23:00:00,430.88992347973516,76.37713658696703
7427,2020-05-02,2020-05-02 23:00:00,479.75093506510467,29.73092341817541
7428,2020-05-03,2020-05-03 23:00:00,453.0120468729101,4.061309988283624
7429,2020-05-04,2020-05-04 23:00:00,468.5691589903236,66.6271260977345
7430,2020-05-05,2020-05-05 23:00:00,440.51260095080397,29.53138456097318
7431,2020-05-06,2020-05-06 23:00:00,420.161414403253,72.83158017110958
7432,2020-05-07,2020-05-07 23:00:00,457.9034824950034,18.868480825223603
7433,2020-05-08,2020-05-08 23:00:00,493.73738744477356,100.75394149067421
7434,2020-05-09,2020-05-09 23:00:00,389.93007408399234,26.310865416924717
7435,2020-05-10,2020-05-10 23:00:00,466.5820015326224,69.45591320534717
7436,2020-05-11,2020-05-11 23:00:00,500.76533383135893,117.57042388425276
7437,2020-05-12,2020-05-12 23:00:00,501.57348146081466,91.14227857296227
7438,2020-05-13,2020-05-13 23:00:00,503.0455213756816,83.10136911623104
7439,2020-05-14,2020-05-14 23:00:00,615.8120436950318,24.922584616760115
7440,2020-05-15,2020-05-15 23:00:00,675.4502728660472,34.29445891160318
7441,2020-05-16,2020-05-16 23:00:00,701.3501921965744,21.512925987235473
7442,2020-05-17,2020-05-17 23:00:00,692.6287579046196,79.01789449526024
7443,2020-05-18,2020-05-18 23:00:00,696.2674091484847,65.9679058777776
7444,2020-05-19,2020-05-19 23:00:00,605.0520764581902,78.47739029922691
7445,2020-05-20,2020-05-20 23:00:00,556.1599645087513,181.64328638565362
7446,2020-05-21,2020-05-21 23:00:00,553.2701732877723,109.17833732017382
7447,2020-05-22,2020-05-22 23:00:00,427.02324434621323,72.53474307013198
7448,2020-05-23,2020-05-23 23:00:00,474.30049222190155,79.57948842539226
7449,2020-05-24,2020-05-24 23:00:00,519.4407725718764,121.87448313837243
7450,2020-05-25,2020-05-25 23:00:00,724.1373548533393,29.58022556004948
7451,2020-05-26,2020-05-26 23:00:00,704.9751989677242,137.13764518848194
7452,2020-05-27,2020-05-27 23:00:00,686.2348620702979,91.4108101432939
7453,2020-05-28,2020-05-28 23:00:00,679.4642600311118,112.10756918446789
7454,2020-05-29,2020-05-29 23:00:00,630.7851916656974,83.43473390285475
7455,2020-05-30,2020-05-30 23:00:00,610.4863398038976,135.325362762165
7456,2020-05-31,2020-05-31 23:00:00,478.707474204507,160.5742220346839
7457,2020-06-01,2020-06-01 23:00:00,555.8813125209737,157.2153674678472
7458,2020-06-02,2020-06-02 23:00:00,585.1032728585118,98.48092047068387
7459,2020-06-03,2020-06-03 23:00:00,535.8585782076384,78.82670609661656
7460,2020-06-04,2020-06-04 23:00:00,528.4635232577083,80.003380608672
7461,2020-06-05,2020-06-05 23:00:00,562.2401517878685,29.80800218030436
7462,2020-06-06,2020-06-06 23:00:00,573.6646972174718,66.62192603790184
7463,2020-06-07,2020-06-07 23:00:00,553.0321275882299,92.91466266810164
7464,2020-06-08,2020-06-08 23:00:00,620.8223214998916,73.43724181651086
7465,2020-06-09,2020-06-09 23:00:00,642.0036308347816,14.679928817790609
7466,2020-06-10,2020-06-10 23:00:00,636.0456714908089,8.625901352150523
7467,2020-06-11,2020-06-11 23:00:00,612.6242254411633,27.91782998783859
7468,2020-06-12,2020-06-12 23:00:00,595.8224970415787,24.98355058070877
7469,2020-06-13,2020-06-13 23:00:00,542.4643191383545,66.28648207574768
7470,2020-06-14,2020-06-14 23:00:00,469.22898437528215,22.445557602922943
7471,2020-06-15,2020-06-15 23:00:00,429.59073575800113,48.51134746210176
7472,2020-06-16,2020-06-16 23:00:00,427.03921138945924,87.56117382217144
7473,2020-06-17,2020-06-17 23:00:00,473.8850073451479,76.82997186491046
7474,2020-06-18,2020-06-18 23:00:00,405.1859038338157,2.2197212106761217
7475,2020-06-19,2020-06-19 23:00:00,389.2004189006684,9.42974397202866
7476,2020-06-20,2020-06-20 23:00:00,365.09363217429546,18.788368436173993
7477,2020-06-21,2020-06-21 23:00:00,357.9360591855922,17.033195970721213
7478,2020-06-22,2020-06-22 23:00:00,337.66114022758575,23.230455538406236
7479,2020-06-23,2020-06-23 23:00:00,358.00033375443337,27.36237482375754
7480,2020-06-24,2020-06-24 23:00:00,347.3783811189564,32.59202749526149
7481,2020-06-25,2020-06-25 23:00:00,382.1567713307193,56.92024053450351
7482,2020-06-26,2020-06-26 23:00:00,385.1071276392504,29.232572548584816
7483,2020-06-27,2020-06-27 23:00:00,368.3034072960668,46.01791521967275
7484,2020-06-28,2020-06-28 23:00:00,329.5936285532605,23.202071256941398
7485,2020-06-29,2020-06-29 23:00:00,342.85242289603303,50.07682299107855
7486,2020-06-30,2020-06-30 23:00:00,344.75431128532506,47.017908640439664
7487,2020-07-01,2020-07-01 23:00:00,365.78733799524167,45.24493474028305
7488,2020-07-02,2020-07-02 23:00:00,319.706988396973,37.80647851045458
7489,2020-07-03,2020-07-03 23:00:00,306.0878229280241,33.043996702623524
7490,2020-07-04,2020-07-04 23:00:00,272.91242767600346,22.20838793069171
7491,2020-07-05,2020-07-05 23:00:00,250.4847373249279,48.39802411009526
7492,2020-07-06,2020-07-06 23:00:00,224.06794302328663,62.54417299263635
7493,2020-07-07,2020-07-07 23:00:00,228.978644388186,79.42831017025918
7494,2020-07-08,2020-07-08 23:00:00,229.0393910262285,67.2102196959246
7495,2020-07-09,2020-07-09 23:00:00,215.10996887914266,80.79806788709928
7496,2020-07-10,2020-07-10 23:00:00,231.2063250873417,55.92588096520444
7497,2020-07-11,2020-07-11 23:00:00,202.66161538449725,53.80793559484589
7498,2020-07-12,2020-07-12 23:00:00,181.06271112170225,44.15022266333988
7499,2020-07-13,2020-07-13 23:00:00,219.6009585576578,54.61312640158059
7500,2020-07-14,2020-07-14 23:00:00,212.00868081348617,46.32846715052984
7501,2020-07-15,2020-07-15 23:00:00,227.25402879023605,44.942003900943995
7502,2020-07-16,2020-07-16 23:00:00,226.03326793865253,34.827835571750015
7503,2020-07-17,2020-07-17 23:00:00,219.24363648069888,35.65416696221496
7504,2020-07-18,2020-07-18 23:00:00,204.006783557533,20.62674206451842
7505,2020-07-19,2020-07-19 23:00:00,199.0919836795252,7.8595935903987
7506,2020-07-20,2020-07-20 23:00:00,237.345953763132,9.24735844527267
7507,2020-07-21,2020-07-21 23:00:00,248.2648792073484,13.894727971490878
7508,2020-07-22,2020-07-22 23:00:00,255.39629965777667,12.318911623064421
7509,2020-07-23,2020-07-23 23:00:00,264.4929940787218,10.483607367089107
7510,2020-07-24,2020-07-24 23:00:00,271.19643194651775,11.113029879503788
7511,2020-07-25,2020-07-25 23:00:00,278.48144856967843,11.46259104289603
7512,2020-07-26,2020-07-26 23:00:00,272.1552955179532,4.098839390649578
7513,2020-07-27,2020-07-27 23:00:00,238.55100322325939,49.84433148009335
7514,2020-07-28,2020-07-28 23:00:00,227.47907766104493,48.234451801449794
7515,2020-07-29,2020-07-29 23:00:00,220.03348542082801,15.30357397806138
7516,2020-07-30,2020-07-30 23:00:00,205.39342083771945,36.86780536752757
7517,2020-07-31,2020-07-31 23:00:00,179.51365147368043,32.48070804379034
7518,2020-08-01,2020-08-01 23:00:00,201.04151526128294,11.471628473261328
7519,2020-08-02,2020-08-02 23:00:00,200.66807260649213,10.283053458172516
7520,2020-08-03,2020-08-03 23:00:00,223.75803358260399,41.37375627881776
7521,2020-08-04,2020-08-04 23:00:00,233.24445321507372,27.874921091689398
7522,2020-08-05,2020-08-05 23:00:00,219.23832585294562,15.800096915705865
7523,2020-08-06,2020-08-06 23:00:00,243.34442217322587,35.97751497936193
7524,2020-08-07,2020-08-07 23:00:00,262.68082490026285,30.525217950160357
7525,2020-08-08,2020-08-08 23:00:00,292.82092220379894,7.456325640474629
7526,2020-08-09,2020-08-09 23:00:00,306.00583848893547,25.52108398298032
7527,2020-08-10,2020-08-10 23:00:00,301.4986593486698,57.65100998507019
7528,2020-08-11,2020-08-11 23:00:00,307.3005375160883,38.79043178307882
7529,2020-08-12,2020-08-12 23:00:00,285.78091472375695,27.487814652931196
7530,2020-08-13,2020-08-13 23:00:00,278.5015164194316,28.381393858117175
7531,2020-08-14,2020-08-14 23:00:00,261.088789686011,12.916295678946819
7532,2020-08-15,2020-08-15 23:00:00,235.8526008460225,20.176351774632813
7533,2020-08-16,2020-08-16 23:00:00,228.49157819587913,15.56373031160433
7534,2020-08-17,2020-08-17 23:00:00,261.16349503044825,19.285955755125553
7535,2020-08-18,2020-08-18 23:00:00,253.88258606050476,22.86937938577326
7536,2020-08-19,2020-08-19 23:00:00,230.45039436072042,21.655727213119867
7537,2020-08-20,2020-08-20 23:00:00,231.1344634935541,17.274559826203557
7538,2020-08-21,2020-08-21 23:00:00,222.747502731454,9.570589924548228
7539,2020-08-22,2020-08-22 23:00:00,228.28252551130262,24.279405411004156
7540,2020-08-23,2020-08-23 23:00:00,227.96431258771045,21.725996278390298
7541,2020-08-24,2020-08-24 23:00:00,223.4800914888452,25.453759429954882
7542,2020-08-25,2020-08-25 23:00:00,223.5128879629896,8.494152003063688
7543,2020-08-26,2020-08-26 23:00:00,209.40006888627067,42.36723689178651
7544,2020-08-27,2020-08-27 23:00:00,226.18592033810936,29.614214380297646
7545,2020-08-28,2020-08-28 23:00:00,235.36608499709055,20.82588858366289
7546,2020-08-29,2020-08-29 23:00:00,239.41215192677814,12.810515301868875
7547,2020-08-30,2020-08-30 23:00:00,230.96160054889484,5.484148902800818
7548,2020-08-31,2020-08-31 23:00:00,207.0955293796078,53.29400108179507
7549,2020-09-01,2020-09-01 23:00:00,249.38860597685388,21.820777351338744
7550,2020-09-02,2020-09-02 23:00:00,261.74884864119423,13.915869286061167
7551,2020-09-03,2020-09-03 23:00:00,261.00924658390016,10.695340976266646
7552,2020-09-04,2020-09-04 23:00:00,252.71218088200044,4.881276773939175
7553,2020-09-05,2020-09-05 23:00:00,256.7093443473513,13.59301391778204
7554,2020-09-06,2020-09-06 23:00:00,247.10798134931846,15.10686789288691
7555,2020-09-07,2020-09-07 23:00:00,251.20207769707102,9.354522769584657
7556,2020-09-08,2020-09-08 23:00:00,250.44994130289297,9.949781760240095
7557,2020-09-09,2020-09-09 23:00:00,220.36498325255002,39.838136424533424
7558,2020-09-10,2020-09-10 23:00:00,223.90858198656852,23.765309608076162
7559,2020-09-11,2020-09-11 23:00:00,227.51530441310356,13.835783274948216
7560,2020-09-12,2020-09-12 23:00:00,235.2319460101473,15.9248144883306
7561,2020-09-13,2020-09-13 23:00:00,215.68757299536813,13.262308630230777
7562,2020-09-14,2020-09-14 23:00:00,213.9062624130431,37.23375021900587
7563,2020-09-15,2020-09-15 23:00:00,245.5258666722181,17.891597626633853
7564,2020-09-16,2020-09-16 23:00:00,242.98877569785668,6.441771836937237
7565,2020-09-17,2020-09-17 23:00:00,210.5418112476004,54.784162256542
7566,2020-09-18,2020-09-18 23:00:00,248.2469350994247,6.336601450719853
7567,2020-09-19,2020-09-19 23:00:00,242.96097973928048,36.860427879375464
7568,2020-09-20,2020-09-20 23:00:00,208.625035362315,46.93630990195756
7569,2020-09-21,2020-09-21 23:00:00,232.36238022631574,51.392158069691355
7570,2020-09-22,2020-09-22 23:00:00,252.84044960661208,58.951289311503004
7571,2020-09-23,2020-09-23 23:00:00,221.67584482357083,49.114220368953106
7572,2020-09-24,2020-09-24 23:00:00,216.81606961433826,51.73257502847992
7573,2020-09-25,2020-09-25 23:00:00,203.9853830174362,38.655013972252775
7574,2020-09-26,2020-09-26 23:00:00,228.8696933480887,15.411494601372999
7575,2020-09-27,2020-09-27 23:00:00,188.69273020759397,24.48375556110182
7576,2020-09-28,2020-09-28 23:00:00,189.67986764274713,39.820428836877646
7577,2020-09-29,2020-09-29 23:00:00,186.41023660275982,39.83648458940375
7578,2020-09-30,2020-09-30 23:00:00,212.12438301154012,69.83049480531737
7579,2020-10-01,2020-10-01 23:00:00,235.79492932527674,55.05760495135521
7580,2020-10-02,2020-10-02 23:00:00,227.15961392620707,37.805219115844935
7581,2020-10-03,2020-10-03 23:00:00,213.44630573447944,59.233766404163234
7582,2020-10-04,2020-10-04 23:00:00,172.37253337925935,35.03191140730537
7583,2020-10-05,2020-10-05 23:00:00,224.38257498518405,38.54812814071512
7584,2020-10-06,2020-10-06 23:00:00,212.08323460501026,56.84363993988388
7585,2020-10-07,2020-10-07 23:00:00,241.09233100389636,43.85602606979727
7586,2020-10-08,2020-10-08 23:00:00,257.04270730627474,58.99910473110066
7587,2020-10-09,2020-10-09 23:00:00,246.8622046181962,81.61520298616256
7588,2020-10-10,2020-10-10 23:00:00,276.04169094289324,118.74408688738212
7589,2020-10-11,2020-10-11 23:00:00,247.28776653716977,31.70136559913242
7590,2020-10-12,2020-10-12 23:00:00,292.9561643885381,27.94361263323728
7591,2020-10-13,2020-10-13 23:00:00,315.19358567833007,47.287291235001696
7592,2020-10-14,2020-10-14 23:00:00,291.66338205725725,43.25743223196128
7593,2020-10-15,2020-10-15 23:00:00,292.35260764287597,8.158654868948148
7594,2020-10-16,2020-10-16 23:00:00,285.16191850306797,25.95079421728557
7595,2020-10-17,2020-10-17 23:00:00,315.84805943324267,39.22092092026636
7596,2020-10-18,2020-10-18 23:00:00,295.8798765347602,10.699205825583675
7597,2020-10-19,2020-10-19 23:00:00,282.761948486281,78.16360845462869
7598,2020-10-20,2020-10-20 23:00:00,312.6820246034933,97.56238041589204
7599,2020-10-21,2020-10-21 23:00:00,394.6007159185958,57.54970379777551
7600,2020-10-22,2020-10-22 23:00:00,450.5887609892356,44.141984602994256
7601,2020-10-23,2020-10-23 23:00:00,492.5707155365986,23.935153351486758
7602,2020-10-24,2020-10-24 23:00:00,420.39444345651305,49.33132846243463
7603,2020-10-25,2020-10-25 23:00:00,311.84172752219143,61.64644352229695
7604,2020-10-26,2020-10-26 23:00:00,370.5368657565876,108.78642036483485
7605,2020-10-27,2020-10-27 23:00:00,403.15914889509446,127.16150248917785
7606,2020-10-28,2020-10-28 23:00:00,363.46890187985633,112.70002112783423
7607,2020-10-29,2020-10-29 23:00:00,332.78059102474026,151.92926261945738
7608,2020-10-30,2020-10-30 23:00:00,308.755901147505,147.29899838771001
7609,2020-10-31,2020-10-31 23:00:00,285.60433164242926,118.37562341925454
7610,2020-11-01,2020-11-01 23:00:00,217.1288458815919,22.446209195909066
7611,2020-11-02,2020-11-02 23:00:00,289.2905263196332,104.5499905081418
7612,2020-11-03,2020-11-03 23:00:00,331.5234947056603,127.71087294076453
7613,2020-11-04,2020-11-04 23:00:00,307.19455939471555,78.0740387573274
7614,2020-11-05,2020-11-05 23:00:00,307.61094557228165,74.916493225311
7615,2020-11-06,2020-11-06 23:00:00,363.2892956107631,79.11017970715882
7616,2020-11-07,2020-11-07 23:00:00,319.79170193092574,13.345383968318938
7617,2020-11-08,2020-11-08 23:00:00,318.1208464061763,12.622043820244581
7618,2020-11-09,2020-11-09 23:00:00,327.12240212962564,9.96306093745858
7619,2020-11-10,2020-11-10 23:00:00,335.08259034462276,0.9686330725163245
7620,2020-11-11,2020-11-11 23:00:00,337.59313220771287,4.396633187801863
7621,2020-11-12,2020-11-12 23:00:00,276.49169497917467,91.59114557431869
7622,2020-11-13,2020-11-13 23:00:00,288.32396571746796,60.567632218158536
7623,2020-11-14,2020-11-14 23:00:00,228.1641992604867,30.246512590669997
7624,2020-11-15,2020-11-15 23:00:00,178.88833508757526,37.147122188057935
7625,2020-11-16,2020-11-16 23:00:00,174.9994854552026,38.1971383888031
7626,2020-11-17,2020-11-17 23:00:00,212.53833255911118,50.76424400774458
7627,2020-11-18,2020-11-18 23:00:00,243.65564917090106,74.05370889372159
7628,2020-11-19,2020-11-19 23:00:00,226.3148067236242,86.83342862656335
7629,2020-11-20,2020-11-20 23:00:00,233.15655572997153,75.82949284714488
7630,2020-11-21,2020-11-21 23:00:00,244.03085172526244,79.55856374363549
7631,2020-11-22,2020-11-22 23:00:00,203.7466850605077,99.63843216279365
7632,2020-11-23,2020-11-23 23:00:00,320.39538147548916,217.06512421682726
7633,2020-11-24,2020-11-24 23:00:00,419.4082193168354,262.3795488075978
7634,2020-11-25,2020-11-25 23:00:00,285.98388903920437,123.95474200139792
7635,2020-11-26,2020-11-26 23:00:00,312.48775683692025,133.18991134936445
7636,2020-11-27,2020-11-27 23:00:00,275.21653712132314,57.17199036987663
7637,2020-11-28,2020-11-28 23:00:00,238.30899750297723,31.236745649706183
7638,2020-11-29,2020-11-29 23:00:00,219.26002713048888,37.8732650006483
7639,2020-11-30,2020-11-30 23:00:00,208.43411120467195,31.233264453429438
7640,2020-12-01,2020-12-01 23:00:00,199.12341138915772,34.71485605104883
7641,2020-12-02,2020-12-02 23:00:00,183.49441346770382,23.869335854691787
7642,2020-12-03,2020-12-03 23:00:00,175.05211222612584,39.25916183385922
7643,2020-12-04,2020-12-04 23:00:00,175.94570744503406,19.29232090617434
7644,2020-12-05,2020-12-05 23:00:00,171.05410943720025,31.80154341635217
7645,2020-12-06,2020-12-06 23:00:00,184.2892166411731,28.743524303018983
7646,2020-12-07,2020-12-07 23:00:00,206.61616567369865,26.803283254152763
7647,2020-12-08,2020-12-08 23:00:00,187.88433953671301,14.778529241061758
7648,2020-12-09,2020-12-09 23:00:00,201.94658231722235,47.0968427382613
7649,2020-12-10,2020-12-10 23:00:00,200.71647304936118,39.12115192212034
7650,2020-12-11,2020-12-11 23:00:00,222.14199346753563,47.93793022399053
7651,2020-12-12,2020-12-12 23:00:00,225.52444854958136,22.152858552218042
7652,2020-12-13,2020-12-13 23:00:00,247.07012666264197,44.51318268769674
7653,2020-12-14,2020-12-14 23:00:00,261.3021969493355,29.463073890246523
7654,2020-12-15,2020-12-15 23:00:00,292.571940350328,13.252308067064217
7655,2020-12-16,2020-12-16 23:00:00,302.18963117024185,52.217367423080944
7656,2020-12-17,2020-12-17 23:00:00,289.0869058141731,22.835805213996146
7657,2020-12-18,2020-12-18 23:00:00,312.0458019824198,28.332117787323703
7658,2020-12-19,2020-12-19 23:00:00,320.09024025280655,18.002426982660523
7659,2020-12-20,2020-12-20 23:00:00,317.2564498770042,14.402620467608196
7660,2020-12-21,2020-12-21 23:00:00,340.0493490440874,45.915991988332976
7661,2020-12-22,2020-12-22 23:00:00,311.52733767744195,3.9472212487154974
7662,2020-12-23,2020-12-23 23:00:00,315.4164131733623,3.889653753246681
7663,2020-12-24,2020-12-24 23:00:00,320.34181900049225,9.272120165659832
7664,2020-12-25,2020-12-25 23:00:00,277.4575736937517,34.363003632722624
7665,2020-12-26,2020-12-26 23:00:00,250.40615176490283,78.10690501503072
7666,2020-12-27,2020-12-27 23:00:00,201.26243282585116,72.87134727903796
7667,2020-12-28,2020-12-28 23:00:00,258.89835351000704,68.58271486721128
7668,2020-12-29,2020-12-29 23:00:00,263.63251294483763,32.38281700293786
7669,2020-12-30,2020-12-30 23:00:00,259.8781743856131,49.3444567050852
7670,2020-12-31,2020-12-31 23:00:00,222.18499348484988,26.326940257070778
7671,2021-01-01,2021-01-01 23:00:00,230.7916291485778,29.872385277327993
7672,2021-01-02,2021-01-02 23:00:00,197.01086600833628,53.305546370507145
7673,2021-01-03,2021-01-03 23:00:00,208.7277629053605,32.533193242252025
7674,2021-01-04,2021-01-04 23:00:00,232.13083328349975,31.845626039995828
7675,2021-01-05,2021-01-05 23:00:00,259.34370317406245,30.18053432304328
7676,2021-01-06,2021-01-06 23:00:00,275.6685418689417,21.71738603943537
7677,2021-01-07,2021-01-07 23:00:00,266.0415896227173,7.607351358123017
7678,2021-01-08,2021-01-08 23:00:00,262.49353371898405,19.155079258162242
7679,2021-01-09,2021-01-09 23:00:00,235.9863076514755,39.063181482121585
7680,2021-01-10,2021-01-10 23:00:00,232.8212428973669,34.25657075853193
7681,2021-01-11,2021-01-11 23:00:00,240.53963958113113,5.903492349822248
7682,2021-01-12,2021-01-12 23:00:00,206.39615633295588,30.0180808847872
7683,2021-01-13,2021-01-13 23:00:00,202.00407878526497,25.344925112872627
7684,2021-01-14,2021-01-14 23:00:00,207.83111330474011,26.149682512443782
7685,2021-01-15,2021-01-15 23:00:00,227.24233612808925,24.059797507861017
7686,2021-01-16,2021-01-16 23:00:00,219.0976290104394,7.032942626492435
7687,2021-01-17,2021-01-17 23:00:00,239.77584874584852,13.948425710274686
7688,2021-01-18,2021-01-18 23:00:00,264.2649586762083,35.111398602202115
7689,2021-01-19,2021-01-19 23:00:00,272.198038037399,10.411029304207062
7690,2021-01-20,2021-01-20 23:00:00,291.1839527439072,20.250907851161287
7691,2021-01-21,2021-01-21 23:00:00,302.1359655983936,21.760848420223283
7692,2021-01-22,2021-01-22 23:00:00,318.92587940197745,7.122523539717586
7693,2021-01-23,2021-01-23 23:00:00,351.11336744721785,47.57802156144533
7694,2021-01-24,2021-01-24 23:00:00,328.1354688506038,45.264816973546374
7695,2021-01-25,2021-01-25 23:00:00,373.6417685073323,13.306418768052568
7696,2021-01-26,2021-01-26 23:00:00,363.87237362800835,16.315192492362517
7697,2021-01-27,2021-01-27 23:00:00,355.1781493465546,6.840102959101905
7698,2021-01-28,2021-01-28 23:00:00,351.3616365821874,27.86898084920477
7699,2021-01-29,2021-01-29 23:00:00,334.3508646163128,16.912822214361224
7700,2021-01-30,2021-01-30 23:00:00,335.01698887085445,18.26080063734459
7701,2021-01-31,2021-01-31 23:00:00,326.57706025027835,13.306867856598645
7702,2021-02-01,2021-02-01 23:00:00,357.686622931636,25.48514857776381
7703,2021-02-02,2021-02-02 23:00:00,421.01623339436725,65.00352470419506
7704,2021-02-03,2021-02-03 23:00:00,431.2110946147891,84.01897572503
7705,2021-02-04,2021-02-04 23:00:00,385.60312617086055,21.588049782242283
7706,2021-02-05,2021-02-05 23:00:00,376.81263201473286,12.271635604517
7707,2021-02-06,2021-02-06 23:00:00,393.849840609307,18.25131533066964
7708,2021-02-07,2021-02-07 23:00:00,388.5375522868774,21.6459282027205
7709,2021-02-08,2021-02-08 23:00:00,416.92032480856807,22.49634552411506
7710,2021-02-09,2021-02-09 23:00:00,435.2773155775074,23.274243123846748
7711,2021-02-10,2021-02-10 23:00:00,443.99079099810933,26.873086405591305
7712,2021-02-11,2021-02-11 23:00:00,440.0892693619514,11.598326678404586
7713,2021-02-12,2021-02-12 23:00:00,438.39885349470046,31.002947524736346
7714,2021-02-13,2021-02-13 23:00:00,421.855765457854,17.5037837187028
7715,2021-02-14,2021-02-14 23:00:00,381.51823567197795,30.163852318969344
7716,2021-02-15,2021-02-15 23:00:00,429.4506265938359,61.13256378317187
7717,2021-02-16,2021-02-16 23:00:00,440.6081204071163,66.93307568369434
7718,2021-02-17,2021-02-17 23:00:00,454.38337319310693,77.69253666011015
7719,2021-02-18,2021-02-18 23:00:00,408.34968563905295,31.661466854132144
7720,2021-02-19,2021-02-19 23:00:00,407.40695935759794,27.439584268528026
7721,2021-02-20,2021-02-20 23:00:00,400.9868390223078,26.276457162906382
7722,2021-02-21,2021-02-21 23:00:00,391.81045844823683,9.124822466416715
7723,2021-02-22,2021-02-22 23:00:00,413.6186366546781,42.677871678187586
7724,2021-02-23,2021-02-23 23:00:00,399.1866938468295,50.28200400147301
7725,2021-02-24,2021-02-24 23:00:00,371.8170610090477,13.444310649255627
7726,2021-02-25,2021-02-25 23:00:00,378.0468433911183,16.400652298919837
7727,2021-02-26,2021-02-26 23:00:00,422.01788085237314,41.97061294834265
7728,2021-02-27,2021-02-27 23:00:00,385.7338053979952,5.400568126191266
7729,2021-02-28,2021-02-28 23:00:00,348.51567614086684,17.82730054767362
7730,2021-03-01,2021-03-01 23:00:00,325.60056366425175,87.31078940210234
7731,2021-03-02,2021-03-02 23:00:00,327.0786363629556,17.775603250203613
7732,2021-03-03,2021-03-03 23:00:00,302.16506821231656,25.302828877940613
7733,2021-03-04,2021-03-04 23:00:00,268.30086247081704,40.45456723026157
7734,2021-03-05,2021-03-05 23:00:00,299.2012228296415,57.09700485896265
7735,2021-03-06,2021-03-06 23:00:00,270.3212936780022,36.68076227962287
7736,2021-03-07,2021-03-07 23:00:00,259.7578773252672,21.62430821788137
7737,2021-03-08,2021-03-08 23:00:00,295.551996392037,73.70979157342414
7738,2021-03-09,2021-03-09 23:00:00,271.63825822466714,61.88129357119272
7739,2021-03-10,2021-03-10 23:00:00,261.21360633900713,48.88640580417516
7740,2021-03-11,2021-03-11 23:00:00,250.7261814778285,56.05169074574416
7741,2021-03-12,2021-03-12 23:00:00,261.2186231851619,53.78180606901639
7742,2021-03-13,2021-03-13 23:00:00,265.13278901860565,50.7411580692991
7743,2021-03-14,2021-03-14 23:00:00,229.42608537615362,34.07101138384032
7744,2021-03-15,2021-03-15 23:00:00,274.3997400074962,53.65081744133161
7745,2021-03-16,2021-03-16 23:00:00,277.06513545877283,37.144152276190965
7746,2021-03-17,2021-03-17 23:00:00,254.4544095146822,59.54539506888772
7747,2021-03-18,2021-03-18 23:00:00,255.92444777170832,67.3068234745498
7748,2021-03-19,2021-03-19 23:00:00,227.79649393980222,38.12386402570299
7749,2021-03-20,2021-03-20 23:00:00,197.45667254089756,10.90656602076389
7750,2021-03-21,2021-03-21 23:00:00,184.20521753871876,12.91823290682131
7751,2021-03-22,2021-03-22 23:00:00,190.80476134598393,9.136652870379553
7752,2021-03-23,2021-03-23 23:00:00,203.3031827484447,14.259375350823664
7753,2021-03-24,2021-03-24 23:00:00,192.08338321074356,6.8686954353095935
7754,2021-03-25,2021-03-25 23:00:00,207.54364076147417,18.13063633955059
7755,2021-03-26,2021-03-26 23:00:00,206.3212574925152,15.01882846478839
7756,2021-03-27,2021-03-27 23:00:00,216.77790737205783,31.526788088522135
7757,2021-03-28,2021-03-28 23:00:00,221.38976674902878,13.69954481745122
7758,2021-03-29,2021-03-29 23:00:00,232.37010548071558,46.49075585490243
7759,2021-03-30,2021-03-30 23:00:00,239.79460848752078,23.761000630271585
7760,2021-03-31,2021-03-31 23:00:00,233.03540417536578,8.485060315659428
7761,2021-04-01,2021-04-01 23:00:00,223.27173127112056,12.881136559956841
7762,2021-04-02,2021-04-02 23:00:00,224.12462962004847,2.945731218733139
7763,2021-04-03,2021-04-03 23:00:00,225.48024495989787,26.080181667854422
7764,2021-04-04,2021-04-04 23:00:00,233.71638256421224,25.70038582205948
7765,2021-04-05,2021-04-05 23:00:00,261.34909060002974,39.32371432829933
7766,2021-04-06,2021-04-06 23:00:00,243.0973215072028,18.0920026969926
7767,2021-04-07,2021-04-07 23:00:00,229.49503820091726,22.95855627730353
7768,2021-04-08,2021-04-08 23:00:00,225.3191637187618,35.57944316199039
7769,2021-04-09,2021-04-09 23:00:00,241.52653996036744,40.234031074591435
7770,2021-04-10,2021-04-10 23:00:00,210.1035197027292,12.594256121040452
7771,2021-04-11,2021-04-11 23:00:00,201.72465009444264,10.00783746188151
7772,2021-04-12,2021-04-12 23:00:00,213.3494067081399,11.151208199715125
7773,2021-04-13,2021-04-13 23:00:00,230.25294233813725,28.202294354747284
7774,2021-04-14,2021-04-14 23:00:00,222.76393257124536,31.11705333129211
7775,2021-04-15,2021-04-15 23:00:00,218.76154088361955,29.246223471272028
7776,2021-04-16,2021-04-16 23:00:00,237.94420561016236,29.909871703068973
7777,2021-04-17,2021-04-17 23:00:00,250.1894641963809,37.21205164131111
7778,2021-04-18,2021-04-18 23:00:00,239.30674130463652,17.802810098145603
7779,2021-04-19,2021-04-19 23:00:00,259.50111771011854,33.801773923692544
7780,2021-04-20,2021-04-20 23:00:00,260.0386796418774,23.700472463645514
7781,2021-04-21,2021-04-21 23:00:00,277.9441109153549,48.242215533973265
7782,2021-04-22,2021-04-22 23:00:00,264.7127601057369,37.499843051646764
7783,2021-04-23,2021-04-23 23:00:00,255.61583112701564,33.18250211200098
7784,2021-04-24,2021-04-24 23:00:00,266.9328937373997,14.110079072318477
7785,2021-04-25,2021-04-25 23:00:00,271.0372645052414,17.450648491738402
7786,2021-04-26,2021-04-26 23:00:00,280.3473448727503,32.29722416021158
7787,2021-04-27,2021-04-27 23:00:00,270.59111626467285,13.237816522832798
7788,2021-04-28,2021-04-28 23:00:00,261.85480500521686,27.475809457248253
7789,2021-04-29,2021-04-29 23:00:00,248.19857568606062,42.49969717738511
7790,2021-04-30,2021-04-30 23:00:00,215.11495814965747,30.19508862082915
7791,2021-05-01,2021-05-01 23:00:00,203.02688953452153,14.392332867178487
7792,2021-05-02,2021-05-02 23:00:00,181.25957694198163,8.960379462596459
7793,2021-05-03,2021-05-03 23:00:00,186.85395121754323,33.15040783930543
7794,2021-05-04,2021-05-04 23:00:00,162.48590563427186,40.94012927981566
7795,2021-05-05,2021-05-05 23:00:00,201.5513884497669,27.547165754515277
7796,2021-05-06,2021-05-06 23:00:00,152.7027738469528,13.6251003047151
7797,2021-05-07,2021-05-07 23:00:00,157.6707565233995,13.580496036791223
7798,2021-05-08,2021-05-08 23:00:00,163.78105770682885,1.4534247990253901
7799,2021-05-09,2021-05-09 23:00:00,155.0383807690513,3.9502676889877475
7800,2021-05-10,2021-05-10 23:00:00,149.8158826680757,8.01777110036349
7801,2021-05-11,2021-05-11 23:00:00,144.67722069353036,5.722840536429214
7802,2021-05-12,2021-05-12 23:00:00,142.7300851997625,4.161949729971181
7803,2021-05-13,2021-05-13 23:00:00,143.20936005868626,11.505655114617555
7804,2021-05-14,2021-05-14 23:00:00,137.3029999261977,0.5805523090727853
7805,2021-05-15,2021-05-15 23:00:00,138.14257236149896,0.0005891046709601318
7806,2021-05-16,2021-05-16 23:00:00,137.20368144756927,0.26166721341904264
7807,2021-05-17,2021-05-17 23:00:00,134.98333230925027,0.7143247985446005
7808,2021-05-18,2021-05-18 23:00:00,135.08095072635524,0.5671821483146278
7809,2021-05-19,2021-05-19 23:00:00,137.71366305357733,0.9483856211018877
7810,2021-05-20,2021-05-20 23:00:00,134.87378152390883,1.1862187862597415
7811,2021-05-21,2021-05-21 23:00:00,134.71583303334606,0.4131119344626823
7812,2021-05-22,2021-05-22 23:00:00,133.38087446242864,2.707319963790406
7813,2021-05-23,2021-05-23 23:00:00,135.18596883321274,0.015881142354993615
7814,2021-05-24,2021-05-24 23:00:00,133.27743112354298,3.723320553027217
7815,2021-05-25,2021-05-25 23:00:00,136.67477314506252,0.0015909620218245199
7816,2021-05-26,2021-05-26 23:00:00,135.6615364770513,0.9877266516965841
7817,2021-05-27,2021-05-27 23:00:00,136.5870897695776,0.9469070214412849
7818,2021-05-28,2021-05-28 23:00:00,137.80987376077914,0.3691699755883114
7819,2021-05-29,2021-05-29 23:00:00,139.49681385567942,0.4944130849021003
7820,2021-05-30,2021-05-30 23:00:00,137.92199674903262,0.744693864222325
7821,2021-05-31,2021-05-31 23:00:00,133.08026329459688,3.722827444508008
7822,2021-06-01,2021-06-01 23:00:00,132.04366054844465,0.7209780126733236
7823,2021-06-02,2021-06-02 23:00:00,131.53032185104976,3.542431279968138
7824,2021-06-03,2021-06-03 23:00:00,140.8402909862435,44.06369866655075
7825,2021-06-04,2021-06-04 23:00:00,132.73867238359995,0.7077715682912407
7826,2021-06-05,2021-06-05 23:00:00,136.0724747464916,1.9056329108524592
7827,2021-06-06,2021-06-06 23:00:00,137.21931223724084,0.5993675110046279
7828,2021-06-07,2021-06-07 23:00:00,135.0148810630511,1.045754046476624
7829,2021-06-08,2021-06-08 23:00:00,132.92110011673452,3.751794847612043
7830,2021-06-09,2021-06-09 23:00:00,132.768406390899,3.9237109778179353
7831,2021-06-10,2021-06-10 23:00:00,132.44717489433674,3.8795340345371057
7832,2021-06-11,2021-06-11 23:00:00,131.5526598404962,3.9237551760495757
7833,2021-06-12,2021-06-12 23:00:00,132.23185958431029,4.004855116666527
7834,2021-06-13,2021-06-13 23:00:00,129.5023947134094,3.372861561653414
7835,2021-06-14,2021-06-14 23:00:00,130.28462499239376,3.5294008237339667
7836,2021-06-15,2021-06-15 23:00:00,132.26423344643612,3.607101030173174
7837,2021-06-16,2021-06-16 23:00:00,134.10645392511427,3.8392802976486284
7838,2021-06-17,2021-06-17 23:00:00,133.3464313634108,3.700809405270886
7839,2021-06-18,2021-06-18 23:00:00,136.1628098904326,3.303742545397475
7840,2021-06-19,2021-06-19 23:00:00,134.45544322480362,3.793577176664845
7841,2021-06-20,2021-06-20 23:00:00,131.1848695635538,3.2395421017158976
7842,2021-06-21,2021-06-21 23:00:00,131.76653724077065,3.597955243235809
7843,2021-06-22,2021-06-22 23:00:00,131.4733044279435,3.8306377249679344
7844,2021-06-23,2021-06-23 23:00:00,132.55436184897817,3.358434988272785
7845,2021-06-24,2021-06-24 23:00:00,133.26188964388936,3.7141864441386088
7846,2021-06-25,2021-06-25 23:00:00,133.47189329071227,3.691334030720039
7847,2021-06-26,2021-06-26 23:00:00,132.50584652814914,3.4644427484264186
7848,2021-06-27,2021-06-27 23:00:00,129.54810795369607,3.2646515942521925
7849,2021-06-28,2021-06-28 23:00:00,135.77865202197128,1.7730802641018524
7850,2021-06-29,2021-06-29 23:00:00,134.14390102780098,3.3378976837445116
7851,2021-06-30,2021-06-30 23:00:00,137.52086526290648,0.958581304887657
7852,2021-07-01,2021-07-01 23:00:00,137.2401337679244,3.505050396128569
7853,2021-07-02,2021-07-02 23:00:00,133.8130043163152,0.5853474921593045
7854,2021-07-03,2021-07-03 23:00:00,137.13401640538135,0.0006681926983692748
7855,2021-07-04,2021-07-04 23:00:00,133.8021355619516,0.4449216761032996
7856,2021-07-05,2021-07-05 23:00:00,129.6300186620681,3.9130121977313057
7857,2021-07-06,2021-07-06 23:00:00,132.9852418460799,0.07114017064396484
7858,2021-07-07,2021-07-07 23:00:00,133.85955179048096,1.4908556531216146
7859,2021-07-08,2021-07-08 23:00:00,136.8877469943474,1.8489545152333944
7860,2021-07-09,2021-07-09 23:00:00,143.83060241645387,10.124288426196955
7861,2021-07-10,2021-07-10 23:00:00,135.86206832934624,5.4493552350560925
7862,2021-07-11,2021-07-11 23:00:00,133.21419132370622,0.5382076928124708
7863,2021-07-12,2021-07-12 23:00:00,135.62990428776027,0.60621171710395
7864,2021-07-13,2021-07-13 23:00:00,133.68590408353546,0.1327942870207474
7865,2021-07-14,2021-07-14 23:00:00,133.10704490867604,0.10336535041432676
7866,2021-07-15,2021-07-15 23:00:00,134.93893229455804,11.02605647745155
7867,2021-07-16,2021-07-16 23:00:00,133.61017072073605,3.6790593048986744
7868,2021-07-17,2021-07-17 23:00:00,132.8361566419511,4.3904784235825005
7869,2021-07-18,2021-07-18 23:00:00,134.555953260615,0.6424880699138037
7870,2021-07-19,2021-07-19 23:00:00,137.41960787204673,10.959588209735978
7871,2021-07-20,2021-07-20 23:00:00,136.82548196850394,5.01932812256497
7872,2021-07-21,2021-07-21 23:00:00,136.66464841514764,5.433336755320915
7873,2021-07-22,2021-07-22 23:00:00,137.5045659553554,0.7417964464876461
7874,2021-07-23,2021-07-23 23:00:00,141.18139744308047,13.92538560159485
7875,2021-07-24,2021-07-24 23:00:00,133.20783569953596,3.828004657702412
7876,2021-07-25,2021-07-25 23:00:00,131.119483932623,3.5350141743551924
7877,2021-07-26,2021-07-26 23:00:00,131.1715343874697,3.5909632242609346
7878,2021-07-27,2021-07-27 23:00:00,136.1934967339363,2.8738443913792815
7879,2021-07-28,2021-07-28 23:00:00,133.22989907488406,3.8407731067158823
7880,2021-07-29,2021-07-29 23:00:00,130.99859721676532,3.8476305826748156
7881,2021-07-30,2021-07-30 23:00:00,134.78790904157862,0.24513067929505758
7882,2021-07-31,2021-07-31 23:00:00,132.95605105719625,0.20743267196115214
7883,2021-08-01,2021-08-01 23:00:00,131.20168705936345,3.29277012048968
7884,2021-08-02,2021-08-02 23:00:00,135.72741267925912,1.5347790138800026
7885,2021-08-03,2021-08-03 23:00:00,152.16019595231842,30.44427844516
7886,2021-08-04,2021-08-04 23:00:00,155.38982629300452,30.12343058422549
7887,2021-08-05,2021-08-05 23:00:00,147.90916724973226,18.846090258690154
7888,2021-08-06,2021-08-06 23:00:00,135.65776766878193,0.7765844227027422
7889,2021-08-07,2021-08-07 23:00:00,134.4531038755016,0.548758024176031
7890,2021-08-08,2021-08-08 23:00:00,132.70188541659311,1.819127913398805
7891,2021-08-09,2021-08-09 23:00:00,132.4398135325281,3.0599807008087785
7892,2021-08-10,2021-08-10 23:00:00,161.20758600966147,27.663437071984294
7893,2021-08-11,2021-08-11 23:00:00,155.6932051589079,28.49859324966557
7894,2021-08-12,2021-08-12 23:00:00,146.7695531109336,18.76604965165876
7895,2021-08-13,2021-08-13 23:00:00,134.74205761648074,1.1845835189349079
7896,2021-08-14,2021-08-14 23:00:00,134.80904395496475,0.08124230209803948
7897,2021-08-15,2021-08-15 23:00:00,135.0995831425453,3.1099826656268608
7898,2021-08-16,2021-08-16 23:00:00,129.4662255005244,4.125240899216586
7899,2021-08-17,2021-08-17 23:00:00,134.84076264358748,3.8588459600152945
7900,2021-08-18,2021-08-18 23:00:00,137.39101204152766,4.0015407409839865
7901,2021-08-19,2021-08-19 23:00:00,136.78159563772775,3.8592931109649604
7902,2021-08-20,2021-08-20 23:00:00,134.74480165867547,3.8451187204513304
7903,2021-08-21,2021-08-21 23:00:00,135.83282292591556,3.9484184050742437
7904,2021-08-22,2021-08-22 23:00:00,132.99128796091784,4.043735713968893
7905,2021-08-23,2021-08-23 23:00:00,131.52209606091463,3.853995083050694
7906,2021-08-24,2021-08-24 23:00:00,132.22934915491342,3.445443319153958
7907,2021-08-25,2021-08-25 23:00:00,131.8976395778171,3.9854948897183133
7908,2021-08-26,2021-08-26 23:00:00,129.68903440929253,4.10781849410191
7909,2021-08-27,2021-08-27 23:00:00,130.83658797684137,3.854102735936965
7910,2021-08-28,2021-08-28 23:00:00,130.84694704102014,3.4272459084897053
7911,2021-08-29,2021-08-29 23:00:00,130.05645800044718,4.033528153560122
7912,2021-08-30,2021-08-30 23:00:00,129.45636402266362,4.138816264052313
7913,2021-08-31,2021-08-31 23:00:00,132.77929423711998,4.1020746404884765
7914,2021-09-01,2021-09-01 23:00:00,132.90153171310908,10.667129905777971
7915,2021-09-02,2021-09-02 23:00:00,133.53091373441566,11.77518980457738
7916,2021-09-03,2021-09-03 23:00:00,135.87725187321792,15.471962178415671
7917,2021-09-04,2021-09-04 23:00:00,135.8365410761762,1.5986527283847174
7918,2021-09-05,2021-09-05 23:00:00,133.10415261093186,1.6446924606212832
7919,2021-09-06,2021-09-06 23:00:00,137.69796050426788,5.857971963948686
7920,2021-09-07,2021-09-07 23:00:00,142.1307840944636,15.637315548383574
7921,2021-09-08,2021-09-08 23:00:00,150.04557149011148,29.45903191920643
7922,2021-09-09,2021-09-09 23:00:00,141.03486809984756,7.413294634628544
7923,2021-09-10,2021-09-10 23:00:00,153.24058662523663,24.820811844947208
7924,2021-09-11,2021-09-11 23:00:00,138.42833465561202,0.5930868058945881
7925,2021-09-12,2021-09-12 23:00:00,130.22844532508836,4.160928599976946
7926,2021-09-13,2021-09-13 23:00:00,144.86680528273388,16.083426885096483
7927,2021-09-14,2021-09-14 23:00:00,144.77750833391647,12.254855169018642
7928,2021-09-15,2021-09-15 23:00:00,153.64733739813911,19.914965226559065
7929,2021-09-16,2021-09-16 23:00:00,133.72729461034498,0.05961221051673842
7930,2021-09-17,2021-09-17 23:00:00,132.10512704971939,1.7298314615886936
7931,2021-09-18,2021-09-18 23:00:00,138.30928339679244,10.938506483167723
7932,2021-09-19,2021-09-19 23:00:00,137.7689043045801,8.05427263640125
7933,2021-09-20,2021-09-20 23:00:00,171.82904324575827,15.404462573403464
7934,2021-09-21,2021-09-21 23:00:00,213.27707651899686,31.213985189974057
7935,2021-09-22,2021-09-22 23:00:00,219.025905661052,22.004761826562977
7936,2021-09-23,2021-09-23 23:00:00,237.77655911233262,27.225655194520623
7937,2021-09-24,2021-09-24 23:00:00,212.67622656041348,13.3190325732152
7938,2021-09-25,2021-09-25 23:00:00,159.28866709760584,34.17927451447707
7939,2021-09-26,2021-09-26 23:00:00,130.50677022684067,3.5096081465292928
7940,2021-09-27,2021-09-27 23:00:00,198.6161450802889,77.42811928089846
7941,2021-09-28,2021-09-28 23:00:00,176.55748058341192,35.43230183070885
7942,2021-09-29,2021-09-29 23:00:00,196.02093261035304,68.19517122166415
7943,2021-09-30,2021-09-30 23:00:00,159.704758464028,36.79538313762234
7944,2021-10-01,2021-10-01 23:00:00,159.99458323022034,22.010288292418107
7945,2021-10-02,2021-10-02 23:00:00,162.37052552526617,21.624730106511365
7946,2021-10-03,2021-10-03 23:00:00,139.3413915364704,14.828546673561588
7947,2021-10-04,2021-10-04 23:00:00,168.16896463012304,49.58204434966611
7948,2021-10-05,2021-10-05 23:00:00,159.88366627087018,23.36580213269572
7949,2021-10-06,2021-10-06 23:00:00,163.83636854795162,24.485675171695718
7950,2021-10-07,2021-10-07 23:00:00,160.9173945468146,28.838028098729772
7951,2021-10-08,2021-10-08 23:00:00,146.40804170873238,26.246835423788564
7952,2021-10-09,2021-10-09 23:00:00,128.10471221010354,0.10319207982775329
7953,2021-10-10,2021-10-10 23:00:00,128.56605105241894,3.1117816856027343
7954,2021-10-11,2021-10-11 23:00:00,147.98196383379843,17.481310346512096
7955,2021-10-12,2021-10-12 23:00:00,157.53095892976324,24.550499407600604
7956,2021-10-13,2021-10-13 23:00:00,150.7166520682974,21.03518442248335
7957,2021-10-14,2021-10-14 23:00:00,161.92341727222404,27.09005416124029
7958,2021-10-15,2021-10-15 23:00:00,147.37471346540875,32.439722178191644
7959,2021-10-16,2021-10-16 23:00:00,181.452414280434,24.77179804662605
7960,2021-10-17,2021-10-17 23:00:00,136.28319003710453,18.11838415195489
7961,2021-10-18,2021-10-18 23:00:00,127.20706014772217,0.05854841726071951
7962,2021-10-19,2021-10-19 23:00:00,159.66764898708865,27.489769880644833
7963,2021-10-20,2021-10-20 23:00:00,133.31600891256454,6.075274567980185
7964,2021-10-21,2021-10-21 23:00:00,178.306538064673,59.98633555989831
7965,2021-10-22,2021-10-22 23:00:00,133.45462899277763,4.01947117818471
7966,2021-10-23,2021-10-23 23:00:00,152.45287871684712,53.67057143937846
7967,2021-10-24,2021-10-24 23:00:00,129.69550111863126,1.9000037552584144
7968,2021-10-25,2021-10-25 23:00:00,168.53462784593972,71.4056381079299
7969,2021-10-26,2021-10-26 23:00:00,155.49164526938068,39.5353483020342
7970,2021-10-27,2021-10-27 23:00:00,188.5743880855716,62.36047596389849
7971,2021-10-28,2021-10-28 23:00:00,181.9176405980503,74.2035605746254
7972,2021-10-29,2021-10-29 23:00:00,127.96729481756165,0.16990249571287394
7973,2021-10-30,2021-10-30 23:00:00,125.45972746817228,3.238417938040974
7974,2021-10-31,2021-10-31 23:00:00,125.94023399339305,3.1968894392189524
7975,2021-11-01,2021-11-01 23:00:00,128.4835146183494,3.311948262060176
7976,2021-11-02,2021-11-02 23:00:00,146.89987999953712,41.01575854668993
7977,2021-11-03,2021-11-03 23:00:00,151.8299830840779,39.7180476120228
7978,2021-11-04,2021-11-04 23:00:00,142.7126374670859,16.663280693232736
7979,2021-11-05,2021-11-05 23:00:00,134.38124582805423,0.5034413422300085
7980,2021-11-06,2021-11-06 23:00:00,136.70504159284988,1.7830627028176245
7981,2021-11-07,2021-11-07 23:00:00,134.8441066944499,0.9374594064441478
7982,2021-11-08,2021-11-08 23:00:00,135.6177140734805,1.543185710420981
7983,2021-11-09,2021-11-09 23:00:00,174.30616258906494,63.24395749862465
7984,2021-11-10,2021-11-10 23:00:00,151.0884328622448,37.49676689506586
7985,2021-11-11,2021-11-11 23:00:00,156.5716911392876,39.273188712085535
7986,2021-11-12,2021-11-12 23:00:00,134.79904777319445,3.505900478160026
7987,2021-11-13,2021-11-13 23:00:00,136.70868489118297,2.9681278238381066
7988,2021-11-14,2021-11-14 23:00:00,134.33989306230282,0.44942088827451726
7989,2021-11-15,2021-11-15 23:00:00,133.24646356218182,0.4552337332490539
7990,2021-11-16,2021-11-16 23:00:00,142.99563979148567,24.988548279127485
7991,2021-11-17,2021-11-17 23:00:00,156.06659508916337,38.776734109846736
7992,2021-11-18,2021-11-18 23:00:00,152.01430932038008,24.22314419156849
7993,2021-11-19,2021-11-19 23:00:00,157.41240096591807,17.10205822361129
7994,2021-11-20,2021-11-20 23:00:00,158.33571478554435,18.309599570115836
7995,2021-11-21,2021-11-21 23:00:00,150.01544403060834,6.861106320943037
7996,2021-11-22,2021-11-22 23:00:00,179.0991548430402,30.959645814855296
7997,2021-11-23,2021-11-23 23:00:00,194.90212938483054,30.826547851782948
7998,2021-11-24,2021-11-24 23:00:00,198.05229387094028,30.82476556132644
7999,2021-11-25,2021-11-25 23:00:00,173.70029440594945,19.7539466571032
8000,2021-11-26,2021-11-26 23:00:00,162.964516856181,20.599173385819665
8001,2021-11-27,2021-11-27 23:00:00,136.6130694637952,2.208427314342668
8002,2021-11-28,2021-11-28 23:00:00,136.98167116714612,0.48252189474277346
8003,2021-11-29,2021-11-29 23:00:00,143.69689131397294,16.159015385197588
8004,2021-11-30,2021-11-30 23:00:00,157.94118691674953,33.08114238477554
8005,2021-12-01,2021-12-01 23:00:00,141.88843970908957,16.256455919396803
8006,2021-12-02,2021-12-02 23:00:00,146.82814008809746,7.522271380483048
8007,2021-12-03,2021-12-03 23:00:00,152.39711312715508,14.50300788897293
8008,2021-12-04,2021-12-04 23:00:00,162.62966403485254,19.762459813006185
8009,2021-12-05,2021-12-05 23:00:00,173.82656527381096,13.513581962946656
8010,2021-12-06,2021-12-06 23:00:00,175.766843842859,17.918286754708397
8011,2021-12-07,2021-12-07 23:00:00,196.3883385987709,19.180043449887336
8012,2021-12-08,2021-12-08 23:00:00,205.35852328521014,11.470076071120724
8013,2021-12-09,2021-12-09 23:00:00,242.61247758697118,7.985172272172049
8014,2021-12-10,2021-12-10 23:00:00,286.2526313639326,16.874000011972303
8015,2021-12-11,2021-12-11 23:00:00,320.8892323710318,15.518806215512159
8016,2021-12-12,2021-12-12 23:00:00,353.96149116203145,10.536003881103886
8017,2021-12-13,2021-12-13 23:00:00,434.2086381124004,37.31191921044966
8018,2021-12-14,2021-12-14 23:00:00,525.0304266273474,8.71304882214656
8019,2021-12-15,2021-12-15 23:00:00,585.5419446751819,37.390973623087135
8020,2021-12-16,2021-12-16 23:00:00,690.4129971456445,33.73855764366599
8021,2021-12-17,2021-12-17 23:00:00,735.4350451083777,33.22587627203143
8022,2021-12-18,2021-12-18 23:00:00,749.0820032128099,37.86408077667744
8023,2021-12-19,2021-12-19 23:00:00,797.9214242408352,18.344773073675015
8024,2021-12-20,2021-12-20 23:00:00,834.8332830855887,20.550060548339673
8025,2021-12-21,2021-12-21 23:00:00,841.7666394468164,6.119517552605098
8026,2021-12-22,2021-12-22 23:00:00,805.1793771957869,53.2002674995703
8027,2021-12-23,2021-12-23 23:00:00,820.5647661253303,12.215316665615514
8028,2021-12-24,2021-12-24 23:00:00,737.712801412179,85.96672964832449
8029,2021-12-25,2021-12-25 23:00:00,453.89067599610786,175.1733347704797
8030,2021-12-26,2021-12-26 23:00:00,537.7462368795574,157.01733536206794
8031,2021-12-27,2021-12-27 23:00:00,638.0394777520497,80.26981478960899
8032,2021-12-28,2021-12-28 23:00:00,650.0707706816028,17.571734376274
8033,2021-12-29,2021-12-29 23:00:00,611.5230765279638,38.582564836330654
8034,2021-12-30,2021-12-30 23:00:00,560.8901144157783,56.0110995369092
8035,2021-12-31,2021-12-31 23:00:00,428.275114621837,134.81708776606533
8036,2022-01-01,2022-01-01 23:00:00,276.27425957204406,21.770260432500542
8037,2022-01-02,2022-01-02 23:00:00,275.74283447292254,66.56104208116054
8038,2022-01-03,2022-01-03 23:00:00,287.5988083013131,50.2582368034194
8039,2022-01-04,2022-01-04 23:00:00,225.9353552785689,66.32694449143015
8040,2022-01-05,2022-01-05 23:00:00,243.4438788117659,57.90184476096812
8041,2022-01-06,2022-01-06 23:00:00,271.3154030551855,12.793344731157143
8042,2022-01-07,2022-01-07 23:00:00,279.48845616856283,15.663619382195291
8043,2022-01-08,2022-01-08 23:00:00,288.5287142909055,3.402036219371519
8044,2022-01-09,2022-01-09 23:00:00,282.175299771362,10.753230664308528
8045,2022-01-10,2022-01-10 23:00:00,287.5808509066506,1.7034205321837852
8046,2022-01-11,2022-01-11 23:00:00,348.1310328040326,42.37506608970644
8047,2022-01-12,2022-01-12 23:00:00,343.53214096214447,15.716332978975489
8048,2022-01-13,2022-01-13 23:00:00,338.449218606732,6.272997662691497
8049,2022-01-14,2022-01-14 23:00:00,358.5366997363047,16.191671945245847
8050,2022-01-15,2022-01-15 23:00:00,362.2627351951217,12.943761896380622
8051,2022-01-16,2022-01-16 23:00:00,358.0044177245681,16.26335793553943
8052,2022-01-17,2022-01-17 23:00:00,359.4574558821069,44.21273266609501
8053,2022-01-18,2022-01-18 23:00:00,380.80534687889946,36.886277980719875
8054,2022-01-19,2022-01-19 23:00:00,374.20389982916214,20.22450687731619
8055,2022-01-20,2022-01-20 23:00:00,406.1659117845543,35.62122567977609
8056,2022-01-21,2022-01-21 23:00:00,427.1628132627464,15.502127991019387
8057,2022-01-22,2022-01-22 23:00:00,436.4290413662472,15.919602930520474
8058,2022-01-23,2022-01-23 23:00:00,436.19386488591954,14.706527020391107
8059,2022-01-24,2022-01-24 23:00:00,476.6659019881431,38.57184759292824
8060,2022-01-25,2022-01-25 23:00:00,623.6339813182061,78.08171881188905
8061,2022-01-26,2022-01-26 23:00:00,561.6846381685542,27.478913621776915
8062,2022-01-27,2022-01-27 23:00:00,674.567729326237,107.12369914715079
8063,2022-01-28,2022-01-28 23:00:00,680.0830785870072,81.20104717173369
8064,2022-01-29,2022-01-29 23:00:00,690.8936237463528,61.287386340702184
8065,2022-01-30,2022-01-30 23:00:00,638.9531781030913,125.48860678189017
8066,2022-01-31,2022-01-31 23:00:00,735.833598502019,47.7374662689017
8067,2022-02-01,2022-02-01 23:00:00,801.1560788242782,58.40476471473173
8068,2022-02-02,2022-02-02 23:00:00,877.6971636438183,38.06426765830465
8069,2022-02-03,2022-02-03 23:00:00,947.660095512646,69.82049279478476
8070,2022-02-04,2022-02-04 23:00:00,884.9378592101502,11.3001484988157
8071,2022-02-05,2022-02-05 23:00:00,942.3522403964657,56.18127151247326
8072,2022-02-06,2022-02-06 23:00:00,897.5176141105525,11.836497260121874
8073,2022-02-07,2022-02-07 23:00:00,865.2390271478001,153.8564876957316
8074,2022-02-08,2022-02-08 23:00:00,775.9830713526271,245.56432637465397
8075,2022-02-09,2022-02-09 23:00:00,671.4408535040344,117.97178393324926
8076,2022-02-10,2022-02-10 23:00:00,589.3636238447126,56.89030770181907
8077,2022-02-11,2022-02-11 23:00:00,508.10140171526336,46.82763474745414
8078,2022-02-12,2022-02-12 23:00:00,455.0382784539552,27.794787275322484
8079,2022-02-13,2022-02-13 23:00:00,419.60233751043614,38.16180424826345
8080,2022-02-14,2022-02-14 23:00:00,483.7712217018505,54.909909559394094
8081,2022-02-15,2022-02-15 23:00:00,478.6808089296721,15.4717855380906
8082,2022-02-16,2022-02-16 23:00:00,472.8602351119952,35.32379147154057
8083,2022-02-17,2022-02-17 23:00:00,441.5938248048839,30.89133947361305
8084,2022-02-18,2022-02-18 23:00:00,444.0870752623027,31.143533696927086
8085,2022-02-19,2022-02-19 23:00:00,423.2764495060025,13.198517950618916
8086,2022-02-20,2022-02-20 23:00:00,350.66166780522013,31.05222187678586
8087,2022-02-21,2022-02-21 23:00:00,369.1207744549427,24.95621790040668
8088,2022-02-22,2022-02-22 23:00:00,384.93834441305836,70.08591874196138
8089,2022-02-23,2022-02-23 23:00:00,350.8659632180579,33.41896278159436
8090,2022-02-24,2022-02-24 23:00:00,354.68325830156397,31.916483775278504
8091,2022-02-25,2022-02-25 23:00:00,338.5011443827308,23.442511138156863
8092,2022-02-26,2022-02-26 23:00:00,350.36707202207685,8.728791891468868
8093,2022-02-27,2022-02-27 23:00:00,333.34051399057256,38.18723629387015
8094,2022-02-28,2022-02-28 23:00:00,363.6415841650091,63.55496770088099
8095,2022-03-01,2022-03-01 23:00:00,364.5387517302668,51.437521579673735
8096,2022-03-02,2022-03-02 23:00:00,349.74021278002874,47.93528190751498
8097,2022-03-03,2022-03-03 23:00:00,334.5411715015595,38.16746281486155
8098,2022-03-04,2022-03-04 23:00:00,260.4088846200029,73.02080853267849
8099,2022-03-05,2022-03-05 23:00:00,267.3401934294834,30.831641840275395
8100,2022-03-06,2022-03-06 23:00:00,259.0957899428405,29.046841883850547
8101,2022-03-07,2022-03-07 23:00:00,305.65056344402893,63.35412432896149
8102,2022-03-08,2022-03-08 23:00:00,283.93874597035057,71.75054185188826
8103,2022-03-09,2022-03-09 23:00:00,281.9514588819484,79.04419706447247
8104,2022-03-10,2022-03-10 23:00:00,252.36816127151715,24.779261700691038
8105,2022-03-11,2022-03-11 23:00:00,251.7298063535637,15.050624030475461
8106,2022-03-12,2022-03-12 23:00:00,254.52391654532627,5.7148034537085515
8107,2022-03-13,2022-03-13 23:00:00,267.41789844284136,10.879375862664082
8108,2022-03-14,2022-03-14 23:00:00,280.1617644103834,38.44843432386024
8109,2022-03-15,2022-03-15 23:00:00,307.7613027970535,30.857619867265885
8110,2022-03-16,2022-03-16 23:00:00,332.8426725609433,24.308294528342955
8111,2022-03-17,2022-03-17 23:00:00,363.05265139902946,83.42707186338933
8112,2022-03-18,2022-03-18 23:00:00,311.84680462907005,50.98436251550052
8113,2022-03-19,2022-03-19 23:00:00,290.59414540778806,19.082082464942594
8114,2022-03-20,2022-03-20 23:00:00,286.6872261996994,9.867556344224091
8115,2022-03-21,2022-03-21 23:00:00,290.4456071278435,22.466366104210042
8116,2022-03-22,2022-03-22 23:00:00,300.3856923229087,24.300658858636574
8117,2022-03-23,2022-03-23 23:00:00,291.34769637520003,86.56407686274342
8118,2022-03-24,2022-03-24 23:00:00,326.82722638952026,27.55856799574639
8119,2022-03-25,2022-03-25 23:00:00,337.6880497591742,7.11608393396405
8120,2022-03-26,2022-03-26 23:00:00,341.9702380941632,2.869731944070553
8121,2022-03-27,2022-03-27 23:00:00,344.7424957632276,2.0573385078564135
8122,2022-03-28,2022-03-28 23:00:00,376.4076773696749,28.47739422896986
8123,2022-03-29,2022-03-29 23:00:00,384.7373590497688,37.327493324076784
8124,2022-03-30,2022-03-30 23:00:00,383.8260016834401,53.96786282761742
8125,2022-03-31,2022-03-31 23:00:00,425.5743148869553,53.97478911391632
8126,2022-04-01,2022-04-01 23:00:00,383.7847195060931,23.41221293495653
8127,2022-04-02,2022-04-02 23:00:00,322.71366935224484,57.69240732892853
8128,2022-04-03,2022-04-03 23:00:00,203.1401038322857,35.63490959709609
8129,2022-04-04,2022-04-04 23:00:00,238.94797334942302,82.951953372588
8130,2022-04-05,2022-04-05 23:00:00,270.2246482318152,41.958862056141314
8131,2022-04-06,2022-04-06 23:00:00,260.69821411602743,50.51383519463885
8132,2022-04-07,2022-04-07 23:00:00,358.43019948903884,331.5488021622091
8133,2022-04-08,2022-04-08 23:00:00,212.36801833001437,4.598847355867374
8134,2022-04-09,2022-04-09 23:00:00,187.53136373014823,12.631491936159382
8135,2022-04-10,2022-04-10 23:00:00,170.32403796738794,9.324426919739489
8136,2022-04-11,2022-04-11 23:00:00,188.85368938844246,21.673540122764344
8137,2022-04-12,2022-04-12 23:00:00,176.7982903589622,5.715863465142669
8138,2022-04-13,2022-04-13 23:00:00,180.22300038075946,18.356207096924987
8139,2022-04-14,2022-04-14 23:00:00,166.27927272108514,8.63183032123689
8140,2022-04-15,2022-04-15 23:00:00,145.8379700438857,2.035150290285525
8141,2022-04-16,2022-04-16 23:00:00,162.72694014530398,16.826322989468913
8142,2022-04-17,2022-04-17 23:00:00,149.38604376461643,19.834874437568917
8143,2022-04-18,2022-04-18 23:00:00,189.14803646424673,30.348589543026005
8144,2022-04-19,2022-04-19 23:00:00,254.4772011956159,70.08173954429847
8145,2022-04-20,2022-04-20 23:00:00,197.73428801048598,34.24954086730695
8146,2022-04-21,2022-04-21 23:00:00,183.3163056093401,20.09383702542972
8147,2022-04-22,2022-04-22 23:00:00,156.84876619214853,15.824407598941072
8148,2022-04-23,2022-04-23 23:00:00,154.85620123282368,14.623720709837972
8149,2022-04-24,2022-04-24 23:00:00,140.45672611218507,9.080124027140139
8150,2022-04-25,2022-04-25 23:00:00,137.95550621952785,10.788609454997129
8151,2022-04-26,2022-04-26 23:00:00,144.52766003530718,10.75614709112558
8152,2022-04-27,2022-04-27 23:00:00,139.4473820080066,10.986217097727284
8153,2022-04-28,2022-04-28 23:00:00,135.90287663996082,7.178537383722286
8154,2022-04-29,2022-04-29 23:00:00,133.62132735511125,4.730288070060463
8155,2022-04-30,2022-04-30 23:00:00,132.49059566074274,4.688189340641466
8156,2022-05-01,2022-05-01 23:00:00,130.9042871438837,1.2421749731936098
8157,2022-05-02,2022-05-02 23:00:00,133.3352884471615,9.218174931332733
8158,2022-05-03,2022-05-03 23:00:00,144.97336472693874,18.73717490736256
8159,2022-05-04,2022-05-04 23:00:00,180.8206425635584,86.44415368725514
8160,2022-05-05,2022-05-05 23:00:00,142.81787184415342,11.032472767494795
8161,2022-05-06,2022-05-06 23:00:00,153.92298481721204,11.468992369883646
8162,2022-05-07,2022-05-07 23:00:00,154.62707490606576,14.463493067636918
8163,2022-05-08,2022-05-08 23:00:00,148.10060176174193,13.33347919586499
8164,2022-05-09,2022-05-09 23:00:00,140.17761172111184,15.332885757885307
8165,2022-05-10,2022-05-10 23:00:00,145.82270974582744,12.296452357163169
8166,2022-05-11,2022-05-11 23:00:00,136.70344950256637,36.305526188900885
8167,2022-05-12,2022-05-12 23:00:00,136.50530210944456,6.422439199182006
8168,2022-05-13,2022-05-13 23:00:00,138.03543092660024,4.259981403977216
8169,2022-05-14,2022-05-14 23:00:00,135.14268936757074,1.8013316139991322
8170,2022-05-15,2022-05-15 23:00:00,131.29088730611207,1.3026151323901627
8171,2022-05-16,2022-05-16 23:00:00,134.39334043105478,5.261959282092142
8172,2022-05-17,2022-05-17 23:00:00,152.47178925037372,20.934214751961616
8173,2022-05-18,2022-05-18 23:00:00,192.68370439750336,59.46477450709382
8174,2022-05-19,2022-05-19 23:00:00,165.0353800206241,6.308463056401502
8175,2022-05-20,2022-05-20 23:00:00,154.13126156075123,12.68494650366423
8176,2022-05-21,2022-05-21 23:00:00,145.98715345420487,12.418028198262807
8177,2022-05-22,2022-05-22 23:00:00,128.08960712989884,3.2769994362046755
8178,2022-05-23,2022-05-23 23:00:00,129.70278670961625,10.45120530309627
8179,2022-05-24,2022-05-24 23:00:00,143.62722653897927,0.6677293732744897
8180,2022-05-25,2022-05-25 23:00:00,135.64574214633902,4.4060391381007715
8181,2022-05-26,2022-05-26 23:00:00,134.659498855198,3.790786815386309
8182,2022-05-27,2022-05-27 23:00:00,130.41226470289484,3.9650844896009065
8183,2022-05-28,2022-05-28 23:00:00,129.58259950046082,1.7222012018218218
8184,2022-05-29,2022-05-29 23:00:00,130.49284901255308,1.019713006990932
8185,2022-05-30,2022-05-30 23:00:00,130.48530324339623,0.5357993111712391
8186,2022-05-31,2022-05-31 23:00:00,129.00816374546883,1.0619302070161463
8187,2022-06-01,2022-06-01 23:00:00,156.17998629138228,49.519335820595295
8188,2022-06-02,2022-06-02 23:00:00,141.65554927967372,4.085744213529956
8189,2022-06-03,2022-06-03 23:00:00,146.3319219388667,4.0674209164047745
8190,2022-06-04,2022-06-04 23:00:00,139.99252316368157,4.450801262811434
8191,2022-06-05,2022-06-05 23:00:00,136.21894654715402,2.759924969687175
8192,2022-06-06,2022-06-06 23:00:00,135.14901153694498,3.837338316743143
8193,2022-06-07,2022-06-07 23:00:00,136.44439063957637,3.9919974284357753
8194,2022-06-08,2022-06-08 23:00:00,162.92283716814697,38.61035000040496
8195,2022-06-09,2022-06-09 23:00:00,143.9663344192063,33.53965671599254
8196,2022-06-10,2022-06-10 23:00:00,144.52929474880483,17.628841685660742
8197,2022-06-11,2022-06-11 23:00:00,143.1971625982428,0.8566836811175813
8198,2022-06-12,2022-06-12 23:00:00,139.89835916563584,3.751008892391667
8199,2022-06-13,2022-06-13 23:00:00,136.48991063406217,4.406860888628092
8200,2022-06-14,2022-06-14 23:00:00,137.0456996372352,4.001250080251741
8201,2022-06-15,2022-06-15 23:00:00,137.36803283174493,4.001975930735493
8202,2022-06-16,2022-06-16 23:00:00,137.46099339157485,3.1079698338385873
8203,2022-06-17,2022-06-17 23:00:00,136.5023887420425,5.026123729176994
8204,2022-06-18,2022-06-18 23:00:00,135.18046228539976,4.473464580000633
8205,2022-06-19,2022-06-19 23:00:00,134.59774943357806,2.2814803232236742
8206,2022-06-20,2022-06-20 23:00:00,131.461123307044,3.8257803874262333
8207,2022-06-21,2022-06-21 23:00:00,135.2059877253955,4.5813987942467715
8208,2022-06-22,2022-06-22 23:00:00,142.26506048193173,0.9677646159342296
8209,2022-06-23,2022-06-23 23:00:00,142.1791928121445,0.9595374098955248
8210,2022-06-24,2022-06-24 23:00:00,137.81282987120693,4.439611674655994
8211,2022-06-25,2022-06-25 23:00:00,136.97079961479994,3.5248323954762784
8212,2022-06-26,2022-06-26 23:00:00,139.0158848692286,0.9999100089890369
8213,2022-06-27,2022-06-27 23:00:00,138.92432944117022,1.0004004881782544
8214,2022-06-28,2022-06-28 23:00:00,137.47655965199715,4.851324420902558
8215,2022-06-29,2022-06-29 23:00:00,139.30334973003391,4.706177123680687
8216,2022-06-30,2022-06-30 23:00:00,139.34021482993995,4.553216154524374
8217,2022-07-01,2022-07-01 23:00:00,137.94379841230605,4.404090444492534
8218,2022-07-02,2022-07-02 23:00:00,139.13451710493413,0.9677146607568021
8219,2022-07-03,2022-07-03 23:00:00,135.20549754768058,4.362498910620967
8220,2022-07-04,2022-07-04 23:00:00,139.47194238419374,0.8271437487304106
8221,2022-07-05,2022-07-05 23:00:00,139.3916731104563,6.959576167838902
8222,2022-07-06,2022-07-06 23:00:00,140.7416276532509,4.618478623555891
8223,2022-07-07,2022-07-07 23:00:00,144.37913200771615,13.65573289005461
8224,2022-07-08,2022-07-08 23:00:00,141.57017870989247,3.3441710341989364
8225,2022-07-09,2022-07-09 23:00:00,146.2314564285508,0.9330356349885434
8226,2022-07-10,2022-07-10 23:00:00,143.27768142620468,3.6829654430067884
8227,2022-07-11,2022-07-11 23:00:00,140.68565168358467,0.9082116553616439
8228,2022-07-12,2022-07-12 23:00:00,155.79875445540023,46.54643974704442
8229,2022-07-13,2022-07-13 23:00:00,153.96004611138073,17.86826158137335
8230,2022-07-14,2022-07-14 23:00:00,149.53063739844495,9.032513865509074
8231,2022-07-15,2022-07-15 23:00:00,148.94559737108207,2.130978188439949
8232,2022-07-16,2022-07-16 23:00:00,146.54007786988487,5.620739073465438
8233,2022-07-17,2022-07-17 23:00:00,142.4571933100706,0.4041562400518933
8234,2022-07-18,2022-07-18 23:00:00,160.68186863208052,18.141312660874625
8235,2022-07-19,2022-07-19 23:00:00,158.5306218626701,13.329588903711313
8236,2022-07-20,2022-07-20 23:00:00,142.60253075823735,0.8009729932817146
8237,2022-07-21,2022-07-21 23:00:00,143.07600343096803,7.790280120017359
8238,2022-07-22,2022-07-22 23:00:00,138.05102418358803,2.5504525299630028
8239,2022-07-23,2022-07-23 23:00:00,138.38889629247043,0.47048227536069015
8240,2022-07-24,2022-07-24 23:00:00,148.71523558169918,1.1393195898492086
8241,2022-07-25,2022-07-25 23:00:00,144.3054829261021,4.182390895654169
8242,2022-07-26,2022-07-26 23:00:00,174.56935109396218,79.98177441048894
8243,2022-07-27,2022-07-27 23:00:00,142.1867146680826,1.834349178513932
8244,2022-07-28,2022-07-28 23:00:00,139.5289787405768,0.5157962349966495
8245,2022-07-29,2022-07-29 23:00:00,146.7908715551058,3.0212232799358887
8246,2022-07-30,2022-07-30 23:00:00,141.98133309995225,1.3407598803833451
8247,2022-07-31,2022-07-31 23:00:00,158.7783010787289,2.060179048587096
8248,2022-08-01,2022-08-01 23:00:00,147.4281269962512,7.225778826061839
8249,2022-08-02,2022-08-02 23:00:00,141.08917831187873,3.99721171053202
8250,2022-08-03,2022-08-03 23:00:00,148.21760070987847,5.682253485368654
8251,2022-08-04,2022-08-04 23:00:00,148.26132636935117,4.259253064885866
8252,2022-08-05,2022-08-05 23:00:00,146.04146684251057,2.707877505759729
8253,2022-08-06,2022-08-06 23:00:00,144.94956868722912,0.25223951279749696
8254,2022-08-07,2022-08-07 23:00:00,139.53591173243726,4.234468792398398
8255,2022-08-08,2022-08-08 23:00:00,140.4059841377528,3.9874545684785594
8256,2022-08-09,2022-08-09 23:00:00,143.06639453774127,0.3692351801936035
8257,2022-08-10,2022-08-10 23:00:00,141.90658187301617,3.2449330900933337
8258,2022-08-11,2022-08-11 23:00:00,142.3665661280867,2.880224699018069
8259,2022-08-12,2022-08-12 23:00:00,144.52079535456932,2.065586611261663
8260,2022-08-13,2022-08-13 23:00:00,142.19764908625874,4.682242024288261
8261,2022-08-14,2022-08-14 23:00:00,144.67679715253993,0.5584500695308475
8262,2022-08-15,2022-08-15 23:00:00,142.16869596589228,4.220696763629372
8263,2022-08-16,2022-08-16 23:00:00,159.07647983634573,38.51533767398729
8264,2022-08-17,2022-08-17 23:00:00,194.84645692164693,89.2838996940646
8265,2022-08-18,2022-08-18 23:00:00,157.3583827047412,16.86388149854076
8266,2022-08-19,2022-08-19 23:00:00,166.25935795499524,16.97741475307579
8267,2022-08-20,2022-08-20 23:00:00,143.44963772976243,0.5361060300728028
8268,2022-08-21,2022-08-21 23:00:00,142.2158369360595,1.9831336495433163
8269,2022-08-22,2022-08-22 23:00:00,177.49374961209833,25.095021413074537
8270,2022-08-23,2022-08-23 23:00:00,168.70654689935793,22.52521155213828
8271,2022-08-24,2022-08-24 23:00:00,221.41084473118607,45.19477057995137
8272,2022-08-25,2022-08-25 23:00:00,267.683117859867,12.542154994627394
8273,2022-08-26,2022-08-26 23:00:00,312.1535703320165,16.66361991800054
8274,2022-08-27,2022-08-27 23:00:00,334.98245766817064,5.376101386240199
8275,2022-08-28,2022-08-28 23:00:00,352.0058845749074,13.142626969174447
8276,2022-08-29,2022-08-29 23:00:00,379.2146658123308,37.41048764866044
8277,2022-08-30,2022-08-30 23:00:00,400.72175308972646,58.54360735372987
8278,2022-08-31,2022-08-31 23:00:00,441.50243328194045,58.07477799061797
8279,2022-09-01,2022-09-01 23:00:00,422.1053311812557,143.20799418622286
8280,2022-09-02,2022-09-02 23:00:00,438.590717316444,35.90897728224938
8281,2022-09-03,2022-09-03 23:00:00,376.0599923928394,33.881561883001
8282,2022-09-04,2022-09-04 23:00:00,264.44523994197374,32.13469328775419
8283,2022-09-05,2022-09-05 23:00:00,263.6159635542664,54.27974187698
8284,2022-09-06,2022-09-06 23:00:00,274.6423886797895,90.50335738452651
8285,2022-09-07,2022-09-07 23:00:00,263.71151344125116,104.68093338143531
8286,2022-09-08,2022-09-08 23:00:00,250.33508306201574,57.69154460379475
8287,2022-09-09,2022-09-09 23:00:00,272.99813219428364,61.9429866265173
8288,2022-09-10,2022-09-10 23:00:00,276.4627182456474,89.01839231521208
8289,2022-09-11,2022-09-11 23:00:00,179.67179032733657,57.46526794766459
8290,2022-09-12,2022-09-12 23:00:00,274.46117660976023,88.96830441653042
8291,2022-09-13,2022-09-13 23:00:00,355.69331507895293,154.78623647152682
8292,2022-09-14,2022-09-14 23:00:00,450.15239536172436,171.57179126477382
8293,2022-09-15,2022-09-15 23:00:00,568.08568497218,238.05393774369378
8294,2022-09-16,2022-09-16 23:00:00,538.5184130196958,90.3794870998022
8295,2022-09-17,2022-09-17 23:00:00,441.5394137774205,43.93239619472715
8296,2022-09-18,2022-09-18 23:00:00,294.21893270383833,44.897538950473006
8297,2022-09-19,2022-09-19 23:00:00,362.66087371212615,67.2122677595703
8298,2022-09-20,2022-09-20 23:00:00,356.33125839956574,35.0158905734771
8299,2022-09-21,2022-09-21 23:00:00,324.45088729361083,24.129658960471648
8300,2022-09-22,2022-09-22 23:00:00,292.949329714819,65.94165557515903
8301,2022-09-23,2022-09-23 23:00:00,296.44089273660217,45.81377113398233
8302,2022-09-24,2022-09-24 23:00:00,261.07307721365856,74.588208777179
8303,2022-09-25,2022-09-25 23:00:00,239.32011764363912,73.47997079013174
8304,2022-09-26,2022-09-26 23:00:00,316.10094043721244,120.84296561058542
8305,2022-09-27,2022-09-27 23:00:00,304.5713957945056,60.4941673803392
8306,2022-09-28,2022-09-28 23:00:00,285.1698717612821,35.30693936241854
8307,2022-09-29,2022-09-29 23:00:00,295.85705161787973,40.682286568919245
8308,2022-09-30,2022-09-30 23:00:00,312.9713960179062,52.01134526995424
8309,2022-10-01,2022-10-01 23:00:00,305.65165750726754,17.9293476350546
8310,2022-10-02,2022-10-02 23:00:00,304.8907940004164,34.89428393503664
8311,2022-10-03,2022-10-03 23:00:00,361.05018955546575,73.73079447568085
8312,2022-10-04,2022-10-04 23:00:00,362.0557902060593,73.70246475690934
8313,2022-10-05,2022-10-05 23:00:00,403.92519224932283,124.16819640447224
8314,2022-10-06,2022-10-06 23:00:00,398.5138965608356,91.67556555608583
8315,2022-10-07,2022-10-07 23:00:00,386.0692389068956,38.21384446084542
8316,2022-10-08,2022-10-08 23:00:00,400.116320136842,6.751846831304595
8317,2022-10-09,2022-10-09 23:00:00,331.7804588506222,97.47743364385575
8318,2022-10-10,2022-10-10 23:00:00,462.2006851117715,171.93022177271877
8319,2022-10-11,2022-10-11 23:00:00,498.97989572561227,176.94883556937936
8320,2022-10-12,2022-10-12 23:00:00,442.3849296627318,111.98053753921373
8321,2022-10-13,2022-10-13 23:00:00,423.10144291987416,91.19973131595673
8322,2022-10-14,2022-10-14 23:00:00,407.2637478772155,83.94913797150747
8323,2022-10-15,2022-10-15 23:00:00,396.02531311758486,19.84132450369085
8324,2022-10-16,2022-10-16 23:00:00,396.5205325812157,33.23374228408022
8325,2022-10-17,2022-10-17 23:00:00,409.9067367176452,20.491013075487462
8326,2022-10-18,2022-10-18 23:00:00,463.4136662728204,38.88431964407331
8327,2022-10-19,2022-10-19 23:00:00,650.5505918223769,261.93643236996917
8328,2022-10-20,2022-10-20 23:00:00,574.8081161227374,105.4975533414695
8329,2022-10-21,2022-10-21 23:00:00,538.7043793329146,77.19938704326886
8330,2022-10-22,2022-10-22 23:00:00,445.03244277525795,198.29204560545833
8331,2022-10-23,2022-10-23 23:00:00,249.90851879706102,153.92704975491313
8332,2022-10-24,2022-10-24 23:00:00,344.9801265990932,148.45247300630157
8333,2022-10-25,2022-10-25 23:00:00,317.8492682574998,166.59385808367284
8334,2022-10-26,2022-10-26 23:00:00,416.4660090854645,198.59580450510197
8335,2022-10-27,2022-10-27 23:00:00,312.1912460443816,81.82999836393836
8336,2022-10-28,2022-10-28 23:00:00,337.0962469386786,193.618650552237
8337,2022-10-29,2022-10-29 23:00:00,240.92848377296977,58.831295547178016
8338,2022-10-30,2022-10-30 23:00:00,170.4261369106463,26.347736623252505
8339,2022-10-31,2022-10-31 23:00:00,248.54060404630135,57.4698389228249
8340,2022-11-01,2022-11-01 23:00:00,258.72698797851245,56.76913016525353
8341,2022-11-02,2022-11-02 23:00:00,289.1869173731354,63.30927223414774
8342,2022-11-03,2022-11-03 23:00:00,288.16866149910135,73.44064013595417
8343,2022-11-04,2022-11-04 23:00:00,232.36395268826902,77.76618074909442
8344,2022-11-05,2022-11-05 23:00:00,223.45515254639335,50.05921663385762
8345,2022-11-06,2022-11-06 23:00:00,147.21171662006574,3.7501365059096505
8346,2022-11-07,2022-11-07 23:00:00,208.21609996137727,53.58716019782799
8347,2022-11-08,2022-11-08 23:00:00,233.75728129442214,48.460167442034006
8348,2022-11-09,2022-11-09 23:00:00,237.05583759966999,47.469756596133365
8349,2022-11-10,2022-11-10 23:00:00,239.20846937370993,43.7609410655222
8350,2022-11-11,2022-11-11 23:00:00,210.53802143603218,48.0842190103299
8351,2022-11-12,2022-11-12 23:00:00,216.53162784254118,47.90221378441138
8352,2022-11-13,2022-11-13 23:00:00,216.20885047463,47.46249124767987
8353,2022-11-14,2022-11-14 23:00:00,175.51498210136924,23.823048867550295
8354,2022-11-15,2022-11-15 23:00:00,206.30052661349745,49.50548340854561
8355,2022-11-16,2022-11-16 23:00:00,213.57174331038746,62.49855343894992
8356,2022-11-17,2022-11-17 23:00:00,211.7649689811997,51.47857184370783
8357,2022-11-18,2022-11-18 23:00:00,146.79576611578452,3.152655164284385
8358,2022-11-19,2022-11-19 23:00:00,156.46354075356518,23.351694637089473
8359,2022-11-20,2022-11-20 23:00:00,143.71963051850278,2.177917713308155
8360,2022-11-21,2022-11-21 23:00:00,157.10862074096949,5.736143045346935
8361,2022-11-22,2022-11-22 23:00:00,212.0805714182674,55.36554033277078
8362,2022-11-23,2022-11-23 23:00:00,223.03882825828978,62.50667586214931
8363,2022-11-24,2022-11-24 23:00:00,237.9103611222184,70.41129045193222
8364,2022-11-25,2022-11-25 23:00:00,282.98684696114697,50.75351366706421
8365,2022-11-26,2022-11-26 23:00:00,320.6891408083009,1.1471910835106875
8366,2022-11-27,2022-11-27 23:00:00,323.8133935540748,3.177205337459962
8367,2022-11-28,2022-11-28 23:00:00,353.1773909296425,41.246881366244466
8368,2022-11-29,2022-11-29 23:00:00,368.80623989228724,43.251897769271956
8369,2022-11-30,2022-11-30 23:00:00,401.1323043538221,61.03288684641514
8370,2022-12-01,2022-12-01 23:00:00,414.8514697090357,87.47524975408449
8371,2022-12-02,2022-12-02 23:00:00,426.76807774747016,85.77606660396799
8372,2022-12-03,2022-12-03 23:00:00,429.10825580797746,97.77683309720608
8373,2022-12-04,2022-12-04 23:00:00,327.12822016083965,53.47961614927519
8374,2022-12-05,2022-12-05 23:00:00,380.7178547872566,76.4554907623312
8375,2022-12-06,2022-12-06 23:00:00,323.13028002441735,72.9116369643873
8376,2022-12-07,2022-12-07 23:00:00,324.84151966500843,13.482811578898158
8377,2022-12-08,2022-12-08 23:00:00,308.3585750704229,10.29156709415034
8378,2022-12-09,2022-12-09 23:00:00,270.5762216360511,70.51793426582601
8379,2022-12-10,2022-12-10 23:00:00,301.31879083249555,6.51094872272922
8380,2022-12-11,2022-12-11 23:00:00,310.95883891616313,4.004065228428361
8381,2022-12-12,2022-12-12 23:00:00,310.6535725654389,20.699695989072268
8382,2022-12-13,2022-12-13 23:00:00,328.4391842181606,11.761821029458908
8383,2022-12-14,2022-12-14 23:00:00,344.41954408023497,12.108451560905218
8384,2022-12-15,2022-12-15 23:00:00,363.19618784114783,33.524832807844305
8385,2022-12-16,2022-12-16 23:00:00,360.6654885313997,20.044196856768373
8386,2022-12-17,2022-12-17 23:00:00,347.5749134482628,3.7670946261172196
8387,2022-12-18,2022-12-18 23:00:00,365.7474482647026,36.27813487185341
8388,2022-12-19,2022-12-19 23:00:00,410.82574279293516,33.75372138182262
8389,2022-12-20,2022-12-20 23:00:00,415.3428701460466,31.085706158010122
8390,2022-12-21,2022-12-21 23:00:00,454.61326524498736,17.053558177115843
8391,2022-12-22,2022-12-22 23:00:00,509.9488146466602,28.25152751651476
8392,2022-12-23,2022-12-23 23:00:00,533.5165437212355,3.3133896840723183
8393,2022-12-24,2022-12-24 23:00:00,535.4207421595366,15.627990513427568
8394,2022-12-25,2022-12-25 23:00:00,547.0195163649736,24.491422612053203
8395,2022-12-26,2022-12-26 23:00:00,565.9105276088952,20.57034996560067
8396,2022-12-27,2022-12-27 23:00:00,595.1641047302275,10.824602827566412
8397,2022-12-28,2022-12-28 23:00:00,648.2485473594955,5.781171075084465
8398,2022-12-29,2022-12-29 23:00:00,646.276755214208,12.993612726168433
8399,2022-12-30,2022-12-30 23:00:00,573.9061299715141,132.5828337374005
8400,2022-12-31,2022-12-31 23:00:00,665.8274765408365,4.809939161079216
8401,2023-01-01,2023-01-01 23:00:00,625.1297147386426,30.95519623655862
8402,2023-01-02,2023-01-02 23:00:00,638.9485807762,1.576882279123552
8403,2023-01-03,2023-01-03 23:00:00,664.19108953876,27.239830664664563
8404,2023-01-04,2023-01-04 23:00:00,696.1996175676077,7.790565859735559
8405,2023-01-05,2023-01-05 23:00:00,701.5591336310596,6.63354036912777
8406,2023-01-06,2023-01-06 23:00:00,658.7310723357996,49.13707820197481
8407,2023-01-07,2023-01-07 23:00:00,629.377446456134,20.936802554920032
8408,2023-01-08,2023-01-08 23:00:00,520.1052527426544,71.87626051279398
8409,2023-01-09,2023-01-09 23:00:00,541.1230889599317,88.34418696988143
8410,2023-01-10,2023-01-10 23:00:00,477.78917468773943,188.24057700165153
8411,2023-01-11,2023-01-11 23:00:00,548.9658171179699,42.67208451510221
8412,2023-01-12,2023-01-12 23:00:00,390.2606110461806,168.8402421938373
8413,2023-01-13,2023-01-13 23:00:00,320.9266951628758,117.16068790981375
8414,2023-01-14,2023-01-14 23:00:00,312.7699553975371,35.95746936830205
8415,2023-01-15,2023-01-15 23:00:00,266.5128224021862,77.28164293892657
8416,2023-01-16,2023-01-16 23:00:00,256.21123987228003,79.5221016161736
8417,2023-01-17,2023-01-17 23:00:00,270.3931060125206,76.58030849695605
8418,2023-01-18,2023-01-18 23:00:00,313.39529813708987,6.71480429931989
8419,2023-01-19,2023-01-19 23:00:00,294.9354063257397,77.88289720989164
8420,2023-01-20,2023-01-20 23:00:00,304.5125352385267,17.461411109026372
8421,2023-01-21,2023-01-21 23:00:00,253.9134141009856,55.017553912278274
8422,2023-01-22,2023-01-22 23:00:00,243.87542898709287,55.594294173715085
8423,2023-01-23,2023-01-23 23:00:00,305.1278710101888,34.92221560389839
8424,2023-01-24,2023-01-24 23:00:00,313.89975895562327,9.56769216390391
8425,2023-01-25,2023-01-25 23:00:00,347.643296369635,22.311177551235396
8426,2023-01-26,2023-01-26 23:00:00,436.4668942209403,49.142608899075576
8427,2023-01-27,2023-01-27 23:00:00,470.30876504969336,23.40546239873047
8428,2023-01-28,2023-01-28 23:00:00,495.8148816500205,1.5581131719471077
8429,2023-01-29,2023-01-29 23:00:00,566.4594143491851,19.217462296673943
8430,2023-01-30,2023-01-30 23:00:00,711.4626176762143,74.25146013516687
8431,2023-01-31,2023-01-31 23:00:00,844.3052143879958,62.89931996821299
8432,2023-02-01,2023-02-01 23:00:00,945.9598742331931,34.560571384751455
8433,2023-02-02,2023-02-02 23:00:00,888.1495384586148,166.8776593704619
8434,2023-02-03,2023-02-03 23:00:00,977.5533882570038,12.125507515173625
8435,2023-02-04,2023-02-04 23:00:00,984.1216111898797,18.86801150916802
8436,2023-02-05,2023-02-05 23:00:00,912.7474699669792,145.1920537738369
8437,2023-02-06,2023-02-06 23:00:00,698.1629461681681,347.01299593032536
8438,2023-02-07,2023-02-07 23:00:00,839.4953257669922,180.08634525197755
8439,2023-02-08,2023-02-08 23:00:00,764.4034969381822,128.0739183422915
8440,2023-02-09,2023-02-09 23:00:00,695.876192272904,86.513352250389
8441,2023-02-10,2023-02-10 23:00:00,685.1613844148472,30.90166226273328
8442,2023-02-11,2023-02-11 23:00:00,746.8544602515162,122.91523271382972
8443,2023-02-12,2023-02-12 23:00:00,706.5071524744657,84.97220021945316
8444,2023-02-13,2023-02-13 23:00:00,704.7018044810089,36.71206596124895
8445,2023-02-14,2023-02-14 23:00:00,692.5183658096702,18.443730628261775
8446,2023-02-15,2023-02-15 23:00:00,673.9740895278461,9.528559129070995
8447,2023-02-16,2023-02-16 23:00:00,630.4275287464438,78.07828264608607
8448,2023-02-17,2023-02-17 23:00:00,610.4621910235921,71.14077788328784
8449,2023-02-18,2023-02-18 23:00:00,527.7528553978264,60.353848303813365
8450,2023-02-19,2023-02-19 23:00:00,515.4076386243211,26.68077461903056
8451,2023-02-20,2023-02-20 23:00:00,508.13006595271753,81.81388496130876
8452,2023-02-21,2023-02-21 23:00:00,521.3354577811774,24.980558065361084
8453,2023-02-22,2023-02-22 23:00:00,432.51187805255176,99.37142478982896
8454,2023-02-23,2023-02-23 23:00:00,458.86664298662635,68.08661851726089
8455,2023-02-24,2023-02-24 23:00:00,412.62209445958985,54.83508469007955
8456,2023-02-25,2023-02-25 23:00:00,367.83897808776106,37.44984881397479
8457,2023-02-26,2023-02-26 23:00:00,388.0562954973213,21.667905125934276
8458,2023-02-27,2023-02-27 23:00:00,392.91335783481054,33.19974393758675
8459,2023-02-28,2023-02-28 23:00:00,459.34484014451874,66.77411894926382
8460,2023-03-01,2023-03-01 23:00:00,455.72357309104444,56.36900427034787
8461,2023-03-02,2023-03-02 23:00:00,502.1193870290017,65.38011384955995
8462,2023-03-03,2023-03-03 23:00:00,530.1956429029816,42.6895590114268
8463,2023-03-04,2023-03-04 23:00:00,547.8074697870358,1.7028890356634445
8464,2023-03-05,2023-03-05 23:00:00,564.6268624016644,33.22306913199766
8465,2023-03-06,2023-03-06 23:00:00,610.9852289142428,25.624931854418755
8466,2023-03-07,2023-03-07 23:00:00,593.816290473883,21.0180827316964
8467,2023-03-08,2023-03-08 23:00:00,572.9612357369189,43.96572600398215
8468,2023-03-09,2023-03-09 23:00:00,525.1674961804216,21.866607604051477
8469,2023-03-10,2023-03-10 23:00:00,389.2712561534463,126.55380629433837
8470,2023-03-11,2023-03-11 23:00:00,377.2980627659297,52.18220030013882
8471,2023-03-12,2023-03-12 23:00:00,357.39477443822216,14.708883972540702
8472,2023-03-13,2023-03-13 23:00:00,285.0898262522837,55.28798020193199
8473,2023-03-14,2023-03-14 23:00:00,232.053617579678,73.72309731123276
8474,2023-03-15,2023-03-15 23:00:00,200.09879169514713,65.19731491439056
8475,2023-03-16,2023-03-16 23:00:00,207.79806026703716,52.07346859433536
8476,2023-03-17,2023-03-17 23:00:00,266.8838197549457,79.97297264635255
8477,2023-03-18,2023-03-18 23:00:00,247.75706433815208,63.870601281603676
8478,2023-03-19,2023-03-19 23:00:00,200.68918517407033,14.177515921762444
8479,2023-03-20,2023-03-20 23:00:00,285.5722296834753,75.2633223021238
8480,2023-03-21,2023-03-21 23:00:00,354.5279078192473,97.8274596757961
8481,2023-03-22,2023-03-22 23:00:00,415.9312887884883,66.61058876373366
8482,2023-03-23,2023-03-23 23:00:00,391.8037762674264,90.99545956952761
8483,2023-03-24,2023-03-24 23:00:00,400.89712345316843,56.77940417746402
8484,2023-03-25,2023-03-25 23:00:00,287.54748397968064,56.72574009439936
8485,2023-03-26,2023-03-26 23:00:00,226.7316010907924,62.841148703475255
8486,2023-03-27,2023-03-27 23:00:00,219.5755738132581,77.44738657876812
8487,2023-03-28,2023-03-28 23:00:00,231.97219337180795,80.89856174520419
8488,2023-03-29,2023-03-29 23:00:00,190.04733135401793,64.80568899251507
8489,2023-03-30,2023-03-30 23:00:00,205.0737905058968,66.92182903386944
8490,2023-03-31,2023-03-31 23:00:00,198.9823649634067,44.75978451629013
8491,2023-04-01,2023-04-01 23:00:00,181.39951712788806,21.92163164776334
8492,2023-04-02,2023-04-02 23:00:00,186.35041722159235,13.018177113663228
8493,2023-04-03,2023-04-03 23:00:00,178.04818373197895,17.547125847884892
8494,2023-04-04,2023-04-04 23:00:00,181.62650948520294,19.662951648199254
8495,2023-04-05,2023-04-05 23:00:00,174.80230737823672,7.444474696702528
8496,2023-04-06,2023-04-06 23:00:00,169.8814317379466,2.205369768913881
8497,2023-04-07,2023-04-07 23:00:00,161.94745633341984,5.017236728479252
8498,2023-04-08,2023-04-08 23:00:00,171.45913995718502,11.978729704983868
8499,2023-04-09,2023-04-09 23:00:00,160.86791284662937,11.869382111772572
8500,2023-04-10,2023-04-10 23:00:00,173.3241431173004,14.58921253151064
8501,2023-04-11,2023-04-11 23:00:00,175.60970807572235,16.828588612156448
8502,2023-04-12,2023-04-12 23:00:00,311.38307081887325,136.10772432861376
8503,2023-04-13,2023-04-13 23:00:00,292.7521072522049,111.32930084055211
8504,2023-04-14,2023-04-14 23:00:00,296.1495675341982,121.6064228065312
8505,2023-04-15,2023-04-15 23:00:00,259.2390913956845,34.01615199420008
8506,2023-04-16,2023-04-16 23:00:00,256.13213526658086,1.8637721174544208
8507,2023-04-17,2023-04-17 23:00:00,356.5233174866782,71.27563016430432
8508,2023-04-18,2023-04-18 23:00:00,351.5410863030502,11.738812810534586
8509,2023-04-19,2023-04-19 23:00:00,316.9420803494106,35.12125190518959
8510,2023-04-20,2023-04-20 23:00:00,367.0287636083906,20.76977183836825
8511,2023-04-21,2023-04-21 23:00:00,386.216742896426,18.06340429800451
8512,2023-04-22,2023-04-22 23:00:00,404.12952951012403,11.10811119233474
8513,2023-04-23,2023-04-23 23:00:00,412.2609882252486,10.899060400934891
8514,2023-04-24,2023-04-24 23:00:00,414.83241666297863,20.25537284431884
8515,2023-04-25,2023-04-25 23:00:00,403.2185642794375,14.093061994080694
8516,2023-04-26,2023-04-26 23:00:00,391.0879844691228,22.13159707498227
8517,2023-04-27,2023-04-27 23:00:00,301.0501450091746,97.93195044033108
8518,2023-04-28,2023-04-28 23:00:00,307.82263128868493,33.59139574267068
8519,2023-04-29,2023-04-29 23:00:00,225.97733831731375,52.24242837893409
8520,2023-04-30,2023-04-30 23:00:00,255.22225722189592,3.783665668759325
8521,2023-05-01,2023-05-01 23:00:00,227.58580927877924,59.64338812720228
8522,2023-05-02,2023-05-02 23:00:00,289.642489884636,122.49958038202149
8523,2023-05-03,2023-05-03 23:00:00,308.01566275701805,137.03618012630565
8524,2023-05-04,2023-05-04 23:00:00,309.2671468900017,44.54726701741684
8525,2023-05-05,2023-05-05 23:00:00,387.02776534893763,74.45016387718282
8526,2023-05-06,2023-05-06 23:00:00,387.2954071302988,40.52517950245347
8527,2023-05-07,2023-05-07 23:00:00,426.46913240471486,11.546837419156148
8528,2023-05-08,2023-05-08 23:00:00,486.46348301429833,37.995343773034556
8529,2023-05-09,2023-05-09 23:00:00,618.80805386676,105.80274320731307
8530,2023-05-10,2023-05-10 23:00:00,700.6427099565643,71.84706983703586
8531,2023-05-11,2023-05-11 23:00:00,758.0705717809291,52.99118697185473
8532,2023-05-12,2023-05-12 23:00:00,768.9282985610101,83.25940754451159
8533,2023-05-13,2023-05-13 23:00:00,832.9774297760272,39.57845479513906
8534,2023-05-14,2023-05-14 23:00:00,821.8264693775349,50.65493455059094
8535,2023-05-15,2023-05-15 23:00:00,874.5668673004749,62.712034685769694
8536,2023-05-16,2023-05-16 23:00:00,934.2142065522848,23.698048042266663
8537,2023-05-17,2023-05-17 23:00:00,975.7097986539053,105.06586079757598
8538,2023-05-18,2023-05-18 23:00:00,986.784029649054,34.775220457066176
8539,2023-05-19,2023-05-19 23:00:00,1003.507896228402,30.601207322165088
8540,2023-05-20,2023-05-20 23:00:00,1007.2487468245657,6.396128463247761
8541,2023-05-21,2023-05-21 23:00:00,939.6785027889382,162.9202295917732
8542,2023-05-22,2023-05-22 23:00:00,949.5821067054327,167.95543524461002
8543,2023-05-23,2023-05-23 23:00:00,963.7171161995615,149.04930489794592
8544,2023-05-24,2023-05-24 23:00:00,891.8426904261538,193.24339887596216
8545,2023-05-25,2023-05-25 23:00:00,920.4174880265227,155.92246623298908
8546,2023-05-26,2023-05-26 23:00:00,797.7987594607007,228.53217925193397
8547,2023-05-27,2023-05-27 23:00:00,783.4577022000435,153.59897758185258
8548,2023-05-28,2023-05-28 23:00:00,542.0866752860827,115.92234962551724
8549,2023-05-29,2023-05-29 23:00:00,450.6487936034469,124.1537135036321
8550,2023-05-30,2023-05-30 23:00:00,463.879815456673,19.659673821074186
8551,2023-05-31,2023-05-31 23:00:00,433.9355398382413,51.58897857997988
8552,2023-06-01,2023-06-01 23:00:00,373.5228982254768,97.77862325221953
8553,2023-06-02,2023-06-02 23:00:00,303.6383945109789,121.38962711774617
8554,2023-06-03,2023-06-03 23:00:00,294.4421774982771,114.5704647997141
8555,2023-06-04,2023-06-04 23:00:00,250.36954850703492,26.58834411899893
8556,2023-06-05,2023-06-05 23:00:00,323.7421277349354,155.38186394566884
8557,2023-06-06,2023-06-06 23:00:00,361.42317284189204,5.866902028538246
8558,2023-06-07,2023-06-07 23:00:00,413.99451766854094,55.04873290570711
8559,2023-06-08,2023-06-08 23:00:00,394.41349609885145,22.8865084015592
8560,2023-06-09,2023-06-09 23:00:00,372.74033276034305,20.112045170245324
8561,2023-06-10,2023-06-10 23:00:00,350.4738919840518,10.131781308704102
8562,2023-06-11,2023-06-11 23:00:00,337.7673340405009,17.48647582415494
8563,2023-06-12,2023-06-12 23:00:00,354.32762401370263,5.508877833057774
8564,2023-06-13,2023-06-13 23:00:00,393.1485665541358,71.93954921108761
8565,2023-06-14,2023-06-14 23:00:00,422.7159336483053,85.68459535628722
8566,2023-06-15,2023-06-15 23:00:00,434.7373263352506,30.959690875381316
8567,2023-06-16,2023-06-16 23:00:00,491.4424597707787,43.75248378878906
8568,2023-06-17,2023-06-17 23:00:00,529.1815648518291,22.883797891426937
8569,2023-06-18,2023-06-18 23:00:00,599.0990329765553,55.33152070048716
8570,2023-06-19,2023-06-19 23:00:00,682.2526921659413,55.40139872363005
8571,2023-06-20,2023-06-20 23:00:00,722.0848644097314,106.53072831387254
8572,2023-06-21,2023-06-21 23:00:00,887.2644633791293,99.11226870245106
8573,2023-06-22,2023-06-22 23:00:00,898.5010500683593,52.66019727263138
8574,2023-06-23,2023-06-23 23:00:00,1017.4043113475468,42.68035985467848
8575,2023-06-24,2023-06-24 23:00:00,1071.0115837019139,54.901372965822965
8576,2023-06-25,2023-06-25 23:00:00,879.2219667466778,170.94568335188018
8577,2023-06-26,2023-06-26 23:00:00,833.4391258447725,325.2910426962829
8578,2023-06-27,2023-06-27 23:00:00,722.1380955464327,321.4637355467176
8579,2023-06-28,2023-06-28 23:00:00,740.7703904768937,161.87454983561796
8580,2023-06-29,2023-06-29 23:00:00,553.7501218758673,126.07239176228391
8581,2023-06-30,2023-06-30 23:00:00,619.038577734408,36.34180698336469
8582,2023-07-01,2023-07-01 23:00:00,649.8952470024038,27.42291024443495
8583,2023-07-02,2023-07-02 23:00:00,657.0425788960655,27.70700757037484
8584,2023-07-03,2023-07-03 23:00:00,580.1634205787162,138.21092616724493
8585,2023-07-04,2023-07-04 23:00:00,660.000801067048,82.29757102453789
8586,2023-07-05,2023-07-05 23:00:00,725.0495626011179,36.12780345636077
8587,2023-07-06,2023-07-06 23:00:00,731.1268210455852,8.632308349858866
8588,2023-07-07,2023-07-07 23:00:00,670.395224687437,84.32358403703013
8589,2023-07-08,2023-07-08 23:00:00,610.1772979504594,58.25911656372614
8590,2023-07-09,2023-07-09 23:00:00,528.9060304953931,74.13421664987209
8591,2023-07-10,2023-07-10 23:00:00,553.9591641041063,87.11356079222139
8592,2023-07-11,2023-07-11 23:00:00,621.3000208025932,88.5157431929586
8593,2023-07-12,2023-07-12 23:00:00,665.976207795684,58.947664291153025
8594,2023-07-13,2023-07-13 23:00:00,743.8138688372334,43.13324726455761
8595,2023-07-14,2023-07-14 23:00:00,796.5392847273342,39.10494615138638
8596,2023-07-15,2023-07-15 23:00:00,748.4951895952701,88.39007776311264
8597,2023-07-16,2023-07-16 23:00:00,782.5716824032583,57.18885487686164
8598,2023-07-17,2023-07-17 23:00:00,725.4767495473434,80.03906938652162
8599,2023-07-18,2023-07-18 23:00:00,670.9935373920906,80.86055752140734
8600,2023-07-19,2023-07-19 23:00:00,539.6416694951769,146.51117107009037
8601,2023-07-20,2023-07-20 23:00:00,424.75068675279726,77.7469935291514
8602,2023-07-21,2023-07-21 23:00:00,535.5928738654951,147.482759766707
8603,2023-07-22,2023-07-22 23:00:00,410.6178751941853,64.18495857575971
8604,2023-07-23,2023-07-23 23:00:00,440.263339075359,82.04905365001599
8605,2023-07-24,2023-07-24 23:00:00,603.8725665638908,117.55238906804394
8606,2023-07-25,2023-07-25 23:00:00,598.3339444770439,31.56897883270997
8607,2023-07-26,2023-07-26 23:00:00,607.3419942978584,132.61812539924037
8608,2023-07-27,2023-07-27 23:00:00,649.2752350734869,122.24473700831753
8609,2023-07-28,2023-07-28 23:00:00,579.434413352852,85.29730522031268
8610,2023-07-29,2023-07-29 23:00:00,593.6938067027895,81.44557787459043
8611,2023-07-30,2023-07-30 23:00:00,601.3853335034088,43.06423825288993
8612,2023-07-31,2023-07-31 23:00:00,589.9491999510509,166.39502345337067
8613,2023-08-01,2023-08-01 23:00:00,647.1560915443652,177.29696278711643
8614,2023-08-02,2023-08-02 23:00:00,653.7903037083344,127.11726829377875
8615,2023-08-03,2023-08-03 23:00:00,594.8301928425443,150.30129307232443
8616,2023-08-04,2023-08-04 23:00:00,632.717462234106,134.18030927776604
8617,2023-08-05,2023-08-05 23:00:00,550.123404276605,75.91904418671196
8618,2023-08-06,2023-08-06 23:00:00,583.782375709713,53.88647339803336
8619,2023-08-07,2023-08-07 23:00:00,482.06993694592865,173.1057041244731
8620,2023-08-08,2023-08-08 23:00:00,617.2686243407719,91.31322067850384
8621,2023-08-09,2023-08-09 23:00:00,728.0534261396157,123.8313534027106
8622,2023-08-10,2023-08-10 23:00:00,797.0623808912187,84.40289362887698
8623,2023-08-11,2023-08-11 23:00:00,881.4513593245962,17.443779843648457
8624,2023-08-12,2023-08-12 23:00:00,906.5048552822373,66.27506800521236
8625,2023-08-13,2023-08-13 23:00:00,784.9717018010175,95.61180622561602
8626,2023-08-14,2023-08-14 23:00:00,767.8789243082716,263.5515043300624
8627,2023-08-15,2023-08-15 23:00:00,881.075405112411,53.07966816914896
8628,2023-08-16,2023-08-16 23:00:00,811.2288204104146,194.30303285048174
8629,2023-08-17,2023-08-17 23:00:00,824.1029316434143,255.6723937743811
8630,2023-08-18,2023-08-18 23:00:00,892.1452307854106,156.50581150935443
8631,2023-08-19,2023-08-19 23:00:00,816.2620534715874,122.21899613470687
8632,2023-08-20,2023-08-20 23:00:00,508.0717118561176,199.02431322803534
8633,2023-08-21,2023-08-21 23:00:00,506.31320303270724,147.53907024813026
8634,2023-08-22,2023-08-22 23:00:00,395.2328086071043,193.93127528101132
8635,2023-08-23,2023-08-23 23:00:00,285.1860334999635,140.36605937167946
8636,2023-08-24,2023-08-24 23:00:00,236.07429605198556,154.1802652379934
8637,2023-08-25,2023-08-25 23:00:00,239.04808747161997,220.8127423473079
8638,2023-08-26,2023-08-26 23:00:00,289.80680195034296,187.97731121048585
8639,2023-08-27,2023-08-27 23:00:00,216.0322418568619,87.37657182115623
8640,2023-08-28,2023-08-28 23:00:00,429.3707482028385,102.57129158888893
8641,2023-08-29,2023-08-29 23:00:00,660.5180146444849,57.684162288603375
8642,2023-08-30,2023-08-30 23:00:00,891.2515308005665,9.199701705051929
8643,2023-08-31,2023-08-31 23:00:00,952.9603610041286,19.699793493066565
8644,2023-09-01,2023-09-01 23:00:00,988.2703422271417,20.472854698626506
8645,2023-09-02,2023-09-02 23:00:00,1052.949233014094,17.061622850255016
8646,2023-09-03,2023-09-03 23:00:00,1099.9981728918399,33.92285906388482
8647,2023-09-04,2023-09-04 23:00:00,1137.643253099299,39.238878547587504
8648,2023-09-05,2023-09-05 23:00:00,1154.7204023108363,21.418326149962585
8649,2023-09-06,2023-09-06 23:00:00,1106.2878454855963,107.01773031827945
8650,2023-09-07,2023-09-07 23:00:00,1181.2521691144564,4.340357473734231
8651,2023-09-08,2023-09-08 23:00:00,1202.1440197241577,2.0860035015879705
8652,2023-09-09,2023-09-09 23:00:00,1228.4142889433656,7.739597672984582
8653,2023-09-10,2023-09-10 23:00:00,1225.8429994839437,18.494220228497127
8654,2023-09-11,2023-09-11 23:00:00,1244.5163262263925,1.5825962101583564
8655,2023-09-12,2023-09-12 23:00:00,1244.2073884496692,4.4101297146307346
8656,2023-09-13,2023-09-13 23:00:00,1245.872146140166,4.978928026896944
8657,2023-09-14,2023-09-14 23:00:00,1247.0581018400328,1.3922391782475962
8658,2023-09-15,2023-09-15 23:00:00,1248.5681696566337,0.6142218125586633
8659,2023-09-16,2023-09-16 23:00:00,1239.024238551074,21.588800475248625
8660,2023-09-17,2023-09-17 23:00:00,1129.3379351088383,194.18469438202789
8661,2023-09-18,2023-09-18 23:00:00,1207.2209453140465,106.25475507183829
8662,2023-09-19,2023-09-19 23:00:00,1210.283950176555,77.97764856559529
8663,2023-09-20,2023-09-20 23:00:00,1223.3407557269654,29.02194657835415
8664,2023-09-21,2023-09-21 23:00:00,1249.2976674587674,0.9954348378631068
8665,2023-09-22,2023-09-22 23:00:00,1249.133401545059,2.8381427307328315
8666,2023-09-23,2023-09-23 23:00:00,1250.5638772473694,0.0363113961304195
8667,2023-09-24,2023-09-24 23:00:00,1178.1099728580928,134.71979282868048
8668,2023-09-25,2023-09-25 23:00:00,1226.518282168369,64.59748903942003
8669,2023-09-26,2023-09-26 23:00:00,1250.9278040822494,0.388037845342385
8670,2023-09-27,2023-09-27 23:00:00,1226.936092151577,31.52716482573967
8671,2023-09-28,2023-09-28 23:00:00,1231.5536015840482,29.589838252233488
8672,2023-09-29,2023-09-29 23:00:00,1214.8340875036945,53.984876126242376
8673,2023-09-30,2023-09-30 23:00:00,1192.7317036740983,90.51034820736402
8674,2023-10-01,2023-10-01 23:00:00,1224.9552226320322,109.26736188328374
8675,2023-10-02,2023-10-02 23:00:00,1249.110811347685,5.839995333428651
8676,2023-10-03,2023-10-03 23:00:00,1249.1867485528562,0.0041967674659024136
8677,2023-10-04,2023-10-04 23:00:00,1242.8211318181145,11.962248705409003
8678,2023-10-05,2023-10-05 23:00:00,1244.621052258574,25.278978544694226
8679,2023-10-06,2023-10-06 23:00:00,1275.957714152978,13.912006906000467
8680,2023-10-07,2023-10-07 23:00:00,1289.3296221121816,16.779868546533883
8681,2023-10-08,2023-10-08 23:00:00,1227.2536461847697,55.093892100984526
8682,2023-10-09,2023-10-09 23:00:00,1254.5710931814126,110.48466775017876
8683,2023-10-10,2023-10-10 23:00:00,1252.3393760204397,108.58387040047587
8684,2023-10-11,2023-10-11 23:00:00,1222.0712508269692,84.47083009368455
8685,2023-10-12,2023-10-12 23:00:00,1147.3411640825202,107.33266375998261
8686,2023-10-13,2023-10-13 23:00:00,1161.0002246005627,114.01652953838108
8687,2023-10-14,2023-10-14 23:00:00,1237.2876402876564,22.905596405190884
8688,2023-10-15,2023-10-15 23:00:00,1189.9541002440317,111.3568166858352
8689,2023-10-16,2023-10-16 23:00:00,1262.128100102496,46.42060500994799
8690,2023-10-17,2023-10-17 23:00:00,1309.6766332557313,74.9697505660693
8691,2023-10-18,2023-10-18 23:00:00,1382.9437938083527,84.58669842303165
8692,2023-10-19,2023-10-19 23:00:00,1504.0132574859115,65.09499375122523
8693,2023-10-20,2023-10-20 23:00:00,1601.4043543322443,90.15226543027701
8694,2023-10-21,2023-10-21 23:00:00,1668.2272001264253,157.95675932510616
8695,2023-10-22,2023-10-22 23:00:00,1451.3869363693393,124.72442518043212
8696,2023-10-23,2023-10-23 23:00:00,1582.985472201177,182.3177050813302
8697,2023-10-24,2023-10-24 23:00:00,1733.709336403667,139.9223554786565
8698,2023-10-25,2023-10-25 23:00:00,1130.3425320413933,340.83007180605364
8699,2023-10-26,2023-10-26 23:00:00,893.6591682439088,201.69726202826737
8700,2023-10-27,2023-10-27 23:00:00,783.8728701029864,163.34085911702493
8701,2023-10-28,2023-10-28 23:00:00,580.1005832586413,217.22261832637525
8702,2023-10-29,2023-10-29 23:00:00,427.49678778261347,225.01969775312384
8703,2023-10-30,2023-10-30 23:00:00,630.131149092411,234.67714629513412
8704,2023-10-31,2023-10-31 23:00:00,597.985357711435,293.687164199945
8705,2023-11-01,2023-11-01 23:00:00,502.49300432099125,330.06261882717996
8706,2023-11-02,2023-11-02 23:00:00,487.0557759536755,296.23302427749195
8707,2023-11-03,2023-11-03 23:00:00,339.1381370097541,189.23751652728723
8708,2023-11-04,2023-11-04 23:00:00,542.4204175552298,281.5072694764962
8709,2023-11-05,2023-11-05 23:00:00,351.497779393185,249.28859511778663
8710,2023-11-06,2023-11-06 23:00:00,490.7148663646994,341.6536255082971
8711,2023-11-07,2023-11-07 23:00:00,641.6185562560405,351.82227560203285
8712,2023-11-08,2023-11-08 23:00:00,552.8468228063075,318.6135624733656
8713,2023-11-09,2023-11-09 23:00:00,672.2328436400904,258.6162037824405
8714,2023-11-10,2023-11-10 23:00:00,735.8720107069527,184.2609168131868
8715,2023-11-11,2023-11-11 23:00:00,711.6266018584965,199.82229760201534
8716,2023-11-12,2023-11-12 23:00:00,759.4186601799923,154.99429087738648
8717,2023-11-13,2023-11-13 23:00:00,774.4560636640487,132.39093476092006
8718,2023-11-14,2023-11-14 23:00:00,966.2830157196389,37.94453441788961
8719,2023-11-15,2023-11-15 23:00:00,931.6390570568971,24.019712297551482
8720,2023-11-16,2023-11-16 23:00:00,797.1350405616449,142.32539829991012
8721,2023-11-17,2023-11-17 23:00:00,760.6091948786226,113.21725419062152
8722,2023-11-18,2023-11-18 23:00:00,504.77224915686065,95.88560554505783
8723,2023-11-19,2023-11-19 23:00:00,421.89610534990373,152.85829488391448
8724,2023-11-20,2023-11-20 23:00:00,398.0915293150737,155.4440507429927
8725,2023-11-21,2023-11-21 23:00:00,339.95333612847816,248.6270934817613
8726,2023-11-22,2023-11-22 23:00:00,466.23944489877886,324.92280111161034
8727,2023-11-23,2023-11-23 23:00:00,491.6678838795431,283.5383350739096
8728,2023-11-24,2023-11-24 23:00:00,571.9194655360121,118.88536331905759
8729,2023-11-25,2023-11-25 23:00:00,437.34856712874245,128.78552744029304
8730,2023-11-26,2023-11-26 23:00:00,400.69604093376466,112.93131797305328
8731,2023-11-27,2023-11-27 23:00:00,597.6161557080126,205.51188974337055
8732,2023-11-28,2023-11-28 23:00:00,673.4629216304935,156.2385407101598
8733,2023-11-29,2023-11-29 23:00:00,624.4494580853392,145.06014005389457
8734,2023-11-30,2023-11-30 23:00:00,766.8115122170434,100.57007765178328
8735,2023-12-01,2023-12-01 23:00:00,815.8820119493266,97.46864117650684
8736,2023-12-02,2023-12-02 23:00:00,877.9469648278392,24.968366836542895
8737,2023-12-03,2023-12-03 23:00:00,861.2130105948346,39.700097764016384
8738,2023-12-04,2023-12-04 23:00:00,881.5715090301989,69.30790116434132
8739,2023-12-05,2023-12-05 23:00:00,934.7868419295446,49.74406969466218
8740,2023-12-06,2023-12-06 23:00:00,946.6984563640111,11.884790902720527
8741,2023-12-07,2023-12-07 23:00:00,942.618873742516,7.360328578521371
8742,2023-12-08,2023-12-08 23:00:00,930.7170989001021,45.37751190981414
8743,2023-12-09,2023-12-09 23:00:00,1026.8998955873237,50.87235166533673
8744,2023-12-10,2023-12-10 23:00:00,1052.6652246159945,63.68312855094015
8745,2023-12-11,2023-12-11 23:00:00,1102.7469658548057,24.43715016563165
8746,2023-12-12,2023-12-12 23:00:00,1051.721718792726,44.8155213971632
8747,2023-12-13,2023-12-13 23:00:00,1063.0764352268704,52.353269913979794
8748,2023-12-14,2023-12-14 23:00:00,1035.787206174328,42.902383687828014
8749,2023-12-15,2023-12-15 23:00:00,1012.2897011963788,31.837117694276102
8750,2023-12-16,2023-12-16 23:00:00,980.6731387679855,29.566638485318546
8751,2023-12-17,2023-12-17 23:00:00,904.918540862358,30.991370088071935
8752,2023-12-18,2023-12-18 23:00:00,886.253582221112,15.772634125017564
8753,2023-12-19,2023-12-19 23:00:00,795.396045365456,78.45956847700508
8754,2023-12-20,2023-12-20 23:00:00,622.3756432981601,176.03849693597803
8755,2023-12-21,2023-12-21 23:00:00,616.5743728151475,40.80988046842636
8756,2023-12-22,2023-12-22 23:00:00,574.1852025099189,26.873769044476433
8757,2023-12-23,2023-12-23 23:00:00,587.5201426692204,19.071791297283482
8758,2023-12-24,2023-12-24 23:00:00,579.7775175677781,11.521554474111888
8759,2023-12-25,2023-12-25 23:00:00,495.35087247870905,39.35974518152512
8760,2023-12-26,2023-12-26 23:00:00,440.58572811201606,157.13128335636597
8761,2023-12-27,2023-12-27 23:00:00,487.5767269003573,37.23665058051982
8762,2023-12-28,2023-12-28 23:00:00,441.80806250139784,21.20159540977161
8763,2023-12-29,2023-12-29 23:00:00,391.236362775838,35.81229096141686
8764,2023-12-30,2023-12-30 23:00:00,144.17177823517827,56.21436658087442
8765,2023-12-31,2023-12-31 23:00:00,211.4562386288554,49.552612423500584
8766,2024-01-01,2024-01-01 23:00:00,256.4562418429773,88.94016283269718
8767,2024-01-02,2024-01-02 23:00:00,442.829023315645,59.43445418617169
8768,2024-01-03,2024-01-03 23:00:00,533.4121856669823,44.336081646290886
8769,2024-01-04,2024-01-04 23:00:00,643.6955798675476,57.70765917876025
8770,2024-01-05,2024-01-05 23:00:00,719.5518873475158,20.23009615121761
8771,2024-01-06,2024-01-06 23:00:00,723.4461715479797,23.07585843937424
8772,2024-01-07,2024-01-07 23:00:00,731.5857380504718,11.953031024319975
8773,2024-01-08,2024-01-08 23:00:00,734.4771048476429,58.957832349710735
8774,2024-01-09,2024-01-09 23:00:00,797.1211576753764,22.972275046891887
8775,2024-01-10,2024-01-10 23:00:00,767.0107768081493,29.978158304528833
8776,2024-01-11,2024-01-11 23:00:00,791.9775269280134,9.674225984725641
8777,2024-01-12,2024-01-12 23:00:00,767.9472975883897,31.455095972673494
8778,2024-01-13,2024-01-13 23:00:00,745.8087438802027,28.086871829414587
8779,2024-01-14,2024-01-14 23:00:00,707.7687520477252,26.51357674723729
8780,2024-01-15,2024-01-15 23:00:00,708.6794032892358,61.18009972786985
8781,2024-01-16,2024-01-16 23:00:00,703.1699976181926,9.924434011384804
8782,2024-01-17,2024-01-17 23:00:00,678.9221732724271,39.411200401181354
8783,2024-01-18,2024-01-18 23:00:00,637.5732333081181,9.426202144182774
8784,2024-01-19,2024-01-19 23:00:00,624.09339716764,20.33480919634389
8785,2024-01-20,2024-01-20 23:00:00,607.0295593100818,5.617586811956111
8786,2024-01-21,2024-01-21 23:00:00,580.4750232053092,16.51500606191484
8787,2024-01-22,2024-01-22 23:00:00,579.9499294759192,3.0375413106267364
8788,2024-01-23,2024-01-23 23:00:00,570.7422494075682,11.742894320840636
8789,2024-01-24,2024-01-24 23:00:00,565.6643650338274,17.44195207818594
8790,2024-01-25,2024-01-25 23:00:00,554.8736892796263,12.654015828492362
8791,2024-01-26,2024-01-26 23:00:00,515.3496627988735,17.471058072669607
8792,2024-01-27,2024-01-27 23:00:00,539.9077176850207,25.25557141360907
8793,2024-01-28,2024-01-28 23:00:00,610.9383471509476,37.58041313124335
8794,2024-01-29,2024-01-29 23:00:00,690.4598144026446,31.788716780982078
8795,2024-01-30,2024-01-30 23:00:00,725.2934666938833,28.82353542286506
8796,2024-01-31,2024-01-31 23:00:00,736.5220065630552,30.803575457656507
8797,2024-02-01,2024-02-01 23:00:00,792.6749565798164,5.29365299505107
8798,2024-02-02,2024-02-02 23:00:00,789.1289746029679,6.856342192582134
8799,2024-02-03,2024-02-03 23:00:00,764.5290826539339,31.906671829828216
8800,2024-02-04,2024-02-04 23:00:00,707.5394555932544,73.7536159991837
8801,2024-02-05,2024-02-05 23:00:00,713.096639842418,84.80003612030887
8802,2024-02-06,2024-02-06 23:00:00,634.3187188803535,175.9682905977717
8803,2024-02-07,2024-02-07 23:00:00,638.5688012073222,28.766014961647052
8804,2024-02-08,2024-02-08 23:00:00,488.3636895976138,210.65705261494674
8805,2024-02-09,2024-02-09 23:00:00,588.1497135973797,13.902748325303708
8806,2024-02-10,2024-02-10 23:00:00,609.6045379637063,43.03820526418009
8807,2024-02-11,2024-02-11 23:00:00,621.1706728335888,19.64212239302187
8808,2024-02-12,2024-02-12 23:00:00,653.5082904251766,31.397516604996916
8809,2024-02-13,2024-02-13 23:00:00,680.947378766849,24.293624535336182
8810,2024-02-14,2024-02-14 23:00:00,682.748377260666,47.000348650046135
8811,2024-02-15,2024-02-15 23:00:00,680.1871625431463,57.54941437294317
8812,2024-02-16,2024-02-16 23:00:00,615.5091108139368,10.170199867829703
8813,2024-02-17,2024-02-17 23:00:00,646.9158180737362,21.921493755698673
8814,2024-02-18,2024-02-18 23:00:00,627.7422532645155,25.88709275191034
8815,2024-02-19,2024-02-19 23:00:00,654.0923621436036,30.947972536182625
8816,2024-02-20,2024-02-20 23:00:00,663.7803556074857,23.075128111091363
8817,2024-02-21,2024-02-21 23:00:00,686.4197906896064,2.074555176567526
8818,2024-02-22,2024-02-22 23:00:00,577.7728595811071,95.89136918188093
8819,2024-02-23,2024-02-23 23:00:00,649.7879642488281,42.90146678277443
8820,2024-02-24,2024-02-24 23:00:00,669.2464455262401,30.96061281013464
8821,2024-02-25,2024-02-25 23:00:00,634.809035774212,4.638188138114312
8822,2024-02-26,2024-02-26 23:00:00,644.4789196083246,36.62762453644295
8823,2024-02-27,2024-02-27 23:00:00,610.0212288217807,32.203967013367794
8824,2024-02-28,2024-02-28 23:00:00,540.4476870480719,166.75854903589072
8825,2024-02-29,2024-02-29 23:00:00,566.2583931063739,10.989169138857084
8826,2024-03-01,2024-03-01 23:00:00,548.5607682833607,22.071106135798303
8827,2024-03-02,2024-03-02 23:00:00,559.1611824046175,8.821961082906496
8828,2024-03-03,2024-03-03 23:00:00,536.5581722529377,12.534313091228078
8829,2024-03-04,2024-03-04 23:00:00,549.178000309534,47.220843437903326
8830,2024-03-05,2024-03-05 23:00:00,611.3931459512979,43.50900406085931
8831,2024-03-06,2024-03-06 23:00:00,614.1494378446765,30.047994091460698
8832,2024-03-07,2024-03-07 23:00:00,636.8585305282378,44.88338713254077
8833,2024-03-08,2024-03-08 23:00:00,613.8662884048779,17.219241765349317
8834,2024-03-09,2024-03-09 23:00:00,616.9001225752081,19.37526691102525
8835,2024-03-10,2024-03-10 23:00:00,633.6193706343345,27.452111562429
8836,2024-03-11,2024-03-11 23:00:00,633.1574931150169,32.93783085865926
8837,2024-03-12,2024-03-12 23:00:00,661.4640991095501,26.519256758889973
8838,2024-03-13,2024-03-13 23:00:00,650.9867042891118,19.034659260750228
8839,2024-03-14,2024-03-14 23:00:00,610.7819141752224,43.52911210948763
8840,2024-03-15,2024-03-15 23:00:00,632.6832106691985,17.957572006103202
8841,2024-03-16,2024-03-16 23:00:00,650.8756306830547,11.823752002102351
8842,2024-03-17,2024-03-17 23:00:00,659.3578903753984,14.972679392957444
8843,2024-03-18,2024-03-18 23:00:00,598.4418319519915,131.76781455229406
8844,2024-03-19,2024-03-19 23:00:00,694.8459623160956,29.606511282625508
8845,2024-03-20,2024-03-20 23:00:00,707.7430850802693,42.242604304395144
8846,2024-03-21,2024-03-21 23:00:00,741.3448106792852,10.76357149487474
8847,2024-03-22,2024-03-22 23:00:00,802.1508727068885,20.941769516475738
8848,2024-03-23,2024-03-23 23:00:00,811.1578849802017,72.73422903949773
8849,2024-03-24,2024-03-24 23:00:00,739.2360336491073,85.09269232230537
8850,2024-03-25,2024-03-25 23:00:00,834.4698053100169,70.03256476461526
8851,2024-03-26,2024-03-26 23:00:00,946.3271290728285,24.40218115309036
8852,2024-03-27,2024-03-27 23:00:00,1045.3080937715674,78.18010190635448
8853,2024-03-28,2024-03-28 23:00:00,965.610016585903,151.99879323497035
8854,2024-03-29,2024-03-29 23:00:00,921.3896587834447,64.0891633276827
8855,2024-03-30,2024-03-30 23:00:00,856.2633467614545,62.9736640416236
8856,2024-03-31,2024-03-31 23:00:00,807.317692790467,31.058560254760515
8857,2024-04-01,2024-04-01 23:00:00,963.3670614818326,98.11241576101996
8858,2024-04-02,2024-04-02 23:00:00,1163.0733570520727,8.136645814528777
8859,2024-04-03,2024-04-03 23:00:00,1391.8712531151125,77.07346938318553
8860,2024-04-04,2024-04-04 23:00:00,1219.9892682766351,155.05705105138813
8861,2024-04-05,2024-04-05 23:00:00,1097.7356716979932,222.09198498003965
8862,2024-04-06,2024-04-06 23:00:00,739.6823400003201,224.8437687003752
8863,2024-04-07,2024-04-07 23:00:00,714.0059191058759,89.77766680463249
8864,2024-04-08,2024-04-08 23:00:00,1022.6911024357723,119.39564231240253
8865,2024-04-09,2024-04-09 23:00:00,1119.5589538881406,71.43546021419428
8866,2024-04-10,2024-04-10 23:00:00,1071.4548957568934,174.0110280780794
8867,2024-04-11,2024-04-11 23:00:00,1162.3107053895123,29.46263471269423
8868,2024-04-12,2024-04-12 23:00:00,1168.4299378559078,23.48398101435817
8869,2024-04-13,2024-04-13 23:00:00,1148.2134839274313,27.25161995431808
8870,2024-04-14,2024-04-14 23:00:00,1166.8719629329119,26.4345684493911
8871,2024-04-15,2024-04-15 23:00:00,1216.2833133359468,53.67551980298641
8872,2024-04-16,2024-04-16 23:00:00,1236.3804323274571,65.37405035163601
8873,2024-04-17,2024-04-17 23:00:00,1176.0721439877711,18.85313484038054
8874,2024-04-18,2024-04-18 23:00:00,1170.6196939317,25.041801565172452
8875,2024-04-19,2024-04-19 23:00:00,1123.870541430778,65.27395019224183
8876,2024-04-20,2024-04-20 23:00:00,1102.2428642286231,44.54072000238344
8877,2024-04-21,2024-04-21 23:00:00,681.5899957411867,227.47920695923517
8878,2024-04-22,2024-04-22 23:00:00,632.1396141451753,287.57105854686404
8879,2024-04-23,2024-04-23 23:00:00,497.8762989090563,192.25709124746362
8880,2024-04-24,2024-04-24 23:00:00,222.59110596884773,109.50067089162454
8881,2024-04-25,2024-04-25 23:00:00,269.23855191709686,151.4394023737569
8882,2024-04-26,2024-04-26 23:00:00,242.2416836888564,120.11405550856631
8883,2024-04-27,2024-04-27 23:00:00,180.20882909465044,62.850083292595095
8884,2024-04-28,2024-04-28 23:00:00,120.4859954983064,5.565939103737034
8885,2024-04-29,2024-04-29 23:00:00,153.4060365455659,47.15208362357208
8886,2024-04-30,2024-04-30 23:00:00,143.301941909075,40.02471891190679
8887,2024-05-01,2024-05-01 23:00:00,165.80640817388317,33.17895523690701
8888,2024-05-02,2024-05-02 23:00:00,216.610468320158,61.25149730163932
8889,2024-05-03,2024-05-03 23:00:00,309.5779535384956,30.25005057342694
8890,2024-05-04,2024-05-04 23:00:00,360.418586142589,2.4467586945025053
8891,2024-05-05,2024-05-05 23:00:00,350.22202402137003,17.73825963641845
8892,2024-05-06,2024-05-06 23:00:00,341.4135559739789,26.189288130120282
8893,2024-05-07,2024-05-07 23:00:00,322.989788433298,25.39996417598234
8894,2024-05-08,2024-05-08 23:00:00,328.14524038308366,30.488149015354903
8895,2024-05-09,2024-05-09 23:00:00,294.3916996896081,49.898620974882235
8896,2024-05-10,2024-05-10 23:00:00,275.76207878532836,27.574677466244665
8897,2024-05-11,2024-05-11 23:00:00,251.58465735207096,15.822922151053682
8898,2024-05-12,2024-05-12 23:00:00,158.66885808959367,48.123528187850724
8899,2024-05-13,2024-05-13 23:00:00,215.86670051239335,44.69420562669708
8900,2024-05-14,2024-05-14 23:00:00,250.3382417996185,51.16517554426297
8901,2024-05-15,2024-05-15 23:00:00,235.44621758298786,49.54064169416452
8902,2024-05-16,2024-05-16 23:00:00,244.33055243482048,62.92948276338646
8903,2024-05-17,2024-05-17 23:00:00,292.89213912477663,138.78735736026732
8904,2024-05-18,2024-05-18 23:00:00,289.31793807680566,116.01562990432784
8905,2024-05-19,2024-05-19 23:00:00,220.7097338781385,74.31662196350766
8906,2024-05-20,2024-05-20 23:00:00,322.4926817433447,94.52562351529845
8907,2024-05-21,2024-05-21 23:00:00,312.40267174756974,67.43310075162996
8908,2024-05-22,2024-05-22 23:00:00,411.6652740470222,52.556462546663695
8909,2024-05-23,2024-05-23 23:00:00,427.61084881949546,44.74830287890376
8910,2024-05-24,2024-05-24 23:00:00,507.94378453272543,112.09049481946512
8911,2024-05-25,2024-05-25 23:00:00,530.4589045113577,106.53116473847001
8912,2024-05-26,2024-05-26 23:00:00,405.0942154332738,176.55850675878958
8913,2024-05-27,2024-05-27 23:00:00,495.3687499213795,130.37041422922846
8914,2024-05-28,2024-05-28 23:00:00,472.0761630937989,151.20276267937632
8915,2024-05-29,2024-05-29 23:00:00,516.3816080242294,142.1949792108721
8916,2024-05-30,2024-05-30 23:00:00,378.534479063426,155.26457088700693
8917,2024-05-31,2024-05-31 23:00:00,240.03641834558445,125.7972768579038
8918,2024-06-01,2024-06-01 23:00:00,260.93583957351194,91.4082802172992
8919,2024-06-02,2024-06-02 23:00:00,266.0914275324274,78.6165761401568
8920,2024-06-03,2024-06-03 23:00:00,287.1092399060239,79.73051076440657
8921,2024-06-04,2024-06-04 23:00:00,342.63482745712236,86.1759435570362
8922,2024-06-05,2024-06-05 23:00:00,441.83773094882173,206.16083992918524
8923,2024-06-06,2024-06-06 23:00:00,403.2256187001246,28.790866010916503
8924,2024-06-07,2024-06-07 23:00:00,391.60222060989685,84.48907291919244
8925,2024-06-08,2024-06-08 23:00:00,414.6706500499317,107.6382768741842
8926,2024-06-09,2024-06-09 23:00:00,345.0110833550846,67.92313016291192
8927,2024-06-10,2024-06-10 23:00:00,337.9212646231343,85.45303951895451
8928,2024-06-11,2024-06-11 23:00:00,342.2231678655973,57.26574506363182
8929,2024-06-12,2024-06-12 23:00:00,372.45668466877004,57.78721500357161
8930,2024-06-13,2024-06-13 23:00:00,403.3415313478952,31.288175036013552
8931,2024-06-14,2024-06-14 23:00:00,415.79462605449635,11.682975926165696
8932,2024-06-15,2024-06-15 23:00:00,326.53520215460867,65.79874524307913
8933,2024-06-16,2024-06-16 23:00:00,307.211722770536,59.69952694672098
8934,2024-06-17,2024-06-17 23:00:00,282.09985740316466,108.10048117581677
8935,2024-06-18,2024-06-18 23:00:00,269.69718357949586,92.45870240048947
8936,2024-06-19,2024-06-19 23:00:00,348.31345632113,88.47627747473608
8937,2024-06-20,2024-06-20 23:00:00,353.3156875208329,78.3059803426167
8938,2024-06-21,2024-06-21 23:00:00,244.56520319070395,62.53043086750808
8939,2024-06-22,2024-06-22 23:00:00,291.62363475142706,66.85984893270684
8940,2024-06-23,2024-06-23 23:00:00,213.93643656596092,9.27351695767946
8941,2024-06-24,2024-06-24 23:00:00,261.92597339188393,75.52158269944617
8942,2024-06-25,2024-06-25 23:00:00,298.3764937753313,68.87467136723227
8943,2024-06-26,2024-06-26 23:00:00,295.57377779219274,62.70748544071689
8944,2024-06-27,2024-06-27 23:00:00,312.3661900167535,67.4123001947363
8945,2024-06-28,2024-06-28 23:00:00,240.35733538906746,87.76984578325914
8946,2024-06-29,2024-06-29 23:00:00,222.23624646823714,179.09352892354386
8947,2024-06-30,2024-06-30 23:00:00,128.7397360524608,12.007266533434635
8948,2024-07-01,2024-07-01 23:00:00,143.09743366356358,35.345908531251645
8949,2024-07-02,2024-07-02 23:00:00,184.82693800960612,50.481314759567496
8950,2024-07-03,2024-07-03 23:00:00,209.1934904568715,39.22675889336678
8951,2024-07-04,2024-07-04 23:00:00,233.68412856667464,123.81008972783546
8952,2024-07-05,2024-07-05 23:00:00,226.2821831906089,135.68456092620335
8953,2024-07-06,2024-07-06 23:00:00,175.0595096613531,51.48208960750171
8954,2024-07-07,2024-07-07 23:00:00,150.88083693184976,49.25278333092233
8955,2024-07-08,2024-07-08 23:00:00,216.09684506531744,176.03996854030754
8956,2024-07-09,2024-07-09 23:00:00,274.4542785593233,197.4220373443922
8957,2024-07-10,2024-07-10 23:00:00,236.78258530181725,134.4867881705799
8958,2024-07-11,2024-07-11 23:00:00,370.9320610718978,173.11690536581574
8959,2024-07-12,2024-07-12 23:00:00,331.47359829308715,46.59748365347295
8960,2024-07-13,2024-07-13 23:00:00,301.38825373583956,35.31241895357925
8961,2024-07-14,2024-07-14 23:00:00,257.41395571062725,0.7824838887230376
8962,2024-07-15,2024-07-15 23:00:00,320.54689876789365,56.157143487076446
8963,2024-07-16,2024-07-16 23:00:00,325.8758453487087,47.550903166913336
8964,2024-07-17,2024-07-17 23:00:00,339.4798257341937,81.2028517722125
8965,2024-07-18,2024-07-18 23:00:00,340.28110839755465,18.072585546661657
8966,2024-07-19,2024-07-19 23:00:00,357.745791333841,25.760865084155174
8967,2024-07-20,2024-07-20 23:00:00,355.93119205373887,52.361542819003205
8968,2024-07-21,2024-07-21 23:00:00,359.71471420084526,44.22245237078899
8969,2024-07-22,2024-07-22 23:00:00,448.36817324074394,18.7811981536422
8970,2024-07-23,2024-07-23 23:00:00,512.3296759959236,52.49685395072214
8971,2024-07-24,2024-07-24 23:00:00,413.9056565037158,65.91121533792553
8972,2024-07-25,2024-07-25 23:00:00,409.20482054429067,76.51268298597749
8973,2024-07-26,2024-07-26 23:00:00,372.58089518711967,65.5870625832154
8974,2024-07-27,2024-07-27 23:00:00,380.00935643876034,39.625373283745596
8975,2024-07-28,2024-07-28 23:00:00,314.88824566122463,79.72788648501563
8976,2024-07-29,2024-07-29 23:00:00,420.66654225065366,57.040151026303924
8977,2024-07-30,2024-07-30 23:00:00,447.2308602906359,40.52506145747623
8978,2024-07-31,2024-07-31 23:00:00,438.17728181865886,41.3748196560462
8979,2024-08-01,2024-08-01 23:00:00,484.812744232905,14.15900516509342
8980,2024-08-02,2024-08-02 23:00:00,448.1227059841138,146.78859982609882
8981,2024-08-03,2024-08-03 23:00:00,531.9811630912424,50.18642724676522
8982,2024-08-04,2024-08-04 23:00:00,514.0041475832063,38.261791451868135
8983,2024-08-05,2024-08-05 23:00:00,587.9358540436557,55.99274997305907
8984,2024-08-06,2024-08-06 23:00:00,543.5361965607532,47.632568551802365
8985,2024-08-07,2024-08-07 23:00:00,507.28525399070924,44.511077949458276
8986,2024-08-08,2024-08-08 23:00:00,615.6824027185353,40.03428025869258
8987,2024-08-09,2024-08-09 23:00:00,617.5531100231118,120.09291960530574
8988,2024-08-10,2024-08-10 23:00:00,610.0035388869404,42.1796160040715
8989,2024-08-11,2024-08-11 23:00:00,441.09701507606104,212.71372421879232
8990,2024-08-12,2024-08-12 23:00:00,675.231632512827,34.911428823105496
8991,2024-08-13,2024-08-13 23:00:00,691.9139221833581,25.586485766124024
8992,2024-08-14,2024-08-14 23:00:00,750.9963400625929,51.38176511748984
8993,2024-08-15,2024-08-15 23:00:00,719.8297105556629,34.581958284872115
8994,2024-08-16,2024-08-16 23:00:00,682.4016533067825,19.9082558102473
8995,2024-08-17,2024-08-17 23:00:00,637.1107996279158,34.44044718031969
8996,2024-08-18,2024-08-18 23:00:00,681.6395842884413,20.844712406532075
8997,2024-08-19,2024-08-19 23:00:00,726.067352544825,30.445181611068538
8998,2024-08-20,2024-08-20 23:00:00,852.157550512405,72.04050863520388
8999,2024-08-21,2024-08-21 23:00:00,844.6283073456963,52.60908923109692
9000,2024-08-22,2024-08-22 23:00:00,877.0813755485023,46.440226598627945
9001,2024-08-23,2024-08-23 23:00:00,784.1224030731391,23.66868940696691
9002,2024-08-24,2024-08-24 23:00:00,721.279830069097,37.22609599322252
9003,2024-08-25,2024-08-25 23:00:00,662.7223476188125,39.687441384309615
9004,2024-08-26,2024-08-26 23:00:00,509.6478598191823,204.0736981479659
9005,2024-08-27,2024-08-27 23:00:00,590.9628195266778,141.95726113699882
9006,2024-08-28,2024-08-28 23:00:00,606.6096556952933,78.37916453404162
9007,2024-08-29,2024-08-29 23:00:00,569.1410039212925,41.93534685396477
9008,2024-08-30,2024-08-30 23:00:00,550.7047322572417,62.07814669719862
9009,2024-08-31,2024-08-31 23:00:00,604.9330997606887,31.229113771546412
9010,2024-09-01,2024-09-01 23:00:00,642.2314814801327,38.13043521870707
9011,2024-09-02,2024-09-02 23:00:00,714.6426874439018,77.93161663629498
9012,2024-09-03,2024-09-03 23:00:00,707.9907588322957,18.810093034931217
9013,2024-09-04,2024-09-04 23:00:00,722.5277194232884,16.159796228731977
9014,2024-09-05,2024-09-05 23:00:00,749.0324908365525,17.325408122206227
9015,2024-09-06,2024-09-06 23:00:00,774.7288378817706,53.43054654912826
9016,2024-09-07,2024-09-07 23:00:00,791.1170687393895,27.079446729548213
9017,2024-09-08,2024-09-08 23:00:00,707.5363543076743,129.133173069761
9018,2024-09-09,2024-09-09 23:00:00,749.386037254904,131.78145446143415
9019,2024-09-10,2024-09-10 23:00:00,849.3060471007949,7.285484616999851
9020,2024-09-11,2024-09-11 23:00:00,876.4561692949482,18.650740743331358
9021,2024-09-12,2024-09-12 23:00:00,912.2695414602981,14.889810013012875
9022,2024-09-13,2024-09-13 23:00:00,902.8868803176516,28.995843956182465
9023,2024-09-14,2024-09-14 23:00:00,961.2030169405667,13.770873871648687
9024,2024-09-15,2024-09-15 23:00:00,945.0642866662038,91.02573225391984
9025,2024-09-16,2024-09-16 23:00:00,1015.59384703934,7.007779161980098
9026,2024-09-17,2024-09-17 23:00:00,1026.0696968032469,4.861568035799006
9027,2024-09-18,2024-09-18 23:00:00,1030.4395253356793,5.730669436305277
9028,2024-09-19,2024-09-19 23:00:00,1031.1477265440244,9.309882317480707
9029,2024-09-20,2024-09-20 23:00:00,1039.5812298252135,1.0217155023528925
9030,2024-09-21,2024-09-21 23:00:00,1040.4414543225378,0.2693877616143272
9031,2024-09-22,2024-09-22 23:00:00,1039.4030771853343,2.900528731873754
9032,2024-09-23,2024-09-23 23:00:00,1040.4673757377193,1.081316658443198
9033,2024-09-24,2024-09-24 23:00:00,1040.7399924605272,1.0846871450551057
9034,2024-09-25,2024-09-25 23:00:00,1029.2351282364518,15.494331832823466
9035,2024-09-26,2024-09-26 23:00:00,1026.2100051423768,15.182249498681042
9036,2024-09-27,2024-09-27 23:00:00,1015.2542453101037,22.831180991601663
9037,2024-09-28,2024-09-28 23:00:00,1016.8901257341364,24.889171636856236
9038,2024-09-29,2024-09-29 23:00:00,1016.375080099067,27.209389232771958
9039,2024-09-30,2024-09-30 23:00:00,2783.5211755842847,0.0
9040,2024-10-01,2024-10-01 23:00:00,1188.3761133514042,198.46671871566426
9041,2024-10-02,2024-10-02 23:00:00,1276.8410330577456,290.909477382117
9042,2024-10-03,2024-10-03 23:00:00,1636.48717401668,490.33747824914525
9043,2024-10-04,2024-10-04 23:00:00,1544.2857716446317,267.8830768986517
9044,2024-10-05,2024-10-05 23:00:00,1528.3056539173886,412.4703255383424
9045,2024-10-06,2024-10-06 23:00:00,1280.0404604055427,320.34558529559814
9046,2024-10-07,2024-10-07 23:00:00,1782.1693103648183,77.045133927981
9047,2024-10-08,2024-10-08 23:00:00,1587.0320730202777,138.1253343287237
9048,2024-10-09,2024-10-09 23:00:00,1707.7408777571573,169.7998486893199
9049,2024-10-10,2024-10-10 23:00:00,1401.7213435031433,228.6625727406301
9050,2024-10-11,2024-10-11 23:00:00,1482.5962989111622,776.6150797624017
9051,2024-10-12,2024-10-12 23:00:00,1124.5470171539766,580.0832121611285
9052,2024-10-13,2024-10-13 23:00:00,1414.3470446891395,615.9788700080612
9053,2024-10-14,2024-10-14 23:00:00,1777.026010720351,810.1622057661821
9054,2024-10-15,2024-10-15 23:00:00,1940.9582700628132,296.1168203513769
9055,2024-10-16,2024-10-16 23:00:00,1884.9630259000915,281.912899065601
9056,2024-10-17,2024-10-17 23:00:00,1847.7292205371414,503.9775388289325
9057,2024-10-18,2024-10-18 23:00:00,2097.362987979188,44.82567438284352
9058,2024-10-19,2024-10-19 23:00:00,2520.206937845467,690.3824932658957
9059,2024-10-20,2024-10-20 23:00:00,1174.6197270255618,82.50904877462335
9060,2024-10-21,2024-10-21 23:00:00,1367.6037182608081,624.226800133901
9061,2024-10-22,2024-10-22 23:00:00,1834.508125352022,626.4509268612499
9062,2024-10-23,2024-10-23 23:00:00,1880.2783621315502,587.513334098603
9063,2024-10-24,2024-10-24 23:00:00,1628.6037223913343,447.1076899628306
9064,2024-10-25,2024-10-25 23:00:00,2234.5355719812874,166.83272882127187
9065,2024-10-26,2024-10-26 23:00:00,1895.703883154231,558.2233637771569
9066,2024-10-27,2024-10-27 23:00:00,1246.3302615670984,680.3286416756337
9067,2024-10-28,2024-10-28 23:00:00,2007.5973064136845,198.60889781344156
9068,2024-10-29,2024-10-29 23:00:00,1944.185004047802,71.32036784659115
9069,2024-10-30,2024-10-30 23:00:00,1895.7872939721328,79.16356757366502
9070,2024-10-31,2024-10-31 23:00:00,2740.6319039965674,0.00030827786044246313
9071,2024-11-01,2024-11-01 23:00:00,2735.628791067695,0.0
9072,2024-11-02,2024-11-02 23:00:00,2727.3540154934144,21.892998324418063
9073,2024-11-03,2024-11-03 23:00:00,2735.628791067695,0.0
9074,2024-11-04,2024-11-04 23:00:00,2631.8907389359115,231.949168533242
9075,2024-11-05,2024-11-05 23:00:00,1759.790281813044,505.92302942809465
9076,2024-11-06,2024-11-06 23:00:00,2080.2340189683778,759.3116170224511
9077,2024-11-07,2024-11-07 23:00:00,2107.5838463154646,500.9650824692132
9078,2024-11-08,2024-11-08 23:00:00,1720.3371641478734,611.2962905702133
9079,2024-11-09,2024-11-09 23:00:00,876.6200094848527,241.05397355869553
9080,2024-11-10,2024-11-10 23:00:00,917.3768198262064,398.5872906602144
9081,2024-11-11,2024-11-11 23:00:00,899.4643951106074,288.84219212428417
9082,2024-11-12,2024-11-12 23:00:00,1116.1823924143541,541.2445388758938
9083,2024-11-13,2024-11-13 23:00:00,919.8274196644325,469.4555972499144
9084,2024-11-14,2024-11-14 23:00:00,1013.621172533403,440.82131315292304
9085,2024-11-15,2024-11-15 23:00:00,773.3011236577992,458.34722658696654
9086,2024-11-16,2024-11-16 23:00:00,776.3832817325969,358.26529933072743
9087,2024-11-17,2024-11-17 23:00:00,587.5196612687699,411.1533066032839
9088,2024-11-18,2024-11-18 23:00:00,773.0221015440584,335.4107598576115
9089,2024-11-19,2024-11-19 23:00:00,765.982933089878,243.03474728360428
9090,2024-11-20,2024-11-20 23:00:00,830.0240043166635,173.3781365632165
9091,2024-11-21,2024-11-21 23:00:00,622.8735441981736,312.1423495884288
9092,2024-11-22,2024-11-22 23:00:00,752.7874539711029,272.7089847210283
9093,2024-11-23,2024-11-23 23:00:00,621.1914579421639,238.00663773879384
9094,2024-11-24,2024-11-24 23:00:00,251.70030002928004,197.31984063009705
9095,2024-11-25,2024-11-25 23:00:00,492.3236433228465,188.82191256645893
9096,2024-11-26,2024-11-26 23:00:00,552.9376587489937,253.56305439940743
9097,2024-11-27,2024-11-27 23:00:00,848.6332139879861,194.80398018923424
9098,2024-11-28,2024-11-28 23:00:00,886.3469481498215,74.61622004282157
9099,2024-11-29,2024-11-29 23:00:00,661.8407059344462,281.45949426459896
9100,2024-11-30,2024-11-30 23:00:00,482.7890754612972,310.5315949659505
9101,2024-12-01,2024-12-01 23:00:00,603.0221572110368,242.85213395784845
9102,2024-12-02,2024-12-02 23:00:00,728.3594727643778,72.15182986690253
9103,2024-12-03,2024-12-03 23:00:00,810.6900616983636,11.793033977087921
9104,2024-12-04,2024-12-04 23:00:00,863.8973138074897,24.935066631348537
9105,2024-12-05,2024-12-05 23:00:00,879.8714485870249,26.536297972765773
9106,2024-12-06,2024-12-06 23:00:00,868.0579423542499,15.341869535864015
9107,2024-12-07,2024-12-07 23:00:00,894.7137736408441,10.898815257043891
9108,2024-12-08,2024-12-08 23:00:00,792.0543717574847,213.4319694703974
9109,2024-12-09,2024-12-09 23:00:00,938.7378711270968,11.837215344503493
9110,2024-12-10,2024-12-10 23:00:00,953.7105062570517,27.9363540480803
9111,2024-12-11,2024-12-11 23:00:00,969.9362902600934,39.37775433995767
9112,2024-12-12,2024-12-12 23:00:00,986.9671325340981,56.81247516061854
9113,2024-12-13,2024-12-13 23:00:00,1046.7886738593763,19.126217540103546
9114,2024-12-14,2024-12-14 23:00:00,1117.352390257144,36.25886581022339
9115,2024-12-15,2024-12-15 23:00:00,1036.8667546711763,178.59163970771297
9116,2024-12-16,2024-12-16 23:00:00,1204.5855041004017,242.31210147122053
9117,2024-12-17,2024-12-17 23:00:00,1159.4831437919747,196.4288195519472
9118,2024-12-18,2024-12-18 23:00:00,1025.9878859713072,114.00114880294585
9119,2024-12-19,2024-12-19 23:00:00,980.2607330473038,124.54182928595242
9120,2024-12-20,2024-12-20 23:00:00,1027.3780588145528,152.88761424334635
9121,2024-12-21,2024-12-21 23:00:00,1052.5005238133829,98.59108487188716
9122,2024-12-22,2024-12-22 23:00:00,968.2973822226603,91.45427418403646
9123,2024-12-23,2024-12-23 23:00:00,793.0815495602923,320.9109504585555
9124,2024-12-24,2024-12-24 23:00:00,788.489797850014,146.51510701257584
9125,2024-12-25,2024-12-25 23:00:00,471.4547410935713,240.59534264305645
9126,2024-12-26,2024-12-26 23:00:00,576.0375167479091,247.2495434795313
9127,2024-12-27,2024-12-27 23:00:00,424.6798571403351,244.7261121117446
9128,2024-12-28,2024-12-28 23:00:00,542.2622633807063,95.9209984757731
9129,2024-12-29,2024-12-29 23:00:00,324.1721088067064,191.36629001498846
9130,2024-12-30,2024-12-30 23:00:00,426.2718749580478,147.76972267340136
9131,2024-12-31,2024-12-31 23:00:00,179.82933347684198,118.73800768750264
9132,2025-01-01,2025-01-01 23:00:00,236.75148518107594,107.53469504875424
9133,2025-01-02,2025-01-02 23:00:00,504.19176377395416,110.46361593794639
9134,2025-01-03,2025-01-03 23:00:00,556.5234483314222,34.9330472231443
9135,2025-01-04,2025-01-04 23:00:00,456.07879499276413,24.366703721313858
9136,2025-01-05,2025-01-05 23:00:00,192.83065959829204,113.47394257266015
9137,2025-01-06,2025-01-06 23:00:00,346.50888183034436,98.52671616988427
9138,2025-01-07,2025-01-07 23:00:00,377.0762246295924,114.21658596476232
9139,2025-01-08,2025-01-08 23:00:00,264.68270173677416,29.0688606536453
9140,2025-01-09,2025-01-09 23:00:00,243.11201947806637,33.00608666939439
9141,2025-01-10,2025-01-10 23:00:00,240.23890474622078,22.31125044575022
9142,2025-01-11,2025-01-11 23:00:00,294.06116392661033,18.52168131364632
9143,2025-01-12,2025-01-12 23:00:00,325.75880480188874,33.43170547682353
9144,2025-01-13,2025-01-13 23:00:00,414.2612527563565,39.160729293904225
9145,2025-01-14,2025-01-14 23:00:00,486.7717185444737,55.458518073209156
9146,2025-01-15,2025-01-15 23:00:00,600.481150816344,132.5867477972926
9147,2025-01-16,2025-01-16 23:00:00,654.2486723877545,22.989384478019343
9148,2025-01-17,2025-01-17 23:00:00,752.3787269437889,38.180186173666854
9149,2025-01-18,2025-01-18 23:00:00,730.2899872865486,93.08620015590296
9150,2025-01-19,2025-01-19 23:00:00,700.136728036171,88.30289461986919
9151,2025-01-20,2025-01-20 23:00:00,714.764820627991,96.83818777584692
9152,2025-01-21,2025-01-21 23:00:00,742.4574708685938,95.7960174813297
9153,2025-01-22,2025-01-22 23:00:00,769.7638917796658,56.22022855078901
9154,2025-01-23,2025-01-23 23:00:00,808.4747387555544,23.070678115775742
9155,2025-01-24,2025-01-24 23:00:00,746.0368888888046,27.71391054238088
9156,2025-01-25,2025-01-25 23:00:00,790.8558270152931,34.41759247338158
9157,2025-01-26,2025-01-26 23:00:00,828.7140002996751,71.98023658914599
9158,2025-01-27,2025-01-27 23:00:00,797.2239798572122,122.61203540580377
9159,2025-01-28,2025-01-28 23:00:00,801.8838783119336,116.63774534736459
9160,2025-01-29,2025-01-29 23:00:00,832.3663640135647,115.47947095321132
9161,2025-01-30,2025-01-30 23:00:00,766.1897228217273,133.12904052910685
9162,2025-01-31,2025-01-31 23:00:00,696.689478149602,159.3140537542002
9163,2025-02-01,2025-02-01 23:00:00,681.6917760790403,95.366731589549
9164,2025-02-02,2025-02-02 23:00:00,531.753845962857,137.39115902649485
9165,2025-02-03,2025-02-03 23:00:00,702.5651898473121,106.22870671765862
9166,2025-02-04,2025-02-04 23:00:00,733.5224409099519,33.45808416452764
9167,2025-02-05,2025-02-05 23:00:00,767.8925253700822,46.99793652822542
9168,2025-02-06,2025-02-06 23:00:00,796.5367889773479,84.49757841383565
9169,2025-02-07,2025-02-07 23:00:00,694.7971292840348,129.903089419836
9170,2025-02-08,2025-02-08 23:00:00,531.6952874420739,54.63996979354038
9171,2025-02-09,2025-02-09 23:00:00,674.282915658713,120.06541703264011
9172,2025-02-10,2025-02-10 23:00:00,640.3061949978974,125.71260945697844
9173,2025-02-11,2025-02-11 23:00:00,444.5126769448072,276.52881803904273
9174,2025-02-12,2025-02-12 23:00:00,662.0419016943586,152.53699961894918
9175,2025-02-13,2025-02-13 23:00:00,599.1117452842741,151.72754010980825
9176,2025-02-14,2025-02-14 23:00:00,500.0861882482897,36.33444693116722
9177,2025-02-15,2025-02-15 23:00:00,476.0788903465603,20.392347040922168
9178,2025-02-16,2025-02-16 23:00:00,372.7711226222685,69.82289593329881
9179,2025-02-17,2025-02-17 23:00:00,331.24570356211046,83.84539885416358
9180,2025-02-18,2025-02-18 23:00:00,292.4591146398575,99.20576652315175
9181,2025-02-19,2025-02-19 23:00:00,249.2987244701654,91.43307465221288
9182,2025-02-20,2025-02-20 23:00:00,274.52293835546806,83.99049733404262
9183,2025-02-21,2025-02-21 23:00:00,225.36917197998866,99.66048054569288
9184,2025-02-22,2025-02-22 23:00:00,213.96311314948525,49.660139434303616
9185,2025-02-23,2025-02-23 23:00:00,209.5884839770441,32.48694130293017
9186,2025-02-24,2025-02-24 23:00:00,285.8807967661974,149.79869013197222
9187,2025-02-25,2025-02-25 23:00:00,327.93685429103243,228.94991745819567
9188,2025-02-26,2025-02-26 23:00:00,286.745526469284,130.16957036195257
9189,2025-02-27,2025-02-27 23:00:00,258.5820269799519,110.1514421656561
9190,2025-02-28,2025-02-28 23:00:00,255.04171301679662,138.5932268758596
9191,2025-03-01,2025-03-01 23:00:00,182.6947098778102,12.844564181387202
9192,2025-03-02,2025-03-02 23:00:00,163.89567834656836,22.009305759967635
9193,2025-03-03,2025-03-03 23:00:00,231.23392022780249,104.48857333311065
9194,2025-03-04,2025-03-04 23:00:00,280.57179551429755,149.67004832539394
9195,2025-03-05,2025-03-05 23:00:00,242.07150800196086,62.34773716327925
9196,2025-03-06,2025-03-06 23:00:00,243.54915080082512,173.90768643310847
9197,2025-03-07,2025-03-07 23:00:00,201.9852561590138,98.59172723893403
9198,2025-03-08,2025-03-08 23:00:00,199.79450650038666,102.79427995696035
9199,2025-03-09,2025-03-09 23:00:00,199.536791028229,111.70444343988748
9200,2025-03-10,2025-03-10 23:00:00,259.1830100541972,174.21135379878308
9201,2025-03-11,2025-03-11 23:00:00,310.2028057806581,268.201891724484
9202,2025-03-12,2025-03-12 23:00:00,299.7862178382873,171.45484976885393
9203,2025-03-13,2025-03-13 23:00:00,271.4775722445066,84.73880220999618
9204,2025-03-14,2025-03-14 23:00:00,260.1986093861335,112.21457720009701
9205,2025-03-15,2025-03-15 23:00:00,255.6890516972932,92.58813809514392
9206,2025-03-16,2025-03-16 23:00:00,258.13084676530207,89.82657220335408
9207,2025-03-17,2025-03-17 23:00:00,277.33909896651375,105.50978827894276
9208,2025-03-18,2025-03-18 23:00:00,255.85235044368574,119.7749873953335
9209,2025-03-19,2025-03-19 23:00:00,276.3549832660195,110.54745356940488
9210,2025-03-20,2025-03-20 23:00:00,290.8258274268912,102.3482376768382
9211,2025-03-21,2025-03-21 23:00:00,243.5166151373734,80.16420517424879
9212,2025-03-22,2025-03-22 23:00:00,224.3253680894671,80.15385406472791
9213,2025-03-23,2025-03-23 23:00:00,172.7615171563008,44.25345629664
9214,2025-03-24,2025-03-24 23:00:00,211.8246453905107,68.26106586533757
9215,2025-03-25,2025-03-25 23:00:00,303.0727100878451,185.1303355135649
9216,2025-03-26,2025-03-26 23:00:00,263.42164702122665,104.31781535970882
9217,2025-03-27,2025-03-27 23:00:00,327.08982398382574,106.2029959756662
9218,2025-03-28,2025-03-28 23:00:00,289.67298197715087,163.25954838524564
9219,2025-03-29,2025-03-29 23:00:00,184.983456767726,18.52202918392073
9220,2025-03-30,2025-03-30 23:00:00,187.6126304259047,111.69914409054124
9221,2025-03-31,2025-03-31 23:00:00,273.87563874781875,147.24088720393306
9222,2025-04-01,2025-04-01 23:00:00,219.19091520997225,62.39193310240627
9223,2025-04-02,2025-04-02 23:00:00,229.72400943392367,94.68299962217348
9224,2025-04-03,2025-04-03 23:00:00,238.34449386944993,170.02092364826825
9225,2025-04-04,2025-04-04 23:00:00,172.79006215824595,173.68686759822467
9226,2025-04-05,2025-04-05 23:00:00,127.37094202529374,6.931424713675447
9227,2025-04-06,2025-04-06 23:00:00,141.55732500534677,20.20211127127014
9228,2025-04-07,2025-04-07 23:00:00,185.46442544383385,175.67348374395817
9229,2025-04-08,2025-04-08 23:00:00,246.66630218987657,178.4143523290076
9230,2025-04-09,2025-04-09 23:00:00,216.71770618237443,204.09286538651833
9231,2025-04-10,2025-04-10 23:00:00,168.15269473783164,36.50851806799343
9232,2025-04-11,2025-04-11 23:00:00,124.5578821701623,12.995215703284176
9233,2025-04-12,2025-04-12 23:00:00,120.99733701070534,9.673069481276885
9234,2025-04-13,2025-04-13 23:00:00,118.54304580451434,4.0098869161799096
9235,2025-04-14,2025-04-14 23:00:00,120.64109276271381,5.5657239616882
9236,2025-04-15,2025-04-15 23:00:00,135.4274095436464,30.88259815939899
9237,2025-04-16,2025-04-16 23:00:00,134.0103434132526,26.021572494214656
9238,2025-04-17,2025-04-17 23:00:00,122.24941665615273,4.433066049255932
9239,2025-04-18,2025-04-18 23:00:00,122.47169793121309,3.4399377008111505
9240,2025-04-19,2025-04-19 23:00:00,125.2692040463155,3.0310385555656145
9241,2025-04-20,2025-04-20 23:00:00,125.1169610517926,2.34561559642303
9242,2025-04-21,2025-04-21 23:00:00,119.29355574493782,7.931161923362789
9243,2025-04-22,2025-04-22 23:00:00,156.72488885895578,175.2942582805115
9244,2025-04-23,2025-04-23 23:00:00,170.939270714926,178.72195695517723
9245,2025-04-24,2025-04-24 23:00:00,167.65392456308868,174.10319277864014
9246,2025-04-25,2025-04-25 23:00:00,124.32566586772982,9.316015473892516
9247,2025-04-26,2025-04-26 23:00:00,118.86247810519382,3.22966665658167
9248,2025-04-27,2025-04-27 23:00:00,119.03580601125161,0.9036365226408529
9249,2025-04-28,2025-04-28 23:00:00,117.71361483654846,2.322917678458882
9250,2025-04-29,2025-04-29 23:00:00,116.66351049221583,2.812431307291523
9251,2025-04-30,2025-04-30 23:00:00,115.84104172559313,1.5100122425082834
9252,2025-05-01,2025-05-01 23:00:00,115.03433658382329,0.6180573229676135
9253,2025-05-02,2025-05-02 23:00:00,116.20887840906956,1.704776770491658
9254,2025-05-03,2025-05-03 23:00:00,115.72732619789188,0.0
9255,2025-05-04,2025-05-04 23:00:00,112.25025584467157,1.4210854715202004e-14
9256,2025-05-05,2025-05-05 23:00:00,115.20646160320888,2.0647185629652256
9257,2025-05-06,2025-05-06 23:00:00,164.52462761569728,151.46719730608814
9258,2025-05-07,2025-05-07 23:00:00,119.31834458547615,2.207864008871065
9259,2025-05-08,2025-05-08 23:00:00,115.2760520906488,2.060852726501777
9260,2025-05-09,2025-05-09 23:00:00,113.56245245169849,2.129007967689135
9261,2025-05-10,2025-05-10 23:00:00,112.72942349043528,1.6220651115189748
9262,2025-05-11,2025-05-11 23:00:00,117.27817345955798,1.1071601629791528
9263,2025-05-12,2025-05-12 23:00:00,163.87804175143606,163.4020739418292
9264,2025-05-13,2025-05-13 23:00:00,194.84012951424893,218.25280939364018
9265,2025-05-14,2025-05-14 23:00:00,176.1175690266775,173.86936783489202
9266,2025-05-15,2025-05-15 23:00:00,131.6779139823457,5.468233956203288
9267,2025-05-16,2025-05-16 23:00:00,118.5270980541926,2.060126530676073
9268,2025-05-17,2025-05-17 23:00:00,120.59164731002268,1.7073164796812064
9269,2025-05-18,2025-05-18 23:00:00,114.68007991841948,1.492894459210651
9270,2025-05-19,2025-05-19 23:00:00,132.35283503727294,80.61778447928648
9271,2025-05-20,2025-05-20 23:00:00,181.88163528685558,181.46370280437614
9272,2025-05-21,2025-05-21 23:00:00,181.3681790507403,187.0215102322221
9273,2025-05-22,2025-05-22 23:00:00,167.1991394439749,172.2889743924159
9274,2025-05-23,2025-05-23 23:00:00,186.45016699803833,183.9851634155288
9275,2025-05-24,2025-05-24 23:00:00,117.48677039804609,2.0898157930312125
9276,2025-05-25,2025-05-25 23:00:00,116.90887925094604,1.676759268290392
9277,2025-05-26,2025-05-26 23:00:00,118.23138344917247,2.273567346460988
9278,2025-05-27,2025-05-27 23:00:00,131.37732873773837,74.17827100027571
9279,2025-05-28,2025-05-28 23:00:00,130.20708945919873,74.2583794092003
9280,2025-05-29,2025-05-29 23:00:00,163.605868274278,172.46504032519243
9281,2025-05-30,2025-05-30 23:00:00,117.12167544652614,2.157283870385243
9282,2025-05-31,2025-05-31 23:00:00,115.16068115280024,1.7014693290534564
9283,2025-06-01,2025-06-01 23:00:00,115.33956006409896,2.332247854001771
9284,2025-06-02,2025-06-02 23:00:00,116.1575632297903,2.6646044664269652
9285,2025-06-03,2025-06-03 23:00:00,116.0145183973898,2.857421857605069
9286,2025-06-04,2025-06-04 23:00:00,114.55142046933285,3.1053797023494845
9287,2025-06-05,2025-06-05 23:00:00,120.28189743565365,3.4238516716760614
9288,2025-06-06,2025-06-06 23:00:00,114.5944065053567,2.3618826239121664
9289,2025-06-07,2025-06-07 23:00:00,112.93399658751018,1.9729468660092102
9290,2025-06-08,2025-06-08 23:00:00,116.44726441901507,1.9614658822856028
9291,2025-06-09,2025-06-09 23:00:00,123.5498876074228,16.273549346806174
9292,2025-06-10,2025-06-10 23:00:00,116.3224657907972,0.20077013373079983
9293,2025-06-11,2025-06-11 23:00:00,115.58226695891226,0.1412097854079035
9294,2025-06-12,2025-06-12 23:00:00,118.95533114250179,2.3042598145875326
9295,2025-06-13,2025-06-13 23:00:00,116.74507463697073,0.43541955489537665
9296,2025-06-14,2025-06-14 23:00:00,119.98097205549787,9.097726323019916
9297,2025-06-15,2025-06-15 23:00:00,120.26980505560009,1.4210854715202004e-14
9298,2025-06-16,2025-06-16 23:00:00,118.68147084661184,2.4532880117003195
9299,2025-06-17,2025-06-17 23:00:00,112.77052974089246,0.0
9300,2025-06-18,2025-06-18 23:00:00,112.69906603420259,1.7672758109117372
9301,2025-06-19,2025-06-19 23:00:00,115.15745561656301,1.2773159107916412
9302,2025-06-20,2025-06-20 23:00:00,113.28470763243256,2.1098934641935667
9303,2025-06-21,2025-06-21 23:00:00,113.03788217651523,0.08850791700754944
9304,2025-06-22,2025-06-22 23:00:00,113.4440132201206,0.0
9305,2025-06-23,2025-06-23 23:00:00,117.3602755841179,1.4697311264856756
9306,2025-06-24,2025-06-24 23:00:00,127.80631465339445,59.401772233094896
9307,2025-06-25,2025-06-25 23:00:00,161.30559832073234,167.15293935734243
9308,2025-06-26,2025-06-26 23:00:00,164.97097359814256,166.9818639864732
9309,2025-06-27,2025-06-27 23:00:00,135.4031473835231,75.70928149986817
9310,2025-06-28,2025-06-28 23:00:00,113.9312167602745,2.3433763888441526
9311,2025-06-29,2025-06-29 23:00:00,111.25088565899966,0.20651847301760617
9312,2025-06-30,2025-06-30 23:00:00,114.08438809367026,2.422241149326037
9313,2025-07-01,2025-07-01 23:00:00,112.82337625786363,2.8837363551449804
9314,2025-07-02,2025-07-02 23:00:00,136.93556061679553,75.9867585460981
9315,2025-07-03,2025-07-03 23:00:00,122.48892227370494,17.60187848281339
9316,2025-07-04,2025-07-04 23:00:00,122.02185793363849,17.22071800231409
9317,2025-07-05,2025-07-05 23:00:00,116.35378564562332,9.40185213349213
9318,2025-07-06,2025-07-06 23:00:00,115.9202076119255,0.0007934056408498267
9319,2025-07-07,2025-07-07 23:00:00,140.69059171240372,70.7473290845309
9320,2025-07-08,2025-07-08 23:00:00,161.55914252426257,153.20403489212265
9321,2025-07-09,2025-07-09 23:00:00,193.55285732799427,156.54727517083313
9322,2025-07-10,2025-07-10 23:00:00,180.0099571787799,43.04408765441559
9323,2025-07-11,2025-07-11 23:00:00,150.61952903890543,39.193104760370254
9324,2025-07-12,2025-07-12 23:00:00,130.93273348573965,15.712016307673194
9325,2025-07-13,2025-07-13 23:00:00,126.98326714601076,12.990133621728768
9326,2025-07-14,2025-07-14 23:00:00,117.31439822411232,3.6721391622274298
9327,2025-07-15,2025-07-15 23:00:00,139.4512062986866,56.66480075423871
9328,2025-07-16,2025-07-16 23:00:00,138.8446189346172,53.998460680617676
9329,2025-07-17,2025-07-17 23:00:00,128.6651543614275,45.23024407642508
9330,2025-07-18,2025-07-18 23:00:00,151.60737418972602,153.75774001671104
9331,2025-07-19,2025-07-19 23:00:00,117.10784581588577,7.39444784715809
9332,2025-07-20,2025-07-20 23:00:00,117.61462003650585,5.921650200034049
9333,2025-07-21,2025-07-21 23:00:00,136.39781755040215,49.74105033681231
9334,2025-07-22,2025-07-22 23:00:00,171.83787736356388,152.97430553748114
9335,2025-07-23,2025-07-23 23:00:00,178.6752116350696,196.771861639679
9336,2025-07-24,2025-07-24 23:00:00,177.21702004263116,153.70905049073056
9337,2025-07-25,2025-07-25 23:00:00,137.95764784439606,41.16850894779159
9338,2025-07-26,2025-07-26 23:00:00,130.24633605659474,9.160293616218418
9339,2025-07-27,2025-07-27 23:00:00,115.70608330671452,5.8626241787674855
9340,2025-07-28,2025-07-28 23:00:00,158.42964095394754,151.7189383059858
9341,2025-07-29,2025-07-29 23:00:00,140.67085120215395,48.51771680884611
9342,2025-07-30,2025-07-30 23:00:00,192.29306079084554,209.63867632882648
9343,2025-07-31,2025-07-31 23:00:00,191.65190491395,208.72495447533936
9344,2025-08-01,2025-08-01 23:00:00,194.47274351407023,219.02691545830663
9345,2025-08-02,2025-08-02 23:00:00,138.36991140616473,43.57831752068905
9346,2025-08-03,2025-08-03 23:00:00,119.6772113649573,19.2100523969422
9347,2025-08-04,2025-08-04 23:00:00,168.3934176742038,165.27215024894198
9348,2025-08-05,2025-08-05 23:00:00,224.74827272154494,221.01332730560028
9349,2025-08-06,2025-08-06 23:00:00,212.9418941826262,235.41230822488103
9350,2025-08-07,2025-08-07 23:00:00,164.28567891623297,162.38667061146862
9351,2025-08-08,2025-08-08 23:00:00,177.03070770822964,165.19454941377654
9352,2025-08-09,2025-08-09 23:00:00,121.37894435413017,39.0918524606135
9353,2025-08-10,2025-08-10 23:00:00,128.60102197698154,25.218564869344046
9354,2025-08-11,2025-08-11 23:00:00,186.1474462134029,176.36738758602974
9355,2025-08-12,2025-08-12 23:00:00,214.17688201956386,199.7257724139045
9356,2025-08-13,2025-08-13 23:00:00,235.5510022999265,218.07735735133863
9357,2025-08-14,2025-08-14 23:00:00,348.73514611817336,441.1261645460935
9358,2025-08-15,2025-08-15 23:00:00,234.32182250397463,77.35680023999157
9359,2025-08-16,2025-08-16 23:00:00,228.34035837239387,46.00732853581266
9360,2025-08-17,2025-08-17 23:00:00,246.33207567670536,16.21603175214544
9361,2025-08-18,2025-08-18 23:00:00,279.58370174913273,44.24371912393576
9362,2025-08-19,2025-08-19 23:00:00,342.7209674874423,179.75336699281368
9363,2025-08-20,2025-08-20 23:00:00,319.2874894064371,128.39920477219684
9364,2025-08-21,2025-08-21 23:00:00,322.30500929053034,105.49627816974541
9365,2025-08-22,2025-08-22 23:00:00,298.4084302488597,14.57176971708543
9366,2025-08-23,2025-08-23 23:00:00,242.0522081869939,69.03337812182816
9367,2025-08-24,2025-08-24 23:00:00,251.33966591152225,84.985029867693
9368,2025-08-25,2025-08-25 23:00:00,316.1843150837564,53.73909634132608
9369,2025-08-26,2025-08-26 23:00:00,347.9681305592035,136.28239936742628
9370,2025-08-27,2025-08-27 23:00:00,341.4366272388229,121.69760671276754
9371,2025-08-28,2025-08-28 23:00:00,480.9492211281115,394.1305197725929
9372,2025-08-29,2025-08-29 23:00:00,421.9083171162685,141.0721333495849
9373,2025-08-30,2025-08-30 23:00:00,355.7583727085166,134.96442892333081
9374,2025-08-31,2025-08-31 23:00:00,286.99514452779675,72.23531110452318
9375,2025-09-01,2025-09-01 23:00:00,377.40584107459114,203.78069739493478
9376,2025-09-02,2025-09-02 23:00:00,287.58753561992256,247.6484221776041
9377,2025-09-03,2025-09-03 23:00:00,262.93140224883973,205.98984501687772
9378,2025-09-04,2025-09-04 23:00:00,256.3325608973617,207.59447357604276
9379,2025-09-05,2025-09-05 23:00:00,244.80138474440685,223.63151217825495
9380,2025-09-06,2025-09-06 23:00:00,137.82151170482993,75.75169915385607
9381,2025-09-07,2025-09-07 23:00:00,111.72239118378111,21.816575426457877
9382,2025-09-08,2025-09-08 23:00:00,233.42373134505388,262.9297682906213
9383,2025-09-09,2025-09-09 23:00:00,252.2657620939273,273.51998265133835
9384,2025-09-10,2025-09-10 23:00:00,255.64927988538648,285.8771335243507
9385,2025-09-11,2025-09-11 23:00:00,328.29154749825085,249.02992012893432
9386,2025-09-12,2025-09-12 23:00:00,303.22057067788796,285.4904995947102
9387,2025-09-13,2025-09-13 23:00:00,232.63206814423083,212.29166861133115
9388,2025-09-14,2025-09-14 23:00:00,210.04274744188623,148.80355239028665
9389,2025-09-15,2025-09-15 23:00:00,354.64138225319624,228.85608137153267
9390,2025-09-16,2025-09-16 23:00:00,392.75201096776436,205.23870714452718
9391,2025-09-17,2025-09-17 23:00:00,378.38551700458873,209.94237191118634
9392,2025-09-18,2025-09-18 23:00:00,324.73733786453096,142.5909288058664
9393,2025-09-19,2025-09-19 23:00:00,324.06255931992183,86.97347259416028
9394,2025-09-20,2025-09-20 23:00:00,288.7391318989874,61.74845597048588
9395,2025-09-21,2025-09-21 23:00:00,266.76750300686246,78.92909235488126
9396,2025-09-22,2025-09-22 23:00:00,375.7468926656033,195.6732703834844
9397,2025-09-23,2025-09-23 23:00:00,367.8350228863437,188.4280142274194
9398,2025-09-24,2025-09-24 23:00:00,449.6905637840832,151.41123489544876
9399,2025-09-25,2025-09-25 23:00:00,528.7509586911547,200.2526118408961
9400,2025-09-26,2025-09-26 23:00:00,506.6363623194261,145.2973621980892
9401,2025-09-27,2025-09-27 23:00:00,312.71812679212735,137.6496428394789
9402,2025-09-28,2025-09-28 23:00:00,332.90903506826436,72.12242461927366
9403,2025-09-29,2025-09-29 23:00:00,346.3503469098279,182.48263421059949
9404,2025-09-30,2025-09-30 23:00:00,287.88408410129574,165.97699963293786
9405,2025-10-01,2025-10-01 23:00:00,326.61239495500655,224.14550055355065
9406,2025-10-02,2025-10-02 23:00:00,316.43691487866045,216.28219046174613
9407,2025-10-03,2025-10-03 23:00:00,318.59827638928556,123.41626853410602
9408,2025-10-04,2025-10-04 23:00:00,235.52262320945908,62.55227078263823
9409,2025-10-05,2025-10-05 23:00:00,221.28267418551525,59.64003526111633
9410,2025-10-06,2025-10-06 23:00:00,241.1841110339666,87.17276731418374
9411,2025-10-07,2025-10-07 23:00:00,278.2135553394334,67.72358001724251
9412,2025-10-08,2025-10-08 23:00:00,248.83970969237086,83.389159123032
9413,2025-10-09,2025-10-09 23:00:00,247.5933067297749,88.43373174281639
9414,2025-10-10,2025-10-10 23:00:00,186.7084169566881,55.059525381334204
9415,2025-10-11,2025-10-11 23:00:00,136.58270639547501,43.84728525380778
9416,2025-10-12,2025-10-12 23:00:00,114.48519812508387,12.019388155339922
9417,2025-10-13,2025-10-13 23:00:00,115.89972391700216,10.808159296167176
9418,2025-10-14,2025-10-14 23:00:00,154.58352012040322,101.9830577953178
9419,2025-10-15,2025-10-15 23:00:00,192.3735413932237,205.81460683620512
9420,2025-10-16,2025-10-16 23:00:00,185.05601374717585,176.88101920418544
9421,2025-10-17,2025-10-17 23:00:00,167.31924906535775,123.72770118708347
9422,2025-10-18,2025-10-18 23:00:00,167.38321925571833,98.61525555540943
9423,2025-10-19,2025-10-19 23:00:00,128.34191977539788,31.50224888309054
9424,2025-10-20,2025-10-20 23:00:00,154.04029238908362,152.79259620526162
9425,2025-10-21,2025-10-21 23:00:00,188.90043947628263,208.05830799987487
9426,2025-10-22,2025-10-22 23:00:00,129.55984122954706,19.143425143341577
9427,2025-10-23,2025-10-23 23:00:00,145.495631947955,79.76263451018643
9428,2025-10-24,2025-10-24 23:00:00,132.39275847558795,38.917011204681586
9429,2025-10-25,2025-10-25 23:00:00,120.50948028558071,16.601309865737523
9430,2025-10-26,2025-10-26 23:00:00,108.65961699243047,1.717699731366946
9431,2025-10-27,2025-10-27 23:00:00,110.91621404246587,2.0796626436763477
9432,2025-10-28,2025-10-28 23:00:00,179.30739347372185,178.24144437657688
9433,2025-10-29,2025-10-29 23:00:00,124.33031737038893,70.33189900872634
9434,2025-10-30,2025-10-30 23:00:00,113.37366519200093,5.188284173569711
9435,2025-10-31,2025-10-31 23:00:00,110.35910058469597,0.8039353901019071
9436,2025-11-01,2025-11-01 23:00:00,165.82989536297438,202.7160220309474
9437,2025-11-02,2025-11-02 23:00:00,108.89129944784673,6.232845778870389
9438,2025-11-03,2025-11-03 23:00:00,109.31504342999996,7.84891478575226
9439,2025-11-04,2025-11-04 23:00:00,186.43954171772756,200.89151077412316
9440,2025-11-05,2025-11-05 23:00:00,201.99931566429612,244.45340268137582
9441,2025-11-06,2025-11-06 23:00:00,171.68768242214773,143.7235277200421
9442,2025-11-07,2025-11-07 23:00:00,238.5457071648788,137.33570086841056
9443,2025-11-08,2025-11-08 23:00:00,165.25861771634186,35.49059372866367
9444,2025-11-09,2025-11-09 23:00:00,154.60810027233367,9.76579128741767
9445,2025-11-10,2025-11-10 23:00:00,248.43891928865136,135.39747017436346
9446,2025-11-11,2025-11-11 23:00:00,304.8611007197636,117.50224565480141
9447,2025-11-12,2025-11-12 23:00:00,321.92826294823294,115.54472019672086
9448,2025-11-13,2025-11-13 23:00:00,313.25829158916605,151.08552820898254
9449,2025-11-14,2025-11-14 23:00:00,311.48837708778973,77.31808664122329
9450,2025-11-15,2025-11-15 23:00:00,257.26958196348886,46.262517891042584
9451,2025-11-16,2025-11-16 23:00:00,190.21593377577264,47.31253387037886
9452,2025-11-17,2025-11-17 23:00:00,198.62911172850514,72.1047660660552
9453,2025-11-18,2025-11-18 23:00:00,241.8246702807089,224.7645854753145
9454,2025-11-19,2025-11-19 23:00:00,361.7004745981094,220.75851347347458
9455,2025-11-20,2025-11-20 23:00:00,232.70591613860373,229.28973265157254
9456,2025-11-21,2025-11-21 23:00:00,285.65304618621366,221.20950515846224
9457,2025-11-22,2025-11-22 23:00:00,211.29423760482283,66.87822980913342
9458,2025-11-23,2025-11-23 23:00:00,199.05382233056457,44.496894068030876
9459,2025-11-24,2025-11-24 23:00:00,243.93951314769834,157.91577942803235
9460,2025-11-25,2025-11-25 23:00:00,205.56767139877942,154.13121079878306
9461,2025-11-26,2025-11-26 23:00:00,263.32830975747726,204.9434705359505
9462,2025-11-27,2025-11-27 23:00:00,238.92399184036927,111.96251497541176
9463,2025-11-28,2025-11-28 23:00:00,273.4705576786468,10.564151980186212
9464,2025-11-29,2025-11-29 23:00:00,261.18513559556897,17.374236613283106
9465,2025-11-30,2025-11-30 23:00:00,273.3164689578638,28.744476458559195
9466,2025-12-01,2025-12-01 23:00:00,308.73679577090786,11.740932142773525
9467,2025-12-02,2025-12-02 23:00:00,267.8925789938741,90.61309470928117
9468,2025-12-03,2025-12-03 23:00:00,243.0062866017286,86.23539693342696
9469,2025-12-04,2025-12-04 23:00:00,245.5607843713705,76.43282187901679
9470,2025-12-05,2025-12-05 23:00:00,198.8498370684317,107.08762527434135
9471,2025-12-06,2025-12-06 23:00:00,173.70256470733534,65.02067306411091
9472,2025-12-07,2025-12-07 23:00:00,173.17661349287746,61.19284520745305
9473,2025-12-08,2025-12-08 23:00:00,144.02281062961035,43.6790332800733
9474,2025-12-09,2025-12-09 23:00:00,231.72249649826418,64.15709029120015
9475,2025-12-10,2025-12-10 23:00:00,212.4410731756856,78.10166848253209
9476,2025-12-11,2025-12-11 23:00:00,247.93739728389053,70.450393652979
9477,2025-12-12,2025-12-12 23:00:00,265.88467715425094,35.11199490485497
9478,2025-12-13,2025-12-13 23:00:00,259.85618140113377,8.741886659229902
9479,2025-12-14,2025-12-14 23:00:00,249.27685073184367,68.01733404235316
9480,2025-12-15,2025-12-15 23:00:00,310.1254755483698,31.669869786125144
9481,2025-12-16,2025-12-16 23:00:00,342.86792770183314,13.506401589568071
9482,2025-12-17,2025-12-17 23:00:00,365.16434518013284,7.527308259288223
9483,2025-12-18,2025-12-18 23:00:00,399.76619664368786,33.26196752461323
9484,2025-12-19,2025-12-19 23:00:00,405.7968030498716,31.977313850522332
9485,2025-12-20,2025-12-20 23:00:00,414.7195344545132,18.462296446036163
9486,2025-12-21,2025-12-21 23:00:00,423.3949120697354,55.88710124232186
9487,2025-12-22,2025-12-22 23:00:00,461.820067575487,3.771763085591337
9488,2025-12-23,2025-12-23 23:00:00,459.0548556893775,2.3938387168451203
9489,2025-12-24,2025-12-24 23:00:00,286.00489367215386,55.322192179031795
9490,2025-12-25,2025-12-25 23:00:00,215.2783668491367,71.34224749041303
9491,2025-12-26,2025-12-26 23:00:00,265.46091526247596,83.50933145346399
9492,2025-12-27,2025-12-27 23:00:00,275.93466411180805,91.29084714231314
9493,2025-12-28,2025-12-28 23:00:00,304.20679696895166,36.00127053002153
9494,2025-12-29,2025-12-29 23:00:00,338.96863488138564,24.887138981869747
9495,2025-12-30,2025-12-30 23:00:00,315.68280400135967,20.249773611588896
9496,2025-12-31,2025-12-31 23:00:00,288.7980655655676,6.088799392060433
9497,2026-01-01,2026-01-01 23:00:00,300.02652427147126,62.239858121265
9498,2026-01-02,2026-01-02 23:00:00,348.3827712851653,10.697413207112485
9499,2026-01-03,2026-01-03 23:00:00,352.2293178732496,12.338198765575383
9500,2026-01-04,2026-01-04 23:00:00,313.14722122367607,30.035937000110607
9501,2026-01-05,2026-01-05 23:00:00,338.24233200628396,28.204273105622015
9502,2026-01-06,2026-01-06 23:00:00,331.0531263570003,15.947489345285389
9503,2026-01-07,2026-01-07 23:00:00,285.55814433796064,32.225679089254555
9504,2026-01-08,2026-01-08 23:00:00,197.48671936120877,80.75024654258569
9505,2026-01-09,2026-01-09 23:00:00,204.64916055208892,59.66039866135073
9506,2026-01-10,2026-01-10 23:00:00,202.18339761416837,54.777715326392475
9507,2026-01-11,2026-01-11 23:00:00,130.02194891639095,24.546725069782802
9508,2026-01-12,2026-01-12 23:00:00,166.53869079754577,46.857599251628706
9509,2026-01-13,2026-01-13 23:00:00,152.60216032541632,51.2216447281364
9510,2026-01-14,2026-01-14 23:00:00,143.34539939672595,42.58708261459179
9511,2026-01-15,2026-01-15 23:00:00,149.3217786983897,38.19959697165926
9512,2026-01-16,2026-01-16 23:00:00,122.6383338912275,19.9932778607027
9513,2026-01-17,2026-01-17 23:00:00,111.68393713829983,10.659821675313268
9514,2026-01-18,2026-01-18 23:00:00,120.40892496640338,28.554726214881455
9515,2026-01-19,2026-01-19 23:00:00,153.805818171302,28.296289381214155
9516,2026-01-20,2026-01-20 23:00:00,184.20514757013166,3.920456702175747
9517,2026-01-21,2026-01-21 23:00:00,189.1303181453196,9.593471345876322
9518,2026-01-22,2026-01-22 23:00:00,196.35147731607412,10.433744394143584
9519,2026-01-23,2026-01-23 23:00:00,211.31374671883387,8.694466050563516
9520,2026-01-24,2026-01-24 23:00:00,221.36584697154126,16.57051965693999
9521,2026-01-25,2026-01-25 23:00:00,237.88907678956994,12.995974575972395
9522,2026-01-26,2026-01-26 23:00:00,258.6523021883337,21.331937556506364
9523,2026-01-27,2026-01-27 23:00:00,273.0941224492073,6.71516959097397
9524,2026-01-28,2026-01-28 23:00:00,268.8651141454891,5.174522477456862
9525,2026-01-29,2026-01-29 23:00:00,257.0178983081978,6.95985131811124
9526,2026-01-30,2026-01-30 23:00:00,214.7504683948347,64.71854957800953
9527,2026-01-31,2026-01-31 23:00:00,219.9630818254535,4.986320699403214
9528,2026-02-01,2026-02-01 23:00:00,176.19731092822633,24.339053157680244
9529,2026-02-02,2026-02-02 23:00:00,142.86695904136795,43.374912755523525
9530,2026-02-03,2026-02-03 23:00:00,138.70321770054164,28.245376877475746
9531,2026-02-04,2026-02-04 23:00:00,148.9155628281183,25.19130763553804
9532,2026-02-05,2026-02-05 23:00:00,135.8505237756686,19.845203943697822
9533,2026-02-06,2026-02-06 23:00:00,134.3684306856458,7.376076851039312
9534,2026-02-07,2026-02-07 23:00:00,118.29795106955886,1.2482842503916844
9535,2026-02-08,2026-02-08 23:00:00,112.8113326680754,5.904000336848441
9536,2026-02-09,2026-02-09 23:00:00,118.09910830582942,2.529579728433656
9537,2026-02-10,2026-02-10 23:00:00,120.53055184496185,6.427235854418209
9538,2026-02-11,2026-02-11 23:00:00,136.07854575735783,6.842972230820688
9539,2026-02-12,2026-02-12 23:00:00,133.0794200606613,4.159193681995869
9540,2026-02-13,2026-02-13 23:00:00,123.09198755533139,1.351797313177086
9541,2026-02-14,2026-02-14 23:00:00,126.52408683283942,17.960458232757905
9542,2026-02-15,2026-02-15 23:00:00,124.18653015311844,20.645176025336486
9543,2026-02-16,2026-02-16 23:00:00,115.14911598249898,2.7547415120126932
9544,2026-02-17,2026-02-17 23:00:00,115.31608909963997,4.3906206102571685
9545,2026-02-18,2026-02-18 23:00:00,134.08211894521946,2.7237858045911665
9546,2026-02-19,2026-02-19 23:00:00,135.30924112709832,3.7577238652720206
9547,2026-02-20,2026-02-20 23:00:00,127.39018165040505,4.429791504167798
9548,2026-02-21,2026-02-21 23:00:00,115.98027986806153,12.432942244313068
9549,2026-02-22,2026-02-22 23:00:00,116.8387583860761,3.247686784354562
9550,2026-02-23,2026-02-23 23:00:00,115.165533263001,2.474354947512095
9551,2026-02-24,2026-02-24 23:00:00,126.2339617918489,3.1273125014059286
9552,2026-02-25,2026-02-25 23:00:00,127.57670887836362,4.014547144664334
9553,2026-02-26,2026-02-26 23:00:00,127.1535063437074,4.15185176321298
9554,2026-02-27,2026-02-27 23:00:00,119.7300282844191,4.061288628732596
9555,2026-02-28,2026-02-28 23:00:00,123.23761580411836,2.9768501150289226
9556,2026-03-01,2026-03-01 23:00:00,106.88558185284931,2.289913849705131
9557,2026-03-02,2026-03-02 23:00:00,107.34707440346294,2.279395135248245
9558,2026-03-03,2026-03-03 23:00:00,120.68057286441558,16.912248216533104
9559,2026-03-04,2026-03-04 23:00:00,118.83196372173931,3.748133762869382
9560,2026-03-05,2026-03-05 23:00:00,119.20398103643,2.5335678894145173
9561,2026-03-06,2026-03-06 23:00:00,114.41613083737882,2.6827775358466277
9562,2026-03-07,2026-03-07 23:00:00,117.47471536722814,0.7556564454036726
9563,2026-03-08,2026-03-08 23:00:00,109.47386771071245,3.280519619685081
9564,2026-03-09,2026-03-09 23:00:00,110.44885134870363,9.070757471793478
9565,2026-03-10,2026-03-10 23:00:00,183.8170064175284,187.35707805192737
9566,2026-03-11,2026-03-11 23:00:00,227.06745293916086,264.88666267137
9567,2026-03-12,2026-03-12 23:00:00,213.46503982541444,187.4652401702746
9568,2026-03-13,2026-03-13 23:00:00,194.40314152339192,136.13559305329545
9569,2026-03-14,2026-03-14 23:00:00,209.7769343168508,59.028357856879936
9570,2026-03-15,2026-03-15 23:00:00,223.99018287260932,64.33639022530092
9571,2026-03-16,2026-03-16 23:00:00,315.52525218902343,111.2528893296446
9572,2026-03-17,2026-03-17 23:00:00,337.6256967930787,100.86118579600259
9573,2026-03-18,2026-03-18 23:00:00,339.1459376122978,18.17774271403477
9574,2026-03-19,2026-03-19 23:00:00,365.21851537881236,22.46702359987383
9575,2026-03-20,2026-03-20 23:00:00,358.341215687657,20.203573739736168
9576,2026-03-21,2026-03-21 23:00:00,333.43147355625933,41.762274994897034
9577,2026-03-22,2026-03-22 23:00:00,312.19865082529367,86.66763050794835
9578,2026-03-23,2026-03-23 23:00:00,325.07520205035934,91.47569595799946
9579,2026-03-24,2026-03-24 23:00:00,299.11172546641336,115.31337594183243
9580,2026-03-25,2026-03-25 23:00:00,322.4741508089705,63.316122863858965
9581,2026-03-26,2026-03-26 23:00:00,320.4237606987018,46.42364439148748
9582,2026-03-27,2026-03-27 23:00:00,288.55661707411855,23.48736382409712
9583,2026-03-28,2026-03-28 23:00:00,209.36034974831887,63.966002019572976
9584,2026-03-29,2026-03-29 23:00:00,155.86943010612035,44.9956893515934
9585,2026-03-30,2026-03-30 23:00:00,204.49536549021119,41.91836290653757
9586,2026-03-31,2026-03-31 23:00:00,213.4745001450085,44.57697258508471
9587,2026-04-01,2026-04-01 23:00:00,170.89731354731018,37.832694880880744
9588,2026-04-02,2026-04-02 23:00:00,153.43730494557659,19.397232697285457
9589,2026-04-03,2026-04-03 23:00:00,143.70242193356486,22.448087914843143
9590,2026-04-04,2026-04-04 23:00:00,149.47446093781022,14.825739798175588
9591,2026-04-05,2026-04-05 23:00:00,132.8240673547955,10.719212828695307
9592,2026-04-06,2026-04-06 23:00:00,216.7530391104619,221.45346090086625
9593,2026-04-07,2026-04-07 23:00:00,256.7880980207652,266.60059861483614
9594,2026-04-08,2026-04-08 23:00:00,277.08703932638673,195.5579214109801
9595,2026-04-09,2026-04-09 23:00:00,292.39863256767336,176.33130318275957
9596,2026-04-10,2026-04-10 23:00:00,313.69570005915506,170.60642165424457
9597,2026-04-11,2026-04-11 23:00:00,292.9601343322577,25.877652410704513
9598,2026-04-12,2026-04-12 23:00:00,285.79613353549956,47.91246645481439
9599,2026-04-13,2026-04-13 23:00:00,385.9533261586655,217.16150155415107
9600,2026-04-14,2026-04-14 23:00:00,418.9530786644848,230.92000129849194
9601,2026-04-15,2026-04-15 23:00:00,393.8104290056267,148.89285931458235
9602,2026-04-16,2026-04-16 23:00:00,420.36738320995556,146.09385227619342
9603,2026-04-17,2026-04-17 23:00:00,403.2502953797125,49.54361995746938
9604,2026-04-18,2026-04-18 23:00:00,329.4613615340631,83.99011174146048
9605,2026-04-19,2026-04-19 23:00:00,214.5101255860517,104.55112925162828
9606,2026-04-20,2026-04-20 23:00:00,280.9634807625267,90.94340383519403
9607,2026-04-21,2026-04-21 23:00:00,302.02257604360494,81.85083671293089
9608,2026-04-22,2026-04-22 23:00:00,281.1459282650799,85.81257276934458
9609,2026-04-23,2026-04-23 23:00:00,278.21405430692624,36.91947308499031
9610,2026-04-24,2026-04-24 23:00:00,299.667221858455,69.52618822729542
9611,2026-04-25,2026-04-25 23:00:00,267.7090334881066,29.131080916272353
9612,2026-04-26,2026-04-26 23:00:00,256.51802067574897,25.91981298471266
9613,2026-04-27,2026-04-27 23:00:00,285.93903620791383,71.47494336347194
9614,2026-04-28,2026-04-28 23:00:00,251.74385428900905,220.4882760226237
9615,2026-04-29,2026-04-29 23:00:00,223.41033257362457,148.7948142706561
9616,2026-04-30,2026-04-30 23:00:00,205.9221085758389,66.78571612614304
9617,2026-05-01,2026-05-01 23:00:00,187.15540639155782,103.63951631635936
9618,2026-05-02,2026-05-02 23:00:00,181.007158498722,33.2541549838678
9619,2026-05-03,2026-05-03 23:00:00,206.24126130149253,19.284986971027564
9620,2026-05-04,2026-05-04 23:00:00,292.6447411030566,113.39188342542239
9621,2026-05-05,2026-05-05 23:00:00,331.84311626884687,187.54062494708268
9622,2026-05-06,2026-05-06 23:00:00,318.7820607296929,191.0749940305363
9623,2026-05-07,2026-05-07 23:00:00,312.36315653719356,190.5028489224861
9624,2026-05-08,2026-05-08 23:00:00,337.5710738506804,242.42655664072802
9625,2026-05-09,2026-05-09 23:00:00,212.08025693381683,90.10067384415711
9626,2026-05-10,2026-05-10 23:00:00,243.23614176158821,84.22398873749799
9627,2026-05-11,2026-05-11 23:00:00,387.91810742115473,131.24216970462987
9628,2026-05-12,2026-05-12 23:00:00,606.584830104162,160.40904773611794
9629,2026-05-13,2026-05-13 23:00:00,750.4180514204618,136.18881540018938
9630,2026-05-14,2026-05-14 23:00:00,849.993952908465,110.46168452281107
9631,2026-05-15,2026-05-15 23:00:00,800.5181341053006,94.03993759742941
9632,2026-05-16,2026-05-16 23:00:00,685.7307717988684,154.22437794758613
9633,2026-05-17,2026-05-17 23:00:00,695.09681638309,166.48246528483287
9634,2026-05-18,2026-05-18 23:00:00,752.8627864450227,135.60958017320246
9635,2026-05-19,2026-05-19 23:00:00,853.1460444310518,45.61134724562098
9636,2026-05-20,2026-05-20 23:00:00,853.1035096261239,59.44228039980174
9637,2026-05-21,2026-05-21 23:00:00,720.0739319034137,94.59624605499734
9638,2026-05-22,2026-05-22 23:00:00,570.4452239548147,201.28663398805122
9639,2026-05-23,2026-05-23 23:00:00,712.6831545296482,100.15868224542241
9640,2026-05-24,2026-05-24 23:00:00,609.2177732277904,176.9478294563129
9641,2026-05-25,2026-05-25 23:00:00,637.8020572546416,109.73261623071397
9642,2026-05-26,2026-05-26 23:00:00,628.6056622687611,144.36170092380198
9643,2026-05-27,2026-05-27 23:00:00,554.9513071299594,186.81708184337595
9644,2026-05-28,2026-05-28 23:00:00,435.89186544887554,215.00773193016616
9645,2026-05-29,2026-05-29 23:00:00,392.5405167749696,108.33291241574388
9646,2026-05-30,2026-05-30 23:00:00,349.6780070864159,135.41894212837488
9647,2026-05-31,2026-05-31 23:00:00,333.6798879334951,109.29651904036139
9648,2026-06-01,2026-06-01 23:00:00,523.7218007138268,232.12385391262336
9649,2026-06-02,2026-06-02 23:00:00,542.7033346161952,199.1734580249384
9650,2026-06-03,2026-06-03 23:00:00,570.3123170823434,171.12632272866207
9651,2026-06-04,2026-06-04 23:00:00,527.8194469302082,187.61819968962587
9652,2026-06-05,2026-06-05 23:00:00,651.5079223497132,179.06716723617006
9653,2026-06-06,2026-06-06 23:00:00,579.7553629671688,96.68768907633105
9654,2026-06-07,2026-06-07 23:00:00,462.5431388882908,171.335872445269
9655,2026-06-08,2026-06-08 23:00:00,431.1266612614286,176.5046228901946
9656,2026-06-09,2026-06-09 23:00:00,451.11177389891145,340.94887150189174
9657,2026-06-10,2026-06-10 23:00:00,393.8273274046205,329.08341859086494
9658,2026-06-11,2026-06-11 23:00:00,409.5641924890244,361.778929146549
9659,2026-06-12,2026-06-12 23:00:00,426.72158766612534,308.4314540990034
9660,2026-06-13,2026-06-13 23:00:00,565.3005224114582,282.44331312334657
9661,2026-06-14,2026-06-14 23:00:00,406.05511949915626,143.60822946851624
9662,2026-06-15,2026-06-15 23:00:00,364.548263484958,90.09336848409889
9663,2026-06-16,2026-06-16 23:00:00,498.78614826210475,362.6567987320248
9664,2026-06-17,2026-06-17 23:00:00,437.58696032763413,232.339342352419
9665,2026-06-18,2026-06-18 23:00:00,432.3207655955851,197.32260795509976
9666,2026-06-19,2026-06-19 23:00:00,504.9084847016805,209.96152725390144
9667,2026-06-20,2026-06-20 23:00:00,485.62692803778845,137.96821429280538
9668,2026-06-21,2026-06-21 23:00:00,422.48955719723443,130.69164028899507
9669,2026-06-22,2026-06-22 23:00:00,636.6353024868968,256.1557622686996
9670,2026-06-23,2026-06-23 23:00:00,672.4757842553523,9.300534429124285
9671,2026-06-24,2026-06-24 23:00:00,713.5214891451009,181.57085665788688
9672,2026-06-25,2026-06-25 23:00:00,725.4291698080964,160.05848045982583
9673,2026-06-26,2026-06-26 23:00:00,710.3443635777335,114.54429834284201
9674,2026-06-27,2026-06-27 23:00:00,702.4160882183058,9.821765038689087
9675,2026-06-28,2026-06-28 23:00:00,723.9046733898149,37.78856107029087
9676,2026-06-29,2026-06-29 23:00:00,747.8108678177754,35.2270266469888
9677,2026-06-30,2026-06-30 23:00:00,814.6655610654793,54.141976963901165
9678,2026-07-01,2026-07-01 23:00:00,826.5978925977706,41.16338450953181
9679,2026-07-02,2026-07-02 23:00:00,819.6710547301805,49.332081480423774
9680,2026-07-03,2026-07-03 23:00:00,806.7530288283432,55.12612846361171
9681,2026-07-04,2026-07-04 23:00:00,771.7210457992547,42.889545056806206
9682,2026-07-05,2026-07-05 23:00:00,690.1434948429793,164.97206000296836
9683,2026-07-06,2026-07-06 23:00:00,801.869256239654,113.49535897192978
9684,2026-07-07,2026-07-07 23:00:00,726.9209269649708,51.69968378893225
9685,2026-07-08,2026-07-08 23:00:00,738.9155138034702,49.18610225973892
9686,2026-07-09,2026-07-09 23:00:00,727.3291779474943,38.95428263757827
9687,2026-07-10,2026-07-10 23:00:00,731.47455031587,51.25511252525764
9688,2026-07-11,2026-07-11 23:00:00,758.2511041360904,89.515631247914
9689,2026-07-12,2026-07-12 23:00:00,788.1940170320095,115.89267293886599
9690,2026-07-13,2026-07-13 23:00:00,808.5461815747971,201.9613891192163
9691,2026-07-14,2026-07-14 23:00:00,847.5093800105193,204.27025771876424
9692,2026-07-15,2026-07-15 23:00:00,871.7437244657591,212.58451106102288
9693,2026-07-16,2026-07-16 23:00:00,830.4202317059986,194.30843435958678
9694,2026-07-17,2026-07-17 23:00:00,852.3399141104732,193.6196184394924
9695,2026-07-18,2026-07-18 23:00:00,788.9719742575923,135.51708424266275
9696,2026-07-19,2026-07-19 23:00:00,820.5711782166453,136.79426644784115
9697,2026-07-20,2026-07-20 23:00:00,789.7483520138844,100.53379146564743
9698,2026-07-21,2026-07-21 23:00:00,784.2373711658926,146.28373941536384
9699,2026-07-22,2026-07-22 23:00:00,950.205328856647,69.90361056458478
9700,2026-07-23,2026-07-23 23:00:00,964.2378861816842,55.32213539012042
9701,2026-07-24,2026-07-24 23:00:00,852.1092881696741,104.19005722722054
9702,2026-07-25,2026-07-25 23:00:00,679.9278605858158,173.55863144547894
9703,2026-07-26,2026-07-26 23:00:00,562.9546069475648,228.76571453662427
9704,2026-07-27,2026-07-27 23:00:00,627.0061073115663,45.1329524319465
9705,2026-07-28,2026-07-28 23:00:00,702.8895141966082,146.20821856137462
9706,2026-07-29,2026-07-29 23:00:00,719.3350789600996,130.31457829372513
9707,2026-07-30,2026-07-30 23:00:00,974.9447370614738,126.46668260920558
9708,2026-07-31,2026-07-31 23:00:00,976.6571193624326,79.25298765716235
