date,regime,prob_0,prob_1
2000-01-01,1,2.203798606564695e-11,0.9999999999779625
2000-01-02,1,2.250329669607145e-09,0.9999999977496721
2000-01-03,0,1.0,3.786735364231793e-58
2000-01-04,0,1.0,1.8187397130246883e-23
2000-01-05,0,1.0,2.2092362709043157e-115
2000-01-06,0,1.0,8.171305430047699e-124
2000-01-07,0,0.9999999999560227,4.397812814407409e-11
2000-01-08,1,7.892828085587908e-65,1.0
2000-01-09,1,7.892828085587908e-65,1.0
2000-01-10,1,7.892828085587908e-65,1.0
2000-01-11,0,0.9999409854599824,5.901454001762644e-05
2000-01-12,0,1.0,1.7487991287790407e-142
2000-01-13,0,1.0,8.079733116690216e-39
2000-01-14,0,1.0,5.1764817269779185e-105
2000-01-15,1,1.6104483504789098e-08,0.999999983895517
2000-01-16,1,7.892828085587908e-65,1.0
2000-01-17,1,0.004057522445488124,0.995942477554511
2000-01-18,0,1.0,3.561106825450958e-194
2000-01-19,0,1.0,3.054522844904341e-44
2000-01-20,0,1.0,1.0415577428047523e-199
2000-01-21,0,1.0,9.351970858741406e-87
2000-01-22,0,1.0,6.621748450796454e-36
2000-01-23,1,5.18266421842419e-57,1.0
2000-01-24,0,1.0,1.1000255312321056e-36
2000-01-25,0,1.0,3.028119390417101e-71
2000-01-26,0,1.0,6.1057695066576e-70
2000-01-27,0,1.0,7.825256688416492e-27
2000-01-28,0,1.0,1.7944209087058135e-36
2000-01-29,0,1.0,1.3947727902625574e-18
2000-01-30,0,1.0,8.78209385401185e-31
2000-01-31,0,1.0,4.0598539484235475e-55
2000-02-01,0,1.0,1.1305444850213208e-71
2000-02-02,0,1.0,2.9826759392575593e-36
2000-02-03,1,2.0299364495041964e-09,0.9999999979700647
2000-02-04,1,0.0001172108921045637,0.999882789107897
2000-02-05,1,2.3019790523357037e-12,0.9999999999976978
2000-02-06,1,1.797959303378515e-50,1.0
2000-02-07,0,1.0,1.3035222643248571e-50
2000-02-08,0,1.0,8.319396595642589e-61
2000-02-09,0,0.9997739811100234,0.00022601888997593228
2000-02-10,0,1.0,1.8510260764020775e-48
2000-02-11,0,1.0,1.216379817006943e-18
2000-02-12,0,1.0,7.1731298373861875e-121
2000-02-13,0,1.0,4.581226351025812e-50
2000-02-14,0,1.0,8.305975527707218e-106
2000-02-15,0,1.0,7.692371390914899e-32
2000-02-16,0,1.0,3.652374875611759e-55
2000-02-17,0,1.0,9.966298058438732e-62
2000-02-18,0,1.0,5.981664279023413e-96
2000-02-19,0,1.0,0.0
2000-02-20,0,1.0,8.352406750731991e-198
2000-02-21,0,1.0,3.701978419181824e-80
2000-02-22,0,1.0,2.2621974120950334e-86
2000-02-23,0,1.0,2.1416462736017667e-55
2000-02-24,0,1.0,9.05857227754702e-202
2000-02-25,0,1.0,1.056443336685732e-194
2000-02-26,0,1.0,1.2100687746865079e-17
2000-02-27,1,8.273429676460177e-65,1.0
2000-02-28,1,3.4845469648256305e-07,0.9999996515453023
2000-02-29,0,0.9999697839428444,3.021605715570829e-05
2000-03-01,0,0.9999108648631304,8.913513686909656e-05
2000-03-02,0,1.0,4.61043192220783e-43
2000-03-03,1,2.0945260597439274e-57,1.0
2000-03-04,0,1.0,7.731522867972965e-144
2000-03-05,1,8.159048771953897e-65,1.0
2000-03-06,1,4.1123397262977335e-05,0.9999588766027363
2000-03-07,1,0.0021901997278161523,0.9978098002721846
2000-03-08,0,0.9999999940364788,5.963521685831567e-09
2000-03-09,0,1.0,2.6099879524639184e-48
2000-03-10,1,0.008217125115206635,0.9917828748847932
2000-03-11,1,8.159048771953897e-65,1.0
2000-03-12,1,8.159048771953897e-65,1.0
2000-03-13,0,0.9999999950215113,4.978489210887795e-09
2000-03-14,0,1.0,5.573963260234763e-26
2000-03-15,0,1.0,1.0866757669763543e-32
2000-03-16,0,1.0,8.887202426121994e-119
2000-03-17,0,1.0,4.284381414057269e-51
2000-03-18,0,1.0,2.1525484543428236e-39
2000-03-19,1,0.0004956159974846758,0.9995043840025153
2000-03-20,0,1.0,3.070606147458707e-41
2000-03-21,0,1.0,1.0513604588295936e-91
2000-03-22,0,1.0,7.825682746706099e-83
2000-03-23,0,1.0,3.999699000254774e-67
2000-03-24,0,1.0,3.2187018974244844e-155
2000-03-25,0,1.0,0.0
2000-03-26,0,1.0,2.195300687554087e-171
2000-03-27,0,1.0,1.5588304205580493e-85
2000-03-28,0,1.0,4.0248583528490346e-129
2000-03-29,0,1.0,1.1132630473649507e-113
2000-03-30,0,1.0,0.0
2000-03-31,0,1.0,3.203291634230529e-30
2000-04-01,0,1.0,3.886763627003484e-25
2000-04-02,1,9.608544051158316e-65,1.0
2000-04-03,0,1.0,4.814562590787113e-25
2000-04-04,0,1.0,2.0512197373534004e-100
2000-04-05,0,1.0,3.108575466347374e-261
2000-04-06,0,1.0,3.517210093499183e-134
2000-04-07,0,1.0,1.3688874771156675e-88
2000-04-08,0,1.0,8.522243100172318e-152
2000-04-09,0,1.0,4.293227822718454e-73
2000-04-10,0,1.0,2.243205074940344e-37
2000-04-11,0,1.0,2.0832079369213444e-40
2000-04-12,0,1.0,2.226150917192989e-78
2000-04-13,0,1.0,2.335024614318698e-72
2000-04-14,0,1.0,1.6808768443818503e-44
2000-04-15,0,1.0,5.624080813755996e-59
2000-04-16,0,1.0,4.246462153496761e-28
2000-04-17,0,1.0,2.173210810821262e-38
2000-04-18,0,1.0,8.095422990110179e-45
2000-04-19,0,1.0,6.243566526608991e-26
2000-04-20,0,1.0,0.0
2000-04-21,0,1.0,7.01170246579993e-66
2000-04-22,0,1.0,1.3450289383163386e-256
2000-04-23,0,1.0,2.161792217595727e-141
2000-04-24,0,1.0,1.8171045382722646e-153
2000-04-25,0,1.0,4.6601585478178844e-209
2000-04-26,0,1.0,4.887188161718301e-104
2000-04-27,0,1.0,5.7502864670161266e-70
2000-04-28,0,1.0,1.8193040133364953e-134
2000-04-29,0,1.0,0.0
2000-04-30,0,1.0,5.644945078383745e-159
2000-05-01,0,1.0,2.177997781746013e-168
2000-05-02,0,1.0,1.3518529817262355e-88
2000-05-03,0,1.0,5.880477917800659e-222
2000-05-04,0,0.9283874768095646,0.0716125231904345
2000-05-05,0,1.0,1.7737361433644077e-111
2000-05-06,0,1.0,1.5798460325878708e-114
2000-05-07,0,1.0,3.925902344923287e-89
2000-05-08,0,1.0,0.0
2000-05-09,0,0.9991333792264224,0.0008666207735775613
2000-05-10,0,0.9999943712711461,5.628728853699665e-06
2000-05-11,1,2.7619128409714344e-07,0.9999997238087159
2000-05-12,1,0.0203456618394489,0.979654338160552
2000-05-13,0,1.0,1.4622501312032232e-203
2000-05-14,0,1.0,1.7292183806110936e-65
2000-05-15,0,1.0,7.917208639708263e-239
2000-05-16,0,1.0,5.41185368674322e-71
2000-05-17,0,1.0,6.014856745934147e-230
2000-05-18,0,1.0,1.7995868526673313e-121
2000-05-19,0,1.0,1.2753979209752943e-88
2000-05-20,0,1.0,9.921751741137779e-294
2000-05-21,0,1.0,4.440583725347851e-47
2000-05-22,0,1.0,4.404906372410919e-214
2000-05-23,0,1.0,8.371603465063206e-141
2000-05-24,0,1.0,1.5156601011913767e-161
2000-05-25,0,1.0,5.453525160557154e-160
2000-05-26,0,1.0,3.3729502462919345e-231
2000-05-27,0,1.0,7.037135172718644e-150
2000-05-28,0,1.0,9.396465242894079e-148
2000-05-29,0,1.0,1.0693188487742354e-173
2000-05-30,0,1.0,2.9497790758832866e-31
2000-05-31,0,1.0,1.1182109e-316
2000-06-01,0,1.0,2.593778926714101e-194
2000-06-02,0,1.0,4.835368344243018e-94
2000-06-03,0,1.0,8.396718598035103e-113
2000-06-04,0,1.0,8.961443677449158e-83
2000-06-05,0,1.0,3.8518037742270964e-19
2000-06-06,0,1.0,1.2739220642226928e-75
2000-06-07,0,1.0,1.7040536836440626e-89
2000-06-08,0,1.0,1.196659837497495e-110
2000-06-09,0,1.0,2.2425010247343012e-39
2000-06-10,0,1.0,3.462885953503948e-273
2000-06-11,0,1.0,1.2771487448571172e-63
2000-06-12,0,1.0,1.1240483671006267e-83
2000-06-13,0,1.0,1.1226757637057489e-85
2000-06-14,0,0.9999999999975895,2.4108287756280957e-12
2000-06-15,0,1.0,3.3258926898031637e-105
2000-06-16,0,1.0,4.11958594747565e-40
2000-06-17,0,1.0,4.552459025168969e-45
2000-06-18,0,1.0,2.7277406459226096e-92
2000-06-19,0,1.0,1.0512677279836535e-18
2000-06-20,0,1.0,1.3369955563265689e-124
2000-06-21,0,1.0,6.711434175533501e-23
2000-06-22,0,1.0,1.2698224861318447e-28
2000-06-23,0,0.9999999999999929,8.06795252249412e-15
2000-06-24,0,0.9999998655234307,1.3447656963881572e-07
2000-06-25,0,1.0,6.403714554555112e-168
2000-06-26,0,1.0,1.1808098489453663e-72
2000-06-27,0,1.0,3.1294012673833834e-19
2000-06-28,0,1.0,8.232930759384986e-102
2000-06-29,0,1.0,3.4436356330011255e-131
2000-06-30,0,1.0,1.9451456760541125e-27
2000-07-01,0,1.0,4.4531362910142576e-122
2000-07-02,0,1.0,4.556656511705672e-82
2000-07-03,0,1.0,1.1295609316348496e-85
2000-07-04,0,0.9999999914400615,8.559938174780987e-09
2000-07-05,0,1.0,2.6304904258025056e-33
2000-07-06,0,1.0,1.5455169536944635e-59
2000-07-07,0,1.0,3.065041944122371e-104
2000-07-08,0,1.0,0.0
2000-07-09,0,0.9999999400857806,5.991421953489137e-08
2000-07-10,0,1.0,2.696782156582133e-96
2000-07-11,0,1.0,3.850112280836816e-110
2000-07-12,0,1.0,1.3491082222747061e-117
2000-07-13,0,1.0,1.137292297116918e-132
2000-07-14,0,1.0,1.6524798054791423e-34
2000-07-15,0,1.0,2.1470690163e-314
2000-07-16,0,1.0,6.2573377535363e-26
2000-07-17,0,1.0,3.793847105602401e-90
2000-07-18,0,1.0,2.0161794720967015e-36
2000-07-19,0,1.0,8.329541447931159e-74
2000-07-20,0,1.0,3.144570215516458e-31
2000-07-21,0,1.0,3.8833696098073784e-41
2000-07-22,0,1.0,9.38038887763481e-224
2000-07-23,0,1.0,3.813722282203297e-188
2000-07-24,0,1.0,1.7903064230742876e-225
2000-07-25,0,1.0,1.6189734660127093e-262
2000-07-26,0,1.0,1.0099281879503387e-111
2000-07-27,0,1.0,4.190054144787723e-146
2000-07-28,0,1.0,1.1986230400099835e-123
2000-07-29,0,1.0,0.0
2000-07-30,0,1.0,3.600917272066541e-108
2000-07-31,0,1.0,0.0
2000-08-01,0,1.0,1.2105622298292031e-298
2000-08-02,0,1.0,7.334643433473643e-76
2000-08-03,0,1.0,2.33192470200235e-82
2000-08-04,1,2.894797140216181e-05,0.9999710520285976
2000-08-05,0,1.0,2.2672992264420065e-253
2000-08-06,0,1.0,4.85495074545615e-152
2000-08-07,0,1.0,2.3042342741147366e-72
2000-08-08,0,1.0,2.554810464670494e-151
2000-08-09,0,0.9998037219012296,0.0001962780987708741
2000-08-10,0,1.0,2.5705532173297658e-79
2000-08-11,0,1.0,1.2235518524388207e-258
2000-08-12,0,1.0,1.2501409154024558e-19
2000-08-13,0,1.0,0.0
2000-08-14,0,1.0,1.549947833553162e-159
2000-08-15,1,0.32165890331059077,0.6783410966894089
2000-08-16,0,1.0,7.129212610303259e-135
2000-08-17,0,1.0,9.175371555507464e-74
2000-08-18,0,1.0,4.009354033525625e-148
2000-08-19,0,1.0,5.073094752371244e-75
2000-08-20,0,1.0,3.770684322580942e-235
2000-08-21,0,1.0,7.990367703390831e-116
2000-08-22,0,1.0,2.843834572344433e-55
2000-08-23,0,1.0,7.539225702379313e-30
2000-08-24,0,1.0,6.022270310235035e-130
2000-08-25,0,1.0,1.3558646930124495e-282
2000-08-26,0,1.0,2.490568948060127e-148
2000-08-27,0,1.0,2.970561314430137e-111
2000-08-28,0,1.0,3.540077e-317
2000-08-29,0,1.0,5.778624051084177e-193
2000-08-30,0,1.0,0.0
2000-08-31,0,1.0,0.0
2000-09-01,0,1.0,1.2584358891094865e-70
2000-09-02,0,1.0,2.2178112555317352e-92
2000-09-03,0,1.0,0.0
2000-09-04,0,1.0,0.0
2000-09-05,0,1.0,2.048609704032949e-96
2000-09-06,0,1.0,1.38727418883011e-105
2000-09-07,0,1.0,0.0
2000-09-08,0,1.0,0.0
2000-09-09,0,1.0,0.0
2000-09-10,0,1.0,1.920452513279181e-121
2000-09-11,0,1.0,0.0
2000-09-12,0,1.0,5.76752971023926e-135
2000-09-13,0,1.0,4.008663593896984e-82
2000-09-14,0,1.0,0.0
2000-09-15,0,1.0,5.861744689509142e-78
2000-09-16,0,1.0,3.5390028277893417e-125
2000-09-17,0,1.0,1.8599642570033477e-206
2000-09-18,0,1.0,8.976576595442878e-86
2000-09-19,0,1.0,9.390580568948309e-189
2000-09-20,0,1.0,0.0
2000-09-21,0,1.0,7.303220627414808e-197
2000-09-22,0,1.0,1.3736894354868391e-231
2000-09-23,0,1.0,0.0
2000-09-24,0,1.0,4.651738963452117e-207
2000-09-25,0,1.0,0.0
2000-09-26,0,1.0,7.915059337215181e-230
2000-09-27,0,1.0,2.443946114157504e-208
2000-09-28,0,1.0,1.5072345896023573e-161
2000-09-29,0,1.0,0.0
2000-09-30,0,1.0,0.0
2000-10-01,0,1.0,0.0
2000-10-02,0,1.0,0.0
2000-10-03,0,1.0,3.5700217131956156e-222
2000-10-04,0,1.0,2.1520128027944574e-285
2000-10-05,0,1.0,1.6422844629088064e-276
2000-10-06,0,1.0,5.073232434657537e-221
2000-10-07,0,1.0,1.3866215039386022e-59
2000-10-08,1,1.4685367830716689e-64,1.0
2000-10-09,0,1.0,2.402892510260934e-176
2000-10-10,0,1.0,9.199511844520556e-112
2000-10-11,0,1.0,1.2056330425755728e-59
2000-10-12,0,1.0,4.556188150801116e-179
2000-10-13,0,1.0,5.6819173930718826e-24
2000-10-14,0,1.0,2.073215383332237e-22
2000-10-15,0,1.0,1.0280316995205246e-31
2000-10-16,0,1.0,1.3982621239932316e-147
2000-10-17,0,1.0,1.0573103390120288e-44
2000-10-18,0,1.0,1.504298862874886e-29
2000-10-19,0,1.0,0.0
2000-10-20,0,1.0,0.0
2000-10-21,0,1.0,0.0
2000-10-22,0,1.0,9.68832386054884e-103
2000-10-23,0,1.0,1.3772306448426743e-87
2000-10-24,0,1.0,7.376046655930347e-55
2000-10-25,0,1.0,3.7720664523656296e-122
2000-10-26,0,1.0,1.3100763475941986e-151
2000-10-27,0,1.0,3.710917576826046e-111
2000-10-28,0,1.0,1.2336881998622255e-183
2000-10-29,0,1.0,9.13341011805842e-29
2000-10-30,0,1.0,1.335004655537917e-179
2000-10-31,0,1.0,2.4492914582948023e-82
2000-11-01,0,1.0,2.3093477451038587e-72
2000-11-02,0,1.0,5.19796090523484e-25
2000-11-03,0,1.0,2.3582786902259772e-130
2000-11-04,0,1.0,4.557446586500797e-174
2000-11-05,0,1.0,1.0867836490613358e-250
2000-11-06,0,1.0,3.5575851069031152e-96
2000-11-07,0,1.0,5.040526896562814e-90
2000-11-08,0,1.0,2.491662114029976e-56
2000-11-09,0,1.0,1.0966881420333791e-247
2000-11-10,0,1.0,1.145792680486731e-154
2000-11-11,0,1.0,1.0117012446811965e-125
2000-11-12,0,1.0,2.0478732911167003e-291
2000-11-13,0,1.0,8.218045387014465e-94
2000-11-14,0,1.0,1.0141063502862048e-126
2000-11-15,0,1.0,1.0137136300126124e-223
2000-11-16,0,1.0,3.323775338150357e-199
2000-11-17,0,1.0,1.73830267455643e-67
2000-11-18,0,1.0,3.760641626601615e-117
2000-11-19,0,0.9951035499768126,0.004896450023187397
2000-11-20,0,1.0,2.1002255096413766e-303
2000-11-21,0,1.0,8.948822844751848e-118
2000-11-22,0,1.0,7.85337275963186e-310
2000-11-23,0,1.0,1.6908290261144288e-34
2000-11-24,0,1.0,7.580024809840429e-277
2000-11-25,0,1.0,2.347090303398234e-104
2000-11-26,0,1.0,0.0
2000-11-27,0,1.0,2.3286004470405576e-205
2000-11-28,0,1.0,3.0643641306773463e-219
2000-11-29,0,1.0,4.487536888662637e-205
2000-11-30,0,1.0,1.155442727727697e-78
2000-12-01,0,1.0,9.368620870277706e-52
2000-12-02,0,1.0,7.897023905806141e-189
2000-12-03,0,1.0,5.790789921042032e-111
2000-12-04,0,1.0,4.5164086326990653e-119
2000-12-05,0,1.0,4.168512430282256e-182
2000-12-06,0,1.0,2.0004194274124892e-20
2000-12-07,0,1.0,6.145327883197625e-71
2000-12-08,0,1.0,2.1090400589e-312
2000-12-09,0,1.0,4.3414734301306783e-100
2000-12-10,0,1.0,2.2334708422057468e-126
2000-12-11,0,1.0,1.2213367594881736e-49
2000-12-12,0,1.0,3.0993118191660583e-22
2000-12-13,0,1.0,4.964249231597362e-91
2000-12-14,0,0.999999997955209,2.0447903441253675e-09
2000-12-15,0,0.9999999999795488,2.0451944265374496e-11
2000-12-16,0,0.9999999999076508,9.234993089846066e-11
2000-12-17,0,1.0,7.635992935280192e-16
2000-12-18,0,1.0,8.410401684880837e-24
2000-12-19,0,0.9999999879333181,1.2066681867252594e-08
2000-12-20,0,0.9999999228053061,7.719469408544854e-08
2000-12-21,0,1.0,8.519987776153039e-21
2000-12-22,0,0.9999999999816467,1.835312928515799e-11
2000-12-23,1,8.023322512192719e-06,0.9999919766774882
2000-12-24,0,1.0,4.1229652460281656e-41
2000-12-25,0,1.0,1.6214044091662417e-17
2000-12-26,0,0.8000946314141723,0.1999053685858283
2000-12-27,0,0.999999994800234,5.199766105896447e-09
2000-12-28,0,1.0,3.3324032773122094e-25
2000-12-29,0,1.0,5.721236243395542e-17
2000-12-30,0,1.0,2.091852102357932e-23
2000-12-31,0,0.9999879408761905,1.2059123808923135e-05
2001-01-01,0,0.9807209915371059,0.019279008462894105
2001-01-02,0,0.9999999986940615,1.305938162095699e-09
2001-01-03,1,0.13708114669578056,0.8629188533042187
2001-01-04,0,1.0,2.6718209581843577e-41
2001-01-05,1,1.3064062894969177e-08,0.9999999869359364
2001-01-06,1,0.03698020176323692,0.9630197982367636
2001-01-07,0,0.9983554560146809,0.0016445439853197653
2001-01-08,1,0.004107686848835339,0.995892313151165
2001-01-09,0,1.0,3.151880672884795e-17
2001-01-10,1,0.0328603309287171,0.9671396690712835
2001-01-11,0,0.9999999999460716,5.392860084832445e-11
2001-01-12,0,0.9999917294757993,8.270524201163607e-06
2001-01-13,0,1.0,1.5953447377227055e-61
2001-01-14,0,1.0,1.1115194994266721e-27
2001-01-15,0,1.0,4.569619518548152e-98
2001-01-16,0,1.0,4.83343908913593e-27
2001-01-17,0,0.9976702520348087,0.0023297479651909142
2001-01-18,0,0.9999999973089526,2.6910468950905002e-09
2001-01-19,1,2.851359858320058e-17,1.0
2001-01-20,0,1.0,1.7085356567317082e-33
2001-01-21,0,0.9999999986898391,1.3101613455645638e-09
2001-01-22,0,1.0,2.1076695259084988e-141
2001-01-23,0,1.0,2.5501744804459677e-51
2001-01-24,0,1.0,2.107737528071738e-178
2001-01-25,0,1.0,1.2942534099760019e-39
2001-01-26,0,1.0,1.610775471674401e-39
2001-01-27,0,1.0,1.0676272144130084e-303
2001-01-28,0,1.0,2.042444563940602e-36
2001-01-29,0,1.0,7.091944548317945e-131
2001-01-30,1,8.638284170043541e-08,0.9999999136171598
2001-01-31,1,3.0353711764579423e-19,1.0
2001-02-01,0,1.0,3.1644818572285043e-70
2001-02-02,1,1.0977636183281176e-09,0.9999999989022363
2001-02-03,0,1.0,1.7527352973435217e-63
2001-02-04,0,1.0,2.642312896873226e-59
2001-02-05,0,1.0,5.7233496993646496e-93
2001-02-06,0,1.0,3.3988904188666807e-48
2001-02-07,0,1.0,5.993324755817226e-97
2001-02-08,0,1.0,5.0614505975710354e-130
2001-02-09,0,1.0,1.356251989628318e-81
2001-02-10,0,1.0,2.0828655663077836e-97
2001-02-11,0,1.0,1.5914164795497586e-92
2001-02-12,0,1.0,7.79888236951577e-77
2001-02-13,0,1.0,3.555651125416691e-101
2001-02-14,1,6.405139954635722e-07,0.9999993594860035
2001-02-15,0,1.0,1.1319833911494803e-111
2001-02-16,0,0.9999999999999822,1.8074300644812226e-14
2001-02-17,0,1.0,2.4702257388626754e-58
2001-02-18,0,1.0,0.0
2001-02-19,0,1.0,4.177667742950072e-24
2001-02-20,0,1.0,2.1000994450075663e-17
2001-02-21,0,1.0,1.5956577216946964e-49
2001-02-22,0,1.0,1.4164903630653396e-164
2001-02-23,0,1.0,2.4282794728474233e-185
2001-02-24,0,1.0,7.472020075710761e-115
2001-02-25,0,1.0,3.1070317730856835e-178
2001-02-26,0,1.0,8.442297180693766e-113
2001-02-27,0,1.0,4.558962490468834e-117
2001-02-28,0,1.0,0.0
2001-03-01,0,1.0,2.340611323011702e-40
2001-03-02,0,1.0,1.7507347662373706e-69
2001-03-03,0,1.0,3.5423547338111375e-56
2001-03-04,0,1.0,4.7199680205112635e-31
2001-03-05,0,1.0,5.065284308783802e-143
2001-03-06,0,1.0,2.7046947606322554e-31
2001-03-07,0,1.0,1.7877128831516492e-115
2001-03-08,0,1.0,1.805985112893832e-54
2001-03-09,0,1.0,1.677652667078693e-116
2001-03-10,0,1.0,5.354526505598539e-68
2001-03-11,0,1.0,1.0033201955202973e-27
2001-03-12,0,1.0,2.0680902711832095e-131
2001-03-13,0,1.0,5.942474347518109e-106
2001-03-14,0,1.0,1.009886751782318e-145
2001-03-15,0,1.0,1.613280194614904e-130
2001-03-16,0,1.0,5.995665428496006e-95
2001-03-17,0,1.0,1.0313754682233746e-26
2001-03-18,1,9.286402523249563e-05,0.999907135974769
2001-03-19,0,1.0,1.9957214480653822e-28
2001-03-20,0,0.9999999999995595,4.412709531701508e-13
2001-03-21,0,0.9999999999996358,3.6447044958158284e-13
2001-03-22,1,1.5319180225175675e-09,0.9999999984680805
2001-03-23,0,1.0,4.3469609749331475e-16
2001-03-24,0,1.0,1.976400392886726e-53
2001-03-25,0,0.9999964531987312,3.546801268121501e-06
2001-03-26,0,0.9999999997519033,2.4809588075578666e-10
2001-03-27,1,0.00010060958086454436,0.9998993904191341
2001-03-28,0,0.9999972234426302,2.776557370027818e-06
2001-03-29,0,0.9989309978881672,0.0010690021118335874
2001-03-30,1,2.9459566878339392e-08,0.9999999705404332
2001-03-31,1,1.7204894821734085e-08,0.9999999827951066
2001-04-01,1,2.0085878594701976e-21,1.0
2001-04-02,1,4.914864402449866e-06,0.9999950851355971
2001-04-03,1,1.706790589320955e-08,0.9999999829320957
2001-04-04,1,7.191422056753121e-07,0.9999992808577957
2001-04-05,1,0.021959141186733745,0.9780408588132663
2001-04-06,1,8.225205655462497e-07,0.9999991774794353
2001-04-07,1,3.649994117891362e-09,0.9999999963500059
2001-04-08,1,2.6204229067874673e-05,0.9999737957709333
2001-04-09,0,0.9999863088652873,1.3691134713519607e-05
2001-04-10,0,1.0,2.3255170279006642e-36
2001-04-11,0,1.0,9.823722410568361e-32
2001-04-12,1,7.845907470427436e-05,0.9999215409252957
2001-04-13,1,0.029686486232972858,0.9703135137670271
2001-04-14,1,6.546199794133499e-08,0.9999999345380018
2001-04-15,1,1.4364285304463583e-14,0.9999999999999858
2001-04-16,1,1.1370220183199466e-08,0.9999999886297815
2001-04-17,1,6.555516830783726e-09,0.999999993444483
2001-04-18,1,7.367573296568982e-10,0.9999999992632418
2001-04-19,1,2.7311655507881336e-09,0.9999999972688336
2001-04-20,1,6.432766184467355e-09,0.9999999935672328
2001-04-21,1,1.8103805773883776e-10,0.9999999998189608
2001-04-22,1,9.168312097180636e-11,0.9999999999083187
2001-04-23,1,2.9307287456269863e-09,0.9999999970692706
2001-04-24,1,2.1576367473607953e-08,0.9999999784236311
2001-04-25,0,0.9998971401487652,0.00010285985123428546
2001-04-26,0,0.9999997835611051,2.1643889514475477e-07
2001-04-27,1,7.603137857300307e-10,0.9999999992396873
2001-04-28,1,0.0010055268572310007,0.9989944731427678
2001-04-29,1,0.03962716888471679,0.9603728311152837
2001-04-30,0,0.9999999996715001,3.2849994105625003e-10
2001-05-01,0,0.9999999999999991,8.91989586247259e-16
2001-05-02,0,0.9999999999999982,1.813065182880052e-15
2001-05-03,0,1.0,6.891798723974749e-27
2001-05-04,0,1.0,1.1936714682226847e-16
2001-05-05,1,0.00024156255259455065,0.9997584374474059
2001-05-06,1,0.0008461925511418631,0.9991538074488586
2001-05-07,0,1.0,2.4279842492019602e-67
2001-05-08,1,6.506506109661973e-12,0.999999999993495
2001-05-09,1,4.697845164710647e-09,0.9999999953021543
2001-05-10,1,1.8046383895316121e-07,0.9999998195361627
2001-05-11,1,0.00011390587367698188,0.9998860941263245
2001-05-12,0,0.994297731404962,0.005702268595037433
2001-05-13,0,0.998980372116879,0.0010196278831216122
2001-05-14,1,8.536553425610073e-06,0.9999914634465732
2001-05-15,1,1.5360454267854126e-05,0.9999846395457312
2001-05-16,1,5.847139007300131e-11,0.9999999999415294
2001-05-17,0,1.0,2.580836109437948e-41
2001-05-18,1,0.19444024625818002,0.8055597537418198
2001-05-19,0,1.0,4.107208089473066e-95
2001-05-20,1,1.548356482464205e-08,0.9999999845164355
2001-05-21,0,1.0,1.5789181322050073e-18
2001-05-22,0,1.0,3.948399786064942e-47
2001-05-23,0,1.0,7.349530091165904e-75
2001-05-24,0,1.0,4.130906181189424e-48
2001-05-25,0,0.9999999999999822,1.765514515543474e-14
2001-05-26,1,2.1493059664058521e-13,0.9999999999997868
2001-05-27,1,6.026326565156599e-16,1.0
2001-05-28,0,0.9992612387893491,0.0007387612106514817
2001-05-29,0,1.0,1.140389685036855e-17
2001-05-30,0,1.0,3.8301384315384103e-17
2001-05-31,0,1.0,2.6295415921096684e-32
2001-06-01,0,1.0,1.6764423779694485e-59
2001-06-02,1,3.5396328556441255e-07,0.9999996460367151
2001-06-03,1,8.537200508197991e-10,0.9999999991462794
2001-06-04,1,2.449716302994998e-07,0.999999755028371
2001-06-05,0,0.8347311035515064,0.16526889644849455
2001-06-06,0,0.9999999999999982,1.7398314832685472e-15
2001-06-07,0,0.837334130644766,0.1626658693552332
2001-06-08,1,1.3675392797686726e-09,0.999999998632461
2001-06-09,1,7.825266844894785e-05,0.9999217473315525
2001-06-10,1,1.6475603603108376e-11,0.9999999999835261
2001-06-11,1,1.7332176822698952e-05,0.9999826678231779
2001-06-12,0,0.8536909329714654,0.14630906702853427
2001-06-13,1,1.1663901494766354e-09,0.9999999988336086
2001-06-14,0,0.9999996663619412,3.3363805819154185e-07
2001-06-15,1,4.0035747103545487e-10,0.9999999995996411
2001-06-16,1,2.0598852678778667e-26,1.0
2001-06-17,1,1.305988772807677e-54,1.0
2001-06-18,1,6.770664170526747e-18,1.0
2001-06-19,1,1.5883347727635168e-12,0.9999999999984119
2001-06-20,0,0.9991456108578473,0.0008543891421517762
2001-06-21,0,0.999999999448054,5.519464996596784e-10
2001-06-22,1,4.552970903580222e-11,0.999999999954472
2001-06-23,1,2.8405312447929733e-10,0.9999999997159463
2001-06-24,1,3.232358207684668e-10,0.9999999996767635
2001-06-25,1,1.0106523518807244e-14,0.9999999999999893
2001-06-26,1,1.713192520869108e-26,1.0
2001-06-27,1,1.082848724064115e-28,1.0
2001-06-28,1,7.251696934061376e-11,0.999999999927482
2001-06-29,0,0.9999940626743459,5.937325654632834e-06
2001-06-30,1,4.751165721321539e-10,0.9999999995248849
2001-07-01,1,5.20619909664623e-12,0.9999999999947953
2001-07-02,1,8.696501644474314e-12,0.999999999991303
2001-07-03,1,8.722788731401631e-10,0.99999999912772
2001-07-04,0,0.9999999944218381,5.5781622016212574e-09
2001-07-05,0,1.0,9.640687963418557e-59
2001-07-06,1,1.7254475152885883e-12,0.9999999999982734
2001-07-07,1,9.88771225552119e-09,0.9999999901122862
2001-07-08,1,1.465626480841304e-11,0.9999999999853451
2001-07-09,1,1.0875074428217457e-10,0.9999999998912479
2001-07-10,1,1.6557767927005858e-18,1.0
2001-07-11,1,2.0925577283209226e-07,0.999999790744227
2001-07-12,1,3.621652460066689e-09,0.9999999963783459
2001-07-13,1,5.539218447976329e-13,0.9999999999994458
2001-07-14,1,5.723153624515369e-44,1.0
2001-07-15,1,1.0606155692144985e-22,1.0
2001-07-16,1,1.4335680633087556e-09,0.9999999985664303
2001-07-17,1,5.43963879413699e-18,1.0
2001-07-18,1,5.2533613640725005e-09,0.9999999947466378
2001-07-19,0,1.0,4.95822008023272e-19
2001-07-20,1,3.363441667476355e-07,0.9999996636558347
2001-07-21,1,0.1543274661424063,0.8456725338575929
2001-07-22,1,0.03289340538320226,0.9671065946167983
2001-07-23,0,1.0,1.7245255014523074e-18
2001-07-24,0,1.0,5.9921740676676424e-80
2001-07-25,0,1.0,6.245490127953822e-43
2001-07-26,0,0.9998905846711154,0.00010941532888407809
2001-07-27,0,0.9972641188004793,0.0027358811995210203
2001-07-28,0,1.0,2.494408339432515e-24
2001-07-29,1,1.5174082640573643e-18,1.0
2001-07-30,1,4.998608129362467e-07,0.9999995001391865
2001-07-31,1,2.1785881357270227e-07,0.999999782141187
2001-08-01,0,1.0,3.366114383569558e-18
2001-08-02,1,0.05524996316463101,0.9447500368353688
2001-08-03,0,1.0,8.02944030339756e-38
2001-08-04,1,0.0011027046520451916,0.9988972953479558
2001-08-05,1,0.07443655547671961,0.9255634445232795
2001-08-06,1,0.19104811506506447,0.8089518849349362
2001-08-07,1,2.0611346779323222e-22,1.0
2001-08-08,0,0.9999863357769455,1.3664223055280713e-05
2001-08-09,0,1.0,2.185231635231216e-26
2001-08-10,1,1.1406368147959615e-07,0.9999998859363183
2001-08-11,1,6.088838824619189e-07,0.9999993911161169
2001-08-12,1,5.5369250961820845e-09,0.9999999944630744
2001-08-13,0,0.9999808676705924,1.9132329408240816e-05
2001-08-14,0,1.0,8.322677415992783e-41
2001-08-15,0,1.0,6.740108664863012e-26
2001-08-16,1,0.00024889642373206015,0.9997511035762695
2001-08-17,0,0.9999565183601166,4.348163988289061e-05
2001-08-18,0,1.0,7.08402279322912e-16
2001-08-19,0,0.9999999999651479,3.4852726282389875e-11
2001-08-20,0,1.0,3.489366350807622e-20
2001-08-21,0,1.0,6.418728065914595e-62
2001-08-22,0,1.0,1.3107580585437626e-47
2001-08-23,0,1.0,6.446185305315455e-19
2001-08-24,0,1.0,4.845320066716883e-19
2001-08-25,1,2.9700443053048985e-07,0.999999702995568
2001-08-26,1,3.770004593358479e-21,1.0
2001-08-27,0,0.99996678561858,3.321438142037963e-05
2001-08-28,0,0.632213171204759,0.36778682879524166
2001-08-29,1,0.00028808487734814143,0.9997119151226512
2001-08-30,0,0.9999999145761064,8.54238928730477e-08
2001-08-31,0,0.999999999999245,7.559171526820269e-13
2001-09-01,1,1.6445510026052013e-10,0.9999999998355449
2001-09-02,1,2.3144791124975195e-29,1.0
2001-09-03,1,2.533087065758534e-07,0.9999997466912945
2001-09-04,1,4.179086427801225e-07,0.9999995820913575
2001-09-05,0,0.9987600477535791,0.0012399522464211115
2001-09-06,0,1.0,1.0525482028481238e-44
2001-09-07,0,0.9999999827247149,1.7275284168880885e-08
2001-09-08,0,1.0,2.7139140802824654e-41
2001-09-09,1,0.08627001025017475,0.9137299897498257
2001-09-10,0,1.0,7.972552737541039e-84
2001-09-11,0,1.0,2.2951167315936753e-107
2001-09-12,0,1.0,2.4731465590238726e-19
2001-09-13,0,0.9999999999998117,1.8835267509742912e-13
2001-09-14,1,3.47973638166393e-05,0.9999652026361825
2001-09-15,1,1.145166955317339e-07,0.9999998854833047
2001-09-16,1,3.599150940121935e-09,0.9999999964008488
2001-09-17,0,1.0,3.606258124467182e-21
2001-09-18,0,1.0,1.267492987160954e-26
2001-09-19,0,1.0,1.9532351274609366e-21
2001-09-20,1,3.7398243146009814e-06,0.9999962601756863
2001-09-21,1,1.8718356443046562e-09,0.999999998128164
2001-09-22,0,1.0,1.2094031304160032e-26
2001-09-23,1,2.8136145139547485e-08,0.9999999718638546
2001-09-24,0,0.9999999987414689,1.2585309289386053e-09
2001-09-25,0,0.9999998768474971,1.2315250244262047e-07
2001-09-26,0,1.0,1.7647238037565437e-19
2001-09-27,1,3.1845955798633576e-05,0.9999681540442007
2001-09-28,1,6.002419211262955e-09,0.9999999939975801
2001-09-29,1,1.2768304660049136e-10,0.9999999998723155
2001-09-30,1,3.1963608554126313e-09,0.9999999968036377
2001-10-01,1,2.8197130241885376e-07,0.9999997180286975
2001-10-02,0,0.8527713281223571,0.14722867187764258
2001-10-03,0,0.8167185248811025,0.18328147511889772
2001-10-04,0,1.0,1.4173439162649385e-18
2001-10-05,0,0.9999927005717231,7.299428276167147e-06
2001-10-06,1,1.186873410665195e-07,0.9999998813126573
2001-10-07,1,0.00017071153682471889,0.9998292884631754
2001-10-08,0,0.9999999997396767,2.6032326891771665e-10
2001-10-09,0,0.9999999820663633,1.7933635907097258e-08
2001-10-10,1,0.005502909091976777,0.9944970909080219
2001-10-11,1,0.00018979745231538416,0.9998102025476832
2001-10-12,0,0.9999361908076699,6.38091923307594e-05
2001-10-13,1,0.011504281027731217,0.9884957189722692
2001-10-14,0,0.9998585124527697,0.00014148754723016026
2001-10-15,0,0.9860227384128348,0.013977261587165724
2001-10-16,0,0.9999999999998703,1.2986588326112846e-13
2001-10-17,0,0.9999981737354485,1.8262645516205351e-06
2001-10-18,0,0.7101185969332412,0.2898814030667584
2001-10-19,0,0.9999861563936976,1.3843606302618221e-05
2001-10-20,0,1.0,2.9406530212087163e-54
2001-10-21,0,1.0,1.0390393730657976e-20
2001-10-22,0,1.0,7.581105718724395e-36
2001-10-23,1,2.2902906697774467e-07,0.9999997709709318
2001-10-24,0,1.0,7.098940372951512e-17
2001-10-25,0,1.0,1.7726966461663483e-38
2001-10-26,0,1.0,4.1583823939992404e-52
2001-10-27,0,1.0,6.790686731542167e-54
2001-10-28,0,1.0,4.243401998034309e-38
2001-10-29,0,1.0,4.1612100165595706e-278
2001-10-30,0,1.0,1.1925460564406259e-54
2001-10-31,0,1.0,8.578001165544236e-47
2001-11-01,0,1.0,2.2678155587688953e-33
2001-11-02,0,0.9999949110126878,5.088987312950725e-06
2001-11-03,0,1.0,1.0626575313076681e-108
2001-11-04,0,1.0,8.813699274685944e-201
2001-11-05,0,1.0,1.0219586432681318e-62
2001-11-06,0,1.0,1.2864361452330043e-20
2001-11-07,0,1.0,1.0552312300630466e-54
2001-11-08,0,1.0,8.315533962413353e-144
2001-11-09,0,0.9999999993866773,6.133232881871282e-10
2001-11-10,0,1.0,2.6231678547520264e-34
2001-11-11,0,1.0,2.2473440580017094e-75
2001-11-12,0,1.0,6.520663283327079e-29
2001-11-13,0,1.0,3.414686911353552e-30
2001-11-14,0,1.0,1.6915291519330812e-20
2001-11-15,0,0.9999997756962408,2.2430375873985317e-07
2001-11-16,0,1.0,1.1988197262044484e-25
2001-11-17,0,1.0,6.005136451477065e-73
2001-11-18,0,1.0,9.688254637792238e-21
2001-11-19,0,1.0,1.2462151808753546e-26
2001-11-20,1,1.1209067995701575e-07,0.9999998879093212
2001-11-21,0,0.9999999835248944,1.6475104865683872e-08
2001-11-22,0,1.0,2.212664866909321e-20
2001-11-23,0,0.9999999999777209,2.227854190947039e-11
2001-11-24,0,0.9999999999998526,1.4765557199016548e-13
2001-11-25,0,0.9999999999157616,8.42386979094265e-11
2001-11-26,0,1.0,3.60329276034834e-86
2001-11-27,0,0.9999997155388551,2.8446114447901594e-07
2001-11-28,1,1.3387337193775668e-07,0.9999998661266273
2001-11-29,1,3.508045222793809e-06,0.9999964919547785
2001-11-30,1,1.5199547707090897e-06,0.9999984800452287
2001-12-01,1,1.5378040873300794e-11,0.9999999999846203
2001-12-02,1,1.8401559151831266e-10,0.9999999998159836
2001-12-03,1,2.5060986967280123e-10,0.9999999997493916
2001-12-04,0,0.9999999997448388,2.551611198105403e-10
2001-12-05,1,1.63814311711052e-10,0.9999999998361844
2001-12-06,0,1.0,7.266551007715996e-17
2001-12-07,0,0.9999999999860982,1.3902570522835729e-11
2001-12-08,1,3.2774510989248294e-11,0.9999999999672262
2001-12-09,1,2.6907488014073885e-07,0.9999997309251192
2001-12-10,0,1.0,1.720057445719204e-21
2001-12-11,0,0.9999875174696591,1.2482530341271524e-05
2001-12-12,0,0.9992050688463099,0.0007949311536905515
2001-12-13,1,0.10887552052273451,0.8911244794772659
2001-12-14,1,3.45356058005235e-06,0.9999965464394215
2001-12-15,0,0.999999652474413,3.4752558723272275e-07
2001-12-16,0,0.8402911732222414,0.15970882677775886
2001-12-17,1,4.688730777877833e-08,0.9999999531126929
2001-12-18,1,1.3475039510936638e-09,0.9999999986524948
2001-12-19,1,2.1360780410632504e-11,0.9999999999786411
2001-12-20,1,4.0963788103970405e-10,0.9999999995903615
2001-12-21,1,0.00048003407728431925,0.9995199659227166
2001-12-22,1,2.1024054836675823e-06,0.999997897594515
2001-12-23,1,1.8961794177709093e-05,0.9999810382058234
2001-12-24,1,3.55234780315495e-07,0.9999996447652206
2001-12-25,1,1.0986373346841414e-31,1.0
2001-12-26,1,2.8727254595873864e-11,0.9999999999712728
2001-12-27,1,4.263993080576904e-11,0.9999999999573603
2001-12-28,1,3.955802168194929e-12,0.9999999999960458
2001-12-29,1,1.605086457666373e-10,0.999999999839492
2001-12-30,1,1.4258892601243632e-05,0.9999857411073999
2001-12-31,1,2.3687007884844726e-10,0.9999999997631299
2002-01-01,1,1.4424867833235826e-17,1.0
2002-01-02,1,1.4980024718603195e-09,0.9999999985019983
2002-01-03,1,3.927165529117875e-08,0.9999999607283464
2002-01-04,1,4.552551463789795e-10,0.9999999995447446
2002-01-05,1,4.720646519784392e-14,0.9999999999999538
2002-01-06,1,6.67619510730963e-42,1.0
2002-01-07,1,1.0227440460882946e-34,1.0
2002-01-08,1,5.739323250288126e-09,0.9999999942606763
2002-01-09,1,1.0844324863618209e-09,0.9999999989155661
2002-01-10,1,2.5832084671585782e-36,1.0
2002-01-11,1,3.006729357121754e-35,1.0
2002-01-12,1,5.8958899006128994e-33,1.0
2002-01-13,1,8.546800606354127e-17,1.0
2002-01-14,1,6.893292915032102e-37,1.0
2002-01-15,1,4.757103043480421e-12,0.9999999999952429
2002-01-16,1,6.844433378868853e-23,1.0
2002-01-17,1,5.13678135132756e-10,0.9999999994863202
2002-01-18,1,5.97038069222516e-18,1.0
2002-01-19,1,4.0522640244931344e-33,1.0
2002-01-20,1,2.874326627028225e-14,0.9999999999999716
2002-01-21,1,9.687705351357176e-11,0.9999999999031246
2002-01-22,1,0.0012099027996108768,0.9987900972003901
2002-01-23,1,0.0011049679551788428,0.99889503204482
2002-01-24,0,0.9998560053591081,0.00014399464089113432
2002-01-25,1,0.16572750515811002,0.8342724948418907
2002-01-26,0,0.7846512063274936,0.21534879367250664
2002-01-27,0,0.999999998953248,1.0467521475362167e-09
2002-01-28,0,1.0,1.8123276918961102e-34
2002-01-29,0,1.0,1.6049944853135111e-27
2002-01-30,0,1.0,1.3211965621783308e-39
2002-01-31,0,0.9999999999995843,4.15559752732661e-13
2002-02-01,0,0.9948660519042553,0.005133948095744219
2002-02-02,1,3.611600376811665e-06,0.9999963883996221
2002-02-03,1,7.64550804601637e-05,0.9999235449195394
2002-02-04,1,2.9446650381447458e-05,0.9999705533496183
2002-02-05,1,5.670373866430762e-09,0.9999999943296274
2002-02-06,1,7.417661106044739e-31,1.0
2002-02-07,1,1.7211096332439513e-12,0.9999999999982805
2002-02-08,1,3.669292958306815e-13,0.9999999999996341
2002-02-09,1,9.192461208374905e-12,0.9999999999908091
2002-02-10,1,9.27899032870859e-10,0.9999999990721022
2002-02-11,1,2.435645962806611e-08,0.9999999756435404
2002-02-12,1,1.6637576417414325e-07,0.9999998336242367
2002-02-13,1,2.382548284203656e-06,0.9999976174517148
2002-02-14,1,2.733141185957642e-09,0.9999999972668583
2002-02-15,1,5.3376458479029325e-09,0.9999999946623532
2002-02-16,1,6.527474456152166e-24,1.0
2002-02-17,1,2.0825518615878796e-10,0.9999999997917435
2002-02-18,0,1.0,4.434695665322063e-30
2002-02-19,1,1.616473745751839e-07,0.9999998383526243
2002-02-20,1,1.2794085948961854e-05,0.9999872059140504
2002-02-21,0,0.9999999999559428,4.4057434510003706e-11
2002-02-22,0,1.0,1.9397883078589678e-26
2002-02-23,0,1.0,1.2635637296585312e-92
2002-02-24,0,1.0,1.4772220087861705e-123
2002-02-25,0,1.0,4.2406758210522894e-29
2002-02-26,0,1.0,3.148344093826138e-30
2002-02-27,0,1.0,4.361176689450904e-31
2002-02-28,0,1.0,1.1283062619072976e-54
2002-03-01,0,0.8856199584574675,0.1143800415425327
2002-03-02,0,1.0,3.514208677097805e-25
2002-03-03,0,1.0,5.532345647324916e-34
2002-03-04,0,0.9999998103128915,1.8968710929805448e-07
2002-03-05,0,1.0,7.11797057091043e-30
2002-03-06,0,0.9999999991406217,8.593793008631194e-10
2002-03-07,0,0.9992680746287503,0.0007319253712492183
2002-03-08,0,1.0,1.3683990711173932e-28
2002-03-09,0,1.0,1.971023144197808e-35
2002-03-10,0,0.9999749180959856,2.5081904014566224e-05
2002-03-11,0,1.0,1.5315778484640755e-50
2002-03-12,0,0.9999999996989395,3.0106005198067644e-10
2002-03-13,1,0.005513628842612061,0.9944863711573888
2002-03-14,0,0.9999999184365096,8.1563491136707e-08
2002-03-15,0,0.9973816328988978,0.0026183671011022766
2002-03-16,0,1.0,2.5703292318397653e-20
2002-03-17,0,1.0,3.2605743729705484e-24
2002-03-18,0,0.9999999999994671,5.322407094059044e-13
2002-03-19,1,5.06970788545793e-06,0.9999949302921154
2002-03-20,1,3.300608244574381e-05,0.9999669939175533
2002-03-21,1,6.808271391915711e-07,0.9999993191728622
2002-03-22,0,1.0,1.8967071489245163e-43
2002-03-23,0,1.0,9.252929396734494e-62
2002-03-24,0,1.0,9.4174002624e-53
2002-03-25,0,1.0,1.773808738445949e-46
2002-03-26,0,1.0,1.356400207255709e-62
2002-03-27,0,0.9999999999999805,1.8768605416442017e-14
2002-03-28,0,1.0,2.1235208986290887e-38
2002-03-29,0,1.0,5.840946633821585e-53
2002-03-30,1,0.00012143403033157798,0.9998785659696684
2002-03-31,0,1.0,1.564192890424013e-39
2002-04-01,0,0.9925737300900713,0.007426269909928796
2002-04-02,0,1.0,4.367975941168573e-132
2002-04-03,0,1.0,5.783516248756646e-24
2002-04-04,0,1.0,1.2921896563739379e-48
2002-04-05,0,1.0,3.463763851640816e-30
2002-04-06,0,0.9908381217954059,0.00916187820459351
2002-04-07,0,0.9999987073656881,1.2926343125519812e-06
2002-04-08,0,1.0,1.0477959604780337e-20
2002-04-09,0,1.0,8.384759788579822e-85
2002-04-10,0,1.0,1.1779858143261361e-153
2002-04-11,0,1.0,1.2002983515935369e-73
2002-04-12,0,1.0,4.110520251003248e-78
2002-04-13,0,1.0,5.809318777837167e-45
2002-04-14,0,1.0,9.708062591685773e-60
2002-04-15,0,1.0,6.481047805543138e-76
2002-04-16,0,1.0,1.2272475257548066e-65
2002-04-17,0,1.0,3.6172532997109363e-158
2002-04-18,0,1.0,2.397201860987697e-137
2002-04-19,0,1.0,3.070181247417671e-167
2002-04-20,0,1.0,6.616592372153416e-94
2002-04-21,0,1.0,1.0374499063635551e-72
2002-04-22,0,1.0,2.0329698623341396e-136
2002-04-23,0,1.0,1.1698715790308064e-104
2002-04-24,0,1.0,1.321283392063842e-37
2002-04-25,0,1.0,1.0570234172306393e-33
2002-04-26,0,1.0,7.487557786994737e-18
2002-04-27,1,6.709059294829376e-10,0.9999999993290949
2002-04-28,1,1.1402399841927665e-10,0.9999999998859757
2002-04-29,0,1.0,4.092391970756138e-35
2002-04-30,0,1.0,4.724497602153207e-22
2002-05-01,1,3.0491615860178923e-10,0.9999999996950848
2002-05-02,0,0.9999999999997975,2.0256694859126703e-13
2002-05-03,0,0.9918213134584826,0.008178686541516655
2002-05-04,1,0.005591536671811142,0.994408463328189
2002-05-05,1,6.505744147050833e-19,1.0
2002-05-06,0,1.0,8.915196328347069e-25
2002-05-07,0,1.0,1.6057822734384127e-16
2002-05-08,0,1.0,2.5868074876236265e-46
2002-05-09,0,1.0,2.5757903264530502e-26
2002-05-10,0,0.6303879264578549,0.3696120735421454
2002-05-11,0,1.0,3.967524198287785e-37
2002-05-12,0,0.9999999999999964,4.423097624925018e-15
2002-05-13,0,1.0,5.335609640146438e-22
2002-05-14,0,0.9911594172864004,0.00884058271359924
2002-05-15,0,0.9999999999187832,8.121673938729103e-11
2002-05-16,0,0.9561515599493897,0.043848440050609706
2002-05-17,1,3.297400805580871e-07,0.9999996702599188
2002-05-18,1,0.1906352886330373,0.8093647113669635
2002-05-19,1,1.2031111473497878e-12,0.9999999999987956
2002-05-20,0,1.0,1.1146249029541705e-28
2002-05-21,1,2.8953186642987626e-09,0.9999999971046805
2002-05-22,1,5.254695508995847e-09,0.9999999947453055
2002-05-23,1,9.115589704566895e-11,0.9999999999088445
2002-05-24,1,3.283550790065742e-09,0.9999999967164506
2002-05-25,1,6.765248429189292e-10,0.9999999993234745
2002-05-26,1,0.0017840520379978986,0.9982159479620009
2002-05-27,1,0.0019524652577536613,0.9980475347422461
2002-05-28,0,0.9999999766650662,2.3334932911906994e-08
2002-05-29,1,1.0450172998612139e-06,0.9999989549826995
2002-05-30,1,3.1321866881812035e-06,0.9999968678133112
2002-05-31,1,1.2603115825291042e-13,0.9999999999998757
2002-06-01,1,1.2451760179244799e-09,0.9999999987548236
2002-06-02,1,4.666674028256514e-18,1.0
2002-06-03,1,7.957387956605307e-11,0.9999999999204263
2002-06-04,1,1.7333276893901102e-08,0.9999999826667222
2002-06-05,0,1.0,1.461106204304034e-16
2002-06-06,1,1.724681964340489e-05,0.9999827531803556
2002-06-07,1,7.006037134952881e-09,0.9999999929939634
2002-06-08,1,7.551283315316407e-12,0.9999999999924505
2002-06-09,1,4.978436581277626e-32,1.0
2002-06-10,1,4.867442501633861e-07,0.9999995132557492
2002-06-11,0,0.9999999999357758,6.422377898997786e-11
2002-06-12,0,1.0,2.982424906025665e-54
2002-06-13,1,3.958447571680277e-11,0.9999999999604157
2002-06-14,1,4.1458202911641744e-14,0.9999999999999574
2002-06-15,1,1.8190388468660508e-16,1.0
2002-06-16,1,3.552746778566628e-25,1.0
2002-06-17,1,9.93117187309499e-22,1.0
2002-06-18,1,2.0829886013852006e-12,0.9999999999979181
2002-06-19,1,2.3396103563625882e-12,0.9999999999976588
2002-06-20,1,0.11284990215011802,0.8871500978498821
2002-06-21,0,0.9999998475128155,1.5248718496462549e-07
2002-06-22,1,6.706186410377636e-15,0.9999999999999929
2002-06-23,1,7.267796071066859e-13,0.9999999999992717
2002-06-24,0,0.9999994843420159,5.156579844695214e-07
2002-06-25,0,1.0,1.472389557712475e-17
2002-06-26,0,0.9999999996313065,3.6869437788845193e-10
2002-06-27,0,0.9880046776283077,0.011995322371692284
2002-06-28,1,1.0679828256588017e-11,0.9999999999893205
2002-06-29,1,1.5611349467194274e-25,1.0
2002-06-30,1,1.4439537405739777e-26,1.0
2002-07-01,1,2.891428477800771e-17,1.0
2002-07-02,1,7.135519926905663e-19,1.0
2002-07-03,0,0.953492497266505,0.04650750273349515
2002-07-04,1,1.9846870676478426e-39,1.0
2002-07-05,1,2.9078529290140006e-12,0.9999999999970939
2002-07-06,1,1.5945198039208744e-10,0.9999999998405471
2002-07-07,1,3.895939527591438e-21,1.0
2002-07-08,1,2.6020020908732657e-09,0.9999999973979996
2002-07-09,0,0.9620604556419634,0.03793954435803659
2002-07-10,1,1.3677897477921147e-11,0.999999999986322
2002-07-11,1,5.077612060955313e-06,0.9999949223879395
2002-07-12,1,4.6635299714151206e-06,0.9999953364700284
2002-07-13,1,1.6356532841945395e-08,0.9999999836434662
2002-07-14,1,2.128067345754821e-08,0.999999978719327
2002-07-15,1,1.3543340485553794e-08,0.9999999864566611
2002-07-16,1,1.1124736358117237e-10,0.9999999998887539
2002-07-17,1,4.490297808888781e-26,1.0
2002-07-18,1,1.34510641846413e-21,1.0
2002-07-19,1,3.244709623854402e-22,1.0
2002-07-20,1,1.2604336661263382e-54,1.0
2002-07-21,1,1.3669609143317095e-60,1.0
2002-07-22,1,6.16906634083954e-29,1.0
2002-07-23,1,4.85391555877668e-07,0.9999995146084443
2002-07-24,1,1.3958828963061052e-40,1.0
2002-07-25,1,3.2909200227089184e-12,0.9999999999967102
2002-07-26,1,3.643334535393824e-09,0.9999999963566673
2002-07-27,1,4.643491967619352e-21,1.0
2002-07-28,1,3.115083000972597e-11,0.9999999999688498
2002-07-29,1,3.432667885595528e-15,0.9999999999999964
2002-07-30,1,5.131720897147631e-09,0.9999999948682792
2002-07-31,1,5.817279538760763e-17,1.0
2002-08-01,1,5.459748416667692e-35,1.0
2002-08-02,1,2.1342870931435221e-13,0.9999999999997868
2002-08-03,1,5.016833768387433e-44,1.0
2002-08-04,1,2.51620109728506e-21,1.0
2002-08-05,1,1.3841316403027166e-13,0.9999999999998614
2002-08-06,1,4.168027361414816e-48,1.0
2002-08-07,1,1.546168754585277e-21,1.0
2002-08-08,1,8.261937256553129e-17,1.0
2002-08-09,1,3.7960342171043634e-18,1.0
2002-08-10,1,3.194500832597579e-20,1.0
2002-08-11,1,2.4811757006981004e-33,1.0
2002-08-12,1,6.805749038573667e-10,0.9999999993194244
2002-08-13,1,2.888973761076165e-10,0.999999999711104
2002-08-14,1,5.0743042742162794e-18,1.0
2002-08-15,1,1.8984077805313566e-10,0.9999999998101607
2002-08-16,1,1.1957288872926925e-20,1.0
2002-08-17,1,6.573248810983276e-09,0.9999999934267514
2002-08-18,1,8.862460138629968e-32,1.0
2002-08-19,1,1.4884371428456508e-15,1.0
2002-08-20,1,1.976927357816253e-08,0.999999980230726
2002-08-21,1,1.637075161816026e-14,0.9999999999999822
2002-08-22,1,1.8148310511175438e-17,1.0
2002-08-23,1,3.721716658098925e-33,1.0
2002-08-24,1,2.635085499939949e-25,1.0
2002-08-25,1,7.174744619623578e-17,1.0
2002-08-26,1,7.474275103806916e-24,1.0
2002-08-27,1,1.0277331124370525e-09,0.9999999989722674
2002-08-28,1,2.5451016768205868e-11,0.9999999999745484
2002-08-29,1,1.1574984633570429e-18,1.0
2002-08-30,1,5.405408442127298e-25,1.0
2002-08-31,1,7.532751600195292e-22,1.0
2002-09-01,1,5.367320332691278e-34,1.0
2002-09-02,1,2.020514686172795e-30,1.0
2002-09-03,1,9.470899352542463e-10,0.9999999990529105
2002-09-04,1,8.047999986479726e-18,1.0
2002-09-05,1,2.1950054097850697e-58,1.0
2002-09-06,1,1.552110463407999e-47,1.0
2002-09-07,1,7.776859601079673e-42,1.0
2002-09-08,1,8.8540473028647e-26,1.0
2002-09-09,1,7.702696461874716e-33,1.0
2002-09-10,1,6.751713595487856e-22,1.0
2002-09-11,1,5.154775530724273e-09,0.9999999948452256
2002-09-12,1,3.569085955128808e-17,1.0
2002-09-13,1,1.6403902544646775e-08,0.9999999835960979
2002-09-14,1,4.1478765180809465e-10,0.9999999995852136
2002-09-15,1,3.826720926761523e-25,1.0
2002-09-16,1,8.32090416740937e-09,0.9999999916790969
2002-09-17,1,4.6834692320907996e-07,0.9999995316530774
2002-09-18,1,7.91394570617229e-17,1.0
2002-09-19,1,1.8984830167675887e-11,0.9999999999810143
2002-09-20,1,4.321317641700263e-58,1.0
2002-09-21,1,3.134223055411792e-14,0.999999999999968
2002-09-22,1,4.640455033990579e-58,1.0
2002-09-23,1,4.718888426222335e-07,0.9999995281111586
2002-09-24,1,8.093330733854857e-19,1.0
2002-09-25,1,1.222708336272121e-20,1.0
2002-09-26,1,8.362109606358537e-15,0.9999999999999929
2002-09-27,1,3.146456465033141e-17,1.0
2002-09-28,1,3.880569228396259e-12,0.9999999999961204
2002-09-29,1,4.681072469006067e-18,1.0
2002-09-30,1,3.027601108785133e-14,0.9999999999999716
2002-10-01,1,2.0958610118227422e-17,1.0
2002-10-02,1,2.160643207434757e-22,1.0
2002-10-03,1,1.2792176447399002e-18,1.0
2002-10-04,1,6.502604531909434e-23,1.0
2002-10-05,1,2.2586613424661364e-22,1.0
2002-10-06,1,1.759506382406437e-46,1.0
2002-10-07,1,7.7743459962622e-39,1.0
2002-10-08,1,8.913750951504789e-25,1.0
2002-10-09,1,8.211511075942052e-16,1.0
2002-10-10,1,3.114337934952488e-13,0.9999999999996874
2002-10-11,1,1.358310782350222e-14,0.9999999999999858
2002-10-12,1,2.447862242096222e-34,1.0
2002-10-13,1,2.531551826974677e-22,1.0
2002-10-14,1,2.5768081385994594e-19,1.0
2002-10-15,1,6.836415361235248e-19,1.0
2002-10-16,1,6.59447260483491e-11,0.9999999999340545
2002-10-17,1,5.390066356868678e-15,0.9999999999999964
2002-10-18,1,4.231961005152667e-10,0.9999999995768043
2002-10-19,1,7.31468192067564e-50,1.0
2002-10-20,1,1.0684189310243524e-14,0.9999999999999893
2002-10-21,1,4.227928375413004e-16,1.0
2002-10-22,1,4.602954036601206e-14,0.9999999999999538
2002-10-23,1,4.729401863916521e-25,1.0
2002-10-24,1,6.454581294013464e-23,1.0
2002-10-25,1,4.687000783766322e-27,1.0
2002-10-26,1,9.114739819779745e-30,1.0
2002-10-27,1,2.9358283324919447e-53,1.0
2002-10-28,1,7.329692849737748e-11,0.999999999926704
2002-10-29,1,1.455260758929412e-41,1.0
2002-10-30,1,1.0879931080247106e-09,0.9999999989120063
2002-10-31,1,6.498117500922759e-11,0.9999999999350173
2002-11-01,1,5.750339943519802e-12,0.9999999999942482
2002-11-02,1,1.479504639875659e-11,0.9999999999852065
2002-11-03,1,1.3883089064934593e-22,1.0
2002-11-04,1,5.103220674729569e-15,0.9999999999999964
2002-11-05,1,1.3118148558724436e-17,1.0
2002-11-06,1,1.2785642942763484e-12,0.999999999998721
2002-11-07,1,3.2593587995595597e-09,0.999999996740641
2002-11-08,1,1.7830007986030753e-12,0.9999999999982165
2002-11-09,1,1.656844185864183e-18,1.0
2002-11-10,1,1.866785310980482e-22,1.0
2002-11-11,1,7.589411582295826e-11,0.9999999999241069
2002-11-12,1,1.3675018534184426e-15,1.0
2002-11-13,1,1.4465380448402834e-10,0.9999999998553477
2002-11-14,1,5.99574021532764e-10,0.9999999994004263
2002-11-15,1,1.2912272263997824e-09,0.9999999987087733
2002-11-16,1,2.67974228327119e-12,0.9999999999973213
2002-11-17,1,4.523766932639289e-41,1.0
2002-11-18,1,1.1671131308847956e-17,1.0
2002-11-19,1,1.1579345530892944e-13,0.9999999999998828
2002-11-20,1,1.5706855283079658e-18,1.0
2002-11-21,1,2.43947219374197e-10,0.9999999997560529
2002-11-22,1,2.323721804802088e-05,0.9999767627819515
2002-11-23,1,7.694528530192428e-20,1.0
2002-11-24,1,1.0239890779131222e-16,1.0
2002-11-25,1,1.5716698417277126e-06,0.9999984283301574
2002-11-26,1,1.3210516198669998e-07,0.9999998678948375
2002-11-27,1,1.1220392378460054e-06,0.9999988779607605
2002-11-28,1,5.212582237364613e-10,0.9999999994787423
2002-11-29,1,3.1944690317654104e-17,1.0
2002-11-30,1,6.695281949451578e-35,1.0
2002-12-01,1,4.5793278245016973e-17,1.0
2002-12-02,1,1.589058857322928e-11,0.9999999999841087
2002-12-03,1,1.1579549112518089e-31,1.0
2002-12-04,1,2.1946141911499148e-21,1.0
2002-12-05,1,1.979188627748575e-23,1.0
2002-12-06,1,8.576519097098092e-22,1.0
2002-12-07,1,6.499600806665449e-28,1.0
2002-12-08,1,5.565892088067992e-29,1.0
2002-12-09,1,2.8277604444398214e-19,1.0
2002-12-10,1,6.335951432288715e-21,1.0
2002-12-11,1,5.1267888063151906e-30,1.0
2002-12-12,1,3.2418479884492736e-23,1.0
2002-12-13,1,9.943876763695927e-22,1.0
2002-12-14,1,2.153413723177078e-32,1.0
2002-12-15,1,6.88967177807286e-32,1.0
2002-12-16,1,5.455143387751945e-24,1.0
2002-12-17,1,1.2251986249923836e-23,1.0
2002-12-18,1,8.258759429213472e-34,1.0
2002-12-19,1,4.488503555585756e-27,1.0
2002-12-20,1,1.4089846365235285e-25,1.0
2002-12-21,1,8.138572534970767e-32,1.0
2002-12-22,1,9.593312292565751e-52,1.0
2002-12-23,1,1.4207692010468258e-24,1.0
2002-12-24,1,2.4646175172987064e-62,1.0
2002-12-25,1,4.774392073340809e-35,1.0
2002-12-26,1,4.58845697838263e-28,1.0
2002-12-27,1,1.1575742649261697e-51,1.0
2002-12-28,1,1.5430049700956344e-58,1.0
2002-12-29,1,1.0778381586355376e-53,1.0
2002-12-30,1,1.5490125410893941e-25,1.0
2002-12-31,1,1.756437355691679e-17,1.0
2003-01-01,1,1.0862187687864522e-12,0.9999999999989129
2003-01-02,1,1.2384883132316787e-25,1.0
2003-01-03,1,1.9395956641207474e-17,1.0
2003-01-04,1,2.758274440768712e-31,1.0
2003-01-05,1,6.687081108042972e-30,1.0
2003-01-06,1,1.7333399577585737e-35,1.0
2003-01-07,1,1.4416488855654265e-18,1.0
2003-01-08,1,4.814528884002997e-18,1.0
2003-01-09,1,1.9998518976881496e-40,1.0
2003-01-10,1,4.224435317283141e-46,1.0
2003-01-11,1,1.049320023057647e-52,1.0
2003-01-12,1,2.4818442127444845e-42,1.0
2003-01-13,1,2.801812522173318e-29,1.0
2003-01-14,1,2.380844164403564e-62,1.0
2003-01-15,1,1.7628349328940003e-25,1.0
2003-01-16,1,5.387419733755677e-20,1.0
2003-01-17,1,2.4428592293016732e-23,1.0
2003-01-18,1,6.101044541682607e-23,1.0
2003-01-19,1,1.531106996165598e-40,1.0
2003-01-20,1,2.8438671405158404e-30,1.0
2003-01-21,1,2.648581372556916e-27,1.0
2003-01-22,1,1.8315518052527857e-39,1.0
2003-01-23,1,2.6270869156432213e-45,1.0
2003-01-24,1,1.0738566165263203e-44,1.0
2003-01-25,1,4.174437068277707e-31,1.0
2003-01-26,1,6.429375581811775e-57,1.0
2003-01-27,1,2.569392587818667e-44,1.0
2003-01-28,1,3.57043602587577e-26,1.0
2003-01-29,1,2.1215532768196717e-30,1.0
2003-01-30,1,5.274933466985784e-26,1.0
2003-01-31,1,1.7776025953551602e-24,1.0
2003-02-01,1,1.411996031412071e-18,1.0
2003-02-02,1,3.266337984544102e-25,1.0
2003-02-03,1,2.0315785408552487e-31,1.0
2003-02-04,1,1.3927156005251757e-28,1.0
2003-02-05,1,3.971501276696568e-31,1.0
2003-02-06,1,8.717163041419444e-43,1.0
2003-02-07,1,3.630040893444173e-41,1.0
2003-02-08,1,1.3620325345470674e-37,1.0
2003-02-09,1,1.0536282995508317e-30,1.0
2003-02-10,1,1.8702799126420805e-28,1.0
2003-02-11,1,3.9086017250885695e-55,1.0
2003-02-12,1,1.2750557906508896e-53,1.0
2003-02-13,1,4.4843483356975505e-28,1.0
2003-02-14,0,1.0,7.043974603970839e-72
2003-02-15,1,9.746910513246159e-34,1.0
2003-02-16,1,1.6700563654948414e-41,1.0
2003-02-17,1,9.278865099928507e-22,1.0
2003-02-18,1,1.633479230002103e-21,1.0
2003-02-19,1,5.4344480427554905e-15,0.9999999999999964
2003-02-20,1,9.540667903292248e-13,0.9999999999990443
2003-02-21,1,5.856507075142187e-13,0.9999999999994138
2003-02-22,1,9.949807363529524e-15,0.9999999999999893
2003-02-23,1,9.843010750499557e-23,1.0
2003-02-24,1,9.773469126158655e-20,1.0
2003-02-25,1,1.7637432476314126e-20,1.0
2003-02-26,1,2.087357460294701e-33,1.0
2003-02-27,1,3.1592237492325074e-21,1.0
2003-02-28,1,1.576374306414263e-19,1.0
2003-03-01,1,1.3045427066481056e-25,1.0
2003-03-02,1,4.4148635822694055e-37,1.0
2003-03-03,1,4.996510700941192e-27,1.0
2003-03-04,1,1.0335467329362107e-25,1.0
2003-03-05,1,6.089113717015838e-33,1.0
2003-03-06,1,2.7096466997162084e-11,0.9999999999729035
2003-03-07,1,4.442758393927407e-27,1.0
2003-03-08,1,1.0706897791097013e-11,0.9999999999892921
2003-03-09,1,1.5093166310365727e-14,0.9999999999999858
2003-03-10,1,2.3717735478189577e-13,0.999999999999762
2003-03-11,1,5.407373679669504e-23,1.0
2003-03-12,1,1.6471627515887208e-31,1.0
2003-03-13,1,1.7598735938016e-14,0.9999999999999822
2003-03-14,1,2.816349367249959e-16,1.0
2003-03-15,1,1.7608164038300124e-18,1.0
2003-03-16,1,1.4070546721868389e-11,0.9999999999859313
2003-03-17,0,0.9950159288327192,0.00498407116728113
2003-03-18,1,4.151790947499379e-14,0.9999999999999574
2003-03-19,1,4.025946060755657e-17,1.0
2003-03-20,1,7.022362691998304e-08,0.9999999297763746
2003-03-21,1,4.6167898672934825e-17,1.0
2003-03-22,1,1.973849553793077e-24,1.0
2003-03-23,1,4.5353315257646374e-54,1.0
2003-03-24,1,1.1816491633098767e-25,1.0
2003-03-25,1,9.972704710170471e-23,1.0
2003-03-26,1,1.0524744066556798e-18,1.0
2003-03-27,1,3.3006559207886636e-13,0.9999999999996696
2003-03-28,1,6.704130563187687e-18,1.0
2003-03-29,1,7.311868310009521e-31,1.0
2003-03-30,1,3.5605332900074356e-16,1.0
2003-03-31,1,1.6323007824893875e-07,0.9999998367699225
2003-04-01,1,0.009083849352188067,0.9909161506478112
2003-04-02,1,3.887941914125129e-18,1.0
2003-04-03,1,7.44092091469941e-09,0.9999999925590792
2003-04-04,1,1.1353007622123462e-15,1.0
2003-04-05,1,1.8368200780979165e-12,0.9999999999981632
2003-04-06,1,8.100185945682032e-23,1.0
2003-04-07,1,5.7054532706779526e-12,0.9999999999942943
2003-04-08,1,4.654742704243337e-13,0.9999999999995346
2003-04-09,1,8.818335014419162e-10,0.9999999991181667
2003-04-10,1,9.88006372478129e-13,0.9999999999990123
2003-04-11,1,4.430931872733298e-15,0.9999999999999964
2003-04-12,1,1.0587427681033215e-19,1.0
2003-04-13,1,1.393486455641716e-38,1.0
2003-04-14,1,0.00018767887195753763,0.9998123211280415
2003-04-15,1,1.1632280088016645e-06,0.9999988367719916
2003-04-16,1,4.3387733278700656e-21,1.0
2003-04-17,1,6.185351928762826e-16,1.0
2003-04-18,1,8.401118272387156e-39,1.0
2003-04-19,1,8.525060480459372e-26,1.0
2003-04-20,1,5.7198972720565315e-43,1.0
2003-04-21,1,5.411920597254475e-38,1.0
2003-04-22,1,3.395186299208555e-29,1.0
2003-04-23,1,3.53173121758059e-42,1.0
2003-04-24,1,2.0141925303362327e-08,0.9999999798580748
2003-04-25,1,3.209743510743039e-08,0.9999999679025647
2003-04-26,1,2.295918940331787e-25,1.0
2003-04-27,1,4.2758739617796575e-33,1.0
2003-04-28,1,7.33872842012369e-26,1.0
2003-04-29,1,7.228136946130369e-26,1.0
2003-04-30,1,3.838330157075355e-30,1.0
2003-05-01,1,8.717622232290915e-31,1.0
2003-05-02,1,1.4864003613257954e-21,1.0
2003-05-03,1,1.746412982329844e-57,1.0
2003-05-04,1,2.585351783448904e-56,1.0
2003-05-05,1,5.889476644907816e-28,1.0
2003-05-06,1,3.8133699577130327e-28,1.0
2003-05-07,1,6.959893980023284e-27,1.0
2003-05-08,1,8.092549018915585e-28,1.0
2003-05-09,1,4.979320288126458e-35,1.0
2003-05-10,1,1.582489319869336e-12,0.999999999998419
2003-05-11,1,6.076794044487873e-22,1.0
2003-05-12,1,2.1605314309683433e-31,1.0
2003-05-13,1,3.436850045601655e-20,1.0
2003-05-14,1,4.124620934291336e-12,0.9999999999958753
2003-05-15,1,6.390413199770361e-13,0.9999999999993605
2003-05-16,1,2.4283796621991467e-29,1.0
2003-05-17,1,1.465914882648798e-33,1.0
2003-05-18,1,3.3190753120147016e-25,1.0
2003-05-19,1,5.061535213895787e-27,1.0
2003-05-20,1,2.9125750898667836e-20,1.0
2003-05-21,1,1.0029383432429222e-52,1.0
2003-05-22,1,3.118326414131154e-14,0.999999999999968
2003-05-23,1,4.370606368943217e-16,1.0
2003-05-24,0,0.9999999999999609,4.006605599377122e-14
2003-05-25,1,1.1261437231495242e-10,0.9999999998873861
2003-05-26,1,2.0872104717063652e-10,0.9999999997912781
2003-05-27,1,1.0761609613070877e-07,0.9999998923839031
2003-05-28,0,0.8199805715383507,0.18001942846165012
2003-05-29,1,3.636510650842086e-05,0.9999636348934925
2003-05-30,1,8.479406611011158e-05,0.9999152059338899
2003-05-31,0,0.9999999999535536,4.6446967224486665e-11
2003-06-01,1,4.928257492480432e-17,1.0
2003-06-02,1,1.491335307431903e-06,0.9999985086646923
2003-06-03,1,3.0237472277547132e-09,0.9999999969762534
2003-06-04,1,8.179696153064992e-08,0.9999999182030377
2003-06-05,1,4.3790450653647743e-08,0.9999999562095506
2003-06-06,1,9.567737488993125e-09,0.9999999904322614
2003-06-07,1,1.5156732778184577e-15,1.0
2003-06-08,1,4.209505208482438e-34,1.0
2003-06-09,1,1.4980203816250053e-13,0.9999999999998508
2003-06-10,1,1.2768505827794385e-07,0.999999872314942
2003-06-11,1,2.50145552048837e-10,0.9999999997498534
2003-06-12,1,1.068859683605275e-11,0.9999999999893099
2003-06-13,1,1.096337016789549e-19,1.0
2003-06-14,1,3.5972451110984705e-10,0.9999999996402771
2003-06-15,1,1.0615928486804558e-10,0.9999999998938414
2003-06-16,1,4.1272563063741995e-18,1.0
2003-06-17,1,5.1030977341791795e-14,0.9999999999999503
2003-06-18,1,2.269859841126386e-08,0.9999999773013999
2003-06-19,1,7.280833924237793e-05,0.9999271916607572
2003-06-20,1,3.612422270094702e-08,0.999999963875777
2003-06-21,1,4.561089330316387e-16,1.0
2003-06-22,1,5.129882053224978e-22,1.0
2003-06-23,1,1.7256763010132672e-17,1.0
2003-06-24,1,2.3891931884760264e-19,1.0
2003-06-25,1,8.656487307730848e-14,0.9999999999999147
2003-06-26,1,5.960588066879492e-13,0.9999999999994031
2003-06-27,1,3.3315814585590533e-12,0.9999999999966676
2003-06-28,1,1.5999384473835154e-31,1.0
2003-06-29,1,5.235430386372851e-16,1.0
2003-06-30,1,1.0200658416101875e-11,0.9999999999898002
2003-07-01,1,1.0468338291779468e-16,1.0
2003-07-02,1,2.690946572861407e-08,0.9999999730905355
2003-07-03,1,4.5604180244934425e-09,0.9999999954395804
2003-07-04,1,7.001063866426157e-16,1.0
2003-07-05,1,1.1731706641976683e-13,0.9999999999998828
2003-07-06,1,6.7117726477314985e-12,0.9999999999932889
2003-07-07,1,1.0826254448457671e-10,0.9999999998917382
2003-07-08,1,2.3237219268593273e-14,0.9999999999999751
2003-07-09,1,1.190455877382154e-22,1.0
2003-07-10,1,1.9159084368423888e-23,1.0
2003-07-11,1,1.1601537515720205e-28,1.0
2003-07-12,1,6.151735483281031e-25,1.0
2003-07-13,1,1.9064144119086456e-20,1.0
2003-07-14,1,1.505903247244676e-15,1.0
2003-07-15,1,1.402979572310496e-20,1.0
2003-07-16,1,2.4055722509687498e-29,1.0
2003-07-17,1,2.063029779746929e-25,1.0
2003-07-18,1,9.765234055635077e-32,1.0
2003-07-19,1,2.5002225610247812e-37,1.0
2003-07-20,1,6.548218913154538e-44,1.0
2003-07-21,1,6.872645263204876e-26,1.0
2003-07-22,1,9.96533697110781e-42,1.0
2003-07-23,1,1.1367388362479581e-40,1.0
2003-07-24,1,5.284337157966039e-30,1.0
2003-07-25,1,1.0896419978939968e-45,1.0
2003-07-26,1,1.0841327286722152e-28,1.0
2003-07-27,1,3.5579501883563646e-20,1.0
2003-07-28,1,3.779236806908613e-15,0.9999999999999964
2003-07-29,1,4.3704815093947054e-27,1.0
2003-07-30,1,2.992035542158927e-10,0.9999999997007976
2003-07-31,1,2.419033279789057e-17,1.0
2003-08-01,1,2.119537756192515e-12,0.999999999997879
2003-08-02,1,8.04148431672874e-11,0.9999999999195843
2003-08-03,1,1.377018060753865e-13,0.9999999999998614
2003-08-04,1,8.188070307153038e-12,0.999999999991811
2003-08-05,1,0.08626561167814276,0.9137343883218575
2003-08-06,1,5.919038749154428e-12,0.9999999999940812
2003-08-07,1,2.2842547087319498e-24,1.0
2003-08-08,1,4.773434109628864e-30,1.0
2003-08-09,1,6.652812531422297e-52,1.0
2003-08-10,1,5.385339147578096e-53,1.0
2003-08-11,1,1.1453434504758253e-16,1.0
2003-08-12,1,1.6388555002265718e-06,0.9999983611444989
2003-08-13,1,2.1305967549554933e-09,0.9999999978694021
2003-08-14,1,9.9363704068399e-32,1.0
2003-08-15,1,4.2317532462575976e-16,1.0
2003-08-16,1,1.4748583324652843e-10,0.9999999998525126
2003-08-17,1,3.596250712640419e-23,1.0
2003-08-18,1,9.44300393134365e-12,0.9999999999905569
2003-08-19,1,7.470941340512892e-11,0.99999999992529
2003-08-20,1,0.25711954333221954,0.7428804566677799
2003-08-21,1,2.9687943834931595e-08,0.9999999703120577
2003-08-22,1,4.349444112820308e-19,1.0
2003-08-23,1,1.4407662555080224e-32,1.0
2003-08-24,1,6.7745773584500705e-18,1.0
2003-08-25,1,1.1939105724605964e-08,0.9999999880608925
2003-08-26,0,1.0,1.7315124712294503e-21
2003-08-27,0,0.9999999999990941,9.053624073117906e-13
2003-08-28,1,3.350116258685722e-05,0.9999664988374133
2003-08-29,1,0.3130982276732836,0.6869017723267169
2003-08-30,1,1.164325103407915e-06,0.9999988356748971
2003-08-31,1,3.461883975259714e-09,0.999999996538115
2003-09-01,0,0.9999997888645719,2.1113542766730535e-07
2003-09-02,0,1.0,1.6146365112502846e-48
2003-09-03,0,1.0,1.8998380794372184e-52
2003-09-04,0,1.0,6.845967955427887e-25
2003-09-05,0,0.9999999999997655,2.352485192565488e-13
2003-09-06,0,0.9987431766210733,0.0012568233789261153
2003-09-07,0,1.0,1.4838994811410032e-51
2003-09-08,0,1.0,4.762419853143001e-84
2003-09-09,0,1.0,1.3399893839743937e-62
2003-09-10,0,1.0,5.35360906342405e-76
2003-09-11,0,1.0,2.6564164754165045e-33
2003-09-12,1,1.0021548821525127e-06,0.9999989978451195
2003-09-13,1,2.56574207376124e-09,0.9999999974342586
2003-09-14,0,0.9999999984436805,1.556319135550054e-09
2003-09-15,0,1.0,3.989471470676931e-43
2003-09-16,1,5.06226352496025e-07,0.9999994937736469
2003-09-17,1,1.7964943254352182e-10,0.9999999998203499
2003-09-18,1,3.092962523834421e-07,0.9999996907037473
2003-09-19,0,0.9999999984771861,1.5228147543683542e-09
2003-09-20,0,1.0,3.288592546126527e-27
2003-09-21,1,8.090131171845075e-09,0.9999999919098705
2003-09-22,0,1.0,9.98366973386369e-39
2003-09-23,0,1.0,1.93278540307767e-47
2003-09-24,0,1.0,1.310152717061482e-57
2003-09-25,0,1.0,8.321765218223688e-47
2003-09-26,1,9.531512778980676e-07,0.9999990468487208
2003-09-27,1,1.4090622119322774e-08,0.9999999859093762
2003-09-28,1,2.997279812168132e-11,0.9999999999700258
2003-09-29,1,2.5362807804924395e-12,0.9999999999974634
2003-09-30,1,3.6185558498118204e-13,0.9999999999996376
2003-10-01,1,5.903510618307786e-10,0.9999999994096491
2003-10-02,1,8.446229250230977e-12,0.9999999999915552
2003-10-03,1,5.604715568983504e-10,0.9999999994395274
2003-10-04,1,5.028898086222697e-25,1.0
2003-10-05,1,4.515112544989784e-24,1.0
2003-10-06,1,9.73773762529639e-11,0.9999999999026237
2003-10-07,0,0.9999320103134304,6.798968656885143e-05
2003-10-08,0,0.9999999999900346,9.96552307756973e-12
2003-10-09,1,2.8268639437391508e-27,1.0
2003-10-10,1,4.9273493663669155e-09,0.999999995072649
2003-10-11,1,1.3667066277171768e-08,0.9999999863329343
2003-10-12,1,2.9878426441743945e-25,1.0
2003-10-13,1,7.248718947847587e-23,1.0
2003-10-14,0,0.9999999997690026,2.3099831725496455e-10
2003-10-15,1,4.385582592730676e-34,1.0
2003-10-16,1,3.498104557595777e-11,0.99999999996502
2003-10-17,1,1.1190981980974075e-23,1.0
2003-10-18,1,4.554874079508889e-21,1.0
2003-10-19,1,3.193382427636195e-33,1.0
2003-10-20,1,1.386404502200457e-20,1.0
2003-10-21,1,4.564166858814858e-14,0.9999999999999538
2003-10-22,1,1.3666133031601353e-09,0.9999999986333883
2003-10-23,1,9.66640071289936e-10,0.9999999990333599
2003-10-24,1,5.558334906258211e-21,1.0
2003-10-25,1,1.7294908983947005e-30,1.0
2003-10-26,1,2.3024809831183737e-62,1.0
2003-10-27,1,8.274167843865499e-12,0.9999999999917257
2003-10-28,1,1.7773844430967754e-07,0.9999998222615554
2003-10-29,1,2.853889745243166e-07,0.999999714611027
2003-10-30,1,3.625439571727195e-13,0.9999999999996376
2003-10-31,1,2.98146207410752e-32,1.0
2003-11-01,1,7.587070285524758e-24,1.0
2003-11-02,1,2.4269890768831933e-14,0.9999999999999751
2003-11-03,1,1.4241950341715076e-49,1.0
2003-11-04,1,3.718684906375337e-10,0.9999999996281304
2003-11-05,1,1.5135199679330102e-10,0.9999999998486473
2003-11-06,1,3.256131610461973e-18,1.0
2003-11-07,1,9.90904965362522e-31,1.0
2003-11-08,1,1.4637445852550495e-19,1.0
2003-11-09,1,6.641168756875598e-39,1.0
2003-11-10,1,1.038206841445462e-12,0.9999999999989626
2003-11-11,1,1.0443234330046434e-09,0.9999999989556763
2003-11-12,1,6.415843096309744e-14,0.999999999999936
2003-11-13,0,0.9973624907207419,0.0026375092792576037
2003-11-14,1,1.5657730043847978e-35,1.0
2003-11-15,1,8.792695743072943e-58,1.0
2003-11-16,1,3.365703417250338e-20,1.0
2003-11-17,1,5.81238217713848e-51,1.0
2003-11-18,1,2.383849368196881e-25,1.0
2003-11-19,0,0.9999902923785374,9.707621462999748e-06
2003-11-20,1,1.544374208893461e-15,1.0
2003-11-21,0,1.0,1.1710238528792869e-64
2003-11-22,0,0.9999999999489795,5.102099872415897e-11
2003-11-23,1,3.410484016368326e-16,1.0
2003-11-24,1,3.355869111302689e-33,1.0
2003-11-25,1,3.7725871957964784e-21,1.0
2003-11-26,1,5.293769863308024e-21,1.0
2003-11-27,1,4.423224252655099e-25,1.0
2003-11-28,1,6.924301725173092e-15,0.9999999999999929
2003-11-29,1,9.873184099891129e-10,0.9999999990126831
2003-11-30,1,7.85313395557638e-10,0.9999999992146869
2003-12-01,1,6.868801711962114e-21,1.0
2003-12-02,1,1.448943355184699e-12,0.9999999999985505
2003-12-03,1,1.274688321381157e-11,0.9999999999872529
2003-12-04,1,1.0672059394223674e-16,1.0
2003-12-05,1,4.5664176929083885e-12,0.9999999999954348
2003-12-06,1,8.04490946167805e-09,0.9999999919550895
2003-12-07,1,4.013821592208198e-07,0.9999995986178394
2003-12-08,1,1.4044332499089129e-08,0.9999999859556681
2003-12-09,1,6.237121016335093e-05,0.9999376287898379
2003-12-10,1,4.002958111072933e-08,0.9999999599704176
2003-12-11,1,1.433619254482971e-10,0.9999999998566373
2003-12-12,1,3.2049128984959325e-08,0.999999967950871
2003-12-13,1,1.2621645831781297e-12,0.9999999999987388
2003-12-14,1,6.511743867034225e-32,1.0
2003-12-15,1,1.1439284385018054e-18,1.0
2003-12-16,1,1.1621947852021467e-20,1.0
2003-12-17,1,1.0223159956166385e-17,1.0
2003-12-18,1,2.4541504215107762e-20,1.0
2003-12-19,1,1.7828008675140968e-25,1.0
2003-12-20,1,7.02689196361947e-17,1.0
2003-12-21,1,3.482728993907309e-10,0.9999999996517275
2003-12-22,1,5.349151103209765e-06,0.9999946508488975
2003-12-23,1,2.9409867965730926e-07,0.999999705901321
2003-12-24,1,2.999727177118623e-08,0.99999997000273
2003-12-25,1,1.2744935028310906e-13,0.9999999999998721
2003-12-26,1,4.507287946147518e-09,0.9999999954927112
2003-12-27,1,2.4590733269220834e-15,0.9999999999999964
2003-12-28,1,1.365003584672399e-10,0.9999999998635012
2003-12-29,1,4.071335016665166e-09,0.9999999959286647
2003-12-30,1,5.6660506383228105e-12,0.9999999999943334
2003-12-31,1,5.36360268924302e-44,1.0
2004-01-01,1,1.1979222364440974e-13,0.9999999999998792
2004-01-02,1,6.232875076620557e-12,0.9999999999937685
2004-01-03,1,8.743919354924388e-17,1.0
2004-01-04,1,1.0298185727545599e-23,1.0
2004-01-05,1,1.0151372695400962e-29,1.0
2004-01-06,1,2.1615678759880465e-33,1.0
2004-01-07,1,4.676535715435166e-25,1.0
2004-01-08,1,9.969258698153258e-36,1.0
2004-01-09,1,2.5332168965228364e-46,1.0
2004-01-10,1,7.901862858138427e-09,0.999999992098136
2004-01-11,1,2.267901426825339e-09,0.9999999977321004
2004-01-12,1,7.638036436690063e-08,0.999999923619636
2004-01-13,0,1.0,2.485328581627898e-22
2004-01-14,0,1.0,6.661116630853737e-43
2004-01-15,1,1.6131301346538308e-06,0.9999983868698664
2004-01-16,1,7.802037503669166e-11,0.9999999999219789
2004-01-17,1,3.7686210798019596e-19,1.0
2004-01-18,1,3.5272436833188885e-50,1.0
2004-01-19,1,4.286632486063982e-15,0.9999999999999964
2004-01-20,1,1.2891866417507948e-28,1.0
2004-01-21,1,1.9103585266261292e-13,0.9999999999998082
2004-01-22,1,2.6848539219452023e-24,1.0
2004-01-23,1,2.399435938031961e-10,0.9999999997600568
2004-01-24,1,2.1281323904923826e-17,1.0
2004-01-25,1,1.1331205288313279e-19,1.0
2004-01-26,1,2.0165824032463135e-17,1.0
2004-01-27,1,5.6735220425719635e-09,0.9999999943264797
2004-01-28,1,1.5657106773108524e-07,0.9999998434289326
2004-01-29,1,3.3233815188883856e-08,0.9999999667661831
2004-01-30,1,3.1133756888730004e-13,0.9999999999996874
2004-01-31,1,1.5444171038609837e-15,1.0
2004-02-01,1,2.2812520910992668e-10,0.9999999997718731
2004-02-02,1,3.954245441248728e-10,0.9999999996045759
2004-02-03,1,1.790103746433353e-18,1.0
2004-02-04,1,9.486299843393103e-14,0.9999999999999041
2004-02-05,1,2.092217870369441e-07,0.9999997907782122
2004-02-06,1,7.397775449416068e-11,0.9999999999260218
2004-02-07,1,7.001055500900622e-13,0.9999999999993001
2004-02-08,1,6.766346528907546e-17,1.0
2004-02-09,1,2.491121749024695e-09,0.9999999975088798
2004-02-10,1,1.1030769409080922e-15,1.0
2004-02-11,1,9.09785526515082e-12,0.9999999999909015
2004-02-12,1,7.889297209455681e-11,0.9999999999211084
2004-02-13,1,3.8915657915831033e-14,0.9999999999999609
2004-02-14,1,4.379480374448812e-14,0.9999999999999574
2004-02-15,1,5.565355882676411e-20,1.0
2004-02-16,1,2.427867026551124e-13,0.9999999999997584
2004-02-17,1,2.0199374633882545e-14,0.9999999999999787
2004-02-18,1,2.9083496300868853e-11,0.9999999999709175
2004-02-19,1,7.665894326065898e-11,0.9999999999233395
2004-02-20,1,1.092273010546559e-12,0.9999999999989075
2004-02-21,1,6.355800107000941e-30,1.0
2004-02-22,1,4.2539976004916576e-42,1.0
2004-02-23,1,2.7378892699353086e-55,1.0
2004-02-24,1,4.019794407643744e-37,1.0
2004-02-25,1,7.647585716301551e-34,1.0
2004-02-26,0,1.0,4.777953251631235e-133
2004-02-27,1,3.469388533847806e-12,0.999999999996529
2004-02-28,1,1.1360382099911903e-21,1.0
2004-02-29,0,1.0,1.414415667841072e-146
2004-03-01,1,1.62521515539746e-07,0.9999998374784828
2004-03-02,1,5.149827257768046e-08,0.999999948501729
2004-03-03,1,2.457665488960175e-08,0.9999999754233467
2004-03-04,1,4.33803477207367e-10,0.9999999995661959
2004-03-05,1,5.74482640720346e-11,0.9999999999425526
2004-03-06,1,1.4517016915514166e-14,0.9999999999999858
2004-03-07,1,2.9612137734333723e-22,1.0
2004-03-08,1,3.855893124509089e-14,0.9999999999999609
2004-03-09,1,3.817885632926836e-16,1.0
2004-03-10,1,4.688047309203597e-09,0.9999999953119527
2004-03-11,1,3.026746957723449e-55,1.0
2004-03-12,1,5.809674552244644e-25,1.0
2004-03-13,1,1.374472188154116e-25,1.0
2004-03-14,1,1.0372666514700583e-15,1.0
2004-03-15,1,3.113078519076663e-05,0.9999688692148082
2004-03-16,1,1.7374269951320254e-13,0.9999999999998259
2004-03-17,1,2.930592957494817e-50,1.0
2004-03-18,1,3.83521495697958e-10,0.9999999996164775
2004-03-19,1,2.3421251206069908e-09,0.9999999976578735
2004-03-20,1,1.0598031375975706e-23,1.0
2004-03-21,1,5.592325449415641e-17,1.0
2004-03-22,1,1.4675595935540602e-12,0.9999999999985327
2004-03-23,1,0.001132725282032995,0.9988672747179674
2004-03-24,1,0.005992939224236584,0.9940070607757637
2004-03-25,1,8.23257237284217e-08,0.9999999176742768
2004-03-26,1,2.395578189368687e-10,0.9999999997604405
2004-03-27,1,1.191810691232542e-60,1.0
2004-03-28,1,1.5063378837339303e-23,1.0
2004-03-29,0,1.0,7.204039223813999e-20
2004-03-30,1,9.492508272861194e-06,0.9999905074917259
2004-03-31,0,0.990932835423183,0.009067164576816058
2004-04-01,0,1.0,2.0430436966077873e-25
2004-04-02,1,1.4737306331401455e-09,0.9999999985262704
2004-04-03,0,0.9999978769905583,2.1230094418105975e-06
2004-04-04,1,5.221215767506942e-14,0.9999999999999467
2004-04-05,0,0.9999999999627072,3.7292209237302605e-11
2004-04-06,1,4.3015935009470173e-07,0.9999995698406502
2004-04-07,1,1.5985454566044672e-10,0.9999999998401456
2004-04-08,1,2.5102192620312865e-21,1.0
2004-04-09,1,7.137339401895903e-20,1.0
2004-04-10,1,1.1564079228530754e-08,0.9999999884359205
2004-04-11,1,7.623514850842289e-15,0.9999999999999929
2004-04-12,0,0.9999985494262842,1.450573716538516e-06
2004-04-13,0,0.9999999999801084,1.989160479312445e-11
2004-04-14,1,1.575841725750536e-05,0.9999842415827422
2004-04-15,1,0.0006653009886785181,0.9993346990113215
2004-04-16,1,3.4665892808303034e-11,0.9999999999653326
2004-04-17,1,1.4682916425135365e-06,0.9999985317083585
2004-04-18,1,3.844663537761141e-18,1.0
2004-04-19,0,1.0,1.2994127379712478e-57
2004-04-20,1,9.806788824428151e-05,0.9999019321117549
2004-04-21,1,4.6625965655902836e-14,0.9999999999999538
2004-04-22,1,3.717940104861755e-09,0.9999999962820603
2004-04-23,1,1.606290416982e-29,1.0
2004-04-24,1,1.9795812235501393e-32,1.0
2004-04-25,1,1.465925650424313e-41,1.0
2004-04-26,1,6.625183891329048e-07,0.9999993374816106
2004-04-27,1,4.982835118732745e-09,0.9999999950171663
2004-04-28,1,5.156161956103444e-18,1.0
2004-04-29,1,3.610333054283872e-10,0.9999999996389661
2004-04-30,1,1.4280173379785812e-11,0.9999999999857216
2004-05-01,1,3.361933471720328e-16,1.0
2004-05-02,1,6.675739107307437e-10,0.9999999993324273
2004-05-03,1,2.4954733718621015e-05,0.9999750452662829
2004-05-04,1,3.6823813608378344e-09,0.9999999963176194
2004-05-05,1,2.2853438556179992e-09,0.9999999977146565
2004-05-06,1,2.476416428651105e-07,0.9999997523583581
2004-05-07,1,5.293099861976783e-13,0.9999999999994706
2004-05-08,1,1.3046529475551907e-11,0.9999999999869544
2004-05-09,1,5.727545845063586e-17,1.0
2004-05-10,1,0.05055778221657816,0.9494422177834207
2004-05-11,0,0.9999827956602171,1.720433978229211e-05
2004-05-12,1,0.0006792770499798141,0.9993207229500206
2004-05-13,1,5.549686635521037e-05,0.9999445031336432
2004-05-14,0,0.9999998184140613,1.8158593900892282e-07
2004-05-15,1,0.00034262259167583116,0.999657377408325
2004-05-16,1,4.689769240486599e-09,0.9999999953102297
2004-05-17,0,0.9999999758257679,2.417423163773505e-08
2004-05-18,0,0.9999999092937172,9.07062836733735e-08
2004-05-19,1,0.02523064396915347,0.9747693560308478
2004-05-20,0,0.9999999997876952,2.123054006525249e-10
2004-05-21,0,1.0,9.053942716937323e-63
2004-05-22,1,3.161381317094195e-08,0.9999999683861885
2004-05-23,1,1.1461611945648115e-10,0.9999999998853824
2004-05-24,1,1.876519805615272e-09,0.9999999981234815
2004-05-25,0,1.0,8.580654453297637e-60
2004-05-26,0,1.0,3.14712716005261e-21
2004-05-27,0,0.9999999999999503,5.053535530318212e-14
2004-05-28,0,0.5189304168946587,0.48106958310534115
2004-05-29,0,1.0,3.49834892246103e-21
2004-05-30,0,0.9104444297624463,0.08955557023755333
2004-05-31,0,1.0,1.0543250799714989e-29
2004-06-01,0,0.9830077440569156,0.01699225594308501
2004-06-02,0,0.999999992884403,7.115596993995069e-09
2004-06-03,0,1.0,4.4583761345514413e-26
2004-06-04,1,0.46923954906985693,0.5307604509301432
2004-06-05,1,3.8175699688671423e-34,1.0
2004-06-06,1,5.58450924755805e-26,1.0
2004-06-07,0,1.0,1.8856558656087098e-20
2004-06-08,0,1.0,1.2143532476937108e-17
2004-06-09,0,1.0,3.0653622247219427e-29
2004-06-10,0,1.0,1.2993199545906894e-26
2004-06-11,0,1.0,1.2971779695881418e-21
2004-06-12,1,5.123502555559336e-10,0.999999999487649
2004-06-13,1,1.226072898992148e-06,0.9999987739271019
2004-06-14,1,0.18306749849059345,0.8169325015094067
2004-06-15,0,1.0,1.17744523459868e-48
2004-06-16,0,1.0,3.422032105335887e-54
2004-06-17,0,0.9999998767516911,1.232483087203727e-07
2004-06-18,0,1.0,3.836697109210655e-21
2004-06-19,0,0.9999999998983728,1.0162693855107578e-10
2004-06-20,1,3.581282957255505e-28,1.0
2004-06-21,1,3.594036565315362e-11,0.9999999999640607
2004-06-22,0,1.0,2.5169314754280087e-20
2004-06-23,1,0.0034454414392207397,0.996554558560778
2004-06-24,0,0.9999999999997442,2.555099366290887e-13
2004-06-25,0,1.0,4.831631948202077e-35
2004-06-26,0,0.8623181410829378,0.13768185891706222
2004-06-27,1,0.0006148056884325484,0.9993851943115679
2004-06-28,0,0.9999999975239682,2.476031857016932e-09
2004-06-29,1,0.00019135185472012137,0.9998086481452814
2004-06-30,0,1.0,6.381762056300759e-34
2004-07-01,0,0.9972916010926955,0.0027083989073037836
2004-07-02,0,0.999999998561492,1.4385077266858083e-09
2004-07-03,0,0.9999996138798418,3.8612015736513415e-07
2004-07-04,1,0.00022426240755009296,0.9997757375924515
2004-07-05,1,3.547556676555198e-06,0.9999964524433239
2004-07-06,0,0.9999979089276567,2.091072343155172e-06
2004-07-07,1,0.0038895472545376806,0.9961104527454625
2004-07-08,0,1.0,2.710388980667902e-17
2004-07-09,0,1.0,3.209507003086924e-16
2004-07-10,0,0.9999317839272386,6.821607276094192e-05
2004-07-11,1,6.217515874587592e-15,0.9999999999999929
2004-07-12,0,0.9623082074198629,0.03769179258013641
2004-07-13,1,0.3708594359704853,0.6291405640295147
2004-07-14,1,2.2409766366714738e-15,0.9999999999999964
2004-07-15,1,1.9307995321652424e-11,0.999999999980691
2004-07-16,1,3.4605963689330517e-20,1.0
2004-07-17,1,3.394540369122988e-11,0.9999999999660538
2004-07-18,1,2.0388493809711496e-20,1.0
2004-07-19,1,6.508851342758703e-12,0.9999999999934914
2004-07-20,1,6.337479900384309e-16,1.0
2004-07-21,1,3.1049632911982234e-08,0.9999999689503665
2004-07-22,1,1.103967840338148e-12,0.9999999999988951
2004-07-23,1,1.2389849378133751e-11,0.9999999999876117
2004-07-24,1,4.658370015260713e-26,1.0
2004-07-25,1,1.3755529726017868e-10,0.999999999862446
2004-07-26,1,1.4535417295085582e-05,0.9999854645827038
2004-07-27,1,9.051715919422406e-10,0.999999999094829
2004-07-28,1,9.131265210117723e-10,0.9999999990868744
2004-07-29,1,2.4615621660878865e-06,0.9999975384378345
2004-07-30,1,2.4714546868547257e-09,0.9999999975285441
2004-07-31,1,7.0953994804833705e-25,1.0
2004-08-01,1,1.3964924764477664e-08,0.9999999860350748
2004-08-02,1,9.247767218276466e-09,0.999999990752233
2004-08-03,0,0.9999999998585292,1.4147036034431003e-10
2004-08-04,0,0.9999999999969607,3.0390164619232888e-12
2004-08-05,1,2.7730069133573704e-09,0.9999999972269933
2004-08-06,1,1.1545139894824024e-07,0.9999998845486
2004-08-07,1,3.87184438097089e-11,0.9999999999612825
2004-08-08,1,3.4247733274390336e-21,1.0
2004-08-09,1,1.858197026971036e-11,0.9999999999814193
2004-08-10,1,1.4846597793147638e-06,0.9999985153402208
2004-08-11,1,0.0001953461785333075,0.9998046538214683
2004-08-12,1,7.794343910040626e-11,0.999999999922057
2004-08-13,1,1.5609336517403646e-08,0.9999999843906623
2004-08-14,1,1.0556774625660542e-07,0.9999998944322555
2004-08-15,1,3.179381645680433e-14,0.999999999999968
2004-08-16,1,8.18433309714876e-10,0.9999999991815685
2004-08-17,1,5.93037699673178e-05,0.9999406962300322
2004-08-18,1,0.014054893755782205,0.9859451062442184
2004-08-19,1,9.529861832093135e-10,0.999999999047013
2004-08-20,1,3.2150365140526375e-10,0.9999999996784972
2004-08-21,1,4.942224865693004e-18,1.0
2004-08-22,1,1.3504586574243528e-26,1.0
2004-08-23,1,2.0684762199261682e-07,0.9999997931523766
2004-08-24,0,0.9999999999602913,3.970891389414037e-11
2004-08-25,0,0.999999981276176,1.8723823292716712e-08
2004-08-26,1,1.4298582460724657e-05,0.9999857014175396
2004-08-27,1,5.710832239812905e-10,0.9999999994289155
2004-08-28,1,3.513756719738803e-08,0.9999999648624331
2004-08-29,1,7.049684197440977e-09,0.9999999929503147
2004-08-30,1,3.904592844751372e-09,0.9999999960954078
2004-08-31,1,0.0003082599877023852,0.999691740012299
2004-09-01,1,0.00027893933602532916,0.9997210606639764
2004-09-02,0,1.0,1.35642818330382e-195
2004-09-03,1,4.708703094155639e-13,0.9999999999995275
2004-09-04,1,5.7874635153314805e-09,0.999999994212537
2004-09-05,1,2.502165016471213e-30,1.0
2004-09-06,1,0.0009583362781794334,0.9990416637218208
2004-09-07,0,1.0,1.3673064964487689e-36
2004-09-08,0,1.0,2.2500239820051985e-20
2004-09-09,1,4.258335149244095e-09,0.9999999957416641
2004-09-10,1,0.00032835068013393,0.9996716493198672
2004-09-11,1,1.2205869077465854e-10,0.999999999877943
2004-09-12,1,9.970279574148202e-07,0.9999990029720426
2004-09-13,0,0.716750983036506,0.28324901696349447
2004-09-14,1,2.749187770361672e-07,0.9999997250812229
2004-09-15,0,0.9999998545391512,1.4546084854536644e-07
2004-09-16,0,0.9999999999986269,1.3727243315769996e-12
2004-09-17,1,3.365399104555234e-07,0.999999663460091
2004-09-18,1,5.61901321204393e-10,0.9999999994380993
2004-09-19,1,5.0754341121562945e-39,1.0
2004-09-20,0,0.9999935942539828,6.405746018167739e-06
2004-09-21,0,1.0,5.416531283476051e-16
2004-09-22,0,1.0,4.590361645785514e-17
2004-09-23,0,1.0,3.6916131129339315e-76
2004-09-24,1,1.986221539676448e-07,0.999999801377845
2004-09-25,1,1.9220042032145076e-34,1.0
2004-09-26,1,7.088742461756008e-45,1.0
2004-09-27,0,0.9999999995464215,4.535779515092249e-10
2004-09-28,1,0.0011393424249030871,0.9988606575750978
2004-09-29,1,0.3325565614602418,0.6674434385397567
2004-09-30,0,0.9999999998999893,1.0001032595248318e-10
2004-10-01,0,0.9999997923054844,2.076945154227196e-07
2004-10-02,1,4.67023640963582e-06,0.9999953297635914
2004-10-03,1,4.471393397068617e-08,0.9999999552860653
2004-10-04,0,0.9999999351577585,6.484224156631778e-08
2004-10-05,1,0.0003030510046128131,0.999696948995387
2004-10-06,0,0.9908177211610233,0.009182278838976415
2004-10-07,0,0.9413656741844556,0.05863432581554451
2004-10-08,1,5.832364258533763e-12,0.9999999999941664
2004-10-09,1,3.254209623123276e-16,1.0
2004-10-10,1,2.4687815034831283e-22,1.0
2004-10-11,0,0.9983274406412462,0.0016725593587543653
2004-10-12,1,8.784666380861958e-20,1.0
2004-10-13,0,1.0,9.990509911235509e-89
2004-10-14,1,5.500395557772118e-21,1.0
2004-10-15,1,2.0974471868573674e-36,1.0
2004-10-16,1,1.9433368300189357e-64,1.0
2004-10-17,1,3.604660748210512e-20,1.0
2004-10-18,1,1.5474704043405871e-21,1.0
2004-10-19,1,0.0035167023188898577,0.9964832976811097
2004-10-20,0,0.999065117226572,0.0009348827734279067
2004-10-21,1,1.1922437871250464e-05,0.99998807756213
2004-10-22,1,4.92392533408843e-07,0.9999995076074666
2004-10-23,1,1.1586537717969994e-42,1.0
2004-10-24,1,1.3626005265099878e-16,1.0
2004-10-25,1,3.1472271184888793e-09,0.9999999968527717
2004-10-26,1,6.52832728659025e-08,0.9999999347167282
2004-10-27,0,1.0,2.6351915063940974e-18
2004-10-28,1,3.4175486814816164e-05,0.9999658245131864
2004-10-29,0,0.9999994512455639,5.487544364810554e-07
2004-10-30,1,6.109826094027239e-11,0.9999999999389004
2004-10-31,1,2.0443573025913238e-14,0.9999999999999787
2004-11-01,1,1.8687559185572936e-12,0.9999999999981313
2004-11-02,1,0.00035678881149374457,0.999643211188507
2004-11-03,0,1.0,1.6461827088445825e-22
2004-11-04,1,0.007904606474124939,0.9920953935258751
2004-11-05,1,5.104609175445659e-10,0.999999999489539
2004-11-06,1,9.877015529376778e-12,0.9999999999901235
2004-11-07,1,6.010709225215828e-10,0.9999999993989306
2004-11-08,0,1.0,1.0605613443117772e-24
2004-11-09,0,1.0,1.2761758474732272e-24
2004-11-10,1,5.68984140167519e-12,0.9999999999943086
2004-11-11,0,0.9999999999911182,8.881906951202176e-12
2004-11-12,1,6.799328035856119e-10,0.9999999993200674
2004-11-13,0,1.0,5.482867617350519e-18
2004-11-14,1,2.2233784422384262e-07,0.9999997776621575
2004-11-15,1,1.7797899803662016e-12,0.9999999999982201
2004-11-16,1,0.00034040636057687524,0.9996595936394218
2004-11-17,0,0.9985822196909542,0.001417780309045852
2004-11-18,1,5.231567623158012e-11,0.9999999999476827
2004-11-19,1,1.3037435899062405e-06,0.9999986962564095
2004-11-20,1,1.1568783745319307e-16,1.0
2004-11-21,1,1.7171639533032875e-27,1.0
2004-11-22,0,0.994101784144209,0.00589821585579192
2004-11-23,1,0.0005701485519538175,0.9994298514480477
2004-11-24,0,0.9423135659966664,0.05768643400333358
2004-11-25,0,0.9999452211406143,5.477885938572015e-05
2004-11-26,1,4.4886678490772394e-10,0.9999999995511324
2004-11-27,1,9.221184975395304e-11,0.9999999999077893
2004-11-28,1,6.643909149847248e-37,1.0
2004-11-29,0,0.9998013202375572,0.00019867976244368913
2004-11-30,1,0.11751888885785468,0.8824811111421443
2004-12-01,1,1.2477385019393574e-10,0.9999999998752251
2004-12-02,1,1.1331602512228022e-18,1.0
2004-12-03,1,2.5064584385585668e-09,0.9999999974935427
2004-12-04,1,1.5506035491948482e-08,0.9999999844939645
2004-12-05,1,8.291345126387209e-06,0.9999917086548722
2004-12-06,0,0.999999998626036,1.3739633026085313e-09
2004-12-07,1,0.09017740990982813,0.9098225900901722
2004-12-08,1,2.978111587169155e-09,0.999999997021888
2004-12-09,0,1.0,3.3649918847100346e-24
2004-12-10,0,0.9999999999999929,6.390881267770442e-15
2004-12-11,1,4.034066728156923e-48,1.0
2004-12-12,1,2.8325632324633387e-33,1.0
2004-12-13,1,0.0009732590669024685,0.9990267409330962
2004-12-14,1,0.015132804775324065,0.9848671952246768
2004-12-15,1,3.830825594599997e-17,1.0
2004-12-16,1,1.742295534296242e-12,0.9999999999982592
2004-12-17,1,4.4379634001213726e-10,0.9999999995562021
2004-12-18,1,2.791091174936872e-21,1.0
2004-12-19,1,1.4120709014724433e-17,1.0
2004-12-20,1,1.4786545019882288e-07,0.9999998521345506
2004-12-21,0,1.0,1.6455215737699778e-25
2004-12-22,0,1.0,3.9943628130590364e-54
2004-12-23,1,0.09405437001603412,0.905945629983966
2004-12-24,1,0.09417449644362678,0.9058255035563727
2004-12-25,1,2.672341157019673e-15,0.9999999999999964
2004-12-26,1,4.005696602501815e-15,0.9999999999999964
2004-12-27,1,2.0970483976823694e-08,0.9999999790295144
2004-12-28,1,3.536480886908787e-13,0.9999999999996447
2004-12-29,1,3.3255003630571256e-09,0.9999999966745001
2004-12-30,1,6.093430254707044e-10,0.9999999993906563
2004-12-31,1,9.474222537901194e-36,1.0
2005-01-01,1,6.836087115560899e-19,1.0
2005-01-02,1,0.0020495650908279447,0.997950434909173
2005-01-03,1,0.03463989591849755,0.9653601040815007
2005-01-04,1,6.881417903332426e-11,0.9999999999311875
2005-01-05,1,0.16749535549203315,0.8325046445079668
2005-01-06,1,3.18243753422431e-09,0.9999999968175608
2005-01-07,1,1.5233273062261683e-09,0.9999999984766745
2005-01-08,1,3.156229131525083e-07,0.9999996843770874
2005-01-09,1,4.922268603637461e-17,1.0
2005-01-10,1,1.0911879152549044e-12,0.9999999999989093
2005-01-11,1,5.942562577778306e-09,0.9999999940574362
2005-01-12,1,6.072252767367086e-09,0.999999993927748
2005-01-13,1,1.0306389763060777e-12,0.9999999999989697
2005-01-14,1,4.010686748082147e-13,0.9999999999995985
2005-01-15,1,8.200622818733105e-38,1.0
2005-01-16,1,3.275844480382662e-12,0.9999999999967244
2005-01-17,1,5.437331818928791e-08,0.9999999456266814
2005-01-18,1,7.79389973818406e-09,0.9999999922060994
2005-01-19,1,1.1989073172559847e-07,0.9999998801092681
2005-01-20,1,4.0949330180005815e-15,0.9999999999999964
2005-01-21,1,3.8225691134510955e-08,0.9999999617743079
2005-01-22,1,3.0340697175337926e-06,0.9999969659302812
2005-01-23,1,2.665493438979376e-07,0.9999997334506574
2005-01-24,1,3.2987408108506164e-22,1.0
2005-01-25,0,1.0,9.886256805861436e-188
2005-01-26,0,0.999937081338354,6.291866164626268e-05
2005-01-27,1,4.638469611263117e-23,1.0
2005-01-28,1,7.526034782172818e-10,0.9999999992473967
2005-01-29,1,7.868063685685005e-15,0.9999999999999929
2005-01-30,1,2.154798772342537e-20,1.0
2005-01-31,1,1.9924981392895577e-15,0.9999999999999964
2005-02-01,1,1.735902914071424e-12,0.9999999999982627
2005-02-02,1,4.4875783682463515e-10,0.9999999995512425
2005-02-03,1,2.0928732559385203e-12,0.9999999999979075
2005-02-04,1,1.6921378695855844e-12,0.9999999999983089
2005-02-05,1,6.643808891469613e-15,0.9999999999999929
2005-02-06,1,2.7724424537804625e-40,1.0
2005-02-07,0,1.0,5.153509760102324e-215
2005-02-08,0,1.0,1.858339925185934e-43
2005-02-09,1,1.8003594407496637e-11,0.9999999999819948
2005-02-10,1,3.3560766888621505e-19,1.0
2005-02-11,1,1.6215858392313768e-12,0.99999999999838
2005-02-12,1,2.4220022195543423e-22,1.0
2005-02-13,1,6.70275871074244e-12,0.999999999993296
2005-02-14,1,1.6971387730386943e-06,0.9999983028612269
2005-02-15,1,4.027321772325204e-12,0.9999999999959712
2005-02-16,1,5.0778360875177545e-08,0.9999999492216403
2005-02-17,1,0.00022377325199452426,0.9997762267480056
2005-02-18,0,0.9999574651050406,4.2534894959016566e-05
2005-02-19,0,0.9321237576183372,0.0678762423816614
2005-02-20,1,2.089120391080984e-06,0.9999979108796078
2005-02-21,0,1.0,1.6096559740705742e-83
2005-02-22,0,0.9999999994232489,5.767514336907018e-10
2005-02-23,0,1.0,6.7129914638690695e-189
2005-02-24,1,3.583242285258529e-06,0.9999964167577141
2005-02-25,0,0.9990259819331324,0.0009740180668672128
2005-02-26,1,1.0598689491766697e-07,0.9999998940131064
2005-02-27,0,0.9560966791940976,0.04390332080590283
2005-02-28,1,3.2080475011142583e-06,0.9999967919524991
2005-03-01,1,0.05168935787154798,0.948310642128453
2005-03-02,0,1.0,2.0024854910291572e-23
2005-03-03,0,0.9999586090412177,4.1390958783056145e-05
2005-03-04,1,2.2905834830137626e-07,0.9999997709416504
2005-03-05,1,1.9102913440749359e-59,1.0
2005-03-06,1,1.782503537075014e-31,1.0
2005-03-07,1,5.277560849268813e-10,0.9999999994722444
2005-03-08,0,0.999999999862883,1.3711680084176642e-10
2005-03-09,1,7.831709678046631e-08,0.9999999216829027
2005-03-10,1,1.9762700430819154e-05,0.9999802372995702
2005-03-11,0,1.0,1.6208877146373925e-87
2005-03-12,0,0.99998776576098,1.2234239019260225e-05
2005-03-13,1,1.776814791519874e-13,0.9999999999998224
2005-03-14,1,2.747585829210748e-08,0.9999999725241405
2005-03-15,1,1.0103834501152444e-08,0.999999989896164
2005-03-16,1,0.016157833994851017,0.983842166005149
2005-03-17,1,3.284527185996539e-08,0.9999999671547292
2005-03-18,1,4.661389881264762e-10,0.9999999995338626
2005-03-19,1,5.946755391958004e-10,0.9999999994053255
2005-03-20,1,6.807854298572209e-13,0.9999999999993179
2005-03-21,1,1.5974242336093103e-15,1.0
2005-03-22,1,3.460998897520202e-09,0.9999999965389996
2005-03-23,1,2.0661969350503938e-22,1.0
2005-03-24,1,1.7520299570930876e-11,0.9999999999824816
2005-03-25,1,1.0996144725524526e-13,0.9999999999998899
2005-03-26,1,3.000703179571102e-12,0.999999999996998
2005-03-27,1,2.9432323593085464e-21,1.0
2005-03-28,1,3.233553128035407e-09,0.9999999967664479
2005-03-29,1,3.855406399378268e-06,0.9999961445936021
2005-03-30,1,1.3006424724538733e-06,0.9999986993575266
2005-03-31,1,1.4206123748925342e-09,0.999999998579387
2005-04-01,1,1.048390337266342e-08,0.9999999895160983
2005-04-02,1,1.2808275282373686e-46,1.0
2005-04-03,1,1.920783304399061e-40,1.0
2005-04-04,1,6.7320834907593914e-12,0.9999999999932676
2005-04-05,1,3.171710710956312e-32,1.0
2005-04-06,1,6.76075858889369e-22,1.0
2005-04-07,1,4.326929524766051e-11,0.9999999999567315
2005-04-08,1,8.238497367360548e-28,1.0
2005-04-09,1,3.8078415044796886e-24,1.0
2005-04-10,1,1.0634786667641111e-17,1.0
2005-04-11,1,3.6579061156373617e-09,0.999999996342094
2005-04-12,1,2.668522068301866e-29,1.0
2005-04-13,1,2.3961115032883557e-26,1.0
2005-04-14,1,0.0002589570880748146,0.9997410429119248
2005-04-15,1,4.5361843604957897e-10,0.9999999995463824
2005-04-16,1,1.5180591610442875e-07,0.9999998481940837
2005-04-17,1,2.728858971672629e-07,0.9999997271141029
2005-04-18,1,7.984053215219495e-07,0.9999992015946785
2005-04-19,0,1.0,4.682346473229093e-97
2005-04-20,0,1.0,4.990175277485799e-75
2005-04-21,0,1.0,3.632451665041579e-43
2005-04-22,0,0.9998407162502458,0.00015928374975393228
2005-04-23,0,1.0,2.960761374739901e-20
2005-04-24,1,2.5620007850255993e-21,1.0
2005-04-25,1,2.874274345666788e-07,0.9999997125725657
2005-04-26,1,1.2978836598189788e-07,0.9999998702116328
2005-04-27,1,1.4357096815470817e-08,0.9999999856429014
2005-04-28,1,5.449877884015873e-08,0.9999999455012208
2005-04-29,1,3.4031715030502134e-10,0.999999999659682
2005-04-30,1,0.08570898898347702,0.914291011016523
2005-05-01,1,2.8540835024179445e-12,0.9999999999971472
2005-05-02,1,3.37809929050599e-08,0.9999999662190083
2005-05-03,1,8.742917330414861e-07,0.9999991257082661
2005-05-04,1,1.6754939686806547e-06,0.999998324506031
2005-05-05,1,1.8673883016091057e-09,0.999999998132612
2005-05-06,1,5.804652947922582e-09,0.9999999941953455
2005-05-07,1,2.5664994987737106e-07,0.9999997433500499
2005-05-08,1,1.6174759116140962e-07,0.9999998382524093
2005-05-09,1,2.5527121461727135e-15,0.9999999999999964
2005-05-10,1,8.624050896027348e-10,0.9999999991375965
2005-05-11,1,5.972401761583591e-11,0.9999999999402753
2005-05-12,1,1.4545032479375844e-12,0.9999999999985469
2005-05-13,1,9.200373340852792e-11,0.9999999999079954
2005-05-14,1,7.378203413194276e-20,1.0
2005-05-15,1,1.2894443548408744e-30,1.0
2005-05-16,0,1.0,0.0
2005-05-17,0,0.9999999954984791,4.501520585646626e-09
2005-05-18,1,9.555658557504848e-09,0.9999999904443406
2005-05-19,1,3.5593385004283554e-07,0.9999996440661499
2005-05-20,1,4.518373129960086e-09,0.9999999954816268
2005-05-21,0,1.0,2.0416442048538037e-74
2005-05-22,1,3.3978635205688535e-25,1.0
2005-05-23,1,1.3574395738818254e-12,0.9999999999986429
2005-05-24,1,5.675820060349247e-08,0.9999999432417982
2005-05-25,1,5.444059071668811e-11,0.9999999999455582
2005-05-26,1,4.711924651242244e-10,0.9999999995288071
2005-05-27,1,1.2898241291030345e-10,0.9999999998710187
2005-05-28,1,6.898364501081316e-12,0.9999999999931006
2005-05-29,1,8.062732583489966e-19,1.0
2005-05-30,1,1.1596285720254414e-21,1.0
2005-05-31,1,3.521274393463125e-28,1.0
2005-06-01,1,1.0446521639043172e-18,1.0
2005-06-02,1,2.1112408536666756e-14,0.9999999999999787
2005-06-03,1,9.85287831358964e-09,0.9999999901471206
2005-06-04,1,1.0047748841014812e-06,0.9999989952251166
2005-06-05,1,2.1507359654801576e-05,0.9999784926403463
2005-06-06,0,0.9999999597230652,4.027693558287753e-08
2005-06-07,0,1.0,2.0633873217681735e-111
2005-06-08,0,1.0,9.461474504412421e-63
2005-06-09,1,2.1848770732394307e-10,0.9999999997815117
2005-06-10,0,1.0,1.1770679921770903e-189
2005-06-11,0,1.0,9.272145819446004e-170
2005-06-12,0,1.0,3.03973745419698e-171
2005-06-13,0,1.0,2.680691878815814e-239
2005-06-14,0,0.9999999997199769,2.800226621483788e-10
2005-06-15,1,8.895717859548908e-12,0.999999999991104
2005-06-16,0,1.0,7.004677435883932e-42
2005-06-17,1,0.00010996287753299217,0.9998900371224664
2005-06-18,1,2.3977572405788768e-06,0.9999976022427579
2005-06-19,1,6.835709349683826e-16,1.0
2005-06-20,1,3.562235108247047e-09,0.999999996437765
2005-06-21,1,1.2600384632538606e-07,0.9999998739961535
2005-06-22,0,0.9909302664300661,0.00906973356993458
2005-06-23,0,1.0,0.0
2005-06-24,1,1.571543120247117e-09,0.9999999984284571
2005-06-25,1,2.202009885656842e-15,0.9999999999999964
2005-06-26,1,6.119845098962971e-27,1.0
2005-06-27,0,0.9999999848696338,1.5130366891961968e-08
2005-06-28,0,1.0,1.7294078152901034e-25
2005-06-29,1,6.11242546495058e-08,0.9999999388757442
2005-06-30,0,0.9999999999998312,1.6831582981500007e-13
2005-07-01,1,3.808708623505013e-12,0.9999999999961915
2005-07-02,1,1.5043726013432472e-11,0.9999999999849578
2005-07-03,1,2.9467444661569887e-12,0.9999999999970548
2005-07-04,1,1.784389868233407e-27,1.0
2005-07-05,1,6.541566154737948e-11,0.9999999999345839
2005-07-06,1,1.6291952755456771e-12,0.9999999999983693
2005-07-07,1,2.7227997096341805e-14,0.9999999999999716
2005-07-08,1,2.4238095123961925e-19,1.0
2005-07-09,1,4.842803185129189e-10,0.9999999995157189
2005-07-10,1,4.17543160493595e-20,1.0
2005-07-11,1,2.1758666550115787e-08,0.9999999782413342
2005-07-12,1,0.004432154757325089,0.9955678452426757
2005-07-13,0,0.9195198993697814,0.08048010063021899
2005-07-14,0,0.8710152163574432,0.1289847836425571
2005-07-15,0,1.0,3.2228962356535035e-43
2005-07-16,1,4.757023018133485e-15,0.9999999999999964
2005-07-17,1,1.1010580752114014e-09,0.999999998898943
2005-07-18,1,6.451183352626473e-08,0.999999935488168
2005-07-19,1,9.908180513916326e-18,1.0
2005-07-20,1,6.560964476119568e-44,1.0
2005-07-21,0,1.0,5.601406172581316e-102
2005-07-22,1,6.325128955852134e-09,0.9999999936748694
2005-07-23,1,1.0395689777002993e-09,0.9999999989604298
2005-07-24,1,6.023800882117326e-60,1.0
2005-07-25,1,2.211803327305736e-12,0.9999999999977867
2005-07-26,1,6.231099698162751e-25,1.0
2005-07-27,1,6.0963421338774455e-25,1.0
2005-07-28,1,1.6649213237593966e-10,0.9999999998335092
2005-07-29,1,4.405354430702053e-27,1.0
2005-07-30,1,3.8820599263556715e-15,0.9999999999999964
2005-07-31,1,7.432081690243343e-51,1.0
2005-08-01,1,1.1079915046849666e-15,1.0
2005-08-02,1,1.693807581227097e-05,0.9999830619241863
2005-08-03,1,7.735039593232743e-10,0.9999999992264961
2005-08-04,1,0.00019591942362420428,0.9998040805763773
2005-08-05,0,1.0,2.8044976386720955e-51
2005-08-06,1,4.919765390570784e-16,1.0
2005-08-07,1,3.758519410601965e-21,1.0
2005-08-08,1,1.8553273056983996e-10,0.9999999998144666
2005-08-09,1,4.021575095345477e-06,0.9999959784249063
2005-08-10,1,2.235233306782395e-17,1.0
2005-08-11,1,2.456027976124702e-09,0.9999999975439735
2005-08-12,1,0.00018839390377368748,0.9998116060962282
2005-08-13,1,7.971286157209529e-21,1.0
2005-08-14,1,5.028064583175252e-09,0.9999999949719367
2005-08-15,1,2.676153047023992e-21,1.0
2005-08-16,1,0.002181055666879905,0.9978189443331213
2005-08-17,1,1.910879196032323e-08,0.9999999808912075
2005-08-18,1,1.6980457149426666e-09,0.9999999983019556
2005-08-19,1,0.020075690491195803,0.9799243095088024
2005-08-20,1,4.0156983994736523e-19,1.0
2005-08-21,1,1.1189475515803763e-09,0.9999999988810515
2005-08-22,0,1.0,6.362339426817904e-164
2005-08-23,0,0.9999999979242258,2.0757738706370083e-09
2005-08-24,1,0.027318479951802647,0.9726815200481966
2005-08-25,1,4.3475529648538143e-11,0.9999999999565254
2005-08-26,1,3.652672921612087e-10,0.9999999996347313
2005-08-27,1,1.3670247352229645e-10,0.9999999998632987
2005-08-28,1,1.4047272858442518e-38,1.0
2005-08-29,1,0.00015438093117546174,0.9998456190688261
2005-08-30,0,0.9999613648735329,3.863512646664905e-05
2005-08-31,1,7.096282278791747e-08,0.9999999290371758
2005-09-01,1,3.6343632440359386e-13,0.9999999999996376
2005-09-02,1,7.959008965908474e-12,0.9999999999920419
2005-09-03,1,8.379453788048864e-33,1.0
2005-09-04,1,4.725104826916091e-31,1.0
2005-09-05,1,6.158500141471668e-15,0.9999999999999929
2005-09-06,1,1.627100620732536e-06,0.999998372899379
2005-09-07,1,3.048799732223455e-12,0.9999999999969518
2005-09-08,0,0.999994413114418,5.586885581873669e-06
2005-09-09,0,0.9999999924014684,7.598531360320874e-09
2005-09-10,1,3.605596548215474e-12,0.999999999996394
2005-09-11,1,2.3228487387465397e-17,1.0
2005-09-12,1,1.0537117235954308e-11,0.9999999999894627
2005-09-13,1,1.2300965615006411e-10,0.9999999998769908
2005-09-14,1,1.1802227812476576e-12,0.9999999999988205
2005-09-15,1,3.533201484696999e-12,0.9999999999964686
2005-09-16,1,3.827137861380599e-49,1.0
2005-09-17,1,1.2560653182779047e-11,0.9999999999874412
2005-09-18,1,3.221882891290206e-35,1.0
2005-09-19,1,7.671554605382724e-08,0.9999999232844553
2005-09-20,1,6.910408211566715e-11,0.9999999999308962
2005-09-21,1,1.5488021224343448e-09,0.999999998451198
2005-09-22,1,9.672223336044579e-12,0.9999999999903295
2005-09-23,1,9.096301362580265e-10,0.9999999990903703
2005-09-24,1,4.786720928251931e-09,0.9999999952132796
2005-09-25,1,1.0225934018585652e-09,0.9999999989774082
2005-09-26,0,0.9999999526774108,4.732258869970668e-08
2005-09-27,1,3.6888786565281703e-07,0.9999996311121327
2005-09-28,0,0.9915227739940659,0.008477226005934028
2005-09-29,0,0.9999968304463738,3.1695536256925247e-06
2005-09-30,0,0.9989703232328128,0.0010296767671863353
2005-10-01,1,1.648920256629102e-06,0.9999983510797451
2005-10-02,1,7.900556463893651e-12,0.9999999999920988
2005-10-03,0,0.9423565416613062,0.057643458338693235
2005-10-04,0,1.0,2.8198163805873976e-193
2005-10-05,1,0.003968060377238773,0.996031939622762
2005-10-06,1,0.0005148594088130816,0.9994851405911873
2005-10-07,1,5.444372583821778e-08,0.9999999455562737
2005-10-08,1,4.870705615552873e-21,1.0
2005-10-09,1,1.5676994831638093e-49,1.0
2005-10-10,1,1.5507969222695582e-08,0.9999999844920319
2005-10-11,1,6.317622756054899e-09,0.9999999936823762
2005-10-12,1,0.00021231278104321338,0.9997876872189551
2005-10-13,0,0.9999999681543171,3.184568337730411e-08
2005-10-14,0,1.0,7.662064278142271e-32
2005-10-15,1,8.346735395692222e-06,0.9999916532646045
2005-10-16,1,6.7493950322424055e-06,0.9999932506049668
2005-10-17,1,2.161485160478914e-08,0.9999999783851481
2005-10-18,1,1.633152100655081e-09,0.9999999983668495
2005-10-19,1,8.779085990123195e-09,0.9999999912209141
2005-10-20,0,0.9753489939448483,0.024651006055151702
2005-10-21,1,2.0906453240999457e-06,0.999997909354676
2005-10-22,1,5.2353174268940516e-15,0.9999999999999964
2005-10-23,1,1.3168550592694655e-08,0.9999999868314511
2005-10-24,0,1.0,1.138956317628525e-31
2005-10-25,0,0.9999999999998845,1.1478903565332982e-13
2005-10-26,0,1.0,2.908301636872872e-31
2005-10-27,0,1.0,3.86703140624334e-24
2005-10-28,1,2.4043260708257557e-11,0.9999999999759552
2005-10-29,1,1.5248280543965742e-08,0.999999984751721
2005-10-30,1,0.00015081503893446316,0.9998491849610638
2005-10-31,0,1.0,5.203508128540036e-46
2005-11-01,0,0.9999999999997584,2.4094272078483445e-13
2005-11-02,1,8.872658099800355e-07,0.99999911273419
2005-11-03,0,1.0,2.2224150198584633e-180
2005-11-04,0,1.0,0.0
2005-11-05,1,0.060110402178992973,0.9398895978210071
2005-11-06,1,0.00044163050404656874,0.9995583694959522
2005-11-07,1,6.327867339333423e-37,1.0
2005-11-08,0,1.0,7.400800480959786e-53
2005-11-09,0,1.0,1.1067982534193833e-33
2005-11-10,0,0.9999999997834426,2.1655712852923362e-10
2005-11-11,0,0.9999120414122886,8.795858771107047e-05
2005-11-12,0,0.9796573124579625,0.02034268754203786
2005-11-13,0,1.0,1.6190050073996213e-61
2005-11-14,0,1.0,1.5764961174957675e-107
2005-11-15,0,1.0,3.2699919575650945e-297
2005-11-16,0,1.0,2.6476827038540366e-61
2005-11-17,0,1.0,1.3978945820882456e-63
2005-11-18,0,1.0,3.097561274124129e-48
2005-11-19,0,0.9999999995437161,4.5628450759472213e-10
2005-11-20,0,0.9999945032604397,5.496739560965656e-06
2005-11-21,0,1.0,9.974004489669183e-200
2005-11-22,0,1.0,2.022958975107417e-106
2005-11-23,0,1.0,3.30816318247341e-281
2005-11-24,0,1.0,0.0
2005-11-25,0,1.0,2.8422045261867236e-96
2005-11-26,0,1.0,0.0
2005-11-27,0,1.0,5.882336777026944e-307
2005-11-28,0,1.0,1.5258870365296335e-62
2005-11-29,0,1.0,9.916802513343079e-60
2005-11-30,0,1.0,2.2827446739567367e-38
2005-12-01,0,0.9998543990215241,0.00014560097847642146
2005-12-02,1,0.08904477177384028,0.9109552282261605
2005-12-03,1,1.011462514499872e-07,0.9999998988537493
2005-12-04,1,3.0368107231399188e-09,0.9999999969631901
2005-12-05,1,3.7369332565224356e-05,0.9999626306674335
2005-12-06,1,1.3949572903124037e-08,0.9999999860504261
2005-12-07,1,1.1238656188411248e-10,0.9999999998876135
2005-12-08,1,3.108158860547996e-13,0.9999999999996909
2005-12-09,1,1.2505021310212518e-10,0.9999999998749516
2005-12-10,1,1.5734495746519043e-09,0.9999999984265493
2005-12-11,1,2.3215777186572897e-27,1.0
2005-12-12,1,2.313531333788152e-11,0.9999999999768647
2005-12-13,1,0.0003478023739802768,0.9996521976260185
2005-12-14,0,0.9999999325061074,6.749389271092848e-08
2005-12-15,1,2.6931551288219505e-11,0.9999999999730669
2005-12-16,1,2.842870726946995e-19,1.0
2005-12-17,1,4.7043294226442e-45,1.0
2005-12-18,1,1.375444641479711e-24,1.0
2005-12-19,1,8.771091751601008e-05,0.9999122890824831
2005-12-20,0,0.9999810150495045,1.898495049501287e-05
2005-12-21,1,0.4924027286557988,0.5075972713442006
2005-12-22,0,0.9999999999999698,3.1072310369049296e-14
2005-12-23,0,1.0,6.746964104360139e-36
2005-12-24,1,2.1357225852281175e-07,0.9999997864277411
2005-12-25,1,1.7247167996376168e-44,1.0
2005-12-26,1,6.59712303708241e-09,0.9999999934028772
2005-12-27,1,2.812347046502256e-06,0.9999971876529519
2005-12-28,1,3.6039085106196974e-08,0.9999999639609143
2005-12-29,1,4.287771481231082e-16,1.0
2005-12-30,1,1.1835767468550029e-34,1.0
2005-12-31,1,6.3996608325253745e-52,1.0
2006-01-01,1,1.0705476615537252e-05,0.9999892945233851
2006-01-02,1,1.4101378541020758e-12,0.9999999999985896
2006-01-03,1,6.322643596500398e-10,0.9999999993677342
2006-01-04,1,2.88548120672106e-12,0.9999999999971152
2006-01-05,1,7.945368190763128e-39,1.0
2006-01-06,1,6.71459853923815e-10,0.9999999993285407
2006-01-07,1,3.018060088302289e-20,1.0
2006-01-08,1,4.2456653842854305e-17,1.0
2006-01-09,1,7.868456561497811e-19,1.0
2006-01-10,1,1.8000799550254252e-09,0.9999999981999217
2006-01-11,1,4.0779610630046275e-21,1.0
2006-01-12,1,9.407748719191052e-34,1.0
2006-01-13,1,1.1404529930028966e-13,0.9999999999998863
2006-01-14,1,2.8892858385460293e-13,0.9999999999997122
2006-01-15,1,3.73864994140042e-33,1.0
2006-01-16,1,3.275683537430474e-14,0.999999999999968
2006-01-17,1,1.322433884458342e-24,1.0
2006-01-18,1,4.668728232468382e-28,1.0
2006-01-19,1,7.280618156404075e-10,0.9999999992719388
2006-01-20,1,4.720851618381186e-31,1.0
2006-01-21,0,1.0,2.3766530237083727e-307
2006-01-22,1,1.818660490657214e-07,0.9999998181339494
2006-01-23,1,1.4543303700611306e-11,0.9999999999854552
2006-01-24,1,9.61118973281714e-27,1.0
2006-01-25,1,9.82710216953349e-05,0.9999017289783039
2006-01-26,0,1.0,5.657893073524587e-20
2006-01-27,1,3.883551751718179e-45,1.0
2006-01-28,1,4.1633955745756835e-44,1.0
2006-01-29,1,1.1031484991213131e-09,0.9999999988968504
2006-01-30,1,2.361430771654647e-09,0.9999999976385681
2006-01-31,0,1.0,2.4686771309091535e-164
2006-02-01,1,5.581396923477044e-13,0.9999999999994422
2006-02-02,1,7.234774798501723e-11,0.9999999999276525
2006-02-03,1,1.0553531661293092e-16,1.0
2006-02-04,0,1.0,2.56603918328232e-50
2006-02-05,0,1.0,4.004527015997715e-66
2006-02-06,1,8.747482570537322e-12,0.9999999999912532
2006-02-07,1,1.6528626239205417e-09,0.999999998347139
2006-02-08,1,1.2589801902372513e-14,0.9999999999999858
2006-02-09,1,1.880648844016109e-13,0.9999999999998117
2006-02-10,1,4.0991262695508077e-10,0.9999999995900879
2006-02-11,1,0.23088414483939915,0.7691158551606009
2006-02-12,1,6.500691075541924e-08,0.9999999349930903
2006-02-13,1,3.130411860856433e-07,0.9999996869588151
2006-02-14,1,1.4291501620766626e-07,0.9999998570849828
2006-02-15,1,0.005639051427245464,0.9943609485727539
2006-02-16,1,7.101768291498204e-05,0.9999289823170859
2006-02-17,1,1.9196368412631427e-05,0.9999808036315887
2006-02-18,1,0.0027988879316281612,0.9972011120683731
2006-02-19,0,1.0,5.4620738094878485e-52
2006-02-20,0,1.0,3.978488502930532e-30
2006-02-21,1,4.69510606476142e-06,0.9999953048939341
2006-02-22,1,4.028828620050848e-11,0.9999999999597122
2006-02-23,1,2.0120089032620426e-09,0.9999999979879917
2006-02-24,1,0.000960027422379732,0.9990399725776187
2006-02-25,1,0.038060351743877445,0.9619396482561233
2006-02-26,1,1.9885387061235145e-09,0.9999999980114609
2006-02-27,1,7.412132421226869e-10,0.9999999992587867
2006-02-28,0,0.9997603322199725,0.00023966778002750542
2006-03-01,0,0.9999996384919975,3.615080027845322e-07
2006-03-02,1,0.00021362853598019856,0.9997863714640187
2006-03-03,1,4.226691773942687e-09,0.9999999957733081
2006-03-04,1,1.0476414751236676e-06,0.9999989523585259
2006-03-05,1,1.1907407361466239e-58,1.0
2006-03-06,1,3.512145592771897e-08,0.9999999648785447
2006-03-07,1,4.3193813763564494e-08,0.9999999568061861
2006-03-08,1,3.1971635895116815e-11,0.9999999999680291
2006-03-09,1,2.019719275295816e-15,0.9999999999999964
2006-03-10,0,1.0,1.5950247766751626e-263
2006-03-11,1,1.3461204198223717e-30,1.0
2006-03-12,0,1.0,3.8702841731738434e-62
2006-03-13,0,1.0,5.576487572600307e-128
2006-03-14,0,1.0,3.465236427989901e-200
2006-03-15,1,4.7384856711747e-08,0.9999999526151424
2006-03-16,1,2.151156956124032e-28,1.0
2006-03-17,0,1.0,1.0540499635719108e-54
2006-03-18,1,2.4940776063614532e-36,1.0
2006-03-19,1,1.7503397072247334e-20,1.0
2006-03-20,0,1.0,1.2087471962550432e-243
2006-03-21,0,1.0,3.166879820368547e-80
2006-03-22,1,4.4958990763898395e-07,0.9999995504100931
2006-03-23,0,1.0,3.4946169463591145e-81
2006-03-24,0,1.0,5.4936919765584395e-36
2006-03-25,0,0.9999915383740552,8.461625944557645e-06
2006-03-26,1,1.9470787163541364e-08,0.9999999805292143
2006-03-27,0,0.9999999999999805,2.0422226010772574e-14
2006-03-28,0,1.0,8.941607977740037e-33
2006-03-29,0,1.0,7.039125147929082e-16
2006-03-30,1,0.49964299664560113,0.5003570033543995
2006-03-31,0,0.8986987061768995,0.1013012938231003
2006-04-01,0,1.0,1.133256204860428e-33
2006-04-02,1,0.32124742480451485,0.6787525751954859
2006-04-03,1,6.866815282724483e-08,0.9999999313318485
2006-04-04,0,1.0,2.2521402886443605e-83
2006-04-05,0,1.0,2.906493442459976e-29
2006-04-06,0,0.9999999999999547,4.579535128874976e-14
2006-04-07,1,1.1594150408501107e-08,0.9999999884058504
2006-04-08,0,1.0,9.561631643863087e-40
2006-04-09,0,1.0,3.7977752961778094e-65
2006-04-10,0,1.0,8.663136115596511e-45
2006-04-11,0,1.0,2.5711705017886923e-27
2006-04-12,0,1.0,2.855937335536028e-63
2006-04-13,0,1.0,4.117126219223143e-47
2006-04-14,0,1.0,1.8647969730454106e-35
2006-04-15,1,1.8015741416183282e-10,0.9999999998198419
2006-04-16,0,1.0,1.3035545906916941e-24
2006-04-17,1,5.6402799251843296e-06,0.9999943597200742
2006-04-18,0,0.999999999264956,7.350442519110003e-10
2006-04-19,0,1.0,6.358144947108907e-61
2006-04-20,0,1.0,2.925218785184995e-41
2006-04-21,0,0.9997343983127244,0.00026560168727641717
2006-04-22,0,1.0,1.447665450377843e-35
2006-04-23,0,0.9999999999999929,6.593049238565862e-15
2006-04-24,0,1.0,1.7466295526766996e-21
2006-04-25,0,1.0,1.2888654792318098e-53
2006-04-26,0,1.0,3.080039498881869e-22
2006-04-27,0,0.99999999999973,2.7092962652025974e-13
2006-04-28,0,1.0,3.246196082303306e-58
2006-04-29,0,1.0,1.492962530869006e-60
2006-04-30,0,0.99999916038126,8.396187406459264e-07
2006-05-01,0,0.9999991365685844,8.634314154559387e-07
2006-05-02,0,1.0,3.5044301246978983e-74
2006-05-03,0,0.9999991667231009,8.332768995106451e-07
2006-05-04,0,0.5605938337118582,0.4394061662881416
2006-05-05,0,1.0,1.3820909030883355e-26
2006-05-06,0,1.0,3.1734945926490345e-98
2006-05-07,1,2.1399751040591852e-05,0.9999786002489588
2006-05-08,0,0.9999999999999574,4.319690723040107e-14
2006-05-09,1,0.0038228592266624658,0.9961771407733374
2006-05-10,0,0.9999999992509778,7.490215732233144e-10
2006-05-11,0,0.8130006931958885,0.18699930680411206
2006-05-12,1,0.340227014202584,0.6597729857974162
2006-05-13,1,6.92245359945337e-06,0.9999930775464002
2006-05-14,1,1.020516095996468e-05,0.9999897948390393
2006-05-15,1,0.002150967560565846,0.9978490324394358
2006-05-16,1,2.162215426259332e-06,0.9999978377845727
2006-05-17,1,1.447194970915929e-07,0.999999855280503
2006-05-18,0,1.0,1.4139024651589775e-83
2006-05-19,0,0.9999999999999982,1.8121955522818572e-15
2006-05-20,1,0.00011566597456600769,0.9998843340254355
2006-05-21,1,9.246296778270454e-06,0.9999907537032203
2006-05-22,1,4.224886855390974e-05,0.9999577511314465
2006-05-23,1,1.5750454599161947e-05,0.9999842495453992
2006-05-24,0,1.0,6.6261465086756964e-40
2006-05-25,0,0.9999999974294624,2.5705376420652147e-09
2006-05-26,0,0.9999999999978062,2.1945682953250682e-12
2006-05-27,0,0.9994932563947806,0.0005067436052202693
2006-05-28,1,9.478987226547267e-08,0.9999999052101289
2006-05-29,0,1.0,2.5940006010661644e-19
2006-05-30,0,1.0,2.205740668748379e-37
2006-05-31,0,1.0,6.544498013114877e-28
2006-06-01,0,1.0,5.039423943134445e-50
2006-06-02,0,1.0,5.046995350874469e-31
2006-06-03,0,1.0,1.8134248792203885e-30
2006-06-04,1,2.5112319806687764e-05,0.9999748876801944
2006-06-05,0,1.0,2.850191128723582e-35
2006-06-06,0,1.0,9.645763065739895e-223
2006-06-07,0,1.0,4.138552200808223e-40
2006-06-08,0,1.0,2.2871008754249852e-76
2006-06-09,0,1.0,8.287116821038195e-133
2006-06-10,0,0.9999999818577302,1.814226882112471e-08
2006-06-11,1,2.345088795789905e-06,0.9999976549112047
2006-06-12,0,1.0,4.3137339749517494e-175
2006-06-13,0,1.0,6.821919278045679e-18
2006-06-14,0,1.0,5.035830623156319e-55
2006-06-15,0,1.0,2.2705976094876272e-46
2006-06-16,0,0.965638368999741,0.03436163100025856
2006-06-17,0,0.9999999950709189,4.9290810588513256e-09
2006-06-18,1,8.260770650168881e-08,0.9999999173922943
2006-06-19,0,1.0,3.849765573271764e-16
2006-06-20,0,1.0,8.341708225926552e-139
2006-06-21,0,1.0,1.0452030873144326e-256
2006-06-22,0,1.0,7.949074775230917e-85
2006-06-23,0,1.0,3.074982546234882e-212
2006-06-24,0,1.0,2.0601066356210844e-88
2006-06-25,0,1.0,5.793955705604805e-37
2006-06-26,0,1.0,3.906916866810939e-158
2006-06-27,0,1.0,9.373376478297764e-91
2006-06-28,0,1.0,7.554667555962266e-155
2006-06-29,0,1.0,4.300362603493906e-49
2006-06-30,0,1.0,5.727373178375368e-88
2006-07-01,0,1.0,2.616358111309754e-219
2006-07-02,0,1.0,7.60434048750122e-189
2006-07-03,0,1.0,0.0
2006-07-04,0,1.0,0.0
2006-07-05,0,1.0,0.0
2006-07-06,0,1.0,0.0
2006-07-07,0,1.0,8.726726075480802e-287
2006-07-08,0,1.0,6.266892225396857e-156
2006-07-09,0,1.0,8.306596662950676e-258
2006-07-10,0,1.0,8.08239228250842e-272
2006-07-11,0,1.0,0.0
2006-07-12,0,1.0,0.0
2006-07-13,0,1.0,0.0
2006-07-14,0,1.0,0.0
2006-07-15,0,1.0,1.1536253366591483e-203
2006-07-16,0,1.0,8.510225146220061e-71
2006-07-17,0,1.0,1.6465155582004926e-281
2006-07-18,0,1.0,0.0
2006-07-19,0,1.0,3.9589177134895525e-276
2006-07-20,0,1.0,3.61842727495145e-116
2006-07-21,0,1.0,1.4540951565345416e-147
2006-07-22,0,1.0,3.7655992801049634e-123
2006-07-23,0,0.9234511734778237,0.07654882652217712
2006-07-24,0,1.0,9.545175461711888e-294
2006-07-25,0,1.0,0.0
2006-07-26,0,1.0,0.0
2006-07-27,0,1.0,0.0
2006-07-28,0,1.0,1.4648527820956827e-118
2006-07-29,0,1.0,0.0
2006-07-30,0,1.0,1.1069359787201396e-160
2006-07-31,0,1.0,0.0
2006-08-01,0,1.0,2.3989818727220668e-163
2006-08-02,0,1.0,8.024244787356956e-87
2006-08-03,0,1.0,2.659535760692135e-56
2006-08-04,0,1.0,1.5363461310710465e-27
2006-08-05,0,1.0,9.764066884005973e-23
2006-08-06,0,1.0,2.9315708394152663e-60
2006-08-07,0,1.0,8.391880594465544e-75
2006-08-08,0,1.0,0.0
2006-08-09,1,0.03585881358844866,0.9641411864115509
2006-08-10,0,1.0,1.141344157489727e-80
2006-08-11,0,1.0,6.143519752030128e-63
2006-08-12,0,1.0,1.781785451511057e-43
2006-08-13,1,2.688982020478709e-11,0.9999999999731095
2006-08-14,1,3.255365866244782e-06,0.9999967446341332
2006-08-15,1,3.2221572465757664e-06,0.9999967778427539
2006-08-16,1,5.0269284781288345e-20,1.0
2006-08-17,1,1.9121060243732162e-07,0.9999998087893976
2006-08-18,0,0.8944413393138073,0.1055586606861921
2006-08-19,0,1.0,1.899770512751234e-180
2006-08-20,1,3.069445699208548e-17,1.0
2006-08-21,1,2.394975245962743e-18,1.0
2006-08-22,0,0.9579512583520899,0.04204874164790984
2006-08-23,0,1.0,3.789344804490979e-85
2006-08-24,0,0.9999999991795558,8.204447826015791e-10
2006-08-25,0,1.0,1.253124152112985e-23
2006-08-26,1,0.23402880611806468,0.7659711938819359
2006-08-27,1,1.3956114542747258e-10,0.9999999998604387
2006-08-28,1,0.09962084261112564,0.9003791573888735
2006-08-29,0,1.0,8.849293212065649e-103
2006-08-30,0,1.0,1.4767862630964614e-93
2006-08-31,0,0.9999999999999059,9.474626364663513e-14
2006-09-01,0,0.9999999999999929,6.4801181691640445e-15
2006-09-02,0,1.0,7.53523866142007e-33
2006-09-03,1,5.737893520115557e-13,0.999999999999428
2006-09-04,0,1.0,1.7965103257085845e-31
2006-09-05,1,7.418187585114755e-09,0.999999992581813
2006-09-06,0,0.9778709654516964,0.022129034548303148
2006-09-07,0,0.9999999999999076,9.232612570574187e-14
2006-09-08,1,0.0009589208520879957,0.999041079147913
2006-09-09,1,9.230670529559941e-17,1.0
2006-09-10,1,0.46284881362819413,0.5371511863718064
2006-09-11,0,0.993201923142731,0.006798076857269601
2006-09-12,1,0.0006299329221952743,0.999370067077806
2006-09-13,1,4.958482567165273e-09,0.9999999950415166
2006-09-14,0,0.9707633095022826,0.029236690497717672
2006-09-15,1,8.605334212490441e-10,0.9999999991394652
2006-09-16,1,3.6470340029409977e-10,0.9999999996352962
2006-09-17,1,2.3713006416361722e-12,0.9999999999976303
2006-09-18,1,1.8751861180992756e-05,0.9999812481388178
2006-09-19,0,1.0,7.463538661844236e-122
2006-09-20,0,1.0,8.612837412107875e-21
2006-09-21,1,5.284195717371899e-08,0.9999999471580431
2006-09-22,1,0.3727519351366621,0.6272480648633371
2006-09-23,0,0.6955656531457739,0.3044343468542257
2006-09-24,1,3.202020972569086e-08,0.9999999679797901
2006-09-25,0,1.0,1.5582073597707798e-33
2006-09-26,1,7.28478722681981e-11,0.9999999999271516
2006-09-27,0,1.0,4.498219179848864e-19
2006-09-28,0,0.999999999988157,1.1843376490236424e-11
2006-09-29,1,0.4748351934584956,0.5251648065415051
2006-09-30,1,1.4877341952144048e-06,0.9999985122658064
2006-10-01,1,3.9186989918981857e-22,1.0
2006-10-02,0,0.9999815759746074,1.8424025392341314e-05
2006-10-03,1,0.04064728934113785,0.959352710658861
2006-10-04,0,0.9851007510512796,0.014899248948720184
2006-10-05,1,9.33055290665245e-08,0.9999999066944704
2006-10-06,1,2.5155528464955283e-07,0.9999997484447146
2006-10-07,1,1.0121332897181385e-32,1.0
2006-10-08,1,3.3735919783524646e-48,1.0
2006-10-09,1,2.7135643635329846e-14,0.9999999999999716
2006-10-10,1,4.85582566818697e-14,0.9999999999999503
2006-10-11,1,4.004071495098365e-19,1.0
2006-10-12,1,1.109072911833124e-14,0.9999999999999893
2006-10-13,1,4.082046292173319e-07,0.9999995917953706
2006-10-14,0,1.0,2.1421272673584956e-205
2006-10-15,0,1.0,1.2778584170990086e-52
2006-10-16,0,1.0,7.010897238266813e-69
2006-10-17,0,1.0,0.0
2006-10-18,0,1.0,1.2748673254275237e-55
2006-10-19,0,1.0,3.345185394112417e-24
2006-10-20,1,1.920667604214113e-06,0.999998079332397
2006-10-21,1,1.284820621792225e-07,0.999999871517937
2006-10-22,1,0.18184508162824192,0.8181549183717596
2006-10-23,1,0.23378175971829138,0.7662182402817088
2006-10-24,1,0.09655723599925964,0.9034427640007399
2006-10-25,1,0.006014955038733304,0.9939850449612653
2006-10-26,1,0.0005143493560688457,0.9994856506439294
2006-10-27,1,4.872018226214918e-11,0.9999999999512816
2006-10-28,1,3.955262477003486e-08,0.9999999604473765
2006-10-29,1,1.6790089243472035e-05,0.999983209910757
2006-10-30,0,0.9993058812665765,0.0006941187334239029
2006-10-31,0,0.9999999971360101,2.8639894737841297e-09
2006-11-01,0,0.9991513920071597,0.0008486079928407758
2006-11-02,1,9.509895903143626e-07,0.9999990490104099
2006-11-03,1,9.919168157100667e-08,0.9999999008083171
2006-11-04,1,4.0236488169468e-08,0.9999999597635111
2006-11-05,1,4.9103885508073475e-06,0.9999950896114508
2006-11-06,1,0.00015098975867140283,0.9998490102413279
2006-11-07,1,0.0008580840532942309,0.9991419159467045
2006-11-08,1,2.320395935938335e-07,0.9999997679604056
2006-11-09,1,1.1487202209992697e-11,0.9999999999885141
2006-11-10,1,2.38884724743295e-09,0.9999999976111518
2006-11-11,1,2.95413100540616e-10,0.9999999997045883
2006-11-12,1,6.79863612911494e-09,0.9999999932013637
2006-11-13,1,9.11543831504986e-06,0.9999908845616834
2006-11-14,1,6.05274700592827e-06,0.9999939472529925
2006-11-15,1,9.907284719627974e-09,0.9999999900927143
2006-11-16,0,1.0,7.94166322005298e-19
2006-11-17,0,1.0,4.2709187992302695e-125
2006-11-18,0,1.0,0.0
2006-11-19,0,1.0,0.0
2006-11-20,0,1.0,0.0
2006-11-21,0,1.0,0.0
2006-11-22,0,1.0,7.794106661453142e-306
2006-11-23,0,1.0,0.0
2006-11-24,0,1.0,9.741239316324595e-146
2006-11-25,0,0.9999999999999822,1.8184369470525282e-14
2006-11-26,0,1.0,1.687862884590159e-89
2006-11-27,0,0.9999999711355003,2.8864500470269867e-08
2006-11-28,0,1.0,1.6222470385750023e-51
2006-11-29,0,0.9999999953503842,4.649616103988137e-09
2006-11-30,0,1.0,6.68330489957326e-19
2006-12-01,0,0.9991511367289938,0.0008488632710064913
2006-12-02,1,7.244435918802845e-10,0.9999999992755555
2006-12-03,1,3.992436233534693e-10,0.9999999996007567
2006-12-04,1,0.024610024165627783,0.9753899758343727
2006-12-05,1,0.00041113562752553704,0.9995888643724751
2006-12-06,1,0.0008283903300320412,0.9991716096699684
2006-12-07,0,1.0,2.773466151110427e-131
2006-12-08,0,1.0,5.76239439241194e-94
2006-12-09,0,0.99999999998699,1.3010877375514308e-11
2006-12-10,0,1.0,8.793080770197298e-102
2006-12-11,0,1.0,0.0
2006-12-12,0,1.0,2.7874487599637033e-47
2006-12-13,1,0.0007732961454961261,0.9992267038545045
2006-12-14,0,1.0,6.213134710473744e-25
2006-12-15,0,1.0,2.7122377321177725e-37
2006-12-16,1,1.0639489947253864e-09,0.9999999989360511
2006-12-17,1,1.0997375493802963e-10,0.9999999998900257
2006-12-18,0,0.9999999997905213,2.0947909430258597e-10
2006-12-19,1,2.572561238000346e-10,0.9999999997427444
2006-12-20,1,2.1777332763156076e-07,0.9999997822266724
2006-12-21,1,6.83941975584226e-12,0.999999999993161
2006-12-22,1,3.568717563567662e-16,1.0
2006-12-23,1,1.9583694194464957e-57,1.0
2006-12-24,1,2.176994655849079e-25,1.0
2006-12-25,0,1.0,6.569054207986911e-95
2006-12-26,1,4.288511593084884e-08,0.999999957114885
2006-12-27,1,5.628174407054069e-05,0.9999437182559301
2006-12-28,1,7.462855590091894e-07,0.99999925371444
2006-12-29,1,0.011187318620557217,0.9888126813794419
2006-12-30,1,2.1608850503719928e-07,0.9999997839114967
2006-12-31,1,5.443756642749498e-07,0.9999994556243362
2007-01-01,1,4.2736657583934794e-50,1.0
2007-01-02,1,4.910664240378999e-09,0.9999999950893361
2007-01-03,1,3.928992854260708e-07,0.9999996071007143
2007-01-04,1,4.0940672496520266e-10,0.9999999995905924
2007-01-05,1,3.287303331329058e-27,1.0
2007-01-06,1,2.789286673264482e-12,0.9999999999972111
2007-01-07,1,6.763255754075961e-32,1.0
2007-01-08,1,5.456556606941503e-54,1.0
2007-01-09,1,1.949807434371322e-21,1.0
2007-01-10,1,2.5581427556188942e-14,0.9999999999999751
2007-01-11,1,9.187343875012654e-13,0.9999999999990798
2007-01-12,1,1.6830831038763189e-22,1.0
2007-01-13,1,1.0503196271684178e-26,1.0
2007-01-14,1,9.399270854563759e-15,0.9999999999999893
2007-01-15,0,1.0,2.2877244429732567e-46
2007-01-16,1,0.3246591246172242,0.6753408753827755
2007-01-17,1,3.498196600192237e-05,0.9999650180339998
2007-01-18,1,7.53121699126213e-07,0.9999992468782992
2007-01-19,1,3.688446571695041e-08,0.9999999631155354
2007-01-20,1,1.05954189850601e-12,0.9999999999989413
2007-01-21,0,0.9999999999999893,1.1262785188208746e-14
2007-01-22,0,1.0,1.7919804377346826e-193
2007-01-23,1,2.817270232135813e-05,0.99997182729768
2007-01-24,1,1.125170960313369e-06,0.9999988748290398
2007-01-25,0,0.9999999999964064,3.5933735026607784e-12
2007-01-26,0,0.6254598069372616,0.37454019306273906
2007-01-27,1,1.759645664935144e-08,0.9999999824035443
2007-01-28,1,1.0366929166227008e-08,0.9999999896330714
2007-01-29,1,3.908878088423736e-14,0.9999999999999609
2007-01-30,1,3.758402493505644e-07,0.9999996241597517
2007-01-31,0,0.9999999998362448,1.6375467167884187e-10
2007-02-01,1,4.705248675586586e-11,0.9999999999529479
2007-02-02,1,1.8799862401423123e-13,0.9999999999998117
2007-02-03,1,3.3911329192016173e-47,1.0
2007-02-04,1,6.767460611112223e-27,1.0
2007-02-05,1,6.23072469641003e-12,0.9999999999937685
2007-02-06,1,3.286331397760375e-14,0.999999999999968
2007-02-07,1,8.681718215843469e-15,0.9999999999999929
2007-02-08,1,3.346332440871662e-29,1.0
2007-02-09,1,3.3728413514185347e-34,1.0
2007-02-10,1,3.236778096324898e-23,1.0
2007-02-11,1,4.380279912708188e-31,1.0
2007-02-12,1,1.084253881006562e-06,0.9999989157461202
2007-02-13,1,7.445366483954514e-29,1.0
2007-02-14,1,3.6063643034130894e-14,0.9999999999999645
2007-02-15,0,1.0,2.0387456755652164e-181
2007-02-16,1,7.613992286300578e-12,0.9999999999923865
2007-02-17,1,0.0005631909649925366,0.9994368090350069
2007-02-18,1,8.795021074895021e-13,0.9999999999991189
2007-02-19,1,6.290791456140906e-16,1.0
2007-02-20,0,1.0,3.8059978610251165e-26
2007-02-21,1,0.00017254720598538627,0.999827452794013
2007-02-22,0,0.9999999999990248,9.76211200411678e-13
2007-02-23,1,1.1284856253892174e-12,0.9999999999988702
2007-02-24,1,1.807079679775638e-15,1.0
2007-02-25,1,5.811486781828881e-20,1.0
2007-02-26,1,1.3091652553417376e-21,1.0
2007-02-27,1,1.1454330926859218e-18,1.0
2007-02-28,1,2.0050247706135169e-29,1.0
2007-03-01,1,1.150989932572365e-28,1.0
2007-03-02,0,1.0,4.220688157405149e-28
2007-03-03,1,1.3086998872012406e-09,0.9999999986913011
2007-03-04,1,1.0116430040724075e-19,1.0
2007-03-05,0,1.0,1.5816379026533815e-23
2007-03-06,1,1.0546229850800068e-09,0.9999999989453769
2007-03-07,1,1.1545390915775603e-19,1.0
2007-03-08,1,1.867090772305166e-21,1.0
2007-03-09,0,0.9999999999999183,8.125784505681351e-14
2007-03-10,1,1.6449081890942015e-12,0.9999999999983551
2007-03-11,1,1.3100085491974466e-10,0.9999999998690008
2007-03-12,1,2.586343744258694e-13,0.9999999999997407
2007-03-13,0,1.0,0.0
2007-03-14,1,6.52093873299219e-21,1.0
2007-03-15,1,3.664537197281192e-06,0.9999963354628034
2007-03-16,1,1.6236919751250727e-26,1.0
2007-03-17,1,8.503889940253633e-25,1.0
2007-03-18,1,2.120309247712994e-30,1.0
2007-03-19,1,7.58248807312075e-32,1.0
2007-03-20,1,8.611843186584264e-12,0.9999999999913882
2007-03-21,0,1.0,2.1584101385957337e-18
2007-03-22,1,1.2720189761004341e-11,0.9999999999872813
2007-03-23,1,1.193878953265837e-18,1.0
2007-03-24,1,5.544796894527058e-17,1.0
2007-03-25,1,9.00237784559895e-48,1.0
2007-03-26,0,1.0,7.75275141422301e-17
2007-03-27,0,1.0,1.8429121618144053e-119
2007-03-28,0,1.0,9.266799191376191e-211
2007-03-29,1,4.966027409410888e-18,1.0
2007-03-30,1,6.559154102416753e-31,1.0
2007-03-31,1,1.046620519845005e-27,1.0
2007-04-01,0,0.9999735458143408,2.6454185659235355e-05
2007-04-02,1,8.577391739762071e-25,1.0
2007-04-03,1,1.1775637633776424e-24,1.0
2007-04-04,1,8.806741437795676e-27,1.0
2007-04-05,1,1.2912792248798952e-32,1.0
2007-04-06,1,3.1550017103293785e-11,0.9999999999684483
2007-04-07,0,0.9972795545243945,0.002720445475606057
2007-04-08,1,7.28841072686665e-09,0.9999999927115901
2007-04-09,1,0.002671326164125701,0.9973286738358732
2007-04-10,1,1.330863872147099e-27,1.0
2007-04-11,1,2.6513931669412492e-37,1.0
2007-04-12,1,7.535163706725532e-40,1.0
2007-04-13,1,5.275429024827611e-54,1.0
2007-04-14,1,7.613816620481109e-56,1.0
2007-04-15,1,1.61685593028213e-23,1.0
2007-04-16,1,5.046961349623863e-13,0.9999999999994955
2007-04-17,1,6.0047410827554765e-18,1.0
2007-04-18,1,2.63617045501941e-28,1.0
2007-04-19,1,7.783582460451951e-19,1.0
2007-04-20,1,2.0690001159140185e-21,1.0
2007-04-21,1,2.2744565404213846e-21,1.0
2007-04-22,1,4.557666970952276e-30,1.0
2007-04-23,0,1.0,5.725718071311654e-100
2007-04-24,1,2.3718955532625664e-26,1.0
2007-04-25,1,4.941011940090899e-08,0.999999950589879
2007-04-26,0,1.0,0.0
2007-04-27,1,0.21343183491900738,0.7865681650809924
2007-04-28,0,0.8991172048087981,0.10088279519120204
2007-04-29,1,0.0071609292690563925,0.9928390707309438
2007-04-30,1,1.6924968047570764e-08,0.999999983075032
2007-05-01,1,6.01743589640651e-25,1.0
2007-05-02,1,1.699229221578121e-05,0.9999830077077857
2007-05-03,0,1.0,0.0
2007-05-04,0,0.993517619678913,0.006482380321086335
2007-05-05,1,5.856519391030877e-06,0.9999941434806102
2007-05-06,1,3.6981288539786174e-07,0.999999630187113
2007-05-07,1,1.1062613945227879e-08,0.9999999889373861
2007-05-08,1,1.6900629634899768e-09,0.9999999983099386
2007-05-09,1,2.560106862476682e-10,0.9999999997439879
2007-05-10,0,1.0,1.0605805993491211e-135
2007-05-11,0,1.0,7.910993246401877e-67
2007-05-12,1,2.914428522818509e-11,0.9999999999708571
2007-05-13,1,2.8838356106908566e-09,0.9999999971161628
2007-05-14,0,0.9905946397885238,0.009405360211475882
2007-05-15,1,6.24270483950081e-09,0.9999999937572959
2007-05-16,1,4.8744267242387964e-09,0.9999999951255738
2007-05-17,1,0.00047375432440344964,0.9995262456755954
2007-05-18,1,4.064427325506228e-14,0.9999999999999609
2007-05-19,1,3.164086769932417e-12,0.9999999999968345
2007-05-20,1,5.452720131577229e-20,1.0
2007-05-21,1,5.873361124291485e-31,1.0
2007-05-22,1,0.023454247227452096,0.9765457527725485
2007-05-23,0,1.0,2.1580335185942037e-144
2007-05-24,0,0.9654837557133645,0.034516244286635994
2007-05-25,0,0.6075723479453847,0.3924276520546149
2007-05-26,0,1.0,1.5836405815503887e-67
2007-05-27,0,1.0,2.8031001916701417e-19
2007-05-28,0,1.0,1.3657721456445864e-57
2007-05-29,0,1.0,7.389337727646043e-145
2007-05-30,0,1.0,1.9024846459356318e-76
2007-05-31,1,9.254831489128821e-05,0.9999074516851102
2007-06-01,1,5.63426313485267e-18,1.0
2007-06-02,0,1.0,5.945385786338322e-258
2007-06-03,1,2.1480898209100826e-26,1.0
2007-06-04,0,1.0,8.071502037185265e-87
2007-06-05,1,0.34307984073760533,0.6569201592623947
2007-06-06,0,1.0,6.409671443005618e-67
2007-06-07,0,1.0,4.38774767096998e-180
2007-06-08,1,4.5634829190195006e-11,0.9999999999543654
2007-06-09,1,1.4281308818066507e-09,0.9999999985718695
2007-06-10,1,5.029231683249901e-12,0.9999999999949694
2007-06-11,1,7.368054448565795e-05,0.9999263194555127
2007-06-12,1,1.4850434023464753e-05,0.9999851495659758
2007-06-13,0,1.0,5.702049160800508e-31
2007-06-14,0,0.999999963967533,3.603246778849993e-08
2007-06-15,1,2.5511279791683537e-15,0.9999999999999964
2007-06-16,1,4.529293791254379e-10,0.9999999995470716
2007-06-17,1,1.029000092500738e-58,1.0
2007-06-18,1,2.282481565479501e-09,0.99999999771752
2007-06-19,0,1.0,1.4262397636346728e-257
2007-06-20,0,1.0,3.1158829057623693e-186
2007-06-21,1,4.3891393785857355e-07,0.9999995610860606
2007-06-22,1,7.388081860770998e-10,0.9999999992611919
2007-06-23,1,1.7956844395641568e-20,1.0
2007-06-24,1,3.359146666245699e-20,1.0
2007-06-25,1,7.424164079265062e-24,1.0
2007-06-26,1,1.1474275667122285e-15,1.0
2007-06-27,1,9.69088610483566e-09,0.9999999903091137
2007-06-28,0,1.0,2.1114754446464334e-163
2007-06-29,0,1.0,0.0
2007-06-30,0,1.0,7.319726223568286e-87
2007-07-01,1,5.032040582465296e-10,0.9999999994967972
2007-07-02,1,0.005136639950135757,0.9948633600498643
2007-07-03,1,1.1215723869798684e-08,0.9999999887842748
2007-07-04,1,9.988116445675655e-10,0.9999999990011901
2007-07-05,1,9.93272143990429e-13,0.9999999999990052
2007-07-06,0,1.0,0.0
2007-07-07,1,0.00035220518506836305,0.9996477948149319
2007-07-08,1,2.024735674406595e-20,1.0
2007-07-09,1,1.0208458046473257e-08,0.9999999897915437
2007-07-10,1,1.896711178844536e-09,0.9999999981032879
2007-07-11,0,0.9999992082946915,7.917053090536868e-07
2007-07-12,1,1.7142479157258742e-09,0.9999999982857517
2007-07-13,1,3.150619384561461e-11,0.9999999999684945
2007-07-14,1,4.398607493876355e-19,1.0
2007-07-15,1,1.6748784924502418e-44,1.0
2007-07-16,1,1.8773159588434157e-13,0.9999999999998117
2007-07-17,1,5.378272080383732e-06,0.999994621727918
2007-07-18,1,1.2584783550762652e-08,0.9999999874152152
2007-07-19,1,2.725806258355996e-16,1.0
2007-07-20,1,2.8281555153997142e-24,1.0
2007-07-21,1,2.682625788803503e-33,1.0
2007-07-22,1,1.4842953233883082e-35,1.0
2007-07-23,1,2.2942214582280923e-25,1.0
2007-07-24,1,2.144168778438576e-30,1.0
2007-07-25,1,3.800216615986896e-49,1.0
2007-07-26,1,4.956879523202998e-55,1.0
2007-07-27,1,7.777802608631126e-24,1.0
2007-07-28,1,2.1524870595701642e-48,1.0
2007-07-29,1,9.481189076362915e-63,1.0
2007-07-30,1,4.642265386070906e-13,0.9999999999995346
2007-07-31,1,2.1255254421923344e-09,0.9999999978744754
2007-08-01,1,7.736926608338826e-10,0.9999999992263078
2007-08-02,1,4.313239461480383e-09,0.9999999956867605
2007-08-03,1,5.146425230628547e-23,1.0
2007-08-04,1,5.402984916617788e-27,1.0
2007-08-05,1,1.2128746347920294e-16,1.0
2007-08-06,1,0.007279295217534872,0.9927207047824662
2007-08-07,1,3.263842819130009e-17,1.0
2007-08-08,0,1.0,1.0420512984011626e-29
2007-08-09,0,0.9999955785265756,4.421473425191905e-06
2007-08-10,1,0.0005075950616186412,0.9994924049383828
2007-08-11,1,0.010720783140279579,0.9892792168597211
2007-08-12,1,2.2243224304310654e-05,0.9999777567756939
2007-08-13,0,1.0,3.3332025925033255e-37
2007-08-14,0,1.0,1.6658319018957e-310
2007-08-15,0,1.0,1.2294872493652637e-68
2007-08-16,0,1.0,9.665580240721495e-68
2007-08-17,1,6.655392162860588e-08,0.999999933446079
2007-08-18,1,0.0005805237092875197,0.9994194762907117
2007-08-19,1,3.467434479146966e-18,1.0
2007-08-20,0,0.9999999932096308,6.7903697988366775e-09
2007-08-21,0,1.0,2.372717220212104e-110
2007-08-22,0,1.0,2.1697088612942216e-16
2007-08-23,0,0.999999876529334,1.2347066722046242e-07
2007-08-24,1,1.5637193567280253e-11,0.9999999999843645
2007-08-25,1,4.014744002000361e-09,0.9999999959852559
2007-08-26,1,1.0786597570152093e-08,0.9999999892134035
2007-08-27,1,0.026351751722222,0.9736482482777779
2007-08-28,0,0.9999999507306979,4.926930209958789e-08
2007-08-29,1,0.00033047855552302324,0.999669521444476
2007-08-30,0,1.0,3.0629023885099787e-55
2007-08-31,1,1.3631919136644702e-08,0.9999999863680813
2007-09-01,1,0.007368586095128477,0.9926314139048715
2007-09-02,0,0.7982544637322799,0.20174553626771932
2007-09-03,0,0.9999999999993925,6.083899661921279e-13
2007-09-04,0,1.0,7.068995748949687e-55
2007-09-05,0,1.0,2.573741383535425e-16
2007-09-06,0,0.9359583176015173,0.06404168239848318
2007-09-07,0,1.0,9.212719429794934e-28
2007-09-08,0,0.9999999999995577,4.4187317177639974e-13
2007-09-09,1,3.7078300623374237e-09,0.9999999962921713
2007-09-10,1,1.523375401007871e-12,0.9999999999984759
2007-09-11,1,3.070939426692049e-14,0.999999999999968
2007-09-12,0,0.9921981319944917,0.007801868005508029
2007-09-13,1,3.2615769663753558e-06,0.9999967384230329
2007-09-14,1,7.97864712597191e-09,0.9999999920213511
2007-09-15,0,1.0,3.9379311857261994e-201
2007-09-16,1,9.11068145042326e-36,1.0
2007-09-17,0,1.0,3.2303416246093318e-111
2007-09-18,0,0.999998863299813,1.1367001862777818e-06
2007-09-19,1,0.3545142800217719,0.6454857199782276
2007-09-20,0,0.9997012082260519,0.0002987917739483141
2007-09-21,0,1.0,1.2749294068864215e-72
2007-09-22,1,1.5447017890416626e-10,0.9999999998455316
2007-09-23,1,2.7573853911055493e-06,0.9999972426146082
2007-09-24,1,0.0013148967432896716,0.9986851032567091
2007-09-25,0,1.0,0.0
2007-09-26,0,0.9999999973190512,2.6809487261257328e-09
2007-09-27,0,0.9999998562118236,1.4378817648856754e-07
2007-09-28,0,0.9998281079731768,0.00017189202682227174
2007-09-29,1,0.012341755515278222,0.987658244484721
2007-09-30,1,0.27395225739655793,0.7260477426034416
2007-10-01,0,0.9999999966684339,3.3315667086589123e-09
2007-10-02,0,1.0,2.4916125294944935e-18
2007-10-03,0,0.9999997033899493,2.966100511682215e-07
2007-10-04,1,0.0017878631243995362,0.9982121368755994
2007-10-05,1,4.506343819146755e-10,0.9999999995493667
2007-10-06,1,6.638844045961168e-14,0.9999999999999325
2007-10-07,0,1.0,2.2564132224232922e-232
2007-10-08,1,9.776033665064778e-12,0.9999999999902229
2007-10-09,0,1.0,6.452125838995513e-20
2007-10-10,1,0.03755318833339944,0.9624468116666013
2007-10-11,0,1.0,5.866976020248918e-24
2007-10-12,0,0.9970770454599684,0.00292295454003217
2007-10-13,1,2.869190552645241e-10,0.9999999997130793
2007-10-14,1,7.513974740683437e-10,0.9999999992486011
2007-10-15,1,0.01856698365234993,0.9814330163476501
2007-10-16,0,0.9999388634225134,6.113657748636728e-05
2007-10-17,0,1.0,0.0
2007-10-18,1,2.7901566928549447e-08,0.9999999720984332
2007-10-19,0,1.0,3.9278474932839555e-41
2007-10-20,1,4.662384530024812e-09,0.999999995337614
2007-10-21,1,1.0908712280085148e-06,0.9999989091287719
2007-10-22,1,1.5461449021760314e-24,1.0
2007-10-23,0,0.9997309211129637,0.00026907888703685533
2007-10-24,1,0.006441222979952872,0.9935587770200468
2007-10-25,0,0.6072146652662586,0.39278533473374183
2007-10-26,1,1.0615023197979976e-08,0.9999999893849782
2007-10-27,1,1.4532419520386265e-18,1.0
2007-10-28,1,1.1670281810980869e-11,0.9999999999883293
2007-10-29,1,3.1334702183931474e-12,0.9999999999968665
2007-10-30,0,1.0,3.367459599714456e-31
2007-10-31,0,0.9999999999984635,1.5357941466053407e-12
2007-11-01,0,0.9999999999946727,5.327264715457658e-12
2007-11-02,0,1.0,6.776554402418871e-27
2007-11-03,0,0.9999999939615378,6.038462669575019e-09
2007-11-04,1,0.014327684837967156,0.9856723151620344
2007-11-05,0,1.0,4.8305986295772045e-22
2007-11-06,0,1.0,0.0
2007-11-07,0,1.0,2.799202112572536e-79
2007-11-08,0,1.0,2.5565315715353923e-231
2007-11-09,0,1.0,1.5312098910431268e-139
2007-11-10,0,1.0,2.591843089466608e-20
2007-11-11,1,7.602476596476609e-10,0.9999999992397512
2007-11-12,0,1.0,2.8742372709787275e-47
2007-11-13,0,1.0,2.586523842126874e-138
2007-11-14,0,1.0,5.357182699195849e-39
2007-11-15,0,1.0,3.3303539641812114e-17
2007-11-16,0,1.0,2.356347131598854e-42
2007-11-17,0,1.0,1.5271092667013204e-19
2007-11-18,0,0.9767256258369339,0.023274374163065756
2007-11-19,0,1.0,2.5049161470197987e-70
2007-11-20,0,1.0,3.259261513485852e-121
2007-11-21,0,1.0,6.91762884739734e-43
2007-11-22,0,0.9999609026406711,3.909735932867748e-05
2007-11-23,1,1.3576974475012243e-05,0.9999864230255254
2007-11-24,1,3.063153092049761e-08,0.9999999693684676
2007-11-25,0,1.0,2.201845054657366e-16
2007-11-26,0,1.0,5.101076371080443e-185
2007-11-27,0,0.9999999999858602,1.4140787670381305e-11
2007-11-28,0,0.9998459901409384,0.00015400985906124698
2007-11-29,1,6.902620724570297e-07,0.999999309737927
2007-11-30,1,5.680853541027486e-11,0.9999999999431921
2007-12-01,1,1.3279159939287335e-46,1.0
2007-12-02,1,7.76932561829441e-12,0.9999999999922302
2007-12-03,1,1.2916151740236405e-06,0.9999987083848253
2007-12-04,1,1.3628223361657783e-10,0.9999999998637179
2007-12-05,1,4.680713614833291e-06,0.9999953192863857
2007-12-06,1,6.164633647957149e-09,0.9999999938353668
2007-12-07,1,6.774374032106964e-11,0.9999999999322569
2007-12-08,1,3.8994418913275434e-16,1.0
2007-12-09,1,3.056630892150612e-11,0.9999999999694325
2007-12-10,1,4.394672026264437e-08,0.999999956053281
2007-12-11,1,2.3621767126064193e-11,0.999999999976378
2007-12-12,1,3.016429129408234e-11,0.9999999999698375
2007-12-13,1,4.117592323211516e-11,0.999999999958824
2007-12-14,1,3.283509074506645e-15,0.9999999999999964
2007-12-15,1,1.232035629783399e-37,1.0
2007-12-16,1,1.0003158493003873e-24,1.0
2007-12-17,1,6.993307089414423e-08,0.9999999300669298
2007-12-18,1,1.0751692879334423e-06,0.999998924830712
2007-12-19,1,1.9795333592722243e-13,0.999999999999801
2007-12-20,0,1.0,3.860364247373058e-24
2007-12-21,1,0.0009508259524422234,0.9990491740475588
2007-12-22,1,5.8985803472202e-47,1.0
2007-12-23,0,1.0,1.463291419079144e-192
2007-12-24,1,0.00020431539825006118,0.9997956846017506
2007-12-25,0,1.0,1.1e-321
2007-12-26,0,1.0,4.764188517757816e-110
2007-12-27,0,1.0,4.728315553866671e-68
2007-12-28,1,2.1076491086503065e-11,0.9999999999789253
2007-12-29,1,2.743060586512897e-08,0.999999972569395
2007-12-30,1,6.990859354452061e-41,1.0
2007-12-31,1,8.089241562734525e-28,1.0
2008-01-01,1,5.83340223882567e-12,0.9999999999941664
2008-01-02,1,1.7404463094443677e-10,0.9999999998259561
2008-01-03,1,2.6219699723882625e-13,0.9999999999997371
2008-01-04,1,7.046061317945786e-29,1.0
2008-01-05,1,3.29116001070087e-24,1.0
2008-01-06,1,2.1328831169635174e-53,1.0
2008-01-07,1,4.813744373345738e-47,1.0
2008-01-08,1,8.592538491346362e-30,1.0
2008-01-09,1,3.3095952555906384e-28,1.0
2008-01-10,1,1.659458209054873e-23,1.0
2008-01-11,0,1.0,4.4942155104806877e-157
2008-01-12,1,2.862367210264238e-20,1.0
2008-01-13,1,1.6101473158005966e-18,1.0
2008-01-14,1,3.669411294588391e-12,0.99999999999633
2008-01-15,1,0.0002498936024427705,0.9997501063975561
2008-01-16,1,6.963686413719414e-13,0.9999999999993037
2008-01-17,1,4.620369148494151e-11,0.999999999953797
2008-01-18,1,1.8528184390959444e-13,0.9999999999998153
2008-01-19,1,3.1048037383214807e-37,1.0
2008-01-20,1,2.3687226863163943e-23,1.0
2008-01-21,1,3.9119129568545053e-13,0.9999999999996092
2008-01-22,1,6.205543974891718e-09,0.9999999937944573
2008-01-23,1,0.00028451575947164887,0.9997154842405284
2008-01-24,1,8.417086822660681e-22,1.0
2008-01-25,1,7.883633804738859e-10,0.9999999992116351
2008-01-26,1,5.596319077724882e-49,1.0
2008-01-27,1,5.801117288263163e-10,0.999999999419888
2008-01-28,1,4.864931991028968e-22,1.0
2008-01-29,0,1.0,1.0813415515961953e-287
2008-01-30,1,2.035776295906186e-11,0.999999999979643
2008-01-31,1,2.1549879078203194e-11,0.9999999999784492
2008-02-01,1,6.97078157045454e-10,0.999999999302922
2008-02-02,0,1.0,4.355072470316112e-52
2008-02-03,1,5.692116150297086e-29,1.0
2008-02-04,1,1.4211289189541248e-23,1.0
2008-02-05,1,2.321176940111698e-07,0.9999997678823064
2008-02-06,1,7.838022559005285e-07,0.9999992161977448
2008-02-07,1,2.466443043592148e-11,0.9999999999753371
2008-02-08,1,1.3869699293366314e-18,1.0
2008-02-09,1,9.35135760580677e-22,1.0
2008-02-10,1,3.1527220445287695e-53,1.0
2008-02-11,1,9.863077301226636e-12,0.9999999999901377
2008-02-12,1,4.522454486078056e-15,0.9999999999999964
2008-02-13,1,1.1870204001942789e-18,1.0
2008-02-14,1,6.788282607145208e-20,1.0
2008-02-15,1,7.544825502278011e-19,1.0
2008-02-16,1,2.156426534368143e-28,1.0
2008-02-17,1,5.401018769415156e-38,1.0
2008-02-18,1,2.5092815375156313e-11,0.9999999999749072
2008-02-19,0,1.0,1.1286811046993528e-47
2008-02-20,0,1.0,0.0
2008-02-21,1,5.015627653585272e-18,1.0
2008-02-22,0,1.0,8.29127493607671e-203
2008-02-23,1,2.4104072856257098e-11,0.9999999999758948
2008-02-24,1,1.0243347616920798e-23,1.0
2008-02-25,1,2.6637668794936475e-09,0.9999999973362321
2008-02-26,0,0.9999993834684737,6.165315263225524e-07
2008-02-27,1,1.400595566574724e-13,0.9999999999998614
2008-02-28,1,2.400599340456524e-21,1.0
2008-02-29,1,6.567410924378334e-20,1.0
2008-03-01,1,3.370643549516228e-08,0.9999999662935656
2008-03-02,1,3.524160624414699e-16,1.0
2008-03-03,1,1.2989726551413549e-14,0.9999999999999858
2008-03-04,1,2.554533426852283e-09,0.9999999974454674
2008-03-05,1,8.16889227656173e-08,0.9999999183110757
2008-03-06,1,1.0868469651015916e-11,0.9999999999891322
2008-03-07,1,6.941214364371911e-12,0.999999999993058
2008-03-08,1,0.00046080474177244847,0.9995391952582265
2008-03-09,0,1.0,3.19398016795388e-243
2008-03-10,1,6.8131939502814525e-09,0.9999999931868047
2008-03-11,1,5.342870976081151e-06,0.9999946571290242
2008-03-12,0,1.0,7.99907184634659e-296
2008-03-13,0,1.0,5.1488764450051807e-278
2008-03-14,0,1.0,1.422129692948367e-47
2008-03-15,0,1.0,3.413951207061329e-135
2008-03-16,0,1.0,0.0
2008-03-17,1,1.1762828659847818e-08,0.9999999882371711
2008-03-18,1,2.7181466562711714e-08,0.9999999728185326
2008-03-19,1,6.936793911268229e-25,1.0
2008-03-20,1,1.25689167239664e-14,0.9999999999999858
2008-03-21,1,1.2284975760215727e-07,0.9999998771502416
2008-03-22,1,8.259925306831599e-13,0.9999999999991758
2008-03-23,0,1.0,0.0
2008-03-24,1,1.6441283413361242e-08,0.9999999835587162
2008-03-25,0,0.9998755003535391,0.00012449964646166952
2008-03-26,0,0.9400605791516117,0.0599394208483875
2008-03-27,1,1.7173407375383993e-06,0.999998282659263
2008-03-28,1,7.037726713513743e-08,0.999999929622734
2008-03-29,1,7.863645749844955e-54,1.0
2008-03-30,1,1.7345707522284547e-11,0.9999999999826557
2008-03-31,1,4.8051366948555475e-09,0.9999999951948624
2008-04-01,1,2.6426335333038864e-07,0.9999997357366469
2008-04-02,1,1.601143633911504e-08,0.9999999839885626
2008-04-03,0,0.68087765251628,0.3191223474837196
2008-04-04,1,0.00017916618822400957,0.9998208338117773
2008-04-05,1,2.1380410912977704e-34,1.0
2008-04-06,1,3.3462524262205355e-13,0.999999999999666
2008-04-07,1,5.949633178122924e-15,0.9999999999999929
2008-04-08,1,3.3254638463679126e-09,0.9999999966745357
2008-04-09,1,7.66816487945805e-12,0.9999999999923332
2008-04-10,1,1.1722614796778964e-07,0.9999998827738528
2008-04-11,1,7.284856972981303e-11,0.9999999999271516
2008-04-12,1,1.335038689863258e-14,0.9999999999999858
2008-04-13,0,1.0,8.667723702340735e-145
2008-04-14,0,1.0,2.0010522188501335e-45
2008-04-15,0,0.9999999999999769,2.3465407007869503e-14
2008-04-16,0,1.0,7.950392305328801e-84
2008-04-17,0,1.0,7.764404503690275e-100
2008-04-18,0,1.0,1.2937647745133898e-70
2008-04-19,0,1.0,1.3968064656135502e-118
2008-04-20,0,0.9999948193206526,5.180679347829141e-06
2008-04-21,0,1.0,3.1006956823315998e-145
2008-04-22,0,1.0,9.977725214772186e-128
2008-04-23,0,1.0,1.396172265521263e-25
2008-04-24,0,1.0,4.748845992875983e-37
2008-04-25,0,1.0,2.8726849606342775e-24
2008-04-26,0,1.0,8.8394536870704555e-44
2008-04-27,0,0.9999999999999964,3.4064217020231998e-15
2008-04-28,0,1.0,0.0
2008-04-29,0,1.0,1.410224366099999e-149
2008-04-30,0,1.0,5.674065266686032e-55
2008-05-01,0,1.0,2.478664787593577e-29
2008-05-02,0,1.0,2.5594328667180487e-55
2008-05-03,0,1.0,3.5448599380526177e-37
2008-05-04,0,0.999999999999865,1.3507305656135456e-13
2008-05-05,1,0.059792759258940724,0.9402072407410603
2008-05-06,0,1.0,1.6407691134926898e-92
2008-05-07,0,1.0,7.996799792178674e-21
2008-05-08,0,0.9078827019194203,0.0921172980805803
2008-05-09,1,0.0004158756896966349,0.9995841243103017
2008-05-10,1,7.752657471606058e-06,0.9999922473425289
2008-05-11,1,3.8837647076448736e-07,0.9999996116235302
2008-05-12,0,0.9999999637464689,3.625353164101657e-08
2008-05-13,1,4.076729690318992e-08,0.9999999592327037
2008-05-14,0,0.9999999999966374,3.36216228874146e-12
2008-05-15,0,1.0,6.617226389178442e-16
2008-05-16,1,3.5429492872322834e-09,0.9999999964570492
2008-05-17,0,0.9999999983019148,1.6980848835996634e-09
2008-05-18,1,5.5964652610681116e-08,0.9999999440353464
2008-05-19,1,1.6528678870427446e-10,0.9999999998347135
2008-05-20,1,0.018225452224878876,0.9817745477751204
2008-05-21,1,5.239443824922133e-09,0.9999999947605573
2008-05-22,1,2.4915175238334645e-08,0.9999999750848264
2008-05-23,1,0.00017310995652390857,0.9998268900434764
2008-05-24,0,1.0,1.283292961363463e-69
2008-05-25,0,1.0,3.4236933799257176e-52
2008-05-26,0,1.0,2.617805959853125e-250
2008-05-27,0,1.0,0.0
2008-05-28,0,1.0,0.0
2008-05-29,0,1.0,7.193624442648065e-276
2008-05-30,0,1.0,0.0
2008-05-31,0,1.0,0.0
2008-06-01,0,0.9999759061128483,2.4093887151964803e-05
2008-06-02,0,1.0,7.734615009824449e-36
2008-06-03,0,1.0,5.246771225588388e-27
2008-06-04,0,1.0,3.640069982074166e-55
2008-06-05,0,1.0,0.0
2008-06-06,0,1.0,0.0
2008-06-07,0,1.0,4.191351891372149e-108
2008-06-08,0,0.99941480687396,0.0005851931260397627
2008-06-09,0,1.0,1.771480323139941e-67
2008-06-10,0,1.0,1.4142441730603036e-49
2008-06-11,1,0.0939066515522066,0.906093348447795
2008-06-12,0,1.0,2.683881644583242e-35
2008-06-13,1,5.22784952043545e-07,0.9999994772150468
2008-06-14,1,1.8681099711772876e-10,0.9999999998131877
2008-06-15,1,7.043245835911568e-06,0.9999929567541651
2008-06-16,1,0.21799818476570093,0.7820018152342986
2008-06-17,0,1.0,1.5214550093509897e-46
2008-06-18,0,1.0,8.969939724541324e-56
2008-06-19,0,1.0,5.9785936261214e-152
2008-06-20,0,1.0,6.547936744683531e-87
2008-06-21,0,1.0,5.8859788511596e-59
2008-06-22,0,1.0,3.8773467104869384e-72
2008-06-23,0,1.0,2.6219078932745662e-104
2008-06-24,0,1.0,3.9464119094824947e-59
2008-06-25,0,1.0,8.99181779988107e-101
2008-06-26,0,1.0,1.041104124312753e-122
2008-06-27,0,1.0,0.0
2008-06-28,0,0.9999995964487237,4.0355127592199087e-07
2008-06-29,1,0.00017291255386961863,0.9998270874461294
2008-06-30,0,0.9999999898310712,1.0168929636424699e-08
2008-07-01,0,1.0,7.386805102731725e-275
2008-07-02,0,1.0,4.70709457162696e-177
2008-07-03,0,1.0,5.2385622595772505e-65
2008-07-04,0,1.0,1.8759328261935376e-28
2008-07-05,0,1.0,4.715580145069188e-41
2008-07-06,0,1.0,1.9715771796929595e-61
2008-07-07,0,1.0,1.2199702738357102e-290
2008-07-08,0,1.0,1.9815015206559013e-59
2008-07-09,0,1.0,0.0
2008-07-10,0,1.0,3.1122334255787867e-182
2008-07-11,0,1.0,5.696637602085562e-160
2008-07-12,0,1.0,1.90393e-319
2008-07-13,0,1.0,3.1935612669560606e-111
2008-07-14,0,1.0,2.0913330834623007e-102
2008-07-15,0,1.0,1.16351653782182e-81
2008-07-16,0,1.0,3.912315037906592e-235
2008-07-17,0,1.0,0.0
2008-07-18,0,1.0,0.0
2008-07-19,0,1.0,4.440081526810153e-232
2008-07-20,0,1.0,5.5958992273992976e-160
2008-07-21,0,1.0,9.511560061928663e-222
2008-07-22,0,1.0,2.3071099049635455e-160
2008-07-23,0,1.0,0.0
2008-07-24,0,1.0,5.025768397851078e-124
2008-07-25,0,1.0,2.8188289712553235e-106
2008-07-26,0,1.0,0.0
2008-07-27,0,1.0,1.3e-322
2008-07-28,0,1.0,4.617873497154058e-119
2008-07-29,0,1.0,0.0
2008-07-30,0,1.0,0.0
2008-07-31,0,1.0,0.0
2008-08-01,0,1.0,0.0
2008-08-02,0,1.0,3.39218817090673e-308
2008-08-03,0,1.0,2.329535226582143e-78
2008-08-04,0,1.0,1.1801535321831824e-163
2008-08-05,0,1.0,1.3102266591144629e-112
2008-08-06,0,1.0,3.2399011776925547e-63
2008-08-07,0,0.999999998976767,1.0232339393615081e-09
2008-08-08,0,1.0,3.9580699320805257e-172
2008-08-09,0,1.0,3.247046203131008e-131
2008-08-10,0,1.0,1.1018902966554092e-74
2008-08-11,0,1.0,3.3784643885057616e-57
2008-08-12,0,1.0,4.981230746699111e-71
2008-08-13,0,1.0,4.619792634616257e-29
2008-08-14,0,0.9999999999998899,1.1104112763249296e-13
2008-08-15,0,1.0,9.703092579658504e-18
2008-08-16,0,0.9999999999998295,1.701962765956051e-13
2008-08-17,1,7.59653525655656e-14,0.9999999999999254
2008-08-18,0,0.9999998448881562,1.551118430448573e-07
2008-08-19,0,0.9999999952302225,4.769777796894987e-09
2008-08-20,0,1.0,1.2702135331128186e-177
2008-08-21,0,1.0,1.2013254888397736e-92
2008-08-22,0,1.0,0.0
2008-08-23,0,1.0,1.921543474734153e-38
2008-08-24,0,1.0,3.649314005483639e-33
2008-08-25,0,1.0,4.5972727909074555e-80
2008-08-26,0,1.0,6.786792299324825e-79
2008-08-27,0,1.0,1.2296483660929775e-109
2008-08-28,0,1.0,3.009926026239014e-47
2008-08-29,0,1.0,1.8736351106183206e-60
2008-08-30,0,0.9999355361730203,6.44638269800002e-05
2008-08-31,0,0.9999999999993481,6.521209817146581e-13
2008-09-01,0,1.0,5.982995604932972e-67
2008-09-02,0,1.0,1.8417640609420137e-135
2008-09-03,0,1.0,1.5725404442597193e-54
2008-09-04,0,1.0,3.277991929646362e-59
2008-09-05,0,1.0,8.567319900692976e-81
2008-09-06,0,1.0,9.062092555084797e-96
2008-09-07,0,1.0,2.5452435591073407e-21
2008-09-08,0,1.0,2.00618684594235e-17
2008-09-09,0,0.9663977435534349,0.03360225644656535
2008-09-10,0,1.0,5.1564761892633474e-27
2008-09-11,0,1.0,4.445612808771873e-57
2008-09-12,0,0.8185842859791661,0.18141571402083342
2008-09-13,1,5.870019137061445e-07,0.9999994129980845
2008-09-14,1,1.2337503346982403e-11,0.9999999999876614
2008-09-15,0,1.0,1.0522537867946214e-145
2008-09-16,0,0.9999999977906242,2.209376233010209e-09
2008-09-17,0,1.0,2.540529637763097e-17
2008-09-18,0,1.0,1.1681560208483346e-204
2008-09-19,0,1.0,1.197029273532933e-69
2008-09-20,0,1.0,1.0319070664494964e-22
2008-09-21,1,1.583829221506662e-09,0.9999999984161718
2008-09-22,0,1.0,6.483861275725085e-149
2008-09-23,0,1.0,2.049001195660532e-100
2008-09-24,0,1.0,9.41687435572625e-77
2008-09-25,0,1.0,6.282109853293343e-82
2008-09-26,0,1.0,5.7680258375212666e-157
2008-09-27,0,1.0,5.160816752627957e-53
2008-09-28,0,0.9999999999726938,2.7305568338627087e-11
2008-09-29,0,1.0,4.0495231100375436e-91
2008-09-30,0,1.0,1.3632518641747722e-93
2008-10-01,0,1.0,2.3113502712128336e-119
2008-10-02,0,1.0,1.185956553832682e-125
2008-10-03,0,1.0,0.0
2008-10-04,0,1.0,3.63494404627474e-80
2008-10-05,1,9.100866710492581e-14,0.9999999999999076
2008-10-06,0,1.0,1.8595467901036247e-163
2008-10-07,0,1.0,1.0715032375069474e-144
2008-10-08,0,1.0,0.0
2008-10-09,0,1.0,0.0
2008-10-10,0,1.0,1.6017220629528615e-298
2008-10-11,0,1.0,3.07396496403217e-75
2008-10-12,1,0.005620515498077364,0.9943794845019219
2008-10-13,0,0.9512476572805677,0.04875234271943193
2008-10-14,0,1.0,0.0
2008-10-15,0,1.0,5.218839246035916e-87
2008-10-16,0,1.0,2.533510388268667e-85
2008-10-17,0,1.0,1.928464332228047e-23
2008-10-18,0,0.9983871386674115,0.0016128613325885042
2008-10-19,0,1.0,2.506995345770371e-35
2008-10-20,0,1.0,5.256997e-318
2008-10-21,0,1.0,1.6593885571416548e-135
2008-10-22,0,1.0,9.408231370541172e-58
2008-10-23,0,1.0,6.473245993392039e-173
2008-10-24,0,1.0,2.3670718714239506e-118
2008-10-25,0,1.0,2.6820951162917964e-192
2008-10-26,0,1.0,1.4803728404920697e-27
2008-10-27,0,1.0,4.390246966379432e-224
2008-10-28,0,1.0,0.0
2008-10-29,0,1.0,7.278309015258421e-84
2008-10-30,0,1.0,9.426261781201051e-60
2008-10-31,1,1.7069109482423512e-05,0.9999829308905176
2008-11-01,0,1.0,6.679798856009002e-19
2008-11-02,1,1.0806109760671511e-07,0.9999998919389009
2008-11-03,1,8.358128697965732e-06,0.9999916418713033
2008-11-04,0,1.0,8.352098053993822e-173
2008-11-05,0,1.0,1.4822434673169787e-80
2008-11-06,0,1.0,8.331681778851057e-130
2008-11-07,0,1.0,2.450491840321e-226
2008-11-08,0,1.0,1.9992103541184128e-57
2008-11-09,0,1.0,1.9326833949373586e-51
2008-11-10,0,1.0,3.325e-321
2008-11-11,0,1.0,4.9459647658444203e-116
2008-11-12,0,1.0,3.5144379376296534e-94
2008-11-13,0,1.0,5.211181081969042e-38
2008-11-14,0,1.0,6.096382911531628e-18
2008-11-15,0,0.9999999994201012,5.798995824842665e-10
2008-11-16,0,0.9997832694323552,0.0002167305676452514
2008-11-17,1,0.0063279019516534534,0.9936720980483469
2008-11-18,0,1.0,1.372735857128955e-19
2008-11-19,0,1.0,3.066703245489704e-225
2008-11-20,0,1.0,0.0
2008-11-21,0,1.0,6.203223662902937e-122
2008-11-22,0,1.0,8.286393832154385e-83
2008-11-23,0,1.0,5.345107576577106e-110
2008-11-24,0,1.0,0.0
2008-11-25,0,1.0,1.0039606898381235e-131
2008-11-26,0,1.0,3.2656797233810825e-225
2008-11-27,0,1.0,0.0
2008-11-28,0,1.0,0.0
2008-11-29,0,1.0,3.534815195631693e-159
2008-11-30,1,2.0559945249587496e-26,1.0
2008-12-01,0,1.0,0.0
2008-12-02,0,1.0,0.0
2008-12-03,0,1.0,0.0
2008-12-04,0,1.0,0.0
2008-12-05,0,1.0,0.0
2008-12-06,0,1.0,4.357877511964266e-24
2008-12-07,0,1.0,4.822813617635194e-24
2008-12-08,0,0.9999245609420486,7.543905795204665e-05
2008-12-09,0,1.0,6.569909930692531e-243
2008-12-10,0,1.0,7.55008587354725e-163
2008-12-11,0,1.0,8.327026274714694e-183
2008-12-12,0,1.0,6.109010966758912e-139
2008-12-13,0,1.0,5.12890391163655e-155
2008-12-14,0,0.9998874034440797,0.00011259655591973142
2008-12-15,0,1.0,3.1129646618019857e-38
2008-12-16,0,1.0,7.761917306801474e-68
2008-12-17,0,0.9999999999982307,1.7693976583020792e-12
2008-12-18,0,1.0,7.450234778375989e-31
2008-12-19,1,0.3664866844247241,0.6335133155752765
2008-12-20,1,4.05719701723266e-07,0.9999995942802974
2008-12-21,1,2.981629971665652e-08,0.9999999701837017
2008-12-22,1,1.8601341534622055e-08,0.9999999813986593
2008-12-23,0,1.0,1.3004255203317002e-21
2008-12-24,1,4.1695855102094857e-13,0.9999999999995843
2008-12-25,0,0.9999999940518265,5.948172726512816e-09
2008-12-26,0,1.0,2.0906692712518057e-55
2008-12-27,1,6.761423675918594e-08,0.9999999323857646
2008-12-28,1,2.004829074466311e-10,0.9999999997995168
2008-12-29,1,8.644041009206361e-07,0.9999991355959003
2008-12-30,1,5.0290705629144494e-08,0.9999999497092927
2008-12-31,1,1.1411003054125308e-07,0.9999998858899696
2009-01-01,1,1.7510368072826348e-37,1.0
2009-01-02,0,1.0,9.442070005260994e-251
2009-01-03,0,1.0,1.2084162798687166e-32
2009-01-04,1,2.675779857045335e-57,1.0
2009-01-05,0,1.0,2.6412642670003354e-44
2009-01-06,1,1.6335710174724205e-15,1.0
2009-01-07,1,2.489399239091037e-14,0.9999999999999751
2009-01-08,1,2.6466171429204836e-59,1.0
2009-01-09,1,3.287618822396907e-47,1.0
2009-01-10,1,2.4705090595751264e-41,1.0
2009-01-11,1,2.986300740314421e-35,1.0
2009-01-12,1,3.457888252033531e-49,1.0
2009-01-13,0,0.999999997865217,2.134783372909711e-09
2009-01-14,0,0.9999999999987708,1.2297442459581384e-12
2009-01-15,1,4.8099576059487094e-05,0.9999519004239388
2009-01-16,1,2.1131640464472042e-07,0.9999997886835966
2009-01-17,1,5.42003994346988e-32,1.0
2009-01-18,1,2.5477818365870606e-52,1.0
2009-01-19,1,4.815915276324597e-18,1.0
2009-01-20,0,1.0,3.6940840896793817e-28
2009-01-21,0,1.0,4.7476626626209627e-287
2009-01-22,0,1.0,2.506416001768297e-20
2009-01-23,1,4.002656062642996e-19,1.0
2009-01-24,1,8.388009407273451e-24,1.0
2009-01-25,0,1.0,4.300512305364419e-29
2009-01-26,1,3.768165457153054e-15,0.9999999999999964
2009-01-27,1,2.348990627983427e-09,0.9999999976510097
2009-01-28,0,0.9988585048202075,0.0011414951797924736
2009-01-29,1,3.4144527863806657e-10,0.9999999996585558
2009-01-30,1,6.015785962766857e-10,0.9999999993984225
2009-01-31,1,3.7226647608862504e-29,1.0
2009-02-01,0,0.9518624235625031,0.048137576437497415
2009-02-02,1,1.6012730160591563e-17,1.0
2009-02-03,1,1.5806146247877905e-09,0.999999998419387
2009-02-04,1,7.854901485871267e-09,0.9999999921450993
2009-02-05,1,1.7611945164695443e-08,0.9999999823880544
2009-02-06,1,4.3404775016130406e-09,0.9999999956595218
2009-02-07,1,6.10626850605995e-10,0.9999999993893738
2009-02-08,1,3.8679047524145534e-18,1.0
2009-02-09,1,9.148242352989399e-08,0.9999999085175773
2009-02-10,1,1.8562634114624286e-17,1.0
2009-02-11,1,1.6270384265664111e-15,1.0
2009-02-12,1,6.011302581177739e-13,0.9999999999993996
2009-02-13,1,8.304857502005076e-30,1.0
2009-02-14,1,4.078204986216188e-15,0.9999999999999964
2009-02-15,1,2.487294578088612e-17,1.0
2009-02-16,1,8.155287511403075e-08,0.9999999184471233
2009-02-17,1,0.0018366339195270407,0.9981633660804736
2009-02-18,1,2.4987038320219433e-10,0.9999999997501305
2009-02-19,1,3.370497279560544e-07,0.9999996629502732
2009-02-20,1,1.2291268354674207e-09,0.9999999987708748
2009-02-21,1,6.663063754540104e-13,0.9999999999993321
2009-02-22,1,5.669609411679636e-10,0.9999999994330402
2009-02-23,1,3.435548379490072e-09,0.9999999965644513
2009-02-24,1,2.3880263209990818e-09,0.9999999976119724
2009-02-25,1,0.0010650681051028543,0.9989349318948958
2009-02-26,0,0.9987609524497972,0.0012390475502020752
2009-02-27,1,0.000743455691769597,0.9992565443082321
2009-02-28,1,4.2834880645298455e-11,0.9999999999571649
2009-03-01,1,1.916258041132045e-08,0.9999999808374194
2009-03-02,0,0.9999999947950631,5.204936886405899e-09
2009-03-03,1,1.0469986469023216e-06,0.9999989530013532
2009-03-04,0,1.0,7.306270058749025e-30
2009-03-05,0,1.0,5.1106478889988675e-40
2009-03-06,1,2.5043531640856535e-07,0.9999997495646824
2009-03-07,1,7.474327498228928e-07,0.9999992525672483
2009-03-08,0,1.0,1.280511273684316e-91
2009-03-09,0,1.0,3.1010072754305986e-88
2009-03-10,0,1.0,1.3815486285003993e-69
2009-03-11,0,1.0,2.524738882773156e-16
2009-03-12,1,9.213900587189164e-05,0.9999078609941274
2009-03-13,1,2.5749434943052827e-11,0.9999999999742499
2009-03-14,1,8.552005830894223e-21,1.0
2009-03-15,1,1.6886057031945177e-09,0.9999999983113952
2009-03-16,1,1.1293874584962408e-07,0.9999998870612529
2009-03-17,1,0.04168404028504745,0.958315959714953
2009-03-18,0,1.0,5.827994088393355e-18
2009-03-19,1,1.092100145223388e-12,0.9999999999989093
2009-03-20,1,2.5732808842558414e-23,1.0
2009-03-21,1,5.698548137541699e-22,1.0
2009-03-22,1,1.1114551088526282e-17,1.0
2009-03-23,1,1.4379439462217783e-22,1.0
2009-03-24,0,1.0,6.407344255668807e-140
2009-03-25,1,2.4850805116154505e-14,0.9999999999999751
2009-03-26,1,1.5065599595045169e-21,1.0
2009-03-27,1,2.0002380029481034e-10,0.9999999997999751
2009-03-28,1,2.689152670828369e-13,0.99999999999973
2009-03-29,0,1.0,3.710055950464414e-157
2009-03-30,0,1.0,6.745879870043817e-17
2009-03-31,1,1.5708384680101868e-09,0.9999999984291605
2009-04-01,1,0.00011655878444961761,0.9998834412155521
2009-04-02,1,2.3099178439615182e-07,0.9999997690082143
2009-04-03,0,0.9999999328302143,6.716978571201637e-08
2009-04-04,1,2.478050197831307e-13,0.9999999999997513
2009-04-05,1,6.559594181308697e-22,1.0
2009-04-06,0,0.9976562249119937,0.002343775088006141
2009-04-07,0,1.0,7.760565604655957e-26
2009-04-08,0,1.0,1.0880867641059783e-18
2009-04-09,1,1.6935256069716508e-16,1.0
2009-04-10,1,2.237031646108193e-15,0.9999999999999964
2009-04-11,1,2.1650470742887084e-14,0.9999999999999787
2009-04-12,1,1.1956485174654287e-45,1.0
2009-04-13,1,0.000172298943533643,0.9998277010564656
2009-04-14,0,1.0,2.758422252793559e-22
2009-04-15,0,1.0,3.738505537805136e-16
2009-04-16,0,0.9999999999998117,1.891507906780847e-13
2009-04-17,1,1.1237362805750877e-07,0.9999998876263724
2009-04-18,1,5.200387553482817e-08,0.9999999479961246
2009-04-19,1,1.4579091984321494e-09,0.9999999985420907
2009-04-20,0,0.9999999951625824,4.8374175354280055e-09
2009-04-21,0,1.0,4.8322587931113315e-17
2009-04-22,0,0.9999999997419309,2.5806955114784925e-10
2009-04-23,1,0.16604601012918296,0.8339539898708157
2009-04-24,0,0.9999998896408638,1.1035913547463138e-07
2009-04-25,1,3.167547450155657e-05,0.9999683245254969
2009-04-26,1,4.0995687154297314e-11,0.9999999999590052
2009-04-27,1,0.26748257017881233,0.7325174298211878
2009-04-28,1,0.00022048753349790742,0.9997795124665033
2009-04-29,0,0.9732804264341772,0.026719573565822066
2009-04-30,1,6.212903950677912e-10,0.9999999993787085
2009-05-01,1,4.60787446704594e-30,1.0
2009-05-02,1,3.49885276693873e-07,0.9999996501147245
2009-05-03,1,1.1212941324641762e-06,0.9999988787058667
2009-05-04,0,0.9994943123156593,0.0005056876843413281
2009-05-05,0,1.0,2.4820632516584404e-20
2009-05-06,0,1.0,1.930800785485427e-33
2009-05-07,1,0.3938477721067539,0.6061522278932462
2009-05-08,1,1.2028056510360743e-10,0.9999999998797193
2009-05-09,1,1.0875437043396826e-23,1.0
2009-05-10,1,3.1454364679596957e-10,0.9999999996854569
2009-05-11,1,0.08560723254194566,0.9143927674580538
2009-05-12,1,2.5300406330197904e-05,0.9999746995936685
2009-05-13,1,7.426585322162388e-10,0.9999999992573407
2009-05-14,1,0.06731089834609737,0.9326891016539034
2009-05-15,1,2.2951526598206107e-14,0.9999999999999787
2009-05-16,1,5.4225756755662036e-11,0.9999999999457749
2009-05-17,1,4.742257178137356e-18,1.0
2009-05-18,1,2.4455448572889665e-07,0.9999997554455128
2009-05-19,1,0.40938677769598886,0.5906132223040119
2009-05-20,1,4.1256535241395945e-25,1.0
2009-05-21,1,2.2111414109571254e-13,0.9999999999997797
2009-05-22,1,6.21694516761615e-11,0.9999999999378311
2009-05-23,1,3.6444661924769995e-09,0.9999999963555339
2009-05-24,1,1.0620857061370235e-10,0.9999999998937916
2009-05-25,1,6.78981054011638e-08,0.9999999321018956
2009-05-26,1,1.6428502339606706e-09,0.9999999983571506
2009-05-27,1,9.926084052123526e-05,0.999900739159479
2009-05-28,0,0.9892787740941235,0.010721225905875882
2009-05-29,0,1.0,3.205158785933044e-23
2009-05-30,0,0.9993953955580908,0.0006046044419088482
2009-05-31,1,4.444939687270497e-09,0.9999999955550614
2009-06-01,0,1.0,1.4680305156325523e-28
2009-06-02,0,0.9999999983609289,1.639071144652851e-09
2009-06-03,0,0.9999999999292513,7.074926943741521e-11
2009-06-04,0,1.0,1.1845248505000159e-32
2009-06-05,0,1.0,1.9293954246513117e-38
2009-06-06,1,4.0077051216553225e-16,1.0
2009-06-07,1,3.2029928509013874e-22,1.0
2009-06-08,1,6.8213273015418e-12,0.9999999999931788
2009-06-09,1,1.411800779870453e-10,0.9999999998588187
2009-06-10,1,3.584305129361393e-09,0.9999999964156956
2009-06-11,1,1.5458337803084248e-12,0.9999999999984546
2009-06-12,1,1.1832443831617784e-09,0.9999999988167545
2009-06-13,1,6.806181393193177e-05,0.9999319381860673
2009-06-14,1,1.227752031442533e-25,1.0
2009-06-15,1,3.1019476856592012e-12,0.9999999999968985
2009-06-16,1,5.540811647528747e-10,0.9999999994459188
2009-06-17,1,2.0554164355616693e-11,0.9999999999794476
2009-06-18,1,1.3808093366506397e-17,1.0
2009-06-19,1,2.030227968656912e-17,1.0
2009-06-20,1,7.175724791943042e-11,0.9999999999282423
2009-06-21,1,1.5269764550467156e-10,0.9999999998473008
2009-06-22,1,9.064710275230508e-15,0.9999999999999893
2009-06-23,1,7.848479862156248e-08,0.9999999215152005
2009-06-24,1,1.113748422212228e-12,0.999999999998888
2009-06-25,1,1.94427768045598e-14,0.9999999999999822
2009-06-26,0,0.9999999999999254,7.427859736131475e-14
2009-06-27,1,4.1823566215611937e-10,0.9999999995817639
2009-06-28,1,5.99856875643479e-24,1.0
2009-06-29,0,1.0,1.2166768361874406e-22
2009-06-30,0,0.9999999999999982,1.367037453110398e-15
2009-07-01,1,1.6648183004529603e-16,1.0
2009-07-02,1,1.1052370546233605e-20,1.0
2009-07-03,1,5.281471428956174e-16,1.0
2009-07-04,1,4.4438502540159693e-07,0.9999995556149762
2009-07-05,1,6.63871580529187e-08,0.9999999336128433
2009-07-06,1,1.599897712888135e-08,0.999999984001022
2009-07-07,1,3.356120678628595e-14,0.999999999999968
2009-07-08,1,1.4096252897035422e-07,0.9999998590374722
2009-07-09,1,3.4686526580260195e-07,0.9999996531347326
2009-07-10,0,1.0,0.0
2009-07-11,1,0.0010476869452429496,0.9989523130547556
2009-07-12,1,1.008852540047419e-10,0.9999999998991136
2009-07-13,1,1.60615801504404e-12,0.9999999999983942
2009-07-14,1,4.00977006613063e-05,0.9999599022993393
2009-07-15,1,1.8520565273503144e-09,0.9999999981479419
2009-07-16,1,2.2919146530100902e-24,1.0
2009-07-17,0,0.7310771636116171,0.26892283638838305
2009-07-18,1,2.3801785055238974e-13,0.999999999999762
2009-07-19,1,3.366720466841794e-08,0.9999999663327946
2009-07-20,1,2.5299113995705874e-08,0.9999999747008846
2009-07-21,1,0.3235443267771981,0.6764556732228011
2009-07-22,0,0.9999989103758814,1.0896241192724795e-06
2009-07-23,1,8.176119258535784e-10,0.9999999991823891
2009-07-24,1,4.065493431408869e-08,0.9999999593450654
2009-07-25,1,1.61819773576195e-16,1.0
2009-07-26,1,1.3786072101154853e-16,1.0
2009-07-27,0,1.0,5.569971559195733e-19
2009-07-28,1,7.968235861859269e-09,0.9999999920317642
2009-07-29,1,2.5894932457547943e-07,0.9999997410506738
2009-07-30,1,1.4951690700572839e-07,0.9999998504830933
2009-07-31,1,6.939268517366021e-12,0.9999999999930616
2009-08-01,1,3.2766099589863514e-05,0.9999672339004118
2009-08-02,1,3.835329045856143e-09,0.9999999961646715
2009-08-03,1,2.088490096464793e-09,0.9999999979115088
2009-08-04,1,5.810268572489502e-07,0.9999994189731414
2009-08-05,1,2.1204026681040977e-10,0.9999999997879598
2009-08-06,1,1.7419395780405183e-12,0.9999999999982592
2009-08-07,1,2.1723687701266028e-06,0.9999978276312304
2009-08-08,1,8.972942458358116e-20,1.0
2009-08-09,0,0.8880178234275026,0.11198217657249748
2009-08-10,0,1.0,1.9879626225733677e-194
2009-08-11,1,0.0024721475234822186,0.9975278524765164
2009-08-12,1,2.478412936113026e-08,0.9999999752158718
2009-08-13,1,2.000585821323214e-06,0.9999979994141778
2009-08-14,1,9.383175129664852e-23,1.0
2009-08-15,1,1.5957363625207213e-26,1.0
2009-08-16,1,6.421769474116784e-56,1.0
2009-08-17,1,9.67742186348779e-28,1.0
2009-08-18,1,6.353238384824588e-23,1.0
2009-08-19,1,3.3377159092058715e-39,1.0
2009-08-20,1,1.868641444534583e-25,1.0
2009-08-21,0,0.679972605875741,0.32002739412425835
2009-08-22,1,2.4075956938881045e-28,1.0
2009-08-23,1,6.619501875240894e-08,0.9999999338049812
2009-08-24,1,3.5813025143505674e-08,0.9999999641869735
2009-08-25,0,1.0,1.1876358404807539e-29
2009-08-26,1,0.005003078426154282,0.9949969215738442
2009-08-27,1,1.4766535740923877e-06,0.9999985233464268
2009-08-28,0,0.9999984054979578,1.594502041920544e-06
2009-08-29,0,1.0,6.975746490849116e-61
2009-08-30,0,1.0,1.0307143044654729e-19
2009-08-31,0,1.0,1.3552430164214134e-62
2009-09-01,0,0.9999999998633591,1.366404410173542e-10
2009-09-02,0,1.0,1.6627265754448118e-27
2009-09-03,1,3.409881516498384e-10,0.9999999996590105
2009-09-04,1,2.110152879908134e-11,0.9999999999788969
2009-09-05,1,1.3947925829327355e-26,1.0
2009-09-06,1,5.460714452600447e-06,0.9999945392855477
2009-09-07,0,0.9999999999997975,2.026995725688097e-13
2009-09-08,1,0.11104578016133589,0.8889542198386641
2009-09-09,0,1.0,1.894449496372764e-20
2009-09-10,0,1.0,2.5818008926529214e-48
2009-09-11,0,1.0,1.0886102715285397e-24
2009-09-12,0,1.0,7.079512359565316e-48
2009-09-13,1,2.173329926595889e-15,0.9999999999999964
2009-09-14,0,1.0,1.317939720251561e-60
2009-09-15,0,0.9999564156089725,4.3584391027732094e-05
2009-09-16,1,5.414201287863938e-08,0.9999999458579879
2009-09-17,1,4.922644115483801e-06,0.9999950773558851
2009-09-18,1,0.0009079836034700154,0.9990920163965303
2009-09-19,1,4.16519018435449e-09,0.9999999958348091
2009-09-20,1,8.842176782380281e-07,0.9999991157823233
2009-09-21,1,2.0198834734013714e-05,0.9999798011652661
2009-09-22,0,1.0,1.0190479798149951e-35
2009-09-23,1,1.2742030060757634e-06,0.9999987257969938
2009-09-24,0,1.0,2.3887133002925466e-61
2009-09-25,0,0.9999999995983764,4.0162414776933934e-10
2009-09-26,0,1.0,1.537959058219032e-29
2009-09-27,1,2.022051647447571e-09,0.9999999979779481
2009-09-28,0,1.0,8.847978497759954e-108
2009-09-29,0,0.9999999999836522,1.6348379651079626e-11
2009-09-30,1,2.84919988788664e-08,0.9999999715080006
2009-10-01,1,0.26095932162788515,0.7390406783721152
2009-10-02,1,1.636963754783476e-08,0.9999999836303638
2009-10-03,1,3.0855686095354565e-24,1.0
2009-10-04,1,5.67718697596667e-06,0.9999943228130237
2009-10-05,0,1.0,1.0122804080747323e-16
2009-10-06,1,0.10695614935771616,0.8930438506422842
2009-10-07,1,1.4404644017964259e-07,0.9999998559535609
2009-10-08,0,1.0,2.697600458564218e-16
2009-10-09,0,1.0,6.468742086982988e-24
2009-10-10,1,0.00012200938479090021,0.9998779906152091
2009-10-11,1,1.2577395479283888e-06,0.9999987422604506
2009-10-12,0,1.0,5.589429743498321e-27
2009-10-13,0,0.9932944083515206,0.006705591648479869
2009-10-14,0,0.9968094708856783,0.0031905291143214097
2009-10-15,1,2.6159408247938203e-06,0.9999973840591746
2009-10-16,1,1.765371438834465e-11,0.9999999999823466
2009-10-17,1,2.1279197022954973e-19,1.0
2009-10-18,1,1.4427104062518717e-20,1.0
2009-10-19,0,1.0,7.76038191128484e-23
2009-10-20,0,1.0,5.959701986186079e-18
2009-10-21,0,0.9999413812372916,5.8618762708719844e-05
2009-10-22,1,0.00013477344128295273,0.9998652265587169
2009-10-23,1,4.2997309108522024e-05,0.999957002690893
2009-10-24,0,1.0,1.51441779821304e-49
2009-10-25,0,1.0,9.858699327649863e-69
2009-10-26,0,0.9355350918579248,0.06446490814207521
2009-10-27,0,0.773065928240308,0.22693407175969257
2009-10-28,1,0.00013145852212375318,0.999868541477877
2009-10-29,0,0.9982275383676062,0.0017724616323935422
2009-10-30,0,1.0,3.1152242047784326e-28
2009-10-31,0,1.0,1.1998900883425386e-72
2009-11-01,0,0.9999999621129099,3.788709086038894e-08
2009-11-02,1,0.0038788813533130813,0.9961211186466873
2009-11-03,1,0.023262715733094543,0.9767372842669042
2009-11-04,1,0.46369535819461394,0.5363046418053863
2009-11-05,1,9.325275262690059e-09,0.9999999906747234
2009-11-06,1,0.0006460179507629573,0.9993539820492361
2009-11-07,1,5.5051085360275485e-17,1.0
2009-11-08,1,5.795414004052797e-12,0.9999999999942055
2009-11-09,1,2.0039032767745304e-10,0.9999999997996092
2009-11-10,1,8.487783400776708e-09,0.9999999915122153
2009-11-11,1,2.082673138740894e-05,0.9999791732686139
2009-11-12,1,7.436668414553748e-07,0.9999992563331576
2009-11-13,1,6.523234479781744e-05,0.999934767655203
2009-11-14,1,7.713358021551485e-11,0.999999999922867
2009-11-15,1,2.4319423510789057e-17,1.0
2009-11-16,0,0.500245612102994,0.4997543878970057
2009-11-17,1,1.478945398383282e-11,0.99999999998521
2009-11-18,1,1.5890754210558745e-05,0.9999841092457901
2009-11-19,1,0.08589181911785308,0.9141081808821465
2009-11-20,1,8.196463985703451e-27,1.0
2009-11-21,1,1.240195948210034e-12,0.9999999999987601
2009-11-22,1,1.4766702808865174e-05,0.9999852332971915
2009-11-23,0,1.0,5.339110384842626e-32
2009-11-24,0,0.7770139401655634,0.2229860598344362
2009-11-25,1,5.734149435237779e-10,0.9999999994265849
2009-11-26,1,2.1452584033447364e-07,0.999999785474161
2009-11-27,0,0.9999999999971525,2.848104466678882e-12
2009-11-28,0,0.9999999376949767,6.230502315859671e-08
2009-11-29,0,0.9999996937281661,3.0627183307608704e-07
2009-11-30,0,1.0,4.416926212124456e-95
2009-12-01,0,1.0,4.255812182419177e-17
2009-12-02,0,0.9999460964827059,5.390351729462661e-05
2009-12-03,0,1.0,4.607782133800579e-41
2009-12-04,1,5.505390242302866e-06,0.9999944946097574
2009-12-05,1,0.00012177235999917248,0.9998782276400013
2009-12-06,1,4.2254846460331015e-11,0.999999999957744
2009-12-07,0,1.0,3.905910957076972e-47
2009-12-08,0,1.0,6.458408620862062e-34
2009-12-09,1,2.1833984954220623e-08,0.9999999781660167
2009-12-10,0,1.0,6.359608847491166e-28
2009-12-11,1,1.860089642224184e-10,0.9999999998139906
2009-12-12,1,4.091751464360889e-31,1.0
2009-12-13,0,1.0,1.5776587223733481e-102
2009-12-14,0,0.9999999999950653,4.9344817846313906e-12
2009-12-15,0,1.0,0.0
2009-12-16,1,1.08901888101208e-15,1.0
2009-12-17,1,9.056279965211945e-26,1.0
2009-12-18,0,1.0,1.124438891884014e-236
2009-12-19,1,3.55284399615793e-08,0.99999996447156
2009-12-20,0,1.0,0.0
2009-12-21,0,1.0,1.6696434290409177e-16
2009-12-22,0,1.0,0.0
2009-12-23,0,1.0,7.846343963101312e-303
2009-12-24,0,1.0,0.0
2009-12-25,1,0.0010136507021905584,0.998986349297809
2009-12-26,0,1.0,2.340395051280883e-18
2009-12-27,0,0.9763522569429373,0.02364774305706324
2009-12-28,0,1.0,1.0331049881116634e-224
2009-12-29,0,0.999999999831978,1.680213458301642e-10
2009-12-30,0,0.9999998210052521,1.7899474745718154e-07
2009-12-31,0,0.9999987114738188,1.288526180946469e-06
2010-01-01,1,4.510726071479081e-08,0.9999999548927391
2010-01-02,1,3.0831413882002195e-08,0.9999999691685848
2010-01-03,0,0.9979149430639304,0.0020850569360687304
2010-01-04,0,1.0,6.145319381979872e-18
2010-01-05,1,1.3159829450819112e-05,0.9999868401705508
2010-01-06,0,0.9999999999999893,1.12287296291845e-14
2010-01-07,0,0.999999961927707,3.807229310579086e-08
2010-01-08,0,0.9999999624475524,3.755244719232084e-08
2010-01-09,0,0.989649858271834,0.010350141728165575
2010-01-10,1,3.108820053199575e-31,1.0
2010-01-11,1,5.586681710408749e-14,0.9999999999999432
2010-01-12,0,1.0,1.2320541282406558e-67
2010-01-13,0,1.0,1.5313311719244225e-31
2010-01-14,1,5.402150288191297e-08,0.999999945978496
2010-01-15,0,0.99999952571913,4.742808706898423e-07
2010-01-16,1,2.418246384851989e-12,0.9999999999975806
2010-01-17,1,6.14408032408748e-15,0.9999999999999929
2010-01-18,1,0.05391790535045007,0.9460820946495496
2010-01-19,0,0.9998652120071876,0.00013478799281186178
2010-01-20,1,1.5521519520574555e-09,0.9999999984478478
2010-01-21,0,0.9999999999967137,3.2862510538505765e-12
2010-01-22,0,0.9999999999999432,5.611970165123277e-14
2010-01-23,1,5.057659930221168e-08,0.9999999494234024
2010-01-24,1,6.33044550366624e-13,0.9999999999993676
2010-01-25,1,0.0006725739156561566,0.9993274260843424
2010-01-26,0,0.9999999893253033,1.0674695824550625e-08
2010-01-27,1,1.7336137298083338e-07,0.9999998266386257
2010-01-28,0,1.0,1.6722223811451678e-23
2010-01-29,1,0.08945202757423211,0.9105479724257673
2010-01-30,0,1.0,2.2257164376755185e-85
2010-01-31,1,6.820074975209527e-23,1.0
2010-02-01,1,0.15175622028414257,0.8482437797158574
2010-02-02,0,0.9479080237930593,0.0520919762069408
2010-02-03,1,1.0544612444199124e-06,0.9999989455387546
2010-02-04,1,3.418941064791325e-08,0.9999999658105884
2010-02-05,1,3.4363552409800054e-17,1.0
2010-02-06,0,1.0,7.484039007832455e-102
2010-02-07,1,1.086006429737665e-06,0.9999989139935686
2010-02-08,0,1.0,7.108569467019704e-75
2010-02-09,0,1.0,7.66840428079092e-30
2010-02-10,0,0.9999999999979785,2.02177351294926e-12
2010-02-11,0,0.9999999998982911,1.0170944849484343e-10
2010-02-12,0,1.0,2.940991987261317e-23
2010-02-13,0,1.0,3.6075306480663347e-57
2010-02-14,0,1.0,5.418129336570814e-30
2010-02-15,0,1.0,1.2648541853109044e-95
2010-02-16,1,5.704275830608437e-17,1.0
2010-02-17,0,1.0,1.744736307697409e-39
2010-02-18,1,1.3290537266323525e-07,0.999999867094628
2010-02-19,1,5.026737554086521e-07,0.9999994973262452
2010-02-20,0,1.0,1.5538035544779096e-83
2010-02-21,0,0.9999966459228854,3.3540771138266725e-06
2010-02-22,1,0.0005002762185783041,0.9994997237814212
2010-02-23,1,0.00018025604482294435,0.9998197439551756
2010-02-24,0,0.999993412978286,6.5870217134326484e-06
2010-02-25,0,0.9999999999999929,7.891027839269068e-15
2010-02-26,1,1.5912507928561754e-12,0.9999999999984084
2010-02-27,1,5.2692362859696056e-14,0.9999999999999467
2010-02-28,1,2.775806274874239e-13,0.9999999999997229
2010-03-01,1,3.468967758928439e-14,0.9999999999999645
2010-03-02,1,2.6659822858308384e-05,0.9999733401771419
2010-03-03,0,1.0,1.656353681769444e-51
2010-03-04,0,1.0,5.551359271423219e-56
2010-03-05,1,1.981910438882638e-24,1.0
2010-03-06,1,2.5651253939851617e-32,1.0
2010-03-07,1,1.5626997435018586e-20,1.0
2010-03-08,1,0.12412040232491083,0.8758795976750889
2010-03-09,1,9.275620588814242e-08,0.9999999072437945
2010-03-10,1,1.1898283233104179e-45,1.0
2010-03-11,1,2.1691119819642078e-32,1.0
2010-03-12,1,9.04496524379685e-23,1.0
2010-03-13,1,2.8587287779543404e-31,1.0
2010-03-14,1,1.8323807586607882e-32,1.0
2010-03-15,1,9.863909795450002e-23,1.0
2010-03-16,0,1.0,4.485969447662914e-73
2010-03-17,0,1.0,7.146453618851293e-34
2010-03-18,0,1.0,1.7734694783154984e-92
2010-03-19,0,1.0,6.426056581691424e-45
2010-03-20,0,1.0,3.13016924596456e-92
2010-03-21,1,0.052263383483244524,0.9477366165167559
2010-03-22,0,0.9999999999391349,6.086538400140215e-11
2010-03-23,0,0.6644011832977879,0.3355988167022126
2010-03-24,1,3.5434132754922264e-11,0.9999999999645652
2010-03-25,1,2.2309944911916898e-14,0.9999999999999787
2010-03-26,0,0.9999995085505908,4.914494084056537e-07
2010-03-27,1,3.403947503524906e-07,0.9999996596052487
2010-03-28,0,0.999999999994964,5.036395876522353e-12
2010-03-29,0,1.0,1.743700830741056e-44
2010-03-30,0,0.9999999999980016,1.99879305339802e-12
2010-03-31,1,0.05283968681177823,0.9471603131882211
2010-04-01,1,7.56888634801791e-09,0.999999992431114
2010-04-02,0,0.9999998317076271,1.6829237263195435e-07
2010-04-03,1,9.187850843290035e-09,0.9999999908121495
2010-04-04,1,2.797659587526396e-26,1.0
2010-04-05,1,0.0017508374710202483,0.9982491625289783
2010-04-06,1,2.2638897541445467e-10,0.9999999997736104
2010-04-07,1,1.6132862167233206e-14,0.9999999999999822
2010-04-08,1,2.2007401543953947e-61,1.0
2010-04-09,1,1.3933617142162677e-63,1.0
2010-04-10,1,5.724921631690074e-16,1.0
2010-04-11,0,1.0,4.2833473786592946e-86
2010-04-12,0,0.6952423804543636,0.30475761954563685
2010-04-13,1,1.8969442351729046e-18,1.0
2010-04-14,0,1.0,5.935615489897261e-27
2010-04-15,1,1.568738259996858e-28,1.0
2010-04-16,1,1.2365115138547275e-55,1.0
2010-04-17,1,4.1340983679076434e-55,1.0
2010-04-18,0,1.0,5.438702160332767e-35
2010-04-19,1,7.59623109647708e-13,0.9999999999992397
2010-04-20,1,2.567594262420337e-18,1.0
2010-04-21,0,0.9997151584145341,0.0002848415854659352
2010-04-22,1,1.1760435518488263e-20,1.0
2010-04-23,0,0.9999999999887059,1.1294348107330927e-11
2010-04-24,0,1.0,4.4833121335863636e-48
2010-04-25,0,0.9999999999996394,3.6136703278662825e-13
2010-04-26,1,7.430055337054093e-17,1.0
2010-04-27,1,1.381694405014554e-16,1.0
2010-04-28,0,1.0,1.9588934310111332e-20
2010-04-29,0,1.0,9.235421586567636e-29
2010-04-30,1,1.351271275223986e-41,1.0
2010-05-01,1,2.3888024869871406e-09,0.999999997611198
2010-05-02,1,7.55684268173824e-07,0.9999992443157324
2010-05-03,1,7.60539095399205e-28,1.0
2010-05-04,1,3.3434520259076678e-12,0.9999999999966569
2010-05-05,1,2.989541250678299e-08,0.9999999701045863
2010-05-06,1,2.455178692613116e-12,0.9999999999975451
2010-05-07,0,1.0,4.688120994637143e-80
2010-05-08,1,8.343664887922054e-09,0.9999999916563347
2010-05-09,1,2.8630398721358455e-19,1.0
2010-05-10,1,3.149526864691685e-12,0.9999999999968523
2010-05-11,1,2.491831275923655e-25,1.0
2010-05-12,1,2.4452386847246776e-37,1.0
2010-05-13,0,0.9999999974576212,2.542379187854106e-09
2010-05-14,1,1.4304592201366976e-25,1.0
2010-05-15,1,1.837892655073672e-61,1.0
2010-05-16,1,3.681138544222697e-60,1.0
2010-05-17,1,2.3231064005478593e-60,1.0
2010-05-18,0,1.0,4.659538390650857e-50
2010-05-19,0,1.0,9.123675403062206e-110
2010-05-20,0,1.0,3.500458056058006e-17
2010-05-21,0,0.9999980676130927,1.932386907483288e-06
2010-05-22,0,0.9757984487023311,0.024201551297669023
2010-05-23,1,1.2281753076433837e-28,1.0
2010-05-24,0,1.0,2.82395116933087e-85
2010-05-25,1,4.759226216228684e-33,1.0
2010-05-26,1,1.382408062972872e-32,1.0
2010-05-27,1,1.5964669249637758e-27,1.0
2010-05-28,1,2.4319436034935268e-59,1.0
2010-05-29,1,4.049509982918197e-32,1.0
2010-05-30,1,7.037661771108147e-24,1.0
2010-05-31,1,1.66750605009528e-55,1.0
2010-06-01,1,1.4309846111604163e-25,1.0
2010-06-02,1,1.1380784034163751e-63,1.0
2010-06-03,1,6.643663670272389e-07,0.9999993356336323
2010-06-04,0,1.0,6.410392358981837e-219
2010-06-05,0,1.0,3.1315404402117253e-20
2010-06-06,1,2.2328208243132284e-13,0.9999999999997762
2010-06-07,1,9.21310165132586e-09,0.9999999907868968
2010-06-08,0,0.9999999817657931,1.82342066559161e-08
2010-06-09,0,1.0,1.1255692395589375e-57
2010-06-10,0,1.0,1.0965889445577027e-211
2010-06-11,0,1.0,5.237538150790259e-96
2010-06-12,0,1.0,2.5499254038394843e-39
2010-06-13,1,6.135235893004509e-45,1.0
2010-06-14,1,6.033087223695917e-16,1.0
2010-06-15,0,1.0,4.4075884308801223e-144
2010-06-16,0,1.0,1.3445120856419986e-57
2010-06-17,0,1.0,2.081550738353413e-171
2010-06-18,0,1.0,8.923669526059643e-140
2010-06-19,0,1.0,3.4711700977454286e-44
2010-06-20,0,1.0,8.129143200421179e-18
2010-06-21,0,1.0,2.932802733184846e-109
2010-06-22,0,0.9999999999424904,5.751041264932828e-11
2010-06-23,0,1.0,8.587270545582889e-24
2010-06-24,1,3.9754509916636186e-08,0.99999996024549
2010-06-25,0,1.0,8.798209094601076e-31
2010-06-26,0,1.0,5.100862189703928e-23
2010-06-27,1,5.1633160202873434e-11,0.9999999999483684
2010-06-28,1,0.001108659758195262,0.9988913402418046
2010-06-29,0,1.0,3.327510104256055e-57
2010-06-30,0,1.0,4.6061439846875146e-23
2010-07-01,0,0.9999999999999947,5.4988416622867805e-15
2010-07-02,1,1.428425453710868e-51,1.0
2010-07-03,1,4.277476229781386e-38,1.0
2010-07-04,1,4.738040136335702e-38,1.0
2010-07-05,1,2.0607959738428083e-11,0.9999999999793907
2010-07-06,0,1.0,1.8801356206380255e-28
2010-07-07,0,1.0,5.083965948086273e-25
2010-07-08,1,7.394978165027066e-13,0.999999999999261
2010-07-09,0,1.0,2.5977742664133144e-71
2010-07-10,1,5.166770298497972e-30,1.0
2010-07-11,1,2.62492375184461e-23,1.0
2010-07-12,0,1.0,0.0
2010-07-13,1,2.2214053074929154e-05,0.9999777859469245
2010-07-14,0,0.9999999998869216,1.1307863281277061e-10
2010-07-15,1,2.6567374854192473e-09,0.999999997343263
2010-07-16,0,0.9999999999999876,1.2889590771591765e-14
2010-07-17,1,8.49087899031465e-20,1.0
2010-07-18,1,1.5867349838145202e-11,0.9999999999841336
2010-07-19,1,2.521169003913567e-10,0.9999999997478817
2010-07-20,1,3.4511578470887895e-24,1.0
2010-07-21,0,1.0,6.327345477416863e-18
2010-07-22,0,1.0,7.115456088354977e-69
2010-07-23,1,3.6474357403571104e-06,0.9999963525642611
2010-07-24,1,8.370586871365765e-14,0.9999999999999147
2010-07-25,1,1.098244693630943e-06,0.9999989017553075
2010-07-26,0,1.0,8.207374560396852e-21
2010-07-27,0,0.9998681533186828,0.00013184668131734683
2010-07-28,1,1.4823779048985865e-09,0.9999999985176231
2010-07-29,0,1.0,1.0649287753026397e-28
2010-07-30,1,5.240100003520451e-05,0.9999475989999653
2010-07-31,1,0.4886525813364946,0.5113474186635053
2010-08-01,1,2.8095462519925204e-24,1.0
2010-08-02,0,1.0,1.5222482070797703e-114
2010-08-03,0,1.0,6.531185767271745e-64
2010-08-04,1,1.6301623272026724e-12,0.9999999999983693
2010-08-05,0,1.0,5.892312209579294e-77
2010-08-06,1,0.000732310971938001,0.9992676890280614
2010-08-07,0,0.9992078166038604,0.0007921833961392165
2010-08-08,1,1.483462459686637e-19,1.0
2010-08-09,0,0.9999999999936815,6.31829548240533e-12
2010-08-10,0,1.0,1.6534172574039052e-158
2010-08-11,0,1.0,5.187480782874412e-76
2010-08-12,0,1.0,7.184592140041725e-52
2010-08-13,0,0.9999999999998384,1.6204261017546266e-13
2010-08-14,0,0.9999999999999982,1.3122368993501961e-15
2010-08-15,1,7.517580781139647e-07,0.9999992482419221
2010-08-16,1,7.902602372335088e-05,0.999920973976276
2010-08-17,0,1.0,1.8843902314960207e-105
2010-08-18,0,1.0,2.780773449314655e-59
2010-08-19,0,0.9999999999888658,1.1133468998829907e-11
2010-08-20,1,1.3566767768151282e-07,0.9999998643323224
2010-08-21,1,2.9855245263821684e-09,0.9999999970144771
2010-08-22,1,7.402354388310234e-07,0.9999992597645613
2010-08-23,0,1.0,4.010856697383224e-44
2010-08-24,0,1.0,3.6577739686444355e-36
2010-08-25,0,1.0,1.1288506904929435e-43
2010-08-26,1,0.0018562096496497948,0.9981437903503511
2010-08-27,1,4.048267202995275e-06,0.9999959517327975
2010-08-28,0,1.0,2.0558703132421936e-16
2010-08-29,1,1.2324089356652834e-14,0.9999999999999893
2010-08-30,0,1.0,1.596420591806371e-46
2010-08-31,0,0.9999999999999751,2.540061293303049e-14
2010-09-01,0,1.0,1.180097162247646e-28
2010-09-02,0,0.999999999855838,1.4416151154250824e-10
2010-09-03,1,2.4121159291411174e-11,0.9999999999758806
2010-09-04,1,5.599479054866898e-16,1.0
2010-09-05,1,6.166848185599605e-20,1.0
2010-09-06,0,1.0,2.078453491189167e-45
2010-09-07,1,6.390751825199728e-28,1.0
2010-09-08,1,2.9929476067068237e-22,1.0
2010-09-09,0,1.0,6.480979211230079e-25
2010-09-10,1,1.7414288772919256e-11,0.9999999999825846
2010-09-11,1,1.3661550744899509e-39,1.0
2010-09-12,1,8.733002138606959e-29,1.0
2010-09-13,1,9.607313874731052e-05,0.9999039268612541
2010-09-14,0,0.9999986809236794,1.3190763209511757e-06
2010-09-15,0,1.0,4.257560679409451e-23
2010-09-16,0,1.0,9.396348886270665e-26
2010-09-17,0,0.9999999173841266,8.261587377540103e-08
2010-09-18,0,1.0,9.598294858831643e-20
2010-09-19,0,1.0,6.501936141311519e-60
2010-09-20,0,1.0,1.0938884644892063e-18
2010-09-21,1,6.183786927980096e-05,0.9999381621307193
2010-09-22,0,0.9036465571790312,0.09635344282096944
2010-09-23,0,1.0,5.9687753442521575e-25
2010-09-24,0,1.0,9.685282511521328e-50
2010-09-25,0,1.0,9.711060272172525e-18
2010-09-26,1,0.00017982171542771147,0.999820178284572
2010-09-27,0,1.0,5.3683595833414626e-76
2010-09-28,0,1.0,7.140325384794873e-74
2010-09-29,0,1.0,1.729317541126619e-81
2010-09-30,0,1.0,4.615425642545941e-44
2010-10-01,0,0.9999999999991758,8.24334326429308e-13
2010-10-02,1,0.2909843623975445,0.709015637602456
2010-10-03,1,0.18476346968527335,0.8152365303147275
2010-10-04,0,1.0,1.1190668173989042e-45
2010-10-05,0,1.0,5.061543581414327e-83
2010-10-06,0,1.0,5.151605589562805e-63
2010-10-07,0,1.0,3.8908454924937675e-169
2010-10-08,0,1.0,1.1640812715477133e-103
2010-10-09,0,0.9998437254429311,0.00015627455706879092
2010-10-10,0,1.0,1.627085381968358e-23
2010-10-11,0,1.0,1.7902375428900415e-129
2010-10-12,0,0.9999952718951863,4.728104813286908e-06
2010-10-13,0,0.9965936686617171,0.0034063313382832502
2010-10-14,0,0.9999721262078857,2.7873792114817798e-05
2010-10-15,0,0.9999999999999751,2.422342069023765e-14
2010-10-16,0,0.9999925450758346,7.4549241652069774e-06
2010-10-17,1,1.5278923189250356e-05,0.9999847210768098
2010-10-18,1,0.0942393784244708,0.9057606215755293
2010-10-19,0,0.9999999999966178,3.381636007348815e-12
2010-10-20,1,5.642315363079677e-06,0.9999943576846366
2010-10-21,1,4.592117991659179e-12,0.9999999999954063
2010-10-22,1,1.6880522697280285e-12,0.9999999999983125
2010-10-23,1,1.2206837441988314e-11,0.9999999999877929
2010-10-24,1,1.0720289326986447e-08,0.9999999892797113
2010-10-25,0,1.0,3.317600395501294e-44
2010-10-26,0,0.9999313315278051,6.86684721946365e-05
2010-10-27,1,0.018952025798260556,0.9810479742017411
2010-10-28,1,3.052970974829355e-13,0.9999999999996945
2010-10-29,1,1.4555079627148867e-18,1.0
2010-10-30,1,9.616389863100207e-27,1.0
2010-10-31,1,9.583012482627887e-22,1.0
2010-11-01,1,7.096546095905412e-09,0.9999999929034544
2010-11-02,1,6.133299441605628e-07,0.9999993866700547
2010-11-03,1,4.7361282662527175e-08,0.9999999526387182
2010-11-04,0,0.9999184580549263,8.154194507374918e-05
2010-11-05,0,0.9999593606954126,4.0639304587847133e-05
2010-11-06,0,0.9999999999891109,1.0888428240595339e-11
2010-11-07,1,8.527712540352728e-08,0.9999999147228743
2010-11-08,0,1.0,4.1458864432009837e-63
2010-11-09,0,1.0,1.4117830843610846e-55
2010-11-10,1,8.001056800725518e-07,0.9999991998943191
2010-11-11,0,0.9999999752101733,2.4789827416327996e-08
2010-11-12,0,1.0,2.643302356420638e-69
2010-11-13,0,0.99957428426786,0.00042571573214051153
2010-11-14,0,0.9999999999634124,3.6587868154502175e-11
2010-11-15,0,0.999994074615452,5.925384547150808e-06
2010-11-16,0,1.0,4.803262454650044e-88
2010-11-17,0,1.0,0.0
2010-11-18,0,1.0,0.0
2010-11-19,0,1.0,0.0
2010-11-20,0,1.0,0.0
2010-11-21,0,1.0,2.3112914872704626e-61
2010-11-22,0,1.0,0.0
2010-11-23,0,1.0,0.0
2010-11-24,0,1.0,0.0
2010-11-25,0,1.0,0.0
2010-11-26,0,1.0,0.0
2010-11-27,0,1.0,0.0
2010-11-28,0,1.0,0.0
2010-11-29,0,1.0,0.0
2010-11-30,0,1.0,0.0
2010-12-01,0,1.0,0.0
2010-12-02,0,1.0,0.0
2010-12-03,0,1.0,2.585122622672131e-205
2010-12-04,0,1.0,1.7383737461648564e-207
2010-12-05,0,1.0,2.4409747078332644e-206
2010-12-06,0,1.0,2.3780845188024958e-254
2010-12-07,0,1.0,4.768391088702786e-245
2010-12-08,0,1.0,9.908568650206126e-132
2010-12-09,0,1.0,2.2020293195672217e-238
2010-12-10,0,1.0,2.3849245992739535e-154
2010-12-11,0,1.0,0.0
2010-12-12,0,1.0,5.0689388235568096e-26
2010-12-13,0,1.0,0.0
2010-12-14,0,1.0,0.0
2010-12-15,0,1.0,0.0
2010-12-16,0,1.0,3.6408984406500466e-285
2010-12-17,0,1.0,0.0
2010-12-18,0,1.0,0.0
2010-12-19,0,1.0,0.0
2010-12-20,0,1.0,0.0
2010-12-21,0,1.0,0.0
2010-12-22,0,1.0,0.0
2010-12-23,0,1.0,0.0
2010-12-24,0,1.0,0.0
2010-12-25,0,1.0,0.0
2010-12-26,0,1.0,0.0
2010-12-27,0,1.0,0.0
2010-12-28,0,1.0,0.0
2010-12-29,0,1.0,0.0
2010-12-30,0,1.0,0.0
2010-12-31,0,1.0,9.81353497e-316
2011-01-01,0,1.0,2.8957514918546942e-83
2011-01-02,0,1.0,0.0
2011-01-03,0,1.0,2.447569014066165e-68
2011-01-04,0,1.0,2.2891449135544947e-112
2011-01-05,0,1.0,0.0
2011-01-06,1,0.056752701161900676,0.943247298838098
2011-01-07,0,1.0,2.837167357158631e-175
2011-01-08,0,1.0,1.7554520735776853e-66
2011-01-09,0,1.0,2.8607302299988025e-225
2011-01-10,0,1.0,1.2745593849116204e-222
2011-01-11,0,1.0,2.4501253212634255e-65
2011-01-12,0,1.0,2.7304595641708977e-30
2011-01-13,0,1.0,9.881246576955456e-147
2011-01-14,0,1.0,2.227157918182526e-98
2011-01-15,0,1.0,9.338749867640354e-104
2011-01-16,1,1.1301338589150961e-05,0.999988698661412
2011-01-17,0,0.9999999237530102,7.624698999844461e-08
2011-01-18,0,0.9964344762825182,0.003565523717481066
2011-01-19,0,1.0,1.7201564548143138e-34
2011-01-20,0,1.0,1.3751045642476307e-17
2011-01-21,1,1.1619538767979869e-05,0.9999883804612311
2011-01-22,0,0.9973879458604091,0.0026120541395914564
2011-01-23,0,0.9999982662260296,1.733773970038139e-06
2011-01-24,1,7.232332706163809e-05,0.9999276766729394
2011-01-25,1,2.1419030570456977e-07,0.9999997858096935
2011-01-26,1,2.974563279604932e-05,0.9999702543672035
2011-01-27,1,1.2603873842884517e-11,0.999999999987395
2011-01-28,1,4.961865225077948e-11,0.9999999999503828
2011-01-29,1,7.63099576910717e-14,0.9999999999999254
2011-01-30,1,2.7006271512141964e-13,0.99999999999973
2011-01-31,0,0.9999652424772213,3.475752277899569e-05
2011-02-01,0,0.9360107899449935,0.06398921005500716
2011-02-02,1,2.586386665228923e-05,0.9999741361333481
2011-02-03,1,1.1885034231868532e-05,0.9999881149657665
2011-02-04,1,1.414005743021645e-08,0.9999999858599438
2011-02-05,1,2.31557988260082e-22,1.0
2011-02-06,1,1.0854215744081734e-09,0.9999999989145785
2011-02-07,1,2.789447918591058e-18,1.0
2011-02-08,1,1.294152320716224e-22,1.0
2011-02-09,1,1.3077521683901855e-23,1.0
2011-02-10,1,9.01941648208224e-18,1.0
2011-02-11,1,1.5257665670124372e-15,1.0
2011-02-12,1,1.7112192626121988e-11,0.9999999999828866
2011-02-13,1,3.4928861493158123e-14,0.9999999999999645
2011-02-14,1,4.142081950460062e-13,0.9999999999995843
2011-02-15,1,8.643101582683632e-08,0.999999913568985
2011-02-16,1,6.760989624940524e-22,1.0
2011-02-17,1,9.648415444377362e-14,0.9999999999999041
2011-02-18,0,0.9937914621474147,0.006208537852585601
2011-02-19,1,1.175097669657593e-15,1.0
2011-02-20,1,6.023668294686246e-12,0.9999999999939782
2011-02-21,1,6.244465741975577e-10,0.9999999993755537
2011-02-22,1,1.1250425511829433e-05,0.9999887495744899
2011-02-23,1,3.8757703218549723e-20,1.0
2011-02-24,1,2.2800177099193335e-13,0.9999999999997726
2011-02-25,0,1.0,1.1417111047918525e-25
2011-02-26,1,4.327528310912461e-10,0.9999999995672475
2011-02-27,1,3.165743950507416e-12,0.9999999999968345
2011-02-28,0,0.9976218979896347,0.0023781020103656784
2011-03-01,1,5.624915909563119e-17,1.0
2011-03-02,1,1.2045650976409837e-08,0.9999999879543502
2011-03-03,1,7.183624634281362e-09,0.9999999928163739
2011-03-04,1,2.564641859053291e-12,0.9999999999974349
2011-03-05,1,6.05345471076598e-23,1.0
2011-03-06,1,2.7015580877989012e-09,0.9999999972984419
2011-03-07,1,0.05276320280001699,0.9472367971999817
2011-03-08,1,3.7219873849692785e-05,0.9999627801261509
2011-03-09,1,2.660523921237706e-05,0.9999733947607873
2011-03-10,1,1.3235488311027443e-09,0.9999999986764507
2011-03-11,1,1.3110847768116213e-09,0.9999999986889136
2011-03-12,1,1.791820149589661e-06,0.9999982081798494
2011-03-13,1,1.8950085239069737e-12,0.9999999999981064
2011-03-14,1,1.91921831235397e-11,0.9999999999808082
2011-03-15,1,6.731611284638281e-12,0.9999999999932676
2011-03-16,1,3.628204696071078e-07,0.9999996371795296
2011-03-17,0,0.9986127009875684,0.0013872990124320572
2011-03-18,1,1.3774773086881551e-09,0.9999999986225241
2011-03-19,1,2.298807945929145e-13,0.9999999999997691
2011-03-20,1,3.4805001731529043e-06,0.999996519499827
2011-03-21,0,1.0,4.654561527575427e-16
2011-03-22,0,1.0,7.225431384338447e-40
2011-03-23,1,2.997706288709603e-13,0.9999999999997016
2011-03-24,0,1.0,3.201511388360317e-88
2011-03-25,0,1.0,4.368212645215049e-299
2011-03-26,0,1.0,4.9956926710089336e-92
2011-03-27,0,1.0,6.146418821907666e-89
2011-03-28,0,1.0,0.0
2011-03-29,0,1.0,0.0
2011-03-30,0,1.0,1.2876991625192536e-279
2011-03-31,0,1.0,2.966227195052751e-171
2011-04-01,0,0.9976556778193254,0.0023443221806736473
2011-04-02,0,0.9999999999997602,2.398043683296933e-13
2011-04-03,1,0.0005522654594884738,0.999447734540512
2011-04-04,0,1.0,1.992532970582589e-60
2011-04-05,0,1.0,6.907120346933871e-23
2011-04-06,0,1.0,1.7067771671304716e-50
2011-04-07,0,0.9999999984712709,1.528729600775087e-09
2011-04-08,0,0.9999999999990887,9.108862049847101e-13
2011-04-09,1,0.0012020919879428007,0.9987979080120579
2011-04-10,1,0.002215891029744236,0.9977841089702546
2011-04-11,0,0.9999999999811386,1.8861285938035657e-11
2011-04-12,0,1.0,3.5225989274395376e-153
2011-04-13,0,1.0,5.106070298524038e-294
2011-04-14,0,1.0,0.0
2011-04-15,0,1.0,0.0
2011-04-16,0,1.0,5.678617116167329e-69
2011-04-17,0,0.9999999999971694,2.8310737384885856e-12
2011-04-18,0,1.0,0.0
2011-04-19,0,1.0,0.0
2011-04-20,0,1.0,9.333393438408478e-302
2011-04-21,0,1.0,1.2708527895563167e-43
2011-04-22,1,1.9566812011829872e-25,1.0
2011-04-23,1,4.8232697266572516e-20,1.0
2011-04-24,1,5.042233191127273e-09,0.9999999949577685
2011-04-25,0,1.0,0.0
2011-04-26,0,1.0,0.0
2011-04-27,0,1.0,0.0
2011-04-28,0,1.0,0.0
2011-04-29,0,1.0,0.0
2011-04-30,0,1.0,1.3277275789665592e-279
2011-05-01,0,1.0,3.435099692503882e-42
2011-05-02,0,1.0,0.0
2011-05-03,0,1.0,0.0
2011-05-04,0,1.0,0.0
2011-05-05,0,1.0,0.0
2011-05-06,0,1.0,0.0
2011-05-07,0,1.0,0.0
2011-05-08,0,1.0,1.3717979218211204e-75
2011-05-09,0,1.0,0.0
2011-05-10,0,1.0,0.0
2011-05-11,0,1.0,0.0
2011-05-12,0,1.0,0.0
2011-05-13,0,1.0,0.0
2011-05-14,0,1.0,0.0
2011-05-15,0,1.0,1.5468530507456304e-159
2011-05-16,0,1.0,0.0
2011-05-17,0,1.0,3.1593572667565724e-90
2011-05-18,0,1.0,7.871360040364827e-131
2011-05-19,0,1.0,3.5178466114971015e-161
2011-05-20,0,1.0,8.418462209919011e-131
2011-05-21,0,1.0,8.57605418039007e-154
2011-05-22,0,1.0,7.911313409113694e-49
2011-05-23,0,1.0,4.891645378661052e-190
2011-05-24,0,1.0,0.0
2011-05-25,0,1.0,1.978593324723161e-130
2011-05-26,0,1.0,0.0
2011-05-27,0,1.0,2.5673394136104298e-51
2011-05-28,0,1.0,4.32002667418098e-69
2011-05-29,0,1.0,7.408763249993654e-21
2011-05-30,0,1.0,2.4891990837692132e-132
2011-05-31,0,1.0,4.2947281810766363e-153
2011-06-01,0,1.0,3.637827261287795e-157
2011-06-02,0,1.0,2.409816408677163e-118
2011-06-03,0,1.0,1.648745032959963e-141
2011-06-04,0,1.0,6.473200663429079e-28
2011-06-05,0,0.9999998023727592,1.9762724123512084e-07
2011-06-06,0,1.0,0.0
2011-06-07,0,1.0,1.0462900283848406e-134
2011-06-08,0,1.0,1.725436822267851e-123
2011-06-09,0,1.0,0.0
2011-06-10,0,1.0,0.0
2011-06-11,0,1.0,2.0658670100781883e-194
2011-06-12,0,0.9999999999999929,8.028874555691268e-15
2011-06-13,0,1.0,3.0831935503723153e-91
2011-06-14,0,1.0,8.698982077770178e-124
2011-06-15,0,1.0,1.9425428628631915e-247
2011-06-16,0,1.0,6.43969035109326e-64
2011-06-17,0,1.0,5.809082559519435e-76
2011-06-18,0,0.999930071815541,6.992818445980673e-05
2011-06-19,0,1.0,7.442381346645063e-53
2011-06-20,0,1.0,1.3765076480921446e-63
2011-06-21,0,1.0,9.37597483689542e-51
2011-06-22,0,1.0,7.824662627384863e-16
2011-06-23,0,1.0,6.022095770398186e-26
2011-06-24,0,1.0,5.802172031945663e-66
2011-06-25,0,1.0,1.1141522216373195e-127
2011-06-26,0,0.9975924043498828,0.0024075956501166387
2011-06-27,0,1.0,1.1398605519306096e-18
2011-06-28,0,1.0,0.0
2011-06-29,0,1.0,1.9964305635770911e-140
2011-06-30,1,1.807464159235805e-11,0.9999999999819238
2011-07-01,0,0.9999999997046434,2.9535712030465883e-10
2011-07-02,0,1.0,4.076714270724001e-22
2011-07-03,1,7.744950449415313e-15,0.9999999999999929
2011-07-04,0,1.0,1.2798829537525157e-29
2011-07-05,0,1.0,4.45679461811599e-26
2011-07-06,0,1.0,2.513065286556985e-206
2011-07-07,0,0.9999999999999858,1.4664403215658905e-14
2011-07-08,0,1.0,3.569118678881108e-202
2011-07-09,0,1.0,5.49852454012421e-44
2011-07-10,0,1.0,5.797792125726912e-155
2011-07-11,0,1.0,1.0679567794778038e-148
2011-07-12,0,1.0,0.0
2011-07-13,0,1.0,4.2288311382199313e-48
2011-07-14,0,1.0,1.986634669877251e-132
2011-07-15,0,1.0,1.5581134121997916e-145
2011-07-16,0,1.0,1.384027171921335e-176
2011-07-17,0,1.0,3.2276677922784842e-80
2011-07-18,0,1.0,6.388330070407681e-84
2011-07-19,0,1.0,1.9736685742465687e-63
2011-07-20,0,1.0,6.222452110456826e-61
2011-07-21,0,1.0,1.0135365599849011e-135
2011-07-22,0,1.0,9.48384244123598e-79
2011-07-23,0,1.0,2.397508704415412e-44
2011-07-24,0,0.9995511840826222,0.0004488159173784312
2011-07-25,0,1.0,6.896513090718467e-99
2011-07-26,0,1.0,5.283384655277266e-41
2011-07-27,0,1.0,1.1307095351464309e-198
2011-07-28,0,1.0,1.0747433797405454e-230
2011-07-29,0,1.0,4.353820350062209e-260
2011-07-30,0,1.0,6.390368685559433e-128
2011-07-31,0,0.9204727487043091,0.07952725129569031
2011-08-01,0,1.0,2.0400413996797595e-99
2011-08-02,0,1.0,2.8116174772618045e-181
2011-08-03,0,1.0,1.9375171183726857e-91
2011-08-04,0,1.0,1.3815020895666329e-109
2011-08-05,0,1.0,2.0029874083464677e-57
2011-08-06,1,2.046238166772699e-09,0.9999999979537613
2011-08-07,1,6.540857606630162e-07,0.999999345914241
2011-08-08,0,0.9999999876067882,1.2393212138496672e-08
2011-08-09,0,1.0,4.186065439391126e-25
2011-08-10,0,1.0,1.1732178703144763e-18
2011-08-11,0,0.887977826629221,0.11202217337077856
2011-08-12,0,1.0,1.7279972877192589e-37
2011-08-13,0,1.0,6.954814534841892e-139
2011-08-14,1,2.161338475421886e-05,0.9999783866152464
2011-08-15,1,0.001036373721289055,0.9989636262787107
2011-08-16,0,1.0,7.781030690672266e-27
2011-08-17,0,0.9999971894890425,2.8105109577454397e-06
2011-08-18,0,1.0,3.414476335036805e-127
2011-08-19,0,1.0,0.0
2011-08-20,0,1.0,0.0
2011-08-21,0,1.0,3.971635648157997e-257
2011-08-22,0,1.0,3.95878927814558e-72
2011-08-23,0,1.0,1.233326342177996e-53
2011-08-24,0,1.0,1.0880838361626183e-32
2011-08-25,0,1.0,6.589975974757966e-78
2011-08-26,0,1.0,6.980982305569824e-66
2011-08-27,0,1.0,1.4296889168695547e-90
2011-08-28,1,0.016653059809140648,0.9833469401908589
2011-08-29,0,1.0,4.989369199228475e-241
2011-08-30,0,1.0,7.47759071338435e-271
2011-08-31,0,1.0,8.113269483323976e-86
2011-09-01,0,1.0,3.2430144903028104e-115
2011-09-02,0,1.0,3.3315637967039497e-177
2011-09-03,1,1.8032068061303425e-13,0.9999999999998188
2011-09-04,1,2.8968542222650623e-12,0.9999999999971045
2011-09-05,0,1.0,1.8991806856445624e-178
2011-09-06,0,1.0,1.0956846195447157e-37
2011-09-07,0,1.0,3.641442755332728e-52
2011-09-08,0,1.0,2.498796944264127e-192
2011-09-09,0,0.9999999462277437,5.377225704650342e-08
2011-09-10,1,3.2759829621773605e-06,0.9999967240170392
2011-09-11,1,8.887094329174554e-16,1.0
2011-09-12,0,1.0,4.38711809597273e-148
2011-09-13,0,1.0,1.3605309731672263e-77
2011-09-14,0,1.0,3.03934116436837e-292
2011-09-15,0,1.0,5.901764552906548e-65
2011-09-16,0,1.0,3.166103953e-314
2011-09-17,0,1.0,0.0
2011-09-18,1,7.003773341303425e-11,0.9999999999299618
2011-09-19,0,1.0,0.0
2011-09-20,0,1.0,1.054632748333859e-287
2011-09-21,0,1.0,3.5526537994725204e-85
2011-09-22,0,1.0,1.7754991694291765e-149
2011-09-23,0,1.0,9.531697443629401e-175
2011-09-24,0,1.0,1.345609647786124e-94
2011-09-25,0,1.0,4.290989612048316e-92
2011-09-26,0,1.0,2.1395510580996196e-160
2011-09-27,0,1.0,0.0
2011-09-28,0,1.0,3.3594602236851355e-127
2011-09-29,0,1.0,2.7702010163408197e-193
2011-09-30,0,1.0,7.038047466919453e-140
2011-10-01,0,1.0,5.938177177655085e-180
2011-10-02,0,1.0,1.3278450470082947e-196
2011-10-03,0,1.0,1.2990880442648533e-123
2011-10-04,0,1.0,1.0321580648917624e-97
2011-10-05,0,1.0,6.011598544520698e-137
2011-10-06,0,1.0,4.930937867959802e-202
2011-10-07,0,1.0,1.678945946186151e-137
2011-10-08,0,1.0,4.768696664200152e-166
2011-10-09,1,1.4608010622271915e-10,0.9999999998539195
2011-10-10,0,1.0,6.0772841068983664e-21
2011-10-11,0,1.0,0.0
2011-10-12,0,1.0,2.7312117642968e-119
2011-10-13,0,1.0,1.1845676270493767e-102
2011-10-14,0,1.0,5.211244413395995e-37
2011-10-15,0,1.0,6.19783617132287e-306
2011-10-16,0,0.5042210711312454,0.4957789288687554
2011-10-17,0,1.0,5.559490755266869e-110
2011-10-18,0,1.0,7.627217533768692e-89
2011-10-19,0,1.0,3.1184570355090804e-87
2011-10-20,0,1.0,3.609449651353522e-95
2011-10-21,0,1.0,7.405738629143759e-50
2011-10-22,0,1.0,2.1535628054333265e-35
2011-10-23,0,1.0,1.4055010025141542e-56
2011-10-24,0,1.0,0.0
2011-10-25,0,1.0,0.0
2011-10-26,0,1.0,0.0
2011-10-27,0,1.0,0.0
2011-10-28,0,1.0,0.0
2011-10-29,0,1.0,3.0887007165775555e-92
2011-10-30,1,6.999424932581766e-31,1.0
2011-10-31,1,0.00022238589872223532,0.9997776141012773
2011-11-01,0,1.0,0.0
2011-11-02,0,1.0,4.5190396581096434e-139
2011-11-03,0,1.0,1.527137653285265e-160
2011-11-04,0,1.0,7.347177406350368e-198
2011-11-05,0,1.0,5.541375395954797e-61
2011-11-06,0,1.0,1.9892144677032782e-32
2011-11-07,0,1.0,5.3767681611472134e-61
2011-11-08,0,1.0,3.8400504876282537e-95
2011-11-09,0,1.0,2.393945372617835e-131
2011-11-10,0,1.0,8.779861044935888e-143
2011-11-11,0,1.0,1.0475905393817541e-74
2011-11-12,0,1.0,7.630537708776648e-57
2011-11-13,0,1.0,3.1032282751902116e-62
2011-11-14,0,1.0,4.016321192849414e-43
2011-11-15,0,1.0,1.5219554488698366e-227
2011-11-16,0,1.0,3.6462432707389286e-254
2011-11-17,0,1.0,0.0
2011-11-18,0,1.0,9.264037681962466e-245
2011-11-19,0,1.0,1.5732085012570856e-224
2011-11-20,0,1.0,1.3199905114602298e-298
2011-11-21,0,1.0,4.418852623384843e-256
2011-11-22,0,1.0,1.687589152020712e-288
2011-11-23,0,1.0,0.0
2011-11-24,0,1.0,1.6910681335478112e-214
2011-11-25,0,0.9979333833760304,0.002066616623970025
2011-11-26,0,1.0,1.6853192911005873e-93
2011-11-27,0,1.0,1.367624090298852e-37
2011-11-28,0,1.0,1.9465016257056486e-157
2011-11-29,0,1.0,7.295781670303738e-53
2011-11-30,0,1.0,0.0
2011-12-01,0,1.0,2.758614754244829e-253
2011-12-02,0,1.0,2.2918231370754687e-272
2011-12-03,0,1.0,3.3470094186100982e-105
2011-12-04,0,1.0,4.5400469366693905e-31
2011-12-05,0,1.0,1.7090888716839988e-130
2011-12-06,0,1.0,2.909317163588137e-136
2011-12-07,0,1.0,7.590446321969254e-94
2011-12-08,1,0.017525874965534628,0.9824741250344657
2011-12-09,1,0.11734756438426724,0.8826524356157337
2011-12-10,1,3.35664622076382e-05,0.9999664335377912
2011-12-11,0,1.0,6.537237262810836e-23
2011-12-12,0,1.0,1.5232065823437133e-25
2011-12-13,0,1.0,3.825830857927308e-176
2011-12-14,0,1.0,6.407491195389237e-142
2011-12-15,0,1.0,2.454361972891702e-170
2011-12-16,0,1.0,0.0
2011-12-17,0,1.0,1.2335958468971977e-28
2011-12-18,0,0.999957164043921,4.283595607955909e-05
2011-12-19,1,0.046485380616200216,0.9535146193838003
2011-12-20,0,0.9999712344070463,2.8765592954452882e-05
2011-12-21,0,0.9999999999998543,1.4632445054528956e-13
2011-12-22,0,1.0,3.776498241326531e-74
2011-12-23,0,1.0,5.29154483785261e-48
2011-12-24,0,1.0,3.0057046745688303e-18
2011-12-25,1,0.010028450685212466,0.9899715493147871
2011-12-26,0,1.0,6.664458606600752e-186
2011-12-27,0,1.0,1.2760668544219824e-267
2011-12-28,0,1.0,3.0579147937811566e-91
2011-12-29,0,1.0,3.158938282637295e-105
2011-12-30,0,1.0,1.9979201430931532e-108
2011-12-31,0,1.0,3.953071125612954e-106
2012-01-01,0,1.0,1.3225403081425845e-42
2012-01-02,0,1.0,1.771003583881442e-123
2012-01-03,0,1.0,9.179733146113153e-244
2012-01-04,0,1.0,1.640940592587421e-199
2012-01-05,0,1.0,9.631339887470018e-106
2012-01-06,0,1.0,1.2927725191451911e-19
2012-01-07,0,1.0,1.2935071110945702e-35
2012-01-08,0,1.0,7.755857590150196e-31
2012-01-09,0,1.0,1.1740869676143047e-52
2012-01-10,0,1.0,3.6083732458370083e-25
2012-01-11,0,1.0,1.9714607640687728e-18
2012-01-12,0,1.0,8.224322681755068e-21
2012-01-13,0,0.9999604051590713,3.9594840928132176e-05
2012-01-14,1,2.2549364983035143e-18,1.0
2012-01-15,1,0.018246553541097547,0.9817534464589024
2012-01-16,1,8.824592692213367e-05,0.9999117540730774
2012-01-17,0,1.0,0.0
2012-01-18,0,1.0,0.0
2012-01-19,0,1.0,0.0
2012-01-20,0,1.0,2.1464443256506184e-26
2012-01-21,1,1.4124851302288494e-22,1.0
2012-01-22,1,2.7572290562930947e-10,0.9999999997242774
2012-01-23,0,0.999999999999984,1.5735345788554726e-14
2012-01-24,0,0.9999999999999556,4.536814533567529e-14
2012-01-25,0,1.0,7.73232730484973e-41
2012-01-26,0,1.0,2.6193104419848364e-23
2012-01-27,0,0.9989751938546201,0.0010248061453799308
2012-01-28,1,2.526280242055956e-07,0.9999997473719765
2012-01-29,1,1.4168723429689985e-06,0.999998583127658
2012-01-30,0,1.0,3.4310798562726825e-119
2012-01-31,1,8.774450050926068e-07,0.9999991225549939
2012-02-01,0,0.9982244283983139,0.0017755716016861496
2012-02-02,0,0.9999198618410928,8.013815890704179e-05
2012-02-03,0,1.0,1.3127139574522854e-18
2012-02-04,0,0.9589687430947974,0.04103125690520275
2012-02-05,1,2.136102133828863e-27,1.0
2012-02-06,1,5.480913550982237e-09,0.9999999945190865
2012-02-07,1,5.774436340351863e-08,0.9999999422556359
2012-02-08,1,1.2585743846082346e-10,0.9999999998741416
2012-02-09,1,2.9579882192274975e-07,0.9999997042011775
2012-02-10,1,0.018333667462453792,0.9816663325375465
2012-02-11,1,0.0006544503238826028,0.999345549676119
2012-02-12,1,8.724624412646713e-12,0.9999999999912745
2012-02-13,1,0.2696841153761713,0.730315884623828
2012-02-14,1,1.0349506309333619e-07,0.9999998965049368
2012-02-15,1,3.0546782178538864e-10,0.9999999996945306
2012-02-16,1,8.902150758323957e-07,0.9999991097849251
2012-02-17,1,0.14337252193786879,0.8566274780621307
2012-02-18,0,1.0,4.745047056405199e-18
2012-02-19,0,1.0,5.969351950575292e-33
2012-02-20,0,0.998842906311881,0.0011570936881188172
2012-02-21,0,1.0,5.0734917440992115e-174
2012-02-22,0,1.0,2.6421623472009295e-32
2012-02-23,0,1.0,1.2883956705886445e-38
2012-02-24,1,5.994091864807833e-05,0.9999400590813532
2012-02-25,0,1.0,1.1359465557263446e-25
2012-02-26,1,0.04915184654277478,0.9508481534572254
2012-02-27,0,1.0,6.820815941160162e-63
2012-02-28,0,0.9999999999996803,3.193227505030311e-13
2012-02-29,1,5.873742913116915e-06,0.9999941262570878
2012-03-01,1,0.2836517336673442,0.7163482663326552
2012-03-02,1,1.650987374341717e-06,0.999998349012627
2012-03-03,1,1.1194849520960463e-16,1.0
2012-03-04,1,2.6156969864920143e-13,0.9999999999997371
2012-03-05,1,7.46492794273981e-11,0.9999999999253504
2012-03-06,1,3.558059209608088e-10,0.9999999996441957
2012-03-07,1,8.827548962868524e-09,0.9999999911724515
2012-03-08,1,4.3438013757413997e-07,0.9999995656198613
2012-03-09,1,0.052177438729410615,0.947822561270589
2012-03-10,1,4.823151990379177e-09,0.9999999951768466
2012-03-11,1,2.5672598587289575e-12,0.9999999999974314
2012-03-12,1,3.138537214186284e-13,0.9999999999996874
2012-03-13,1,4.887005566737035e-31,1.0
2012-03-14,1,1.0708159099559434e-18,1.0
2012-03-15,1,3.0990220427280734e-09,0.9999999969009785
2012-03-16,1,2.166053876198482e-25,1.0
2012-03-17,1,1.399592814459329e-17,1.0
2012-03-18,1,7.570644232307713e-15,0.9999999999999929
2012-03-19,1,5.852025287185789e-18,1.0
2012-03-20,0,0.9999997045689702,2.954310291029783e-07
2012-03-21,1,3.2157535904881085e-10,0.9999999996784261
2012-03-22,1,7.0880832049523704e-09,0.999999992911917
2012-03-23,1,1.9437037086480064e-11,0.9999999999805631
2012-03-24,1,2.156085685853483e-46,1.0
2012-03-25,1,9.909866654208503e-28,1.0
2012-03-26,1,0.000285853950434669,0.9997141460495639
2012-03-27,1,0.0002060734611628948,0.9997939265388375
2012-03-28,1,2.268814479175535e-23,1.0
2012-03-29,1,4.076737771714544e-20,1.0
2012-03-30,0,1.0,1.7009144689595315e-27
2012-03-31,0,0.9964209141027084,0.003579085897292055
2012-04-01,1,8.639868524151185e-14,0.9999999999999147
2012-04-02,0,0.9999999999988063,1.1935644811038824e-12
2012-04-03,0,0.9999999999996536,3.4672003676568024e-13
2012-04-04,0,0.9999999997409397,2.5905975873689613e-10
2012-04-05,0,0.9999999617264849,3.8273515934615906e-08
2012-04-06,1,2.588290379658964e-07,0.9999997411709616
2012-04-07,0,1.0,6.646463235010739e-21
2012-04-08,1,0.0006981410063217053,0.9993018589936788
2012-04-09,0,1.0,3.756945122163794e-76
2012-04-10,0,1.0,3.3334818160221387e-124
2012-04-11,0,1.0,1.3430931720188513e-68
2012-04-12,0,1.0,1.4923338544424986e-129
2012-04-13,0,1.0,7.249988654330426e-250
2012-04-14,1,3.7946322366140863e-06,0.9999962053677632
2012-04-15,1,1.2058900484849036e-07,0.9999998794109964
2012-04-16,0,1.0,0.0
2012-04-17,0,1.0,4.980363368779142e-296
2012-04-18,0,1.0,3.0712252681452052e-264
2012-04-19,0,1.0,2.4659656186308787e-222
2012-04-20,0,1.0,5.245131832436139e-75
2012-04-21,1,2.4654972944321086e-08,0.9999999753450272
2012-04-22,0,0.9999999999999751,2.4388206741536554e-14
2012-04-23,0,1.0,1.5137483959110796e-102
2012-04-24,0,1.0,1.618811780167693e-32
2012-04-25,0,1.0,0.0
2012-04-26,0,1.0,1.190993815145307e-129
2012-04-27,0,1.0,7.281538665827294e-80
2012-04-28,0,1.0,1.3813638853416855e-23
2012-04-29,1,0.00016273777502334605,0.9998372622249769
2012-04-30,0,1.0,1.747816835986995e-166
2012-05-01,1,7.015346281375386e-32,1.0
2012-05-02,1,8.502538246661894e-26,1.0
2012-05-03,1,1.4991803970064243e-60,1.0
2012-05-04,1,5.373623834624096e-25,1.0
2012-05-05,1,2.537746030388766e-21,1.0
2012-05-06,1,1.6659486330367167e-06,0.999998334051368
2012-05-07,1,0.006915097901963056,0.9930849020980357
2012-05-08,0,1.0,1.1083271638998648e-38
2012-05-09,0,1.0,1.4983794726830826e-40
2012-05-10,0,1.0,5.935387111203973e-81
2012-05-11,0,1.0,1.1416144292213677e-157
2012-05-12,1,3.4218802961849575e-46,1.0
2012-05-13,1,2.498825885262351e-07,0.9999997501174099
2012-05-14,0,1.0,2.3203140735937845e-32
2012-05-15,0,1.0,1.343444253726881e-135
2012-05-16,0,1.0,1.2250714535920249e-151
2012-05-17,0,1.0,3.793119891307112e-29
2012-05-18,0,1.0,1.0721439719002436e-64
2012-05-19,0,0.9999998612750111,1.3872498926864484e-07
2012-05-20,1,6.932323631002797e-08,0.9999999306767637
2012-05-21,1,1.1835173011606387e-07,0.9999998816482715
2012-05-22,0,1.0,2.430702526192736e-24
2012-05-23,0,1.0,4.396370995182152e-73
2012-05-24,0,1.0,1.1281272542186505e-306
2012-05-25,0,1.0,4.737914899421904e-40
2012-05-26,1,0.0014284740543044697,0.9985715259456963
2012-05-27,1,1.2723338258777916e-40,1.0
2012-05-28,0,1.0,5.622362681313731e-24
2012-05-29,0,1.0,1.5162999919731047e-33
2012-05-30,1,0.14830535731814018,0.8516946426818606
2012-05-31,1,7.781440731684762e-11,0.9999999999221849
2012-06-01,1,1.0179079789320221e-13,0.999999999999897
2012-06-02,1,1.0134458569387317e-09,0.9999999989865529
2012-06-03,1,2.8507764871813055e-06,0.9999971492235131
2012-06-04,0,1.0,1.7617940379601138e-68
2012-06-05,0,1.0,1.2274127491388588e-44
2012-06-06,0,1.0,0.0
2012-06-07,0,1.0,1.1678222853363044e-220
2012-06-08,0,1.0,1.0640140805162639e-55
2012-06-09,0,1.0,1.4589368721040408e-63
2012-06-10,0,0.9999999976662934,2.3337062409744816e-09
2012-06-11,1,1.7651767199543915e-07,0.999999823482328
2012-06-12,1,0.11315871612234239,0.8868412838776573
2012-06-13,0,0.9981741429850469,0.0018258570149534798
2012-06-14,1,1.0815866134563124e-07,0.9999998918413399
2012-06-15,1,1.0658200643989667e-11,0.9999999999893419
2012-06-16,1,9.564679025013953e-15,0.9999999999999893
2012-06-17,1,3.4726081805526405e-51,1.0
2012-06-18,1,2.1199244965978797e-11,0.999999999978801
2012-06-19,0,1.0,8.894974268429887e-44
2012-06-20,0,1.0,1.8063859305073327e-66
2012-06-21,0,1.0,1.5703800536403658e-39
2012-06-22,1,3.322612087321017e-05,0.9999667738791271
2012-06-23,1,4.856518831290997e-06,0.9999951434811699
2012-06-24,1,1.0158204343436827e-11,0.9999999999898428
2012-06-25,1,3.2485499147504613e-08,0.9999999675145018
2012-06-26,1,1.2290968112824324e-11,0.9999999999877076
2012-06-27,0,1.0,2.1519328677776343e-112
2012-06-28,0,1.0,4.349230942923025e-80
2012-06-29,0,1.0,3.7683277668488318e-149
2012-06-30,0,0.5948777967618384,0.40512220323816106
2012-07-01,1,2.6782557010844654e-10,0.9999999997321751
2012-07-02,0,1.0,5.106766289519453e-25
2012-07-03,0,1.0,1.626964302367144e-48
2012-07-04,1,1.9176589207826266e-06,0.9999980823410779
2012-07-05,0,0.9999999804255746,1.9574426107726207e-08
2012-07-06,0,1.0,2.457778926478624e-53
2012-07-07,0,1.0,1.7419980823218866e-67
2012-07-08,1,5.025041272307106e-08,0.9999999497495876
2012-07-09,0,1.0,0.0
2012-07-10,0,1.0,1.6322606202940493e-257
2012-07-11,0,1.0,0.0
2012-07-12,0,1.0,0.0
2012-07-13,0,1.0,5.9047222382258275e-80
2012-07-14,1,9.231290105757541e-10,0.99999999907687
2012-07-15,0,0.999999999999984,1.538729148524393e-14
2012-07-16,0,1.0,9.343158634793149e-115
2012-07-17,0,1.0,0.0
2012-07-18,0,1.0,0.0
2012-07-19,0,1.0,2.44966539526034e-158
2012-07-20,1,8.133849217034862e-05,0.9999186615078298
2012-07-21,0,1.0,1.4405063910432595e-161
2012-07-22,0,1.0,5.839791756181329e-30
2012-07-23,0,1.0,4.211941753913359e-210
2012-07-24,0,1.0,5.998906941929348e-118
2012-07-25,0,1.0,2.0347068416948567e-47
2012-07-26,0,1.0,4.9312836939903476e-141
2012-07-27,0,1.0,9.052448224851155e-86
2012-07-28,0,1.0,1.0189645301325004e-16
2012-07-29,0,0.9999550861420351,4.49138579648315e-05
2012-07-30,1,3.357764266509965e-05,0.999966422357336
2012-07-31,1,1.064540429311189e-12,0.9999999999989342
2012-08-01,0,1.0,2.2618292817124768e-30
2012-08-02,0,0.9999999983378025,1.662198142267814e-09
2012-08-03,0,0.9999851052452884,1.4894754711477963e-05
2012-08-04,0,1.0,8.08964219954039e-40
2012-08-05,1,0.0011643730502162483,0.9988356269497831
2012-08-06,0,0.9999999993248725,6.751278593532861e-10
2012-08-07,0,0.9999998927466653,1.0725333407549013e-07
2012-08-08,1,3.869233619597127e-07,0.9999996130766393
2012-08-09,1,1.1133421104909586e-06,0.9999988866578897
2012-08-10,0,0.9999993178698414,6.821301590730434e-07
2012-08-11,0,1.0,3.7796555562795404e-18
2012-08-12,1,1.5334458558718018e-05,0.9999846655414407
2012-08-13,1,0.002061969886323736,0.9979380301136755
2012-08-14,0,0.9999995688224713,4.311775289411712e-07
2012-08-15,1,4.860284272372806e-10,0.999999999513971
2012-08-16,1,6.586192114730093e-07,0.9999993413807895
2012-08-17,1,4.0626740301279173e-19,1.0
2012-08-18,1,8.425278353397789e-10,0.999999999157474
2012-08-19,1,1.3297198956028934e-09,0.9999999986702797
2012-08-20,0,1.0,4.459768003714615e-31
2012-08-21,1,1.7261904903204382e-10,0.9999999998273807
2012-08-22,1,0.09926081302065654,0.9007391869793444
2012-08-23,1,4.8845555665453065e-08,0.9999999511544443
2012-08-24,0,0.9999999996986269,3.013740130647521e-10
2012-08-25,0,0.9999999995467537,4.532472016697543e-10
2012-08-26,0,0.9999976565066342,2.343493366137729e-06
2012-08-27,0,1.0,9.576951135140109e-23
2012-08-28,0,1.0,1.0758709826116518e-35
2012-08-29,0,1.0,3.6188605050709794e-40
2012-08-30,0,0.9999999914171571,8.582843596066635e-09
2012-08-31,0,1.0,8.590920689801744e-31
2012-09-01,1,1.758538726732584e-06,0.9999982414612746
2012-09-02,1,4.3431939062579484e-44,1.0
2012-09-03,1,3.6002497800280887e-09,0.999999996399751
2012-09-04,1,4.674202252190341e-08,0.9999999532579775
2012-09-05,1,3.6235942258230556e-08,0.9999999637640584
2012-09-06,0,1.0,4.2928878506777666e-117
2012-09-07,0,0.9144825510200306,0.08551744897996945
2012-09-08,0,0.999999999999682,3.1887595333014805e-13
2012-09-09,1,3.118398488563458e-13,0.9999999999996874
2012-09-10,1,1.7838041851293842e-10,0.9999999998216182
2012-09-11,1,0.03557875344891322,0.9644212465510877
2012-09-12,1,3.791549279113236e-10,0.9999999996208437
2012-09-13,1,4.378233481094103e-19,1.0
2012-09-14,1,3.080441998867702e-10,0.9999999996919549
2012-09-15,1,6.714924755378347e-32,1.0
2012-09-16,1,5.264385519623366e-07,0.9999994735614486
2012-09-17,0,1.0,3.6607657198378605e-31
2012-09-18,0,1.0,7.163114337813709e-57
2012-09-19,1,0.00013542615239307956,0.9998645738476055
2012-09-20,0,0.9999998965932608,1.03406739180016e-07
2012-09-21,0,1.0,2.4238824113752544e-80
2012-09-22,1,8.364543413064243e-11,0.9999999999163549
2012-09-23,1,1.5550031241523962e-15,1.0
2012-09-24,0,0.9999465390047446,5.3460995255431264e-05
2012-09-25,1,1.931650374402785e-09,0.9999999980683505
2012-09-26,1,2.876274246900448e-11,0.9999999999712372
2012-09-27,0,1.0,2.596389740675726e-32
2012-09-28,1,0.03962698714718823,0.9603730128528125
2012-09-29,1,1.385170347541889e-12,0.9999999999986144
2012-09-30,1,5.603352916416771e-11,0.9999999999439666
2012-10-01,1,1.597208925385164e-10,0.9999999998402807
2012-10-02,1,1.903412841795085e-09,0.9999999980965875
2012-10-03,1,2.5519252357561584e-08,0.9999999744807478
2012-10-04,1,7.371309383710124e-06,0.9999926286906173
2012-10-05,0,0.9999865267752384,1.347322476202329e-05
2012-10-06,1,3.1566283856322305e-09,0.9999999968433713
2012-10-07,1,1.0811195123332583e-05,0.9999891888048779
2012-10-08,1,5.430459449301475e-08,0.9999999456954051
2012-10-09,0,1.0,0.0
2012-10-10,0,1.0,0.0
2012-10-11,1,2.5631594947498395e-09,0.9999999974368414
2012-10-12,1,1.5225889190987821e-09,0.99999999847741
2012-10-13,1,2.7322337608605e-23,1.0
2012-10-14,1,3.5448621876377336e-36,1.0
2012-10-15,1,1.8968863369408415e-11,0.9999999999810321
2012-10-16,1,5.887131829731232e-10,0.9999999994112869
2012-10-17,1,1.5191736702917687e-16,1.0
2012-10-18,1,4.947552696595418e-30,1.0
2012-10-19,1,4.5091902796470935e-32,1.0
2012-10-20,1,3.087834918536661e-15,0.9999999999999964
2012-10-21,1,3.0264692113262633e-20,1.0
2012-10-22,0,0.9999999999973426,2.6568523048243048e-12
2012-10-23,0,0.9988790402943846,0.0011209597056150154
2012-10-24,1,3.834121666034062e-06,0.9999961658783324
2012-10-25,1,3.6839289417756856e-11,0.9999999999631619
2012-10-26,1,0.02805533620259522,0.9719446637974065
2012-10-27,1,8.443938561180049e-24,1.0
2012-10-28,1,5.458600585804526e-09,0.9999999945414011
2012-10-29,1,2.0701872773546904e-08,0.999999979298128
2012-10-30,1,1.1380955551053268e-05,0.9999886190444489
2012-10-31,1,3.5620789573421454e-13,0.9999999999996447
2012-11-01,0,0.9999999875414058,1.2458594471864135e-08
2012-11-02,1,2.133538582919457e-09,0.9999999978664604
2012-11-03,1,2.9384242082221713e-14,0.9999999999999716
2012-11-04,1,3.5161094383636434e-22,1.0
2012-11-05,1,5.3035684124987496e-11,0.9999999999469651
2012-11-06,1,2.7340299097099195e-29,1.0
2012-11-07,1,7.982817632650269e-09,0.9999999920171838
2012-11-08,1,3.5978410968902254e-06,0.9999964021589022
2012-11-09,1,7.388020696714513e-24,1.0
2012-11-10,1,2.3603634382024704e-10,0.9999999997639648
2012-11-11,0,0.8154121673317368,0.18458783266826245
2012-11-12,1,2.779999345879351e-30,1.0
2012-11-13,1,6.843437832635396e-07,0.999999315656218
2012-11-14,1,1.4994324901273929e-05,0.9999850056750975
2012-11-15,1,1.2503017277060224e-06,0.9999987496982712
2012-11-16,1,1.1587934033111515e-29,1.0
2012-11-17,1,8.455523223688034e-07,0.9999991544476772
2012-11-18,1,4.968435022620326e-07,0.9999995031564977
2012-11-19,0,0.999999999876648,1.2335269167931197e-10
2012-11-20,1,3.4753703517224614e-10,0.9999999996524629
2012-11-21,0,0.9999999056836364,9.431636436642025e-08
2012-11-22,1,6.586880423183064e-06,0.9999934131195766
2012-11-23,1,0.0002931650782510244,0.9997068349217507
2012-11-24,1,1.0785196946914892e-07,0.9999998921480313
2012-11-25,1,1.3954441120583677e-06,0.999998604555888
2012-11-26,0,1.0,1.574290604281454e-95
2012-11-27,0,1.0,4.32887490272e-311
2012-11-28,0,1.0,0.0
2012-11-29,0,1.0,1.674284722427221e-95
2012-11-30,0,1.0,4.0554484025663386e-39
2012-12-01,0,1.0,1.0320194483290078e-139
2012-12-02,0,1.0,0.0
2012-12-03,0,1.0,0.0
2012-12-04,1,0.0002378458017862643,0.9997621541982133
2012-12-05,0,0.9999999999147366,8.526312133949349e-11
2012-12-06,0,1.0,4.5516823741186705e-141
2012-12-07,0,1.0,1.8696729606290762e-30
2012-12-08,0,0.9980105142713075,0.001989485728692231
2012-12-09,1,1.128982482122951e-09,0.9999999988710186
2012-12-10,1,0.18875076121440873,0.8112492387855906
2012-12-11,1,1.2836604696608422e-09,0.9999999987163406
2012-12-12,1,1.5283748606458354e-08,0.9999999847162507
2012-12-13,1,2.907611118330802e-09,0.9999999970923881
2012-12-14,1,1.1391781570859947e-05,0.9999886082184305
2012-12-15,1,4.354983127041017e-10,0.9999999995645013
2012-12-16,1,1.0973651037287863e-08,0.9999999890263496
2012-12-17,1,5.453645204930541e-10,0.9999999994546371
2012-12-18,1,1.2063918881568781e-21,1.0
2012-12-19,1,2.723613348802855e-19,1.0
2012-12-20,1,9.486475409895403e-14,0.9999999999999041
2012-12-21,1,9.2508576163646e-26,1.0
2012-12-22,1,1.4992846596682897e-30,1.0
2012-12-23,1,7.073385346567392e-14,0.999999999999929
2012-12-24,1,1.2282452455774112e-12,0.9999999999987708
2012-12-25,1,3.632084164931963e-10,0.9999999996367919
2012-12-26,1,1.7304531505353394e-13,0.9999999999998259
2012-12-27,1,5.600638729934944e-15,0.9999999999999929
2012-12-28,1,8.518434124879606e-17,1.0
2012-12-29,0,1.0,1.0981862801478658e-26
2012-12-30,0,0.9999999999996465,3.531892917424441e-13
2012-12-31,1,0.0002570358467760691,0.9997429641532253
2013-01-01,1,0.26135387286712836,0.7386461271328717
2013-01-02,0,0.9768210505572227,0.023178949442777253
2013-01-03,1,5.95581321567041e-13,0.9999999999994031
2013-01-04,1,1.0761765079109927e-22,1.0
2013-01-05,1,3.932398179175057e-26,1.0
2013-01-06,1,4.074075557902275e-17,1.0
2013-01-07,1,1.667408762322022e-21,1.0
2013-01-08,1,4.426122666371e-06,0.9999955738773321
2013-01-09,0,1.0,0.0
2013-01-10,1,8.195443612577546e-21,1.0
2013-01-11,1,1.853492336267025e-14,0.9999999999999822
2013-01-12,1,3.1314393939520534e-30,1.0
2013-01-13,0,1.0,4.682139931154211e-45
2013-01-14,1,1.8999439518521544e-17,1.0
2013-01-15,1,1.250850921615291e-16,1.0
2013-01-16,1,5.2575698956510505e-20,1.0
2013-01-17,1,2.0690664993963084e-23,1.0
2013-01-18,1,1.6001048178669365e-13,0.9999999999998401
2013-01-19,1,5.780307131761027e-08,0.9999999421969273
2013-01-20,1,2.4259825412031685e-20,1.0
2013-01-21,1,7.154189736328545e-08,0.999999928458103
2013-01-22,1,6.027217834096457e-09,0.9999999939727822
2013-01-23,1,1.7350396122182372e-14,0.9999999999999822
2013-01-24,1,1.991052336205389e-14,0.9999999999999787
2013-01-25,1,5.221117243659987e-09,0.9999999947788822
2013-01-26,1,2.0828785501999694e-09,0.9999999979171221
2013-01-27,1,2.338562598773393e-15,0.9999999999999964
2013-01-28,1,1.8993090829133952e-11,0.9999999999810072
2013-01-29,0,1.0,1.4058894537572441e-92
2013-01-30,1,1.1939592712015752e-07,0.9999998806040722
2013-01-31,1,1.2212201247558436e-05,0.9999877877987532
2013-02-01,1,9.268418825294659e-27,1.0
2013-02-02,1,4.8447485375802124e-14,0.9999999999999503
2013-02-03,1,7.440148822262374e-10,0.9999999992559836
2013-02-04,1,1.4515591301537147e-11,0.9999999999854836
2013-02-05,0,0.9999999996478426,3.521572846281917e-10
2013-02-06,1,1.5920298090006977e-08,0.9999999840797004
2013-02-07,0,0.998262713016198,0.001737286983801883
2013-02-08,1,3.3846276215831767e-12,0.9999999999966143
2013-02-09,1,2.2879543560037494e-12,0.999999999997712
2013-02-10,1,3.7437249853906596e-11,0.9999999999625615
2013-02-11,1,4.2069010599036156e-07,0.9999995793098929
2013-02-12,0,1.0,2.9612318604085214e-196
2013-02-13,1,2.8888529287100224e-12,0.9999999999971116
2013-02-14,1,7.911326935142677e-18,1.0
2013-02-15,1,1.9663115619913435e-27,1.0
2013-02-16,1,4.093023036760267e-15,0.9999999999999964
2013-02-17,1,1.0391799042969973e-10,0.9999999998960831
2013-02-18,1,3.8148840779733374e-13,0.9999999999996199
2013-02-19,0,1.0,2.0533904167463327e-70
2013-02-20,1,2.712052331554572e-58,1.0
2013-02-21,1,1.4432125784175103e-21,1.0
2013-02-22,0,0.9999987302001896,1.2697998111878238e-06
2013-02-23,1,6.055914959096725e-52,1.0
2013-02-24,1,2.8407535224531835e-11,0.9999999999715925
2013-02-25,1,1.7436115415424816e-08,0.9999999825638853
2013-02-26,0,1.0,2.436697967922336e-25
2013-02-27,0,0.9999999999845173,1.548207461726997e-11
2013-02-28,0,1.0,1.3635147101417437e-24
2013-03-01,1,0.0001088829081187916,0.9998911170918798
2013-03-02,1,3.908435540481915e-07,0.9999996091564451
2013-03-03,1,3.7554154951891264e-10,0.9999999996244568
2013-03-04,1,1.7725554510163788e-08,0.9999999822744458
2013-03-05,0,1.0,0.0
2013-03-06,1,2.6087155582060496e-05,0.9999739128444181
2013-03-07,1,2.153540907911852e-08,0.9999999784645903
2013-03-08,0,1.0,0.0
2013-03-09,1,6.548971447434693e-10,0.9999999993451034
2013-03-10,1,4.776178258834761e-20,1.0
2013-03-11,1,6.574085797126189e-11,0.9999999999342606
2013-03-12,0,1.0,8.561771377010909e-106
2013-03-13,0,1.0,0.0
2013-03-14,0,1.0,2.186860432907343e-19
2013-03-15,1,1.5233987829526868e-07,0.9999998476601216
2013-03-16,0,0.999999998972319,1.0276818864054065e-09
2013-03-17,1,1.3158176801880514e-07,0.9999998684182303
2013-03-18,0,1.0,1.943487516863759e-97
2013-03-19,1,7.168285084060543e-08,0.9999999283171509
2013-03-20,0,1.0,0.0
2013-03-21,0,1.0,2.4002750464216526e-200
2013-03-22,0,1.0,4.661905855660574e-39
2013-03-23,0,0.9998849342912035,0.00011506570879660878
2013-03-24,0,0.9999999906999335,9.300067228771068e-09
2013-03-25,0,1.0,7.691352959545389e-16
2013-03-26,0,1.0,3.5596449674629086e-267
2013-03-27,0,1.0,4.5377550741817495e-31
2013-03-28,1,8.914194788014387e-08,0.9999999108580515
2013-03-29,1,0.001064323479694684,0.9989356765203058
2013-03-30,1,0.03314272838455381,0.9668572716154454
2013-03-31,1,7.621682989664078e-07,0.9999992378317009
2013-04-01,0,1.0,1.0795291631490275e-27
2013-04-02,1,9.098404648476073e-12,0.9999999999909015
2013-04-03,1,1.6394805107937605e-09,0.9999999983605186
2013-04-04,1,2.1143378389182998e-10,0.9999999997885674
2013-04-05,1,1.9943369273154723e-06,0.9999980056630725
2013-04-06,1,7.044193187812652e-12,0.999999999992955
2013-04-07,1,9.201753924998813e-10,0.9999999990798258
2013-04-08,1,9.49380193965798e-08,0.9999999050619809
2013-04-09,0,1.0,3.4425092392414746e-16
2013-04-10,0,1.0,6.626246286231945e-26
2013-04-11,0,1.0,1.9490973389532526e-16
2013-04-12,1,2.323251850501639e-07,0.9999997676748155
2013-04-13,0,1.0,1.07367988844514e-69
2013-04-14,1,1.200291581068706e-09,0.9999999987997086
2013-04-15,1,0.003332468953696643,0.9966675310463039
2013-04-16,1,7.091370916255023e-10,0.9999999992908641
2013-04-17,1,1.347497137033363e-12,0.9999999999986535
2013-04-18,1,6.402290623715516e-08,0.9999999359770924
2013-04-19,0,1.0,1.78485768690484e-52
2013-04-20,0,1.0,2.8531671166083475e-43
2013-04-21,0,1.0,1.09858507939263e-44
2013-04-22,0,0.9999999865694598,1.3430539595109404e-08
2013-04-23,0,1.0,3.0901980927633295e-105
2013-04-24,0,1.0,5.46814431923777e-18
2013-04-25,1,5.518713888990191e-13,0.9999999999994493
2013-04-26,1,2.6027146532330547e-09,0.9999999973972855
2013-04-27,1,2.499214341686854e-09,0.9999999975007867
2013-04-28,1,2.6710882545022902e-08,0.9999999732891179
2013-04-29,1,3.020459554966021e-07,0.999999697954045
2013-04-30,1,1.9639052371102096e-10,0.9999999998036095
2013-05-01,1,1.4648802007503548e-12,0.9999999999985363
2013-05-02,1,1.2771153178695392e-10,0.999999999872287
2013-05-03,1,1.9409039709338105e-16,1.0
2013-05-04,1,1.4504633135462972e-25,1.0
2013-05-05,1,7.5737421411752224e-31,1.0
2013-05-06,0,1.0,2.848314656591643e-74
2013-05-07,0,1.0,3.434840354458096e-147
2013-05-08,0,0.9704137305425989,0.029586269457400918
2013-05-09,0,1.0,1.0805130772892554e-28
2013-05-10,1,3.0242453964374285e-29,1.0
2013-05-11,0,1.0,2.3423248280596363e-90
2013-05-12,1,1.0602824737392738e-10,0.9999999998939728
2013-05-13,1,5.307151018742262e-09,0.9999999946928497
2013-05-14,1,6.069861842393277e-07,0.9999993930138155
2013-05-15,1,0.007132667901025331,0.9928673320989749
2013-05-16,1,5.669070221161626e-09,0.9999999943309312
2013-05-17,1,1.984175146410817e-12,0.9999999999980176
2013-05-18,1,3.050691778725891e-26,1.0
2013-05-19,1,0.015805610134584824,0.9841943898654144
2013-05-20,0,0.9999957661712876,4.233828713351612e-06
2013-05-21,0,1.0,2.1597262101244603e-75
2013-05-22,0,1.0,5.8277320397106875e-59
2013-05-23,1,9.504404070155204e-10,0.9999999990495603
2013-05-24,0,1.0,1.03937e-319
2013-05-25,0,1.0,0.0
2013-05-26,0,1.0,8.50463805106851e-154
2013-05-27,0,1.0,0.0
2013-05-28,0,1.0,0.0
2013-05-29,0,1.0,0.0
2013-05-30,0,1.0,1.0788099937285508e-233
2013-05-31,0,1.0,1.0299430142836857e-253
2013-06-01,0,1.0,3.1607520380842107e-305
2013-06-02,1,0.000185065272280741,0.9998149347277193
2013-06-03,1,0.005331462537440261,0.9946685374625593
2013-06-04,0,1.0,2.9954133614132906e-113
2013-06-05,0,0.9999994691986901,5.308013098125008e-07
2013-06-06,1,0.0013326722371576028,0.9986673277628418
2013-06-07,0,1.0,1.524095580708219e-32
2013-06-08,0,0.9999999999612141,3.878578780489957e-11
2013-06-09,1,7.29681872584532e-53,1.0
2013-06-10,0,1.0,1.7051467369759915e-37
2013-06-11,1,9.336897219650073e-21,1.0
2013-06-12,1,5.00571717181156e-07,0.9999994994282817
2013-06-13,1,6.785252083317986e-10,0.9999999993214743
2013-06-14,0,1.0,3.93676314058464e-32
2013-06-15,0,0.9999999999994049,5.944923797172381e-13
2013-06-16,1,7.612203285135102e-10,0.9999999992387814
2013-06-17,0,0.998431134647121,0.0015688653528785931
2013-06-18,0,1.0,0.0
2013-06-19,0,1.0,4.797402530861763e-94
2013-06-20,0,1.0,3.2416960155255e-311
2013-06-21,0,1.0,1.5915786702962312e-147
2013-06-22,1,0.42097246518819287,0.5790275348118068
2013-06-23,1,0.00022904541014509203,0.9997709545898543
2013-06-24,0,1.0,4.0559842592750753e-26
2013-06-25,1,8.985749357879828e-14,0.9999999999999112
2013-06-26,1,2.3123984386849884e-12,0.9999999999976872
2013-06-27,1,1.1992550726291306e-08,0.999999988007449
2013-06-28,0,0.9910393027800695,0.00896069721993067
2013-06-29,0,0.9996298933579731,0.0003701066420272496
2013-06-30,0,1.0,6.406554904224958e-115
2013-07-01,1,9.57259405543334e-07,0.9999990427405939
2013-07-02,1,7.18408474430055e-06,0.9999928159152548
2013-07-03,1,7.828297061889472e-37,1.0
2013-07-04,1,2.1389943257134468e-06,0.999997861005674
2013-07-05,1,3.0525008499633814e-12,0.9999999999969482
2013-07-06,1,0.15693586184963323,0.8430641381503667
2013-07-07,0,1.0,1.436511343825473e-54
2013-07-08,1,5.435846817592506e-12,0.9999999999945643
2013-07-09,1,3.8343261565088755e-08,0.999999961656738
2013-07-10,1,4.232323011222661e-08,0.9999999576767715
2013-07-11,0,1.0,8.661683107647916e-32
2013-07-12,1,1.260381269439821e-06,0.9999987396187306
2013-07-13,0,0.9838294356403997,0.016170564359600452
2013-07-14,1,0.0015440286990582505,0.9984559713009423
2013-07-15,0,0.9999999993503454,6.496540026735264e-10
2013-07-16,1,1.529802691086833e-10,0.9999999998470201
2013-07-17,1,1.543806072466203e-11,0.9999999999845635
2013-07-18,0,1.0,2.99316604794207e-50
2013-07-19,1,1.638558141371544e-08,0.9999999836144192
2013-07-20,1,0.002012564773033316,0.9979874352269659
2013-07-21,1,3.108775604950951e-08,0.9999999689122423
2013-07-22,0,1.0,1.6617916368144679e-37
2013-07-23,0,1.0,3.3057959545784334e-25
2013-07-24,0,0.9999999999992895,7.110677254011395e-13
2013-07-25,0,0.9999999999999982,2.493600090110791e-15
2013-07-26,1,0.2939866767401838,0.7060133232598161
2013-07-27,0,1.0,4.125632005666786e-31
2013-07-28,0,1.0,1.9234903901141598e-22
2013-07-29,0,1.0,2.2314579346230736e-64
2013-07-30,0,1.0,2.5035521332687134e-28
2013-07-31,1,0.09250881832398154,0.9074911816760182
2013-08-01,1,1.831031811725802e-09,0.9999999981689669
2013-08-02,1,2.0492771429957627e-09,0.9999999979507237
2013-08-03,1,7.900540994495375e-10,0.9999999992099475
2013-08-04,1,5.147878808711464e-13,0.9999999999994849
2013-08-05,1,1.2825529439401537e-12,0.9999999999987175
2013-08-06,1,3.531631762429484e-27,1.0
2013-08-07,1,3.463670312649593e-06,0.9999965363296874
2013-08-08,1,4.3349980922645256e-14,0.9999999999999574
2013-08-09,0,0.9999999999984439,1.5565884573504199e-12
2013-08-10,1,9.213818495946537e-13,0.9999999999990798
2013-08-11,1,0.00021571861703381653,0.9997842813829675
2013-08-12,0,1.0,3.075456555924528e-73
2013-08-13,0,1.0,0.0
2013-08-14,0,1.0,0.0
2013-08-15,0,1.0,3.0531229372985627e-117
2013-08-16,0,0.999939141854883,6.085814511658035e-05
2013-08-17,1,0.10139752968188644,0.8986024703181144
2013-08-18,1,4.6318558199739995e-08,0.9999999536814432
2013-08-19,1,4.2772598410580565e-05,0.9999572274015908
2013-08-20,1,0.13890016774440234,0.8610998322555976
2013-08-21,1,0.38531814639662093,0.6146818536033793
2013-08-22,0,1.0,7.288498093308264e-286
2013-08-23,0,1.0,7.3327903542334056e-155
2013-08-24,0,1.0,1.8386733396719811e-165
2013-08-25,0,1.0,5.6039481129620636e-83
2013-08-26,0,1.0,2.673573021908136e-53
2013-08-27,1,5.3513674661690025e-18,1.0
2013-08-28,0,1.0,1.386280948947686e-41
2013-08-29,0,1.0,0.0
2013-08-30,0,1.0,0.0
2013-08-31,0,1.0,3.971880310502368e-170
2013-09-01,1,3.118637269396444e-17,1.0
2013-09-02,0,1.0,4.925022308057439e-20
2013-09-03,1,1.7117853353442312e-08,0.9999999828821481
2013-09-04,0,1.0,2.6562436472927582e-81
2013-09-05,0,1.0,4.401697376473865e-27
2013-09-06,0,1.0,7.693965791982178e-17
2013-09-07,1,4.015089166670379e-06,0.9999959849108351
2013-09-08,0,1.0,0.0
2013-09-09,0,1.0,4.4777823651194473e-41
2013-09-10,0,0.6555777506381852,0.34442224936181537
2013-09-11,0,0.6770243876964605,0.32297561230353944
2013-09-12,0,1.0,1.988233529991911e-66
2013-09-13,1,3.4591496979989278e-06,0.999996540850301
2013-09-14,0,1.0,2.4282287426312997e-61
2013-09-15,1,1.5972412223111402e-27,1.0
2013-09-16,0,1.0,0.0
2013-09-17,1,1.1252797644996585e-06,0.9999988747202345
2013-09-18,1,1.2582708452118336e-14,0.9999999999999858
2013-09-19,1,1.1600365240886557e-05,0.999988399634759
2013-09-20,1,0.011572355130016988,0.988427644869982
2013-09-21,0,0.999999999999936,6.415491158213682e-14
2013-09-22,1,7.5833466956939686e-06,0.9999924166533043
2013-09-23,1,0.12306576021601322,0.8769342397839863
2013-09-24,1,0.00017688302330628203,0.9998231169766929
2013-09-25,1,7.980833744241822e-09,0.9999999920191662
2013-09-26,1,8.624487093233702e-10,0.9999999991375503
2013-09-27,1,1.6452107783967124e-22,1.0
2013-09-28,1,5.303123069655761e-41,1.0
2013-09-29,0,0.9999999956758394,4.324160811369016e-09
2013-09-30,1,6.251993122729763e-13,0.9999999999993747
2013-10-01,1,6.593546599600332e-11,0.9999999999340652
2013-10-02,1,1.3768249686438134e-11,0.9999999999862332
2013-10-03,0,0.9999792643321468,2.073566785355193e-05
2013-10-04,1,1.8814205441911383e-39,1.0
2013-10-05,1,3.343901107574168e-05,0.9999665609889256
2013-10-06,0,1.0,1.6725179621377464e-155
2013-10-07,1,0.00029918868605116063,0.9997008113139485
2013-10-08,1,2.1013178860416025e-14,0.9999999999999787
2013-10-09,0,1.0,6.118850162136143e-79
2013-10-10,1,3.3233173088741068e-12,0.9999999999966782
2013-10-11,1,2.6282416749380588e-14,0.9999999999999751
2013-10-12,0,1.0,1.5431445530316698e-18
2013-10-13,1,0.0010916898203310252,0.9989083101796682
2013-10-14,1,4.109482980743161e-13,0.9999999999995879
2013-10-15,1,0.0001113484536530922,0.9998886515463469
2013-10-16,1,1.5991539532560574e-06,0.9999984008460455
2013-10-17,1,4.5708515169146015e-10,0.999999999542915
2013-10-18,1,2.670646242457165e-09,0.9999999973293541
2013-10-19,1,0.0005752449952860372,0.9994247550047145
2013-10-20,1,0.00011887603146603487,0.9998811239685351
2013-10-21,0,0.9999999999999964,3.557490383399686e-15
2013-10-22,0,1.0,5.264163174308549e-119
2013-10-23,0,1.0,8.162964203293584e-66
2013-10-24,1,9.384367888846525e-08,0.9999999061563196
2013-10-25,1,8.349383910953045e-11,0.9999999999165077
2013-10-26,0,1.0,1.4019225300918598e-28
2013-10-27,0,0.9999999999999662,3.453355191268511e-14
2013-10-28,0,1.0,3.2694338084434453e-278
2013-10-29,0,1.0,1.469015853270677e-29
2013-10-30,1,4.658146337022678e-07,0.9999995341853652
2013-10-31,0,1.0,1.07623380776105e-128
2013-11-01,1,5.21973993780478e-08,0.9999999478026012
2013-11-02,0,1.0,8.724516973802702e-187
2013-11-03,0,1.0,3.0355781047772714e-162
2013-11-04,0,1.0,5.53546618304196e-61
2013-11-05,0,1.0,1.2312363496407207e-241
2013-11-06,0,1.0,1.0240990967005435e-202
2013-11-07,0,1.0,1.5462119837896245e-39
2013-11-08,1,9.096811001545643e-10,0.9999999990903206
2013-11-09,1,5.313864271272296e-06,0.9999946861357288
2013-11-10,0,1.0,2.1417246352819247e-23
2013-11-11,1,1.4990059201881118e-12,0.9999999999985008
2013-11-12,1,1.5802461312192787e-06,0.9999984197538703
2013-11-13,1,2.4658493281254646e-09,0.9999999975341503
2013-11-14,1,0.11364130819302377,0.8863586918069759
2013-11-15,1,1.2054257841926159e-12,0.9999999999987956
2013-11-16,1,9.638310034322975e-20,1.0
2013-11-17,1,0.0012133429482979754,0.9987866570517008
2013-11-18,1,1.2817432668111986e-10,0.9999999998718252
2013-11-19,1,3.4517429645849886e-07,0.999999654825703
2013-11-20,1,7.534487641851719e-13,0.9999999999992468
2013-11-21,1,1.0974733335919087e-13,0.9999999999998899
2013-11-22,1,9.870958613842599e-12,0.9999999999901306
2013-11-23,1,4.173677257041978e-26,1.0
2013-11-24,1,5.040356805454983e-22,1.0
2013-11-25,1,4.107073218407467e-18,1.0
2013-11-26,1,1.528697676170858e-09,0.9999999984713028
2013-11-27,0,1.0,0.0
2013-11-28,0,0.999011352644191,0.0009886473558090685
2013-11-29,0,0.999999999998618,1.3813951548423094e-12
2013-11-30,0,1.0,7.133391875249457e-303
2013-12-01,0,1.0,6.226524402929432e-38
2013-12-02,1,1.7088095897683974e-11,0.9999999999829114
2013-12-03,0,1.0,1.2151950922466058e-44
2013-12-04,1,4.573417709619675e-09,0.999999995426581
2013-12-05,0,0.9999999420359716,5.796402901002279e-08
2013-12-06,1,1.6528221247416118e-05,0.9999834717787528
2013-12-07,1,2.6786691188689095e-09,0.999999997321332
2013-12-08,0,1.0,1.3400080312048696e-94
2013-12-09,1,9.686846000288228e-05,0.9999031315399958
2013-12-10,1,1.022392722819373e-07,0.9999998977607286
2013-12-11,1,5.111299835219895e-09,0.9999999948887002
2013-12-12,1,0.032919182733054046,0.9670808172669452
2013-12-13,1,2.417647492921218e-07,0.9999997582352521
2013-12-14,1,2.0147592591682827e-12,0.9999999999979856
2013-12-15,1,0.00023044896052254482,0.999769551039479
2013-12-16,1,1.2440479891498703e-09,0.9999999987559534
2013-12-17,1,1.3977819781170469e-11,0.9999999999860236
2013-12-18,1,1.7129224876107202e-13,0.9999999999998295
2013-12-19,1,8.151232712762405e-11,0.9999999999184865
2013-12-20,1,2.159487934768258e-24,1.0
2013-12-21,1,5.822696347121398e-28,1.0
2013-12-22,1,1.542472140389353e-31,1.0
2013-12-23,1,2.0854728920278678e-14,0.9999999999999787
2013-12-24,1,4.47821932843342e-31,1.0
2013-12-25,0,0.9999968882664865,3.1117335138676253e-06
2013-12-26,0,1.0,7.953934554891759e-16
2013-12-27,1,1.568099805275071e-17,1.0
2013-12-28,0,0.995277845002228,0.004722154997771754
2013-12-29,0,1.0,5.630429069934648e-20
2013-12-30,0,1.0,1.4019352723326096e-27
2013-12-31,1,1.362179514767151e-26,1.0
2014-01-01,0,1.0,2.9602505683614296e-44
2014-01-02,0,1.0,1.101242610382421e-27
2014-01-03,1,1.6490125180801781e-06,0.9999983509874812
2014-01-04,1,1.8497308879805606e-26,1.0
2014-01-05,1,1.0555081243150752e-08,0.9999999894449196
2014-01-06,1,1.1890604433297414e-28,1.0
2014-01-07,1,4.733623680635462e-09,0.999999995266375
2014-01-08,0,0.9999999890122506,1.0987749516645139e-08
2014-01-09,1,1.0529512389433264e-07,0.9999998947048765
2014-01-10,1,0.0002482844969425119,0.9997517155030583
2014-01-11,0,1.0,2.1232186940280342e-117
2014-01-12,0,1.0,2.337571896080183e-30
2014-01-13,0,0.9999999999999982,2.0492764877112667e-15
2014-01-14,1,1.2595139588073166e-20,1.0
2014-01-15,1,2.7605270843598087e-33,1.0
2014-01-16,1,4.398649838379554e-06,0.999995601350161
2014-01-17,1,5.649614405067683e-22,1.0
2014-01-18,1,5.452122279927852e-30,1.0
2014-01-19,1,5.332440980137902e-25,1.0
2014-01-20,1,7.788145966466317e-12,0.9999999999922125
2014-01-21,1,6.1412449102776566e-21,1.0
2014-01-22,1,2.3744883635622666e-15,0.9999999999999964
2014-01-23,1,1.4450887710814625e-11,0.9999999999855476
2014-01-24,1,3.248513243128818e-14,0.999999999999968
2014-01-25,1,4.82785367311293e-13,0.9999999999995168
2014-01-26,1,6.140803119468165e-10,0.9999999993859205
2014-01-27,1,1.701926547599548e-07,0.9999998298073438
2014-01-28,1,4.7825167546990774e-17,1.0
2014-01-29,0,1.0,4.097354451510212e-20
2014-01-30,1,3.4369080563975532e-12,0.9999999999965645
2014-01-31,1,8.183163987320413e-15,0.9999999999999929
2014-02-01,1,1.7807820357912877e-42,1.0
2014-02-02,1,5.996189650991437e-28,1.0
2014-02-03,1,1.2450580303759573e-20,1.0
2014-02-04,1,1.128149433476117e-06,0.9999988718505652
2014-02-05,0,1.0,5.539995702349622e-20
2014-02-06,1,2.3004168233487556e-08,0.999999976995831
2014-02-07,1,3.3604073851699566e-14,0.999999999999968
2014-02-08,1,1.1342750984347597e-13,0.9999999999998863
2014-02-09,1,4.0390173889178657e-29,1.0
2014-02-10,1,1.4022398820316943e-11,0.9999999999859774
2014-02-11,0,1.0,3.549710001762782e-30
2014-02-12,1,3.4433648299983487e-09,0.9999999965566353
2014-02-13,1,2.6903450615376355e-09,0.9999999973096543
2014-02-14,1,9.337958202059476e-16,1.0
2014-02-15,1,1.3008610266851718e-05,0.999986991389734
2014-02-16,1,5.242356559213518e-05,0.9999475764344067
2014-02-17,1,1.2470809179153903e-05,0.9999875291908212
2014-02-18,1,3.0108198889887735e-07,0.9999996989180095
2014-02-19,1,4.088900687302038e-11,0.9999999999591118
2014-02-20,1,3.0314155981967985e-08,0.9999999696858457
2014-02-21,1,1.023480544212932e-09,0.99999999897652
2014-02-22,0,0.9999999900199601,9.980039262061163e-09
2014-02-23,1,4.140350548173665e-44,1.0
2014-02-24,1,3.08474120125821e-08,0.9999999691525869
2014-02-25,1,3.8707827169877345e-20,1.0
2014-02-26,0,0.9972636047205317,0.0027363952794688144
2014-02-27,1,8.605443446379725e-08,0.9999999139455654
2014-02-28,1,3.312334052415247e-23,1.0
2014-03-01,1,6.174715434779497e-09,0.9999999938252842
2014-03-02,1,9.668690233861395e-10,0.9999999990331325
2014-03-03,0,1.0,1.0984157008235583e-50
2014-03-04,0,1.0,2.514335410222076e-28
2014-03-05,0,0.9999997402680112,2.5973198891599093e-07
2014-03-06,0,0.9999999968600974,3.139902935020342e-09
2014-03-07,1,7.14941610568581e-06,0.9999928505838928
2014-03-08,1,1.1368274161779664e-29,1.0
2014-03-09,1,2.6260012763445705e-11,0.9999999999737383
2014-03-10,1,8.02985077212441e-08,0.999999919701494
2014-03-11,0,1.0,1.9741157843617237e-87
2014-03-12,0,1.0,3.669662141911018e-43
2014-03-13,0,0.9997994949082045,0.0002005050917957142
2014-03-14,0,0.9999999997844515,2.1554840357678437e-10
2014-03-15,1,1.8354512623556868e-13,0.9999999999998153
2014-03-16,0,0.6994939593859583,0.30050604061404207
2014-03-17,1,2.2774139444634072e-06,0.9999977225860552
2014-03-18,0,0.8833548000317681,0.11664519996823264
2014-03-19,0,1.0,1.547699366400525e-29
2014-03-20,0,1.0,1.4751441062387035e-99
2014-03-21,0,1.0,9.537192287244688e-262
2014-03-22,0,1.0,1.131546983551441e-78
2014-03-23,1,0.004533932867111096,0.9954660671328892
2014-03-24,1,0.2659867672032971,0.7340132327967028
2014-03-25,0,1.0,1.7426628723116495e-51
2014-03-26,0,1.0,4.960913252199402e-51
2014-03-27,1,6.654043766762453e-06,0.999993345956232
2014-03-28,1,0.0034542162039356734,0.9965457837960636
2014-03-29,1,0.26742755104409466,0.7325724489559047
2014-03-30,0,1.0,2.9135206817007796e-233
2014-03-31,0,0.9999999999323368,6.766335197872313e-11
2014-04-01,0,0.9999996782874254,3.2171257394824296e-07
2014-04-02,0,0.920297206158489,0.07970279384151169
2014-04-03,0,1.0,2.00137498979395e-137
2014-04-04,0,1.0,1.182443053952192e-44
2014-04-05,0,0.999999999901986,9.801373043778296e-11
2014-04-06,0,0.9999999999560245,4.3974767306620896e-11
2014-04-07,1,1.9738320232519668e-07,0.9999998026167968
2014-04-08,1,3.6622519415358125e-14,0.9999999999999645
2014-04-09,1,5.124236759258994e-09,0.9999999948757647
2014-04-10,0,0.9999999999991109,8.894059463201225e-13
2014-04-11,1,4.0931454679518225e-10,0.9999999995906848
2014-04-12,1,6.111001246860115e-21,1.0
2014-04-13,1,8.483252612938547e-21,1.0
2014-04-14,1,9.234048857842097e-10,0.9999999990765964
2014-04-15,1,5.3018298715579345e-14,0.9999999999999467
2014-04-16,1,8.672084790472508e-32,1.0
2014-04-17,1,1.3288650036700334e-26,1.0
2014-04-18,1,9.398201093688873e-27,1.0
2014-04-19,1,4.872847995394872e-13,0.9999999999995133
2014-04-20,1,1.2386945557972185e-06,0.9999987613054448
2014-04-21,1,6.939079265295151e-38,1.0
2014-04-22,1,9.225357387960873e-47,1.0
2014-04-23,0,1.0,1.7301420097285185e-16
2014-04-24,1,8.859511227617808e-26,1.0
2014-04-25,1,4.527517031228898e-61,1.0
2014-04-26,1,6.602514025505055e-28,1.0
2014-04-27,1,3.895681788139054e-32,1.0
2014-04-28,1,6.540017659521603e-11,0.9999999999346016
2014-04-29,1,4.672726828734892e-09,0.999999995327272
2014-04-30,1,0.00012210758195005958,0.9998778924180506
2014-05-01,0,1.0,2.8381042470814432e-93
2014-05-02,1,1.0061200934147236e-08,0.9999999899388001
2014-05-03,0,1.0,7.102954912976388e-52
2014-05-04,1,2.039791912282522e-12,0.9999999999979607
2014-05-05,0,1.0,0.0
2014-05-06,1,1.2945586698134448e-07,0.9999998705441312
2014-05-07,0,0.9999961118495535,3.888150445701702e-06
2014-05-08,0,0.9999982588922394,1.7411077599170593e-06
2014-05-09,0,1.0,4.7217382997736105e-31
2014-05-10,1,6.245837694995568e-18,1.0
2014-05-11,0,1.0,3.841724884304108e-105
2014-05-12,0,1.0,7.0997039977849345e-37
2014-05-13,0,1.0,6.725814806973299e-42
2014-05-14,0,1.0,4.230274018679825e-306
2014-05-15,0,1.0,4.000398860709719e-34
2014-05-16,0,1.0,8.842920131328058e-70
2014-05-17,1,2.9943150155016033e-10,0.9999999997005702
2014-05-18,1,9.243219231052644e-09,0.9999999907567805
2014-05-19,0,0.9999993061692569,6.938307431191855e-07
2014-05-20,0,1.0,3.131926868089852e-23
2014-05-21,1,1.461845976658111e-08,0.9999999853815389
2014-05-22,1,1.5310235585172488e-18,1.0
2014-05-23,1,1.5931095838287891e-15,1.0
2014-05-24,1,5.373316377869018e-16,1.0
2014-05-25,1,3.5486705129800743e-13,0.9999999999996447
2014-05-26,1,4.2577586341291795e-26,1.0
2014-05-27,0,0.9999999999817106,1.8289249718178937e-11
2014-05-28,1,1.953666790761238e-18,1.0
2014-05-29,1,6.876665052791069e-12,0.999999999993122
2014-05-30,1,3.089289998242125e-38,1.0
2014-05-31,1,8.662483292212697e-12,0.9999999999913385
2014-06-01,0,1.0,4.2184937764473846e-49
2014-06-02,0,1.0,1.591582328393359e-50
2014-06-03,0,1.0,4.86122882760407e-79
2014-06-04,0,0.9999999999997407,2.5906536444715815e-13
2014-06-05,0,1.0,1.0853383516946606e-42
2014-06-06,1,1.8795411445862984e-54,1.0
2014-06-07,1,2.1601537388681524e-58,1.0
2014-06-08,1,7.795938813744667e-34,1.0
2014-06-09,0,1.0,2.2146912781273573e-268
2014-06-10,0,1.0,3.032115170265588e-213
2014-06-11,0,0.99999997771163,2.228837022926403e-08
2014-06-12,0,1.0,1.6362229795419105e-29
2014-06-13,0,1.0,2.0445397153052255e-63
2014-06-14,0,1.0,1.0662750335375925e-37
2014-06-15,0,1.0,3.2991893742562206e-187
2014-06-16,0,1.0,0.0
2014-06-17,0,1.0,0.0
2014-06-18,0,1.0,1.210024952220074e-300
2014-06-19,0,1.0,0.0
2014-06-20,0,1.0,0.0
2014-06-21,0,1.0,0.0
2014-06-22,0,1.0,3.3206492871638823e-146
2014-06-23,0,1.0,1.4590152442678589e-86
2014-06-24,0,1.0,1.6238718489656032e-83
2014-06-25,0,1.0,6.78e-320
2014-06-26,0,1.0,2.6789616844139878e-303
2014-06-27,0,1.0,4.8211698027430945e-58
2014-06-28,0,1.0,2.07116173380069e-111
2014-06-29,0,1.0,3.5851517519975645e-116
2014-06-30,0,1.0,1.3744883133888242e-80
2014-07-01,0,0.9999999999999982,1.400781111046572e-15
2014-07-02,1,8.359856633788448e-09,0.999999991640145
2014-07-03,0,1.0,4.0139606771647153e-115
2014-07-04,1,0.05138993965225236,0.9486100603477474
2014-07-05,1,1.443827558033151e-29,1.0
2014-07-06,1,2.816625032099535e-08,0.9999999718337489
2014-07-07,0,1.0,5.4311498612277284e-73
2014-07-08,0,1.0,0.0
2014-07-09,0,1.0,1.229199016553515e-296
2014-07-10,1,1.3280038176088224e-11,0.99999999998672
2014-07-11,0,0.9864334599784623,0.01356654002153767
2014-07-12,0,1.0,1.030091864768816e-105
2014-07-13,0,0.9999999999999982,1.1095148341352257e-15
2014-07-14,0,1.0,1.7952822611129563e-30
2014-07-15,0,1.0,6.94591087796731e-114
2014-07-16,0,1.0,0.0
2014-07-17,0,1.0,0.0
2014-07-18,0,1.0,0.0
2014-07-19,0,1.0,0.0
2014-07-20,0,1.0,1.1635281564966033e-64
2014-07-21,0,1.0,0.0
2014-07-22,0,1.0,0.0
2014-07-23,0,0.9999999998934381,1.0656163145992508e-10
2014-07-24,0,1.0,4.910579308845874e-100
2014-07-25,0,0.9999999987911714,1.2088271043276323e-09
2014-07-26,1,7.100904277246175e-07,0.9999992899095708
2014-07-27,0,1.0,6.614468778219376e-78
2014-07-28,0,1.0,4.104636899426374e-295
2014-07-29,0,1.0,6.133417392439062e-255
2014-07-30,0,1.0,1.459487618204888e-248
2014-07-31,0,1.0,2.676836723979515e-220
2014-08-01,0,1.0,2.3114148628435845e-166
2014-08-02,0,1.0,4.1658235767050494e-83
2014-08-03,0,1.0,6.567344131373957e-36
2014-08-04,0,1.0,0.0
2014-08-05,0,1.0,2.4914264545377545e-157
2014-08-06,0,1.0,0.0
2014-08-07,0,1.0,4.572427790618915e-105
2014-08-08,0,0.9633562703025059,0.036643729697494826
2014-08-09,1,1.7417425252062485e-22,1.0
2014-08-10,1,2.5494921398379244e-09,0.9999999974505087
2014-08-11,0,1.0,6.109325109123881e-64
2014-08-12,0,1.0,2.8294674659838845e-105
2014-08-13,1,0.004197243208547944,0.9958027567914524
2014-08-14,0,1.0,4.6887237114913754e-89
2014-08-15,0,0.999999999999563,4.3754137989077076e-13
2014-08-16,0,0.9999970500112516,2.949988748709344e-06
2014-08-17,1,0.025792074879515257,0.9742079251204847
2014-08-18,0,1.0,5.463016623235258e-25
2014-08-19,0,0.9107971843071112,0.08920281569288908
2014-08-20,0,1.0,1.426305127075577e-34
2014-08-21,0,0.9993396650377115,0.0006603349622886368
2014-08-22,0,0.9999999995921307,4.078688500160822e-10
2014-08-23,1,6.1403468877605905e-06,0.9999938596531108
2014-08-24,1,2.6069633275348156e-32,1.0
2014-08-25,1,6.884252653551656e-15,0.9999999999999929
2014-08-26,1,1.8012076837240845e-23,1.0
2014-08-27,0,1.0,1.2337793833137062e-104
2014-08-28,0,1.0,2.9858017659134337e-29
2014-08-29,1,3.305385484391946e-06,0.9999966946145152
2014-08-30,0,1.0,8.109502986452942e-194
2014-08-31,0,1.0,4.798052146133837e-29
2014-09-01,0,1.0,1.906070048796646e-67
2014-09-02,0,0.9999997794325187,2.2056748077419628e-07
2014-09-03,0,1.0,5.898663484276382e-19
2014-09-04,0,1.0,7.650836800849503e-23
2014-09-05,0,1.0,1.972811527818192e-24
2014-09-06,1,7.59466818416458e-08,0.9999999240533193
2014-09-07,1,5.162115057380377e-12,0.9999999999948379
2014-09-08,1,1.7606318081402498e-08,0.9999999823936819
2014-09-09,1,9.885560370827466e-12,0.9999999999901128
2014-09-10,0,1.0,1.372679799149447e-107
2014-09-11,1,1.2991275911127433e-07,0.9999998700872417
2014-09-12,1,1.8620176864399118e-09,0.9999999981379837
2014-09-13,1,2.9769072569156205e-06,0.9999970230927432
2014-09-14,1,6.330514905835373e-07,0.9999993669485093
2014-09-15,1,0.00018668895262593691,0.999813311047373
2014-09-16,0,1.0,1.0982028057079937e-135
2014-09-17,1,1.194332550236604e-07,0.9999998805667438
2014-09-18,0,1.0,2.2919724828721974e-35
2014-09-19,1,2.5573501897942315e-13,0.9999999999997442
2014-09-20,1,1.139484228759245e-10,0.9999999998860503
2014-09-21,1,3.2659141913534136e-08,0.9999999673408594
2014-09-22,1,1.4606188858209882e-07,0.9999998539381103
2014-09-23,1,5.2366428747821994e-08,0.9999999476335701
2014-09-24,1,8.340554639915622e-07,0.9999991659445367
2014-09-25,1,7.194263274145477e-10,0.9999999992805755
2014-09-26,1,1.5673192985135903e-41,1.0
2014-09-27,1,0.1998691246150805,0.8001308753849191
2014-09-28,0,0.9979485914120566,0.0020514085879435678
2014-09-29,0,1.0,1.3204995829712342e-35
2014-09-30,1,2.205591843146897e-07,0.9999997794408161
2014-10-01,1,2.8500799967175567e-14,0.9999999999999716
2014-10-02,1,5.3537482222629414e-24,1.0
2014-10-03,1,6.02362274761263e-15,0.9999999999999929
2014-10-04,1,0.1419973916022774,0.8580026083977225
2014-10-05,1,0.04233986035193593,0.957660139648064
2014-10-06,1,5.8899671886716734e-08,0.9999999411003291
2014-10-07,0,1.0,0.0
2014-10-08,0,1.0,1.244105154926489e-270
2014-10-09,0,1.0,0.0
2014-10-10,0,1.0,0.0
2014-10-11,0,1.0,0.0
2014-10-12,0,1.0,2.0377076758506599e-255
2014-10-13,0,1.0,2.4839886850159125e-19
2014-10-14,0,1.0,2.5872084876786804e-94
2014-10-15,0,1.0,2.7983403439268085e-78
2014-10-16,0,1.0,1.4778028992398204e-64
2014-10-17,0,0.9999999998888409,1.1115834106315307e-10
2014-10-18,0,1.0,2.4616930815467446e-130
2014-10-19,1,5.969534190224909e-08,0.9999999403046598
2014-10-20,0,1.0,1.9944928944741153e-205
2014-10-21,0,0.9999999929751802,7.024819847051295e-09
2014-10-22,1,3.954925873011382e-11,0.9999999999604512
2014-10-23,1,1.136067058860527e-08,0.9999999886393311
2014-10-24,1,1.7045071640584705e-22,1.0
2014-10-25,1,4.77966030751732e-12,0.9999999999952216
2014-10-26,1,3.661838564180324e-11,0.9999999999633822
2014-10-27,0,0.9998845561662225,0.00011544383377690112
2014-10-28,0,1.0,2.111575739433338e-27
2014-10-29,1,1.1072634199304363e-07,0.9999998892736589
2014-10-30,1,1.0647640959914463e-07,0.9999998935235886
2014-10-31,1,8.987526783740818e-09,0.9999999910124728
2014-11-01,1,3.77450575545793e-07,0.9999996225494245
2014-11-02,1,1.145431355041619e-11,0.999999999988546
2014-11-03,1,5.59462188709341e-08,0.9999999440537815
2014-11-04,1,4.905535152621516e-07,0.9999995094464853
2014-11-05,1,6.921495880961486e-11,0.999999999930786
2014-11-06,1,4.05048516503654e-09,0.9999999959495156
2014-11-07,1,1.0527166437267817e-12,0.9999999999989484
2014-11-08,1,4.19325216769484e-13,0.9999999999995808
2014-11-09,1,9.54013130901294e-17,1.0
2014-11-10,0,1.0,2.216920297807491e-78
2014-11-11,1,1.6184885000753726e-14,0.9999999999999822
2014-11-12,0,1.0,0.0
2014-11-13,0,0.9999999766840466,2.331595272190802e-08
2014-11-14,0,1.0,1.056767582544726e-194
2014-11-15,1,9.935452313891115e-16,1.0
2014-11-16,0,1.0,0.0
2014-11-17,1,9.870428477861083e-19,1.0
2014-11-18,1,5.738696490119491e-19,1.0
2014-11-19,1,5.816747915041505e-08,0.9999999418325219
2014-11-20,1,9.002561263441995e-08,0.9999999099743886
2014-11-21,0,0.9988689649685569,0.001131035031443538
2014-11-22,1,0.0005799997691158257,0.9994200002308834
2014-11-23,1,9.204214843911728e-21,1.0
2014-11-24,1,1.0377371197902785e-06,0.9999989622628809
2014-11-25,1,6.722016438449961e-14,0.9999999999999325
2014-11-26,0,1.0,3.4324000812062357e-203
2014-11-27,1,3.912983392014344e-13,0.9999999999996092
2014-11-28,1,2.7088524407199485e-29,1.0
2014-11-29,1,2.7665337313478076e-20,1.0
2014-11-30,1,6.765635132330208e-28,1.0
2014-12-01,1,7.915354101528733e-07,0.999999208464591
2014-12-02,1,7.638957307978388e-16,1.0
2014-12-03,1,4.3458271958646936e-16,1.0
2014-12-04,1,1.8240057039729213e-18,1.0
2014-12-05,1,1.6341156028067433e-09,0.9999999983658832
2014-12-06,1,2.7687606558464353e-09,0.9999999972312388
2014-12-07,1,0.003476459649588662,0.9965235403504127
2014-12-08,1,7.355857471073241e-06,0.9999926441425308
2014-12-09,0,1.0,1.0020551916650919e-22
2014-12-10,1,7.679565400366663e-16,1.0
2014-12-11,0,0.9999999999987779,1.2205139049598057e-12
2014-12-12,1,0.0002126885449826838,0.9997873114550181
2014-12-13,1,2.8056229514501433e-05,0.9999719437704857
2014-12-14,0,1.0,0.0
2014-12-15,1,2.2249556278415637e-14,0.9999999999999787
2014-12-16,0,1.0,7.699669943718821e-105
2014-12-17,1,1.117677053534138e-15,1.0
2014-12-18,1,3.6422001387906995e-23,1.0
2014-12-19,1,9.580570001024227e-22,1.0
2014-12-20,0,1.0,0.0
2014-12-21,0,1.0,3.456835935777673e-47
2014-12-22,0,1.0,7.923627384293007e-44
2014-12-23,1,2.5179592338911313e-06,0.9999974820407661
2014-12-24,1,4.102113270210782e-08,0.999999958978866
2014-12-25,1,3.9105541459084206e-27,1.0
2014-12-26,1,0.2661048449892017,0.733895155010799
2014-12-27,1,5.550298263557147e-07,0.9999994449701729
2014-12-28,1,4.608636160860181e-16,1.0
2014-12-29,1,0.03471446788403668,0.9652855321159636
2014-12-30,1,6.071388139541679e-05,0.999939286118604
2014-12-31,1,0.00044814295818560465,0.9995518570418142
2015-01-01,0,1.0,1.1775158518456837e-18
2015-01-02,0,1.0,8.621581396812486e-121
2015-01-03,1,0.0020401513127132264,0.9979598486872868
2015-01-04,0,1.0,3.5641156088223906e-40
2015-01-05,0,1.0,8.947818087084585e-204
2015-01-06,0,1.0,2.8524932072731434e-264
2015-01-07,0,0.998546001975259,0.0014539980247407545
2015-01-08,0,0.9999999427943934,5.72056067605105e-08
2015-01-09,1,4.138683879244916e-08,0.9999999586131603
2015-01-10,1,2.396297935722317e-07,0.9999997603702052
2015-01-11,1,1.29669913603186e-22,1.0
2015-01-12,1,1.920254951588284e-13,0.9999999999998082
2015-01-13,1,2.1995865636542695e-13,0.9999999999997797
2015-01-14,1,0.11843077861841751,0.8815692213815819
2015-01-15,1,1.2472152030416913e-06,0.9999987527847976
2015-01-16,0,1.0,3.5891050196344207e-66
2015-01-17,0,1.0,2.1750287696723787e-49
2015-01-18,1,0.00011549582833273228,0.9998845041716685
2015-01-19,1,1.5211889859559047e-17,1.0
2015-01-20,1,7.213297533389048e-13,0.9999999999992788
2015-01-21,0,1.0,1.993374796622088e-19
2015-01-22,0,0.9999999999999982,1.1637377589326101e-15
2015-01-23,1,6.593602412839358e-11,0.9999999999340652
2015-01-24,1,5.840422610893739e-16,1.0
2015-01-25,0,0.9972063307436367,0.002793669256363696
2015-01-26,0,1.0,2.050335602585015e-58
2015-01-27,0,0.9999956110191344,4.3889808655644655e-06
2015-01-28,1,0.0014661648862760196,0.9985338351137245
2015-01-29,1,1.1956457681665883e-10,0.999999999880437
2015-01-30,0,0.9999999999960423,3.957131905484907e-12
2015-01-31,1,1.924393460029782e-09,0.9999999980756051
2015-02-01,1,3.2312699451197124e-19,1.0
2015-02-02,0,0.9999999999959286,4.072246778355436e-12
2015-02-03,0,1.0,6.553857258169115e-116
2015-02-04,1,0.005307412426744159,0.9946925875732547
2015-02-05,1,8.46097966133108e-09,0.9999999915390205
2015-02-06,1,4.308009787704541e-08,0.9999999569199014
2015-02-07,1,6.491966988801725e-22,1.0
2015-02-08,1,1.972114764968328e-21,1.0
2015-02-09,1,4.146292873935259e-06,0.9999958537071248
2015-02-10,1,2.5151239227469072e-05,0.9999748487607715
2015-02-11,0,1.0,9.794088498137371e-33
2015-02-12,0,0.9596981865445868,0.040301813455412824
2015-02-13,0,1.0,3.3723632093429883e-49
2015-02-14,0,0.9999999995111875,4.888135199869682e-10
2015-02-15,1,2.6121322137470847e-15,0.9999999999999964
2015-02-16,0,0.9999999999565965,4.340372204564321e-11
2015-02-17,0,1.0,1.2303133584234735e-101
2015-02-18,0,1.0,8.241310386539672e-18
2015-02-19,0,0.9999999999945235,5.477340840909071e-12
2015-02-20,0,1.0,1.0624985246442467e-40
2015-02-21,1,1.1826869212367157e-06,0.9999988173130804
2015-02-22,1,3.395383124212007e-08,0.9999999660461688
2015-02-23,1,2.946701421521428e-14,0.9999999999999716
2015-02-24,1,0.0044500592529991756,0.995549940747002
2015-02-25,1,0.0013648613982704845,0.9986351386017307
2015-02-26,1,1.4698086878024205e-07,0.99999985301913
2015-02-27,1,0.4924342955021216,0.5075657044978779
2015-02-28,0,0.99999999999892,1.0800948503379532e-12
2015-03-01,1,2.245192124209874e-14,0.9999999999999787
2015-03-02,0,0.9973932395641993,0.0026067604358002484
2015-03-03,0,1.0,1.8178927740666768e-25
2015-03-04,1,5.6332261923948725e-08,0.9999999436677365
2015-03-05,1,2.08615836476553e-36,1.0
2015-03-06,0,0.9999592665596365,4.0733440363430756e-05
2015-03-07,1,6.233822627612885e-05,0.9999376617737222
2015-03-08,1,2.7292648349162325e-08,0.9999999727073504
2015-03-09,1,3.2784259098226465e-05,0.9999672157409024
2015-03-10,1,0.0002238236184627108,0.9997761763815373
2015-03-11,1,1.9988628843774928e-07,0.9999998001137116
2015-03-12,0,1.0,1.847476675216656e-34
2015-03-13,1,3.2736001229244125e-06,0.9999967263998774
2015-03-14,1,6.0876406454151934e-06,0.999993912359353
2015-03-15,1,0.0024976757850730313,0.9975023242149266
2015-03-16,1,0.0026299038245185605,0.9973700961754809
2015-03-17,1,8.013760198364604e-10,0.999999999198625
2015-03-18,1,3.864850575180438e-16,1.0
2015-03-19,0,0.9999445351513153,5.5464848684459396e-05
2015-03-20,1,3.5630760895705975e-08,0.9999999643692383
2015-03-21,1,6.54890747158382e-09,0.999999993451091
2015-03-22,1,2.129258700607077e-09,0.9999999978707415
2015-03-23,1,1.4462648654970456e-17,1.0
2015-03-24,0,1.0,2.9776752602228933e-24
2015-03-25,0,0.9999999999861711,1.3829506497085765e-11
2015-03-26,1,8.678234450433719e-12,0.9999999999913207
2015-03-27,1,3.26401775431248e-07,0.9999996735982251
2015-03-28,1,3.215116395140094e-07,0.9999996784883598
2015-03-29,1,1.3422312658724817e-20,1.0
2015-03-30,1,3.737998417713799e-10,0.9999999996262012
2015-03-31,1,1.38153665170368e-30,1.0
2015-04-01,1,2.475356388594483e-11,0.9999999999752482
2015-04-02,1,3.0615683394456085e-12,0.9999999999969376
2015-04-03,1,1.9618535230197396e-09,0.9999999980381453
2015-04-04,1,0.0016397933732781205,0.9983602066267235
2015-04-05,1,8.10838089009381e-27,1.0
2015-04-06,1,1.6582851156515975e-07,0.9999998341714895
2015-04-07,1,0.001034063893062903,0.9989659361069375
2015-04-08,1,0.1873821585475931,0.8126178414524068
2015-04-09,0,1.0,2.8687141451664257e-39
2015-04-10,0,1.0,3.178066700635685e-23
2015-04-11,1,0.0285391592348178,0.9714608407651812
2015-04-12,1,0.015143825683972724,0.9848561743160278
2015-04-13,0,1.0,7.350236662565199e-16
2015-04-14,0,1.0,2.2903211299979465e-35
2015-04-15,0,1.0,2.5469193930423465e-26
2015-04-16,0,1.0,6.097125601039482e-20
2015-04-17,1,1.0364882579640941e-11,0.9999999999896367
2015-04-18,0,0.9990364727539,0.0009635272460995287
2015-04-19,1,1.031594266942729e-05,0.9999896840573299
2015-04-20,1,3.9480465036662365e-09,0.9999999960519546
2015-04-21,0,1.0,1.149592170518479e-119
2015-04-22,0,0.999999999997609,2.3907287752187597e-12
2015-04-23,0,1.0,2.6768667321343822e-48
2015-04-24,0,1.0,8.856621480098604e-96
2015-04-25,0,0.9999999987682919,1.2317083919375483e-09
2015-04-26,1,1.7039837304728054e-11,0.9999999999829612
2015-04-27,1,3.006386098131518e-08,0.9999999699361379
2015-04-28,0,0.9999645680615258,3.543193847515725e-05
2015-04-29,1,4.437796314769108e-08,0.9999999556220384
2015-04-30,0,1.0,1.7711829168039045e-62
2015-05-01,0,1.0,5.998990050129119e-23
2015-05-02,0,1.0,6.066428319160598e-39
2015-05-03,0,0.9999976474152967,2.352584703623589e-06
2015-05-04,0,1.0,3.6517931892344024e-25
2015-05-05,0,0.9978139395390052,0.0021860604609954984
2015-05-06,1,1.4741845941510812e-09,0.9999999985258157
2015-05-07,0,0.9999999999999991,1.304967644833451e-15
2015-05-08,1,1.4207384358841612e-16,1.0
2015-05-09,1,1.2982282425151447e-10,0.9999999998701767
2015-05-10,0,1.0,1.0391997877443326e-27
2015-05-11,0,1.0,1.0098602483138575e-50
2015-05-12,1,1.3946387486674393e-15,1.0
2015-05-13,1,2.0474103034402038e-16,1.0
2015-05-14,0,1.0,5.522637643250815e-145
2015-05-15,0,1.0,1.0344901551622279e-210
2015-05-16,0,1.0,0.0
2015-05-17,0,1.0,6.390689914670201e-31
2015-05-18,0,0.999999999934321,6.567915372678406e-11
2015-05-19,0,1.0,2.075235448304157e-173
2015-05-20,0,0.9908230098704066,0.009176990129593329
2015-05-21,0,1.0,1.0150507874980332e-131
2015-05-22,1,0.0010543158702185816,0.9989456841297807
2015-05-23,1,1.3049133012017386e-07,0.9999998695086717
2015-05-24,1,7.41021896429019e-11,0.9999999999258975
2015-05-25,0,0.9999999999950884,4.9116569676361926e-12
2015-05-26,0,1.0,3.1763285240661913e-110
2015-05-27,0,1.0,2.04417619687117e-225
2015-05-28,0,1.0,0.0
2015-05-29,0,1.0,3.3857334444617173e-143
2015-05-30,0,1.0,1.3643322988603507e-132
2015-05-31,1,9.163486260341993e-17,1.0
2015-06-01,0,1.0,2.2724990090061517e-158
2015-06-02,0,1.0,2.716744167146222e-20
2015-06-03,1,0.0014031925674210125,0.9985968074325798
2015-06-04,1,2.162716460579382e-06,0.9999978372835382
2015-06-05,1,2.8327597794333457e-08,0.9999999716724024
2015-06-06,1,2.370429877295344e-15,0.9999999999999964
2015-06-07,1,3.533185137349041e-29,1.0
2015-06-08,1,5.288189177315362e-09,0.9999999947118106
2015-06-09,1,3.92645483603985e-09,0.9999999960735444
2015-06-10,0,1.0,1.0998304724435344e-17
2015-06-11,0,1.0,1.9317508031065738e-118
2015-06-12,0,1.0,2.0049384609698083e-80
2015-06-13,0,1.0,8.543434645101083e-43
2015-06-14,1,7.364343419190008e-52,1.0
2015-06-15,1,1.5258085472172395e-14,0.9999999999999858
2015-06-16,0,0.9999999999984119,1.588940768094625e-12
2015-06-17,0,1.0,3.626359609787328e-186
2015-06-18,0,1.0,1.8669540493344972e-26
2015-06-19,1,3.4898977314624076e-05,0.9999651010226871
2015-06-20,1,3.557926301752441e-07,0.9999996442073702
2015-06-21,0,0.9999999999999982,1.6225634313640364e-15
2015-06-22,0,1.0,1.056717993241592e-76
2015-06-23,0,1.0,6.207821344023504e-28
2015-06-24,0,1.0,0.0
2015-06-25,0,1.0,2.081694818440045e-148
2015-06-26,0,1.0,4.50138006760744e-62
2015-06-27,0,1.0,2.8047459484887323e-19
2015-06-28,0,1.0,0.0
2015-06-29,0,1.0,0.0
2015-06-30,0,1.0,1.5424654013012564e-199
2015-07-01,0,1.0,2.0530273468136973e-76
2015-07-02,0,1.0,5.592047047752087e-30
2015-07-03,0,1.0,1.9534888555903094e-95
2015-07-04,0,1.0,2.0703556378103577e-46
2015-07-05,0,1.0,4.7726231091593563e-147
2015-07-06,0,1.0,2.0038500974633272e-63
2015-07-07,0,1.0,4.9967723021707424e-20
2015-07-08,1,0.20213321222334496,0.7978667877766549
2015-07-09,1,6.487608760557692e-06,0.9999935123912406
2015-07-10,1,1.4826992929635412e-09,0.9999999985172998
2015-07-11,1,2.343726637750879e-52,1.0
2015-07-12,0,0.9991856063125255,0.0008143936874749392
2015-07-13,0,0.9973186892371605,0.0026813107628393864
2015-07-14,1,5.705000019407153e-09,0.9999999942949991
2015-07-15,1,1.248730860038691e-12,0.999999999998753
2015-07-16,1,1.8880203811615456e-06,0.9999981119796171
2015-07-17,1,4.8322972767252687e-11,0.999999999951676
2015-07-18,0,1.0,1.0673937626471244e-85
2015-07-19,0,1.0,1.1231857901339958e-43
2015-07-20,0,1.0,5.5570275079415415e-34
2015-07-21,0,0.9992261762400476,0.0007738237599514545
2015-07-22,0,1.0,9.969731867375985e-112
2015-07-23,0,1.0,1.8740672019491594e-81
2015-07-24,0,0.9999895370201013,1.0462979898602892e-05
2015-07-25,0,0.9999999999999911,8.573231365468503e-15
2015-07-26,0,1.0,2.076512732791213e-82
2015-07-27,0,1.0,5.388123926314273e-172
2015-07-28,0,1.0,1.0383363566400428e-63
2015-07-29,0,1.0,1.4143580931087398e-119
2015-07-30,1,0.00017754878066757808,0.9998224512193329
2015-07-31,1,0.00024840393296893606,0.9997515960670309
2015-08-01,1,0.0033117583540164626,0.9966882416459854
2015-08-02,1,0.0007386302289459506,0.9992613697710532
2015-08-03,0,1.0,0.0
2015-08-04,0,1.0,8.564705638243264e-86
2015-08-05,0,1.0,6.534708990690124e-131
2015-08-06,0,0.9999999747204281,2.5279571727971893e-08
2015-08-07,1,2.903259052184512e-07,0.9999997096740958
2015-08-08,1,6.19540310525304e-10,0.99999999938046
2015-08-09,1,5.265298713044268e-11,0.9999999999473488
2015-08-10,0,0.8533310899782386,0.1466689100217613
2015-08-11,1,1.352231504766704e-06,0.999998647768494
2015-08-12,1,0.17053724433359443,0.8294627556664049
2015-08-13,0,0.9995553113812138,0.00044468861878689363
2015-08-14,1,1.448883321211267e-11,0.999999999985512
2015-08-15,1,1.0604956377601548e-08,0.9999999893950431
2015-08-16,0,0.9999997822834269,2.1771657362305497e-07
2015-08-17,1,2.618100144370308e-10,0.9999999997381899
2015-08-18,0,0.9996617867553933,0.0003382132446062574
2015-08-19,1,3.0387200602665555e-09,0.9999999969612787
2015-08-20,1,0.44163342976193054,0.558366570238069
2015-08-21,0,1.0,1.0790980626446292e-87
2015-08-22,0,1.0,7.298166042302548e-74
2015-08-23,0,0.9375530011054157,0.062446998894584584
2015-08-24,0,1.0,1.9172884837118283e-55
2015-08-25,0,1.0,1.4148074204114377e-42
2015-08-26,0,1.0,6.012318543523565e-189
2015-08-27,0,1.0,5.139028928570665e-99
2015-08-28,1,0.24558591960295117,0.7544140803970483
2015-08-29,1,0.00012854309772557807,0.999871456902273
2015-08-30,1,5.271651339956452e-12,0.9999999999947278
2015-08-31,1,5.228762720606722e-08,0.9999999477123729
2015-09-01,0,0.9942544491316521,0.005745550868347125
2015-09-02,1,0.001688243293407047,0.9983117567065926
2015-09-03,1,1.3423781640788648e-12,0.9999999999986571
2015-09-04,1,4.8651481218749166e-24,1.0
2015-09-05,1,9.637905564611348e-34,1.0
2015-09-06,1,9.267099933312325e-17,1.0
2015-09-07,1,1.1881948315846506e-23,1.0
2015-09-08,1,2.447533165877662e-17,1.0
2015-09-09,0,0.7993978891202883,0.20060211087971222
2015-09-10,0,1.0,6.08365467277318e-23
2015-09-11,1,0.043830202153781646,0.9561697978462184
2015-09-12,1,4.174166362313695e-09,0.999999995825835
2015-09-13,1,1.29092805962922e-09,0.9999999987090717
2015-09-14,1,1.8616696044747453e-17,1.0
2015-09-15,1,5.897363969064477e-10,0.9999999994102637
2015-09-16,1,1.159611878612415e-21,1.0
2015-09-17,1,2.505741430720652e-53,1.0
2015-09-18,1,0.006538437930046742,0.9934615620699527
2015-09-19,1,1.0846270193218444e-39,1.0
2015-09-20,1,4.214238603863769e-12,0.9999999999957865
2015-09-21,0,1.0,2.961883093198628e-53
2015-09-22,0,1.0,2.6542239984934924e-81
2015-09-23,1,0.0004961146134978928,0.9995038853865017
2015-09-24,0,1.0,2.3672794242302232e-161
2015-09-25,1,2.9335301388442256e-07,0.9999997066469857
2015-09-26,1,9.161596565377772e-19,1.0
2015-09-27,1,5.117845242937683e-09,0.9999999948821561
2015-09-28,1,1.044452407197671e-08,0.9999999895554765
2015-09-29,0,1.0,2.445227958742313e-93
2015-09-30,0,1.0,1.1862500919500697e-81
2015-10-01,0,1.0,1.8082466079502348e-18
2015-10-02,0,0.9999995968646256,4.03135374635039e-07
2015-10-03,1,3.3140449322723075e-15,0.9999999999999964
2015-10-04,0,1.0,2.034919835339095e-126
2015-10-05,0,1.0,2.348695516730062e-179
2015-10-06,1,0.0008999889071150363,0.999100011092885
2015-10-07,1,0.009304413277974334,0.9906955867220257
2015-10-08,1,2.3153930045529357e-60,1.0
2015-10-09,0,1.0,3.66660156800791e-46
2015-10-10,0,1.0,4.4042372397670495e-53
2015-10-11,0,1.0,0.0
2015-10-12,0,1.0,9.235432597604477e-42
2015-10-13,0,1.0,1.1094543173416617e-18
2015-10-14,0,1.0,1.5818902416527003e-106
2015-10-15,1,4.977313180092916e-10,0.9999999995022684
2015-10-16,1,5.507888553215491e-12,0.9999999999944933
2015-10-17,0,1.0,4.225218340622799e-23
2015-10-18,0,1.0,2.9800793737108428e-114
2015-10-19,0,1.0,0.0
2015-10-20,0,1.0,1.1280879391072231e-60
2015-10-21,1,5.859922099068628e-42,1.0
2015-10-22,1,2.547551758381909e-34,1.0
2015-10-23,1,2.3500049793781008e-57,1.0
2015-10-24,1,7.019293913563376e-32,1.0
2015-10-25,1,1.4327991417269309e-13,0.999999999999857
2015-10-26,1,4.343116243835776e-19,1.0
2015-10-27,1,8.286888229768777e-15,0.9999999999999929
2015-10-28,1,5.701013160601459e-62,1.0
2015-10-29,1,4.909888576061204e-61,1.0
2015-10-30,1,1.5764356832738693e-61,1.0
2015-10-31,1,1.3999503801488342e-61,1.0
2015-11-01,1,5.614554072694842e-62,1.0
2015-11-02,1,5.551426407705964e-62,1.0
2015-11-03,1,4.990152477499456e-11,0.9999999999500986
2015-11-04,1,5.689344019475709e-62,1.0
2015-11-05,1,7.60890617512953e-32,1.0
2015-11-06,1,1.6864619308007927e-08,0.9999999831353802
2015-11-07,0,0.9999999999999973,2.6315908217961263e-15
2015-11-08,1,9.029918253441444e-06,0.9999909700817459
2015-11-09,0,1.0,2.3356269939233225e-42
2015-11-10,0,1.0,7.802973518675167e-58
2015-11-11,0,1.0,1.0126703570498713e-39
2015-11-12,0,1.0,4.527080596577112e-81
2015-11-13,0,1.0,8.110211657320123e-111
2015-11-14,0,1.0,1.683462915129652e-30
2015-11-15,1,5.818322263072503e-62,1.0
2015-11-16,1,5.8424113064854325e-62,1.0
2015-11-17,1,1.0141601050390471e-60,1.0
2015-11-18,1,3.789662568928481e-61,1.0
2015-11-19,1,5.8880733870049536e-62,1.0
2015-11-20,1,1.2251631184650016e-07,0.9999998774836887
2015-11-21,1,3.407765553859651e-57,1.0
2015-11-22,0,1.0,1.1372813553875895e-44
2015-11-23,0,0.9999985382653865,1.461734612696924e-06
2015-11-24,0,1.0,1.8796261266558437e-17
2015-11-25,1,4.275811785192028e-37,1.0
2015-11-26,1,1.174124243007015e-37,1.0
2015-11-27,1,1.0016500787726079e-29,1.0
2015-11-28,1,6.819413973318615e-25,1.0
2015-11-29,1,4.448933477803912e-16,1.0
2015-11-30,1,1.363412825080995e-25,1.0
2015-12-01,1,3.8178929075397414e-39,1.0
2015-12-02,1,9.97868995910485e-47,1.0
2015-12-03,1,5.2267283786294844e-33,1.0
2015-12-04,1,4.2660775201704025e-34,1.0
2015-12-05,1,6.618370636687233e-29,1.0
2015-12-06,1,3.942314635068038e-10,0.9999999996057685
2015-12-07,1,4.110482290059601e-06,0.9999958895177091
2015-12-08,0,1.0,2.8574769760991185e-38
2015-12-09,1,0.00041077900609820105,0.9995892209939014
2015-12-10,0,1.0,4.266467032574402e-37
2015-12-11,0,0.9860021393970816,0.013997860602917559
2015-12-12,1,2.378601015445493e-06,0.9999976213989834
2015-12-13,1,0.1720549314805949,0.8279450685194054
2015-12-14,0,1.0,1.156198234160942e-48
2015-12-15,0,0.9999999999130242,8.697628641901795e-11
2015-12-16,1,0.010921617210942838,0.9890783827890576
2015-12-17,1,3.565216240305709e-11,0.9999999999643485
2015-12-18,0,0.9999999999915019,8.497355372602361e-12
2015-12-19,1,1.3832820007407935e-06,0.9999986167180002
2015-12-20,0,0.9999905059745023,9.494025497850082e-06
2015-12-21,1,1.0720508951413755e-18,1.0
2015-12-22,1,1.0162733242418548e-05,0.9999898372667588
2015-12-23,0,1.0,4.754003439987088e-39
2015-12-24,1,9.313220054139796e-10,0.9999999990686774
2015-12-25,0,1.0,3.1989840726057236e-99
2015-12-26,1,3.7091319357392445e-27,1.0
2015-12-27,1,1.9152574677251657e-05,0.9999808474253241
2015-12-28,0,1.0,1.0022507844403986e-21
2015-12-29,0,1.0,2.6304609824964043e-16
2015-12-30,1,7.366629450797618e-16,1.0
2015-12-31,1,4.5172659872317706e-06,0.9999954827340142
2016-01-01,0,1.0,2.2712497044580056e-58
2016-01-02,1,5.99457615938568e-05,0.9999400542384066
2016-01-03,0,1.0,3.04669203178236e-20
2016-01-04,0,1.0,6.127407480215566e-20
2016-01-05,0,1.0,3.8230870265397123e-31
2016-01-06,1,0.06768402662416054,0.9323159733758387
2016-01-07,1,0.021621319042076117,0.9783786809579231
2016-01-08,1,0.00010034268218123404,0.9998996573178184
2016-01-09,0,1.0,1.5264554038133556e-36
2016-01-10,1,1.336754204034098e-06,0.9999986632457958
2016-01-11,0,1.0,2.0719462700708677e-27
2016-01-12,0,1.0,4.578254192708445e-131
2016-01-13,0,0.9995994102615675,0.0004005897384328263
2016-01-14,0,0.9999999547162012,4.52837985847171e-08
2016-01-15,0,1.0,7.334294311974685e-30
2016-01-16,0,1.0,9.897270736018932e-44
2016-01-17,0,0.9999993418446315,6.581553684611092e-07
2016-01-18,0,1.0,2.6665363322425156e-166
2016-01-19,1,0.21583862904442608,0.7841613709555743
2016-01-20,1,4.335542580774213e-12,0.9999999999956657
2016-01-21,1,2.8268435294836122e-24,1.0
2016-01-22,0,1.0,1.0165030326861476e-54
2016-01-23,0,1.0,1.819137064843922e-105
2016-01-24,0,1.0,3.180826222482085e-50
2016-01-25,0,1.0,5.2442391073804796e-61
2016-01-26,1,0.00022651466067760717,0.9997734853393224
2016-01-27,1,5.616669289709339e-10,0.9999999994383337
2016-01-28,1,4.522516364106213e-11,0.999999999954774
2016-01-29,1,6.0756281787709085e-05,0.999939243718213
2016-01-30,1,6.450633879846841e-07,0.9999993549366109
2016-01-31,1,3.68209257306949e-05,0.9999631790742706
2016-02-01,1,4.3755537034968706e-17,1.0
2016-02-02,1,2.1223092079778593e-09,0.9999999978776906
2016-02-03,1,9.455762825139048e-08,0.9999999054423734
2016-02-04,1,5.555018312000904e-18,1.0
2016-02-05,1,3.675764494021058e-08,0.9999999632423566
2016-02-06,1,8.121606898583652e-10,0.999999999187839
2016-02-07,1,7.378168137136648e-22,1.0
2016-02-08,1,0.002471740761299856,0.9975282592387009
2016-02-09,1,0.001035767333220885,0.9989642326667789
2016-02-10,1,5.605803527708178e-07,0.9999994394196471
2016-02-11,1,2.9513333279747646e-29,1.0
2016-02-12,1,7.425631389192275e-09,0.9999999925743701
2016-02-13,1,6.8756489943777846e-12,0.9999999999931255
2016-02-14,1,3.442820503383324e-11,0.9999999999655707
2016-02-15,0,1.0,1.6361322697961554e-63
2016-02-16,0,1.0,5.335255434010341e-78
2016-02-17,1,1.672186238094574e-23,1.0
2016-02-18,1,1.486696699450532e-35,1.0
2016-02-19,1,4.613912994888055e-50,1.0
2016-02-20,1,6.381298094701552e-62,1.0
2016-02-21,1,9.439593176806919e-62,1.0
2016-02-22,0,1.0,1.4802396882419056e-143
2016-02-23,0,1.0,6.144886613537555e-270
2016-02-24,1,6.370522389171857e-62,1.0
2016-02-25,1,6.368350370529802e-62,1.0
2016-02-26,1,6.384113554537968e-62,1.0
2016-02-27,1,6.316222250669069e-62,1.0
2016-02-28,1,6.543498656545329e-62,1.0
2016-02-29,1,6.388734171513753e-62,1.0
2016-03-01,1,6.243444820913073e-62,1.0
2016-03-02,1,3.9572344997012455e-08,0.9999999604276554
2016-03-03,1,6.1653353896883e-62,1.0
2016-03-04,1,1.534191659952594e-07,0.999999846580834
2016-03-05,1,9.192912632238325e-62,1.0
2016-03-06,1,6.085822357522907e-62,1.0
2016-03-07,1,5.278918583612491e-08,0.9999999472108151
2016-03-08,1,2.471378243206176e-31,1.0
2016-03-09,0,1.0,2.0746792388515781e-116
2016-03-10,1,8.646717528241135e-62,1.0
2016-03-11,1,8.611777639123221e-62,1.0
2016-03-12,1,6.077059661394373e-47,1.0
2016-03-13,1,1.3826995847120861e-61,1.0
2016-03-14,1,9.445204848733632e-59,1.0
2016-03-15,1,4.1468137771016253e-57,1.0
2016-03-16,1,4.10019653795884e-58,1.0
2016-03-17,1,3.2824981263658903e-49,1.0
2016-03-18,1,1.0322587225761606e-49,1.0
2016-03-19,1,2.829086204734198e-13,0.9999999999997158
2016-03-20,1,4.96457691315312e-09,0.9999999950354237
2016-03-21,1,4.5169467724501737e-07,0.9999995483053244
2016-03-22,1,1.766994372968364e-12,0.9999999999982343
2016-03-23,1,3.3502845220391806e-28,1.0
2016-03-24,1,1.809063594397826e-29,1.0
2016-03-25,1,0.004949785539604545,0.9950502144603955
2016-03-26,1,0.0021207665868346872,0.9978792334131653
2016-03-27,1,0.0713079301590186,0.9286920698409808
2016-03-28,1,2.4193258158522265e-11,0.999999999975806
2016-03-29,1,3.4680859306639034e-57,1.0
2016-03-30,1,1.4014038011212377e-34,1.0
2016-03-31,1,1.6233366891568242e-32,1.0
2016-04-01,1,2.0350985514360102e-47,1.0
2016-04-02,1,8.823132567330333e-07,0.9999991176867431
2016-04-03,0,1.0,4.3228603885404816e-178
2016-04-04,1,6.119588450501599e-23,1.0
2016-04-05,0,0.9999999999873435,1.265620406556219e-11
2016-04-06,0,1.0,4.1810249972451256e-18
2016-04-07,1,2.273116740755665e-08,0.9999999772688322
2016-04-08,1,5.361105447493788e-09,0.9999999946388947
2016-04-09,1,4.294877406047843e-24,1.0
2016-04-10,1,6.584378386259052e-09,0.9999999934156207
2016-04-11,1,1.458063924223805e-13,0.9999999999998543
2016-04-12,1,6.028884434622524e-11,0.9999999999397104
2016-04-13,1,2.6687182294280533e-25,1.0
2016-04-14,1,1.9511421223149695e-07,0.9999998048857867
2016-04-15,1,3.696100519231882e-14,0.9999999999999645
2016-04-16,1,3.4280107865850355e-35,1.0
2016-04-17,1,7.835350673724651e-21,1.0
2016-04-18,1,8.289340419649347e-14,0.9999999999999183
2016-04-19,1,1.1685439192897835e-13,0.9999999999998828
2016-04-20,1,1.2308191957811395e-10,0.9999999998769198
2016-04-21,1,3.36569903257121e-09,0.9999999966343012
2016-04-22,1,1.6108904928712214e-05,0.9999838910950711
2016-04-23,1,1.2110854095804545e-12,0.9999999999987885
2016-04-24,1,0.3657590997292585,0.6342409002707423
2016-04-25,0,1.0,3.321853446923581e-23
2016-04-26,1,2.2259870213558456e-07,0.9999997774012978
2016-04-27,1,1.5179630319068475e-05,0.9999848203696801
2016-04-28,1,3.8646349170568146e-09,0.9999999961353652
2016-04-29,1,6.980533103970547e-08,0.9999999301946676
2016-04-30,1,2.9541611534733997e-23,1.0
2016-05-01,1,4.285422448590078e-13,0.9999999999995701
2016-05-02,1,7.209766864915372e-10,0.9999999992790229
2016-05-03,1,0.08541955964659458,0.9145804403534061
2016-05-04,0,1.0,1.1081042529556807e-100
2016-05-05,0,0.9999999658554574,3.414454339950865e-08
2016-05-06,1,6.978227848141869e-23,1.0
2016-05-07,1,0.0540321193803453,0.9459678806196545
2016-05-08,1,2.1701311462933367e-26,1.0
2016-05-09,1,5.967235887226552e-20,1.0
2016-05-10,1,2.533388975361511e-16,1.0
2016-05-11,1,1.0684809653180498e-11,0.999999999989317
2016-05-12,1,3.791833631244581e-05,0.9999620816636874
2016-05-13,1,1.2603574795263918e-17,1.0
2016-05-14,1,1.7689319667286462e-45,1.0
2016-05-15,1,0.037683391375127585,0.9623166086248726
2016-05-16,0,1.0,1.2831064129950919e-174
2016-05-17,1,2.300300898682647e-13,0.9999999999997691
2016-05-18,0,1.0,4.6568868040818077e-32
2016-05-19,0,1.0,5.697766550653103e-25
2016-05-20,0,1.0,8.916595082775843e-62
2016-05-21,1,0.0019122114137681088,0.9980877885862319
2016-05-22,1,8.759062364788878e-23,1.0
2016-05-23,1,1.3760120779323713e-10,0.9999999998623998
2016-05-24,1,8.111452554591332e-13,0.99999999999919
2016-05-25,1,4.227434472643474e-08,0.9999999577256569
2016-05-26,1,4.553275915219544e-08,0.9999999544672412
2016-05-27,0,0.9991679236678959,0.0008320763321045979
2016-05-28,0,1.0,4.069716570872633e-19
2016-05-29,1,7.815594329418355e-10,0.9999999992184421
2016-05-30,1,0.00047102706616631256,0.9995289729338354
2016-05-31,1,0.01999581433764408,0.9800041856623563
2016-06-01,1,0.001429293760463483,0.9985707062395357
2016-06-02,0,0.9999999999821299,1.787084185319238e-11
2016-06-03,1,6.882235738761903e-23,1.0
2016-06-04,0,1.0,1.8009880946871798e-241
2016-06-05,1,1.7856476347904707e-05,0.9999821435236534
2016-06-06,1,4.0250628198931855e-36,1.0
2016-06-07,0,0.9995885385506984,0.0004114614493009186
2016-06-08,0,0.9999999999074554,9.25443145390564e-11
2016-06-09,0,1.0,3.341505472834411e-75
2016-06-10,0,1.0,5.936122411131374e-67
2016-06-11,0,0.9999999999997229,2.7709626390679276e-13
2016-06-12,0,1.0,6.842774763872156e-68
2016-06-13,0,1.0,1.6192688285891647e-245
2016-06-14,0,1.0,2.351299220995343e-41
2016-06-15,0,1.0,0.0
2016-06-16,0,1.0,1.7458799954847892e-32
2016-06-17,0,1.0,1.0889842970296189e-275
2016-06-18,0,1.0,7.834694677074701e-50
2016-06-19,0,1.0,3.667945477900344e-38
2016-06-20,0,0.9999999825818994,1.7418100505485198e-08
2016-06-21,0,1.0,3.3402200934643457e-41
2016-06-22,0,1.0,7.976032713849987e-158
2016-06-23,0,1.0,2.36869048818903e-232
2016-06-24,0,1.0,0.0
2016-06-25,1,0.10150045933032269,0.8984995406696774
2016-06-26,0,1.0,1.1384784141448885e-32
2016-06-27,0,0.9946963028636314,0.005303697136369529
2016-06-28,1,6.339281616331005e-11,0.9999999999366089
2016-06-29,0,0.9999999999598135,4.018707915123952e-11
2016-06-30,1,1.7131721356659262e-35,1.0
2016-07-01,0,0.9999999999992149,7.846688447360654e-13
2016-07-02,0,0.9999186072788213,8.139272117829487e-05
2016-07-03,0,1.0,1.3330798861179156e-36
2016-07-04,1,6.46996231109118e-12,0.9999999999935305
2016-07-05,1,7.384796672190481e-06,0.9999926152033278
2016-07-06,0,1.0,1.1482307700989838e-23
2016-07-07,0,1.0,1.6786138438312178e-225
2016-07-08,0,1.0,7.232773596281978e-98
2016-07-09,0,0.9999999999991136,8.87367723088424e-13
2016-07-10,0,1.0,6.53615298344419e-67
2016-07-11,0,1.0,1.4832700034326542e-119
2016-07-12,1,5.747023007803402e-09,0.9999999942529776
2016-07-13,0,1.0,7.049099464651683e-86
2016-07-14,0,1.0,1.328228224933447e-55
2016-07-15,1,4.442570265629043e-25,1.0
2016-07-16,0,1.0,1.1270522718866974e-40
2016-07-17,0,0.9940333582731385,0.005966641726861601
2016-07-18,0,0.9999896690136719,1.0330986327503207e-05
2016-07-19,0,1.0,6.81427271936351e-85
2016-07-20,0,0.976223929745262,0.02377607025473775
2016-07-21,0,0.9999999999999929,6.508284596232438e-15
2016-07-22,0,0.9983277954877025,0.0016722045122967897
2016-07-23,1,0.0003990314120098181,0.999600968587991
2016-07-24,1,7.477705140560639e-07,0.9999992522294849
2016-07-25,1,5.792099350969669e-07,0.9999994207900657
2016-07-26,1,2.831638678870377e-10,0.9999999997168345
2016-07-27,0,0.8252102003145364,0.1747897996854638
2016-07-28,0,1.0,2.6301923731972336e-49
2016-07-29,1,5.042981317550554e-14,0.9999999999999503
2016-07-30,0,0.9999999994825473,5.174536975939543e-10
2016-07-31,1,1.5311852504866479e-06,0.9999984688147484
2016-08-01,1,1.9489802679161543e-13,0.9999999999998046
2016-08-02,0,1.0,7.707265420137487e-59
2016-08-03,0,1.0,1.5338309337158318e-35
2016-08-04,1,7.731545267204198e-13,0.9999999999992255
2016-08-05,0,0.815741610337785,0.1842583896622152
2016-08-06,1,0.005287314358845537,0.9947126856411547
2016-08-07,0,1.0,3.4049266305111427e-41
2016-08-08,0,1.0,9.28023637627665e-99
2016-08-09,0,1.0,2.8911835190767714e-129
2016-08-10,0,1.0,8.798782437660165e-41
2016-08-11,0,0.9999980855965208,1.9144034789944607e-06
2016-08-12,0,1.0,2.505969611157289e-49
2016-08-13,0,0.9999957931832906,4.206816710359216e-06
2016-08-14,0,1.0,3.5049531427955885e-47
2016-08-15,1,0.00032485941560710867,0.9996751405843933
2016-08-16,1,1.9964860462166237e-07,0.9999998003513952
2016-08-17,1,7.430493694978342e-06,0.9999925695063058
2016-08-18,1,0.007899026434245428,0.992100973565754
2016-08-19,0,1.0,2.529588848110471e-226
2016-08-20,0,1.0,9.804271684458808e-18
2016-08-21,0,1.0,1.6092861592985393e-35
2016-08-22,0,1.0,2.4988194830823923e-70
2016-08-23,0,1.0,1.5441534542910133e-60
2016-08-24,1,0.00012728114328609762,0.9998727188567134
2016-08-25,1,7.384612821510407e-05,0.9999261538717853
2016-08-26,0,0.9999978280735459,2.171926454388204e-06
2016-08-27,0,1.0,0.0
2016-08-28,0,0.9999999999945342,5.4661399757674034e-12
2016-08-29,0,1.0,0.0
2016-08-30,0,1.0,3.075256200707978e-159
2016-08-31,0,1.0,1.8660086172286939e-84
2016-09-01,1,4.0190084998505174e-08,0.9999999598099166
2016-09-02,0,1.0,7.10359333649387e-24
2016-09-03,0,1.0,2.3429127267591853e-27
2016-09-04,0,1.0,3.081526854927179e-73
2016-09-05,0,0.9999999999956728,4.3273897541883976e-12
2016-09-06,0,1.0,3.3543806656521066e-249
2016-09-07,0,0.9999999999999201,7.975667216785632e-14
2016-09-08,1,3.2295394500715736e-07,0.9999996770460544
2016-09-09,1,2.536835583391692e-10,0.9999999997463149
2016-09-10,1,4.996567767416828e-07,0.999999500343224
2016-09-11,0,1.0,1.4743499112383685e-54
2016-09-12,0,0.9896998009434866,0.010300199056513543
2016-09-13,0,0.999999993854118,6.145882274878888e-09
2016-09-14,0,1.0,8.572392142641114e-41
2016-09-15,0,1.0,5.5801176826863145e-71
2016-09-16,0,1.0,1.7302710730363398e-211
2016-09-17,0,1.0,2.968838523496701e-193
2016-09-18,0,1.0,2.1836142953774154e-156
2016-09-19,0,1.0,4.280346120068897e-242
2016-09-20,0,1.0,4.338452634646282e-179
2016-09-21,0,1.0,2.543704198802026e-95
2016-09-22,0,1.0,2.8541557937394987e-30
2016-09-23,0,1.0,8.550373044407918e-31
2016-09-24,0,0.999999999764432,2.3556882520249783e-10
2016-09-25,0,0.9999999726657712,2.7334228970761626e-08
2016-09-26,0,1.0,9.462706493816543e-233
2016-09-27,0,1.0,0.0
2016-09-28,0,1.0,0.0
2016-09-29,0,1.0,0.0
2016-09-30,0,1.0,0.0
2016-10-01,0,1.0,4.088579247742022e-27
2016-10-02,0,1.0,9.812754038089106e-21
2016-10-03,0,1.0,0.0
2016-10-04,0,1.0,1.2634909416815153e-59
2016-10-05,0,1.0,0.0
2016-10-06,0,1.0,0.0
2016-10-07,0,0.9999999999991651,8.347016698536125e-13
2016-10-08,0,1.0,5.990882161833907e-18
2016-10-09,0,0.9999999217512001,7.82487996691887e-08
2016-10-10,0,1.0,1.45772790047812e-82
2016-10-11,0,1.0,8.390456701106103e-63
2016-10-12,0,0.9999999999999996,6.998454915002255e-16
2016-10-13,0,1.0,4.0524604912356304e-101
2016-10-14,0,1.0,2.3307576683079655e-56
2016-10-15,0,1.0,1.069567898229887e-33
2016-10-16,1,0.016766083476606367,0.983233916523395
2016-10-17,0,0.9751403817130405,0.02485961828695912
2016-10-18,0,0.9999998891547265,1.1084527376807232e-07
2016-10-19,0,1.0,1.1399828940374268e-196
2016-10-20,0,0.9999999999999911,9.807780710839935e-15
2016-10-21,1,1.9569570944084485e-11,0.9999999999804317
2016-10-22,1,1.5563427274582388e-08,0.999999984436574
2016-10-23,1,2.6745359714819946e-10,0.9999999997325482
2016-10-24,1,6.39851417346994e-09,0.9999999936014845
2016-10-25,1,0.494307579325646,0.5056924206743548
2016-10-26,0,1.0,1.2313679407192922e-49
2016-10-27,0,1.0,2.836592531313106e-23
2016-10-28,0,1.0,1.244232574077741e-38
2016-10-29,0,1.0,1.1247935312791026e-22
2016-10-30,0,1.0,2.2809006438616827e-26
2016-10-31,0,1.0,1.5821775652135766e-26
2016-11-01,0,1.0,3.895163799563366e-115
2016-11-02,0,1.0,4.474999184020157e-46
2016-11-03,1,0.025936511891655297,0.9740634881083438
2016-11-04,0,1.0,5.417496462656504e-127
2016-11-05,0,1.0,8.553946774977408e-41
2016-11-06,1,1.2156231592467109e-22,1.0
2016-11-07,1,3.760066263984002e-09,0.9999999962399322
2016-11-08,1,1.4420606038261248e-06,0.9999985579393945
2016-11-09,1,1.7210594471313213e-07,0.9999998278940551
2016-11-10,1,3.379393103138681e-20,1.0
2016-11-11,0,0.9999977868060994,2.213193899995031e-06
2016-11-12,0,0.6807991500948924,0.31920084990510766
2016-11-13,1,5.74097380463205e-16,1.0
2016-11-14,1,9.238396423229448e-07,0.9999990761603574
2016-11-15,0,0.9999957901382707,4.209861729994162e-06
2016-11-16,0,1.0,9.89121912879523e-41
2016-11-17,0,1.0,8.88413900613259e-51
2016-11-18,1,2.3651597070055186e-08,0.9999999763484023
2016-11-19,1,5.0227510259812994e-17,1.0
2016-11-20,0,0.9999716557158248,2.8344284175673683e-05
2016-11-21,0,1.0,1.7277631120039426e-29
2016-11-22,0,1.0,4.72670583256403e-74
2016-11-23,0,1.0,4.284276566168473e-50
2016-11-24,0,1.0,9.520371075858574e-21
2016-11-25,1,6.781667645160897e-13,0.9999999999993214
2016-11-26,1,1.7275285577099723e-06,0.9999982724714407
2016-11-27,1,1.3416429665984182e-35,1.0
2016-11-28,1,0.004879634016751297,0.9951203659832487
2016-11-29,0,0.9999999123051481,8.76948514433134e-08
2016-11-30,1,3.921217671336368e-08,0.9999999607878224
2016-12-01,1,0.0033750723223568663,0.996624927677644
2016-12-02,0,1.0,5.213313861614555e-154
2016-12-03,0,1.0,3.8353881848136036e-23
2016-12-04,0,1.0,1.0506964383772901e-49
2016-12-05,0,1.0,8.82490430091092e-64
2016-12-06,0,1.0,2.563180138240595e-19
2016-12-07,1,5.5962193138414736e-65,1.0
2016-12-08,1,5.4067230078257094e-65,1.0
2016-12-09,0,1.0,1.886629930250357e-46
2016-12-10,0,1.0,4.908089640350392e-105
2016-12-11,1,5.333068955989527e-65,1.0
2016-12-12,0,1.0,9.135223899002187e-100
2016-12-13,0,1.0,3.2648164501326467e-273
2016-12-14,0,1.0,1.2877229032751493e-27
2016-12-15,0,0.9992686161779357,0.000731383822064993
2016-12-16,1,0.0001390278670453528,0.9998609721329557
2016-12-17,1,1.1935551944696797e-08,0.9999999880644488
2016-12-18,1,5.9472516577809534e-06,0.9999940527483413
2016-12-19,1,3.2320333107378356e-14,0.999999999999968
2016-12-20,1,7.028212876850584e-24,1.0
2016-12-21,1,3.406106178561763e-20,1.0
2016-12-22,1,2.1246408073931608e-10,0.9999999997875371
2016-12-23,1,1.2429647690473071e-12,0.9999999999987566
2016-12-24,1,2.822504514719951e-33,1.0
2016-12-25,1,9.63541514550907e-12,0.999999999990365
2016-12-26,1,2.44356440552553e-12,0.9999999999975557
2016-12-27,0,0.6834053200814811,0.316594679918519
2016-12-28,1,2.15938326281287e-07,0.9999997840616734
2016-12-29,1,5.827124074428831e-09,0.9999999941728746
2016-12-30,1,0.02741163672494207,0.9725883632750576
2016-12-31,1,4.246924737706555e-25,1.0
2017-01-01,1,0.05514086456279349,0.9448591354372065
2017-01-02,0,0.998731976384472,0.001268023615527906
2017-01-03,1,1.9046407668746813e-05,0.9999809535923325
2017-01-04,0,1.0,8.026911229681623e-122
2017-01-05,0,1.0,7.78605401087555e-134
2017-01-06,0,1.0,1.1533952874355773e-38
2017-01-07,0,1.0,6.639852128307556e-51
2017-01-08,1,7.465138584166946e-07,0.9999992534861428
2017-01-09,1,0.002976858073219736,0.9970231419267811
2017-01-10,0,1.0,4.105511784386913e-89
2017-01-11,0,1.0,9.246953645013312e-22
2017-01-12,0,1.0,1.7039848090034079e-22
2017-01-13,0,1.0,0.0
2017-01-14,0,0.9480885386261723,0.05191146137382706
2017-01-15,0,1.0,1.7756471008331732e-45
2017-01-16,0,1.0,1.664964590193444e-85
2017-01-17,0,1.0,5.3886874656040393e-129
2017-01-18,0,1.0,4.215660029414583e-149
2017-01-19,0,0.9999999999999432,5.6580086832846704e-14
2017-01-20,0,1.0,0.0
2017-01-21,0,1.0,1.2330394243941039e-277
2017-01-22,0,1.0,8.585506183425937e-75
2017-01-23,0,1.0,0.0
2017-01-24,0,1.0,2.3053498824676896e-225
2017-01-25,0,1.0,0.0
2017-01-26,0,1.0,7.986417887728243e-132
2017-01-27,0,1.0,9.009944240284093e-197
2017-01-28,0,1.0,2.910979963136696e-23
2017-01-29,0,0.9999999999941966,5.8026731783120705e-12
2017-01-30,0,0.9999997294618137,2.705381856793701e-07
2017-01-31,0,0.9999999999994529,5.478399994413667e-13
2017-02-01,0,1.0,2.343160477929191e-48
2017-02-02,0,1.0,4.5690081307353914e-69
2017-02-03,0,1.0,9.936048868637375e-20
2017-02-04,0,1.0,9.355756647218767e-102
2017-02-05,1,0.002753795938246989,0.9972462040617522
2017-02-06,0,1.0,2.35517619522765e-53
2017-02-07,0,1.0,1.098838679151193e-78
2017-02-08,0,0.9379746299405551,0.0620253700594453
2017-02-09,1,0.12777738901066166,0.8722226109893396
2017-02-10,0,1.0,8.922371449010649e-29
2017-02-11,1,0.0020012403175412143,0.9979987596824579
2017-02-12,1,5.88473850412248e-12,0.9999999999941167
2017-02-13,0,0.9999999999999947,5.740056368070701e-15
2017-02-14,0,0.9574275330601272,0.042572466939871996
2017-02-15,1,0.009053847107249512,0.9909461528927496
2017-02-16,1,8.971918704448949e-05,0.9999102808129541
2017-02-17,1,2.788327945892642e-06,0.9999972116720536
2017-02-18,0,1.0,3.494733213131916e-57
2017-02-19,0,1.0,7.55497575362134e-24
2017-02-20,0,0.9999999999988773,1.122403528980987e-12
2017-02-21,1,0.0019611501437829305,0.9980388498562184
2017-02-22,0,0.9948752385033296,0.005124761496670739
2017-02-23,1,9.879299290301665e-06,0.999990120700709
2017-02-24,0,0.6277672095834799,0.3722327904165206
2017-02-25,1,0.4167570492284629,0.5832429507715374
2017-02-26,1,2.3742951797370808e-05,0.9999762570482029
2017-02-27,1,1.135051537122123e-10,0.9999999998864944
2017-02-28,1,7.530037972569817e-05,0.9999246996202741
2017-03-01,1,3.9046262581705304e-18,1.0
2017-03-02,1,2.2243651834690915e-08,0.9999999777563497
2017-03-03,1,7.087804824117643e-30,1.0
2017-03-04,1,5.821930322108237e-16,1.0
2017-03-05,1,7.682961658432129e-08,0.9999999231703848
2017-03-06,1,2.1234613985037534e-06,0.9999978765386025
2017-03-07,1,6.486107000219602e-07,0.9999993513892996
2017-03-08,1,9.36956952277907e-05,0.9999063043047732
2017-03-09,0,1.0,9.835280681722164e-148
2017-03-10,0,1.0,1.8677427158012471e-69
2017-03-11,0,1.0,3.200535093457464e-59
2017-03-12,0,1.0,4.2209836316165684e-98
2017-03-13,1,3.185187912411542e-09,0.999999996814811
2017-03-14,0,1.0,4.3107367936267454e-34
2017-03-15,0,1.0,5.443474975743101e-134
2017-03-16,0,1.0,3.3767244247212386e-123
2017-03-17,0,1.0,2.031030581456987e-23
2017-03-18,0,0.9999999999999929,8.007449106916517e-15
2017-03-19,0,1.0,8.050890483715451e-40
2017-03-20,0,1.0,5.695124914073705e-62
2017-03-21,0,1.0,3.8324526032329183e-118
2017-03-22,0,1.0,2.4242e-319
2017-03-23,1,0.048424644854648626,0.9515753551453517
2017-03-24,0,1.0,2.9721585017456483e-21
2017-03-25,0,1.0,3.573622807434597e-21
2017-03-26,1,6.902229515771194e-05,0.9999309777048428
2017-03-27,0,1.0,3.421896537190541e-125
2017-03-28,0,1.0,0.0
2017-03-29,0,1.0,1.2707871023935544e-114
2017-03-30,0,1.0,9.125462093743447e-93
2017-03-31,0,1.0,1.7347652170273668e-84
2017-04-01,0,0.9999976203622045,2.3796377954033923e-06
2017-04-02,0,1.0,4.590841882929674e-91
2017-04-03,0,1.0,1.862879078508301e-294
2017-04-04,0,1.0,6.876032966457129e-246
2017-04-05,0,1.0,5.135223728888177e-41
2017-04-06,0,1.0,4.670001678357528e-67
2017-04-07,0,1.0,1.4961277155362557e-36
2017-04-08,0,1.0,6.694095951232898e-86
2017-04-09,0,0.9999999999991331,8.670007564206951e-13
2017-04-10,1,0.008220207221846075,0.991779792778154
2017-04-11,0,1.0,5.5448772502999296e-27
2017-04-12,0,1.0,1.568262490082233e-35
2017-04-13,1,1.2119357943165023e-08,0.999999987880642
2017-04-14,0,1.0,1.6794741285385345e-29
2017-04-15,1,2.191409321869051e-09,0.9999999978085903
2017-04-16,0,0.9999999993376676,6.623322816804792e-10
2017-04-17,0,1.0,2.0286101507908997e-174
2017-04-18,0,1.0,3.5844041657628115e-72
2017-04-19,0,1.0,6.061398943450325e-45
2017-04-20,1,9.678247265261504e-51,1.0
2017-04-21,0,1.0,2.39860160240303e-42
2017-04-22,0,1.0,8.785688172190701e-93
2017-04-23,1,1.2889910322012227e-29,1.0
2017-04-24,0,1.0,3.401446432931594e-29
2017-04-25,0,1.0,1.7542620370182294e-67
2017-04-26,0,1.0,6.690548027364329e-19
2017-04-27,0,1.0,3.953209719145006e-100
2017-04-28,0,1.0,4.105122205762617e-68
2017-04-29,0,1.0,8.004174586505724e-23
2017-04-30,0,0.9975215901718631,0.0024784098281376635
2017-05-01,1,1.2121041779124165e-12,0.9999999999987885
2017-05-02,0,0.9999320378859841,6.796211401670672e-05
2017-05-03,0,1.0,1.4790075461637837e-96
2017-05-04,0,0.9999999999917968,8.202520973943936e-12
2017-05-05,0,1.0,5.237604913492622e-63
2017-05-06,1,5.799533164747192e-05,0.9999420046683518
2017-05-07,0,1.0,2.676002001633979e-32
2017-05-08,0,1.0,3.298760857271602e-32
2017-05-09,0,1.0,3.495226918823588e-74
2017-05-10,1,6.228738889944267e-30,1.0
2017-05-11,1,2.971030588756321e-14,0.9999999999999716
2017-05-12,0,0.9999999999420695,5.7930153383477984e-11
2017-05-13,1,1.0251849820542723e-16,1.0
2017-05-14,1,5.8023390521035006e-65,1.0
2017-05-15,1,5.216902417721271e-22,1.0
2017-05-16,1,6.483546279808815e-08,0.9999999351645371
2017-05-17,1,1.7456974825134393e-30,1.0
2017-05-18,1,4.156782952422415e-31,1.0
2017-05-19,1,8.90781097873609e-31,1.0
2017-05-20,1,3.0653140444183254e-40,1.0
2017-05-21,1,1.5386943795067312e-50,1.0
2017-05-22,1,4.17921308147678e-27,1.0
2017-05-23,1,1.7624559296966934e-50,1.0
2017-05-24,1,5.478981881471491e-65,1.0
2017-05-25,1,2.0164138982730747e-23,1.0
2017-05-26,1,6.273047030700542e-18,1.0
2017-05-27,1,3.3321203766451136e-11,0.9999999999666791
2017-05-28,1,6.068962661796789e-65,1.0
2017-05-29,1,3.07388335443393e-59,1.0
2017-05-30,1,6.917431950426288e-48,1.0
2017-05-31,0,1.0,0.0
2017-06-01,1,2.3062650919353e-07,0.9999997693734901
2017-06-02,0,0.9995860053558177,0.0004139946441822624
2017-06-03,1,8.289374417500322e-13,0.9999999999991722
2017-06-04,1,8.516527894050195e-28,1.0
2017-06-05,0,0.9999957137321603,4.286267840070398e-06
2017-06-06,0,1.0,4.347038979354122e-126
2017-06-07,1,8.291198890974612e-20,1.0
2017-06-08,1,5.494840150584092e-20,1.0
2017-06-09,1,8.501586241595372e-58,1.0
2017-06-10,1,2.4941630484666778e-62,1.0
2017-06-11,1,6.259190696944426e-65,1.0
2017-06-12,1,6.452978358112884e-65,1.0
2017-06-13,1,1.1353278169306481e-18,1.0
2017-06-14,0,1.0,0.0
2017-06-15,1,6.28893095052637e-65,1.0
2017-06-16,1,6.2168057597204405e-65,1.0
2017-06-17,1,5.871056537391251e-65,1.0
2017-06-18,1,5.936191177850364e-65,1.0
2017-06-19,1,6.263313504939839e-65,1.0
2017-06-20,1,6.170041727141068e-65,1.0
2017-06-21,1,6.26440977305689e-65,1.0
2017-06-22,1,6.345725136608602e-65,1.0
2017-06-23,1,6.118691414262883e-65,1.0
2017-06-24,1,5.971857642367702e-65,1.0
2017-06-25,1,5.983914320306716e-65,1.0
2017-06-26,1,6.274814592037089e-65,1.0
2017-06-27,1,3.5425697803581593e-19,1.0
2017-06-28,1,8.234811627556464e-23,1.0
2017-06-29,1,6.1728291826632744e-65,1.0
2017-06-30,1,6.164105188089244e-65,1.0
2017-07-01,1,5.954231647614083e-65,1.0
2017-07-02,1,5.629912534078863e-65,1.0
2017-07-03,1,5.5488884225008086e-65,1.0
2017-07-04,1,1.5019847287127793e-33,1.0
2017-07-05,1,6.016441153053571e-65,1.0
2017-07-06,1,6.101025358298428e-65,1.0
2017-07-07,1,6.267863108205849e-65,1.0
2017-07-08,1,9.550018483438884e-37,1.0
2017-07-09,1,4.906779939084148e-17,1.0
2017-07-10,1,0.00019468241451513966,0.9998053175854856
2017-07-11,0,0.9999999999910987,8.902075768845398e-12
2017-07-12,1,2.0196547683950361e-38,1.0
2017-07-13,0,0.9867223448122974,0.013277655187702726
2017-07-14,1,0.0018530124254054526,0.9981469875745937
2017-07-15,1,1.720810163779409e-46,1.0
2017-07-16,1,1.1427540752505985e-52,1.0
2017-07-17,1,8.713142230122104e-07,0.9999991286857787
2017-07-18,0,1.0,1.7195632447896008e-183
2017-07-19,0,1.0,8.884255008805494e-199
2017-07-20,1,2.7897345285603316e-08,0.9999999721026538
2017-07-21,0,1.0,7.676522816399672e-31
2017-07-22,1,3.5939565372419055e-20,1.0
2017-07-23,1,4.5263793167079504e-24,1.0
2017-07-24,0,0.7426279684360888,0.25737203156391125
2017-07-25,0,1.0,5.072691455669898e-56
2017-07-26,1,3.2673645785937255e-05,0.9999673263542128
2017-07-27,0,1.0,3.539610354183376e-114
2017-07-28,0,1.0,1.7041172776008478e-268
2017-07-29,0,1.0,2.5048883107349056e-103
2017-07-30,0,0.9999998978389452,1.0216105500780756e-07
2017-07-31,1,0.4550367190688172,0.5449632809311824
2017-08-01,0,1.0,2.0278439410790197e-302
2017-08-02,0,1.0,9.618292626508896e-34
2017-08-03,0,1.0,3.194004449399588e-79
2017-08-04,1,0.14091729466599467,0.8590827053340052
2017-08-05,1,3.893250726238243e-35,1.0
2017-08-06,1,5.507487146113774e-65,1.0
2017-08-07,1,1.415742852316498e-34,1.0
2017-08-08,1,1.895428140179753e-05,0.9999810457185975
2017-08-09,1,7.576982730722679e-14,0.9999999999999254
2017-08-10,1,1.7092512861504824e-12,0.9999999999982911
2017-08-11,1,1.2487958048633878e-18,1.0
2017-08-12,1,3.71303671741471e-21,1.0
2017-08-13,1,1.2620064968020296e-22,1.0
2017-08-14,0,1.0,1.046481718504452e-105
2017-08-15,0,1.0,8.472087239206897e-272
2017-08-16,1,2.0813769847418243e-09,0.9999999979186214
2017-08-17,1,0.0013502449341976973,0.9986497550658016
2017-08-18,0,1.0,1.675756772015063e-72
2017-08-19,0,1.0,1.1823832642605522e-33
2017-08-20,0,1.0,3.96311534344519e-28
2017-08-21,1,0.0056848141186942825,0.9943151858813045
2017-08-22,1,1.2315212435332724e-07,0.9999998768478755
2017-08-23,1,0.000996262441469626,0.9990037375585297
2017-08-24,1,1.392325779218217e-07,0.9999998607674233
2017-08-25,1,4.418087743678645e-27,1.0
2017-08-26,1,8.706971239082577e-17,1.0
2017-08-27,1,1.876305253606271e-12,0.9999999999981242
2017-08-28,1,2.779353472931863e-13,0.9999999999997229
2017-08-29,1,2.863512781621739e-07,0.9999997136487214
2017-08-30,1,2.316886994537795e-14,0.9999999999999787
2017-08-31,1,6.331299727370305e-18,1.0
2017-09-01,1,1.1483416851465991e-07,0.9999998851658306
2017-09-02,1,6.7335831893823084e-09,0.9999999932664174
2017-09-03,1,1.8174576321071017e-14,0.9999999999999822
2017-09-04,1,0.00026887754780155476,0.9997311224521983
2017-09-05,1,0.17339191295654552,0.8266080870434547
2017-09-06,1,1.004761437832574e-10,0.9999999998995257
2017-09-07,1,1.1023333036564344e-16,1.0
2017-09-08,1,9.272404448525443e-08,0.9999999072759572
2017-09-09,1,1.0406009614717497e-08,0.9999999895939897
2017-09-10,1,1.6700671543106625e-18,1.0
2017-09-11,1,2.060603898028644e-17,1.0
2017-09-12,1,0.002249106598702748,0.9977508934012976
2017-09-13,0,0.6095557098971174,0.3904442901028828
2017-09-14,1,5.808942458559455e-08,0.9999999419105751
2017-09-15,0,1.0,3.393241650110561e-111
2017-09-16,1,0.22216216947973635,0.7778378305202639
2017-09-17,1,1.0736839673344312e-19,1.0
2017-09-18,0,1.0,1.8816458021679485e-28
2017-09-19,0,1.0,1.833380152353927e-79
2017-09-20,0,1.0,4.889919740406811e-57
2017-09-21,1,0.1361481864664801,0.8638518135335205
2017-09-22,1,1.7730138351540654e-14,0.9999999999999822
2017-09-23,1,2.020863069818566e-23,1.0
2017-09-24,1,1.942383055316821e-62,1.0
2017-09-25,0,1.0,4.102947688568142e-23
2017-09-26,0,0.8479966149869503,0.15200338501305014
2017-09-27,1,4.54552122705352e-16,1.0
2017-09-28,0,1.0,1.5980452410340453e-148
2017-09-29,0,1.0,1.0877770026032615e-40
2017-09-30,1,8.072638134249126e-07,0.9999991927361859
2017-10-01,1,9.60861619828589e-11,0.9999999999039133
2017-10-02,1,4.175947384318778e-07,0.9999995824052609
2017-10-03,0,1.0,8.469157035159615e-79
2017-10-04,1,1.6791829378494887e-20,1.0
2017-10-05,1,7.465810231482644e-10,0.9999999992534185
2017-10-06,0,1.0,5.897522392088405e-156
2017-10-07,1,5.9981081765716915e-09,0.9999999940018931
2017-10-08,1,0.014993233987018344,0.9850067660129809
2017-10-09,1,2.394958168026452e-14,0.9999999999999751
2017-10-10,0,1.0,8.243246768414851e-42
2017-10-11,1,1.2548053552105403e-15,1.0
2017-10-12,1,1.0044289587153397e-19,1.0
2017-10-13,0,0.9999914170105177,8.582989481923902e-06
2017-10-14,1,3.2506416539981016e-27,1.0
2017-10-15,1,2.00499799164181e-40,1.0
2017-10-16,1,9.192329599476653e-32,1.0
2017-10-17,0,0.9999999960182677,3.981732437627934e-09
2017-10-18,0,0.9999985477480184,1.4522519817262997e-06
2017-10-19,0,1.0,5.395434501295847e-18
2017-10-20,1,0.0008961627379557662,0.9991038372620431
2017-10-21,1,0.000903543527569088,0.9990964564724297
2017-10-22,0,0.9931104607020069,0.006889539297992526
2017-10-23,1,7.928050595412348e-12,0.9999999999920703
2017-10-24,1,1.0709384197735613e-08,0.9999999892906146
2017-10-25,0,0.9999999999988596,1.1404645621862315e-12
2017-10-26,1,1.5326717454347535e-15,1.0
2017-10-27,1,3.8001770159838564e-11,0.9999999999619966
2017-10-28,0,0.9997564091928667,0.00024359080713274797
2017-10-29,0,0.9611683419896428,0.03883165801035752
2017-10-30,0,1.0,5.331240228496388e-124
2017-10-31,0,1.0,0.0
2017-11-01,0,1.0,1.1285284528783255e-44
2017-11-02,0,0.9999996809460392,3.190539609867427e-07
2017-11-03,1,2.042892412532857e-05,0.9999795710758737
2017-11-04,1,0.00011619966438304686,0.9998838003356161
2017-11-05,1,5.4824107080704855e-08,0.9999999451758919
2017-11-06,1,4.686383063111857e-17,1.0
2017-11-07,1,2.695507036081676e-14,0.9999999999999716
2017-11-08,1,6.0621043910691246e-05,0.9999393789560896
2017-11-09,1,1.2155816263801978e-08,0.9999999878441841
2017-11-10,0,0.9999999999999964,4.143205749499165e-15
2017-11-11,0,0.9999999972820923,2.7179072573071296e-09
2017-11-12,1,3.3137343959167566e-10,0.9999999996686277
2017-11-13,1,7.324557330344242e-13,0.9999999999992681
2017-11-14,0,0.9999999999999805,1.9518720158078343e-14
2017-11-15,1,3.457478217592273e-12,0.9999999999965432
2017-11-16,1,4.79594985829274e-10,0.999999999520405
2017-11-17,1,6.8344740025284915e-18,1.0
2017-11-18,1,6.148076624401799e-12,0.9999999999938538
2017-11-19,1,6.028439308637666e-13,0.999999999999396
2017-11-20,0,1.0,4.812677194683037e-254
2017-11-21,0,1.0,4.9627271574644197e-203
2017-11-22,0,1.0,3.427770562408417e-197
2017-11-23,0,1.0,3.143699813363974e-49
2017-11-24,0,1.0,2.731324168123155e-22
2017-11-25,0,1.0,2.8926159717187887e-28
2017-11-26,0,1.0,4.057964722385019e-17
2017-11-27,1,3.792754788564398e-06,0.9999962072452124
2017-11-28,0,1.0,8.083937929152294e-54
2017-11-29,0,1.0,1.6056644073489872e-28
2017-11-30,0,1.0,2.8925509059083807e-77
2017-12-01,1,0.0006410710542341934,0.999358928945767
2017-12-02,1,0.0005157514331099633,0.9994842485668907
2017-12-03,1,2.5048782924220103e-19,1.0
2017-12-04,1,1.562117397819882e-11,0.9999999999843787
2017-12-05,1,8.603989608079911e-14,0.9999999999999147
2017-12-06,1,1.6461397184049566e-11,0.9999999999835403
2017-12-07,1,9.086171043396197e-06,0.9999909138289566
2017-12-08,1,2.107672474443417e-59,1.0
2017-12-09,1,5.9956535002954945e-09,0.999999994004348
2017-12-10,1,0.18635344461570952,0.8136465553842911
2017-12-11,0,1.0,1.1124740715140991e-38
2017-12-12,0,0.999999999676767,3.2323382766738296e-10
2017-12-13,1,0.00015269331508843069,0.9998473066849114
2017-12-14,1,0.006568565625417472,0.9934314343745831
2017-12-15,1,7.274644199385854e-16,1.0
2017-12-16,1,9.981252727605395e-05,0.9999001874727229
2017-12-17,1,1.5161794107651885e-05,0.9999848382058938
2017-12-18,0,0.9999999942623568,5.737642453694312e-09
2017-12-19,0,1.0,9.191325484343115e-21
2017-12-20,1,3.301434513385418e-05,0.999966985654866
2017-12-21,1,3.962828731960753e-26,1.0
2017-12-22,1,6.405513317496881e-18,1.0
2017-12-23,1,7.214837304179279e-30,1.0
2017-12-24,1,1.5920503206568302e-49,1.0
2017-12-25,1,2.2178648638536042e-20,1.0
2017-12-26,1,1.0737903136815223e-13,0.9999999999998934
2017-12-27,1,3.4099111513406237e-12,0.9999999999965894
2017-12-28,1,2.184789541046339e-10,0.9999999997815223
2017-12-29,0,0.9999999866903995,1.3309600958325946e-08
2017-12-30,1,3.366766224180484e-07,0.999999663323379
2017-12-31,1,8.922602956748735e-08,0.9999999107739694
2018-01-01,0,0.8582783170123327,0.14172168298766652
2018-01-02,0,0.9999999999998703,1.303602391517603e-13
2018-01-03,0,1.0,5.3096053688018275e-18
2018-01-04,1,1.9948737430387475e-09,0.9999999980051264
2018-01-05,1,3.158868613676985e-13,0.9999999999996838
2018-01-06,1,1.876001066391426e-20,1.0
2018-01-07,1,1.4977665991849255e-20,1.0
2018-01-08,1,2.8656226211366163e-11,0.9999999999713438
2018-01-09,1,3.2313492675367515e-09,0.9999999967686506
2018-01-10,1,1.0852060508478994e-31,1.0
2018-01-11,1,1.4660893370071916e-25,1.0
2018-01-12,1,8.907515175032131e-14,0.9999999999999112
2018-01-13,1,1.2761284574697212e-22,1.0
2018-01-14,1,4.1203819154185816e-57,1.0
2018-01-15,0,1.0,1.1838537958690696e-193
2018-01-16,1,1.9397513572983584e-20,1.0
2018-01-17,1,5.6752406187974e-06,0.999994324759381
2018-01-18,1,2.0108590916799985e-12,0.9999999999979892
2018-01-19,1,3.26027907513591e-08,0.999999967397209
2018-01-20,0,1.0,3.0707773610469647e-16
2018-01-21,0,0.9999999996805506,3.1944874577312013e-10
2018-01-22,1,2.5572305861456016e-09,0.9999999974427709
2018-01-23,1,2.7598371814965555e-09,0.9999999972401632
2018-01-24,1,2.728140428655115e-09,0.9999999972718605
2018-01-25,1,0.10730981434743478,0.892690185652565
2018-01-26,0,0.9934992860913437,0.006500713908655902
2018-01-27,1,3.2412528637355357e-28,1.0
2018-01-28,1,5.981985596074822e-24,1.0
2018-01-29,1,2.6829637402158307e-25,1.0
2018-01-30,0,0.9999999999999982,1.995325990149734e-15
2018-01-31,1,7.929336175594449e-19,1.0
2018-02-01,1,7.863064561050022e-11,0.9999999999213678
2018-02-02,1,4.846439842664796e-12,0.9999999999951541
2018-02-03,1,1.581328955981486e-07,0.9999998418671031
2018-02-04,1,2.369312656609782e-10,0.9999999997630695
2018-02-05,1,2.384123467022463e-10,0.999999999761588
2018-02-06,0,1.0,1.5836428863343773e-113
2018-02-07,1,2.078009647648668e-07,0.9999997921990345
2018-02-08,0,1.0,3.0483935772601206e-128
2018-02-09,1,8.989424564818615e-06,0.9999910105754354
2018-02-10,1,2.9404442855114723e-37,1.0
2018-02-11,1,1.1782725256298176e-50,1.0
2018-02-12,1,2.5132631998665926e-27,1.0
2018-02-13,1,6.547389526041179e-34,1.0
2018-02-14,0,0.9999999921560703,7.843929593734479e-09
2018-02-15,1,2.183292295124134e-08,0.9999999781670754
2018-02-16,1,3.398135421152856e-06,0.9999966018645795
2018-02-17,1,1.3202457051715785e-28,1.0
2018-02-18,1,8.596232474131619e-38,1.0
2018-02-19,1,3.466673593293747e-08,0.9999999653332635
2018-02-20,0,0.9849927399119232,0.015007260088076858
2018-02-21,0,1.0,3.979996588980441e-39
2018-02-22,1,0.0208828571143398,0.9791171428856605
2018-02-23,1,3.757357727447811e-35,1.0
2018-02-24,1,7.77998675058579e-19,1.0
2018-02-25,1,6.829227456843908e-36,1.0
2018-02-26,1,7.49012485319149e-14,0.9999999999999254
2018-02-27,1,9.28146799787902e-18,1.0
2018-02-28,1,2.77931791225479e-21,1.0
2018-03-01,1,6.239430405820903e-27,1.0
2018-03-02,0,0.9996020937228516,0.0003979062771476488
2018-03-03,1,1.8045718206453478e-05,0.9999819542817947
2018-03-04,1,1.0338071791663015e-30,1.0
2018-03-05,1,8.17881220239175e-15,0.9999999999999929
2018-03-06,1,5.7362278422471154e-36,1.0
2018-03-07,1,7.397797649708341e-13,0.999999999999261
2018-03-08,1,1.355624580017828e-32,1.0
2018-03-09,1,1.4781520349572998e-51,1.0
2018-03-10,1,1.2974992909990275e-06,0.9999987025007091
2018-03-11,1,2.1124622200860885e-11,0.9999999999788756
2018-03-12,1,3.775023928734697e-10,0.9999999996224993
2018-03-13,1,1.3345075157404753e-07,0.9999998665492473
2018-03-14,1,8.555412025166919e-07,0.9999991444587977
2018-03-15,1,5.698171179663554e-08,0.9999999430182899
2018-03-16,1,2.02392097950049e-12,0.999999999997975
2018-03-17,1,3.753368940949711e-18,1.0
2018-03-18,1,4.579016517702474e-13,0.9999999999995417
2018-03-19,1,2.3427974185865017e-09,0.999999997657202
2018-03-20,1,1.850195723082874e-07,0.9999998149804263
2018-03-21,1,0.006044794563269383,0.9939552054367298
2018-03-22,1,2.7981330212951618e-11,0.9999999999720188
2018-03-23,1,1.745555795070665e-32,1.0
2018-03-24,1,6.589132233736581e-63,1.0
2018-03-25,1,3.640736154564547e-15,0.9999999999999964
2018-03-26,1,6.749496883331986e-14,0.9999999999999325
2018-03-27,1,1.4750729154384144e-19,1.0
2018-03-28,1,2.175981250775985e-12,0.9999999999978257
2018-03-29,1,2.5876247795323094e-20,1.0
2018-03-30,0,1.0,0.0
2018-03-31,1,1.31565610166536e-08,0.9999999868434379
2018-04-01,0,1.0,9.882856755680403e-60
2018-04-02,0,1.0,4.726571143090527e-26
2018-04-03,0,1.0,5.8243794326138845e-40
2018-04-04,0,1.0,3.2300552126435927e-48
2018-04-05,1,0.20710411158688186,0.792895888413118
2018-04-06,0,0.9999999999884608,1.1540076606048272e-11
2018-04-07,1,4.203124702886264e-15,0.9999999999999964
2018-04-08,1,1.529842059573388e-08,0.999999984701578
2018-04-09,0,1.0,4.2779898692005334e-159
2018-04-10,0,0.9999998532906035,1.4670939712527205e-07
2018-04-11,0,1.0,8.65017068629167e-227
2018-04-12,0,0.9999976773672942,2.3226327057070658e-06
2018-04-13,0,1.0,1.0838537258167633e-28
2018-04-14,1,4.013091254452573e-06,0.9999959869087454
2018-04-15,1,0.026701357113275252,0.9732986428867264
2018-04-16,0,1.0,1.7928743821925526e-120
2018-04-17,0,0.9999999999999991,1.1847787031534866e-15
2018-04-18,0,1.0,7.088496738636483e-198
2018-04-19,0,1.0,2.5435349911054396e-41
2018-04-20,0,1.0,2.6976702622299594e-265
2018-04-21,1,0.000715330207603306,0.9992846697923954
2018-04-22,0,1.0,2.1515397228836674e-113
2018-04-23,0,1.0,4.065103159919838e-27
2018-04-24,0,1.0,8.932488628786706e-31
2018-04-25,0,1.0,5.794619606036285e-108
2018-04-26,0,1.0,3.3388783128067434e-153
2018-04-27,0,1.0,3.182800821153863e-132
2018-04-28,0,1.0,4.880516365746315e-87
2018-04-29,1,2.1421795726791713e-11,0.9999999999785771
2018-04-30,0,1.0,0.0
2018-05-01,1,4.688295034957871e-05,0.9999531170496504
2018-05-02,1,7.19072508699712e-05,0.9999280927491301
2018-05-03,1,7.760667315394266e-07,0.9999992239332682
2018-05-04,1,1.8015014247708866e-21,1.0
2018-05-05,1,3.2113150421573854e-23,1.0
2018-05-06,1,1.7379969746733434e-11,0.9999999999826201
2018-05-07,0,1.0,9.04002016254968e-43
2018-05-08,0,1.0,5.641351272464427e-181
2018-05-09,1,2.435777655123977e-10,0.9999999997564224
2018-05-10,1,2.8542802862510045e-09,0.9999999971457214
2018-05-11,1,1.5610126725769833e-11,0.9999999999843894
2018-05-12,1,2.5930028256406324e-17,1.0
2018-05-13,1,6.901653367603035e-38,1.0
2018-05-14,1,2.060527870477522e-36,1.0
2018-05-15,1,5.201851778116942e-25,1.0
2018-05-16,1,2.504925667610162e-14,0.9999999999999751
2018-05-17,1,1.8788374889730486e-17,1.0
2018-05-18,1,4.406000864176474e-17,1.0
2018-05-19,1,7.135552169702992e-17,1.0
2018-05-20,1,2.9153926504132853e-18,1.0
2018-05-21,1,2.2636310050350317e-09,0.9999999977363707
2018-05-22,1,3.798047757365884e-13,0.9999999999996199
2018-05-23,1,0.00019767405142031538,0.9998023259485795
2018-05-24,1,2.2808829224308256e-48,1.0
2018-05-25,1,5.933475503115573e-32,1.0
2018-05-26,0,1.0,2.511557793399405e-53
2018-05-27,0,0.9999854842771054,1.4515722894966644e-05
2018-05-28,1,9.610673551917145e-15,0.9999999999999893
2018-05-29,1,2.978644377028461e-26,1.0
2018-05-30,1,2.1996015818302647e-26,1.0
2018-05-31,0,1.0,0.0
2018-06-01,1,1.7005238190204409e-28,1.0
2018-06-02,1,9.519247538087653e-36,1.0
2018-06-03,1,1.53070204924289e-47,1.0
2018-06-04,1,1.4738618511650085e-41,1.0
2018-06-05,1,2.1731495831155063e-15,0.9999999999999964
2018-06-06,1,1.611303648853929e-07,0.9999998388696355
2018-06-07,1,9.890200123538292e-47,1.0
2018-06-08,1,4.72820511884132e-42,1.0
2018-06-09,1,1.5026228354426327e-47,1.0
2018-06-10,1,7.220235771781142e-52,1.0
2018-06-11,1,4.244579338591006e-53,1.0
2018-06-12,1,2.163759561184319e-27,1.0
2018-06-13,1,7.034932999102752e-37,1.0
2018-06-14,1,2.5107278931318318e-37,1.0
2018-06-15,1,1.0128378297265775e-34,1.0
2018-06-16,1,1.8813209369101646e-16,1.0
2018-06-17,1,4.2085784460188314e-16,1.0
2018-06-18,1,4.1358654467025806e-46,1.0
2018-06-19,1,1.4035970845064602e-36,1.0
2018-06-20,1,1.4461096541714987e-41,1.0
2018-06-21,1,1.2668225925595438e-30,1.0
2018-06-22,1,5.855084673201528e-45,1.0
2018-06-23,1,6.470993625500856e-54,1.0
2018-06-24,1,1.5106866696893952e-47,1.0
2018-06-25,0,1.0,1.9390102239288165e-145
2018-06-26,0,1.0,3.773308806349006e-57
2018-06-27,0,1.0,8.137148237308828e-49
2018-06-28,0,1.0,1.523584606453927e-49
2018-06-29,1,1.886372600078042e-12,0.9999999999981135
2018-06-30,1,1.0446980413327558e-50,1.0
2018-07-01,1,3.5339138311607108e-28,1.0
2018-07-02,1,7.6095945690654115e-22,1.0
2018-07-03,1,5.543865230809837e-23,1.0
2018-07-04,0,1.0,5.486161982480092e-250
2018-07-05,1,6.2482234065808556e-31,1.0
2018-07-06,0,0.9999999999997975,2.0187204047319875e-13
2018-07-07,1,2.6207696209891673e-54,1.0
2018-07-08,1,6.771790604027895e-49,1.0
2018-07-09,0,1.0,9.301105632303488e-200
2018-07-10,0,1.0,0.0
2018-07-11,0,1.0,0.0
2018-07-12,0,1.0,1.0310204164924708e-17
2018-07-13,0,1.0,0.0
2018-07-14,1,7.189803903191448e-56,1.0
2018-07-15,1,1.884887432940965e-61,1.0
2018-07-16,1,2.138247845776214e-34,1.0
2018-07-17,1,1.056114825181464e-13,0.9999999999998934
2018-07-18,0,1.0,3.145295895024037e-175
2018-07-19,0,1.0,0.0
2018-07-20,1,2.283114718597987e-30,1.0
2018-07-21,1,4.1176636196425326e-10,0.9999999995882334
2018-07-22,1,5.292758718605023e-34,1.0
2018-07-23,0,1.0,4.1435088753151553e-305
2018-07-24,1,1.6695323853755276e-20,1.0
2018-07-25,0,1.0,1.6353431367567454e-297
2018-07-26,1,7.381544537295399e-18,1.0
2018-07-27,0,1.0,0.0
2018-07-28,1,3.552655855193189e-20,1.0
2018-07-29,1,5.819824692979343e-49,1.0
2018-07-30,0,1.0,2.9103805260457855e-16
2018-07-31,1,4.683997235718456e-57,1.0
2018-08-01,0,1.0,9.122729709742589e-269
2018-08-02,0,1.0,0.0
2018-08-03,0,1.0,2.2523160875381312e-138
2018-08-04,0,0.9999999969198283,3.080171379630033e-09
2018-08-05,1,1.095934484255278e-18,1.0
2018-08-06,1,2.97322039149754e-22,1.0
2018-08-07,1,2.2754241313354175e-47,1.0
2018-08-08,0,1.0,5e-324
2018-08-09,0,1.0,1.461475854019459e-278
2018-08-10,0,1.0,1.0700658389909894e-254
2018-08-11,0,1.0,1.9226235679411946e-181
2018-08-12,0,1.0,6.917717409892953e-16
2018-08-13,0,1.0,0.0
2018-08-14,0,1.0,1.2195392118941166e-180
2018-08-15,0,1.0,6.960344106601743e-27
2018-08-16,0,1.0,3.73202826505288e-273
2018-08-17,0,1.0,0.0
2018-08-18,1,2.7496380043241227e-17,1.0
2018-08-19,1,5.631691520153381e-35,1.0
2018-08-20,1,1.1744862676588679e-29,1.0
2018-08-21,0,0.9999999999999982,2.191877633815816e-15
2018-08-22,0,1.0,9.45041277930712e-304
2018-08-23,0,1.0,0.0
2018-08-24,0,1.0,0.0
2018-08-25,0,1.0,0.0
2018-08-26,1,7.930120979375066e-49,1.0
2018-08-27,0,0.9999999999999929,7.217470198985799e-15
2018-08-28,0,0.9999999999871125,1.2887530335127848e-11
2018-08-29,0,0.9889001236490217,0.011099876350978297
2018-08-30,0,1.0,0.0
2018-08-31,0,1.0,0.0
2018-09-01,0,1.0,0.0
2018-09-02,1,6.847712738306708e-44,1.0
2018-09-03,0,1.0,2.274120012214114e-43
2018-09-04,0,1.0,0.0
2018-09-05,0,1.0,0.0
2018-09-06,0,1.0,1.222584352655599e-86
2018-09-07,1,1.1229187094551745e-46,1.0
2018-09-08,1,2.574464128854451e-36,1.0
2018-09-09,1,5.708648566395707e-21,1.0
2018-09-10,0,0.9999967909443879,3.2090556122737477e-06
2018-09-11,1,1.8010737303148437e-11,0.9999999999819877
2018-09-12,0,1.0,1.7458455155758552e-101
2018-09-13,0,1.0,1.2350892240401928e-48
2018-09-14,1,0.11840627955266926,0.8815937204473306
2018-09-15,1,2.256786818111322e-16,1.0
2018-09-16,1,1.4050679288942892e-25,1.0
2018-09-17,0,1.0,0.0
2018-09-18,0,1.0,7.852617701467202e-37
2018-09-19,0,1.0,3.6763010765103886e-91
2018-09-20,0,1.0,3.16851219438498e-85
2018-09-21,1,0.01421540152688212,0.985784598473119
2018-09-22,1,1.830337364611311e-05,0.9999816966263549
2018-09-23,1,0.00023422874702646435,0.9997657712529732
2018-09-24,1,0.00016006942952766562,0.9998399305704739
2018-09-25,0,1.0,2.7403678465447767e-81
2018-09-26,0,1.0,5.2622517973382843e-61
2018-09-27,0,1.0,1.5191308023068531e-114
2018-09-28,0,1.0,0.0
2018-09-29,0,1.0,2.056593647321965e-210
2018-09-30,0,1.0,6.289933893426139e-19
2018-10-01,0,1.0,7.086993280537544e-61
2018-10-02,1,2.0726940806041065e-07,0.9999997927305914
2018-10-03,0,1.0,2.943601273239396e-103
2018-10-04,0,1.0,0.0
2018-10-05,0,1.0,2.932479967014155e-144
2018-10-06,0,1.0,6.693107606481357e-32
2018-10-07,0,1.0,7.149359878479776e-47
2018-10-08,0,1.0,0.0
2018-10-09,0,1.0,0.0
2018-10-10,1,6.582390233316372e-11,0.9999999999341753
2018-10-11,1,2.952169988949023e-06,0.9999970478300126
2018-10-12,1,1.0088654098184773e-06,0.9999989911345901
2018-10-13,1,2.1514618319935823e-39,1.0
2018-10-14,1,9.364372641797528e-21,1.0
2018-10-15,0,1.0,4.032198626194433e-67
2018-10-16,0,1.0,3.9318771161467603e-205
2018-10-17,0,1.0,0.0
2018-10-18,0,1.0,0.0
2018-10-19,0,1.0,0.0
2018-10-20,0,1.0,8.829096732716432e-153
2018-10-21,1,1.066697333499478e-07,0.9999998933302677
2018-10-22,0,1.0,4.820921741635449e-175
2018-10-23,0,1.0,2.8927735297031306e-153
2018-10-24,0,1.0,0.0
2018-10-25,0,1.0,1.423950705436876e-53
2018-10-26,0,1.0,2.6181821857219072e-37
2018-10-27,0,1.0,6.953297185093396e-69
2018-10-28,0,1.0,2.4619662890151194e-36
2018-10-29,0,1.0,2.133183105649959e-64
2018-10-30,0,1.0,7.20010374462631e-68
2018-10-31,1,1.5243317450529075e-17,1.0
2018-11-01,1,2.046709657194997e-32,1.0
2018-11-02,1,5.377829403004545e-07,0.9999994622170607
2018-11-03,0,1.0,3.6822689408561793e-134
2018-11-04,1,5.938805006710288e-11,0.9999999999406128
2018-11-05,1,2.1590893368192537e-08,0.9999999784091076
2018-11-06,0,1.0,2.2623170623426393e-68
2018-11-07,0,0.9999999999993783,6.211804539611811e-13
2018-11-08,0,1.0,3.5945055405652844e-54
2018-11-09,0,1.0,1.8333433088664505e-30
2018-11-10,0,0.9999999666849361,3.33150632310942e-08
2018-11-11,1,3.3013154544809655e-21,1.0
2018-11-12,1,3.473776990228508e-16,1.0
2018-11-13,0,0.999750202153197,0.00024979784680325914
2018-11-14,0,1.0,3.32709587334198e-231
2018-11-15,0,0.9999999999841425,1.585781328686614e-11
2018-11-16,0,0.9999094085935208,9.059140647898652e-05
2018-11-17,1,1.5804782019111338e-08,0.9999999841952169
2018-11-18,1,7.914652145316438e-11,0.9999999999208526
2018-11-19,0,1.0,1.6337296316155982e-26
2018-11-20,1,1.6258005100775603e-07,0.9999998374199482
2018-11-21,1,0.09198083887880167,0.9080191611211975
2018-11-22,1,5.574741825925348e-22,1.0
2018-11-23,1,1.4089741818891303e-12,0.9999999999985896
2018-11-24,1,1.4246630631091707e-16,1.0
2018-11-25,1,3.1798765318383304e-22,1.0
2018-11-26,1,2.59720553371697e-13,0.9999999999997407
2018-11-27,0,1.0,4.636261630156692e-22
2018-11-28,0,0.999999915780192,8.4219808101573e-08
2018-11-29,0,1.0,7.575539822587075e-19
2018-11-30,0,1.0,2.3012949439967474e-17
2018-12-01,1,4.243161375946488e-05,0.9999575683862391
2018-12-02,1,1.2445834378925093e-05,0.9999875541656218
2018-12-03,1,1.894623404316505e-07,0.9999998105376593
2018-12-04,1,3.6272415252485757e-20,1.0
2018-12-05,0,0.9999877884515332,1.221154846704531e-05
2018-12-06,1,0.00017078085758978422,0.9998292191424101
2018-12-07,0,0.9999999999032765,9.672369182258638e-11
2018-12-08,1,0.002162643389554306,0.9978373566104454
2018-12-09,1,2.660070225141787e-06,0.9999973399297749
2018-12-10,0,1.0,3.401379618711519e-132
2018-12-11,1,5.622000958275479e-06,0.999994377999042
2018-12-12,1,3.5739889221716294e-11,0.9999999999642597
2018-12-13,1,1.373238710888838e-41,1.0
2018-12-14,1,1.7695313207471513e-21,1.0
2018-12-15,1,5.068749327402338e-21,1.0
2018-12-16,1,4.375344062850921e-19,1.0
2018-12-17,1,8.755541300678621e-16,1.0
2018-12-18,1,2.3287015063396867e-18,1.0
2018-12-19,1,4.651154017542788e-16,1.0
2018-12-20,1,2.5100393723719562e-15,0.9999999999999964
2018-12-21,1,6.0407273806069905e-09,0.9999999939592712
2018-12-22,1,2.6301858140963666e-12,0.999999999997371
2018-12-23,1,1.6050498488489679e-52,1.0
2018-12-24,1,1.478786645801776e-53,1.0
2018-12-25,0,1.0,4.391835222930753e-162
2018-12-26,1,3.273689286408178e-18,1.0
2018-12-27,1,2.9754913882751033e-07,0.9999997024508626
2018-12-28,1,1.09407932124291e-20,1.0
2018-12-29,1,1.0446323060717758e-12,0.9999999999989555
2018-12-30,1,2.9155809698685632e-06,0.9999970844190299
2018-12-31,0,0.7834239562180227,0.21657604378197712
2019-01-01,0,1.0,2.8203753672275355e-154
2019-01-02,1,2.3972811270516376e-05,0.999976027188728
2019-01-03,1,5.054451725460924e-08,0.9999999494554834
2019-01-04,1,4.828030479321456e-22,1.0
2019-01-05,0,0.9650966840265016,0.03490331597349854
2019-01-06,0,0.9999999988232808,1.1767195637587202e-09
2019-01-07,0,1.0,3.85083026190538e-26
2019-01-08,1,6.19236648975731e-08,0.9999999380763339
2019-01-09,0,1.0,6.60406982657595e-22
2019-01-10,1,0.16991080850609092,0.830089191493909
2019-01-11,1,7.444164980135331e-10,0.9999999992555821
2019-01-12,1,6.084519507923251e-08,0.9999999391548063
2019-01-13,0,0.9999999999991012,8.992841209314834e-13
2019-01-14,0,1.0,5.8327310484534926e-27
2019-01-15,0,0.5275667949932098,0.47243320500679087
2019-01-16,0,1.0,1.7428528134435536e-69
2019-01-17,1,2.2944330021525997e-20,1.0
2019-01-18,0,1.0,4.429252430320897e-18
2019-01-19,0,0.9943157502109017,0.0056842497890981355
2019-01-20,1,1.053285194178707e-05,0.999989467148057
2019-01-21,1,1.2660261953019715e-14,0.9999999999999858
2019-01-22,0,1.0,1.9002795811056192e-101
2019-01-23,0,1.0,1.3034461473649904e-36
2019-01-24,0,1.0,1.834133232232054e-62
2019-01-25,1,7.842077601663873e-11,0.999999999921581
2019-01-26,0,1.0,7.370918145832077e-32
2019-01-27,0,1.0,1.283875460703733e-53
2019-01-28,1,2.6853483441147224e-08,0.9999999731465156
2019-01-29,0,0.999999999999261,7.384257187200758e-13
2019-01-30,0,1.0,1.9144181830139886e-23
2019-01-31,1,3.926554382668081e-08,0.9999999607344571
2019-02-01,1,3.37528245208457e-11,0.9999999999662457
2019-02-02,1,3.518742683277599e-08,0.9999999648125744
2019-02-03,0,0.9999999999999947,6.195784106093465e-15
2019-02-04,0,1.0,3.928695581250495e-27
2019-02-05,0,1.0,1.5569995493991487e-46
2019-02-06,0,0.9999999999999911,8.462890926770413e-15
2019-02-07,1,1.646488665309374e-07,0.9999998353511323
2019-02-08,0,0.9999999999999876,1.2485368733039118e-14
2019-02-09,1,4.046963057897906e-18,1.0
2019-02-10,0,0.9999999999999858,1.5200166811735744e-14
2019-02-11,1,9.122704750412903e-08,0.9999999087729533
2019-02-12,1,6.206530638430358e-06,0.9999937934693626
2019-02-13,0,0.9999999999999787,2.210857655221283e-14
2019-02-14,0,1.0,2.0435856915667077e-41
2019-02-15,0,1.0,0.0
2019-02-16,0,1.0,5.673644945943573e-65
2019-02-17,1,1.7593024039842263e-09,0.9999999982406962
2019-02-18,0,0.9999999999084181,9.158150025812738e-11
2019-02-19,0,0.9999952244285975,4.775571403550431e-06
2019-02-20,0,1.0,6.667972100848141e-80
2019-02-21,0,0.9999999999999787,2.2237054329066992e-14
2019-02-22,1,1.1583575823016074e-15,1.0
2019-02-23,1,4.569025939653689e-08,0.9999999543097405
2019-02-24,0,1.0,1.0987729319863859e-25
2019-02-25,0,1.0,2.925450702449048e-32
2019-02-26,0,1.0,1.449131630690932e-88
2019-02-27,1,7.988483678493418e-06,0.9999920115163204
2019-02-28,0,1.0,3.576303190309059e-80
2019-03-01,0,1.0,7.517208873876752e-20
2019-03-02,1,9.866167497995852e-07,0.999999013383249
2019-03-03,1,2.4847341895972377e-11,0.9999999999751523
2019-03-04,0,0.9999999999999716,2.848264758388485e-14
2019-03-05,1,9.399432998885395e-07,0.9999990600566994
2019-03-06,1,4.5347232333252254e-18,1.0
2019-03-07,1,1.0897223228291273e-09,0.9999999989102761
2019-03-08,1,5.777203644128735e-05,0.9999422279635588
2019-03-09,1,1.1654752923401572e-10,0.9999999998834532
2019-03-10,1,4.782024498547055e-06,0.9999952179755005
2019-03-11,0,1.0,2.8299216019789356e-21
2019-03-12,0,0.9999996885334342,3.1146656654117036e-07
2019-03-13,0,1.0,1.3471335176248948e-47
2019-03-14,0,0.9999715738422988,2.8426157701404028e-05
2019-03-15,0,1.0,7.960064291979221e-23
2019-03-16,0,1.0,1.6602461478825574e-27
2019-03-17,0,0.9999661941895576,3.380581044218192e-05
2019-03-18,0,0.9999999999995257,4.744609375555735e-13
2019-03-19,1,5.318234219180818e-07,0.9999994681765785
2019-03-20,0,1.0,7.292492224921848e-17
2019-03-21,0,1.0,1.6625051748307523e-40
2019-03-22,0,1.0,1.320265875510881e-67
2019-03-23,0,1.0,1.0474294480946422e-18
2019-03-24,0,1.0,1.884213740590257e-160
2019-03-25,0,1.0,1.653691844874766e-53
2019-03-26,0,1.0,6.671399806912213e-41
2019-03-27,0,1.0,8.668424654042567e-103
2019-03-28,0,1.0,1.0546823320152573e-17
2019-03-29,0,0.9999999999965343,3.4666596522801495e-12
2019-03-30,0,0.9999999346903937,6.530960652120678e-08
2019-03-31,1,0.012051145428016555,0.9879488545719841
2019-04-01,1,8.402459552399848e-05,0.9999159754044769
2019-04-02,1,1.3676990657595202e-07,0.999999863230093
2019-04-03,0,1.0,4.256787728320877e-90
2019-04-04,0,0.9999999999999858,1.470384417344519e-14
2019-04-05,0,1.0,1.7201593643931975e-34
2019-04-06,1,4.6994390623983034e-11,0.9999999999530047
2019-04-07,0,0.9990858067584772,0.0009141932415222754
2019-04-08,0,1.0,1.4770884851033573e-35
2019-04-09,1,1.7103631126953214e-09,0.9999999982896384
2019-04-10,0,1.0,1.0064857791329227e-79
2019-04-11,1,5.110827083795588e-07,0.9999994889172923
2019-04-12,0,1.0,4.4698166513752875e-41
2019-04-13,0,1.0,1.016212639615469e-32
2019-04-14,1,1.0469672675121024e-31,1.0
2019-04-15,0,1.0,2.941734459371801e-77
2019-04-16,0,1.0,4.624347101017005e-59
2019-04-17,0,1.0,2.0706741627071413e-83
2019-04-18,1,4.3952750724944514e-13,0.9999999999995595
2019-04-19,0,1.0,4.320020053070345e-294
2019-04-20,0,1.0,1.6680371186167824e-148
2019-04-21,0,0.999999999997808,2.191622704990876e-12
2019-04-22,0,1.0,6.380934802213202e-263
2019-04-23,0,1.0,0.0
2019-04-24,0,1.0,0.0
2019-04-25,0,1.0,0.0
2019-04-26,0,1.0,1.1471089463259856e-116
2019-04-27,1,2.6764467031999455e-06,0.9999973235532954
2019-04-28,1,9.755451396579054e-20,1.0
2019-04-29,0,1.0,2.505323661429685e-112
2019-04-30,0,1.0,1.7008751135308167e-133
2019-05-01,0,0.9999931799287783,6.8200712219041906e-06
2019-05-02,0,1.0,7.334193616047835e-41
2019-05-03,1,1.9312147355090323e-25,1.0
2019-05-04,1,4.43286892500459e-08,0.999999955671311
2019-05-05,0,0.9999017780575801,9.822194241968361e-05
2019-05-06,1,2.3042067149270684e-08,0.9999999769579342
2019-05-07,1,1.3784414389524264e-10,0.9999999998621547
2019-05-08,1,1.0282423940289796e-12,0.9999999999989733
2019-05-09,1,2.41575893916001e-14,0.9999999999999751
2019-05-10,0,1.0,8.643782966400088e-28
2019-05-11,0,1.0,1.772643070029777e-118
2019-05-12,0,1.0,1.2100513724901773e-21
2019-05-13,0,1.0,4.711449706984587e-269
2019-05-14,0,1.0,2.85979250806111e-109
2019-05-15,0,0.9997894503779184,0.00021054962208139793
2019-05-16,0,1.0,1.2626510754423652e-103
2019-05-17,0,1.0,4.190674892387148e-25
2019-05-18,0,1.0,1.7246174038988486e-215
2019-05-19,0,1.0,1.0748763416527265e-93
2019-05-20,0,1.0,2.579293126054541e-69
2019-05-21,0,0.7903294539228695,0.20967054607712982
2019-05-22,0,1.0,0.0
2019-05-23,0,1.0,8.654866725033733e-278
2019-05-24,0,1.0,0.0
2019-05-25,0,0.9999999898925545,1.0107444804960796e-08
2019-05-26,0,1.0,1.4500445478859144e-69
2019-05-27,0,1.0,2.5711370139539314e-48
2019-05-28,0,1.0,2.5717011695312617e-90
2019-05-29,0,1.0,4.313866393889983e-25
2019-05-30,0,1.0,0.0
2019-05-31,0,1.0,2.368311069104494e-181
2019-06-01,0,1.0,8.031102217622103e-118
2019-06-02,0,1.0,4.680636708507425e-32
2019-06-03,0,1.0,4.887086492431634e-49
2019-06-04,0,1.0,1.9949192580065453e-236
2019-06-05,0,1.0,4.026729946980936e-118
2019-06-06,0,1.0,0.0
2019-06-07,0,1.0,1.986385496555184e-41
2019-06-08,1,4.011538771608606e-06,0.9999959884612288
2019-06-09,0,1.0,8.52634057977774e-49
2019-06-10,0,1.0,2.0554342534859534e-77
2019-06-11,0,1.0,0.0
2019-06-12,0,1.0,0.0
2019-06-13,0,0.9999999993348556,6.651437729458451e-10
2019-06-14,1,8.148422285086182e-06,0.9999918515777131
2019-06-15,1,1.738646090278318e-08,0.9999999826135381
2019-06-16,1,4.9950805434925736e-11,0.9999999999500488
2019-06-17,0,0.9999974509304844,2.5490695151577048e-06
2019-06-18,0,1.0,4.816836404845804e-100
2019-06-19,0,1.0,0.0
2019-06-20,0,1.0,3.2877839913737657e-146
2019-06-21,0,1.0,0.0
2019-06-22,1,5.019591690583136e-13,0.9999999999994991
2019-06-23,0,0.999998738705305,1.2612946950385275e-06
2019-06-24,0,0.999999999064288,9.357117518738404e-10
2019-06-25,0,1.0,3.9741373512548877e-23
2019-06-26,0,1.0,6.071450002194003e-130
2019-06-27,0,1.0,7.263973012307035e-81
2019-06-28,0,0.6544083672346223,0.34559163276537785
2019-06-29,0,0.9999999999022506,9.775008597637926e-11
2019-06-30,1,0.006738358393938411,0.9932616416060615
2019-07-01,1,6.132359443159156e-05,0.9999386764055689
2019-07-02,0,1.0,2.4911516809083244e-16
2019-07-03,0,1.0,3.03824026702362e-61
2019-07-04,0,1.0,1.0420700921672127e-71
2019-07-05,1,0.09921315508566295,0.9007868449143367
2019-07-06,0,1.0,9.800528651407038e-24
2019-07-07,0,0.9999999999995133,4.872803500490612e-13
2019-07-08,0,1.0,2.6645239490018677e-120
2019-07-09,1,2.6870494419936883e-11,0.9999999999731308
2019-07-10,0,1.0,3.9325578491000656e-131
2019-07-11,0,1.0,3.2653620751125273e-63
2019-07-12,0,1.0,8.498694773256062e-176
2019-07-13,0,0.9999999999996074,3.927907324610022e-13
2019-07-14,0,1.0,1.7440063064784e-47
2019-07-15,0,1.0,9.261426231808046e-278
2019-07-16,0,1.0,1.0502480248183692e-49
2019-07-17,0,1.0,0.0
2019-07-18,0,1.0,5.764833267219108e-305
2019-07-19,0,1.0,4.6909429093773154e-268
2019-07-20,1,0.0007279991717199128,0.9992720008282803
2019-07-21,1,3.25597380849878e-07,0.9999996744026195
2019-07-22,0,1.0,2.9522418854642883e-192
2019-07-23,0,1.0,1.5756685115161413e-39
2019-07-24,0,1.0,3.292674523058067e-106
2019-07-25,0,1.0,8.070935388e-314
2019-07-26,0,1.0,2.3906930995226335e-183
2019-07-27,0,1.0,2.452398085597061e-16
2019-07-28,1,2.254322314030489e-09,0.9999999977456788
2019-07-29,0,1.0,2.4512275224514706e-24
2019-07-30,0,1.0,2.0547912839553835e-184
2019-07-31,0,1.0,1.3380612323524804e-256
2019-08-01,0,1.0,4.254095546608318e-148
2019-08-02,0,1.0,2.9351731346767142e-124
2019-08-03,0,1.0,3.321060735697564e-92
2019-08-04,1,0.00011586809929194805,0.9998841319007082
2019-08-05,0,1.0,1.070970159686418e-208
2019-08-06,0,1.0,1.836042819819426e-21
2019-08-07,0,0.9999999999998739,1.2594263414947688e-13
2019-08-08,0,1.0,9.080768174568574e-74
2019-08-09,0,1.0,0.0
2019-08-10,0,1.0,2.957089790560216e-102
2019-08-11,0,0.9999999931824206,6.817579881707569e-09
2019-08-12,0,1.0,0.0
2019-08-13,0,1.0,1.3830286467237244e-22
2019-08-14,0,1.0,0.0
2019-08-15,0,0.7406010547931661,0.2593989452068338
2019-08-16,0,1.0,3.3932997539331177e-38
2019-08-17,0,1.0,1.2627365215811333e-161
2019-08-18,0,1.0,4.405307629090629e-261
2019-08-19,0,1.0,6.738741696880011e-191
2019-08-20,0,1.0,1.4526903163707064e-83
2019-08-21,0,1.0,4.491564149852067e-90
2019-08-22,0,1.0,4.466414519484422e-170
2019-08-23,0,1.0,2.7497468911029668e-126
2019-08-24,0,1.0,1.3149092578102445e-22
2019-08-25,0,1.0,2.5466732808649066e-44
2019-08-26,0,1.0,1.422332106468235e-80
2019-08-27,0,1.0,3.9827828111444036e-151
2019-08-28,0,1.0,2.548359395909198e-67
2019-08-29,0,1.0,1.3146374981462813e-118
2019-08-30,0,1.0,1.8557166639470612e-89
2019-08-31,0,1.0,2.2606213200777874e-17
2019-09-01,0,0.9999999999057163,9.428311671315016e-11
2019-09-02,1,1.1895268898454398e-10,0.999999999881048
2019-09-03,0,1.0,2.2204255021367902e-299
2019-09-04,0,1.0,2.5023046103332473e-36
2019-09-05,1,0.0006742232265086551,0.9993257767734911
2019-09-06,0,1.0,2.035075137214776e-120
2019-09-07,1,8.26257226253064e-12,0.9999999999917364
2019-09-08,1,0.11242379601013901,0.8875762039898604
2019-09-09,0,0.9999999999991367,8.630602133488257e-13
2019-09-10,0,1.0,1.9062112213979969e-128
2019-09-11,0,1.0,6.239337169195036e-38
2019-09-12,0,1.0,2.8184896113156024e-41
2019-09-13,0,1.0,2.768175130916882e-51
2019-09-14,1,3.954223858393637e-26,1.0
2019-09-15,1,4.4069033542136883e-07,0.9999995593096654
2019-09-16,1,4.2093066504629526e-08,0.9999999579069341
2019-09-17,1,1.3181926569838934e-34,1.0
2019-09-18,1,1.0334141008650951e-08,0.9999999896658593
2019-09-19,0,0.9953912622498038,0.004608737750196384
2019-09-20,0,0.9999999999997655,2.3381555261666936e-13
2019-09-21,1,6.997283344035026e-10,0.9999999993002717
2019-09-22,1,3.3125302434996018e-18,1.0
2019-09-23,0,1.0,4.348983409471413e-19
2019-09-24,1,3.863463949888889e-08,0.9999999613653622
2019-09-25,1,3.899730023639614e-06,0.999996100269976
2019-09-26,1,1.9346517146663577e-06,0.9999980653482856
2019-09-27,0,0.9628826077905649,0.03711739220943563
2019-09-28,1,3.546618879084604e-08,0.9999999645338107
2019-09-29,1,0.0011829471685069332,0.9988170528314928
2019-09-30,1,0.004567920017635524,0.9954320799823653
2019-10-01,1,1.2954720830833938e-13,0.9999999999998721
2019-10-02,1,2.7667222246090483e-17,1.0
2019-10-03,0,1.0,5.615812065215529e-81
2019-10-04,0,1.0,6.291023882913057e-38
2019-10-05,1,0.00010091232044701391,0.9998990876795517
2019-10-06,0,0.92637657842087,0.07362342157913049
2019-10-07,0,0.9999733786517521,2.662134824777269e-05
2019-10-08,0,1.0,1.1622303211308286e-63
2019-10-09,0,1.0,1.9858192758398036e-55
2019-10-10,0,1.0,4.652226344002232e-36
2019-10-11,0,1.0,7.813161782132608e-50
2019-10-12,1,2.891545973252426e-06,0.9999971084540275
2019-10-13,1,4.4249874815166485e-42,1.0
2019-10-14,1,0.3557121078233809,0.6442878921766192
2019-10-15,0,1.0,4.289745459474894e-31
2019-10-16,0,1.0,5.383295636972448e-207
2019-10-17,0,0.9999999999710418,2.8957475010236957e-11
2019-10-18,0,0.9841947856753402,0.015805214324659467
2019-10-19,0,1.0,9.425655884510191e-102
2019-10-20,1,0.48965271865531584,0.5103472813446848
2019-10-21,0,1.0,1.48345677365449e-36
2019-10-22,0,1.0,0.0
2019-10-23,0,1.0,0.0
2019-10-24,0,1.0,0.0
2019-10-25,0,1.0,3.6848264944345193e-31
2019-10-26,0,0.9295901140837335,0.07040988591626607
2019-10-27,0,1.0,1.2318008826388652e-37
2019-10-28,0,1.0,0.0
2019-10-29,0,1.0,0.0
2019-10-30,0,0.9999856285328443,1.437146715721662e-05
2019-10-31,0,0.9999999999563212,4.367902254675891e-11
2019-11-01,0,1.0,4.9545421813181154e-33
2019-11-02,1,1.5078888298564926e-06,0.9999984921111711
2019-11-03,1,1.0072795330456952e-16,1.0
2019-11-04,1,1.0655379177587032e-26,1.0
2019-11-05,0,1.0,1.455937315073131e-17
2019-11-06,1,0.003166801697221269,0.9968331983027785
2019-11-07,0,1.0,1.313813984285498e-33
2019-11-08,1,4.1722770277756476e-10,0.9999999995827729
2019-11-09,1,9.501631548767648e-10,0.9999999990498374
2019-11-10,1,4.233770779234241e-13,0.9999999999995772
2019-11-11,1,2.8696070521034327e-33,1.0
2019-11-12,1,1.1401289049068192e-20,1.0
2019-11-13,0,1.0,0.0
2019-11-14,0,1.0,3.789854478874152e-37
2019-11-15,0,0.9999977728767233,2.2271232769308883e-06
2019-11-16,0,0.8917487624378264,0.10825123756217306
2019-11-17,0,0.985071986643915,0.014928013356084742
2019-11-18,0,0.9999999999999183,8.14300892400626e-14
2019-11-19,0,1.0,1.135811270907228e-60
2019-11-20,0,1.0,6.71301466512047e-43
2019-11-21,0,1.0,1.2619971110452068e-90
2019-11-22,0,1.0,0.0
2019-11-23,0,1.0,1.6428726331740763e-22
2019-11-24,1,1.0189010221824124e-06,0.9999989810989763
2019-11-25,0,0.9998209713228381,0.00017902867716165856
2019-11-26,1,2.708505567737996e-05,0.9999729149443223
2019-11-27,0,1.0,2.4864242627491765e-37
2019-11-28,0,1.0,6.893797580553917e-58
2019-11-29,0,1.0,1.7578332655480558e-19
2019-11-30,0,1.0,3.3354321302361095e-29
2019-12-01,0,0.999721618124372,0.00027838187562753973
2019-12-02,0,1.0,3.2449059367695925e-53
2019-12-03,0,1.0,2.5166590834619447e-48
2019-12-04,0,1.0,3.725848347268316e-44
2019-12-05,0,1.0,0.0
2019-12-06,0,1.0,3.5840293107245415e-61
2019-12-07,0,0.9999923503565625,7.649643438107446e-06
2019-12-08,1,7.490704636323082e-10,0.9999999992509281
2019-12-09,1,3.499435063484077e-10,0.9999999996500577
2019-12-10,1,9.093476938941736e-08,0.9999999090652315
2019-12-11,1,6.022069503186479e-09,0.99999999397793
2019-12-12,1,2.666187784953188e-09,0.9999999973338127
2019-12-13,1,7.894685115935448e-18,1.0
2019-12-14,1,1.3169868020887932e-09,0.9999999986830126
2019-12-15,0,0.9999999995456417,4.5435762747178947e-10
2019-12-16,0,1.0,9.707655735004059e-38
2019-12-17,0,1.0,4.478428706742277e-129
2019-12-18,0,1.0,1.08735991877928e-30
2019-12-19,0,0.9999979394702853,2.0605297147483523e-06
2019-12-20,0,0.9999999999999183,8.189111916235011e-14
2019-12-21,1,3.49828765019738e-05,0.9999650171234996
2019-12-22,1,1.4046378772551565e-08,0.9999999859536217
2019-12-23,0,0.9999798462321497,2.015376784990898e-05
2019-12-24,0,0.9999999999999964,3.67346280738332e-15
2019-12-25,0,1.0,4.438086442472428e-201
2019-12-26,0,1.0,2.279421378486748e-81
2019-12-27,0,1.0,9.627956456968106e-45
2019-12-28,0,1.0,5.1087476539335346e-20
2019-12-29,0,0.9998488955255531,0.00015110447444712747
2019-12-30,0,1.0,1.8464442705992955e-108
2019-12-31,1,8.018508121407515e-08,0.999999919814918
2020-01-01,0,1.0,0.0
2020-01-02,0,1.0,0.0
2020-01-03,0,1.0,2.2612647385074863e-285
2020-01-04,0,1.0,4.2124202106682975e-143
2020-01-05,0,1.0,9.094616242735311e-59
2020-01-06,1,7.804539810738747e-09,0.999999992195459
2020-01-07,0,1.0,1.0185471294982483e-140
2020-01-08,0,1.0,1.2233620258800279e-66
2020-01-09,0,1.0,3.7297833928330656e-122
2020-01-10,0,1.0,9.236671191793796e-45
2020-01-11,0,1.0,6.652851204393345e-88
2020-01-12,0,1.0,4.4339965684421746e-91
2020-01-13,0,0.9999955669647651,4.433035235205673e-06
2020-01-14,1,0.0016737333932062837,0.9983262666067937
2020-01-15,0,1.0,5.777706860651711e-44
2020-01-16,1,0.008655617593138487,0.9913443824068616
2020-01-17,1,2.3177948709357043e-07,0.999999768220514
2020-01-18,1,0.03641821194701009,0.9635817880529894
2020-01-19,1,5.127605204360025e-28,1.0
2020-01-20,0,1.0,2.9505727067781802e-64
2020-01-21,0,1.0,5.418157555179326e-51
2020-01-22,1,7.918297787162465e-11,0.9999999999208171
2020-01-23,0,1.0,2.220921860630712e-18
2020-01-24,1,0.00010890820520211632,0.999891091794798
2020-01-25,1,0.0128525524096026,0.9871474475903962
2020-01-26,1,7.274362019767976e-11,0.9999999999272582
2020-01-27,1,6.233974939861387e-14,0.999999999999936
2020-01-28,1,2.2659653454427764e-08,0.9999999773403483
2020-01-29,1,0.0001590204969073685,0.9998409795030915
2020-01-30,1,2.915904218765192e-18,1.0
2020-01-31,1,6.850030719919665e-33,1.0
2020-02-01,1,6.530190429014943e-20,1.0
2020-02-02,1,3.666421919910878e-12,0.9999999999963336
2020-02-03,1,1.0002864955949524e-15,1.0
2020-02-04,1,2.4886348012214182e-12,0.9999999999975131
2020-02-05,1,5.994733718905121e-42,1.0
2020-02-06,1,6.304389697590791e-50,1.0
2020-02-07,1,2.3976367346139163e-18,1.0
2020-02-08,1,2.485599418188094e-20,1.0
2020-02-09,1,8.68557866251734e-15,0.9999999999999929
2020-02-10,1,2.021896012661186e-10,0.9999999997978115
2020-02-11,1,0.139694154913689,0.8603058450863105
2020-02-12,1,1.703925472563181e-11,0.9999999999829612
2020-02-13,1,1.1693281145685425e-15,1.0
2020-02-14,1,1.0082255180786778e-15,1.0
2020-02-15,1,9.520274452959036e-24,1.0
2020-02-16,1,1.4154032280434838e-17,1.0
2020-02-17,1,1.9228870505193247e-09,0.9999999980771115
2020-02-18,1,2.3866719788387838e-08,0.999999976133282
2020-02-19,0,0.9999999999999982,1.2308139026389449e-15
2020-02-20,1,2.4971837883721756e-07,0.9999997502816199
2020-02-21,1,3.81669796840788e-10,0.999999999618332
2020-02-22,0,0.9999999908032997,9.196701156189234e-09
2020-02-23,0,1.0,2.258790387504128e-131
2020-02-24,0,1.0,4.609672198082205e-19
2020-02-25,0,1.0,5.630497892185723e-35
2020-02-26,0,1.0,1.823267130645694e-43
2020-02-27,0,1.0,1.4716569735317726e-56
2020-02-28,0,1.0,5.3417421263501674e-102
2020-02-29,1,2.6817937587297303e-07,0.9999997318206231
2020-03-01,0,0.9999999999991793,8.20115021563021e-13
2020-03-02,1,2.9283698836986117e-07,0.99999970716301
2020-03-03,1,0.0023177107846836307,0.997682289215316
2020-03-04,1,2.5642663107192176e-07,0.9999997435733698
2020-03-05,0,0.9999996867111947,3.132888055182403e-07
2020-03-06,0,1.0,7.752958629973017e-20
2020-03-07,1,1.199714277220301e-09,0.9999999988002841
2020-03-08,1,0.000208370934526402,0.9997916290654738
2020-03-09,1,1.4689820653238769e-08,0.9999999853101791
2020-03-10,1,3.050794695734698e-08,0.9999999694920523
2020-03-11,1,1.2527756647819815e-18,1.0
2020-03-12,0,0.9754971072398531,0.02450289276014789
2020-03-13,1,7.286127923593095e-07,0.9999992713872093
2020-03-14,1,5.9383274303521695e-08,0.9999999406167266
2020-03-15,1,3.246998344919093e-18,1.0
2020-03-16,0,0.9999999987464534,1.2535471618487415e-09
2020-03-17,1,0.00011226761905082712,0.9998877323809504
2020-03-18,1,3.124798041942381e-08,0.9999999687520185
2020-03-19,1,1.245042811482099e-07,0.9999998754957182
2020-03-20,1,8.377573408673234e-36,1.0
2020-03-21,0,0.9999709094186165,2.9090581384319723e-05
2020-03-22,1,8.004104717996434e-14,0.9999999999999218
2020-03-23,1,0.11788890964896612,0.8821110903510331
2020-03-24,1,2.3610313227394458e-33,1.0
2020-03-25,1,0.0001162514636693795,0.9998837485363304
2020-03-26,1,0.1469347229899895,0.8530652770100097
2020-03-27,1,1.370414397881054e-09,0.9999999986295869
2020-03-28,0,1.0,7.724029806866217e-46
2020-03-29,0,1.0,7.0442030882062845e-34
2020-03-30,0,1.0,1.5466462162023816e-199
2020-03-31,0,1.0,2.2765232936138653e-101
2020-04-01,0,1.0,6.471396336692986e-78
2020-04-02,0,1.0,1.9431807839235146e-53
2020-04-03,1,9.944841200687601e-21,1.0
2020-04-04,0,1.0,1.4106545923837357e-49
2020-04-05,1,1.915420941766743e-05,0.9999808457905813
2020-04-06,1,6.597156069353554e-08,0.9999999340284398
2020-04-07,1,2.698043910870442e-12,0.9999999999973035
2020-04-08,1,2.2876360384156333e-10,0.9999999997712372
2020-04-09,1,6.21376852443278e-09,0.9999999937862327
2020-04-10,1,1.708403874493618e-10,0.9999999998291607
2020-04-11,1,3.815669241285613e-11,0.9999999999618439
2020-04-12,1,3.66530113615288e-05,0.9999633469886378
2020-04-13,0,1.0,2.0832525520127376e-93
2020-04-14,1,0.0006648612984636759,0.9993351387015368
2020-04-15,1,6.39491358612538e-06,0.9999936050864145
2020-04-16,1,2.7911432515818282e-12,0.9999999999972076
2020-04-17,1,1.3529477202280616e-20,1.0
2020-04-18,1,3.1794264905279895e-18,1.0
2020-04-19,0,1.0,5.549827560650123e-158
2020-04-20,1,1.1031292277589098e-07,0.9999998896870775
2020-04-21,0,0.9887841407107256,0.011215859289274464
2020-04-22,0,0.9999999999147651,8.523564983224926e-11
2020-04-23,1,7.789845894978475e-08,0.9999999221015402
2020-04-24,1,9.727690113525213e-08,0.9999999027230982
2020-04-25,1,3.5493710908285056e-08,0.9999999645062878
2020-04-26,0,1.0,3.858805127276711e-37
2020-04-27,0,1.0,1.5830995326772335e-41
2020-04-28,1,5.398467967347252e-06,0.9999946015320326
2020-04-29,1,3.0407149171103393e-06,0.9999969592850819
2020-04-30,0,1.0,3.913328711030527e-62
2020-05-01,0,1.0,1.4912603216773876e-28
2020-05-02,1,4.91977459816265e-10,0.9999999995080238
2020-05-03,1,4.747383650809102e-45,1.0
2020-05-04,0,1.0,3.9611594684039904e-21
2020-05-05,1,0.02136734506190023,0.9786326549380994
2020-05-06,0,1.0,7.955407417508676e-27
2020-05-07,1,1.6028897529788337e-20,1.0
2020-05-08,0,1.0,1.4439241279983118e-97
2020-05-09,1,0.00016053173090539838,0.9998394682690933
2020-05-10,0,1.0,2.3186945846327956e-29
2020-05-11,0,1.0,8.563242993412274e-126
2020-05-12,0,1.0,3.771999548093327e-23
2020-05-13,0,1.0,1.354296216845174e-51
2020-05-14,1,1.1801797203688427e-12,0.9999999999988205
2020-05-15,1,3.191475664807388e-08,0.9999999680852417
2020-05-16,1,5.0425059901269095e-15,0.9999999999999964
2020-05-17,0,1.0,4.469666869059777e-27
2020-05-18,1,0.04045669912836547,0.9595433008716342
2020-05-19,0,1.0,3.0398435914287895e-43
2020-05-20,0,1.0,2.1948570280842017e-286
2020-05-21,0,1.0,8.319453395224826e-63
2020-05-22,0,1.0,3.589934411502702e-42
2020-05-23,0,1.0,1.0668052615135268e-36
2020-05-24,0,1.0,7.542208739870293e-25
2020-05-25,1,2.257299819241762e-18,1.0
2020-05-26,0,1.0,5.395319799172947e-72
2020-05-27,0,1.0,1.4980046113407457e-22
2020-05-28,0,1.0,2.0871505724326984e-69
2020-05-29,0,1.0,1.1958208953955328e-16
2020-05-30,0,1.0,3.844831884528679e-103
2020-05-31,0,1.0,7.726479748977271e-136
2020-06-01,0,1.0,9.795532218573968e-43
2020-06-02,0,1.0,6.240342483788695e-25
2020-06-03,0,1.0,3.8339016021154556e-21
2020-06-04,0,1.0,3.489093211437738e-19
2020-06-05,1,1.6599799713604527e-05,0.9999834002002861
2020-06-06,0,1.0,8.306383673321151e-25
2020-06-07,0,1.0,6.366711362345345e-22
2020-06-08,0,0.9972769813475617,0.0027230186524379286
2020-06-09,1,2.733126972810197e-22,1.0
2020-06-10,1,1.3125592924548161e-30,1.0
2020-06-11,1,1.4257752459335033e-09,0.999999998574225
2020-06-12,1,8.569170861612692e-12,0.9999999999914309
2020-06-13,0,0.9584957132206277,0.041504286779372325
2020-06-14,1,4.678067455421693e-13,0.999999999999531
2020-06-15,1,0.05954870894076517,0.9404512910592357
2020-06-16,0,1.0,1.1380597893540325e-73
2020-06-17,0,1.0,1.0402418740957446e-33
2020-06-18,1,7.396883192828296e-47,1.0
2020-06-19,1,1.9908666151597723e-21,1.0
2020-06-20,1,1.2411918142952717e-07,0.9999998758808181
2020-06-21,1,7.191313409668179e-11,0.999999999928086
2020-06-22,1,1.3695444763453634e-10,0.9999999998630464
2020-06-23,1,3.5222033463782624e-09,0.999999996477797
2020-06-24,0,0.9998348915224475,0.00016510847755291366
2020-06-25,0,1.0,2.533684255073951e-38
2020-06-26,1,6.957335801390361e-09,0.999999993042664
2020-06-27,0,0.7429356519267977,0.25706434807320316
2020-06-28,1,2.5105775874609004e-05,0.9999748942241251
2020-06-29,0,1.0,2.4682409525229188e-30
2020-06-30,0,0.750670075039344,0.24932992496065645
2020-07-01,0,1.0,3.1387348049788983e-16
2020-07-02,0,0.9999999996942677,3.057331340429877e-10
2020-07-03,1,0.00014986697423152354,0.9998501330257679
2020-07-04,1,0.00014813421290591107,0.9998518657870953
2020-07-05,0,1.0,5.09580407234739e-39
2020-07-06,0,1.0,3.5921732957256877e-174
2020-07-07,0,1.0,0.0
2020-07-08,0,1.0,1.0258463369336576e-208
2020-07-09,0,1.0,1.7638493862141412e-269
2020-07-10,0,1.0,6.904741444124842e-100
2020-07-11,0,1.0,1.7157191991038462e-85
2020-07-12,0,1.0,1.1217053057140036e-46
2020-07-13,0,1.0,1.9079867827529386e-128
2020-07-14,0,1.0,1.2155129794135834e-84
2020-07-15,0,0.9999999999291767,7.082362394222346e-11
2020-07-16,0,1.0,1.1880149126808128e-39
2020-07-17,0,1.0,2.3861125037188027e-26
2020-07-18,1,4.929014402563881e-05,0.9999507098559751
2020-07-19,1,4.2592959973187205e-15,0.9999999999999964
2020-07-20,1,1.1659296633132533e-12,0.9999999999988347
2020-07-21,1,5.856819408379326e-10,0.9999999994143174
2020-07-22,1,9.841878117010008e-12,0.999999999990159
2020-07-23,1,6.887970682828886e-17,1.0
2020-07-24,1,4.960958410716945e-13,0.9999999999995044
2020-07-25,1,1.2016661262413633e-13,0.9999999999998792
2020-07-26,1,1.5566006358846895e-31,1.0
2020-07-27,0,1.0,1.750041102702868e-73
2020-07-28,0,1.0,1.656729830610301e-105
2020-07-29,1,2.329399007872034e-06,0.9999976706009926
2020-07-30,0,1.0,7.976791362423975e-30
2020-07-31,0,1.0,2.1273316110610484e-46
2020-08-01,1,2.2565831386087143e-05,0.9999774341686133
2020-08-02,1,3.0057166370109296e-14,0.9999999999999716
2020-08-03,0,1.0,1.1564423854155153e-61
2020-08-04,1,0.4190293140308608,0.5809706859691385
2020-08-05,0,0.5277336172708619,0.47226638272913884
2020-08-06,0,1.0,1.213237046601932e-25
2020-08-07,1,0.004894820117216278,0.9951051798827844
2020-08-08,1,2.3241868793044036e-21,1.0
2020-08-09,0,0.9999999999981588,1.840894682788737e-12
2020-08-10,0,1.0,8.289834210524783e-81
2020-08-11,0,0.9356734296950259,0.06432657030497473
2020-08-12,1,0.005031833876402801,0.9949681661235972
2020-08-13,0,0.9914091191987096,0.00859088080128986
2020-08-14,1,1.5721274881819314e-11,0.9999999999842792
2020-08-15,1,2.0251953257168698e-07,0.9999997974804692
2020-08-16,1,1.3985641539238035e-08,0.9999999860143589
2020-08-17,1,4.2030835784425415e-09,0.9999999957969159
2020-08-18,1,7.322319862796546e-09,0.9999999926776795
2020-08-19,1,3.1504196007195866e-09,0.9999999968495814
2020-08-20,1,2.5122333013537264e-10,0.999999999748777
2020-08-21,1,1.5414959531691128e-15,1.0
2020-08-22,1,0.14408944463685405,0.855910555363146
2020-08-23,1,6.167776148161738e-05,0.9999383222385188
2020-08-24,0,0.9999912957886175,8.704211382495051e-06
2020-08-25,1,7.875051186951864e-16,1.0
2020-08-26,0,1.0,4.759670449796489e-65
2020-08-27,0,0.9999986562076023,1.3437923978759373e-06
2020-08-28,1,9.952965597823242e-07,0.9999990047034416
2020-08-29,1,1.9306653978358284e-09,0.9999999980693346
2020-08-30,1,1.1299714168199725e-19,1.0
2020-08-31,0,1.0,2.09427467593225e-188
2020-09-01,1,4.1863039546075325e-06,0.9999958136960456
2020-09-02,1,9.53473340529764e-12,0.9999999999904645
2020-09-03,1,1.24497271050055e-13,0.9999999999998757
2020-09-04,1,2.8319222164712234e-26,1.0
2020-09-05,1,2.8465213106081226e-17,1.0
2020-09-06,0,0.9965446897857312,0.003455310214268781
2020-09-07,1,1.578984328685673e-16,1.0
2020-09-08,1,2.9227160766182923e-15,0.9999999999999964
2020-09-09,0,1.0,4.5363806332629775e-52
2020-09-10,1,0.0020528726070738242,0.9979471273929269
2020-09-11,1,3.9250270834009895e-07,0.999999607497293
2020-09-12,1,7.414614436310169e-11,0.9999999999258549
2020-09-13,1,5.049929528834485e-10,0.9999999994950066
2020-09-14,0,1.0,1.5186858167524102e-39
2020-09-15,1,6.566739040793438e-11,0.9999999999343316
2020-09-16,1,1.025311505637623e-21,1.0
2020-09-17,0,1.0,1.1896190017449677e-171
2020-09-18,1,4.712770905146831e-19,1.0
2020-09-19,0,1.0,4.312632867262843e-22
2020-09-20,0,1.0,5.3560861306167956e-74
2020-09-21,0,1.0,1.2415630525507566e-126
2020-09-22,0,1.0,1.1425666030464898e-128
2020-09-23,0,1.0,1.1485140361832697e-95
2020-09-24,0,1.0,1.0608661741079439e-120
2020-09-25,0,1.0,2.2786535392524092e-60
2020-09-26,1,3.742196475610737e-08,0.9999999625780347
2020-09-27,0,1.0,3.317547427569101e-26
2020-09-28,0,1.0,1.1714853049879765e-77
2020-09-29,0,1.0,3.818370503859775e-20
2020-09-30,0,1.0,4.1053182824143393e-262
2020-10-01,0,1.0,7.534340300391507e-105
2020-10-02,0,1.0,1.3261522002929463e-29
2020-10-03,0,1.0,6.957021121770827e-222
2020-10-04,0,1.0,1.2326417196393689e-36
2020-10-05,0,1.0,1.6938779345768628e-40
2020-10-06,0,1.0,1.7138263622633548e-242
2020-10-07,0,1.0,1.4364725264226682e-64
2020-10-08,0,1.0,5.707324504638201e-136
2020-10-09,0,1.0,0.0
2020-10-10,0,1.0,0.0
2020-10-11,0,1.0,4.998569535931426e-49
2020-10-12,1,0.001947129526409894,0.9980528704735907
2020-10-13,0,1.0,1.5976935870393898e-17
2020-10-14,0,1.0,4.404933725975856e-22
2020-10-15,1,5.462537280644069e-20,1.0
2020-10-16,1,0.0006071105752235124,0.9993928894247751
2020-10-17,0,0.999998073365903,1.9266340962750413e-06
2020-10-18,1,9.253551991103441e-17,1.0
2020-10-19,0,1.0,1.2104365890058052e-264
2020-10-20,0,1.0,0.0
2020-10-21,0,1.0,4.368226934611699e-17
2020-10-22,1,1.681471652793639e-05,0.9999831852834717
2020-10-23,1,6.236787272981513e-13,0.9999999999993747
2020-10-24,0,0.9992504107119577,0.0007495892880428967
2020-10-25,0,1.0,1.1529096536420055e-24
2020-10-26,0,1.0,3.0368201222919056e-133
2020-10-27,0,1.0,0.0
2020-10-28,0,1.0,9.945328615176304e-169
2020-10-29,0,1.0,0.0
2020-10-30,0,1.0,0.0
2020-10-31,0,1.0,0.0
2020-11-01,0,0.9702491196417976,0.029750880358201483
2020-11-02,0,1.0,3.371261450111336e-242
2020-11-03,0,1.0,0.0
2020-11-04,0,1.0,6.313426066964336e-98
2020-11-05,0,1.0,2.335776725950162e-87
2020-11-06,0,1.0,1.061799253854362e-71
2020-11-07,1,8.600895887387578e-14,0.9999999999999147
2020-11-08,1,7.992019319057941e-13,0.9999999999992006
2020-11-09,1,1.984198942856911e-18,1.0
2020-11-10,1,3.0726076058832886e-55,1.0
2020-11-11,1,3.6325517664303086e-31,1.0
2020-11-12,0,1.0,0.0
2020-11-13,0,1.0,1.1967965348613708e-83
2020-11-14,0,0.9845766418991089,0.01542335810089094
2020-11-15,0,1.0,6.407542788680747e-83
2020-11-16,0,1.0,8.56216137728582e-111
2020-11-17,0,1.0,6.7417237728685905e-77
2020-11-18,0,1.0,1.2019974686870057e-136
2020-11-19,0,1.0,0.0
2020-11-20,0,1.0,0.0
2020-11-21,0,1.0,1.27614323459249e-58
2020-11-22,0,1.0,2.802280064002378e-113
2020-11-23,0,1.0,0.0
2020-11-24,0,1.0,0.0
2020-11-25,0,1.0,1.2494507936519364e-147
2020-11-26,0,1.0,8.876514147387906e-131
2020-11-27,0,1.0,2.5155374183064964e-50
2020-11-28,1,1.5194353477580665e-05,0.9999848056465238
2020-11-29,0,1.0,1.7236572989886212e-32
2020-11-30,0,1.0,1.6995333496852152e-22
2020-12-01,0,1.0,1.109803520446558e-83
2020-12-02,0,0.9999999999954632,4.537251643003016e-12
2020-12-03,0,1.0,3.075737306407898e-116
2020-12-04,1,0.01119123143532442,0.9888087685646751
2020-12-05,0,1.0,9.185817886229277e-61
2020-12-06,0,1.0,1.3463512867052583e-25
2020-12-07,0,0.999999999628626,3.713749908043838e-10
2020-12-08,1,1.590799635137746e-07,0.999999840920035
2020-12-09,0,1.0,3.6390264809491825e-108
2020-12-10,0,1.0,5.182986302630565e-57
2020-12-11,0,1.0,3.066432360573285e-63
2020-12-12,1,2.6536255074991546e-06,0.9999973463744923
2020-12-13,0,0.9999999999999396,6.119016031255723e-14
2020-12-14,1,0.06052184284729091,0.9394781571527092
2020-12-15,1,9.971425614545856e-11,0.999999999900286
2020-12-16,0,1.0,1.9033996585726514e-19
2020-12-17,1,1.3929280333587792e-10,0.9999999998607088
2020-12-18,1,2.2641349307030427e-11,0.9999999999773586
2020-12-19,1,7.623218636156172e-09,0.9999999923767824
2020-12-20,1,1.7036370448235753e-13,0.9999999999998295
2020-12-21,0,0.9999999999999964,3.945000013924079e-15
2020-12-22,1,5.4629758456718645e-33,1.0
2020-12-23,1,9.210863642746134e-33,1.0
2020-12-24,1,4.482991436615751e-16,1.0
2020-12-25,0,1.0,1.2732514883226197e-31
2020-12-26,0,1.0,0.0
2020-12-27,0,1.0,0.0
2020-12-28,0,1.0,5.357339221185294e-243
2020-12-29,0,0.9998585647372659,0.00014143526273417123
2020-12-30,0,1.0,1.587723829162216e-42
2020-12-31,1,0.0061443984873576505,0.9938556015126435
2021-01-01,0,0.9889160650317274,0.011083934968272867
2021-01-02,0,1.0,1.5533958591736484e-149
2021-01-03,0,0.9999999999988862,1.114621647405026e-12
2021-01-04,0,0.9978404858698394,0.002159514130161332
2021-01-05,1,0.0009701716832165673,0.9990298283167829
2021-01-06,1,9.41040953617626e-09,0.9999999905895898
2021-01-07,1,5.927270727548335e-21,1.0
2021-01-08,1,2.469732135918133e-08,0.9999999753026788
2021-01-09,0,1.0,6.990616640180533e-34
2021-01-10,0,1.0,4.006757581593458e-47
2021-01-11,1,2.3225922282479293e-22,1.0
2021-01-12,0,1.0,2.3785755267004616e-18
2021-01-13,0,0.9999999999643308,3.566949948826394e-11
2021-01-14,0,1.0,1.7606242366760288e-24
2021-01-15,1,0.11782402158094946,0.8821759784190505
2021-01-16,1,6.747616943709452e-16,1.0
2021-01-17,1,4.404716418842132e-10,0.9999999995595275
2021-01-18,0,1.0,2.4104163734358405e-24
2021-01-19,1,3.932083660308005e-17,1.0
2021-01-20,1,2.6766567129746467e-12,0.9999999999973248
2021-01-21,1,4.017110702183045e-13,0.9999999999995985
2021-01-22,1,2.1833377494642608e-23,1.0
2021-01-23,0,0.9999998277538935,1.7224610686623527e-07
2021-01-24,1,0.0020348322548770816,0.9979651677451231
2021-01-25,1,7.553579745891329e-16,1.0
2021-01-26,1,6.833197633657232e-14,0.9999999999999325
2021-01-27,1,1.470553024622472e-27,1.0
2021-01-28,1,2.2048649660389658e-11,0.9999999999779519
2021-01-29,1,1.8054249996885193e-14,0.9999999999999822
2021-01-30,1,1.706989136943195e-10,0.9999999998293028
2021-01-31,1,4.3546736053267694e-17,1.0
2021-02-01,1,9.75946768436878e-11,0.999999999902407
2021-02-02,0,1.0,1.2863501393827832e-18
2021-02-03,0,1.0,7.355882126073613e-96
2021-02-04,1,2.3613213512575827e-14,0.9999999999999751
2021-02-05,1,1.2388623503299748e-19,1.0
2021-02-06,1,3.762751480181887e-15,0.9999999999999964
2021-02-07,1,3.9155273207067635e-09,0.9999999960844725
2021-02-08,1,4.018059925278145e-14,0.9999999999999609
2021-02-09,1,1.6390186697130812e-12,0.9999999999983622
2021-02-10,1,2.7462440746797017e-06,0.999997253755925
2021-02-11,1,6.489400324957378e-22,1.0
2021-02-12,1,2.0433294266391668e-10,0.9999999997956657
2021-02-13,1,1.0497804464032037e-07,0.9999998950219553
2021-02-14,1,3.721189937416084e-09,0.9999999962788095
2021-02-15,0,1.0,9.876202511670798e-22
2021-02-16,0,0.9999999979547578,2.0452431917931797e-09
2021-02-17,0,1.0,1.627346505236136e-28
2021-02-18,1,0.0006828395096050923,0.9993171604903955
2021-02-19,1,1.6207426024549551e-06,0.9999983792573974
2021-02-20,1,2.2127078565904887e-11,0.9999999999778737
2021-02-21,1,1.0911016135739247e-22,1.0
2021-02-22,1,0.00030531792575069213,0.9996946820742493
2021-02-23,0,0.9999999999999947,5.365534056593185e-15
2021-02-24,1,2.6114141980918977e-17,1.0
2021-02-25,1,2.529916581010559e-14,0.9999999999999751
2021-02-26,1,0.007139725738158231,0.9928602742618411
2021-02-27,1,2.3821712727165595e-30,1.0
2021-02-28,1,2.288019054959816e-08,0.99999997711981
2021-03-01,0,1.0,7.86570616725343e-249
2021-03-02,1,1.734635553630867e-10,0.9999999998265352
2021-03-03,1,2.614331333767649e-09,0.9999999973856681
2021-03-04,0,1.0,1.3013243643639702e-27
2021-03-05,0,1.0,3.3831938585648606e-45
2021-03-06,1,0.0105613577687873,0.9894386422312116
2021-03-07,1,1.3021879078289683e-06,0.999998697812091
2021-03-08,0,1.0,7.592428983984076e-101
2021-03-09,0,1.0,3.955960879227981e-71
2021-03-10,0,1.0,4.704701761219911e-70
2021-03-11,0,1.0,3.732141961870072e-99
2021-03-12,0,1.0,3.872673577478138e-45
2021-03-13,0,0.9999999999898783,1.012093638829349e-11
2021-03-14,0,0.9760616996304423,0.023938300369558574
2021-03-15,0,1.0,1.2553749256504032e-32
2021-03-16,0,1.0,6.134083723444977e-17
2021-03-17,0,1.0,5.2216698546506456e-61
2021-03-18,0,1.0,1.4635422376097445e-122
2021-03-19,0,0.9999667558865555,3.324411344369748e-05
2021-03-20,1,2.1522199595195455e-16,1.0
2021-03-21,1,0.00057693884460625,0.999423061155395
2021-03-22,1,1.675317106375289e-13,0.999999999999833
2021-03-23,1,3.05775974968819e-11,0.9999999999694218
2021-03-24,1,1.3080503452774884e-16,1.0
2021-03-25,1,2.948077524778823e-08,0.9999999705192235
2021-03-26,1,5.948205808002316e-10,0.9999999994051798
2021-03-27,0,1.0,7.659544811407733e-28
2021-03-28,0,0.9973125978210984,0.002687402178901762
2021-03-29,0,1.0,5.796702550328444e-86
2021-03-30,1,0.0010927273735995109,0.9989072726264004
2021-03-31,1,7.024562504341128e-17,1.0
2021-04-01,1,7.664676481345552e-11,0.9999999999233538
2021-04-02,1,4.750451051096011e-34,1.0
2021-04-03,0,0.5407423887020653,0.45925761129793446
2021-04-04,1,0.12685849688992742,0.8731415031100719
2021-04-05,0,1.0,6.13897839652285e-30
2021-04-06,1,0.00016943992782220886,0.999830560072177
2021-04-07,1,0.37836651906996766,0.6216334809300316
2021-04-08,1,2.5987804101484276e-06,0.9999974012195896
2021-04-09,0,1.0,2.7386925679072248e-25
2021-04-10,1,2.1636146562318558e-08,0.9999999783638531
2021-04-11,1,8.611928999939954e-10,0.999999999138808
2021-04-12,1,7.88006769550939e-14,0.9999999999999218
2021-04-13,0,0.9999999921289753,7.871025347450306e-09
2021-04-14,1,0.0005970624438731564,0.9994029375561271
2021-04-15,1,9.338782467380015e-08,0.9999999066121753
2021-04-16,1,0.1066635833542345,0.893336416645765
2021-04-17,0,0.9999999999818634,1.81374373522237e-11
2021-04-18,1,2.1744062503042273e-09,0.9999999978255936
2021-04-19,0,1.0,9.745881570815948e-18
2021-04-20,1,0.16701899918973673,0.8329810008102633
2021-04-21,0,1.0,1.9266056530853075e-185
2021-04-22,0,1.0,2.2624995544956814e-28
2021-04-23,0,1.0,6.765574948036751e-17
2021-04-24,1,4.794985892245911e-08,0.9999999520501401
2021-04-25,1,0.0029278110320551665,0.9970721889679452
2021-04-26,0,0.999999999999643,3.562940055004959e-13
2021-04-27,1,5.015637863182775e-13,0.9999999999994991
2021-04-28,1,0.04183774492139254,0.9581622550786073
2021-04-29,0,1.0,2.20977986832896e-37
2021-04-30,0,0.9999999999991509,8.498420279748349e-13
2021-05-01,1,1.8647991722879063e-08,0.9999999813520086
2021-05-02,1,3.232287891992513e-14,0.999999999999968
2021-05-03,0,1.0,4.56503724224636e-52
2021-05-04,0,1.0,1.784825232687626e-64
2021-05-05,0,0.9999999998827711,1.1722836644924385e-10
2021-05-06,1,5.038596941179445e-06,0.9999949614030575
2021-05-07,1,3.7378357221355714e-09,0.9999999962621651
2021-05-08,1,6.895588536077715e-39,1.0
2021-05-09,1,1.961191914603857e-22,1.0
2021-05-10,1,1.1583855056133293e-12,0.9999999999988418
2021-05-11,1,2.3843787342019133e-16,1.0
2021-05-12,1,3.5998161357020766e-20,1.0
2021-05-13,0,0.9988157234533319,0.0011842765466675165
2021-05-14,1,1.859516444799789e-51,1.0
2021-05-15,1,9.362711530066215e-65,1.0
2021-05-16,1,8.463924683081724e-62,1.0
2021-05-17,1,2.1676411643083417e-48,1.0
2021-05-18,1,7.62313508201234e-52,1.0
2021-05-19,1,1.0512519502761989e-44,1.0
2021-05-20,1,3.8404712415182734e-39,1.0
2021-05-21,1,5.17920749791755e-55,1.0
2021-05-22,1,2.1372112141952607e-24,1.0
2021-05-23,1,2.0070377482775694e-64,1.0
2021-05-24,1,2.1891855412159034e-20,1.0
2021-05-25,1,9.836744600273585e-65,1.0
2021-05-26,1,2.422981526361294e-44,1.0
2021-05-27,1,5.913789849532886e-45,1.0
2021-05-28,1,1.230343310207855e-56,1.0
2021-05-29,1,6.563049093473446e-55,1.0
2021-05-30,1,9.293946408097872e-49,1.0
2021-05-31,1,2.3099717085914476e-20,1.0
2021-06-01,1,7.982287629297908e-51,1.0
2021-06-02,1,1.367218534236496e-20,1.0
2021-06-03,0,1.0,1.6548022208922521e-22
2021-06-04,1,6.130217310286629e-48,1.0
2021-06-05,1,1.3127570154373035e-32,1.0
2021-06-06,1,9.506062394756883e-56,1.0
2021-06-07,1,1.6580868815694363e-41,1.0
2021-06-08,1,5.600651739376492e-20,1.0
2021-06-09,1,4.027379556132037e-19,1.0
2021-06-10,1,1.0160369977175578e-19,1.0
2021-06-11,1,6.991273847906771e-19,1.0
2021-06-12,1,4.876392976819798e-19,1.0
2021-06-13,1,3.569816787924973e-23,1.0
2021-06-14,1,1.0385646320553071e-21,1.0
2021-06-15,1,1.0806761260622805e-21,1.0
2021-06-16,1,1.0168603166799094e-20,1.0
2021-06-17,1,1.3139419655139664e-20,1.0
2021-06-18,1,5.876546354378846e-23,1.0
2021-06-19,1,1.0575107290049595e-20,1.0
2021-06-20,1,5.361447657710869e-23,1.0
2021-06-21,1,6.562755803957709e-22,1.0
2021-06-22,1,4.174943212318283e-20,1.0
2021-06-23,1,8.519513902992512e-22,1.0
2021-06-24,1,3.531037296839487e-20,1.0
2021-06-25,1,1.04174380848274e-21,1.0
2021-06-26,1,2.5058249842457074e-21,1.0
2021-06-27,1,7.089127217296982e-23,1.0
2021-06-28,1,1.6101459659995887e-34,1.0
2021-06-29,1,2.751531350836664e-22,1.0
2021-06-30,1,7.734205379994275e-44,1.0
2021-07-01,1,7.887179890132905e-22,1.0
2021-07-02,1,4.555083102955189e-51,1.0
2021-07-03,1,9.360912411146565e-65,1.0
2021-07-04,1,5.845225627203035e-60,1.0
2021-07-05,1,8.952572738149862e-19,1.0
2021-07-06,1,5.677646926364755e-63,1.0
2021-07-07,1,1.1967140505395257e-34,1.0
2021-07-08,1,2.788992172481941e-32,1.0
2021-07-09,1,1.0596299622391888e-05,0.9999894037003768
2021-07-10,1,4.593363964592581e-19,1.0
2021-07-11,1,9.572672089036852e-56,1.0
2021-07-12,1,1.244883213426255e-50,1.0
2021-07-13,1,1.7397950559029934e-62,1.0
2021-07-14,1,1.0914222624797575e-62,1.0
2021-07-15,1,3.055425609611387e-14,0.999999999999968
2021-07-16,1,6.016841356237245e-35,1.0
2021-07-17,1,9.954765735486175e-17,1.0
2021-07-18,1,7.35747914810074e-49,1.0
2021-07-19,1,4.733478861815784e-10,0.9999999995266506
2021-07-20,1,5.379445033410111e-27,1.0
2021-07-21,1,1.8476570310288193e-19,1.0
2021-07-22,1,3.444715428709851e-48,1.0
2021-07-23,1,1.9707434078186318e-10,0.9999999998029274
2021-07-24,1,7.045174148644646e-18,1.0
2021-07-25,1,4.227717997845264e-18,1.0
2021-07-26,1,9.865293808846945e-21,1.0
2021-07-27,1,6.495039264386852e-26,1.0
2021-07-28,1,9.251240881784032e-20,1.0
2021-07-29,1,2.25279703032745e-19,1.0
2021-07-30,1,8.85193835677965e-59,1.0
2021-07-31,1,1.1561919838317055e-59,1.0
2021-08-01,1,1.5757607709065926e-19,1.0
2021-08-02,1,6.720393436845757e-38,1.0
2021-08-03,0,1.0,5.791450952608224e-235
2021-08-04,0,1.0,1.2453575272966849e-43
2021-08-05,0,0.9976167257856655,0.0023832742143341844
2021-08-06,1,2.706178000996701e-47,1.0
2021-08-07,1,5.666300353369047e-52,1.0
2021-08-08,1,2.1716361162012647e-36,1.0
2021-08-09,1,8.79632817706668e-27,1.0
2021-08-10,0,1.0,1.959784803468015e-37
2021-08-11,0,1.0,2.913796641636097e-48
2021-08-12,0,0.9999999999992628,7.366246662927946e-13
2021-08-13,1,2.6344036015310405e-40,1.0
2021-08-14,1,8.517871270219773e-63,1.0
2021-08-15,1,1.582921609217093e-20,1.0
2021-08-16,1,4.590530461412561e-19,1.0
2021-08-17,1,4.8087051627166127e-20,1.0
2021-08-18,1,1.0079835898009123e-19,1.0
2021-08-19,1,2.9621175770676973e-20,1.0
2021-08-20,1,3.971579330990494e-20,1.0
2021-08-21,1,7.649539866125717e-20,1.0
2021-08-22,1,7.587224120218176e-20,1.0
2021-08-23,1,1.54132224616492e-19,1.0
2021-08-24,1,8.61180990262875e-22,1.0
2021-08-25,1,9.039392806122873e-20,1.0
2021-08-26,1,5.00953559629141e-19,1.0
2021-08-27,1,2.00574152467822e-19,1.0
2021-08-28,1,9.092157956228236e-20,1.0
2021-08-29,1,6.469111541847772e-19,1.0
2021-08-30,1,6.051783480311065e-19,1.0
2021-08-31,1,1.4221328377019527e-19,1.0
2021-09-01,1,2.6983492955903325e-11,0.9999999999730171
2021-09-02,1,7.885052394780269e-10,0.9999999992114965
2021-09-03,0,0.9999999987498902,1.2501098587305782e-09
2021-09-04,1,2.3581628493033666e-34,1.0
2021-09-05,1,3.776664308721009e-34,1.0
2021-09-06,1,3.088862559970184e-15,0.9999999999999964
2021-09-07,1,1.2387283676871423e-06,0.9999987612716338
2021-09-08,0,1.0,4.0883709572522354e-23
2021-09-09,1,1.4629129850691354e-11,0.9999999999853699
2021-09-10,0,1.0,2.308397672757227e-21
2021-09-11,1,4.6510286230469995e-56,1.0
2021-09-12,1,3.0186966311769842e-19,1.0
2021-09-13,0,0.9999999461460437,5.385395648333585e-08
2021-09-14,1,4.132357406605876e-08,0.999999958676427
2021-09-15,0,1.0,1.4664226203244638e-20
2021-09-16,1,2.6481498424175914e-63,1.0
2021-09-17,1,7.381229733060556e-42,1.0
2021-09-18,0,0.527764949229801,0.4722350507701987
2021-09-19,1,2.3910183739415225e-13,0.999999999999762
2021-09-20,1,2.076744097516694e-09,0.9999999979232577
2021-09-21,0,1.0,1.2376879676886901e-29
2021-09-22,1,0.036557179234683074,0.9634428207653176
2021-09-23,0,0.809024666840763,0.19097533315923654
2021-09-24,1,2.226861253692941e-12,0.9999999999977724
2021-09-25,0,1.0,1.987137251545095e-67
2021-09-26,1,6.006840636592236e-18,1.0
2021-09-27,0,1.0,0.0
2021-09-28,0,0.9999999956931536,4.306847411278874e-09
2021-09-29,0,1.0,1.346517693808637e-234
2021-09-30,0,1.0,2.3551307284203423e-163
2021-10-01,0,0.9999999999994102,5.892113405413405e-13
2021-10-02,0,1.0,1.4364858231018587e-20
2021-10-03,1,0.11971415017422704,0.8802858498257723
2021-10-04,0,1.0,4.0491742304113834e-99
2021-10-05,0,1.0,5.300232403975859e-26
2021-10-06,0,1.0,9.938454566067216e-30
2021-10-07,0,1.0,7.96816802126421e-43
2021-10-08,0,1.0,1.4705904341424248e-73
2021-10-09,1,1.306952393155087e-62,1.0
2021-10-10,1,2.7967855684351596e-25,1.0
2021-10-11,0,0.9999999997864641,2.1353659434920697e-10
2021-10-12,0,1.0,3.214280869135023e-39
2021-10-13,0,1.0,2.8254090588180022e-34
2021-10-14,0,1.0,3.329978827353878e-25
2021-10-15,0,1.0,4.832636191311479e-71
2021-10-16,0,0.9999999999693241,3.0675983340173786e-11
2021-10-17,0,0.9999999880578727,1.1942127546122603e-08
2021-10-18,1,1.5746956130449422e-63,1.0
2021-10-19,0,1.0,1.0093139367028587e-67
2021-10-20,1,1.090747939538301e-21,1.0
2021-10-21,0,1.0,0.0
2021-10-22,1,5.502682269569583e-20,1.0
2021-10-23,0,1.0,0.0
2021-10-24,1,7.10907564610899e-31,1.0
2021-10-25,0,1.0,0.0
2021-10-26,0,1.0,9.851822444656792e-20
2021-10-27,0,1.0,3.4791832361051065e-225
2021-10-28,0,1.0,0.0
2021-10-29,1,2.270554176299018e-61,1.0
2021-10-30,1,4.8178883703208274e-21,1.0
2021-10-31,1,1.419710312089964e-20,1.0
2021-11-01,1,3.710144936821453e-24,1.0
2021-11-02,0,1.0,7.548115509085318e-37
2021-11-03,0,1.0,1.225819628128787e-39
2021-11-04,0,0.9948266013508729,0.005173398649126621
2021-11-05,1,1.1590798980725846e-52,1.0
2021-11-06,1,1.346427722236303e-37,1.0
2021-11-07,1,5.401717375027621e-45,1.0
2021-11-08,1,4.5601646074826e-35,1.0
2021-11-09,0,1.0,0.0
2021-11-10,0,1.0,1.3569214158863863e-66
2021-11-11,0,1.0,8.925564838036534e-126
2021-11-12,1,4.5617391826492e-23,1.0
2021-11-13,1,2.8799446175402242e-24,1.0
2021-11-14,1,4.386423820944321e-54,1.0
2021-11-15,1,4.431006654552776e-54,1.0
2021-11-16,0,0.8722874040849801,0.12771259591502007
2021-11-17,0,1.0,9.688816862064895e-100
2021-11-18,1,0.001591336448607612,0.9984086635513941
2021-11-19,1,0.0016398159120587748,0.9983601840879426
2021-11-20,1,7.202029109811136e-05,0.9999279797089019
2021-11-21,1,5.25134390219772e-10,0.9999999994748663
2021-11-22,0,1.0,1.0646802185278612e-67
2021-11-23,0,1.0,2.141607825532846e-48
2021-11-24,0,1.0,1.1845646044104653e-31
2021-11-25,0,0.9375903317714231,0.06240966822857683
2021-11-26,0,0.9999999999990639,9.366020470059514e-13
2021-11-27,1,3.689127428497251e-30,1.0
2021-11-28,1,1.0679453269878448e-54,1.0
2021-11-29,1,1.5746709318961054e-06,0.9999984253290676
2021-11-30,0,1.0,2.61080416456593e-82
2021-12-01,1,3.502391513892911e-08,0.9999999649760845
2021-12-02,1,4.629167686562562e-13,0.9999999999995381
2021-12-03,1,1.1849389863727435e-06,0.9999988150610143
2021-12-04,0,0.9971991840830876,0.0028008159169119625
2021-12-05,1,0.000523486272622918,0.9994765137273787
2021-12-06,1,2.242731149529648e-05,0.9999775726885052
2021-12-07,1,0.005386694020922153,0.9946133059790775
2021-12-08,1,2.4486059008049344e-11,0.9999999999755147
2021-12-09,1,4.3165272578403173e-17,1.0
2021-12-10,1,5.215832989727833e-11,0.9999999999478426
2021-12-11,1,1.2013269944639292e-10,0.9999999998798685
2021-12-12,1,8.774099426559158e-20,1.0
2021-12-13,1,1.6789474305302942e-10,0.9999999998321059
2021-12-14,1,5.841807998219228e-47,1.0
2021-12-15,1,8.37563383350605e-09,0.9999999916243674
2021-12-16,1,1.0278471138271836e-09,0.9999999989721537
2021-12-17,1,1.2441564716812565e-12,0.9999999999987566
2021-12-18,1,1.5780627446681543e-11,0.9999999999842188
2021-12-19,1,4.390785728325402e-23,1.0
2021-12-20,1,1.1658228657769539e-20,1.0
2021-12-21,1,1.1676049328338275e-41,1.0
2021-12-22,1,4.915201074738504e-10,0.9999999995084785
2021-12-23,1,2.2937716868175462e-29,1.0
2021-12-24,0,0.9999999999922888,7.710915787138964e-12
2021-12-25,0,1.0,0.0
2021-12-26,0,1.0,5.77581244986266e-194
2021-12-27,1,0.33423675521640006,0.6657632447835995
2021-12-28,1,8.89865489200078e-23,1.0
2021-12-29,1,6.383535921902545e-09,0.9999999936164627
2021-12-30,1,5.334748107939704e-06,0.9999946652518913
2021-12-31,0,1.0,1.8172453531670488e-273
2022-01-01,1,2.2858755155505767e-06,0.999997714124484
2022-01-02,0,1.0,3.328546318536362e-147
2022-01-03,0,1.0,1.9448198840394724e-49
2022-01-04,0,1.0,3.02446272778685e-205
2022-01-05,0,1.0,4.490059302706167e-131
2022-01-06,1,2.7523602652317297e-14,0.9999999999999716
2022-01-07,1,2.401386117276464e-13,0.9999999999997584
2022-01-08,1,1.981220720306325e-35,1.0
2022-01-09,1,1.7379571125459876e-12,0.9999999999982627
2022-01-10,1,8.45659771476188e-52,1.0
2022-01-11,1,0.00037882916114203,0.9996211708388576
2022-01-12,1,4.464316542365014e-15,0.9999999999999964
2022-01-13,1,5.092570711033075e-26,1.0
2022-01-14,1,1.316811579101149e-16,1.0
2022-01-15,1,2.425539043406424e-16,1.0
2022-01-16,1,2.364490869014608e-14,0.9999999999999751
2022-01-17,0,0.9998734999765206,0.0001265000234786617
2022-01-18,1,0.00016989068927950117,0.9998301093107202
2022-01-19,1,1.0029836528519337e-11,0.9999999999899707
2022-01-20,1,2.5611754726920133e-10,0.9999999997438813
2022-01-21,1,5.0143954104813294e-17,1.0
2022-01-22,1,1.8608746509428167e-14,0.9999999999999822
2022-01-23,1,1.7653039741621216e-16,1.0
2022-01-24,1,3.883201007664604e-11,0.9999999999611688
2022-01-25,0,0.999999999895703,1.0429697621716442e-10
2022-01-26,1,2.2341320534192963e-13,0.9999999999997762
2022-01-27,0,1.0,8.234958541271596e-27
2022-01-28,0,0.9994489698663264,0.0005510301336735324
2022-01-29,1,1.5641402623336867e-07,0.9999998435859732
2022-01-30,0,1.0,9.837313766466504e-51
2022-01-31,1,1.3785030584847774e-08,0.99999998621497
2022-02-01,1,9.198909706347896e-12,0.999999999990802
2022-02-02,1,1.815134981994328e-09,0.9999999981848653
2022-02-03,1,9.33797762435321e-11,0.9999999999066205
2022-02-04,1,3.1766579306463997e-31,1.0
2022-02-05,1,5.762402834863846e-09,0.9999999942375979
2022-02-06,1,3.547865918606823e-32,1.0
2022-02-07,0,1.0,1.1919670799732637e-51
2022-02-08,0,1.0,0.0
2022-02-09,0,1.0,6.676932338225098e-36
2022-02-10,1,3.164128986772345e-06,0.9999968358710128
2022-02-11,1,5.127425951236775e-08,0.9999999487257418
2022-02-12,1,1.4945607219052633e-18,1.0
2022-02-13,1,0.00018672453479909605,0.9998132754652023
2022-02-14,0,0.8306875940337098,0.1693124059662893
2022-02-15,1,1.726067917198446e-19,1.0
2022-02-16,1,1.4216854062695107e-10,0.9999999998578311
2022-02-17,1,4.4444222333395914e-06,0.999995555577767
2022-02-18,1,2.610828953330335e-05,0.9999738917104675
2022-02-19,1,5.9159608330406285e-16,1.0
2022-02-20,0,0.9794911055816118,0.02050889441838753
2022-02-21,1,1.3291333776378072e-10,0.9999999998670859
2022-02-22,0,1.0,1.789349374945936e-55
2022-02-23,1,1.4570970356686433e-06,0.9999985429029643
2022-02-24,1,7.456415238357818e-08,0.999999925435847
2022-02-25,1,1.1842472890340154e-10,0.9999999998815738
2022-02-26,1,9.76689890008197e-22,1.0
2022-02-27,1,0.00048756122803554543,0.9995124387719648
2022-02-28,0,1.0,5.1516586949198724e-39
2022-03-01,0,0.9968941415008494,0.0031058584991508157
2022-03-02,0,0.9999998985241196,1.0147587953342423e-07
2022-03-03,1,0.00047765237648751126,0.9995223476235137
2022-03-04,0,1.0,1.516401764712358e-269
2022-03-05,0,0.9994321038968491,0.00056789610315183
2022-03-06,0,0.9999999933435735,6.656426857897532e-09
2022-03-07,0,1.0,1.138765394678061e-46
2022-03-08,0,0.9999831445077555,1.685549224451402e-05
2022-03-09,0,1.0,7.187625917312752e-46
2022-03-10,1,0.00029649067819384196,0.9997035093218054
2022-03-11,1,2.2594570043259046e-11,0.9999999999774047
2022-03-12,1,7.605587601577676e-23,1.0
2022-03-13,1,1.7757879590588823e-19,1.0
2022-03-14,0,0.9999999999999911,9.20940024141341e-15
2022-03-15,1,1.7122644463729618e-07,0.9999998287735559
2022-03-16,1,2.993330994783837e-10,0.9999999997006661
2022-03-17,0,1.0,5.249180819844296e-65
2022-03-18,0,0.9999999999762839,2.371677186795623e-11
2022-03-19,1,2.4111170494987907e-08,0.9999999758888304
2022-03-20,1,2.3945712090060004e-22,1.0
2022-03-21,1,1.881035900765835e-08,0.9999999811896425
2022-03-22,1,3.0265127967209335e-10,0.9999999996973479
2022-03-23,0,1.0,1.4996512718221011e-280
2022-03-24,1,3.4299847858283757e-06,0.9999965700152158
2022-03-25,1,4.164011382769038e-25,1.0
2022-03-26,1,1.6772783249120434e-39,1.0
2022-03-27,1,6.322158381176329e-46,1.0
2022-03-28,1,4.636227491462283e-09,0.9999999953637726
2022-03-29,1,1.2523456750536533e-07,0.9999998747654332
2022-03-30,1,0.11618817766058753,0.8838118223394136
2022-03-31,0,0.9999999951720184,4.8279817112127635e-09
2022-04-01,1,6.3890468002916295e-12,0.9999999999936122
2022-04-02,0,1.0,1.567391839289983e-52
2022-04-03,0,1.0,2.850420890015826e-48
2022-04-04,0,1.0,0.0
2022-04-05,0,0.9999999999573035,4.269650164757702e-11
2022-04-06,0,1.0,2.938914866889312e-44
2022-04-07,0,1.0,0.0
2022-04-08,1,1.4069223501502138e-23,1.0
2022-04-09,1,4.784124678287984e-09,0.9999999952158767
2022-04-10,1,1.2904518406817397e-18,1.0
2022-04-11,1,0.1927324708828839,0.8072675291171156
2022-04-12,1,5.115462725502912e-19,1.0
2022-04-13,1,3.0830329242274694e-06,0.9999969169670767
2022-04-14,1,7.88528891517897e-07,0.999999211471108
2022-04-15,1,8.721953385585055e-32,1.0
2022-04-16,1,0.009173178254662752,0.990826821745337
2022-04-17,1,0.0011480774005007996,0.9988519225995004
2022-04-18,0,1.0,1.68976642118296e-29
2022-04-19,0,1.0,2.1783187410460088e-164
2022-04-20,0,1.0,1.5836242990065188e-40
2022-04-21,0,0.9911697963682374,0.008830203631763341
2022-04-22,1,0.00013199822964669574,0.9998680017703522
2022-04-23,1,3.950367963577618e-06,0.9999960496320358
2022-04-24,1,3.6001033643364047e-09,0.9999999963998967
2022-04-25,1,2.1114188174573466e-11,0.9999999999788862
2022-04-26,1,2.0011084201138462e-11,0.9999999999799876
2022-04-27,1,1.0793076361529645e-10,0.9999999998920686
2022-04-28,1,1.2935781977291204e-13,0.9999999999998721
2022-04-29,1,4.76445454849342e-17,1.0
2022-04-30,1,5.083657429296413e-16,1.0
2022-05-01,1,2.6365811723082847e-38,1.0
2022-05-02,1,2.008481449964232e-14,0.9999999999999787
2022-05-03,0,0.761492039854559,0.23850796014544096
2022-05-04,0,1.0,0.0
2022-05-05,1,2.6280483230657044e-09,0.9999999973719511
2022-05-06,1,3.145668910740535e-11,0.9999999999685443
2022-05-07,1,0.0024467202470295013,0.9975532797529696
2022-05-08,1,0.06177963516874963,0.9382203648312505
2022-05-09,1,0.042125260061955154,0.9578747399380445
2022-05-10,1,6.66348114641405e-05,0.9999333651885361
2022-05-11,0,0.9999999996633981,3.366014366817294e-10
2022-05-12,1,2.317328790470282e-19,1.0
2022-05-13,1,3.123943433056151e-18,1.0
2022-05-14,1,7.106310082516214e-32,1.0
2022-05-15,1,3.938735502649996e-39,1.0
2022-05-16,1,2.8040241686219142e-21,1.0
2022-05-17,0,1.0,4.658987892351465e-27
2022-05-18,0,1.0,3.0192909332963204e-231
2022-05-19,1,3.568206877737207e-17,1.0
2022-05-20,1,1.8941761458969784e-08,0.9999999810582383
2022-05-21,1,8.589531093189065e-06,0.9999914104689072
2022-05-22,1,1.9041953707799612e-18,1.0
2022-05-23,1,2.388929560690104e-10,0.9999999997611084
2022-05-24,1,6.935071607859139e-50,1.0
2022-05-25,1,3.4392035217507036e-18,1.0
2022-05-26,1,2.86001737700158e-20,1.0
2022-05-27,1,1.2510178121306024e-18,1.0
2022-05-28,1,6.730878551296238e-32,1.0
2022-05-29,1,9.08130827653059e-44,1.0
2022-05-30,1,1.3649700116764083e-52,1.0
2022-05-31,1,2.2027548257908256e-40,1.0
2022-06-01,0,1.0,2.243585056165479e-170
2022-06-02,1,9.05012732133001e-20,1.0
2022-06-03,1,2.156876332180134e-20,1.0
2022-06-04,1,8.835955973866972e-18,1.0
2022-06-05,1,1.1885242479975726e-23,1.0
2022-06-06,1,3.804698625695879e-20,1.0
2022-06-07,1,1.539322568328254e-19,1.0
2022-06-08,0,1.0,5.920171505033791e-93
2022-06-09,0,1.0,1.6172135026797893e-85
2022-06-10,0,1.0,2.3892440439673772e-24
2022-06-11,1,7.268239926145858e-46,1.0
2022-06-12,1,9.654989759362071e-20,1.0
2022-06-13,1,7.562585031369328e-18,1.0
2022-06-14,1,1.0124520992929232e-19,1.0
2022-06-15,1,9.69426552285026e-20,1.0
2022-06-16,1,5.686435160870574e-24,1.0
2022-06-17,1,1.7632033576926122e-16,1.0
2022-06-18,1,5.686601417232957e-18,1.0
2022-06-19,1,8.05066529379513e-38,1.0
2022-06-20,1,4.1823758933370846e-23,1.0
2022-06-21,1,8.5004227069095e-18,1.0
2022-06-22,1,1.181746434914295e-43,1.0
2022-06-23,1,7.789638365896024e-44,1.0
2022-06-24,1,4.34221276795694e-18,1.0
2022-06-25,1,4.9715369530935095e-21,1.0
2022-06-26,1,4.147250598698392e-43,1.0
2022-06-27,1,4.379422562500478e-43,1.0
2022-06-28,1,4.2546835112478634e-17,1.0
2022-06-29,1,4.8013016879141355e-17,1.0
2022-06-30,1,3.1120506222091243e-17,1.0
2022-07-01,1,2.4401814556189252e-17,1.0
2022-07-02,1,4.0762045022726023e-44,1.0
2022-07-03,1,8.41281418148614e-19,1.0
2022-07-04,1,8.405461649580902e-47,1.0
2022-07-05,1,6.657178496940665e-13,0.9999999999993356
2022-07-06,1,3.482007558653081e-17,1.0
2022-07-07,1,0.022402860828070355,0.9775971391719297
2022-07-08,1,6.920370437605918e-23,1.0
2022-07-09,1,1.9178415076976896e-45,1.0
2022-07-10,1,1.462200283179322e-18,1.0
2022-07-11,1,3.882089992296944e-45,1.0
2022-07-12,0,1.0,8.628291759552811e-18
2022-07-13,0,0.9961401313867378,0.0038598686132621123
2022-07-14,1,4.577341209924873e-19,1.0
2022-07-15,1,3.323683231618113e-34,1.0
2022-07-16,1,3.480862155749024e-26,1.0
2022-07-17,1,1.3404506044983714e-58,1.0
2022-07-18,0,0.9999999594989707,4.050102941660305e-08
2022-07-19,1,1.1041388172792192e-08,0.9999999889586135
2022-07-20,1,1.1543750559938361e-54,1.0
2022-07-21,1,2.498345227544195e-18,1.0
2022-07-22,1,1.1568544944708328e-29,1.0
2022-07-23,1,9.465451122089167e-54,1.0
2022-07-24,1,5.138462348538358e-50,1.0
2022-07-25,1,9.549535298827045e-20,1.0
2022-07-26,0,1.0,1.8213265091887156e-90
2022-07-27,1,2.0637417055510984e-33,1.0
2022-07-28,1,6.314795169977682e-53,1.0
2022-07-29,1,2.903828907286298e-24,1.0
2022-07-30,1,2.1820298302225144e-48,1.0
2022-07-31,1,1.0327889015253197e-35,1.0
2022-08-01,1,5.202151627352741e-13,0.9999999999994813
2022-08-02,1,5.713279004353984e-20,1.0
2022-08-03,1,7.725329184797838e-15,0.9999999999999929
2022-08-04,1,1.0364607817995318e-19,1.0
2022-08-05,1,1.525823403021164e-29,1.0
2022-08-06,1,4.463294991008919e-59,1.0
2022-08-07,1,1.2833602417993877e-17,1.0
2022-08-08,1,6.808729692878223e-20,1.0
2022-08-09,1,7.923400107155574e-57,1.0
2022-08-10,1,5.9366366556326815e-25,1.0
2022-08-11,1,6.59167814801597e-28,1.0
2022-08-12,1,3.3829112862515145e-31,1.0
2022-08-13,1,3.38879072232356e-17,1.0
2022-08-14,1,2.9605091870685446e-52,1.0
2022-08-15,1,2.2260429261947373e-17,1.0
2022-08-16,0,1.0,2.07214526153742e-91
2022-08-17,0,1.0,0.0
2022-08-18,0,0.9858117730662865,0.014188226933713056
2022-08-19,1,1.0833254689570602e-05,0.999989166745312
2022-08-20,1,3.2744942237144855e-56,1.0
2022-08-21,1,3.04167892209825e-39,1.0
2022-08-22,0,1.0,2.168547998634389e-28
2022-08-23,0,0.9999999999488551,5.114584025703724e-11
2022-08-24,0,0.9999999999958824,4.117916073819363e-12
2022-08-25,1,9.493767349173602e-13,0.9999999999990514
2022-08-26,1,2.3495620281412455e-10,0.9999999997650448
2022-08-27,1,4.808579868727232e-33,1.0
2022-08-28,1,7.895801259136912e-17,1.0
2022-08-29,1,7.964105166108288e-08,0.9999999203589486
2022-08-30,0,0.9999999794313477,2.0568651855427744e-08
2022-08-31,0,1.0,9.875476353788873e-22
2022-09-01,0,1.0,0.0
2022-09-02,1,1.2243381481662936e-10,0.9999999998775664
2022-09-03,1,3.624266919106214e-07,0.9999996375733087
2022-09-04,0,1.0,1.227827746364405e-24
2022-09-05,0,1.0,1.026739849092183e-37
2022-09-06,0,1.0,3.517918130207961e-201
2022-09-07,0,1.0,8.670093336516512e-139
2022-09-08,0,1.0,1.7601036540240326e-121
2022-09-09,0,1.0,1.4119213864755e-90
2022-09-10,0,1.0,0.0
2022-09-11,0,1.0,7.006360239130862e-153
2022-09-12,0,1.0,0.0
2022-09-13,0,1.0,0.0
2022-09-14,0,1.0,5.827909811569226e-210
2022-09-15,0,1.0,0.0
2022-09-16,0,1.0,1.6192221740816274e-71
2022-09-17,1,1.9497246497352137e-06,0.9999980502753516
2022-09-18,0,0.9999999999999982,1.006631609698003e-15
2022-09-19,0,1.0,8.081373742092283e-27
2022-09-20,1,2.2100884294857006e-06,0.9999977899115693
2022-09-21,1,7.18822070665474e-09,0.9999999928117802
2022-09-22,0,1.0,1.6541130872256975e-111
2022-09-23,0,1.0,9.890630808905883e-52
2022-09-24,0,1.0,3.030310210380264e-222
2022-09-25,0,1.0,1.1499492047654235e-298
2022-09-26,0,1.0,5.788346221701815e-129
2022-09-27,0,1.0,5.471627768195014e-28
2022-09-28,0,0.9999999998125944,1.8740610601452314e-10
2022-09-29,0,0.9475372214619936,0.05246277853800647
2022-09-30,1,0.12360369988374827,0.8763963001162527
2022-10-01,1,1.7351748700124366e-09,0.9999999982648262
2022-10-02,0,1.0,1.380818051635259e-38
2022-10-03,0,1.0,5.203533398573708e-32
2022-10-04,0,1.0,1.154401853245605e-32
2022-10-05,0,1.0,8.376604553776114e-151
2022-10-06,0,0.9999963830380849,3.6169619160024316e-06
2022-10-07,1,2.021945364573079e-06,0.9999979780546346
2022-10-08,1,2.7183750520388977e-28,1.0
2022-10-09,0,1.0,6.95290897e-314
2022-10-10,0,1.0,2.96270232637025e-215
2022-10-11,0,1.0,1.3091922402631321e-304
2022-10-12,0,1.0,1.5161066287521977e-214
2022-10-13,0,0.9999999986220143,1.377986055054844e-09
2022-10-14,1,0.08548158895797046,0.9145184110420286
2022-10-15,1,2.215066380579142e-08,0.9999999778493349
2022-10-16,1,0.000257208632464209,0.9997427913675366
2022-10-17,1,1.9652665668750662e-05,0.9999803473343305
2022-10-18,1,0.00018030793575247845,0.9998196920642473
2022-10-19,0,1.0,0.0
2022-10-20,0,1.0,4.198920045132685e-55
2022-10-21,0,1.0,2.584667929928994e-26
2022-10-22,0,1.0,0.0
2022-10-23,0,1.0,0.0
2022-10-24,0,1.0,0.0
2022-10-25,0,1.0,0.0
2022-10-26,0,1.0,6.296372954838705e-211
2022-10-27,0,1.0,1.0681296893832553e-174
2022-10-28,0,1.0,8.873380010761415e-284
2022-10-29,0,1.0,2.7425857083726302e-136
2022-10-30,0,0.999999979839741,2.016025890778596e-08
2022-10-31,0,1.0,2.9565550666018253e-137
2022-11-01,0,1.0,1.6466608894771715e-105
2022-11-02,0,1.0,3.829856820612436e-95
2022-11-03,0,1.0,1.1042026846032274e-171
2022-11-04,0,1.0,0.0
2022-11-05,0,1.0,5.97680235991963e-70
2022-11-06,1,7.758154115405135e-24,1.0
2022-11-07,0,1.0,4.961034821570164e-138
2022-11-08,0,1.0,8.229306421801486e-88
2022-11-09,0,1.0,7.737070474122558e-52
2022-11-10,0,1.0,2.212005402205376e-50
2022-11-11,0,1.0,3.318570219544505e-120
2022-11-12,0,1.0,2.1334540895309113e-87
2022-11-13,0,1.0,2.258747821210342e-83
2022-11-14,0,0.999619751741455,0.0003802482585458148
2022-11-15,0,1.0,1.2770066303755752e-106
2022-11-16,0,1.0,2.4272640909056743e-212
2022-11-17,0,1.0,2.5597243741254498e-107
2022-11-18,1,1.2652842128382835e-23,1.0
2022-11-19,1,0.0004298783163132481,0.999570121683686
2022-11-20,1,2.0221491211188276e-32,1.0
2022-11-21,1,2.2173436263881928e-23,1.0
2022-11-22,0,1.0,6.326836360039877e-184
2022-11-23,0,1.0,7.069614743073533e-192
2022-11-24,0,1.0,2.181162854335203e-226
2022-11-25,0,1.0,2.6583889713016364e-52
2022-11-26,1,3.7984287722415436e-52,1.0
2022-11-27,1,1.4629880217123376e-39,1.0
2022-11-28,0,0.9999999999997584,2.419968541585801e-13
2022-11-29,0,0.9999951182533824,4.881746617209256e-06
2022-11-30,0,1.0,1.850129722316641e-20
2022-12-01,0,1.0,3.8125322594221926e-83
2022-12-02,0,1.0,1.5977559605018995e-65
2022-12-03,0,1.0,2.34560825803111e-100
2022-12-04,0,0.9995376197416765,0.00046238025832321116
2022-12-05,0,1.0,1.7188018614170564e-75
2022-12-06,0,1.0,2.6793207280965996e-90
2022-12-07,1,2.7585521369162573e-13,0.9999999999997229
2022-12-08,1,9.443089560303046e-21,1.0
2022-12-09,0,1.0,3.1576247653323596e-229
2022-12-10,1,1.3778430894892654e-27,1.0
2022-12-11,1,4.3186475213977696e-35,1.0
2022-12-12,1,2.7695527719442095e-08,0.9999999723044727
2022-12-13,1,8.287420661471214e-17,1.0
2022-12-14,1,6.057882380732899e-19,1.0
2022-12-15,1,0.00020943817404263411,0.9997905618259568
2022-12-16,1,1.2455538976168304e-13,0.9999999999998757
2022-12-17,1,5.4760701690493e-48,1.0
2022-12-18,0,1.0,7.588892538591516e-22
2022-12-19,1,1.3826909095665078e-10,0.9999999998617319
2022-12-20,1,1.3877696056389973e-12,0.9999999999986109
2022-12-21,1,6.151788643592777e-16,1.0
2022-12-22,1,4.435988854121237e-08,0.999999955640111
2022-12-23,1,6.874582810811851e-50,1.0
2022-12-24,1,4.58430368855512e-16,1.0
2022-12-25,1,1.361614603061054e-05,0.9999863838539684
2022-12-26,1,9.363062728796335e-15,0.9999999999999893
2022-12-27,1,9.921885590310501e-26,1.0
2022-12-28,1,2.2367232110063585e-39,1.0
2022-12-29,1,5.760882602837836e-24,1.0
2022-12-30,0,1.0,1.9781261281291407e-169
2022-12-31,1,1.951171401069308e-41,1.0
2023-01-01,1,0.0003494802349701094,0.9996505197650298
2023-01-02,1,2.7396938538433356e-55,1.0
2023-01-03,1,8.13437665718583e-15,0.9999999999999929
2023-01-04,1,1.0500973914883634e-33,1.0
2023-01-05,1,4.351141608666766e-40,1.0
2023-01-06,1,2.746571794852429e-10,0.9999999997253433
2023-01-07,1,2.726092226876832e-20,1.0
2023-01-08,0,0.9999994828173216,5.171826791348909e-07
2023-01-09,0,1.0,2.3753976467246354e-26
2023-01-10,0,1.0,0.0
2023-01-11,1,6.617495510459355e-09,0.9999999933825059
2023-01-12,0,1.0,0.0
2023-01-13,0,1.0,0.0
2023-01-14,1,6.714108674611798e-06,0.9999932858913261
2023-01-15,0,1.0,7.556910992525184e-279
2023-01-16,0,1.0,7.099706687431689e-283
2023-01-17,0,1.0,7.155100012410015e-277
2023-01-18,1,3.2588121317502217e-23,1.0
2023-01-19,0,1.0,2.8601366422587737e-216
2023-01-20,1,7.3860730363728e-14,0.9999999999999254
2023-01-21,0,1.0,2.123029690473294e-87
2023-01-22,0,1.0,1.3637584662953176e-39
2023-01-23,0,0.9999232461474818,7.675385251815742e-05
2023-01-24,1,2.8773454177876395e-21,1.0
2023-01-25,1,2.3031116589021964e-11,0.9999999999769678
2023-01-26,0,0.9999999328907472,6.710925304560682e-08
2023-01-27,1,3.2497689404801607e-13,0.9999999999996767
2023-01-28,1,6.878541420111072e-59,1.0
2023-01-29,1,1.4601922288929987e-18,1.0
2023-01-30,1,5.175714665547779e-07,0.9999994824285341
2023-01-31,1,0.0012270826143589346,0.9987729173856408
2023-02-01,1,3.1595836505701365e-12,0.9999999999968407
2023-02-02,0,1.0,1.6816004419887637e-72
2023-02-03,1,5.084924982905476e-32,1.0
2023-02-04,1,5.0271776136526805e-26,1.0
2023-02-05,0,1.0,1.026254284670308e-23
2023-02-06,0,1.0,0.0
2023-02-07,0,1.0,1.4594964236896836e-72
2023-02-08,0,1.0,1.0629861824860096e-29
2023-02-09,0,0.9990839222647664,0.000916077735234228
2023-02-10,1,7.289816011016744e-14,0.999999999999929
2023-02-11,0,0.999999999995218,4.78229333933398e-12
2023-02-12,1,0.00021752606838182492,0.9997824739316198
2023-02-13,1,8.851706282424437e-13,0.9999999999991154
2023-02-14,1,2.0612189532854506e-20,1.0
2023-02-15,1,4.253713573219592e-31,1.0
2023-02-16,0,0.9999999999994333,5.667438961815826e-13
2023-02-17,0,0.8684242612304867,0.13157573876951323
2023-02-18,0,0.9999999867100762,1.3289923825801266e-08
2023-02-19,1,2.0933025037789508e-06,0.9999979066974969
2023-02-20,0,1.0,8.19827176383287e-24
2023-02-21,1,5.709190812111844e-14,0.9999999999999432
2023-02-22,0,1.0,2.8321913936197614e-128
2023-02-23,0,1.0,3.712318243277723e-16
2023-02-24,0,0.9999644542496767,3.554575032339561e-05
2023-02-25,1,1.998279769974045e-05,0.9999800172023006
2023-02-26,1,9.301600301657691e-11,0.9999999999069829
2023-02-27,1,4.535743812158066e-09,0.9999999954642576
2023-02-28,0,1.0,1.6935394137215025e-31
2023-03-01,0,0.9999999989248813,1.0751195774838654e-09
2023-03-02,1,0.00041631328469984716,0.9995836867153016
2023-03-03,1,2.6174858776808465e-05,0.9999738251412226
2023-03-04,1,4.2094126911001615e-60,1.0
2023-03-05,1,1.17650815670622e-10,0.9999999998823483
2023-03-06,1,6.4866213489443686e-12,0.9999999999935127
2023-03-07,1,9.247309620506971e-17,1.0
2023-03-08,1,4.443663190841504e-12,0.9999999999955556
2023-03-09,1,2.2832150677033795e-15,0.9999999999999964
2023-03-10,0,1.0,0.0
2023-03-11,0,0.999976291543078,2.370845692300224e-05
2023-03-12,1,6.651236212352606e-18,1.0
2023-03-13,0,1.0,4.487478064333051e-71
2023-03-14,0,1.0,2.0909827311023354e-296
2023-03-15,0,1.0,3.0948548510136626e-51
2023-03-16,0,1.0,4.8856241659004886e-49
2023-03-17,0,1.0,4.466554381219792e-264
2023-03-18,0,1.0,7.178556760007213e-149
2023-03-19,1,1.7421115054688787e-09,0.9999999982578878
2023-03-20,0,1.0,6.795978640731546e-206
2023-03-21,0,1.0,3.546408883733187e-160
2023-03-22,0,1.0,2.315954499127912e-39
2023-03-23,0,1.0,6.358495949588226e-70
2023-03-24,0,1.0,6.365275362882417e-17
2023-03-25,0,1.0,1.4621388312362393e-27
2023-03-26,0,1.0,1.474913652926191e-91
2023-03-27,0,1.0,0.0
2023-03-28,0,1.0,0.0
2023-03-29,0,1.0,7.860405714381668e-229
2023-03-30,0,1.0,1.7883544510566784e-278
2023-03-31,0,1.0,6.124604792004424e-98
2023-04-01,1,0.26199774012479793,0.7380022598752023
2023-04-02,1,8.744641016841889e-08,0.999999912553591
2023-04-03,1,5.3674785739180956e-05,0.9999463252142596
2023-04-04,1,4.866658979454711e-06,0.9999951333410212
2023-04-05,1,1.315493549606577e-14,0.9999999999999858
2023-04-06,1,1.0713612964331473e-39,1.0
2023-04-07,1,2.177846870851229e-22,1.0
2023-04-08,1,2.4646958740427473e-10,0.9999999997535305
2023-04-09,1,2.7546609975754702e-11,0.999999999972454
2023-04-10,1,4.494773523766909e-10,0.9999999995505213
2023-04-11,1,0.005328057609146381,0.9946719423908537
2023-04-12,0,1.0,0.0
2023-04-13,0,1.0,0.0
2023-04-14,0,1.0,0.0
2023-04-15,1,2.3699314271349884e-06,0.9999976300685719
2023-04-16,1,2.6903401780376768e-45,1.0
2023-04-17,0,1.0,2.5451964037537527e-24
2023-04-18,1,5.683090263656028e-17,1.0
2023-04-19,1,0.002920384634845705,0.997079615365155
2023-04-20,1,7.385029862881035e-11,0.9999999999261497
2023-04-21,1,4.0919205822809164e-13,0.9999999999995914
2023-04-22,1,2.1819403021547748e-21,1.0
2023-04-23,1,4.02286044082005e-21,1.0
2023-04-24,1,1.8183797354150823e-15,1.0
2023-04-25,1,5.414260813244264e-17,1.0
2023-04-26,1,6.980898945630516e-14,0.999999999999929
2023-04-27,0,1.0,0.0
2023-04-28,1,5.4625649625640485e-05,0.9999453743503735
2023-04-29,0,1.0,9.405308145315614e-100
2023-04-30,1,3.0168292164067766e-32,1.0
2023-05-01,0,1.0,4.162870749989691e-166
2023-05-02,0,1.0,1.5765287954290428e-110
2023-05-03,0,1.0,0.0
2023-05-04,0,1.0,1.6868773110512107e-32
2023-05-05,0,1.0,3.2028788570335e-26
2023-05-06,1,0.1658248324037971,0.8341751675962029
2023-05-07,1,5.597850201331683e-18,1.0
2023-05-08,1,2.930473632970183e-11,0.9999999999706937
2023-05-09,0,1.0,1.0708818064764095e-61
2023-05-10,1,0.10457066658377331,0.8954293334162275
2023-05-11,1,6.085453152859116e-15,0.9999999999999929
2023-05-12,0,0.9999676236692965,3.237633070370577e-05
2023-05-13,1,4.764784264055292e-13,0.9999999999995239
2023-05-14,1,1.503562680083261e-10,0.9999999998496456
2023-05-15,1,6.492119593822728e-09,0.9999999935078812
2023-05-16,1,1.3037053567007309e-20,1.0
2023-05-17,0,0.9999992331372702,7.668627295707275e-07
2023-05-18,1,1.7628316488773915e-16,1.0
2023-05-19,1,4.50078384193814e-19,1.0
2023-05-20,1,5.280387056720915e-44,1.0
2023-05-21,0,1.0,2.2129497984333407e-96
2023-05-22,0,1.0,3.116383920066308e-92
2023-05-23,0,1.0,3.107055329545495e-50
2023-05-24,0,1.0,6.426686466722925e-79
2023-05-25,0,1.0,4.740065669717244e-46
2023-05-26,0,1.0,0.0
2023-05-27,0,1.0,1.9396610208815528e-59
2023-05-28,0,0.9999999999891749,1.0825946394179812e-11
2023-05-29,0,1.0,2.8736836417340545e-301
2023-05-30,1,1.0041691305021045e-15,1.0
2023-05-31,1,0.44141880135620976,0.55858119864379
2023-06-01,0,1.0,7.175519324361666e-154
2023-06-02,0,1.0,7.46724061517867e-66
2023-06-03,0,1.0,6.130786149082596e-34
2023-06-04,0,0.9979987314176668,0.0020012685823337607
2023-06-05,0,1.0,0.0
2023-06-06,1,2.2083053095937167e-28,1.0
2023-06-07,0,0.9999999997963886,2.0361219465259041e-10
2023-06-08,1,3.9346763065763017e-10,0.9999999996065334
2023-06-09,1,3.353733992854462e-13,0.999999999999666
2023-06-10,1,5.6357091266152226e-21,1.0
2023-06-11,1,1.286646174718369e-11,0.9999999999871321
2023-06-12,1,4.868367672029748e-30,1.0
2023-06-13,0,1.0,5.015934854529464e-16
2023-06-14,0,1.0,1.9344003868095147e-56
2023-06-15,1,1.361789578849758e-10,0.9999999998638209
2023-06-16,1,2.0075313387871066e-07,0.9999997992468657
2023-06-17,1,2.843600216094716e-13,0.9999999999997158
2023-06-18,1,0.0002553538694543366,0.9997446461305469
2023-06-19,1,1.52621085686968e-05,0.9999847378914314
2023-06-20,0,0.9999999999999947,5.393278887177205e-15
2023-06-21,0,0.9998617396977878,0.00013826030221200916
2023-06-22,1,6.272779728720615e-10,0.9999999993727222
2023-06-23,1,1.278307563076023e-15,1.0
2023-06-24,1,1.0902704205748907e-07,0.9999998909729573
2023-06-25,0,1.0,1.4187723625265503e-65
2023-06-26,0,1.0,0.0
2023-06-27,0,1.0,0.0
2023-06-28,0,1.0,3.161421448706754e-102
2023-06-29,0,1.0,1.6380128041971235e-56
2023-06-30,1,5.503259287095811e-10,0.999999999449674
2023-07-01,1,5.1752235127624166e-14,0.9999999999999467
2023-07-02,1,1.114171248628904e-07,0.9999998885828747
2023-07-03,0,1.0,1.3489290282572528e-156
2023-07-04,0,0.9947310485611638,0.005268951438835428
2023-07-05,1,4.4000550808674925e-11,0.9999999999559996
2023-07-06,1,2.51693225185908e-34,1.0
2023-07-07,0,0.9999988726730725,1.127326928132621e-06
2023-07-08,1,0.020000499475156298,0.9799995005248429
2023-07-09,0,1.0,1.381795560694428e-56
2023-07-10,0,1.0,8.634637216918758e-34
2023-07-11,0,0.9999999999998881,1.1120303308490304e-13
2023-07-12,1,3.234978391657649e-06,0.9999967650216094
2023-07-13,1,1.8505669797780693e-13,0.9999999999998153
2023-07-14,1,1.0072556231476674e-11,0.9999999999899281
2023-07-15,0,0.999999994994905,5.0050953189264414e-09
2023-07-16,1,1.171873397389191e-05,0.9999882812660255
2023-07-17,1,0.36500800784331194,0.6349919921566882
2023-07-18,1,0.0009089291768968639,0.9990910708231039
2023-07-19,0,1.0,2.6794747852e-313
2023-07-20,0,1.0,8.534909889228389e-16
2023-07-21,0,1.0,3.3917541492017746e-93
2023-07-22,0,0.8102063365794085,0.18979366342059228
2023-07-23,0,1.0,1.8474134020485994e-49
2023-07-24,0,1.0,9.160003664276334e-20
2023-07-25,1,1.1393040081437585e-11,0.9999999999886064
2023-07-26,0,1.0,5.869603750316525e-84
2023-07-27,0,1.0,3.497284437878386e-58
2023-07-28,0,1.0,2.629192383981814e-29
2023-07-29,1,0.08215515874553246,0.9178448412544677
2023-07-30,0,0.9843568384240281,0.015643161575971617
2023-07-31,0,1.0,4.0931328533e-314
2023-08-01,0,1.0,5.071868666168665e-214
2023-08-02,0,1.0,9.651360085266897e-51
2023-08-03,0,1.0,5.287464446161628e-95
2023-08-04,0,1.0,1.278836641164681e-58
2023-08-05,1,0.014984552104503933,0.9850154478954962
2023-08-06,1,1.653790008637843e-07,0.9999998346210001
2023-08-07,0,1.0,0.0
2023-08-08,0,1.0,2.2699082631306082e-24
2023-08-09,0,1.0,2.4520484575773227e-47
2023-08-10,1,8.448143130374872e-05,0.9999155185686945
2023-08-11,1,3.049075752734945e-32,1.0
2023-08-12,1,2.80650565407156e-08,0.9999999719349444
2023-08-13,0,0.831428554781953,0.1685714452180466
2023-08-14,0,1.0,0.0
2023-08-15,1,2.17912953764452e-08,0.9999999782087043
2023-08-16,0,1.0,1.7963104470792243e-97
2023-08-17,0,1.0,0.0
2023-08-18,0,1.0,4.515038919087529e-98
2023-08-19,0,1.0,4.75423519355184e-40
2023-08-20,0,1.0,5.473784259355001e-175
2023-08-21,0,1.0,1.1333169212483705e-102
2023-08-22,0,1.0,6.8661867631411455e-286
2023-08-23,0,1.0,0.0
2023-08-24,0,1.0,2.6471174035425034e-298
2023-08-25,0,1.0,0.0
2023-08-26,0,1.0,0.0
2023-08-27,0,1.0,0.0
2023-08-28,0,1.0,1.790387983958016e-100
2023-08-29,1,2.0382069058197114e-07,0.9999997961793093
2023-08-30,1,3.036277852733972e-41,1.0
2023-08-31,1,8.71692326944223e-25,1.0
2023-09-01,1,7.125087779044663e-25,1.0
2023-09-02,1,7.295954025927482e-28,1.0
2023-09-03,1,4.6308316689199145e-19,1.0
2023-09-04,1,1.7655335259798134e-15,1.0
2023-09-05,1,2.9539514017669524e-32,1.0
2023-09-06,1,0.0007358143476212119,0.9992641856523783
2023-09-07,1,1.1465399775655313e-50,1.0
2023-09-08,1,1.9454397762866682e-56,1.0
2023-09-09,1,3.4800406418444276e-43,1.0
2023-09-10,1,2.161769401262065e-27,1.0
2023-09-11,1,1.6424235333164874e-58,1.0
2023-09-12,1,1.2016496036403137e-50,1.0
2023-09-13,1,1.6930155082167516e-55,1.0
2023-09-14,1,2.391227348419057e-59,1.0
2023-09-15,1,1.645997072064697e-60,1.0
2023-09-16,1,4.4670310415162116e-26,1.0
2023-09-17,0,1.0,5.971104923960246e-136
2023-09-18,0,0.8466161566134509,0.15338384338654937
2023-09-19,1,9.233279629310821e-07,0.9999990766720365
2023-09-20,1,1.0792670550223787e-22,1.0
2023-09-21,1,1.4297988982256725e-59,1.0
2023-09-22,1,4.716574501207198e-57,1.0
2023-09-23,1,3.913081311241034e-62,1.0
2023-09-24,0,1.0,6.115098353081873e-25
2023-09-25,1,8.149436639592237e-08,0.999999918505633
2023-09-26,1,3.366641111075116e-61,1.0
2023-09-27,1,3.7845599428270125e-20,1.0
2023-09-28,1,3.5141216672171226e-21,1.0
2023-09-29,1,9.314650047288175e-15,0.9999999999999893
2023-09-30,1,4.331348725278487e-05,0.9999566865127475
2023-10-01,0,1.0,9.939350750528776e-34
2023-10-02,1,1.2131829932227073e-51,1.0
2023-10-03,1,3.2024893027475566e-62,1.0
2023-10-04,1,6.939344205181621e-37,1.0
2023-10-05,1,6.727135067104972e-25,1.0
2023-10-06,1,3.4210412210025115e-34,1.0
2023-10-07,1,1.0414176253509604e-29,1.0
2023-10-08,1,1.37245244664031e-11,0.9999999999862759
2023-10-09,1,2.8832017937686627e-08,0.999999971167981
2023-10-10,1,8.97796916966033e-09,0.9999999910220296
2023-10-11,1,4.492439831627812e-09,0.9999999955075616
2023-10-12,1,2.5268450438271595e-07,0.9999997473154956
2023-10-13,1,1.1837522240880462e-06,0.9999988162477756
2023-10-14,1,1.0409875042995897e-27,1.0
2023-10-15,0,0.9999999984881169,1.5118830675384982e-09
2023-10-16,1,3.4193441256079027e-16,1.0
2023-10-17,1,4.174181901885225e-12,0.9999999999958256
2023-10-18,1,1.518146652578666e-07,0.9999998481853334
2023-10-19,1,9.273354052309051e-13,0.9999999999990727
2023-10-20,1,1.5533643179122588e-11,0.9999999999844658
2023-10-21,1,3.714282997447501e-07,0.9999996285717018
2023-10-22,1,2.9073903637937285e-06,0.9999970926096365
2023-10-23,1,0.016101143854463776,0.983898856145536
2023-10-24,1,1.0907354069764187e-05,0.9999890926459302
2023-10-25,0,1.0,1.5e-323
2023-10-26,0,1.0,4.546646087133036e-33
2023-10-27,0,1.0,2.441681081755055e-66
2023-10-28,0,1.0,4.517882e-317
2023-10-29,0,1.0,1.7873032280618002e-213
2023-10-30,0,1.0,0.0
2023-10-31,0,1.0,0.0
2023-11-01,0,1.0,0.0
2023-11-02,0,1.0,0.0
2023-11-03,0,1.0,0.0
2023-11-04,0,1.0,0.0
2023-11-05,0,1.0,0.0
2023-11-06,0,1.0,0.0
2023-11-07,0,1.0,0.0
2023-11-08,0,1.0,0.0
2023-11-09,0,1.0,3.8856878621088513e-218
2023-11-10,0,1.0,8.755174940594906e-236
2023-11-11,0,1.0,8.318608151507398e-182
2023-11-12,0,1.0,5.84726375304471e-159
2023-11-13,0,1.0,9.496068538275894e-56
2023-11-14,1,3.5670318303371837e-16,1.0
2023-11-15,1,5.804698979039157e-22,1.0
2023-11-16,0,1.0,7.859692703011164e-36
2023-11-17,0,1.0,7.953462657170767e-38
2023-11-18,0,0.9986329084216841,0.0013670915783167692
2023-11-19,0,1.0,1.22287282773213e-168
2023-11-20,0,1.0,1.870999782545851e-154
2023-11-21,0,1.0,0.0
2023-11-22,0,1.0,0.0
2023-11-23,0,1.0,0.0
2023-11-24,0,1.0,6.360557195712926e-85
2023-11-25,0,1.0,7.597292404306087e-126
2023-11-26,0,1.0,6.926670081848727e-197
2023-11-27,0,1.0,0.0
2023-11-28,0,1.0,5.1825485092616674e-86
2023-11-29,0,1.0,1.8470204844540903e-96
2023-11-30,0,0.9999999880329167,1.1967084043819654e-08
2023-12-01,0,0.99999547052358,4.529476419911483e-06
2023-12-02,1,2.4174863797217733e-20,1.0
2023-12-03,1,3.8039094523938124e-06,0.9999961960905475
2023-12-04,1,1.710494186759891e-08,0.9999999828950586
2023-12-05,1,2.8808086927991774e-16,1.0
2023-12-06,1,1.3993650834747438e-30,1.0
2023-12-07,1,1.5328853296270713e-39,1.0
2023-12-08,1,3.125383249328375e-17,1.0
2023-12-09,1,1.527453481432618e-14,0.9999999999999858
2023-12-10,1,9.538514641095988e-13,0.9999999999990479
2023-12-11,1,9.105409858795071e-24,1.0
2023-12-12,1,3.117749372477868e-12,0.9999999999968807
2023-12-13,1,5.381397573497271e-14,0.9999999999999467
2023-12-14,1,3.8989547874885355e-16,1.0
2023-12-15,1,7.422657602657688e-16,1.0
2023-12-16,1,8.630398344266247e-17,1.0
2023-12-17,1,1.5259024045724803e-16,1.0
2023-12-18,1,2.530062291284949e-28,1.0
2023-12-19,0,0.9705850728926155,0.029414927107384498
2023-12-20,0,1.0,2.860702635992422e-242
2023-12-21,1,7.807417937179404e-12,0.9999999999921911
2023-12-22,1,2.563779744491364e-15,0.9999999999999964
2023-12-23,1,2.2514554069787682e-18,1.0
2023-12-24,1,3.1139354898532974e-29,1.0
2023-12-25,1,0.00021607128171816176,0.9997839287182815
2023-12-26,0,1.0,0.0
2023-12-27,1,5.040978019996299e-11,0.9999999999495905
2023-12-28,1,2.1778093105513677e-12,0.9999999999978222
2023-12-29,1,2.0762637714230234e-05,0.9999792373622859
2023-12-30,0,1.0,6.221212064023504e-147
2023-12-31,0,1.0,1.4325033107274216e-80
2024-01-01,0,1.0,0.0
2024-01-02,0,1.0,8.322209281524812e-21
2024-01-03,1,0.0014612418512331981,0.9985387581487668
2024-01-04,1,0.00019817674193053832,0.9998018232580692
2024-01-05,1,2.807648375723641e-20,1.0
2024-01-06,1,1.317371210567851e-15,1.0
2024-01-07,1,3.758807459438905e-26,1.0
2024-01-08,1,5.113801094049784e-07,0.9999994886198913
2024-01-09,1,7.815700325706398e-21,1.0
2024-01-10,1,1.9605885526966148e-17,1.0
2024-01-11,1,1.4545745068817753e-33,1.0
2024-01-12,1,3.737882503196039e-13,0.999999999999627
2024-01-13,1,5.5232093557423136e-14,0.9999999999999432
2024-01-14,1,6.216747856029228e-17,1.0
2024-01-15,1,0.0023093159246269693,0.9976906840753732
2024-01-16,1,1.781373724356961e-30,1.0
2024-01-17,1,1.640884062181037e-11,0.99999999998359
2024-01-18,1,2.8971757931873254e-31,1.0
2024-01-19,1,3.6704916535473634e-19,1.0
2024-01-20,1,1.672070935674165e-36,1.0
2024-01-21,1,1.0357294968199223e-21,1.0
2024-01-22,1,1.6626039220309593e-51,1.0
2024-01-23,1,2.7395794364137066e-25,1.0
2024-01-24,1,1.6820481513103915e-19,1.0
2024-01-25,1,2.005270225495863e-24,1.0
2024-01-26,1,2.140309014590712e-16,1.0
2024-01-27,1,6.995341970522896e-09,0.999999993004657
2024-01-28,1,1.510572261118192e-09,0.9999999984894288
2024-01-29,1,4.208932186016255e-14,0.9999999999999574
2024-01-30,1,8.419339740655659e-16,1.0
2024-01-31,1,1.202998669976405e-13,0.9999999999998792
2024-02-01,1,1.2990023519694096e-46,1.0
2024-02-02,1,6.0889531994557755e-37,1.0
2024-02-03,1,3.6893211355854645e-13,0.9999999999996305
2024-02-04,0,0.9999971662871068,2.8337128931313504e-06
2024-02-05,0,0.9999992140719909,7.859280089588287e-07
2024-02-06,0,1.0,0.0
2024-02-07,1,4.665625958153123e-11,0.9999999999533422
2024-02-08,0,1.0,0.0
2024-02-09,1,8.384804612695535e-24,1.0
2024-02-10,1,3.970001923757683e-11,0.9999999999602984
2024-02-11,1,3.3875980063570513e-16,1.0
2024-02-12,1,2.1626729954739862e-15,0.9999999999999964
2024-02-13,1,2.0741898702011711e-16,1.0
2024-02-14,1,2.924727175213989e-09,0.9999999970752746
2024-02-15,1,4.067203558196623e-06,0.9999959327964415
2024-02-16,1,2.9255140664554138e-30,1.0
2024-02-17,1,1.0692888489044909e-14,0.9999999999999893
2024-02-18,1,1.43260761244143e-11,0.9999999999856755
2024-02-19,1,1.7723931309716064e-14,0.9999999999999822
2024-02-20,1,4.862834793345601e-15,0.9999999999999964
2024-02-21,1,5.802288541577689e-60,1.0
2024-02-22,0,1.0,6.873340785068542e-48
2024-02-23,1,8.925893112881248e-09,0.9999999910741053
2024-02-24,1,1.0831126498842495e-14,0.9999999999999893
2024-02-25,1,1.7483033006150408e-41,1.0
2024-02-26,1,1.3385669507037177e-10,0.9999999998661444
2024-02-27,1,1.640224002918731e-11,0.9999999999835971
2024-02-28,0,1.0,5.89547738442885e-310
2024-02-29,1,6.088011503393808e-27,1.0
2024-03-01,1,2.2507024075441316e-16,1.0
2024-03-02,1,1.7037870401817554e-30,1.0
2024-03-03,1,2.2597964984600624e-17,1.0
2024-03-04,1,4.810214928100157e-09,0.9999999951897856
2024-03-05,1,2.988921183083093e-09,0.9999999970110807
2024-03-06,1,8.597862247090789e-15,0.9999999999999929
2024-03-07,1,2.3043118850697445e-09,0.9999999976956886
2024-03-08,1,1.8402425308317555e-20,1.0
2024-03-09,1,1.3334572780762818e-23,1.0
2024-03-10,1,1.2496939650361258e-12,0.9999999999987494
2024-03-11,1,7.300017375562258e-13,0.9999999999992717
2024-03-12,1,1.8876362904057368e-16,1.0
2024-03-13,1,7.499350218413078e-28,1.0
2024-03-14,1,5.3352584719872876e-05,0.9999466474152793
2024-03-15,1,5.554531154430634e-22,1.0
2024-03-16,1,7.11432666714767e-26,1.0
2024-03-17,1,1.0322020404773536e-25,1.0
2024-03-18,0,1.0,5.046235500030677e-117
2024-03-19,1,9.846239089418004e-16,1.0
2024-03-20,1,2.4689038540976378e-08,0.9999999753109602
2024-03-21,1,1.8079114725146216e-32,1.0
2024-03-22,1,4.158591088640406e-18,1.0
2024-03-23,0,0.999999976765116,2.323488360726119e-08
2024-03-24,0,1.0,7.92076453808998e-31
2024-03-25,1,1.674091734824708e-05,0.9999832590826517
2024-03-26,1,9.527465728132828e-17,1.0
2024-03-27,0,0.9999411704107292,5.8829589270845256e-05
2024-03-28,0,1.0,4.891424751799429e-60
2024-03-29,0,0.999999600084938,3.9991506186249794e-07
2024-03-30,1,4.228266112871659e-11,0.9999999999577174
2024-03-31,1,9.943486816014037e-16,1.0
2024-04-01,1,0.01307766853672233,0.9869223314632778
2024-04-02,1,1.0938060201349303e-47,1.0
2024-04-03,1,2.6707862946813307e-07,0.9999997329213707
2024-04-04,0,1.0,1.2514224878052192e-43
2024-04-05,0,1.0,1.2466878081454173e-66
2024-04-06,0,1.0,3.9675649124743344e-95
2024-04-07,0,0.9999999999999982,1.3523612848233495e-15
2024-04-08,0,0.985812560812108,0.014187439187892004
2024-04-09,1,1.029272582555708e-12,0.9999999999989697
2024-04-10,0,1.0,5.376725610411135e-85
2024-04-11,1,1.1675980873232152e-21,1.0
2024-04-12,1,4.609736824440779e-25,1.0
2024-04-13,1,1.456979520754385e-20,1.0
2024-04-14,1,2.8699715878497423e-20,1.0
2024-04-15,1,1.5953142766399367e-12,0.9999999999984048
2024-04-16,1,1.3848992122271171e-08,0.9999999861510069
2024-04-17,1,1.5956305343261573e-28,1.0
2024-04-18,1,3.7509927125915245e-23,1.0
2024-04-19,1,1.4702637064682864e-09,0.9999999985297361
2024-04-20,1,5.204905967725866e-13,0.9999999999994813
2024-04-21,0,1.0,2.79615258978989e-227
2024-04-22,0,1.0,0.0
2024-04-23,0,1.0,0.0
2024-04-24,0,1.0,0.0
2024-04-25,0,1.0,5.7811676025e-314
2024-04-26,0,1.0,4.571806353102682e-217
2024-04-27,0,1.0,0.0
2024-04-28,1,2.1399673867148896e-18,1.0
2024-04-29,0,1.0,8.779930092087375e-215
2024-04-30,0,1.0,7.54587140651129e-35
2024-05-01,0,1.0,1.6056592077738516e-55
2024-05-02,0,1.0,2.3871896771703138e-85
2024-05-03,1,0.31976152066542657,0.6802384793345743
2024-05-04,1,1.5920764601521266e-50,1.0
2024-05-05,1,3.1572287227728253e-11,0.999999999968427
2024-05-06,1,5.44037478992724e-12,0.9999999999945608
2024-05-07,1,3.1766372186708436e-10,0.9999999996823377
2024-05-08,1,4.640018299355722e-07,0.9999995359981686
2024-05-09,0,1.0,7.809081558592513e-17
2024-05-10,1,0.20110102864771992,0.7988989713522802
2024-05-11,1,1.6015119563501303e-12,0.9999999999983977
2024-05-12,0,1.0,2.261011750404982e-190
2024-05-13,0,1.0,2.4735335678995045e-49
2024-05-14,0,1.0,2.8099627149072047e-67
2024-05-15,0,1.0,2.784404568187484e-65
2024-05-16,0,1.0,1.8870116047925306e-87
2024-05-17,0,1.0,0.0
2024-05-18,0,1.0,0.0
2024-05-19,0,1.0,2.1408949407470264e-308
2024-05-20,0,1.0,2.1448381098991827e-299
2024-05-21,0,1.0,5.992642508832095e-61
2024-05-22,0,0.9999567614251116,4.323857488819218e-05
2024-05-23,1,4.5495647803451483e-08,0.9999999545043511
2024-05-24,0,1.0,4.106296971184441e-84
2024-05-25,0,1.0,1.707565769502335e-140
2024-05-26,0,1.0,0.0
2024-05-27,0,1.0,1.9575847677932593e-79
2024-05-28,0,1.0,7.761697666298502e-251
2024-05-29,0,1.0,3.963517935760978e-63
2024-05-30,0,1.0,0.0
2024-05-31,0,1.0,0.0
2024-06-01,0,1.0,1.1924649740784017e-193
2024-06-02,0,1.0,3.2855308571083165e-275
2024-06-03,0,1.0,1.073343072795218e-208
2024-06-04,0,1.0,1.6216840068079023e-38
2024-06-05,0,1.0,2.5578837901856495e-171
2024-06-06,1,3.067730648521772e-09,0.9999999969322708
2024-06-07,0,1.0,1.9431223153236933e-59
2024-06-08,0,1.0,3.058288380578672e-93
2024-06-09,0,1.0,1.6949871100755232e-65
2024-06-10,0,1.0,3.694575388114649e-156
2024-06-11,0,1.0,8.060673868198626e-44
2024-06-12,0,1.0,3.21177176391762e-41
2024-06-13,1,1.8166487124481813e-08,0.9999999818335114
2024-06-14,1,1.5069804984491377e-20,1.0
2024-06-15,0,1.0,1.3992034046247009e-90
2024-06-16,0,1.0,2.450180904123417e-50
2024-06-17,0,1.0,7.1905073579285e-300
2024-06-18,0,1.0,1.08723914102503e-310
2024-06-19,0,1.0,3.89351116760655e-186
2024-06-20,0,1.0,3.187878261066021e-110
2024-06-21,0,1.0,9.44702708502857e-106
2024-06-22,0,1.0,1.6362247534482145e-122
2024-06-23,1,4.9778162772902455e-18,1.0
2024-06-24,0,1.0,1.3587914299632586e-69
2024-06-25,0,1.0,1.7514322984905342e-43
2024-06-26,0,1.0,1.0977574877219887e-79
2024-06-27,0,1.0,1.5078582823094386e-82
2024-06-28,0,1.0,4.664240312945353e-271
2024-06-29,0,1.0,0.0
2024-06-30,1,7.357065063148249e-05,0.9999264293493682
2024-07-01,0,1.0,1.5086748160369113e-135
2024-07-02,0,1.0,2.873188002706599e-204
2024-07-03,0,1.0,1.3239604889571224e-54
2024-07-04,0,1.0,1.533258284776494e-123
2024-07-05,0,1.0,0.0
2024-07-06,0,1.0,3.474894632130511e-260
2024-07-07,0,1.0,6.088469843963242e-281
2024-07-08,0,1.0,0.0
2024-07-09,0,1.0,8.381767171828956e-192
2024-07-10,0,1.0,0.0
2024-07-11,0,1.0,2.4673938802430153e-150
2024-07-12,0,1.0,1.8108984915845584e-16
2024-07-13,0,0.9999999999838014,1.6199451830613214e-11
2024-07-14,1,5.204701333505733e-57,1.0
2024-07-15,0,0.9999999589486963,4.105130280398774e-08
2024-07-16,0,0.5415618270697663,0.4584381729302344
2024-07-17,0,1.0,1.6222276226193715e-58
2024-07-18,1,7.593466743238079e-12,0.9999999999924079
2024-07-19,1,3.7058475698586803e-10,0.9999999996294164
2024-07-20,0,1.0,5.634611102525096e-36
2024-07-21,0,0.9999999999994174,5.822985154814722e-13
2024-07-22,1,2.12829444535421e-15,0.9999999999999964
2024-07-23,1,1.6972996820281316e-05,0.9999830270031803
2024-07-24,0,1.0,1.3790118950652901e-27
2024-07-25,0,1.0,1.8484127599436137e-69
2024-07-26,0,1.0,2.7492637364932447e-34
2024-07-27,1,0.007680214138020455,0.9923197858619787
2024-07-28,0,1.0,2.5527763986216025e-172
2024-07-29,0,1.0,1.1422279576836953e-24
2024-07-30,1,2.3468793747027107e-05,0.9999765312062515
2024-07-31,0,1.0,1.425706100973914e-17
2024-08-01,1,1.2313098113641953e-20,1.0
2024-08-02,0,1.0,0.0
2024-08-03,1,0.00027339415340877515,0.9997266058465919
2024-08-04,1,6.135812690898293e-06,0.9999938641873084
2024-08-05,1,1.378389205078236e-05,0.9999862161079482
2024-08-06,1,2.7976273866280747e-06,0.9999972023726134
2024-08-07,1,4.434753910672803e-06,0.9999955652460898
2024-08-08,1,7.436417123623307e-08,0.9999999256358293
2024-08-09,0,1.0,7.295352564239578e-86
2024-08-10,1,1.6452921630508404e-06,0.999998354707836
2024-08-11,0,1.0,0.0
2024-08-12,1,7.360394541909183e-12,0.9999999999926388
2024-08-13,1,2.2008019646408922e-16,1.0
2024-08-14,1,2.8219819587125836e-06,0.9999971780180409
2024-08-15,1,5.535696835026776e-12,0.9999999999944649
2024-08-16,1,1.5320623072762765e-23,1.0
2024-08-17,1,5.87028564352597e-13,0.9999999999994138
2024-08-18,1,2.2850218350497766e-18,1.0
2024-08-19,1,2.305666564449359e-16,1.0
2024-08-20,1,1.2125519301466186e-06,0.9999987874480707
2024-08-21,1,1.923054721383969e-15,0.9999999999999982
2024-08-22,1,6.16927134233882e-13,0.9999999999993818
2024-08-23,1,1.6324383678466825e-18,1.0
2024-08-24,1,2.021253768399848e-09,0.9999999979787475
2024-08-25,1,0.005368278156683427,0.9946317218433163
2024-08-26,0,1.0,0.0
2024-08-27,0,1.0,2.027516819544709e-91
2024-08-28,1,0.0004586274987332462,0.9995413725012676
2024-08-29,1,6.81901406197534e-08,0.999999931809859
2024-08-30,0,0.9999999919781208,8.021878966747384e-09
2024-08-31,1,4.728130599360305e-15,0.9999999999999964
2024-09-01,1,6.684316343869488e-07,0.9999993315683642
2024-09-02,0,0.9985072674098975,0.001492732590102141
2024-09-03,1,5.773979755857754e-21,1.0
2024-09-04,1,6.709280517189117e-25,1.0
2024-09-05,1,1.0593580431366923e-22,1.0
2024-09-06,1,3.2644813771482787e-10,0.9999999996735518
2024-09-07,1,2.1249746169998474e-15,0.9999999999999964
2024-09-08,0,1.0,2.0603374006640618e-76
2024-09-09,0,1.0,2.9593751175794023e-47
2024-09-10,1,1.7711328378965085e-38,1.0
2024-09-11,1,2.0995989687350327e-23,1.0
2024-09-12,1,8.534270165205761e-29,1.0
2024-09-13,1,1.4948485460630185e-20,1.0
2024-09-14,1,9.974211090360651e-30,1.0
2024-09-15,0,1.0,3.993810174585653e-27
2024-09-16,1,2.2458138372191014e-42,1.0
2024-09-17,1,1.266753605619045e-48,1.0
2024-09-18,1,4.4659660314080236e-46,1.0
2024-09-19,1,1.742096045866991e-36,1.0
2024-09-20,1,2.5382589455387433e-59,1.0
2024-09-21,1,1.098235165434433e-61,1.0
2024-09-22,1,5.919621255943491e-54,1.0
2024-09-23,1,2.517821892880166e-59,1.0
2024-09-24,1,1.028274366014784e-59,1.0
2024-09-25,1,3.898777298210122e-29,1.0
2024-09-26,1,1.5669245014312185e-29,1.0
2024-09-27,1,2.316829290288895e-24,1.0
2024-09-28,1,1.0721150078996925e-24,1.0
2024-09-29,1,1.0658082296620076e-19,1.0
2024-09-30,1,4.9062216837699706e-61,1.0
2024-10-01,0,1.0,1.3530638259709847e-29
2024-10-02,0,1.0,1.9571056489350515e-99
2024-10-03,0,1.0,3.4995742772441137e-221
2024-10-04,0,1.0,4.409126989432538e-39
2024-10-05,0,1.0,2.6704189553305666e-185
2024-10-06,0,1.0,3.3846102722735715e-72
2024-10-07,1,2.313168377080105e-15,0.9999999999999964
2024-10-08,1,0.00020157609436234546,0.9997984239056378
2024-10-09,0,0.9986121180743592,0.0013878819256406857
2024-10-10,0,1.0,6.337692793750748e-29
2024-10-11,0,1.0,0.0
2024-10-12,0,1.0,4.254932594555051e-197
2024-10-13,0,1.0,0.0
2024-10-14,0,1.0,0.0
2024-10-15,0,1.0,7.978406485890107e-17
2024-10-16,0,1.0,1.8301833383360038e-23
2024-10-17,0,1.0,1.0154872234750846e-195
2024-10-18,1,2.386692860115094e-21,1.0
2024-10-19,0,1.0,4.86400662430016e-289
2024-10-20,0,0.9999885223224352,1.1477677565042803e-05
2024-10-21,0,1.0,0.0
2024-10-22,0,1.0,1.2794513634529774e-298
2024-10-23,0,1.0,5.0773814707165304e-291
2024-10-24,0,1.0,7.473767777092278e-206
2024-10-25,1,3.6166077263233523e-08,0.9999999638339225
2024-10-26,0,1.0,8.002069550887693e-240
2024-10-27,0,1.0,0.0
2024-10-28,0,0.999999955264134,4.473586580816239e-08
2024-10-29,1,6.045477173404214e-17,1.0
2024-10-30,1,3.3767358614289147e-15,0.9999999999999964
2024-10-31,1,4.638442270156882e-61,1.0
2024-11-01,1,4.605494466100228e-61,1.0
2024-11-02,1,4.118847650907891e-42,1.0
2024-11-03,1,4.605494466100228e-61,1.0
2024-11-04,0,0.9999999956070917,4.39290832551734e-09
2024-11-05,0,1.0,1.5093045919763604e-267
2024-11-06,0,1.0,0.0
2024-11-07,0,1.0,2.8141299174277706e-138
2024-11-08,0,1.0,0.0
2024-11-09,0,1.0,1.2068060875714274e-61
2024-11-10,0,1.0,7.549009748344898e-189
2024-11-11,0,1.0,1.0808266187200933e-93
2024-11-12,0,1.0,0.0
2024-11-13,0,1.0,0.0
2024-11-14,0,1.0,5.570754292328592e-258
2024-11-15,0,1.0,0.0
2024-11-16,0,1.0,0.0
2024-11-17,0,1.0,0.0
2024-11-18,0,1.0,0.0
2024-11-19,0,1.0,0.0
2024-11-20,0,1.0,1.1426707470751537e-50
2024-11-21,0,1.0,0.0
2024-11-22,0,1.0,0.0
2024-11-23,0,1.0,0.0
2024-11-24,0,1.0,0.0
2024-11-25,0,1.0,3.1573862552968894e-183
2024-11-26,0,1.0,0.0
2024-11-27,0,1.0,4.0809345674347807e-73
2024-11-28,1,0.0005075818489611943,0.9994924181510396
2024-11-29,0,1.0,0.0
2024-11-30,0,1.0,0.0
2024-12-01,0,1.0,0.0
2024-12-02,1,0.036090633963911344,0.9639093660360889
2024-12-03,1,1.7466393625530362e-28,1.0
2024-12-04,1,9.914556877217892e-22,1.0
2024-12-05,1,2.1484795377276903e-19,1.0
2024-12-06,1,1.4505269345007312e-27,1.0
2024-12-07,1,2.154223417716059e-35,1.0
2024-12-08,0,1.0,0.0
2024-12-09,1,4.633485617448173e-33,1.0
2024-12-10,1,2.874198058437547e-20,1.0
2024-12-11,1,3.2116615630195415e-14,0.999999999999968
2024-12-12,1,6.498061717928143e-14,0.999999999999936
2024-12-13,1,9.762854018578534e-28,1.0
2024-12-14,1,9.127737500805301e-18,1.0
2024-12-15,0,1.0,1.293347906635949e-63
2024-12-16,0,1.0,1.387530417895032e-74
2024-12-17,0,0.9999999999999964,3.675952533318686e-15
2024-12-18,1,0.3051796996307395,0.6948203003692606
2024-12-19,0,0.996894839070461,0.003105160929539571
2024-12-20,0,1.0,7.317837571854424e-28
2024-12-21,1,1.4347182815649948e-06,0.9999985652817187
2024-12-22,1,0.01833095253834144,0.981669047461659
2024-12-23,0,1.0,0.0
2024-12-24,0,1.0,1.1590555152336512e-47
2024-12-25,0,1.0,0.0
2024-12-26,0,1.0,0.0
2024-12-27,0,1.0,0.0
2024-12-28,0,1.0,3.011682009467992e-35
2024-12-29,0,1.0,0.0
2024-12-30,0,1.0,0.0
2024-12-31,0,1.0,0.0
2025-01-01,0,1.0,0.0
2025-01-02,0,1.0,1.5724374890784911e-74
2025-01-03,1,3.182270083605966e-11,0.9999999999681783
2025-01-04,1,5.536435255990103e-10,0.9999999994463558
2025-01-05,0,1.0,0.0
2025-01-06,0,1.0,1.5369824603720405e-259
2025-01-07,0,1.0,1.0393370582376236e-216
2025-01-08,1,0.0002604624582789483,0.9997395375417207
2025-01-09,0,1.0,1.0313288473974489e-23
2025-01-10,1,0.001367796574572984,0.9986322034254274
2025-01-11,1,1.331145142282575e-06,0.9999986688548588
2025-01-12,0,0.9999999992163469,7.836531815008663e-10
2025-01-13,1,0.3283615305404535,0.6716384694595464
2025-01-14,0,0.9343647544752842,0.0656352455247158
2025-01-15,0,1.0,1.330742688092042e-22
2025-01-16,1,1.540862049505809e-15,1.0
2025-01-17,1,1.241464025585443e-10,0.999999999875854
2025-01-18,0,1.0,4.578713340817067e-29
2025-01-19,0,1.0,8.10566033608577e-17
2025-01-20,0,1.0,5.72632291328261e-25
2025-01-21,0,0.9999999999989646,1.0354073630712207e-12
2025-01-22,1,1.5319381530925805e-14,0.999999999999984
2025-01-23,1,7.984881947260302e-20,1.0
2025-01-24,1,5.546621970256196e-15,0.9999999999999929
2025-01-25,1,7.91694211240171e-13,0.9999999999992077
2025-01-26,1,0.10376886622133896,0.8962311337786611
2025-01-27,0,1.0,3.392851320985729e-51
2025-01-28,0,1.0,9.06794010391389e-52
2025-01-29,0,1.0,7.826081157502136e-30
2025-01-30,0,1.0,3.1228181009359816e-41
2025-01-31,0,1.0,6.134467403229403e-94
2025-02-01,0,1.0,2.026265785211923e-18
2025-02-02,0,1.0,2.844633961023845e-216
2025-02-03,0,1.0,1.9594306443508697e-18
2025-02-04,1,1.640784002508658e-18,1.0
2025-02-05,1,1.3453713066340244e-09,0.99999999865463
2025-02-06,0,0.6813454749732599,0.3186545250267399
2025-02-07,0,1.0,9.740613712355337e-52
2025-02-08,0,0.8654393044524322,0.134560695547568
2025-02-09,0,1.0,5.37948251580708e-69
2025-02-10,0,1.0,6.047896163127817e-72
2025-02-11,0,1.0,0.0
2025-02-12,0,1.0,5.3432841886101206e-269
2025-02-13,0,1.0,2.6140796213731707e-116
2025-02-14,1,7.288722748077628e-07,0.9999992711277265
2025-02-15,1,7.126168782855774e-16,1.0
2025-02-16,0,1.0,7.54764844642157e-109
2025-02-17,0,1.0,1.6354119409191652e-133
2025-02-18,0,1.0,4.1955978897142704e-150
2025-02-19,0,1.0,3.8780319091430414e-112
2025-02-20,0,1.0,2.539758047520948e-103
2025-02-21,0,1.0,6.351054831833063e-104
2025-02-22,0,1.0,5.778887533846028e-63
2025-02-23,0,1.0,4.638624783468456e-55
2025-02-24,0,1.0,3.201893138376016e-227
2025-02-25,0,1.0,0.0
2025-02-26,0,1.0,4.766023199357648e-230
2025-02-27,0,1.0,4.681447974395705e-275
2025-02-28,0,1.0,0.0
2025-03-01,1,1.5875193609357323e-09,0.9999999984124806
2025-03-02,0,1.0,1.8650954993964618e-27
2025-03-03,0,1.0,1.4658139201653753e-87
2025-03-04,0,1.0,2.5823541751018075e-232
2025-03-05,0,1.0,1.862461356312237e-34
2025-03-06,0,1.0,0.0
2025-03-07,0,1.0,0.0
2025-03-08,0,1.0,0.0
2025-03-09,0,1.0,0.0
2025-03-10,0,1.0,1.076504938e-314
2025-03-11,0,1.0,0.0
2025-03-12,0,1.0,0.0
2025-03-13,0,1.0,8.572466103322398e-153
2025-03-14,0,1.0,0.0
2025-03-15,0,1.0,5.512721211981048e-279
2025-03-16,0,1.0,1.816897612638932e-199
2025-03-17,0,1.0,1.4719824614352898e-237
2025-03-18,0,1.0,0.0
2025-03-19,0,1.0,0.0
2025-03-20,0,1.0,0.0
2025-03-21,0,1.0,5.7787231469514606e-182
2025-03-22,0,1.0,2.536714432375893e-69
2025-03-23,0,1.0,2.0225403382939512e-131
2025-03-24,0,1.0,1.25567248563616e-309
2025-03-25,0,1.0,0.0
2025-03-26,0,1.0,1.054945883285851e-307
2025-03-27,0,1.0,2.620022087056032e-217
2025-03-28,0,1.0,0.0
2025-03-29,0,0.9935574901736876,0.00644250982631218
2025-03-30,0,1.0,2.653585089923668e-308
2025-03-31,0,1.0,0.0
2025-04-01,0,1.0,1.733971715489992e-176
2025-04-02,0,1.0,6.10472044521271e-262
2025-04-03,0,1.0,0.0
2025-04-04,0,1.0,0.0
2025-04-05,1,9.044629612128864e-09,0.9999999909553701
2025-04-06,0,0.9999999999999947,5.6834302494181055e-15
2025-04-07,0,1.0,0.0
2025-04-08,0,1.0,0.0
2025-04-09,0,1.0,0.0
2025-04-10,0,1.0,1.388241758676237e-63
2025-04-11,1,3.4160110894099227e-05,0.9999658398891041
2025-04-12,1,4.2536044343672723e-07,0.9999995746395579
2025-04-13,1,5.939559932504492e-16,1.0
2025-04-14,1,1.976519589519453e-18,1.0
2025-04-15,0,0.9999999999780638,2.1937010618959306e-11
2025-04-16,0,1.0,2.6590079305361616e-23
2025-04-17,1,5.128417213978097e-14,0.9999999999999503
2025-04-18,1,4.0584670657565277e-17,1.0
2025-04-19,1,1.257275416294125e-24,1.0
2025-04-20,1,6.282201434015484e-25,1.0
2025-04-21,1,7.545374354928481e-09,0.9999999924546259
2025-04-22,0,1.0,5.054793271614302e-301
2025-04-23,0,1.0,0.0
2025-04-24,0,1.0,0.0
2025-04-25,1,4.30755313408744e-13,0.9999999999995701
2025-04-26,1,1.446959772394993e-21,1.0
2025-04-27,1,3.2210460676285797e-47,1.0
2025-04-28,1,4.500518582098624e-28,1.0
2025-04-29,1,1.1516717157088795e-22,1.0
2025-04-30,1,2.1367516304472316e-41,1.0
2025-05-01,1,4.236971265082192e-53,1.0
2025-05-02,1,9.563280749908458e-32,1.0
2025-05-03,1,6.4015440822087215e-65,1.0
2025-05-04,1,6.028584747140926e-65,1.0
2025-05-05,1,3.901205218111554e-28,1.0
2025-05-06,0,1.0,0.0
2025-05-07,1,6.106424003552845e-28,1.0
2025-05-08,1,1.472961531857468e-27,1.0
2025-05-09,1,1.7814523807165357e-27,1.0
2025-05-10,1,3.444779376420377e-34,1.0
2025-05-11,1,1.436571338580153e-48,1.0
2025-05-12,0,1.0,0.0
2025-05-13,0,1.0,0.0
2025-05-14,0,1.0,0.0
2025-05-15,1,6.582159328926742e-14,0.999999999999936
2025-05-16,1,1.4054152389474516e-29,1.0
2025-05-17,1,1.602792366856436e-34,1.0
2025-05-18,1,1.0083883473035664e-36,1.0
2025-05-19,0,1.0,1.6712128539990574e-103
2025-05-20,0,1.0,0.0
2025-05-21,0,1.0,0.0
2025-05-22,0,1.0,0.0
2025-05-23,0,1.0,0.0
2025-05-24,1,1.478981191486621e-29,1.0
2025-05-25,1,4.141246770509607e-32,1.0
2025-05-26,1,4.353639833248028e-27,1.0
2025-05-27,0,1.0,5.506988004528539e-90
2025-05-28,0,1.0,6.585880513461528e-91
2025-05-29,0,1.0,0.0
2025-05-30,1,3.6593549515471666e-29,1.0
2025-05-31,1,3.72832605186557e-32,1.0
2025-06-01,1,9.556125918644292e-27,1.0
2025-06-02,1,5.078839230215697e-27,1.0
2025-06-03,1,1.0433317332860034e-24,1.0
2025-06-04,1,1.0149621926118581e-22,1.0
2025-06-05,1,3.357791859942487e-22,1.0
2025-06-06,1,2.7075402455010885e-25,1.0
2025-06-07,1,1.0096115963956724e-29,1.0
2025-06-08,1,1.2717039339071746e-30,1.0
2025-06-09,0,0.9996876647605881,0.0003123352394117164
2025-06-10,1,6.082015375252558e-61,1.0
2025-06-11,1,4.205476561243041e-62,1.0
2025-06-12,1,2.3603812916107532e-27,1.0
2025-06-13,1,2.3942950479113922e-58,1.0
2025-06-14,1,8.486311369578465e-08,0.9999999151368861
2025-06-15,1,6.910186897628517e-65,1.0
2025-06-16,1,4.0649810172096325e-27,1.0
2025-06-17,1,6.083498574604981e-65,1.0
2025-06-18,1,4.019938827902224e-39,1.0
2025-06-19,1,5.109799183297119e-50,1.0
2025-06-20,1,4.5377474420154616e-30,1.0
2025-06-21,1,2.1729411001344494e-63,1.0
2025-06-22,1,6.155047687723741e-65,1.0
2025-06-23,1,6.053863247953971e-43,1.0
2025-06-24,0,1.0,5.815873822728628e-61
2025-06-25,0,1.0,0.0
2025-06-26,0,1.0,0.0
2025-06-27,0,1.0,7.293135444469045e-96
2025-06-28,1,1.489544295254805e-28,1.0
2025-06-29,1,1.6637500739026712e-61,1.0
2025-06-30,1,1.728207052452366e-27,1.0
2025-07-01,1,2.199472291575305e-22,1.0
2025-07-02,0,1.0,3.269049113649154e-122
2025-07-03,1,0.0001467102643576388,0.9998532897356439
2025-07-04,1,2.8285717523576147e-08,0.9999999717142818
2025-07-05,1,9.915650335377501e-09,0.9999999900843513
2025-07-06,1,6.6830222246247715e-65,1.0
2025-07-07,0,1.0,1.3905441353161259e-171
2025-07-08,0,1.0,0.0
2025-07-09,0,1.0,0.0
2025-07-10,0,1.0,6.201060945046954e-94
2025-07-11,0,1.0,2.3822013578915686e-162
2025-07-12,0,0.999999993808558,6.191441805898555e-09
2025-07-13,1,1.855634437608934e-05,0.9999814436556237
2025-07-14,1,1.5254951435552016e-20,1.0
2025-07-15,0,1.0,5.2054467530945425e-117
2025-07-16,0,1.0,2.0618970822404606e-73
2025-07-17,0,1.0,1.5622175682330273e-37
2025-07-18,0,1.0,4.1658182267530383e-281
2025-07-19,1,2.8586000273079703e-10,0.9999999997141416
2025-07-20,1,5.590174043261838e-13,0.9999999999994422
2025-07-21,0,1.0,5.0283937840379777e-95
2025-07-22,0,1.0,6.645695308745085e-281
2025-07-23,0,1.0,0.0
2025-07-24,0,1.0,0.0
2025-07-25,0,1.0,1.7250286088658492e-30
2025-07-26,1,4.030506162733859e-09,0.9999999959694925
2025-07-27,1,5.109399624497886e-11,0.9999999999489066
2025-07-28,0,1.0,1.2459341766015173e-269
2025-07-29,0,1.0,1.0885658917913298e-169
2025-07-30,0,1.0,0.0
2025-07-31,0,1.0,0.0
2025-08-01,0,1.0,0.0
2025-08-02,0,1.0,6.1336589306126866e-152
2025-08-03,0,1.0,4.339758926330028e-21
2025-08-04,0,1.0,0.0
2025-08-05,0,1.0,0.0
2025-08-06,0,1.0,0.0
2025-08-07,0,1.0,0.0
2025-08-08,0,1.0,0.0
2025-08-09,0,1.0,3.702836994643897e-21
2025-08-10,0,1.0,2.6535264301823196e-48
2025-08-11,0,1.0,0.0
2025-08-12,0,1.0,0.0
2025-08-13,0,1.0,0.0
2025-08-14,0,1.0,0.0
2025-08-15,0,1.0,1.3543023042096658e-115
2025-08-16,0,1.0,2.869654466997543e-88
2025-08-17,1,4.0208387521870115e-05,0.9999597916124789
2025-08-18,0,1.0,6.571851320833885e-57
2025-08-19,0,1.0,3.017084394584859e-162
2025-08-20,0,1.0,1.0387718567049453e-54
2025-08-21,0,1.0,4.387280956574149e-93
2025-08-22,1,1.0698166183498266e-16,1.0
2025-08-23,0,1.0,4.355773679769323e-165
2025-08-24,0,1.0,0.0
2025-08-25,0,0.8955694993573672,0.10443050064263291
2025-08-26,0,1.0,2.531178394880443e-122
2025-08-27,0,1.0,1.1658298497547783e-54
2025-08-28,0,1.0,6.755053034596386e-234
2025-08-29,0,1.0,8.509825555447031e-68
2025-08-30,0,1.0,4.295025148943728e-125
2025-08-31,0,1.0,3.5375051297916963e-181
2025-09-01,0,1.0,0.0
2025-09-02,0,1.0,0.0
2025-09-03,0,1.0,0.0
2025-09-04,0,1.0,0.0
2025-09-05,0,1.0,0.0
2025-09-06,0,1.0,1.928993696623212e-161
2025-09-07,0,0.9437708142978657,0.05622918570213365
2025-09-08,0,1.0,0.0
2025-09-09,0,1.0,0.0
2025-09-10,0,1.0,0.0
2025-09-11,0,1.0,0.0
2025-09-12,0,1.0,0.0
2025-09-13,0,1.0,0.0
2025-09-14,0,1.0,4.798004193094105e-167
2025-09-15,0,1.0,0.0
2025-09-16,0,1.0,0.0
2025-09-17,0,1.0,0.0
2025-09-18,0,1.0,9.666930909964086e-132
2025-09-19,0,1.0,9.340755290171471e-48
2025-09-20,0,1.0,1.0824641163784449e-43
2025-09-21,0,1.0,1.0888126696659149e-74
2025-09-22,0,1.0,0.0
2025-09-23,0,1.0,0.0
2025-09-24,0,1.0,5.3443599089864474e-36
2025-09-25,0,1.0,1.832000089411931e-97
2025-09-26,0,1.0,1.6152697689185783e-190
2025-09-27,0,1.0,0.0
2025-09-28,0,1.0,1.8387511641888186e-72
2025-09-29,0,1.0,0.0
2025-09-30,0,1.0,2.5475418780519976e-221
2025-10-01,0,1.0,0.0
2025-10-02,0,1.0,0.0
2025-10-03,0,1.0,1.8619615658510823e-74
2025-10-04,0,1.0,6.1974162909780625e-56
2025-10-05,0,1.0,0.0
2025-10-06,0,1.0,2.3964650481800703e-164
2025-10-07,0,1.0,1.648220914257765e-64
2025-10-08,0,1.0,2.0803487778016987e-117
2025-10-09,0,1.0,1.1785979976942138e-144
2025-10-10,0,1.0,2.8686654954453408e-238
2025-10-11,0,1.0,2.702496894273961e-240
2025-10-12,1,6.460387285219042e-05,0.9999353961271488
2025-10-13,1,0.0003168008719878306,0.9996831991280118
2025-10-14,0,1.0,2.5952038949e-313
2025-10-15,0,1.0,0.0
2025-10-16,0,1.0,0.0
2025-10-17,0,1.0,0.0
2025-10-18,0,1.0,0.0
2025-10-19,0,1.0,3.2305925878334416e-118
2025-10-20,0,1.0,0.0
2025-10-21,0,1.0,0.0
2025-10-22,0,1.0,2.4830935584370036e-22
2025-10-23,0,1.0,0.0
2025-10-24,0,1.0,4.941554557472459e-159
2025-10-25,1,0.009552777640551171,0.9904472223594505
2025-10-26,1,1.9553751269463806e-25,1.0
2025-10-27,1,5.834388832655216e-28,1.0
2025-10-28,0,1.0,0.0
2025-10-29,0,1.0,2.1331368877018608e-112
2025-10-30,1,2.7435103085830664e-12,0.9999999999972573
2025-10-31,1,2.4665412784363107e-49,1.0
2025-11-01,0,1.0,0.0
2025-11-02,1,3.0218350255454603e-07,0.9999996978164981
2025-11-03,1,4.4184490191202605e-08,0.9999999558155103
2025-11-04,0,1.0,0.0
2025-11-05,0,1.0,0.0
2025-11-06,0,1.0,2.816613969836086e-296
2025-11-07,0,1.0,0.0
2025-11-08,0,1.0,2.661151652853144e-21
2025-11-09,1,6.130678640457637e-06,0.9999938693213603
2025-11-10,0,1.0,2.1238413598173557e-252
2025-11-11,0,1.0,9.505826124360828e-56
2025-11-12,0,1.0,3.002504030958097e-31
2025-11-13,0,1.0,8.387216564662854e-195
2025-11-14,0,1.0,3.1284800484464603e-25
2025-11-15,0,1.0,5.784783791198389e-66
2025-11-16,0,1.0,1.3626025230431722e-142
2025-11-17,0,1.0,9.204716009874536e-277
2025-11-18,0,1.0,0.0
2025-11-19,0,1.0,0.0
2025-11-20,0,1.0,0.0
2025-11-21,0,1.0,0.0
2025-11-22,0,1.0,2.5498453134042197e-305
2025-11-23,0,1.0,5.90617608311398e-133
2025-11-24,0,1.0,1.063436076347e-312
2025-11-25,0,1.0,4.281913649594256e-307
2025-11-26,0,1.0,0.0
2025-11-27,0,1.0,1.6721191824402162e-63
2025-11-28,1,8.39591082591056e-16,1.0
2025-11-29,1,8.020867095953698e-07,0.999999197913292
2025-11-30,0,0.9999816058152036,1.8394184796549564e-05
2025-12-01,1,2.579780945194126e-16,1.0
2025-12-02,0,1.0,0.0
2025-12-03,0,1.0,0.0
2025-12-04,0,1.0,1.2557762405267819e-213
2025-12-05,0,1.0,0.0
2025-12-06,0,1.0,0.0
2025-12-07,0,1.0,0.0
2025-12-08,0,1.0,5.248514934767684e-238
2025-12-09,0,1.0,4.1218346428686395e-116
2025-12-10,0,1.0,0.0
2025-12-11,0,1.0,3.719364058228629e-130
2025-12-12,1,0.027821916537355877,0.9721780834626446
2025-12-13,1,6.261623630875352e-19,1.0
2025-12-14,0,1.0,0.0
2025-12-15,1,0.16710048519426624,0.832899514805734
2025-12-16,1,7.60966888501312e-18,1.0
2025-12-17,1,6.21627652812728e-25,1.0
2025-12-18,1,6.043233285904616e-09,0.999999993956767
2025-12-19,1,0.00045756901290119016,0.9995424309870986
2025-12-20,1,7.222977944388063e-13,0.9999999999992788
2025-12-21,0,1.0,7.701249976377899e-60
2025-12-22,1,7.023494880372238e-41,1.0
2025-12-23,1,6.2502806469818414e-49,1.0
2025-12-24,0,1.0,5.329390764285622e-39
2025-12-25,0,1.0,0.0
2025-12-26,0,1.0,2.444869733813438e-297
2025-12-27,0,1.0,0.0
2025-12-28,0,1.0,5.994851308961836e-34
2025-12-29,1,1.3312238636646194e-06,0.9999986687761361
2025-12-30,1,1.9849519065067236e-08,0.9999999801504809
2025-12-31,1,5.149394177491021e-24,1.0
2026-01-01,0,1.0,0.0
2026-01-02,1,3.549742584568924e-18,1.0
2026-01-03,1,1.0290755201196128e-16,1.0
2026-01-04,0,0.9994601275717276,0.0005398724282722711
2026-01-05,1,5.551646889859323e-07,0.999999444835312
2026-01-06,1,5.346773289268988e-12,0.9999999999946532
2026-01-07,0,0.9999999999903522,9.647760222247373e-12
2026-01-08,0,1.0,0.0
2026-01-09,0,1.0,1.5271998263325633e-112
2026-01-10,0,1.0,5.276169657013795e-277
2026-01-11,0,1.0,5.743516691494265e-25
2026-01-12,0,1.0,3.158299379670875e-275
2026-01-13,0,1.0,3.7802289366760665e-300
2026-01-14,0,1.0,9.083507563875118e-220
2026-01-15,0,1.0,1.9376475848137487e-130
2026-01-16,0,0.9999999962557418,3.7442579967310036e-09
2026-01-17,0,0.9824838713838818,0.017516128616118277
2026-01-18,0,1.0,4.015999996128911e-122
2026-01-19,0,1.0,2.328244370530496e-90
2026-01-20,1,3.1359517377708085e-26,1.0
2026-01-21,1,3.871155107927009e-09,0.9999999961288459
2026-01-22,1,7.489606911269565e-11,0.9999999999251052
2026-01-23,1,2.4941524991857575e-15,0.9999999999999964
2026-01-24,1,0.0013553371094963836,0.9986446628905029
2026-01-25,1,5.829702078686139e-05,0.9999417029792139
2026-01-26,1,7.733999157889846e-06,0.9999922660008423
2026-01-27,1,1.912268807204551e-24,1.0
2026-01-28,1,7.094771018383607e-27,1.0
2026-01-29,1,3.2559508695422074e-20,1.0
2026-01-30,0,1.0,1.5333588999479868e-201
2026-01-31,1,9.360654093518013e-24,1.0
2026-02-01,0,0.9999999999800817,1.9918260345847298e-11
2026-02-02,0,1.0,2.4463273820565004e-212
2026-02-03,0,1.0,3.5310910639591305e-59
2026-02-04,0,1.0,4.5661190589936753e-51
2026-02-05,0,1.0,2.103395519066285e-17
2026-02-06,1,4.475867680578384e-11,0.9999999999552429
2026-02-07,1,6.491126291744062e-39,1.0
2026-02-08,1,1.6401753067452044e-07,0.999999835982469
2026-02-09,1,3.2685989087955984e-26,1.0
2026-02-10,1,1.55810685743282e-08,0.9999999844189312
2026-02-11,1,2.0313272787944944e-10,0.9999999997968665
2026-02-12,1,7.887960317245492e-18,1.0
2026-02-13,1,3.54907628534202e-36,1.0
2026-02-14,0,0.9863579841133249,0.013642015886674939
2026-02-15,0,1.0,3.6881563639116172e-28
2026-02-16,1,9.944299358472549e-25,1.0
2026-02-17,1,2.08984654053721e-15,0.9999999999999964
2026-02-18,1,1.738560444506255e-27,1.0
2026-02-19,1,7.522202133052287e-25,1.0
2026-02-20,1,1.517277237134718e-16,1.0
2026-02-21,1,9.791812514224335e-06,0.999990208187487
2026-02-22,1,3.9070440589881985e-12,0.9999999999960929
2026-02-23,1,2.1076088301626235e-28,1.0
2026-02-24,1,2.0735027588845973e-22,1.0
2026-02-25,1,1.3978195394459547e-17,1.0
2026-02-26,1,8.556034094080494e-17,1.0
2026-02-27,1,2.1828193186151468e-15,0.9999999999999964
2026-02-28,1,9.753740122122233e-21,1.0
2026-03-01,1,1.044539437793264e-25,1.0
2026-03-02,1,4.009131375523686e-26,1.0
2026-03-03,1,0.0009711572125011911,0.9990288427874988
2026-03-04,1,1.731334708811847e-18,1.0
2026-03-05,1,7.737582092371999e-25,1.0
2026-03-06,1,2.6814987377329464e-23,1.0
2026-03-07,1,3.032882836214686e-47,1.0
2026-03-08,1,1.7035408207279725e-09,0.9999999982964591
2026-03-09,1,7.1897219544742316e-09,0.9999999928102774
2026-03-10,0,1.0,0.0
2026-03-11,0,1.0,0.0
2026-03-12,0,1.0,0.0
2026-03-13,0,1.0,0.0
2026-03-14,0,1.0,1.1563833237142077e-241
2026-03-15,0,1.0,0.0
2026-03-16,0,1.0,3.905997786872342e-77
2026-03-17,0,1.0,1.7449490182551097e-29
2026-03-18,1,1.1535756469112992e-10,0.9999999998846434
2026-03-19,1,3.7937673342073853e-06,0.9999962062326645
2026-03-20,1,2.3134798209966598e-07,0.9999997686520193
2026-03-21,0,1.0,7.189546312698436e-57
2026-03-22,0,1.0,0.0
2026-03-23,0,1.0,0.0
2026-03-24,0,1.0,0.0
2026-03-25,0,1.0,4.1769682985622536e-95
2026-03-26,0,1.0,5.537262269703609e-28
2026-03-27,1,0.00017769458599303578,0.9998223054140076
2026-03-28,0,1.0,0.0
2026-03-29,0,1.0,0.0
2026-03-30,0,0.999999998811461,1.1885383824666546e-09
2026-03-31,0,0.9999999999999787,2.120095929912181e-14
2026-04-01,0,1.0,2.1920123215699117e-307
2026-04-02,0,1.0,4.13568323322217e-73
2026-04-03,0,1.0,5.963916101109152e-93
2026-04-04,0,0.9999965409276151,3.4590723849359937e-06
2026-04-05,1,0.0013952331013732408,0.9986047668986268
2026-04-06,0,1.0,0.0
2026-04-07,0,1.0,0.0
2026-04-08,0,1.0,5.601705007109843e-170
2026-04-09,0,1.0,6.262195650008314e-142
2026-04-10,0,1.0,5.252584697959209e-131
2026-04-11,1,0.0071369660375020785,0.9928630339624975
2026-04-12,0,1.0,3.8738349423696987e-60
2026-04-13,0,1.0,2.8299749640789345e-205
2026-04-14,0,1.0,1.0372226611749757e-234
2026-04-15,0,1.0,4.676361422432911e-43
2026-04-16,0,1.0,3.9631364879186645e-68
2026-04-17,1,0.021365509832822652,0.9786344901671771
2026-04-18,0,1.0,9.119563693111928e-127
2026-04-19,0,1.0,0.0
2026-04-20,0,1.0,4.5803920655943145e-108
2026-04-21,0,1.0,1.9389120875226314e-114
2026-04-22,0,1.0,1.3725443073275248e-90
2026-04-23,0,1.0,1.7044095361037545e-19
2026-04-24,0,1.0,1.625886351278657e-26
2026-04-25,0,0.9999974239435596,2.576056440191454e-06
2026-04-26,0,0.7964738283052425,0.20352617169475756
2026-04-27,0,1.0,3.2715048467301695e-35
2026-04-28,0,1.0,0.0
2026-04-29,0,1.0,0.0
2026-04-30,0,1.0,2.4651874099890663e-267
2026-05-01,0,1.0,0.0
2026-05-02,0,1.0,8.10238727009034e-69
2026-05-03,0,0.8447998710447153,0.1552001289552846
2026-05-04,0,1.0,2.7871633357466502e-171
2026-05-05,0,1.0,1.0277804410760881e-238
2026-05-06,0,1.0,0.0
2026-05-07,0,1.0,0.0
2026-05-08,0,1.0,0.0
2026-05-09,0,1.0,0.0
2026-05-10,0,1.0,0.0
2026-05-11,0,1.0,1.3282597314165975e-293
2026-05-12,0,1.0,2.177871716736847e-182
2026-05-13,0,1.0,3.366814669377407e-64
2026-05-14,0,1.0,1.956444198588723e-21
2026-05-15,0,0.9999999999999982,2.011029774723982e-15
2026-05-16,0,1.0,0.0
2026-05-17,0,1.0,0.0
2026-05-18,0,1.0,4.498563154025973e-123
2026-05-19,1,4.27949071206705e-08,0.9999999572050937
2026-05-20,1,0.011233061989074852,0.9887669380109253
2026-05-21,0,0.9999999999999991,1.0899853001714866e-15
2026-05-22,0,1.0,0.0
2026-05-23,0,1.0,2.0904811520151674e-57
2026-05-24,0,1.0,0.0
2026-05-25,0,1.0,2.4874346530788587e-97
2026-05-26,0,1.0,5.931308232981623e-109
2026-05-27,0,1.0,6.228899731931231e-220
2026-05-28,0,1.0,0.0
2026-05-29,0,1.0,5.515693741205843e-100
2026-05-30,0,1.0,3.406419926126948e-280
2026-05-31,0,1.0,4.080780828426331e-238
2026-06-01,0,1.0,0.0
2026-06-02,0,1.0,0.0
2026-06-03,0,1.0,1.0281682506967959e-112
2026-06-04,0,1.0,7.722473219434686e-274
2026-06-05,0,1.0,4.8699705979519965e-148
2026-06-06,0,1.0,1.8007537809929466e-63
2026-06-07,0,1.0,0.0
2026-06-08,0,1.0,0.0
2026-06-09,0,1.0,0.0
2026-06-10,0,1.0,0.0
2026-06-11,0,1.0,0.0
2026-06-12,0,1.0,0.0
2026-06-13,0,1.0,0.0
2026-06-14,0,1.0,0.0
2026-06-15,0,1.0,3.356616233054471e-232
2026-06-16,0,1.0,0.0
2026-06-17,0,1.0,0.0
2026-06-18,0,1.0,4.713766101930455e-233
2026-06-19,0,1.0,0.0
2026-06-20,0,1.0,6.74697919619628e-287
2026-06-21,0,1.0,5.66845362e-315
2026-06-22,0,1.0,4.266621212252173e-229
2026-06-23,1,1.8339532681461007e-40,1.0
2026-06-24,0,1.0,6.3084798578896e-45
2026-06-25,0,0.9999999999999698,3.081197132199178e-14
2026-06-26,1,0.0038748878651084714,0.9961251121348913
2026-06-27,1,8.27676724236736e-30,1.0
2026-06-28,1,3.167845587368783e-07,0.999999683215441
2026-06-29,1,5.88011034030386e-09,0.9999999941198894
2026-06-30,0,0.7718602499202947,0.22813975007970555
2026-07-01,1,4.0238868019261447e-07,0.9999995976113204
2026-07-02,1,3.7021870730187026e-08,0.9999999629781307
2026-07-03,1,4.479079493300475e-08,0.9999999552092059
2026-07-04,1,7.322953239420778e-08,0.9999999267704665
2026-07-05,0,1.0,0.0
2026-07-06,0,1.0,1.6648396215555073e-28
2026-07-07,1,6.91276053887552e-08,0.9999999308723939
2026-07-08,1,1.9836484536284267e-10,0.9999999998016342
2026-07-09,1,5.505713897176923e-16,1.0
2026-07-10,1,1.9866504015014435e-10,0.9999999998013358
2026-07-11,0,0.9999968058976808,3.194102318980491e-06
2026-07-12,0,1.0,4.354287995294105e-89
2026-07-13,0,1.0,0.0
2026-07-14,0,1.0,2.7153255794136194e-144
2026-07-15,0,1.0,8.080412738840525e-152
2026-07-16,0,1.0,6.977472062612907e-149
2026-07-17,0,1.0,4.204367247188537e-149
2026-07-18,0,1.0,3.826332703650589e-113
2026-07-19,0,1.0,6.090861862697651e-135
2026-07-20,0,1.0,5.619725851217187e-28
2026-07-21,0,1.0,1.867401281555085e-54
2026-07-22,0,0.999999999906052,9.394825911064657e-11
2026-07-23,1,1.633880542301123e-06,0.9999983661194588
2026-07-24,0,1.0,1.8769845792652604e-46
2026-07-25,0,1.0,0.0
2026-07-26,0,1.0,0.0
2026-07-27,1,1.691101170923109e-06,0.9999983088988298
2026-07-28,0,1.0,5.912080145059532e-53
2026-07-29,0,1.0,1.2454021198338198e-42
2026-07-30,0,1.0,5.188496553050664e-23
2026-07-31,0,0.9999999739186393,2.6081360757626693e-08
