Id,Value,Date
Sistema,56677300.00000,2000-01-01
Sistema,54645200.00000,2000-01-02
Sistema,57488300.00000,2000-01-03
Sistema,58418200.00000,2000-01-04
Sistema,63039500.00000,2000-01-05
Sistema,59742600.00000,2000-01-06
Sistema,64109400.00000,2000-01-07
Sistema,74864900.00000,2000-01-08
Sistema,80338400.00000,2000-01-09
Sistema,69728600.00000,2000-01-10
Sistema,83660100.00000,2000-01-11
Sistema,59237500.00000,2000-01-12
Sistema,62492400.00000,2000-01-13
Sistema,53097300.00000,2000-01-14
Sistema,58110100.00000,2000-01-15
Sistema,54607300.00000,2000-01-16
Sistema,51330300.00000,2000-01-17
Sistema,65031600.00000,2000-01-18
Sistema,55472500.00000,2000-01-19
Sistema,59487400.00000,2000-01-20
Sistema,105014300.00000,2000-01-21
Sistema,79967600.00000,2000-01-22
Sistema,54711200.00000,2000-01-23
Sistema,47573300.00000,2000-01-24
Sistema,46374800.00000,2000-01-25
Sistema,54561000.00000,2000-01-26
Sistema,53032300.00000,2000-01-27
Sistema,45301200.00000,2000-01-28
Sistema,58131300.00000,2000-01-29
Sistema,61913400.00000,2000-01-30
Sistema,64367400.00000,2000-01-31
Sistema,84066000.00000,2000-02-01
Sistema,95730500.00000,2000-02-02
Sistema,107793500.00000,2000-02-03
Sistema,79403400.00000,2000-02-04
Sistema,58485600.00000,2000-02-05
Sistema,64304600.00000,2000-02-06
Sistema,69439000.00000,2000-02-07
Sistema,51491300.00000,2000-02-08
Sistema,48387900.00000,2000-02-09
Sistema,50945400.00000,2000-02-10
Sistema,46233700.00000,2000-02-11
Sistema,46873200.00000,2000-02-12
Sistema,40007400.00000,2000-02-13
Sistema,40083200.00000,2000-02-14
Sistema,37010800.00000,2000-02-15
Sistema,48387600.00000,2000-02-16
Sistema,77224200.00000,2000-02-17
Sistema,73689200.00000,2000-02-18
Sistema,76569900.00000,2000-02-19
Sistema,71656700.00000,2000-02-20
Sistema,60340000.00000,2000-02-21
Sistema,80314900.00000,2000-02-22
Sistema,72960900.00000,2000-02-23
Sistema,88251800.00000,2000-02-24
Sistema,87285700.00000,2000-02-25
Sistema,133792500.00000,2000-02-26
Sistema,109282500.00000,2000-02-27
Sistema,126848100.00000,2000-02-28
Sistema,110334200.00000,2000-02-29
Sistema,92224800.00000,2000-03-01
Sistema,95121200.00000,2000-03-02
Sistema,144352200.00000,2000-03-03
Sistema,105167300.00000,2000-03-04
Sistema,89604500.00000,2000-03-05
Sistema,93600000.00000,2000-03-06
Sistema,87682100.00000,2000-03-07
Sistema,77871100.00000,2000-03-08
Sistema,67493400.00000,2000-03-09
Sistema,58869000.00000,2000-03-10
Sistema,50957500.00000,2000-03-11
Sistema,69548300.00000,2000-03-12
Sistema,60971200.00000,2000-03-13
Sistema,55202900.00000,2000-03-14
Sistema,53707900.00000,2000-03-15
Sistema,47327900.00000,2000-03-16
Sistema,52721000.00000,2000-03-17
Sistema,45088800.00000,2000-03-18
Sistema,55868500.00000,2000-03-19
Sistema,51861600.00000,2000-03-20
Sistema,46634600.00000,2000-03-21
Sistema,46406200.00000,2000-03-22
Sistema,56396400.00000,2000-03-23
Sistema,83264500.00000,2000-03-24
Sistema,114009300.00000,2000-03-25
Sistema,99821500.00000,2000-03-26
Sistema,111120100.00000,2000-03-27
Sistema,134455400.00000,2000-03-28
Sistema,89173100.00000,2000-03-29
Sistema,82677900.00000,2000-03-30
Sistema,72224200.00000,2000-03-31
Sistema,55123400.00000,2000-04-01
Sistema,63701500.00000,2000-04-02
Sistema,74373600.00000,2000-04-03
Sistema,67563200.00000,2000-04-04
Sistema,79391600.00000,2000-04-05
Sistema,101869100.00000,2000-04-06
Sistema,152621300.00000,2000-04-07
Sistema,101654100.00000,2000-04-08
Sistema,74203900.00000,2000-04-09
Sistema,63095700.00000,2000-04-10
Sistema,65280100.00000,2000-04-11
Sistema,82474600.00000,2000-04-12
Sistema,94982200.00000,2000-04-13
Sistema,109828100.00000,2000-04-14
Sistema,92307100.00000,2000-04-15
Sistema,100406800.00000,2000-04-16
Sistema,90420300.00000,2000-04-17
Sistema,87431100.00000,2000-04-18
Sistema,91119900.00000,2000-04-19
Sistema,77667700.00000,2000-04-20
Sistema,68852900.00000,2000-04-21
Sistema,108195300.00000,2000-04-22
Sistema,81464900.00000,2000-04-23
Sistema,117808600.00000,2000-04-24
Sistema,99190700.00000,2000-04-25
Sistema,79162000.00000,2000-04-26
Sistema,71575900.00000,2000-04-27
Sistema,62904000.00000,2000-04-28
Sistema,90097200.00000,2000-04-29
Sistema,80720400.00000,2000-04-30
Sistema,78211900.00000,2000-05-01
Sistema,79999200.00000,2000-05-02
Sistema,122817600.00000,2000-05-03
Sistema,179839600.00000,2000-05-04
Sistema,131992200.00000,2000-05-05
Sistema,160776400.00000,2000-05-06
Sistema,148397200.00000,2000-05-07
Sistema,143506300.00000,2000-05-08
Sistema,140827900.00000,2000-05-09
Sistema,122300400.00000,2000-05-10
Sistema,107652000.00000,2000-05-11
Sistema,110408200.00000,2000-05-12
Sistema,159455300.00000,2000-05-13
Sistema,150158700.00000,2000-05-14
Sistema,239425500.00000,2000-05-15
Sistema,144199200.00000,2000-05-16
Sistema,146862700.00000,2000-05-17
Sistema,160810900.00000,2000-05-18
Sistema,211134500.00000,2000-05-19
Sistema,182647600.00000,2000-05-20
Sistema,160293000.00000,2000-05-21
Sistema,167324700.00000,2000-05-22
Sistema,210361800.00000,2000-05-23
Sistema,189904700.00000,2000-05-24
Sistema,190469100.00000,2000-05-25
Sistema,184126600.00000,2000-05-26
Sistema,150903500.00000,2000-05-27
Sistema,250722500.00000,2000-05-28
Sistema,170157500.00000,2000-05-29
Sistema,169800200.00000,2000-05-30
Sistema,223883300.00000,2000-05-31
Sistema,165574100.00000,2000-06-01
Sistema,183906800.00000,2000-06-02
Sistema,122060000.00000,2000-06-03
Sistema,176015800.00000,2000-06-04
Sistema,170446000.00000,2000-06-05
Sistema,145977500.00000,2000-06-06
Sistema,137342600.00000,2000-06-07
Sistema,138712900.00000,2000-06-08
Sistema,138635800.00000,2000-06-09
Sistema,120414300.00000,2000-06-10
Sistema,110817700.00000,2000-06-11
Sistema,108555700.00000,2000-06-12
Sistema,111211800.00000,2000-06-13
Sistema,128919500.00000,2000-06-14
Sistema,127387700.00000,2000-06-15
Sistema,228519400.00000,2000-06-16
Sistema,255127700.00000,2000-06-17
Sistema,215591700.00000,2000-06-18
Sistema,192989700.00000,2000-06-19
Sistema,129132900.00000,2000-06-20
Sistema,148588000.00000,2000-06-21
Sistema,197198000.00000,2000-06-22
Sistema,205666400.00000,2000-06-23
Sistema,302907700.00000,2000-06-24
Sistema,267556500.00000,2000-06-25
Sistema,186499000.00000,2000-06-26
Sistema,189054700.00000,2000-06-27
Sistema,183282300.00000,2000-06-28
Sistema,127367000.00000,2000-06-29
Sistema,146289300.00000,2000-06-30
Sistema,149755200.00000,2000-07-01
Sistema,157418400.00000,2000-07-02
Sistema,167676300.00000,2000-07-03
Sistema,181035500.00000,2000-07-04
Sistema,168901700.00000,2000-07-05
Sistema,154147900.00000,2000-07-06
Sistema,170190800.00000,2000-07-07
Sistema,123010700.00000,2000-07-08
Sistema,104075500.00000,2000-07-09
Sistema,93031000.00000,2000-07-10
Sistema,83745300.00000,2000-07-11
Sistema,96642800.00000,2000-07-12
Sistema,200645900.00000,2000-07-13
Sistema,228552400.00000,2000-07-14
Sistema,154633100.00000,2000-07-15
Sistema,147093100.00000,2000-07-16
Sistema,178905100.00000,2000-07-17
Sistema,159085700.00000,2000-07-18
Sistema,126507400.00000,2000-07-19
Sistema,128198700.00000,2000-07-20
Sistema,147457300.00000,2000-07-21
Sistema,114507100.00000,2000-07-22
Sistema,102591200.00000,2000-07-23
Sistema,137911100.00000,2000-07-24
Sistema,147609200.00000,2000-07-25
Sistema,178834500.00000,2000-07-26
Sistema,185641800.00000,2000-07-27
Sistema,148297600.00000,2000-07-28
Sistema,189340100.00000,2000-07-29
Sistema,157923700.00000,2000-07-30
Sistema,124708800.00000,2000-07-31
Sistema,114884800.00000,2000-08-01
Sistema,129723900.00000,2000-08-02
Sistema,157506700.00000,2000-08-03
Sistema,221877500.00000,2000-08-04
Sistema,170982300.00000,2000-08-05
Sistema,144801200.00000,2000-08-06
Sistema,129213400.00000,2000-08-07
Sistema,125693700.00000,2000-08-08
Sistema,116308600.00000,2000-08-09
Sistema,164069300.00000,2000-08-10
Sistema,202380500.00000,2000-08-11
Sistema,126523600.00000,2000-08-12
Sistema,140256300.00000,2000-08-13
Sistema,115375400.00000,2000-08-14
Sistema,158630900.00000,2000-08-15
Sistema,164417500.00000,2000-08-16
Sistema,151177600.00000,2000-08-17
Sistema,170418800.00000,2000-08-18
Sistema,111697700.00000,2000-08-19
Sistema,110348300.00000,2000-08-20
Sistema,92028500.00000,2000-08-21
Sistema,93450800.00000,2000-08-22
Sistema,111037400.00000,2000-08-23
Sistema,100089000.00000,2000-08-24
Sistema,171082500.00000,2000-08-25
Sistema,151714600.00000,2000-08-26
Sistema,103056300.00000,2000-08-27
Sistema,155947600.00000,2000-08-28
Sistema,201664300.00000,2000-08-29
Sistema,142689500.00000,2000-08-30
Sistema,310779100.00000,2000-08-31
Sistema,188374800.00000,2000-09-01
Sistema,163604200.00000,2000-09-02
Sistema,139945900.00000,2000-09-03
Sistema,218473400.00000,2000-09-04
Sistema,191090200.00000,2000-09-05
Sistema,146236300.00000,2000-09-06
Sistema,156373100.00000,2000-09-07
Sistema,124437500.00000,2000-09-08
Sistema,179567000.00000,2000-09-09
Sistema,302610300.00000,2000-09-10
Sistema,149468800.00000,2000-09-11
Sistema,136854800.00000,2000-09-12
Sistema,131309900.00000,2000-09-13
Sistema,121752700.00000,2000-09-14
Sistema,119502800.00000,2000-09-15
Sistema,127605600.00000,2000-09-16
Sistema,150170800.00000,2000-09-17
Sistema,102985000.00000,2000-09-18
Sistema,137372600.00000,2000-09-19
Sistema,122299600.00000,2000-09-20
Sistema,116025600.00000,2000-09-21
Sistema,111774200.00000,2000-09-22
Sistema,157147300.00000,2000-09-23
Sistema,172574300.00000,2000-09-24
Sistema,127820200.00000,2000-09-25
Sistema,113717500.00000,2000-09-26
Sistema,197999300.00000,2000-09-27
Sistema,147195700.00000,2000-09-28
Sistema,161127900.00000,2000-09-29
Sistema,215681700.00000,2000-09-30
Sistema,167836300.00000,2000-10-01
Sistema,178149700.00000,2000-10-02
Sistema,202182800.00000,2000-10-03
Sistema,191018700.00000,2000-10-04
Sistema,142388800.00000,2000-10-05
Sistema,155050300.00000,2000-10-06
Sistema,139617200.00000,2000-10-07
Sistema,142758700.00000,2000-10-08
Sistema,145462600.00000,2000-10-09
Sistema,122599800.00000,2000-10-10
Sistema,118426100.00000,2000-10-11
Sistema,99181500.00000,2000-10-12
Sistema,99426200.00000,2000-10-13
Sistema,92702400.00000,2000-10-14
Sistema,85889100.00000,2000-10-15
Sistema,82746200.00000,2000-10-16
Sistema,90574700.00000,2000-10-17
Sistema,86332600.00000,2000-10-18
Sistema,70944300.00000,2000-10-19
Sistema,79578000.00000,2000-10-20
Sistema,105954500.00000,2000-10-21
Sistema,115759100.00000,2000-10-22
Sistema,109992600.00000,2000-10-23
Sistema,131517200.00000,2000-10-24
Sistema,135887300.00000,2000-10-25
Sistema,141690200.00000,2000-10-26
Sistema,178998100.00000,2000-10-27
Sistema,125308600.00000,2000-10-28
Sistema,120794200.00000,2000-10-29
Sistema,141841800.00000,2000-10-30
Sistema,143711100.00000,2000-10-31
Sistema,283793000.00000,2000-11-01
Sistema,188178100.00000,2000-11-02
Sistema,136127400.00000,2000-11-03
Sistema,118177100.00000,2000-11-04
Sistema,118432100.00000,2000-11-05
Sistema,103234500.00000,2000-11-06
Sistema,106208400.00000,2000-11-07
Sistema,104760900.00000,2000-11-08
Sistema,101986900.00000,2000-11-09
Sistema,120548900.00000,2000-11-10
Sistema,153752700.00000,2000-11-11
Sistema,123039400.00000,2000-11-12
Sistema,100851600.00000,2000-11-13
Sistema,96666500.00000,2000-11-14
Sistema,87178100.00000,2000-11-15
Sistema,87348800.00000,2000-11-16
Sistema,150612200.00000,2000-11-17
Sistema,187314000.00000,2000-11-18
Sistema,167788200.00000,2000-11-19
Sistema,112215000.00000,2000-11-20
Sistema,89445300.00000,2000-11-21
Sistema,87298200.00000,2000-11-22
Sistema,94260100.00000,2000-11-23
Sistema,93635100.00000,2000-11-24
Sistema,87762800.00000,2000-11-25
Sistema,75735800.00000,2000-11-26
Sistema,81256300.00000,2000-11-27
Sistema,79726100.00000,2000-11-28
Sistema,102994900.00000,2000-11-29
Sistema,64475100.00000,2000-11-30
Sistema,64558000.00000,2000-12-01
Sistema,82181900.00000,2000-12-02
Sistema,74310900.00000,2000-12-03
Sistema,65457700.00000,2000-12-04
Sistema,73024500.00000,2000-12-05
Sistema,60221800.00000,2000-12-06
Sistema,68663700.00000,2000-12-07
Sistema,77165300.00000,2000-12-08
Sistema,67120300.00000,2000-12-09
Sistema,85161600.00000,2000-12-10
Sistema,118494100.00000,2000-12-11
Sistema,60474300.00000,2000-12-12
Sistema,57202900.00000,2000-12-13
Sistema,60138400.00000,2000-12-14
Sistema,71346500.00000,2000-12-15
Sistema,63422400.00000,2000-12-16
Sistema,54716700.00000,2000-12-17
Sistema,53007200.00000,2000-12-18
Sistema,64610000.00000,2000-12-19
Sistema,67055600.00000,2000-12-20
Sistema,57097700.00000,2000-12-21
Sistema,48607000.00000,2000-12-22
Sistema,49734800.00000,2000-12-23
Sistema,63057400.00000,2000-12-24
Sistema,75709500.00000,2000-12-25
Sistema,62912200.00000,2000-12-26
Sistema,80548500.00000,2000-12-27
Sistema,86519200.00000,2000-12-28
Sistema,113248200.00000,2000-12-29
Sistema,116449100.00000,2000-12-30
Sistema,89982900.00000,2000-12-31
Sistema,99202700.00000,2001-01-01
Sistema,58020300.00000,2001-01-02
Sistema,51085500.00000,2001-01-03
Sistema,51399200.00000,2001-01-04
Sistema,53150900.00000,2001-01-05
Sistema,55536100.00000,2001-01-06
Sistema,47410600.00000,2001-01-07
Sistema,44934000.00000,2001-01-08
Sistema,45644100.00000,2001-01-09
Sistema,52346600.00000,2001-01-10
Sistema,52007700.00000,2001-01-11
Sistema,43595600.00000,2001-01-12
Sistema,42844300.00000,2001-01-13
Sistema,40261000.00000,2001-01-14
Sistema,37877800.00000,2001-01-15
Sistema,40834100.00000,2001-01-16
Sistema,39441700.00000,2001-01-17
Sistema,45740600.00000,2001-01-18
Sistema,49429000.00000,2001-01-19
Sistema,76922300.00000,2001-01-20
Sistema,55516700.00000,2001-01-21
Sistema,49208800.00000,2001-01-22
Sistema,52320800.00000,2001-01-23
Sistema,63892200.00000,2001-01-24
Sistema,65288600.00000,2001-01-25
Sistema,41391000.00000,2001-01-26
Sistema,36106200.00000,2001-01-27
Sistema,34598000.00000,2001-01-28
Sistema,30781400.00000,2001-01-29
Sistema,34037600.00000,2001-01-30
Sistema,30460800.00000,2001-01-31
Sistema,34084000.00000,2001-02-01
Sistema,41310900.00000,2001-02-02
Sistema,35743900.00000,2001-02-03
Sistema,34196300.00000,2001-02-04
Sistema,33706000.00000,2001-02-05
Sistema,31327800.00000,2001-02-06
Sistema,31866200.00000,2001-02-07
Sistema,39093400.00000,2001-02-08
Sistema,50962600.00000,2001-02-09
Sistema,51122200.00000,2001-02-10
Sistema,33489400.00000,2001-02-11
Sistema,32559000.00000,2001-02-12
Sistema,27549900.00000,2001-02-13
Sistema,29212000.00000,2001-02-14
Sistema,35331900.00000,2001-02-15
Sistema,28581000.00000,2001-02-16
Sistema,43075600.00000,2001-02-17
Sistema,45204000.00000,2001-02-18
Sistema,47726200.00000,2001-02-19
Sistema,51614000.00000,2001-02-20
Sistema,62184200.00000,2001-02-21
Sistema,46153800.00000,2001-02-22
Sistema,48835200.00000,2001-02-23
Sistema,47777200.00000,2001-02-24
Sistema,41708800.00000,2001-02-25
Sistema,48301200.00000,2001-02-26
Sistema,55046500.00000,2001-02-27
Sistema,52242300.00000,2001-02-28
Sistema,59555200.00000,2001-03-01
Sistema,47646000.00000,2001-03-02
Sistema,51279100.00000,2001-03-03
Sistema,55347900.00000,2001-03-04
Sistema,60406200.00000,2001-03-05
Sistema,72974400.00000,2001-03-06
Sistema,85517900.00000,2001-03-07
Sistema,73822800.00000,2001-03-08
Sistema,50653000.00000,2001-03-09
Sistema,61310700.00000,2001-03-10
Sistema,43210100.00000,2001-03-11
Sistema,33576200.00000,2001-03-12
Sistema,33070100.00000,2001-03-13
Sistema,31145100.00000,2001-03-14
Sistema,43955900.00000,2001-03-15
Sistema,47294900.00000,2001-03-16
Sistema,44104500.00000,2001-03-17
Sistema,67574600.00000,2001-03-18
Sistema,91720500.00000,2001-03-19
Sistema,98214500.00000,2001-03-20
Sistema,101031400.00000,2001-03-21
Sistema,73868200.00000,2001-03-22
Sistema,86017800.00000,2001-03-23
Sistema,111182300.00000,2001-03-24
Sistema,71130100.00000,2001-03-25
Sistema,68197900.00000,2001-03-26
Sistema,43019000.00000,2001-03-27
Sistema,44363400.00000,2001-03-28
Sistema,51304900.00000,2001-03-29
Sistema,69041300.00000,2001-03-30
Sistema,62164100.00000,2001-03-31
Sistema,52522700.00000,2001-04-01
Sistema,40788900.00000,2001-04-02
Sistema,44082200.00000,2001-04-03
Sistema,34998100.00000,2001-04-04
Sistema,39139500.00000,2001-04-05
Sistema,36180400.00000,2001-04-06
Sistema,110246600.00000,2001-04-07
Sistema,56499800.00000,2001-04-08
Sistema,50939500.00000,2001-04-09
Sistema,50024400.00000,2001-04-10
Sistema,54313700.00000,2001-04-11
Sistema,87743700.00000,2001-04-12
Sistema,86641000.00000,2001-04-13
Sistema,59478900.00000,2001-04-14
Sistema,83429800.00000,2001-04-15
Sistema,67264200.00000,2001-04-16
Sistema,105714600.00000,2001-04-17
Sistema,84671000.00000,2001-04-18
Sistema,77192900.00000,2001-04-19
Sistema,54046100.00000,2001-04-20
Sistema,51465700.00000,2001-04-21
Sistema,46423600.00000,2001-04-22
Sistema,50294600.00000,2001-04-23
Sistema,63861500.00000,2001-04-24
Sistema,60482400.00000,2001-04-25
Sistema,53269400.00000,2001-04-26
Sistema,63941200.00000,2001-04-27
Sistema,74837700.00000,2001-04-28
Sistema,118968900.00000,2001-04-29
Sistema,128898900.00000,2001-04-30
Sistema,73306800.00000,2001-05-01
Sistema,84359600.00000,2001-05-02
Sistema,196783400.00000,2001-05-03
Sistema,144285200.00000,2001-05-04
Sistema,76097400.00000,2001-05-05
Sistema,83572500.00000,2001-05-06
Sistema,84467000.00000,2001-05-07
Sistema,100237400.00000,2001-05-08
Sistema,95633600.00000,2001-05-09
Sistema,111434700.00000,2001-05-10
Sistema,87440600.00000,2001-05-11
Sistema,57905500.00000,2001-05-12
Sistema,103728800.00000,2001-05-13
Sistema,131831900.00000,2001-05-14
Sistema,177804500.00000,2001-05-15
Sistema,123768100.00000,2001-05-16
Sistema,82079400.00000,2001-05-17
Sistema,96684300.00000,2001-05-18
Sistema,168119600.00000,2001-05-19
Sistema,118151100.00000,2001-05-20
Sistema,172768700.00000,2001-05-21
Sistema,129328400.00000,2001-05-22
Sistema,101627700.00000,2001-05-23
Sistema,102184500.00000,2001-05-24
Sistema,98722000.00000,2001-05-25
Sistema,109404000.00000,2001-05-26
Sistema,116365200.00000,2001-05-27
Sistema,202183000.00000,2001-05-28
Sistema,181349400.00000,2001-05-29
Sistema,162854200.00000,2001-05-30
Sistema,124531600.00000,2001-05-31
Sistema,107110500.00000,2001-06-01
Sistema,113020800.00000,2001-06-02
Sistema,116039700.00000,2001-06-03
Sistema,154450100.00000,2001-06-04
Sistema,133880100.00000,2001-06-05
Sistema,108559600.00000,2001-06-06
Sistema,110088600.00000,2001-06-07
Sistema,143220400.00000,2001-06-08
Sistema,153809400.00000,2001-06-09
Sistema,167061500.00000,2001-06-10
Sistema,146931900.00000,2001-06-11
Sistema,154043200.00000,2001-06-12
Sistema,127180200.00000,2001-06-13
Sistema,130377000.00000,2001-06-14
Sistema,136505300.00000,2001-06-15
Sistema,87210800.00000,2001-06-16
Sistema,100032000.00000,2001-06-17
Sistema,123265400.00000,2001-06-18
Sistema,179369600.00000,2001-06-19
Sistema,311373200.00000,2001-06-20
Sistema,201778200.00000,2001-06-21
Sistema,129155200.00000,2001-06-22
Sistema,121252400.00000,2001-06-23
Sistema,99316800.00000,2001-06-24
Sistema,90810400.00000,2001-06-25
Sistema,102516500.00000,2001-06-26
Sistema,138314300.00000,2001-06-27
Sistema,141376600.00000,2001-06-28
Sistema,156984000.00000,2001-06-29
Sistema,148951700.00000,2001-06-30
Sistema,134152200.00000,2001-07-01
Sistema,117576500.00000,2001-07-02
Sistema,111784800.00000,2001-07-03
Sistema,84217500.00000,2001-07-04
Sistema,84409300.00000,2001-07-05
Sistema,178200900.00000,2001-07-06
Sistema,114978000.00000,2001-07-07
Sistema,111360900.00000,2001-07-08
Sistema,152080500.00000,2001-07-09
Sistema,123798600.00000,2001-07-10
Sistema,133730200.00000,2001-07-11
Sistema,153273600.00000,2001-07-12
Sistema,108002200.00000,2001-07-13
Sistema,95945200.00000,2001-07-14
Sistema,189846200.00000,2001-07-15
Sistema,116643200.00000,2001-07-16
Sistema,90758900.00000,2001-07-17
Sistema,93980100.00000,2001-07-18
Sistema,121505300.00000,2001-07-19
Sistema,129537500.00000,2001-07-20
Sistema,153373100.00000,2001-07-21
Sistema,160317000.00000,2001-07-22
Sistema,137768500.00000,2001-07-23
Sistema,85502400.00000,2001-07-24
Sistema,79095100.00000,2001-07-25
Sistema,92228900.00000,2001-07-26
Sistema,89317900.00000,2001-07-27
Sistema,190645200.00000,2001-07-28
Sistema,114778400.00000,2001-07-29
Sistema,91797800.00000,2001-07-30
Sistema,113995700.00000,2001-07-31
Sistema,146168400.00000,2001-08-01
Sistema,136078600.00000,2001-08-02
Sistema,120388600.00000,2001-08-03
Sistema,191694300.00000,2001-08-04
Sistema,154803700.00000,2001-08-05
Sistema,136140100.00000,2001-08-06
Sistema,98627400.00000,2001-08-07
Sistema,122705900.00000,2001-08-08
Sistema,101693000.00000,2001-08-09
Sistema,88455100.00000,2001-08-10
Sistema,136445700.00000,2001-08-11
Sistema,126055800.00000,2001-08-12
Sistema,104748200.00000,2001-08-13
Sistema,85590000.00000,2001-08-14
Sistema,186209500.00000,2001-08-15
Sistema,125522700.00000,2001-08-16
Sistema,116900200.00000,2001-08-17
Sistema,128713800.00000,2001-08-18
Sistema,138800000.00000,2001-08-19
Sistema,132409100.00000,2001-08-20
Sistema,147283300.00000,2001-08-21
Sistema,133154100.00000,2001-08-22
Sistema,102314600.00000,2001-08-23
Sistema,87295800.00000,2001-08-24
Sistema,118807400.00000,2001-08-25
Sistema,91359900.00000,2001-08-26
Sistema,83593300.00000,2001-08-27
Sistema,104458200.00000,2001-08-28
Sistema,112694300.00000,2001-08-29
Sistema,76051300.00000,2001-08-30
Sistema,62495500.00000,2001-08-31
Sistema,70526000.00000,2001-09-01
Sistema,128573800.00000,2001-09-02
Sistema,94273800.00000,2001-09-03
Sistema,110172000.00000,2001-09-04
Sistema,190074000.00000,2001-09-05
Sistema,169952000.00000,2001-09-06
Sistema,120651000.00000,2001-09-07
Sistema,123852100.00000,2001-09-08
Sistema,99280900.00000,2001-09-09
Sistema,99899400.00000,2001-09-10
Sistema,89010400.00000,2001-09-11
Sistema,118262900.00000,2001-09-12
Sistema,118710100.00000,2001-09-13
Sistema,205842900.00000,2001-09-14
Sistema,132738900.00000,2001-09-15
Sistema,108448800.00000,2001-09-16
Sistema,107056100.00000,2001-09-17
Sistema,95264100.00000,2001-09-18
Sistema,110212500.00000,2001-09-19
Sistema,106205800.00000,2001-09-20
Sistema,85686200.00000,2001-09-21
Sistema,97672700.00000,2001-09-22
Sistema,126411600.00000,2001-09-23
Sistema,123959300.00000,2001-09-24
Sistema,84851500.00000,2001-09-25
Sistema,73327100.00000,2001-09-26
Sistema,99857400.00000,2001-09-27
Sistema,114462100.00000,2001-09-28
Sistema,90229200.00000,2001-09-29
Sistema,97608400.00000,2001-09-30
Sistema,73831400.00000,2001-10-01
Sistema,69686700.00000,2001-10-02
Sistema,87791900.00000,2001-10-03
Sistema,74576900.00000,2001-10-04
Sistema,81661200.00000,2001-10-05
Sistema,82248900.00000,2001-10-06
Sistema,79647000.00000,2001-10-07
Sistema,69605400.00000,2001-10-08
Sistema,70589400.00000,2001-10-09
Sistema,94746500.00000,2001-10-10
Sistema,86593500.00000,2001-10-11
Sistema,61273500.00000,2001-10-12
Sistema,65758800.00000,2001-10-13
Sistema,59763400.00000,2001-10-14
Sistema,65310000.00000,2001-10-15
Sistema,119749600.00000,2001-10-16
Sistema,106175200.00000,2001-10-17
Sistema,101777400.00000,2001-10-18
Sistema,95037200.00000,2001-10-19
Sistema,87510000.00000,2001-10-20
Sistema,120241300.00000,2001-10-21
Sistema,139976400.00000,2001-10-22
Sistema,99807100.00000,2001-10-23
Sistema,132970700.00000,2001-10-24
Sistema,77351800.00000,2001-10-25
Sistema,78636900.00000,2001-10-26
Sistema,74881600.00000,2001-10-27
Sistema,71171500.00000,2001-10-28
Sistema,86371200.00000,2001-10-29
Sistema,130685700.00000,2001-10-30
Sistema,168078700.00000,2001-10-31
Sistema,166043500.00000,2001-11-01
Sistema,155243100.00000,2001-11-02
Sistema,167560800.00000,2001-11-03
Sistema,118360900.00000,2001-11-04
Sistema,117745400.00000,2001-11-05
Sistema,140821300.00000,2001-11-06
Sistema,95836800.00000,2001-11-07
Sistema,103648300.00000,2001-11-08
Sistema,110955100.00000,2001-11-09
Sistema,87423600.00000,2001-11-10
Sistema,94801000.00000,2001-11-11
Sistema,115277600.00000,2001-11-12
Sistema,110729800.00000,2001-11-13
Sistema,133471100.00000,2001-11-14
Sistema,96472400.00000,2001-11-15
Sistema,91761200.00000,2001-11-16
Sistema,95993900.00000,2001-11-17
Sistema,103362000.00000,2001-11-18
Sistema,101513200.00000,2001-11-19
Sistema,94961500.00000,2001-11-20
Sistema,131517400.00000,2001-11-21
Sistema,93215800.00000,2001-11-22
Sistema,80911800.00000,2001-11-23
Sistema,78209800.00000,2001-11-24
Sistema,71551900.00000,2001-11-25
Sistema,78195800.00000,2001-11-26
Sistema,138315100.00000,2001-11-27
Sistema,131339000.00000,2001-11-28
Sistema,111844200.00000,2001-11-29
Sistema,98433800.00000,2001-11-30
Sistema,133573900.00000,2001-12-01
Sistema,125057100.00000,2001-12-02
Sistema,118486100.00000,2001-12-03
Sistema,97963600.00000,2001-12-04
Sistema,84735900.00000,2001-12-05
Sistema,85219400.00000,2001-12-06
Sistema,84733800.00000,2001-12-07
Sistema,93854000.00000,2001-12-08
Sistema,104887600.00000,2001-12-09
Sistema,105691200.00000,2001-12-10
Sistema,93213200.00000,2001-12-11
Sistema,84598400.00000,2001-12-12
Sistema,103932500.00000,2001-12-13
Sistema,81024200.00000,2001-12-14
Sistema,82876800.00000,2001-12-15
Sistema,100636900.00000,2001-12-16
Sistema,141835200.00000,2001-12-17
Sistema,122097900.00000,2001-12-18
Sistema,125052500.00000,2001-12-19
Sistema,107800100.00000,2001-12-20
Sistema,121837300.00000,2001-12-21
Sistema,101290200.00000,2001-12-22
Sistema,92944200.00000,2001-12-23
Sistema,119446300.00000,2001-12-24
Sistema,106463000.00000,2001-12-25
Sistema,122034000.00000,2001-12-26
Sistema,129794800.00000,2001-12-27
Sistema,88659900.00000,2001-12-28
Sistema,109811200.00000,2001-12-29
Sistema,91719100.00000,2001-12-30
Sistema,80524200.00000,2001-12-31
Sistema,67906700.00000,2002-01-01
Sistema,63975700.00000,2002-01-02
Sistema,58573300.00000,2002-01-03
Sistema,56891000.00000,2002-01-04
Sistema,58442500.00000,2002-01-05
Sistema,55146000.00000,2002-01-06
Sistema,60245300.00000,2002-01-07
Sistema,61313200.00000,2002-01-08
Sistema,66819000.00000,2002-01-09
Sistema,58941000.00000,2002-01-10
Sistema,54337300.00000,2002-01-11
Sistema,48965300.00000,2002-01-12
Sistema,59111800.00000,2002-01-13
Sistema,95864100.00000,2002-01-14
Sistema,68038300.00000,2002-01-15
Sistema,48588500.00000,2002-01-16
Sistema,49235300.00000,2002-01-17
Sistema,46707600.00000,2002-01-18
Sistema,45777600.00000,2002-01-19
Sistema,44731800.00000,2002-01-20
Sistema,49972500.00000,2002-01-21
Sistema,56145400.00000,2002-01-22
Sistema,41358600.00000,2002-01-23
Sistema,46700200.00000,2002-01-24
Sistema,43262300.00000,2002-01-25
Sistema,54313100.00000,2002-01-26
Sistema,52680700.00000,2002-01-27
Sistema,54479500.00000,2002-01-28
Sistema,48144800.00000,2002-01-29
Sistema,52648900.00000,2002-01-30
Sistema,50294400.00000,2002-01-31
Sistema,58739700.00000,2002-02-01
Sistema,50124200.00000,2002-02-02
Sistema,65796600.00000,2002-02-03
Sistema,53043000.00000,2002-02-04
Sistema,51979400.00000,2002-02-05
Sistema,47956900.00000,2002-02-06
Sistema,70154600.00000,2002-02-07
Sistema,61532600.00000,2002-02-08
Sistema,57652000.00000,2002-02-09
Sistema,60944300.00000,2002-02-10
Sistema,54034400.00000,2002-02-11
Sistema,43723300.00000,2002-02-12
Sistema,41608500.00000,2002-02-13
Sistema,37772100.00000,2002-02-14
Sistema,37150800.00000,2002-02-15
Sistema,32180000.00000,2002-02-16
Sistema,44221200.00000,2002-02-17
Sistema,33492800.00000,2002-02-18
Sistema,35524600.00000,2002-02-19
Sistema,31718700.00000,2002-02-20
Sistema,34114200.00000,2002-02-21
Sistema,60651900.00000,2002-02-22
Sistema,47050200.00000,2002-02-23
Sistema,36003000.00000,2002-02-24
Sistema,32167000.00000,2002-02-25
Sistema,34045200.00000,2002-02-26
Sistema,36436500.00000,2002-02-27
Sistema,35004800.00000,2002-02-28
Sistema,33744800.00000,2002-03-01
Sistema,31317500.00000,2002-03-02
Sistema,39813100.00000,2002-03-03
Sistema,30030100.00000,2002-03-04
Sistema,44215300.00000,2002-03-05
Sistema,32115500.00000,2002-03-06
Sistema,32066300.00000,2002-03-07
Sistema,34970000.00000,2002-03-08
Sistema,30714500.00000,2002-03-09
Sistema,25253400.00000,2002-03-10
Sistema,48625500.00000,2002-03-11
Sistema,109255900.00000,2002-03-12
Sistema,46829100.00000,2002-03-13
Sistema,57451300.00000,2002-03-14
Sistema,54571800.00000,2002-03-15
Sistema,53438900.00000,2002-03-16
Sistema,60457900.00000,2002-03-17
Sistema,56459300.00000,2002-03-18
Sistema,103092100.00000,2002-03-19
Sistema,94001300.00000,2002-03-20
Sistema,200251800.00000,2002-03-21
Sistema,129912200.00000,2002-03-22
Sistema,122660100.00000,2002-03-23
Sistema,103804500.00000,2002-03-24
Sistema,97876500.00000,2002-03-25
Sistema,61956400.00000,2002-03-26
Sistema,89004700.00000,2002-03-27
Sistema,62360500.00000,2002-03-28
Sistema,76928200.00000,2002-03-29
Sistema,72780000.00000,2002-03-30
Sistema,63420700.00000,2002-03-31
Sistema,79199500.00000,2002-04-01
Sistema,127766600.00000,2002-04-02
Sistema,73621900.00000,2002-04-03
Sistema,73648800.00000,2002-04-04
Sistema,85499900.00000,2002-04-05
Sistema,59739600.00000,2002-04-06
Sistema,94047000.00000,2002-04-07
Sistema,86542900.00000,2002-04-08
Sistema,142037500.00000,2002-04-09
Sistema,152333500.00000,2002-04-10
Sistema,108060000.00000,2002-04-11
Sistema,96272200.00000,2002-04-12
Sistema,141002600.00000,2002-04-13
Sistema,128888900.00000,2002-04-14
Sistema,117321200.00000,2002-04-15
Sistema,133222400.00000,2002-04-16
Sistema,142847300.00000,2002-04-17
Sistema,164014100.00000,2002-04-18
Sistema,129445000.00000,2002-04-19
Sistema,132913100.00000,2002-04-20
Sistema,180792800.00000,2002-04-21
Sistema,122932800.00000,2002-04-22
Sistema,166322300.00000,2002-04-23
Sistema,128804300.00000,2002-04-24
Sistema,252960300.00000,2002-04-25
Sistema,197862600.00000,2002-04-26
Sistema,200034300.00000,2002-04-27
Sistema,173905500.00000,2002-04-28
Sistema,165183500.00000,2002-04-29
Sistema,144368000.00000,2002-04-30
Sistema,142380700.00000,2002-05-01
Sistema,158111500.00000,2002-05-02
Sistema,122519500.00000,2002-05-03
Sistema,133326100.00000,2002-05-04
Sistema,99752600.00000,2002-05-05
Sistema,82443500.00000,2002-05-06
Sistema,101453200.00000,2002-05-07
Sistema,89550200.00000,2002-05-08
Sistema,77517900.00000,2002-05-09
Sistema,106963600.00000,2002-05-10
Sistema,98069500.00000,2002-05-11
Sistema,90085000.00000,2002-05-12
Sistema,341893100.00000,2002-05-13
Sistema,163581900.00000,2002-05-14
Sistema,138597300.00000,2002-05-15
Sistema,176078700.00000,2002-05-16
Sistema,211193600.00000,2002-05-17
Sistema,223761800.00000,2002-05-18
Sistema,154351800.00000,2002-05-19
Sistema,124347800.00000,2002-05-20
Sistema,112154000.00000,2002-05-21
Sistema,115425400.00000,2002-05-22
Sistema,132625100.00000,2002-05-23
Sistema,119036400.00000,2002-05-24
Sistema,161404600.00000,2002-05-25
Sistema,176932800.00000,2002-05-26
Sistema,212215300.00000,2002-05-27
Sistema,198539200.00000,2002-05-28
Sistema,209323300.00000,2002-05-29
Sistema,212007400.00000,2002-05-30
Sistema,283451200.00000,2002-05-31
Sistema,194178500.00000,2002-06-01
Sistema,254576000.00000,2002-06-02
Sistema,168222600.00000,2002-06-03
Sistema,179774000.00000,2002-06-04
Sistema,189819800.00000,2002-06-05
Sistema,219665000.00000,2002-06-06
Sistema,311503800.00000,2002-06-07
Sistema,221253400.00000,2002-06-08
Sistema,330508800.00000,2002-06-09
Sistema,272513000.00000,2002-06-10
Sistema,348586600.00000,2002-06-11
Sistema,193626100.00000,2002-06-12
Sistema,211161800.00000,2002-06-13
Sistema,148313500.00000,2002-06-14
Sistema,137844500.00000,2002-06-15
Sistema,143983800.00000,2002-06-16
Sistema,145348200.00000,2002-06-17
Sistema,150563200.00000,2002-06-18
Sistema,144866000.00000,2002-06-19
Sistema,172935900.00000,2002-06-20
Sistema,176700200.00000,2002-06-21
Sistema,306995400.00000,2002-06-22
Sistema,214094600.00000,2002-06-23
Sistema,241904700.00000,2002-06-24
Sistema,289365000.00000,2002-06-25
Sistema,228429400.00000,2002-06-26
Sistema,171689300.00000,2002-06-27
Sistema,177160500.00000,2002-06-28
Sistema,220269900.00000,2002-06-29
Sistema,230910000.00000,2002-06-30
Sistema,218268600.00000,2002-07-01
Sistema,302832600.00000,2002-07-02
Sistema,174648200.00000,2002-07-03
Sistema,151612800.00000,2002-07-04
Sistema,177881200.00000,2002-07-05
Sistema,203654200.00000,2002-07-06
Sistema,159143800.00000,2002-07-07
Sistema,143885600.00000,2002-07-08
Sistema,124146600.00000,2002-07-09
Sistema,161072900.00000,2002-07-10
Sistema,172946400.00000,2002-07-11
Sistema,125816000.00000,2002-07-12
Sistema,107448600.00000,2002-07-13
Sistema,107429900.00000,2002-07-14
Sistema,106263800.00000,2002-07-15
Sistema,144965100.00000,2002-07-16
Sistema,148794400.00000,2002-07-17
Sistema,146014500.00000,2002-07-18
Sistema,162647900.00000,2002-07-19
Sistema,165519900.00000,2002-07-20
Sistema,181382300.00000,2002-07-21
Sistema,105055600.00000,2002-07-22
Sistema,103783200.00000,2002-07-23
Sistema,130594200.00000,2002-07-24
Sistema,178083900.00000,2002-07-25
Sistema,114890300.00000,2002-07-26
Sistema,97378900.00000,2002-07-27
Sistema,107813300.00000,2002-07-28
Sistema,179245400.00000,2002-07-29
Sistema,130519200.00000,2002-07-30
Sistema,214293800.00000,2002-07-31
Sistema,136230500.00000,2002-08-01
Sistema,115561000.00000,2002-08-02
Sistema,121169800.00000,2002-08-03
Sistema,100935600.00000,2002-08-04
Sistema,170742500.00000,2002-08-05
Sistema,104319600.00000,2002-08-06
Sistema,156910300.00000,2002-08-07
Sistema,117757000.00000,2002-08-08
Sistema,278151100.00000,2002-08-09
Sistema,160555600.00000,2002-08-10
Sistema,130345900.00000,2002-08-11
Sistema,113661300.00000,2002-08-12
Sistema,121775600.00000,2002-08-13
Sistema,153658700.00000,2002-08-14
Sistema,282973300.00000,2002-08-15
Sistema,260084900.00000,2002-08-16
Sistema,199699200.00000,2002-08-17
Sistema,171406000.00000,2002-08-18
Sistema,120246600.00000,2002-08-19
Sistema,176409500.00000,2002-08-20
Sistema,129529000.00000,2002-08-21
Sistema,114579800.00000,2002-08-22
Sistema,152339400.00000,2002-08-23
Sistema,109460400.00000,2002-08-24
Sistema,101564900.00000,2002-08-25
Sistema,106260100.00000,2002-08-26
Sistema,114564800.00000,2002-08-27
Sistema,115415400.00000,2002-08-28
Sistema,145285900.00000,2002-08-29
Sistema,99694500.00000,2002-08-30
Sistema,121863300.00000,2002-08-31
Sistema,124254700.00000,2002-09-01
Sistema,193098300.00000,2002-09-02
Sistema,132202400.00000,2002-09-03
Sistema,139277100.00000,2002-09-04
Sistema,114169200.00000,2002-09-05
Sistema,95807500.00000,2002-09-06
Sistema,116767500.00000,2002-09-07
Sistema,79050600.00000,2002-09-08
Sistema,73679100.00000,2002-09-09
Sistema,98609200.00000,2002-09-10
Sistema,94489600.00000,2002-09-11
Sistema,68733800.00000,2002-09-12
Sistema,93057900.00000,2002-09-13
Sistema,88415400.00000,2002-09-14
Sistema,126616700.00000,2002-09-15
Sistema,130906700.00000,2002-09-16
Sistema,92869600.00000,2002-09-17
Sistema,98456300.00000,2002-09-18
Sistema,100045400.00000,2002-09-19
Sistema,73946400.00000,2002-09-20
Sistema,79701100.00000,2002-09-21
Sistema,58575500.00000,2002-09-22
Sistema,66328300.00000,2002-09-23
Sistema,56186100.00000,2002-09-24
Sistema,97954700.00000,2002-09-25
Sistema,116338900.00000,2002-09-26
Sistema,93733900.00000,2002-09-27
Sistema,202177600.00000,2002-09-28
Sistema,112267500.00000,2002-09-29
Sistema,92546900.00000,2002-09-30
Sistema,80296500.00000,2002-10-01
Sistema,66219600.00000,2002-10-02
Sistema,76987900.00000,2002-10-03
Sistema,54195500.00000,2002-10-04
Sistema,73275900.00000,2002-10-05
Sistema,87680500.00000,2002-10-06
Sistema,79961900.00000,2002-10-07
Sistema,71537100.00000,2002-10-08
Sistema,74028400.00000,2002-10-09
Sistema,62162700.00000,2002-10-10
Sistema,88514700.00000,2002-10-11
Sistema,62717800.00000,2002-10-12
Sistema,62990000.00000,2002-10-13
Sistema,56095000.00000,2002-10-14
Sistema,63819400.00000,2002-10-15
Sistema,58658400.00000,2002-10-16
Sistema,91333000.00000,2002-10-17
Sistema,84606600.00000,2002-10-18
Sistema,75185100.00000,2002-10-19
Sistema,82996900.00000,2002-10-20
Sistema,83045800.00000,2002-10-21
Sistema,82438800.00000,2002-10-22
Sistema,80062800.00000,2002-10-23
Sistema,109316700.00000,2002-10-24
Sistema,107923200.00000,2002-10-25
Sistema,104740200.00000,2002-10-26
Sistema,185381000.00000,2002-10-27
Sistema,157277100.00000,2002-10-28
Sistema,210541500.00000,2002-10-29
Sistema,214042500.00000,2002-10-30
Sistema,151672200.00000,2002-10-31
Sistema,127905800.00000,2002-11-01
Sistema,125140500.00000,2002-11-02
Sistema,114145300.00000,2002-11-03
Sistema,126122100.00000,2002-11-04
Sistema,114075700.00000,2002-11-05
Sistema,102728900.00000,2002-11-06
Sistema,163219700.00000,2002-11-07
Sistema,190889200.00000,2002-11-08
Sistema,127200300.00000,2002-11-09
Sistema,102177800.00000,2002-11-10
Sistema,118372700.00000,2002-11-11
Sistema,92982800.00000,2002-11-12
Sistema,92933100.00000,2002-11-13
Sistema,89475700.00000,2002-11-14
Sistema,82120200.00000,2002-11-15
Sistema,82410500.00000,2002-11-16
Sistema,85771100.00000,2002-11-17
Sistema,83166400.00000,2002-11-18
Sistema,79958100.00000,2002-11-19
Sistema,62119100.00000,2002-11-20
Sistema,70129300.00000,2002-11-21
Sistema,64126600.00000,2002-11-22
Sistema,62077300.00000,2002-11-23
Sistema,80331000.00000,2002-11-24
Sistema,65475900.00000,2002-11-25
Sistema,64196200.00000,2002-11-26
Sistema,81307900.00000,2002-11-27
Sistema,72821400.00000,2002-11-28
Sistema,64132100.00000,2002-11-29
Sistema,59933500.00000,2002-11-30
Sistema,71223400.00000,2002-12-01
Sistema,58597500.00000,2002-12-02
Sistema,63048800.00000,2002-12-03
Sistema,52459900.00000,2002-12-04
Sistema,66223800.00000,2002-12-05
Sistema,68706000.00000,2002-12-06
Sistema,56836200.00000,2002-12-07
Sistema,63247000.00000,2002-12-08
Sistema,67489900.00000,2002-12-09
Sistema,69893500.00000,2002-12-10
Sistema,64145300.00000,2002-12-11
Sistema,56636100.00000,2002-12-12
Sistema,73965600.00000,2002-12-13
Sistema,73420100.00000,2002-12-14
Sistema,113471500.00000,2002-12-15
Sistema,104974300.00000,2002-12-16
Sistema,139935100.00000,2002-12-17
Sistema,144505600.00000,2002-12-18
Sistema,95356000.00000,2002-12-19
Sistema,91713700.00000,2002-12-20
Sistema,85806400.00000,2002-12-21
Sistema,71856700.00000,2002-12-22
Sistema,60424300.00000,2002-12-23
Sistema,60372700.00000,2002-12-24
Sistema,48553300.00000,2002-12-25
Sistema,58347000.00000,2002-12-26
Sistema,66438900.00000,2002-12-27
Sistema,53557400.00000,2002-12-28
Sistema,59063900.00000,2002-12-29
Sistema,51715400.00000,2002-12-30
Sistema,51861800.00000,2002-12-31
Sistema,45515500.00000,2003-01-01
Sistema,46236700.00000,2003-01-02
Sistema,43356200.00000,2003-01-03
Sistema,39060700.00000,2003-01-04
Sistema,39981400.00000,2003-01-05
Sistema,42009900.00000,2003-01-06
Sistema,38872900.00000,2003-01-07
Sistema,35610500.00000,2003-01-08
Sistema,35554100.00000,2003-01-09
Sistema,33640100.00000,2003-01-10
Sistema,35179500.00000,2003-01-11
Sistema,33240200.00000,2003-01-12
Sistema,36464500.00000,2003-01-13
Sistema,35173700.00000,2003-01-14
Sistema,37256600.00000,2003-01-15
Sistema,38374500.00000,2003-01-16
Sistema,35112200.00000,2003-01-17
Sistema,39922900.00000,2003-01-18
Sistema,52130500.00000,2003-01-19
Sistema,51716600.00000,2003-01-20
Sistema,37336200.00000,2003-01-21
Sistema,34317900.00000,2003-01-22
Sistema,32316500.00000,2003-01-23
Sistema,34656700.00000,2003-01-24
Sistema,35129000.00000,2003-01-25
Sistema,32576700.00000,2003-01-26
Sistema,34953300.00000,2003-01-27
Sistema,35125900.00000,2003-01-28
Sistema,28821400.00000,2003-01-29
Sistema,35699700.00000,2003-01-30
Sistema,37571100.00000,2003-01-31
Sistema,37606100.00000,2003-02-01
Sistema,36103100.00000,2003-02-02
Sistema,31838500.00000,2003-02-03
Sistema,28673600.00000,2003-02-04
Sistema,30166500.00000,2003-02-05
Sistema,48323600.00000,2003-02-06
Sistema,32265900.00000,2003-02-07
Sistema,64892500.00000,2003-02-08
Sistema,47438400.00000,2003-02-09
Sistema,51158700.00000,2003-02-10
Sistema,47823500.00000,2003-02-11
Sistema,43347700.00000,2003-02-12
Sistema,44416200.00000,2003-02-13
Sistema,49121000.00000,2003-02-14
Sistema,48830100.00000,2003-02-15
Sistema,35027600.00000,2003-02-16
Sistema,48711600.00000,2003-02-17
Sistema,52174200.00000,2003-02-18
Sistema,43870700.00000,2003-02-19
Sistema,38802200.00000,2003-02-20
Sistema,32172300.00000,2003-02-21
Sistema,28844800.00000,2003-02-22
Sistema,32108700.00000,2003-02-23
Sistema,39758700.00000,2003-02-24
Sistema,38001400.00000,2003-02-25
Sistema,63824300.00000,2003-02-26
Sistema,45670300.00000,2003-02-27
Sistema,44182400.00000,2003-02-28
Sistema,41698300.00000,2003-03-01
Sistema,40126100.00000,2003-03-02
Sistema,44579700.00000,2003-03-03
Sistema,33621400.00000,2003-03-04
Sistema,37510900.00000,2003-03-05
Sistema,31312700.00000,2003-03-06
Sistema,32924300.00000,2003-03-07
Sistema,32252700.00000,2003-03-08
Sistema,26445600.00000,2003-03-09
Sistema,37130400.00000,2003-03-10
Sistema,37731900.00000,2003-03-11
Sistema,31679200.00000,2003-03-12
Sistema,45112200.00000,2003-03-13
Sistema,52127700.00000,2003-03-14
Sistema,57214000.00000,2003-03-15
Sistema,46309100.00000,2003-03-16
Sistema,81036000.00000,2003-03-17
Sistema,79348100.00000,2003-03-18
Sistema,77457600.00000,2003-03-19
Sistema,72483700.00000,2003-03-20
Sistema,96325800.00000,2003-03-21
Sistema,88283100.00000,2003-03-22
Sistema,76490100.00000,2003-03-23
Sistema,63365700.00000,2003-03-24
Sistema,66001100.00000,2003-03-25
Sistema,80459100.00000,2003-03-26
Sistema,88684100.00000,2003-03-27
Sistema,119555000.00000,2003-03-28
Sistema,142048500.00000,2003-03-29
Sistema,101952200.00000,2003-03-30
Sistema,91887400.00000,2003-03-31
Sistema,77805200.00000,2003-04-01
Sistema,67204200.00000,2003-04-02
Sistema,50958800.00000,2003-04-03
Sistema,88310200.00000,2003-04-04
Sistema,66131900.00000,2003-04-05
Sistema,68346400.00000,2003-04-06
Sistema,51532800.00000,2003-04-07
Sistema,60242800.00000,2003-04-08
Sistema,63734400.00000,2003-04-09
Sistema,69695200.00000,2003-04-10
Sistema,70693200.00000,2003-04-11
Sistema,132438100.00000,2003-04-12
Sistema,136892200.00000,2003-04-13
Sistema,220597900.00000,2003-04-14
Sistema,245275100.00000,2003-04-15
Sistema,165475700.00000,2003-04-16
Sistema,138334900.00000,2003-04-17
Sistema,124370800.00000,2003-04-18
Sistema,145720700.00000,2003-04-19
Sistema,122292400.00000,2003-04-20
Sistema,163113700.00000,2003-04-21
Sistema,164492100.00000,2003-04-22
Sistema,165237600.00000,2003-04-23
Sistema,140404700.00000,2003-04-24
Sistema,151783700.00000,2003-04-25
Sistema,139963000.00000,2003-04-26
Sistema,205407300.00000,2003-04-27
Sistema,137674600.00000,2003-04-28
Sistema,150619400.00000,2003-04-29
Sistema,111458700.00000,2003-04-30
Sistema,116995800.00000,2003-05-01
Sistema,94841900.00000,2003-05-02
Sistema,101096900.00000,2003-05-03
Sistema,115621100.00000,2003-05-04
Sistema,114950900.00000,2003-05-05
Sistema,106119700.00000,2003-05-06
Sistema,133780600.00000,2003-05-07
Sistema,125235000.00000,2003-05-08
Sistema,183953400.00000,2003-05-09
Sistema,149106200.00000,2003-05-10
Sistema,160256300.00000,2003-05-11
Sistema,194732100.00000,2003-05-12
Sistema,273637200.00000,2003-05-13
Sistema,188102200.00000,2003-05-14
Sistema,190800900.00000,2003-05-15
Sistema,176547600.00000,2003-05-16
Sistema,181130300.00000,2003-05-17
Sistema,405957300.00000,2003-05-18
Sistema,265123500.00000,2003-05-19
Sistema,198053900.00000,2003-05-20
Sistema,171178600.00000,2003-05-21
Sistema,177092400.00000,2003-05-22
Sistema,152090400.00000,2003-05-23
Sistema,183181200.00000,2003-05-24
Sistema,221350200.00000,2003-05-25
Sistema,165132800.00000,2003-05-26
Sistema,135784200.00000,2003-05-27
Sistema,116710900.00000,2003-05-28
Sistema,130055100.00000,2003-05-29
Sistema,183522500.00000,2003-05-30
Sistema,143229000.00000,2003-05-31
Sistema,130732800.00000,2003-06-01
Sistema,140908500.00000,2003-06-02
Sistema,156214000.00000,2003-06-03
Sistema,124221800.00000,2003-06-04
Sistema,137917700.00000,2003-06-05
Sistema,142534100.00000,2003-06-06
Sistema,168546200.00000,2003-06-07
Sistema,110878200.00000,2003-06-08
Sistema,100062000.00000,2003-06-09
Sistema,87434200.00000,2003-06-10
Sistema,162088600.00000,2003-06-11
Sistema,136690600.00000,2003-06-12
Sistema,214690200.00000,2003-06-13
Sistema,187435200.00000,2003-06-14
Sistema,212450800.00000,2003-06-15
Sistema,147430500.00000,2003-06-16
Sistema,205972700.00000,2003-06-17
Sistema,269450600.00000,2003-06-18
Sistema,196921200.00000,2003-06-19
Sistema,164246900.00000,2003-06-20
Sistema,184666600.00000,2003-06-21
Sistema,188223900.00000,2003-06-22
Sistema,165480000.00000,2003-06-23
Sistema,188164000.00000,2003-06-24
Sistema,213681100.00000,2003-06-25
Sistema,136466100.00000,2003-06-26
Sistema,138641500.00000,2003-06-27
Sistema,128742900.00000,2003-06-28
Sistema,141219100.00000,2003-06-29
Sistema,134484500.00000,2003-06-30
Sistema,162216500.00000,2003-07-01
Sistema,118704000.00000,2003-07-02
Sistema,98730600.00000,2003-07-03
Sistema,105300900.00000,2003-07-04
Sistema,119205800.00000,2003-07-05
Sistema,125293700.00000,2003-07-06
Sistema,128730100.00000,2003-07-07
Sistema,126825500.00000,2003-07-08
Sistema,155865000.00000,2003-07-09
Sistema,121382200.00000,2003-07-10
Sistema,196002200.00000,2003-07-11
Sistema,150569900.00000,2003-07-12
Sistema,163842500.00000,2003-07-13
Sistema,143236400.00000,2003-07-14
Sistema,111937100.00000,2003-07-15
Sistema,105086200.00000,2003-07-16
Sistema,158793800.00000,2003-07-17
Sistema,143066600.00000,2003-07-18
Sistema,117596900.00000,2003-07-19
Sistema,113937000.00000,2003-07-20
Sistema,139167800.00000,2003-07-21
Sistema,179123500.00000,2003-07-22
Sistema,162072000.00000,2003-07-23
Sistema,143037700.00000,2003-07-24
Sistema,164390700.00000,2003-07-25
Sistema,178477200.00000,2003-07-26
Sistema,180830000.00000,2003-07-27
Sistema,146478600.00000,2003-07-28
Sistema,116147900.00000,2003-07-29
Sistema,174909300.00000,2003-07-30
Sistema,206726200.00000,2003-07-31
Sistema,194400200.00000,2003-08-01
Sistema,186567700.00000,2003-08-02
Sistema,243301800.00000,2003-08-03
Sistema,141649700.00000,2003-08-04
Sistema,114506800.00000,2003-08-05
Sistema,105171900.00000,2003-08-06
Sistema,102489800.00000,2003-08-07
Sistema,124779300.00000,2003-08-08
Sistema,106325700.00000,2003-08-09
Sistema,90481600.00000,2003-08-10
Sistema,83087200.00000,2003-08-11
Sistema,79341600.00000,2003-08-12
Sistema,114138700.00000,2003-08-13
Sistema,120892700.00000,2003-08-14
Sistema,111949500.00000,2003-08-15
Sistema,91576500.00000,2003-08-16
Sistema,130560800.00000,2003-08-17
Sistema,107073200.00000,2003-08-18
Sistema,103525300.00000,2003-08-19
Sistema,139993500.00000,2003-08-20
Sistema,111788200.00000,2003-08-21
Sistema,126149400.00000,2003-08-22
Sistema,120838300.00000,2003-08-23
Sistema,118997800.00000,2003-08-24
Sistema,84586100.00000,2003-08-25
Sistema,157109800.00000,2003-08-26
Sistema,189889900.00000,2003-08-27
Sistema,165051900.00000,2003-08-28
Sistema,153473900.00000,2003-08-29
Sistema,114710800.00000,2003-08-30
Sistema,91966500.00000,2003-08-31
Sistema,87783600.00000,2003-09-01
Sistema,108374800.00000,2003-09-02
Sistema,102995900.00000,2003-09-03
Sistema,93897900.00000,2003-09-04
Sistema,122802200.00000,2003-09-05
Sistema,144710900.00000,2003-09-06
Sistema,128170300.00000,2003-09-07
Sistema,128966100.00000,2003-09-08
Sistema,132776300.00000,2003-09-09
Sistema,132526300.00000,2003-09-10
Sistema,180572100.00000,2003-09-11
Sistema,123352300.00000,2003-09-12
Sistema,118046700.00000,2003-09-13
Sistema,94142500.00000,2003-09-14
Sistema,102428500.00000,2003-09-15
Sistema,98707400.00000,2003-09-16
Sistema,104797100.00000,2003-09-17
Sistema,113726300.00000,2003-09-18
Sistema,98587500.00000,2003-09-19
Sistema,128103900.00000,2003-09-20
Sistema,102115200.00000,2003-09-21
Sistema,104052000.00000,2003-09-22
Sistema,104820600.00000,2003-09-23
Sistema,114105600.00000,2003-09-24
Sistema,113285000.00000,2003-09-25
Sistema,126905500.00000,2003-09-26
Sistema,132667500.00000,2003-09-27
Sistema,121780800.00000,2003-09-28
Sistema,111507100.00000,2003-09-29
Sistema,134952800.00000,2003-09-30
Sistema,188345400.00000,2003-10-01
Sistema,108227600.00000,2003-10-02
Sistema,100736800.00000,2003-10-03
Sistema,110283600.00000,2003-10-04
Sistema,128905800.00000,2003-10-05
Sistema,120736500.00000,2003-10-06
Sistema,111983900.00000,2003-10-07
Sistema,115400600.00000,2003-10-08
Sistema,150494500.00000,2003-10-09
Sistema,163581600.00000,2003-10-10
Sistema,201242900.00000,2003-10-11
Sistema,120604900.00000,2003-10-12
Sistema,130496700.00000,2003-10-13
Sistema,160291500.00000,2003-10-14
Sistema,164336600.00000,2003-10-15
Sistema,168406200.00000,2003-10-16
Sistema,132831800.00000,2003-10-17
Sistema,127039600.00000,2003-10-18
Sistema,120392900.00000,2003-10-19
Sistema,193884400.00000,2003-10-20
Sistema,204484600.00000,2003-10-21
Sistema,130470500.00000,2003-10-22
Sistema,114576600.00000,2003-10-23
Sistema,130943200.00000,2003-10-24
Sistema,125448200.00000,2003-10-25
Sistema,112785800.00000,2003-10-26
Sistema,131952800.00000,2003-10-27
Sistema,155586400.00000,2003-10-28
Sistema,177395900.00000,2003-10-29
Sistema,215969200.00000,2003-10-30
Sistema,202696700.00000,2003-10-31
Sistema,158322900.00000,2003-11-01
Sistema,163596500.00000,2003-11-02
Sistema,144616600.00000,2003-11-03
Sistema,117148800.00000,2003-11-04
Sistema,107975500.00000,2003-11-05
Sistema,126121800.00000,2003-11-06
Sistema,122928600.00000,2003-11-07
Sistema,140265800.00000,2003-11-08
Sistema,123161000.00000,2003-11-09
Sistema,138786800.00000,2003-11-10
Sistema,155775700.00000,2003-11-11
Sistema,150416500.00000,2003-11-12
Sistema,127602200.00000,2003-11-13
Sistema,130584600.00000,2003-11-14
Sistema,184119400.00000,2003-11-15
Sistema,117386900.00000,2003-11-16
Sistema,102015000.00000,2003-11-17
Sistema,108378600.00000,2003-11-18
Sistema,98138300.00000,2003-11-19
Sistema,126259800.00000,2003-11-20
Sistema,116399600.00000,2003-11-21
Sistema,133986700.00000,2003-11-22
Sistema,126224600.00000,2003-11-23
Sistema,159615500.00000,2003-11-24
Sistema,136132300.00000,2003-11-25
Sistema,120218800.00000,2003-11-26
Sistema,117534900.00000,2003-11-27
Sistema,125833700.00000,2003-11-28
Sistema,141966000.00000,2003-11-29
Sistema,136784000.00000,2003-11-30
Sistema,210099800.00000,2003-12-01
Sistema,203994500.00000,2003-12-02
Sistema,218294400.00000,2003-12-03
Sistema,168582900.00000,2003-12-04
Sistema,179379600.00000,2003-12-05
Sistema,174078100.00000,2003-12-06
Sistema,143509300.00000,2003-12-07
Sistema,141159300.00000,2003-12-08
Sistema,112537600.00000,2003-12-09
Sistema,111448700.00000,2003-12-10
Sistema,108979900.00000,2003-12-11
Sistema,95932300.00000,2003-12-12
Sistema,94663500.00000,2003-12-13
Sistema,98113500.00000,2003-12-14
Sistema,97588600.00000,2003-12-15
Sistema,76017000.00000,2003-12-16
Sistema,79733500.00000,2003-12-17
Sistema,81144400.00000,2003-12-18
Sistema,73104200.00000,2003-12-19
Sistema,79777200.00000,2003-12-20
Sistema,95664000.00000,2003-12-21
Sistema,93903900.00000,2003-12-22
Sistema,73160600.00000,2003-12-23
Sistema,72549700.00000,2003-12-24
Sistema,84721100.00000,2003-12-25
Sistema,70602400.00000,2003-12-26
Sistema,97812900.00000,2003-12-27
Sistema,115008200.00000,2003-12-28
Sistema,72770700.00000,2003-12-29
Sistema,70484100.00000,2003-12-30
Sistema,60600900.00000,2003-12-31
Sistema,65224000.00000,2004-01-01
Sistema,62486500.00000,2004-01-02
Sistema,53287900.00000,2004-01-03
Sistema,58656200.00000,2004-01-04
Sistema,65423800.00000,2004-01-05
Sistema,69899700.00000,2004-01-06
Sistema,87806100.00000,2004-01-07
Sistema,87658900.00000,2004-01-08
Sistema,95571700.00000,2004-01-09
Sistema,124714700.00000,2004-01-10
Sistema,100985400.00000,2004-01-11
Sistema,87317100.00000,2004-01-12
Sistema,74336200.00000,2004-01-13
Sistema,69797300.00000,2004-01-14
Sistema,69450500.00000,2004-01-15
Sistema,76158100.00000,2004-01-16
Sistema,87440000.00000,2004-01-17
Sistema,73525300.00000,2004-01-18
Sistema,65448900.00000,2004-01-19
Sistema,66452400.00000,2004-01-20
Sistema,56881000.00000,2004-01-21
Sistema,67654500.00000,2004-01-22
Sistema,66635600.00000,2004-01-23
Sistema,52416900.00000,2004-01-24
Sistema,50505600.00000,2004-01-25
Sistema,48085900.00000,2004-01-26
Sistema,54994300.00000,2004-01-27
Sistema,42571700.00000,2004-01-28
Sistema,45617700.00000,2004-01-29
Sistema,41597400.00000,2004-01-30
Sistema,41232600.00000,2004-01-31
Sistema,40897600.00000,2004-02-01
Sistema,41612600.00000,2004-02-02
Sistema,37252700.00000,2004-02-03
Sistema,40639900.00000,2004-02-04
Sistema,40485200.00000,2004-02-05
Sistema,37203200.00000,2004-02-06
Sistema,33535200.00000,2004-02-07
Sistema,34154400.00000,2004-02-08
Sistema,36655200.00000,2004-02-09
Sistema,38033300.00000,2004-02-10
Sistema,36674100.00000,2004-02-11
Sistema,46779000.00000,2004-02-12
Sistema,55688000.00000,2004-02-13
Sistema,45197400.00000,2004-02-14
Sistema,38587700.00000,2004-02-15
Sistema,37255600.00000,2004-02-16
Sistema,37162700.00000,2004-02-17
Sistema,38459600.00000,2004-02-18
Sistema,54265800.00000,2004-02-19
Sistema,52779200.00000,2004-02-20
Sistema,52844300.00000,2004-02-21
Sistema,80910600.00000,2004-02-22
Sistema,84512000.00000,2004-02-23
Sistema,109831400.00000,2004-02-24
Sistema,89748300.00000,2004-02-25
Sistema,81632400.00000,2004-02-26
Sistema,68032300.00000,2004-02-27
Sistema,90890200.00000,2004-02-28
Sistema,81495600.00000,2004-02-29
Sistema,148007200.00000,2004-03-01
Sistema,110918700.00000,2004-03-02
Sistema,112368100.00000,2004-03-03
Sistema,72984900.00000,2004-03-04
Sistema,57327500.00000,2004-03-05
Sistema,70205600.00000,2004-03-06
Sistema,61894900.00000,2004-03-07
Sistema,55259800.00000,2004-03-08
Sistema,53776200.00000,2004-03-09
Sistema,55905000.00000,2004-03-10
Sistema,131319000.00000,2004-03-11
Sistema,96912100.00000,2004-03-12
Sistema,65409800.00000,2004-03-13
Sistema,70718300.00000,2004-03-14
Sistema,99216400.00000,2004-03-15
Sistema,55507500.00000,2004-03-16
Sistema,56711800.00000,2004-03-17
Sistema,44573000.00000,2004-03-18
Sistema,47943800.00000,2004-03-19
Sistema,45485900.00000,2004-03-20
Sistema,45580900.00000,2004-03-21
Sistema,43777200.00000,2004-03-22
Sistema,49608800.00000,2004-03-23
Sistema,86882400.00000,2004-03-24
Sistema,95279000.00000,2004-03-25
Sistema,87221100.00000,2004-03-26
Sistema,105126400.00000,2004-03-27
Sistema,106909500.00000,2004-03-28
Sistema,75263600.00000,2004-03-29
Sistema,69630200.00000,2004-03-30
Sistema,78152500.00000,2004-03-31
Sistema,75369200.00000,2004-04-01
Sistema,80554000.00000,2004-04-02
Sistema,166976800.00000,2004-04-03
Sistema,113312800.00000,2004-04-04
Sistema,87159000.00000,2004-04-05
Sistema,76609100.00000,2004-04-06
Sistema,60069300.00000,2004-04-07
Sistema,70866600.00000,2004-04-08
Sistema,62342800.00000,2004-04-09
Sistema,82120100.00000,2004-04-10
Sistema,74040600.00000,2004-04-11
Sistema,78147800.00000,2004-04-12
Sistema,84722500.00000,2004-04-13
Sistema,106692600.00000,2004-04-14
Sistema,171986400.00000,2004-04-15
Sistema,122088700.00000,2004-04-16
Sistema,120945700.00000,2004-04-17
Sistema,110098100.00000,2004-04-18
Sistema,128408100.00000,2004-04-19
Sistema,129225000.00000,2004-04-20
Sistema,136901000.00000,2004-04-21
Sistema,146170800.00000,2004-04-22
Sistema,258639200.00000,2004-04-23
Sistema,185721600.00000,2004-04-24
Sistema,177977400.00000,2004-04-25
Sistema,154475200.00000,2004-04-26
Sistema,166367100.00000,2004-04-27
Sistema,177561400.00000,2004-04-28
Sistema,128580000.00000,2004-04-29
Sistema,153890300.00000,2004-04-30
Sistema,153417100.00000,2004-05-01
Sistema,173016300.00000,2004-05-02
Sistema,169380900.00000,2004-05-03
Sistema,179455200.00000,2004-05-04
Sistema,182723500.00000,2004-05-05
Sistema,192084200.00000,2004-05-06
Sistema,181463400.00000,2004-05-07
Sistema,188861600.00000,2004-05-08
Sistema,377657300.00000,2004-05-09
Sistema,283170600.00000,2004-05-10
Sistema,175994100.00000,2004-05-11
Sistema,176119800.00000,2004-05-12
Sistema,166613800.00000,2004-05-13
Sistema,202882500.00000,2004-05-14
Sistema,141781000.00000,2004-05-15
Sistema,137898800.00000,2004-05-16
Sistema,190938500.00000,2004-05-17
Sistema,141771800.00000,2004-05-18
Sistema,226511000.00000,2004-05-19
Sistema,302824600.00000,2004-05-20
Sistema,194894000.00000,2004-05-21
Sistema,190141800.00000,2004-05-22
Sistema,182081900.00000,2004-05-23
Sistema,184556300.00000,2004-05-24
Sistema,144762900.00000,2004-05-25
Sistema,159255600.00000,2004-05-26
Sistema,204511900.00000,2004-05-27
Sistema,170403000.00000,2004-05-28
Sistema,196042700.00000,2004-05-29
Sistema,199402700.00000,2004-05-30
Sistema,166210000.00000,2004-05-31
Sistema,214245900.00000,2004-06-01
Sistema,209057700.00000,2004-06-02
Sistema,271409100.00000,2004-06-03
Sistema,353093500.00000,2004-06-04
Sistema,322486800.00000,2004-06-05
Sistema,356444600.00000,2004-06-06
Sistema,229372100.00000,2004-06-07
Sistema,188128900.00000,2004-06-08
Sistema,251602200.00000,2004-06-09
Sistema,167335300.00000,2004-06-10
Sistema,138723300.00000,2004-06-11
Sistema,215339100.00000,2004-06-12
Sistema,188601300.00000,2004-06-13
Sistema,162145100.00000,2004-06-14
Sistema,254150100.00000,2004-06-15
Sistema,365462600.00000,2004-06-16
Sistema,246647100.00000,2004-06-17
Sistema,207389400.00000,2004-06-18
Sistema,216824600.00000,2004-06-19
Sistema,196306200.00000,2004-06-20
Sistema,179990300.00000,2004-06-21
Sistema,156409500.00000,2004-06-22
Sistema,160985900.00000,2004-06-23
Sistema,246644300.00000,2004-06-24
Sistema,172077300.00000,2004-06-25
Sistema,140509300.00000,2004-06-26
Sistema,135069500.00000,2004-06-27
Sistema,251265800.00000,2004-06-28
Sistema,155637900.00000,2004-06-29
Sistema,142842800.00000,2004-06-30
Sistema,144322800.00000,2004-07-01
Sistema,145020800.00000,2004-07-02
Sistema,118167400.00000,2004-07-03
Sistema,195716400.00000,2004-07-04
Sistema,192443700.00000,2004-07-05
Sistema,142092600.00000,2004-07-06
Sistema,162604800.00000,2004-07-07
Sistema,143290300.00000,2004-07-08
Sistema,126025600.00000,2004-07-09
Sistema,113615400.00000,2004-07-10
Sistema,150800400.00000,2004-07-11
Sistema,242001200.00000,2004-07-12
Sistema,250468100.00000,2004-07-13
Sistema,171449900.00000,2004-07-14
Sistema,171819000.00000,2004-07-15
Sistema,206060400.00000,2004-07-16
Sistema,128579600.00000,2004-07-17
Sistema,109856600.00000,2004-07-18
Sistema,186130200.00000,2004-07-19
Sistema,136019800.00000,2004-07-20
Sistema,201281900.00000,2004-07-21
Sistema,234577500.00000,2004-07-22
Sistema,142755000.00000,2004-07-23
Sistema,151776600.00000,2004-07-24
Sistema,130535400.00000,2004-07-25
Sistema,122721700.00000,2004-07-26
Sistema,168736600.00000,2004-07-27
Sistema,192580000.00000,2004-07-28
Sistema,163077900.00000,2004-07-29
Sistema,136177100.00000,2004-07-30
Sistema,306357700.00000,2004-07-31
Sistema,183999100.00000,2004-08-01
Sistema,127142500.00000,2004-08-02
Sistema,116838200.00000,2004-08-03
Sistema,225917600.00000,2004-08-04
Sistema,186511900.00000,2004-08-05
Sistema,183247100.00000,2004-08-06
Sistema,145083200.00000,2004-08-07
Sistema,164965600.00000,2004-08-08
Sistema,164737300.00000,2004-08-09
Sistema,131086000.00000,2004-08-10
Sistema,155957700.00000,2004-08-11
Sistema,171080100.00000,2004-08-12
Sistema,148024300.00000,2004-08-13
Sistema,182226400.00000,2004-08-14
Sistema,137629200.00000,2004-08-15
Sistema,119431400.00000,2004-08-16
Sistema,107569500.00000,2004-08-17
Sistema,188128200.00000,2004-08-18
Sistema,139773300.00000,2004-08-19
Sistema,191820700.00000,2004-08-20
Sistema,159555600.00000,2004-08-21
Sistema,132091900.00000,2004-08-22
Sistema,104940400.00000,2004-08-23
Sistema,100261400.00000,2004-08-24
Sistema,180119800.00000,2004-08-25
Sistema,147134800.00000,2004-08-26
Sistema,148274800.00000,2004-08-27
Sistema,124155500.00000,2004-08-28
Sistema,113251000.00000,2004-08-29
Sistema,129132700.00000,2004-08-30
Sistema,175216500.00000,2004-08-31
Sistema,173525400.00000,2004-09-01
Sistema,112282500.00000,2004-09-02
Sistema,88377400.00000,2004-09-03
Sistema,139562700.00000,2004-09-04
Sistema,220260800.00000,2004-09-05
Sistema,128726600.00000,2004-09-06
Sistema,116369700.00000,2004-09-07
Sistema,126533500.00000,2004-09-08
Sistema,129029000.00000,2004-09-09
Sistema,156417300.00000,2004-09-10
Sistema,164556100.00000,2004-09-11
Sistema,144866800.00000,2004-09-12
Sistema,121615300.00000,2004-09-13
Sistema,136414800.00000,2004-09-14
Sistema,133437800.00000,2004-09-15
Sistema,121280100.00000,2004-09-16
Sistema,140653600.00000,2004-09-17
Sistema,133022500.00000,2004-09-18
Sistema,130081600.00000,2004-09-19
Sistema,139248500.00000,2004-09-20
Sistema,124100500.00000,2004-09-21
Sistema,113587100.00000,2004-09-22
Sistema,106570600.00000,2004-09-23
Sistema,119285900.00000,2004-09-24
Sistema,121892000.00000,2004-09-25
Sistema,147834700.00000,2004-09-26
Sistema,174978300.00000,2004-09-27
Sistema,155313500.00000,2004-09-28
Sistema,137351800.00000,2004-09-29
Sistema,143108600.00000,2004-09-30
Sistema,174576300.00000,2004-10-01
Sistema,118373100.00000,2004-10-02
Sistema,107912000.00000,2004-10-03
Sistema,139676400.00000,2004-10-04
Sistema,106958500.00000,2004-10-05
Sistema,139992200.00000,2004-10-06
Sistema,154802700.00000,2004-10-07
Sistema,121892400.00000,2004-10-08
Sistema,109126700.00000,2004-10-09
Sistema,102177400.00000,2004-10-10
Sistema,118536700.00000,2004-10-11
Sistema,119567100.00000,2004-10-12
Sistema,116328900.00000,2004-10-13
Sistema,106985600.00000,2004-10-14
Sistema,85787600.00000,2004-10-15
Sistema,92716800.00000,2004-10-16
Sistema,134208100.00000,2004-10-17
Sistema,192717500.00000,2004-10-18
Sistema,146947800.00000,2004-10-19
Sistema,161767400.00000,2004-10-20
Sistema,176001800.00000,2004-10-21
Sistema,137069800.00000,2004-10-22
Sistema,157926700.00000,2004-10-23
Sistema,150888900.00000,2004-10-24
Sistema,234658900.00000,2004-10-25
Sistema,153438500.00000,2004-10-26
Sistema,179148500.00000,2004-10-27
Sistema,190793200.00000,2004-10-28
Sistema,193101600.00000,2004-10-29
Sistema,194422900.00000,2004-10-30
Sistema,207546700.00000,2004-10-31
Sistema,165439500.00000,2004-11-01
Sistema,172115500.00000,2004-11-02
Sistema,167814500.00000,2004-11-03
Sistema,153843500.00000,2004-11-04
Sistema,154245400.00000,2004-11-05
Sistema,187121100.00000,2004-11-06
Sistema,208578200.00000,2004-11-07
Sistema,218592300.00000,2004-11-08
Sistema,182323200.00000,2004-11-09
Sistema,179098300.00000,2004-11-10
Sistema,135450600.00000,2004-11-11
Sistema,133870000.00000,2004-11-12
Sistema,149701000.00000,2004-11-13
Sistema,218018300.00000,2004-11-14
Sistema,211720200.00000,2004-11-15
Sistema,180851900.00000,2004-11-16
Sistema,209934100.00000,2004-11-17
Sistema,231230300.00000,2004-11-18
Sistema,225193600.00000,2004-11-19
Sistema,217307400.00000,2004-11-20
Sistema,158072800.00000,2004-11-21
Sistema,142101200.00000,2004-11-22
Sistema,138850700.00000,2004-11-23
Sistema,141767200.00000,2004-11-24
Sistema,145206000.00000,2004-11-25
Sistema,152602100.00000,2004-11-26
Sistema,135618700.00000,2004-11-27
Sistema,116440100.00000,2004-11-28
Sistema,116136000.00000,2004-11-29
Sistema,112886400.00000,2004-11-30
Sistema,118425400.00000,2004-12-01
Sistema,132423400.00000,2004-12-02
Sistema,116409900.00000,2004-12-03
Sistema,95776700.00000,2004-12-04
Sistema,96171800.00000,2004-12-05
Sistema,98558100.00000,2004-12-06
Sistema,127273200.00000,2004-12-07
Sistema,123949400.00000,2004-12-08
Sistema,106723800.00000,2004-12-09
Sistema,101359100.00000,2004-12-10
Sistema,111316400.00000,2004-12-11
Sistema,120229600.00000,2004-12-12
Sistema,108320000.00000,2004-12-13
Sistema,102098000.00000,2004-12-14
Sistema,121232500.00000,2004-12-15
Sistema,109611500.00000,2004-12-16
Sistema,96834200.00000,2004-12-17
Sistema,102675400.00000,2004-12-18
Sistema,85989700.00000,2004-12-19
Sistema,87426600.00000,2004-12-20
Sistema,81415700.00000,2004-12-21
Sistema,75105700.00000,2004-12-22
Sistema,74302300.00000,2004-12-23
Sistema,68696300.00000,2004-12-24
Sistema,77786900.00000,2004-12-25
Sistema,81281300.00000,2004-12-26
Sistema,71979500.00000,2004-12-27
Sistema,69484800.00000,2004-12-28
Sistema,73476000.00000,2004-12-29
Sistema,68734100.00000,2004-12-30
Sistema,62239300.00000,2004-12-31
Sistema,68310700.00000,2005-01-01
Sistema,69843300.00000,2005-01-02
Sistema,68684300.00000,2005-01-03
Sistema,72951200.00000,2005-01-04
Sistema,69390300.00000,2005-01-05
Sistema,82688000.00000,2005-01-06
Sistema,75437000.00000,2005-01-07
Sistema,75250600.00000,2005-01-08
Sistema,83113100.00000,2005-01-09
Sistema,94106500.00000,2005-01-10
Sistema,89373700.00000,2005-01-11
Sistema,93738000.00000,2005-01-12
Sistema,76274100.00000,2005-01-13
Sistema,70751700.00000,2005-01-14
Sistema,89621800.00000,2005-01-15
Sistema,77847900.00000,2005-01-16
Sistema,77327300.00000,2005-01-17
Sistema,67628400.00000,2005-01-18
Sistema,69683200.00000,2005-01-19
Sistema,74555400.00000,2005-01-20
Sistema,67991400.00000,2005-01-21
Sistema,63319900.00000,2005-01-22
Sistema,57941300.00000,2005-01-23
Sistema,59383000.00000,2005-01-24
Sistema,63651500.00000,2005-01-25
Sistema,57915600.00000,2005-01-26
Sistema,48974400.00000,2005-01-27
Sistema,59608300.00000,2005-01-28
Sistema,66188900.00000,2005-01-29
Sistema,75520900.00000,2005-01-30
Sistema,58602500.00000,2005-01-31
Sistema,62593100.00000,2005-02-01
Sistema,56558600.00000,2005-02-02
Sistema,64481400.00000,2005-02-03
Sistema,55017200.00000,2005-02-04
Sistema,69732600.00000,2005-02-05
Sistema,69636900.00000,2005-02-06
Sistema,66709100.00000,2005-02-07
Sistema,73810200.00000,2005-02-08
Sistema,75141400.00000,2005-02-09
Sistema,97582400.00000,2005-02-10
Sistema,108671700.00000,2005-02-11
Sistema,181242500.00000,2005-02-12
Sistema,114101800.00000,2005-02-13
Sistema,76057200.00000,2005-02-14
Sistema,70756900.00000,2005-02-15
Sistema,71749000.00000,2005-02-16
Sistema,68886000.00000,2005-02-17
Sistema,73186000.00000,2005-02-18
Sistema,60697500.00000,2005-02-19
Sistema,65808500.00000,2005-02-20
Sistema,60034700.00000,2005-02-21
Sistema,53887900.00000,2005-02-22
Sistema,51516400.00000,2005-02-23
Sistema,54047500.00000,2005-02-24
Sistema,46756200.00000,2005-02-25
Sistema,57546500.00000,2005-02-26
Sistema,47441200.00000,2005-02-27
Sistema,51657800.00000,2005-02-28
Sistema,57804800.00000,2005-03-01
Sistema,54844100.00000,2005-03-02
Sistema,65191300.00000,2005-03-03
Sistema,78406500.00000,2005-03-04
Sistema,74470000.00000,2005-03-05
Sistema,63834400.00000,2005-03-06
Sistema,64311700.00000,2005-03-07
Sistema,54252000.00000,2005-03-08
Sistema,60610100.00000,2005-03-09
Sistema,62723300.00000,2005-03-10
Sistema,52554100.00000,2005-03-11
Sistema,53459700.00000,2005-03-12
Sistema,50864200.00000,2005-03-13
Sistema,45531000.00000,2005-03-14
Sistema,44936000.00000,2005-03-15
Sistema,47815800.00000,2005-03-16
Sistema,49884800.00000,2005-03-17
Sistema,61562200.00000,2005-03-18
Sistema,64403900.00000,2005-03-19
Sistema,76770200.00000,2005-03-20
Sistema,65482200.00000,2005-03-21
Sistema,47450400.00000,2005-03-22
Sistema,48229700.00000,2005-03-23
Sistema,109431500.00000,2005-03-24
Sistema,65818100.00000,2005-03-25
Sistema,60248100.00000,2005-03-26
Sistema,79093200.00000,2005-03-27
Sistema,58691500.00000,2005-03-28
Sistema,63743800.00000,2005-03-29
Sistema,55819800.00000,2005-03-30
Sistema,66686000.00000,2005-03-31
Sistema,63813600.00000,2005-04-01
Sistema,71087300.00000,2005-04-02
Sistema,106866200.00000,2005-04-03
Sistema,74044700.00000,2005-04-04
Sistema,87059300.00000,2005-04-05
Sistema,103758100.00000,2005-04-06
Sistema,99058900.00000,2005-04-07
Sistema,125461700.00000,2005-04-08
Sistema,153524200.00000,2005-04-09
Sistema,97471700.00000,2005-04-10
Sistema,99256600.00000,2005-04-11
Sistema,93831100.00000,2005-04-12
Sistema,94912500.00000,2005-04-13
Sistema,104314300.00000,2005-04-14
Sistema,185467800.00000,2005-04-15
Sistema,95629600.00000,2005-04-16
Sistema,170325800.00000,2005-04-17
Sistema,100788700.00000,2005-04-18
Sistema,101796800.00000,2005-04-19
Sistema,118858300.00000,2005-04-20
Sistema,104424600.00000,2005-04-21
Sistema,153595600.00000,2005-04-22
Sistema,156351200.00000,2005-04-23
Sistema,150011900.00000,2005-04-24
Sistema,164995900.00000,2005-04-25
Sistema,166283900.00000,2005-04-26
Sistema,136360800.00000,2005-04-27
Sistema,112654800.00000,2005-04-28
Sistema,104545300.00000,2005-04-29
Sistema,92372000.00000,2005-04-30
Sistema,105107900.00000,2005-05-01
Sistema,150827800.00000,2005-05-02
Sistema,148444700.00000,2005-05-03
Sistema,189271300.00000,2005-05-04
Sistema,164120600.00000,2005-05-05
Sistema,196052200.00000,2005-05-06
Sistema,173230000.00000,2005-05-07
Sistema,190743200.00000,2005-05-08
Sistema,153340700.00000,2005-05-09
Sistema,156963300.00000,2005-05-10
Sistema,136604200.00000,2005-05-11
Sistema,205142100.00000,2005-05-12
Sistema,145336200.00000,2005-05-13
Sistema,291506900.00000,2005-05-14
Sistema,201043300.00000,2005-05-15
Sistema,245708600.00000,2005-05-16
Sistema,261872100.00000,2005-05-17
Sistema,204216100.00000,2005-05-18
Sistema,228577800.00000,2005-05-19
Sistema,156878400.00000,2005-05-20
Sistema,142285800.00000,2005-05-21
Sistema,168383800.00000,2005-05-22
Sistema,300825600.00000,2005-05-23
Sistema,199222700.00000,2005-05-24
Sistema,155875200.00000,2005-05-25
Sistema,166784100.00000,2005-05-26
Sistema,203951100.00000,2005-05-27
Sistema,153536200.00000,2005-05-28
Sistema,129375400.00000,2005-05-29
Sistema,123692800.00000,2005-05-30
Sistema,169032800.00000,2005-05-31
Sistema,189560000.00000,2005-06-01
Sistema,207061900.00000,2005-06-02
Sistema,182944100.00000,2005-06-03
Sistema,144700400.00000,2005-06-04
Sistema,257922900.00000,2005-06-05
Sistema,292425800.00000,2005-06-06
Sistema,317865500.00000,2005-06-07
Sistema,201936000.00000,2005-06-08
Sistema,205732200.00000,2005-06-09
Sistema,159811100.00000,2005-06-10
Sistema,210155700.00000,2005-06-11
Sistema,189160800.00000,2005-06-12
Sistema,138313700.00000,2005-06-13
Sistema,129817100.00000,2005-06-14
Sistema,192319400.00000,2005-06-15
Sistema,127701500.00000,2005-06-16
Sistema,111194900.00000,2005-06-17
Sistema,112297700.00000,2005-06-18
Sistema,103974800.00000,2005-06-19
Sistema,129330400.00000,2005-06-20
Sistema,106906000.00000,2005-06-21
Sistema,109568300.00000,2005-06-22
Sistema,104928000.00000,2005-06-23
Sistema,135146900.00000,2005-06-24
Sistema,118513500.00000,2005-06-25
Sistema,100991600.00000,2005-06-26
Sistema,104842800.00000,2005-06-27
Sistema,109804100.00000,2005-06-28
Sistema,203237000.00000,2005-06-29
Sistema,146320900.00000,2005-06-30
Sistema,119465600.00000,2005-07-01
Sistema,98145000.00000,2005-07-02
Sistema,115209500.00000,2005-07-03
Sistema,101380000.00000,2005-07-04
Sistema,131469400.00000,2005-07-05
Sistema,133138300.00000,2005-07-06
Sistema,130267500.00000,2005-07-07
Sistema,97676000.00000,2005-07-08
Sistema,98250600.00000,2005-07-09
Sistema,79072800.00000,2005-07-10
Sistema,71243000.00000,2005-07-11
Sistema,78381200.00000,2005-07-12
Sistema,83830100.00000,2005-07-13
Sistema,103931800.00000,2005-07-14
Sistema,114739900.00000,2005-07-15
Sistema,90726600.00000,2005-07-16
Sistema,108371600.00000,2005-07-17
Sistema,137391000.00000,2005-07-18
Sistema,186432300.00000,2005-07-19
Sistema,134925300.00000,2005-07-20
Sistema,131920400.00000,2005-07-21
Sistema,124076600.00000,2005-07-22
Sistema,120210800.00000,2005-07-23
Sistema,130197400.00000,2005-07-24
Sistema,128306300.00000,2005-07-25
Sistema,100788400.00000,2005-07-26
Sistema,124957400.00000,2005-07-27
Sistema,133161600.00000,2005-07-28
Sistema,119716900.00000,2005-07-29
Sistema,108137900.00000,2005-07-30
Sistema,104541900.00000,2005-07-31
Sistema,157730700.00000,2005-08-01
Sistema,130517200.00000,2005-08-02
Sistema,136462500.00000,2005-08-03
Sistema,153797700.00000,2005-08-04
Sistema,133272400.00000,2005-08-05
Sistema,108237500.00000,2005-08-06
Sistema,103067100.00000,2005-08-07
Sistema,114357500.00000,2005-08-08
Sistema,136846800.00000,2005-08-09
Sistema,120300900.00000,2005-08-10
Sistema,109381800.00000,2005-08-11
Sistema,99453000.00000,2005-08-12
Sistema,89238600.00000,2005-08-13
Sistema,99049200.00000,2005-08-14
Sistema,125130800.00000,2005-08-15
Sistema,128526100.00000,2005-08-16
Sistema,160788700.00000,2005-08-17
Sistema,143582400.00000,2005-08-18
Sistema,164220900.00000,2005-08-19
Sistema,136743900.00000,2005-08-20
Sistema,134516200.00000,2005-08-21
Sistema,142899500.00000,2005-08-22
Sistema,132919900.00000,2005-08-23
Sistema,160548500.00000,2005-08-24
Sistema,139239500.00000,2005-08-25
Sistema,102889800.00000,2005-08-26
Sistema,110350200.00000,2005-08-27
Sistema,124388800.00000,2005-08-28
Sistema,96201200.00000,2005-08-29
Sistema,104972800.00000,2005-08-30
Sistema,110071700.00000,2005-08-31
Sistema,133427400.00000,2005-09-01
Sistema,130465800.00000,2005-09-02
Sistema,159116900.00000,2005-09-03
Sistema,114409300.00000,2005-09-04
Sistema,97119500.00000,2005-09-05
Sistema,133622000.00000,2005-09-06
Sistema,215211200.00000,2005-09-07
Sistema,119878000.00000,2005-09-08
Sistema,101781700.00000,2005-09-09
Sistema,96614400.00000,2005-09-10
Sistema,182020200.00000,2005-09-11
Sistema,129074900.00000,2005-09-12
Sistema,121099500.00000,2005-09-13
Sistema,190278400.00000,2005-09-14
Sistema,157898600.00000,2005-09-15
Sistema,188804700.00000,2005-09-16
Sistema,124641100.00000,2005-09-17
Sistema,107577000.00000,2005-09-18
Sistema,103325000.00000,2005-09-19
Sistema,102659900.00000,2005-09-20
Sistema,122176400.00000,2005-09-21
Sistema,97351100.00000,2005-09-22
Sistema,135540100.00000,2005-09-23
Sistema,117182800.00000,2005-09-24
Sistema,122252600.00000,2005-09-25
Sistema,142295800.00000,2005-09-26
Sistema,148886900.00000,2005-09-27
Sistema,237079400.00000,2005-09-28
Sistema,125930500.00000,2005-09-29
Sistema,154394800.00000,2005-09-30
Sistema,165824200.00000,2005-10-01
Sistema,112482300.00000,2005-10-02
Sistema,130719600.00000,2005-10-03
Sistema,113807300.00000,2005-10-04
Sistema,109953300.00000,2005-10-05
Sistema,115059700.00000,2005-10-06
Sistema,117524500.00000,2005-10-07
Sistema,97716500.00000,2005-10-08
Sistema,121617200.00000,2005-10-09
Sistema,122146300.00000,2005-10-10
Sistema,137441200.00000,2005-10-11
Sistema,135309100.00000,2005-10-12
Sistema,112356700.00000,2005-10-13
Sistema,132870600.00000,2005-10-14
Sistema,169410500.00000,2005-10-15
Sistema,179183400.00000,2005-10-16
Sistema,175117000.00000,2005-10-17
Sistema,141157200.00000,2005-10-18
Sistema,126936500.00000,2005-10-19
Sistema,196664800.00000,2005-10-20
Sistema,132493400.00000,2005-10-21
Sistema,138530600.00000,2005-10-22
Sistema,147137400.00000,2005-10-23
Sistema,202624100.00000,2005-10-24
Sistema,257717000.00000,2005-10-25
Sistema,190176300.00000,2005-10-26
Sistema,175890300.00000,2005-10-27
Sistema,247102700.00000,2005-10-28
Sistema,238196700.00000,2005-10-29
Sistema,189954200.00000,2005-10-30
Sistema,167878100.00000,2005-10-31
Sistema,292976500.00000,2005-11-01
Sistema,245541000.00000,2005-11-02
Sistema,164992400.00000,2005-11-03
Sistema,190673100.00000,2005-11-04
Sistema,141374800.00000,2005-11-05
Sistema,159969200.00000,2005-11-06
Sistema,148654400.00000,2005-11-07
Sistema,151004000.00000,2005-11-08
Sistema,190770100.00000,2005-11-09
Sistema,257808200.00000,2005-11-10
Sistema,229701100.00000,2005-11-11
Sistema,195097600.00000,2005-11-12
Sistema,253315200.00000,2005-11-13
Sistema,186988200.00000,2005-11-14
Sistema,263726800.00000,2005-11-15
Sistema,227222600.00000,2005-11-16
Sistema,195396200.00000,2005-11-17
Sistema,183669100.00000,2005-11-18
Sistema,168219200.00000,2005-11-19
Sistema,145851000.00000,2005-11-20
Sistema,191580600.00000,2005-11-21
Sistema,252983900.00000,2005-11-22
Sistema,211467600.00000,2005-11-23
Sistema,185074600.00000,2005-11-24
Sistema,156381900.00000,2005-11-25
Sistema,149506800.00000,2005-11-26
Sistema,135025600.00000,2005-11-27
Sistema,118641800.00000,2005-11-28
Sistema,116620800.00000,2005-11-29
Sistema,103671900.00000,2005-11-30
Sistema,105098000.00000,2005-12-01
Sistema,103434500.00000,2005-12-02
Sistema,97935900.00000,2005-12-03
Sistema,95035700.00000,2005-12-04
Sistema,110210100.00000,2005-12-05
Sistema,114115000.00000,2005-12-06
Sistema,96656000.00000,2005-12-07
Sistema,102827800.00000,2005-12-08
Sistema,101052400.00000,2005-12-09
Sistema,85468200.00000,2005-12-10
Sistema,84398500.00000,2005-12-11
Sistema,99846200.00000,2005-12-12
Sistema,86865500.00000,2005-12-13
Sistema,97304700.00000,2005-12-14
Sistema,90166300.00000,2005-12-15
Sistema,97993100.00000,2005-12-16
Sistema,97333200.00000,2005-12-17
Sistema,95004600.00000,2005-12-18
Sistema,91117400.00000,2005-12-19
Sistema,95927200.00000,2005-12-20
Sistema,110157700.00000,2005-12-21
Sistema,92381900.00000,2005-12-22
Sistema,91233400.00000,2005-12-23
Sistema,90989400.00000,2005-12-24
Sistema,116165000.00000,2005-12-25
Sistema,95602500.00000,2005-12-26
Sistema,79028500.00000,2005-12-27
Sistema,66004900.00000,2005-12-28
Sistema,68407000.00000,2005-12-29
Sistema,60551500.00000,2005-12-30
Sistema,51706900.00000,2005-12-31
Sistema,55184600.00000,2006-01-01
Sistema,59730700.00000,2006-01-02
Sistema,61142900.00000,2006-01-03
Sistema,79214300.00000,2006-01-04
Sistema,88597700.00000,2006-01-05
Sistema,94461100.00000,2006-01-06
Sistema,108657300.00000,2006-01-07
Sistema,112494400.00000,2006-01-08
Sistema,94557000.00000,2006-01-09
Sistema,86498700.00000,2006-01-10
Sistema,87764200.00000,2006-01-11
Sistema,83160200.00000,2006-01-12
Sistema,74247100.00000,2006-01-13
Sistema,65785500.00000,2006-01-14
Sistema,74290900.00000,2006-01-15
Sistema,70511700.00000,2006-01-16
Sistema,66102500.00000,2006-01-17
Sistema,68670800.00000,2006-01-18
Sistema,67291900.00000,2006-01-19
Sistema,57585000.00000,2006-01-20
Sistema,58336300.00000,2006-01-21
Sistema,53935400.00000,2006-01-22
Sistema,57463600.00000,2006-01-23
Sistema,58991300.00000,2006-01-24
Sistema,58849700.00000,2006-01-25
Sistema,53252400.00000,2006-01-26
Sistema,82678200.00000,2006-01-27
Sistema,75381400.00000,2006-01-28
Sistema,137833800.00000,2006-01-29
Sistema,81688900.00000,2006-01-30
Sistema,89446000.00000,2006-01-31
Sistema,92574700.00000,2006-02-01
Sistema,111215400.00000,2006-02-02
Sistema,145992300.00000,2006-02-03
Sistema,116591600.00000,2006-02-04
Sistema,90908700.00000,2006-02-05
Sistema,77668000.00000,2006-02-06
Sistema,66393600.00000,2006-02-07
Sistema,72276900.00000,2006-02-08
Sistema,62708000.00000,2006-02-09
Sistema,55334000.00000,2006-02-10
Sistema,55415700.00000,2006-02-11
Sistema,63232400.00000,2006-02-12
Sistema,55996700.00000,2006-02-13
Sistema,53014800.00000,2006-02-14
Sistema,51493600.00000,2006-02-15
Sistema,45488700.00000,2006-02-16
Sistema,51237100.00000,2006-02-17
Sistema,51364400.00000,2006-02-18
Sistema,50746200.00000,2006-02-19
Sistema,50540100.00000,2006-02-20
Sistema,50167500.00000,2006-02-21
Sistema,49690200.00000,2006-02-22
Sistema,45319000.00000,2006-02-23
Sistema,43406800.00000,2006-02-24
Sistema,44449400.00000,2006-02-25
Sistema,50416000.00000,2006-02-26
Sistema,64705800.00000,2006-02-27
Sistema,59917000.00000,2006-02-28
Sistema,47732300.00000,2006-03-01
Sistema,53955500.00000,2006-03-02
Sistema,48762700.00000,2006-03-03
Sistema,52549900.00000,2006-03-04
Sistema,55229600.00000,2006-03-05
Sistema,79366500.00000,2006-03-06
Sistema,147680400.00000,2006-03-07
Sistema,101659200.00000,2006-03-08
Sistema,152793900.00000,2006-03-09
Sistema,114814400.00000,2006-03-10
Sistema,93084600.00000,2006-03-11
Sistema,90305400.00000,2006-03-12
Sistema,87012000.00000,2006-03-13
Sistema,86938600.00000,2006-03-14
Sistema,91716200.00000,2006-03-15
Sistema,87115200.00000,2006-03-16
Sistema,130058300.00000,2006-03-17
Sistema,131595300.00000,2006-03-18
Sistema,115234200.00000,2006-03-19
Sistema,102444000.00000,2006-03-20
Sistema,122144800.00000,2006-03-21
Sistema,152047500.00000,2006-03-22
Sistema,153851100.00000,2006-03-23
Sistema,178170100.00000,2006-03-24
Sistema,164378600.00000,2006-03-25
Sistema,171770700.00000,2006-03-26
Sistema,144041400.00000,2006-03-27
Sistema,167514400.00000,2006-03-28
Sistema,118396700.00000,2006-03-29
Sistema,111046000.00000,2006-03-30
Sistema,106724800.00000,2006-03-31
Sistema,83276200.00000,2006-04-01
Sistema,84847100.00000,2006-04-02
Sistema,109002400.00000,2006-04-03
Sistema,122930500.00000,2006-04-04
Sistema,112838700.00000,2006-04-05
Sistema,186889800.00000,2006-04-06
Sistema,245296100.00000,2006-04-07
Sistema,198040800.00000,2006-04-08
Sistema,158351500.00000,2006-04-09
Sistema,131603700.00000,2006-04-10
Sistema,164284300.00000,2006-04-11
Sistema,184442200.00000,2006-04-12
Sistema,231461400.00000,2006-04-13
Sistema,255580600.00000,2006-04-14
Sistema,171777000.00000,2006-04-15
Sistema,157497000.00000,2006-04-16
Sistema,162958600.00000,2006-04-17
Sistema,217483500.00000,2006-04-18
Sistema,204908300.00000,2006-04-19
Sistema,201854000.00000,2006-04-20
Sistema,161937100.00000,2006-04-21
Sistema,129676100.00000,2006-04-22
Sistema,226330900.00000,2006-04-23
Sistema,173848000.00000,2006-04-24
Sistema,157020200.00000,2006-04-25
Sistema,255465500.00000,2006-04-26
Sistema,254155800.00000,2006-04-27
Sistema,195379500.00000,2006-04-28
Sistema,189636300.00000,2006-04-29
Sistema,258292200.00000,2006-04-30
Sistema,208984300.00000,2006-05-01
Sistema,228691300.00000,2006-05-02
Sistema,232204500.00000,2006-05-03
Sistema,266222800.00000,2006-05-04
Sistema,279967900.00000,2006-05-05
Sistema,280529100.00000,2006-05-06
Sistema,277254300.00000,2006-05-07
Sistema,248354400.00000,2006-05-08
Sistema,296665000.00000,2006-05-09
Sistema,344231700.00000,2006-05-10
Sistema,313688300.00000,2006-05-11
Sistema,270499700.00000,2006-05-12
Sistema,237424300.00000,2006-05-13
Sistema,192308700.00000,2006-05-14
Sistema,185379300.00000,2006-05-15
Sistema,185943500.00000,2006-05-16
Sistema,277953800.00000,2006-05-17
Sistema,224133400.00000,2006-05-18
Sistema,292297000.00000,2006-05-19
Sistema,204264400.00000,2006-05-20
Sistema,171947300.00000,2006-05-21
Sistema,166439100.00000,2006-05-22
Sistema,145130200.00000,2006-05-23
Sistema,169098200.00000,2006-05-24
Sistema,157643000.00000,2006-05-25
Sistema,225369400.00000,2006-05-26
Sistema,170711200.00000,2006-05-27
Sistema,172369800.00000,2006-05-28
Sistema,168901000.00000,2006-05-29
Sistema,137567200.00000,2006-05-30
Sistema,141182100.00000,2006-05-31
Sistema,249083200.00000,2006-06-01
Sistema,230734500.00000,2006-06-02
Sistema,283916400.00000,2006-06-03
Sistema,189666500.00000,2006-06-04
Sistema,209948700.00000,2006-06-05
Sistema,223416600.00000,2006-06-06
Sistema,241036100.00000,2006-06-07
Sistema,248144400.00000,2006-06-08
Sistema,216503000.00000,2006-06-09
Sistema,245966500.00000,2006-06-10
Sistema,210729700.00000,2006-06-11
Sistema,255099500.00000,2006-06-12
Sistema,217188100.00000,2006-06-13
Sistema,192569900.00000,2006-06-14
Sistema,229496500.00000,2006-06-15
Sistema,205808200.00000,2006-06-16
Sistema,171233900.00000,2006-06-17
Sistema,204259100.00000,2006-06-18
Sistema,184472800.00000,2006-06-19
Sistema,202968500.00000,2006-06-20
Sistema,257563000.00000,2006-06-21
Sistema,190360300.00000,2006-06-22
Sistema,174818900.00000,2006-06-23
Sistema,153132200.00000,2006-06-24
Sistema,137501700.00000,2006-06-25
Sistema,128199700.00000,2006-06-26
Sistema,188571700.00000,2006-06-27
Sistema,158088200.00000,2006-06-28
Sistema,166333400.00000,2006-06-29
Sistema,152418700.00000,2006-06-30
Sistema,194566200.00000,2006-07-01
Sistema,169168900.00000,2006-07-02
Sistema,197630800.00000,2006-07-03
Sistema,203534200.00000,2006-07-04
Sistema,155506600.00000,2006-07-05
Sistema,177239800.00000,2006-07-06
Sistema,160137200.00000,2006-07-07
Sistema,134567700.00000,2006-07-08
Sistema,130353500.00000,2006-07-09
Sistema,129784500.00000,2006-07-10
Sistema,125291800.00000,2006-07-11
Sistema,134094200.00000,2006-07-12
Sistema,148358600.00000,2006-07-13
Sistema,192455200.00000,2006-07-14
Sistema,208236600.00000,2006-07-15
Sistema,196563500.00000,2006-07-16
Sistema,144707700.00000,2006-07-17
Sistema,153846400.00000,2006-07-18
Sistema,158906000.00000,2006-07-19
Sistema,129147000.00000,2006-07-20
Sistema,151597600.00000,2006-07-21
Sistema,142346300.00000,2006-07-22
Sistema,151067600.00000,2006-07-23
Sistema,162959500.00000,2006-07-24
Sistema,129506100.00000,2006-07-25
Sistema,115159800.00000,2006-07-26
Sistema,136388500.00000,2006-07-27
Sistema,189490300.00000,2006-07-28
Sistema,130363100.00000,2006-07-29
Sistema,124249000.00000,2006-07-30
Sistema,133928200.00000,2006-07-31
Sistema,98876900.00000,2006-08-01
Sistema,137923500.00000,2006-08-02
Sistema,106420600.00000,2006-08-03
Sistema,95356500.00000,2006-08-04
Sistema,94665700.00000,2006-08-05
Sistema,90042000.00000,2006-08-06
Sistema,97490100.00000,2006-08-07
Sistema,137094000.00000,2006-08-08
Sistema,128813000.00000,2006-08-09
Sistema,91512500.00000,2006-08-10
Sistema,159012400.00000,2006-08-11
Sistema,113254500.00000,2006-08-12
Sistema,83751900.00000,2006-08-13
Sistema,80883600.00000,2006-08-14
Sistema,115380900.00000,2006-08-15
Sistema,129652300.00000,2006-08-16
Sistema,144748400.00000,2006-08-17
Sistema,180729000.00000,2006-08-18
Sistema,123228200.00000,2006-08-19
Sistema,116212400.00000,2006-08-20
Sistema,152374100.00000,2006-08-21
Sistema,104884900.00000,2006-08-22
Sistema,104949500.00000,2006-08-23
Sistema,118501000.00000,2006-08-24
Sistema,125272700.00000,2006-08-25
Sistema,150799400.00000,2006-08-26
Sistema,121082200.00000,2006-08-27
Sistema,119452700.00000,2006-08-28
Sistema,98474900.00000,2006-08-29
Sistema,119822100.00000,2006-08-30
Sistema,99818800.00000,2006-08-31
Sistema,99870800.00000,2006-09-01
Sistema,88192900.00000,2006-09-02
Sistema,87705300.00000,2006-09-03
Sistema,90212400.00000,2006-09-04
Sistema,89441900.00000,2006-09-05
Sistema,81908300.00000,2006-09-06
Sistema,107796600.00000,2006-09-07
Sistema,165408900.00000,2006-09-08
Sistema,116493900.00000,2006-09-09
Sistema,93934800.00000,2006-09-10
Sistema,137197100.00000,2006-09-11
Sistema,100630100.00000,2006-09-12
Sistema,148065200.00000,2006-09-13
Sistema,105105500.00000,2006-09-14
Sistema,112850000.00000,2006-09-15
Sistema,105696900.00000,2006-09-16
Sistema,100783500.00000,2006-09-17
Sistema,149886600.00000,2006-09-18
Sistema,142626100.00000,2006-09-19
Sistema,126279600.00000,2006-09-20
Sistema,130649100.00000,2006-09-21
Sistema,124302300.00000,2006-09-22
Sistema,93844400.00000,2006-09-23
Sistema,96738000.00000,2006-09-24
Sistema,91221600.00000,2006-09-25
Sistema,134718800.00000,2006-09-26
Sistema,84001600.00000,2006-09-27
Sistema,75765000.00000,2006-09-28
Sistema,85711200.00000,2006-09-29
Sistema,91656400.00000,2006-09-30
Sistema,103328900.00000,2006-10-01
Sistema,123632300.00000,2006-10-02
Sistema,86382000.00000,2006-10-03
Sistema,122222900.00000,2006-10-04
Sistema,124589000.00000,2006-10-05
Sistema,90895200.00000,2006-10-06
Sistema,84736700.00000,2006-10-07
Sistema,97160300.00000,2006-10-08
Sistema,115183500.00000,2006-10-09
Sistema,109807100.00000,2006-10-10
Sistema,142924300.00000,2006-10-11
Sistema,118631400.00000,2006-10-12
Sistema,155978000.00000,2006-10-13
Sistema,188372200.00000,2006-10-14
Sistema,262495300.00000,2006-10-15
Sistema,210991000.00000,2006-10-16
Sistema,177704700.00000,2006-10-17
Sistema,153085400.00000,2006-10-18
Sistema,177310600.00000,2006-10-19
Sistema,156600500.00000,2006-10-20
Sistema,179194400.00000,2006-10-21
Sistema,177326100.00000,2006-10-22
Sistema,192192100.00000,2006-10-23
Sistema,148678000.00000,2006-10-24
Sistema,182832900.00000,2006-10-25
Sistema,177621600.00000,2006-10-26
Sistema,154071000.00000,2006-10-27
Sistema,191929300.00000,2006-10-28
Sistema,200881600.00000,2006-10-29
Sistema,186312000.00000,2006-10-30
Sistema,241867600.00000,2006-10-31
Sistema,163006000.00000,2006-11-01
Sistema,119650400.00000,2006-11-02
Sistema,111696600.00000,2006-11-03
Sistema,102683700.00000,2006-11-04
Sistema,100661800.00000,2006-11-05
Sistema,105459000.00000,2006-11-06
Sistema,114307800.00000,2006-11-07
Sistema,160650200.00000,2006-11-08
Sistema,152483500.00000,2006-11-09
Sistema,131764600.00000,2006-11-10
Sistema,187820800.00000,2006-11-11
Sistema,227242600.00000,2006-11-12
Sistema,198063700.00000,2006-11-13
Sistema,244500000.00000,2006-11-14
Sistema,406477000.00000,2006-11-15
Sistema,314181600.00000,2006-11-16
Sistema,209596600.00000,2006-11-17
Sistema,181976800.00000,2006-11-18
Sistema,186051900.00000,2006-11-19
Sistema,190435000.00000,2006-11-20
Sistema,184291800.00000,2006-11-21
Sistema,166423800.00000,2006-11-22
Sistema,152254700.00000,2006-11-23
Sistema,167701000.00000,2006-11-24
Sistema,172781500.00000,2006-11-25
Sistema,164184500.00000,2006-11-26
Sistema,137332000.00000,2006-11-27
Sistema,147131600.00000,2006-11-28
Sistema,142399200.00000,2006-11-29
Sistema,116227700.00000,2006-11-30
Sistema,111048600.00000,2006-12-01
Sistema,108666600.00000,2006-12-02
Sistema,114124000.00000,2006-12-03
Sistema,99193900.00000,2006-12-04
Sistema,128306700.00000,2006-12-05
Sistema,140429800.00000,2006-12-06
Sistema,160804600.00000,2006-12-07
Sistema,121016400.00000,2006-12-08
Sistema,149040100.00000,2006-12-09
Sistema,130243800.00000,2006-12-10
Sistema,125050200.00000,2006-12-11
Sistema,159597700.00000,2006-12-12
Sistema,120287200.00000,2006-12-13
Sistema,109165900.00000,2006-12-14
Sistema,143990600.00000,2006-12-15
Sistema,108888300.00000,2006-12-16
Sistema,88601400.00000,2006-12-17
Sistema,97376900.00000,2006-12-18
Sistema,91686900.00000,2006-12-19
Sistema,112304700.00000,2006-12-20
Sistema,90334000.00000,2006-12-21
Sistema,95540800.00000,2006-12-22
Sistema,93874500.00000,2006-12-23
Sistema,80417500.00000,2006-12-24
Sistema,83802900.00000,2006-12-25
Sistema,102897400.00000,2006-12-26
Sistema,109449200.00000,2006-12-27
Sistema,94809100.00000,2006-12-28
Sistema,74309100.00000,2006-12-29
Sistema,73916100.00000,2006-12-30
Sistema,68517600.00000,2006-12-31
Sistema,59371200.00000,2007-01-01
Sistema,70427900.00000,2007-01-02
Sistema,62263500.00000,2007-01-03
Sistema,62285000.00000,2007-01-04
Sistema,65301600.00000,2007-01-05
Sistema,66151700.00000,2007-01-06
Sistema,61555100.00000,2007-01-07
Sistema,69489100.00000,2007-01-08
Sistema,81921700.00000,2007-01-09
Sistema,73605800.00000,2007-01-10
Sistema,58739000.00000,2007-01-11
Sistema,66614500.00000,2007-01-12
Sistema,66372000.00000,2007-01-13
Sistema,77170200.00000,2007-01-14
Sistema,64949600.00000,2007-01-15
Sistema,91489300.00000,2007-01-16
Sistema,110931500.00000,2007-01-17
Sistema,79671700.00000,2007-01-18
Sistema,86596100.00000,2007-01-19
Sistema,78537600.00000,2007-01-20
Sistema,83947500.00000,2007-01-21
Sistema,70957000.00000,2007-01-22
Sistema,71185900.00000,2007-01-23
Sistema,57903300.00000,2007-01-24
Sistema,84385800.00000,2007-01-25
Sistema,84653400.00000,2007-01-26
Sistema,82795100.00000,2007-01-27
Sistema,61802500.00000,2007-01-28
Sistema,53380200.00000,2007-01-29
Sistema,52485400.00000,2007-01-30
Sistema,52916300.00000,2007-01-31
Sistema,50951900.00000,2007-02-01
Sistema,45663200.00000,2007-02-02
Sistema,45890400.00000,2007-02-03
Sistema,42031300.00000,2007-02-04
Sistema,44428500.00000,2007-02-05
Sistema,40314300.00000,2007-02-06
Sistema,40860700.00000,2007-02-07
Sistema,41289000.00000,2007-02-08
Sistema,43929400.00000,2007-02-09
Sistema,45486200.00000,2007-02-10
Sistema,41722200.00000,2007-02-11
Sistema,39095800.00000,2007-02-12
Sistema,38839400.00000,2007-02-13
Sistema,40471800.00000,2007-02-14
Sistema,45380200.00000,2007-02-15
Sistema,52723300.00000,2007-02-16
Sistema,46494000.00000,2007-02-17
Sistema,41846500.00000,2007-02-18
Sistema,47960900.00000,2007-02-19
Sistema,44707400.00000,2007-02-20
Sistema,40634200.00000,2007-02-21
Sistema,39078200.00000,2007-02-22
Sistema,40417100.00000,2007-02-23
Sistema,36574400.00000,2007-02-24
Sistema,48798700.00000,2007-02-25
Sistema,53333100.00000,2007-02-26
Sistema,43220300.00000,2007-02-27
Sistema,40499300.00000,2007-02-28
Sistema,36449100.00000,2007-03-01
Sistema,34987700.00000,2007-03-02
Sistema,34959100.00000,2007-03-03
Sistema,62927600.00000,2007-03-04
Sistema,60440400.00000,2007-03-05
Sistema,47839000.00000,2007-03-06
Sistema,51094900.00000,2007-03-07
Sistema,84348700.00000,2007-03-08
Sistema,94900500.00000,2007-03-09
Sistema,60823300.00000,2007-03-10
Sistema,58033800.00000,2007-03-11
Sistema,47615700.00000,2007-03-12
Sistema,42485600.00000,2007-03-13
Sistema,54779900.00000,2007-03-14
Sistema,51957300.00000,2007-03-15
Sistema,61919200.00000,2007-03-16
Sistema,54859900.00000,2007-03-17
Sistema,61908100.00000,2007-03-18
Sistema,72792500.00000,2007-03-19
Sistema,66623300.00000,2007-03-20
Sistema,55169900.00000,2007-03-21
Sistema,76805800.00000,2007-03-22
Sistema,97691200.00000,2007-03-23
Sistema,81953000.00000,2007-03-24
Sistema,98571700.00000,2007-03-25
Sistema,86544100.00000,2007-03-26
Sistema,97934800.00000,2007-03-27
Sistema,100365700.00000,2007-03-28
Sistema,120092900.00000,2007-03-29
Sistema,108350400.00000,2007-03-30
Sistema,113044600.00000,2007-03-31
Sistema,92665800.00000,2007-04-01
Sistema,155936200.00000,2007-04-02
Sistema,146079900.00000,2007-04-03
Sistema,149354900.00000,2007-04-04
Sistema,144014200.00000,2007-04-05
Sistema,207015500.00000,2007-04-06
Sistema,232124100.00000,2007-04-07
Sistema,184160000.00000,2007-04-08
Sistema,220818800.00000,2007-04-09
Sistema,110196800.00000,2007-04-10
Sistema,95957100.00000,2007-04-11
Sistema,84302700.00000,2007-04-12
Sistema,76899400.00000,2007-04-13
Sistema,81249700.00000,2007-04-14
Sistema,77731500.00000,2007-04-15
Sistema,90636000.00000,2007-04-16
Sistema,75294700.00000,2007-04-17
Sistema,85601900.00000,2007-04-18
Sistema,92451700.00000,2007-04-19
Sistema,132504700.00000,2007-04-20
Sistema,174617000.00000,2007-04-21
Sistema,171250900.00000,2007-04-22
Sistema,138976200.00000,2007-04-23
Sistema,173409100.00000,2007-04-24
Sistema,188784000.00000,2007-04-25
Sistema,173646900.00000,2007-04-26
Sistema,165722900.00000,2007-04-27
Sistema,137930300.00000,2007-04-28
Sistema,219539500.00000,2007-04-29
Sistema,130077500.00000,2007-04-30
Sistema,142259100.00000,2007-05-01
Sistema,116780700.00000,2007-05-02
Sistema,200835300.00000,2007-05-03
Sistema,179955300.00000,2007-05-04
Sistema,152034100.00000,2007-05-05
Sistema,142248600.00000,2007-05-06
Sistema,162305700.00000,2007-05-07
Sistema,278942200.00000,2007-05-08
Sistema,191179200.00000,2007-05-09
Sistema,291442200.00000,2007-05-10
Sistema,156343700.00000,2007-05-11
Sistema,127043700.00000,2007-05-12
Sistema,140679700.00000,2007-05-13
Sistema,132287800.00000,2007-05-14
Sistema,126922900.00000,2007-05-15
Sistema,133733400.00000,2007-05-16
Sistema,169120000.00000,2007-05-17
Sistema,223298400.00000,2007-05-18
Sistema,196428600.00000,2007-05-19
Sistema,195513000.00000,2007-05-20
Sistema,240139000.00000,2007-05-21
Sistema,182622500.00000,2007-05-22
Sistema,159101100.00000,2007-05-23
Sistema,149725700.00000,2007-05-24
Sistema,185355200.00000,2007-05-25
Sistema,217656000.00000,2007-05-26
Sistema,176109900.00000,2007-05-27
Sistema,194651700.00000,2007-05-28
Sistema,241330800.00000,2007-05-29
Sistema,190752900.00000,2007-05-30
Sistema,205242500.00000,2007-05-31
Sistema,219355600.00000,2007-06-01
Sistema,205059100.00000,2007-06-02
Sistema,259603900.00000,2007-06-03
Sistema,192026900.00000,2007-06-04
Sistema,267201300.00000,2007-06-05
Sistema,182731500.00000,2007-06-06
Sistema,173867100.00000,2007-06-07
Sistema,149397300.00000,2007-06-08
Sistema,241182200.00000,2007-06-09
Sistema,162422800.00000,2007-06-10
Sistema,143080600.00000,2007-06-11
Sistema,135234200.00000,2007-06-12
Sistema,133263900.00000,2007-06-13
Sistema,152789500.00000,2007-06-14
Sistema,180121800.00000,2007-06-15
Sistema,184542700.00000,2007-06-16
Sistema,150549200.00000,2007-06-17
Sistema,149872500.00000,2007-06-18
Sistema,184300700.00000,2007-06-19
Sistema,182752900.00000,2007-06-20
Sistema,161436100.00000,2007-06-21
Sistema,230385800.00000,2007-06-22
Sistema,211450400.00000,2007-06-23
Sistema,241019800.00000,2007-06-24
Sistema,237036300.00000,2007-06-25
Sistema,372896100.00000,2007-06-26
Sistema,256460200.00000,2007-06-27
Sistema,227344400.00000,2007-06-28
Sistema,226262700.00000,2007-06-29
Sistema,211526600.00000,2007-06-30
Sistema,194266500.00000,2007-07-01
Sistema,200198500.00000,2007-07-02
Sistema,151615800.00000,2007-07-03
Sistema,127757700.00000,2007-07-04
Sistema,117439700.00000,2007-07-05
Sistema,120966900.00000,2007-07-06
Sistema,122578600.00000,2007-07-07
Sistema,149709200.00000,2007-07-08
Sistema,175996800.00000,2007-07-09
Sistema,177625500.00000,2007-07-10
Sistema,172124900.00000,2007-07-11
Sistema,141113200.00000,2007-07-12
Sistema,142670600.00000,2007-07-13
Sistema,130062500.00000,2007-07-14
Sistema,114393300.00000,2007-07-15
Sistema,142042200.00000,2007-07-16
Sistema,182227700.00000,2007-07-17
Sistema,141873400.00000,2007-07-18
Sistema,116048800.00000,2007-07-19
Sistema,120437800.00000,2007-07-20
Sistema,121891800.00000,2007-07-21
Sistema,145071800.00000,2007-07-22
Sistema,138922700.00000,2007-07-23
Sistema,176079800.00000,2007-07-24
Sistema,115385600.00000,2007-07-25
Sistema,104658100.00000,2007-07-26
Sistema,109193600.00000,2007-07-27
Sistema,137159500.00000,2007-07-28
Sistema,106810300.00000,2007-07-29
Sistema,83819300.00000,2007-07-30
Sistema,74015100.00000,2007-07-31
Sistema,92878100.00000,2007-08-01
Sistema,74485500.00000,2007-08-02
Sistema,95892200.00000,2007-08-03
Sistema,107174600.00000,2007-08-04
Sistema,146392500.00000,2007-08-05
Sistema,115160500.00000,2007-08-06
Sistema,94772300.00000,2007-08-07
Sistema,129808200.00000,2007-08-08
Sistema,122228800.00000,2007-08-09
Sistema,109877400.00000,2007-08-10
Sistema,163684000.00000,2007-08-11
Sistema,137294000.00000,2007-08-12
Sistema,147262100.00000,2007-08-13
Sistema,175959200.00000,2007-08-14
Sistema,160152200.00000,2007-08-15
Sistema,160426300.00000,2007-08-16
Sistema,163362100.00000,2007-08-17
Sistema,189596700.00000,2007-08-18
Sistema,155945700.00000,2007-08-19
Sistema,274734700.00000,2007-08-20
Sistema,192445800.00000,2007-08-21
Sistema,174836200.00000,2007-08-22
Sistema,136591900.00000,2007-08-23
Sistema,143010100.00000,2007-08-24
Sistema,180656200.00000,2007-08-25
Sistema,200036300.00000,2007-08-26
Sistema,165509300.00000,2007-08-27
Sistema,136850000.00000,2007-08-28
Sistema,225152100.00000,2007-08-29
Sistema,190391400.00000,2007-08-30
Sistema,178191700.00000,2007-08-31
Sistema,179193400.00000,2007-09-01
Sistema,133905300.00000,2007-09-02
Sistema,166184400.00000,2007-09-03
Sistema,151406100.00000,2007-09-04
Sistema,133087100.00000,2007-09-05
Sistema,127984600.00000,2007-09-06
Sistema,187442500.00000,2007-09-07
Sistema,136062600.00000,2007-09-08
Sistema,184723900.00000,2007-09-09
Sistema,128134100.00000,2007-09-10
Sistema,149768100.00000,2007-09-11
Sistema,132620700.00000,2007-09-12
Sistema,111638400.00000,2007-09-13
Sistema,136086200.00000,2007-09-14
Sistema,179812200.00000,2007-09-15
Sistema,149483800.00000,2007-09-16
Sistema,116487500.00000,2007-09-17
Sistema,115111000.00000,2007-09-18
Sistema,160870700.00000,2007-09-19
Sistema,142972300.00000,2007-09-20
Sistema,167540000.00000,2007-09-21
Sistema,144954100.00000,2007-09-22
Sistema,127342500.00000,2007-09-23
Sistema,124884000.00000,2007-09-24
Sistema,146636200.00000,2007-09-25
Sistema,140703200.00000,2007-09-26
Sistema,123946700.00000,2007-09-27
Sistema,153169300.00000,2007-09-28
Sistema,99186200.00000,2007-09-29
Sistema,105311800.00000,2007-09-30
Sistema,156024800.00000,2007-10-01
Sistema,109205700.00000,2007-10-02
Sistema,142056300.00000,2007-10-03
Sistema,143781500.00000,2007-10-04
Sistema,147042200.00000,2007-10-05
Sistema,125458600.00000,2007-10-06
Sistema,134778000.00000,2007-10-07
Sistema,178721000.00000,2007-10-08
Sistema,275145400.00000,2007-10-09
Sistema,188255600.00000,2007-10-10
Sistema,183579200.00000,2007-10-11
Sistema,169644500.00000,2007-10-12
Sistema,150262700.00000,2007-10-13
Sistema,193769600.00000,2007-10-14
Sistema,179623100.00000,2007-10-15
Sistema,160839500.00000,2007-10-16
Sistema,145169800.00000,2007-10-17
Sistema,291485900.00000,2007-10-18
Sistema,247335200.00000,2007-10-19
Sistema,248199400.00000,2007-10-20
Sistema,201023200.00000,2007-10-21
Sistema,197036300.00000,2007-10-22
Sistema,176094900.00000,2007-10-23
Sistema,165178200.00000,2007-10-24
Sistema,175360000.00000,2007-10-25
Sistema,223916400.00000,2007-10-26
Sistema,226534000.00000,2007-10-27
Sistema,248974500.00000,2007-10-28
Sistema,260210800.00000,2007-10-29
Sistema,211148000.00000,2007-10-30
Sistema,194089300.00000,2007-10-31
Sistema,217667200.00000,2007-11-01
Sistema,233348600.00000,2007-11-02
Sistema,193446200.00000,2007-11-03
Sistema,196333400.00000,2007-11-04
Sistema,182950800.00000,2007-11-05
Sistema,186503600.00000,2007-11-06
Sistema,171865900.00000,2007-11-07
Sistema,194698700.00000,2007-11-08
Sistema,240125300.00000,2007-11-09
Sistema,185321800.00000,2007-11-10
Sistema,196639600.00000,2007-11-11
Sistema,161936400.00000,2007-11-12
Sistema,160679700.00000,2007-11-13
Sistema,150479100.00000,2007-11-14
Sistema,136671400.00000,2007-11-15
Sistema,139771400.00000,2007-11-16
Sistema,222089500.00000,2007-11-17
Sistema,159364400.00000,2007-11-18
Sistema,123935100.00000,2007-11-19
Sistema,108542400.00000,2007-11-20
Sistema,110465600.00000,2007-11-21
Sistema,128789700.00000,2007-11-22
Sistema,161277100.00000,2007-11-23
Sistema,142314200.00000,2007-11-24
Sistema,135746800.00000,2007-11-25
Sistema,102278900.00000,2007-11-26
Sistema,108326500.00000,2007-11-27
Sistema,121178700.00000,2007-11-28
Sistema,109964700.00000,2007-11-29
Sistema,112217400.00000,2007-11-30
Sistema,112395400.00000,2007-12-01
Sistema,108860000.00000,2007-12-02
Sistema,114517500.00000,2007-12-03
Sistema,107978800.00000,2007-12-04
Sistema,95068000.00000,2007-12-05
Sistema,85259400.00000,2007-12-06
Sistema,95077400.00000,2007-12-07
Sistema,100923700.00000,2007-12-08
Sistema,102875800.00000,2007-12-09
Sistema,96572400.00000,2007-12-10
Sistema,105430600.00000,2007-12-11
Sistema,101674200.00000,2007-12-12
Sistema,106700500.00000,2007-12-13
Sistema,107202400.00000,2007-12-14
Sistema,105471500.00000,2007-12-15
Sistema,129541700.00000,2007-12-16
Sistema,147283300.00000,2007-12-17
Sistema,152742500.00000,2007-12-18
Sistema,151521000.00000,2007-12-19
Sistema,130532100.00000,2007-12-20
Sistema,118031300.00000,2007-12-21
Sistema,124947200.00000,2007-12-22
Sistema,196086700.00000,2007-12-23
Sistema,180143500.00000,2007-12-24
Sistema,143946000.00000,2007-12-25
Sistema,154327500.00000,2007-12-26
Sistema,153604400.00000,2007-12-27
Sistema,154875600.00000,2007-12-28
Sistema,127556100.00000,2007-12-29
Sistema,101854900.00000,2007-12-30
Sistema,90685100.00000,2007-12-31
Sistema,78840700.00000,2008-01-01
Sistema,81239400.00000,2008-01-02
Sistema,77681200.00000,2008-01-03
Sistema,75557500.00000,2008-01-04
Sistema,66150400.00000,2008-01-05
Sistema,91061900.00000,2008-01-06
Sistema,89734300.00000,2008-01-07
Sistema,75706400.00000,2008-01-08
Sistema,116671400.00000,2008-01-09
Sistema,125076100.00000,2008-01-10
Sistema,114852600.00000,2008-01-11
Sistema,92930300.00000,2008-01-12
Sistema,81827300.00000,2008-01-13
Sistema,93505100.00000,2008-01-14
Sistema,114984400.00000,2008-01-15
Sistema,99219600.00000,2008-01-16
Sistema,88665000.00000,2008-01-17
Sistema,86503500.00000,2008-01-18
Sistema,74769200.00000,2008-01-19
Sistema,70634300.00000,2008-01-20
Sistema,85666900.00000,2008-01-21
Sistema,71883100.00000,2008-01-22
Sistema,74896600.00000,2008-01-23
Sistema,71256800.00000,2008-01-24
Sistema,84433600.00000,2008-01-25
Sistema,81833100.00000,2008-01-26
Sistema,82994900.00000,2008-01-27
Sistema,71543200.00000,2008-01-28
Sistema,70566900.00000,2008-01-29
Sistema,66889500.00000,2008-01-30
Sistema,65888900.00000,2008-01-31
Sistema,67095100.00000,2008-02-01
Sistema,62948800.00000,2008-02-02
Sistema,62780000.00000,2008-02-03
Sistema,58121800.00000,2008-02-04
Sistema,54113600.00000,2008-02-05
Sistema,55402700.00000,2008-02-06
Sistema,65112900.00000,2008-02-07
Sistema,80449800.00000,2008-02-08
Sistema,71126900.00000,2008-02-09
Sistema,92630100.00000,2008-02-10
Sistema,67396100.00000,2008-02-11
Sistema,57677300.00000,2008-02-12
Sistema,99642800.00000,2008-02-13
Sistema,85734100.00000,2008-02-14
Sistema,81260200.00000,2008-02-15
Sistema,107802100.00000,2008-02-16
Sistema,96718500.00000,2008-02-17
Sistema,101961300.00000,2008-02-18
Sistema,129614700.00000,2008-02-19
Sistema,145047500.00000,2008-02-20
Sistema,154676500.00000,2008-02-21
Sistema,138141300.00000,2008-02-22
Sistema,114556700.00000,2008-02-23
Sistema,102256300.00000,2008-02-24
Sistema,89815600.00000,2008-02-25
Sistema,75607900.00000,2008-02-26
Sistema,77136100.00000,2008-02-27
Sistema,81063100.00000,2008-02-28
Sistema,75450800.00000,2008-02-29
Sistema,60479600.00000,2008-03-01
Sistema,62017200.00000,2008-03-02
Sistema,73348700.00000,2008-03-03
Sistema,102743400.00000,2008-03-04
Sistema,103129300.00000,2008-03-05
Sistema,106242600.00000,2008-03-06
Sistema,100836600.00000,2008-03-07
Sistema,85462200.00000,2008-03-08
Sistema,88249000.00000,2008-03-09
Sistema,86513500.00000,2008-03-10
Sistema,108369700.00000,2008-03-11
Sistema,105832700.00000,2008-03-12
Sistema,122959000.00000,2008-03-13
Sistema,165453300.00000,2008-03-14
Sistema,150654700.00000,2008-03-15
Sistema,98404200.00000,2008-03-16
Sistema,93094300.00000,2008-03-17
Sistema,85498400.00000,2008-03-18
Sistema,79760300.00000,2008-03-19
Sistema,71748400.00000,2008-03-20
Sistema,75931000.00000,2008-03-21
Sistema,88361900.00000,2008-03-22
Sistema,96363000.00000,2008-03-23
Sistema,111976400.00000,2008-03-24
Sistema,83257000.00000,2008-03-25
Sistema,80264100.00000,2008-03-26
Sistema,74542300.00000,2008-03-27
Sistema,78202100.00000,2008-03-28
Sistema,77390200.00000,2008-03-29
Sistema,86784100.00000,2008-03-30
Sistema,110310600.00000,2008-03-31
Sistema,116476600.00000,2008-04-01
Sistema,102456600.00000,2008-04-02
Sistema,102839700.00000,2008-04-03
Sistema,91234700.00000,2008-04-04
Sistema,110140900.00000,2008-04-05
Sistema,90753000.00000,2008-04-06
Sistema,88428100.00000,2008-04-07
Sistema,89273300.00000,2008-04-08
Sistema,101102200.00000,2008-04-09
Sistema,88635000.00000,2008-04-10
Sistema,83737100.00000,2008-04-11
Sistema,88420600.00000,2008-04-12
Sistema,108164600.00000,2008-04-13
Sistema,118229800.00000,2008-04-14
Sistema,116921500.00000,2008-04-15
Sistema,100335700.00000,2008-04-16
Sistema,77470100.00000,2008-04-17
Sistema,73133900.00000,2008-04-18
Sistema,77314600.00000,2008-04-19
Sistema,88608600.00000,2008-04-20
Sistema,90480200.00000,2008-04-21
Sistema,73776600.00000,2008-04-22
Sistema,120419400.00000,2008-04-23
Sistema,129852700.00000,2008-04-24
Sistema,148929600.00000,2008-04-25
Sistema,177622600.00000,2008-04-26
Sistema,195199500.00000,2008-04-27
Sistema,132891400.00000,2008-04-28
Sistema,129253000.00000,2008-04-29
Sistema,124252600.00000,2008-04-30
Sistema,129544100.00000,2008-05-01
Sistema,176153400.00000,2008-05-02
Sistema,185866500.00000,2008-05-03
Sistema,151428900.00000,2008-05-04
Sistema,167932300.00000,2008-05-05
Sistema,155356600.00000,2008-05-06
Sistema,125691800.00000,2008-05-07
Sistema,127604700.00000,2008-05-08
Sistema,171384900.00000,2008-05-09
Sistema,113848900.00000,2008-05-10
Sistema,97500900.00000,2008-05-11
Sistema,93199900.00000,2008-05-12
Sistema,82255200.00000,2008-05-13
Sistema,88020300.00000,2008-05-14
Sistema,110243500.00000,2008-05-15
Sistema,144617600.00000,2008-05-16
Sistema,105452500.00000,2008-05-17
Sistema,117672500.00000,2008-05-18
Sistema,166546800.00000,2008-05-19
Sistema,219576800.00000,2008-05-20
Sistema,261700900.00000,2008-05-21
Sistema,206171900.00000,2008-05-22
Sistema,222265900.00000,2008-05-23
Sistema,268147200.00000,2008-05-24
Sistema,333586300.00000,2008-05-25
Sistema,303691500.00000,2008-05-26
Sistema,282335700.00000,2008-05-27
Sistema,307155500.00000,2008-05-28
Sistema,321194900.00000,2008-05-29
Sistema,210737800.00000,2008-05-30
Sistema,204836300.00000,2008-05-31
Sistema,222978300.00000,2008-06-01
Sistema,232940000.00000,2008-06-02
Sistema,263290400.00000,2008-06-03
Sistema,177077600.00000,2008-06-04
Sistema,184936700.00000,2008-06-05
Sistema,187298500.00000,2008-06-06
Sistema,290755000.00000,2008-06-07
Sistema,304155500.00000,2008-06-08
Sistema,214510800.00000,2008-06-09
Sistema,244731900.00000,2008-06-10
Sistema,227163600.00000,2008-06-11
Sistema,168736600.00000,2008-06-12
Sistema,155085600.00000,2008-06-13
Sistema,155468300.00000,2008-06-14
Sistema,178343100.00000,2008-06-15
Sistema,199515900.00000,2008-06-16
Sistema,230975600.00000,2008-06-17
Sistema,231652600.00000,2008-06-18
Sistema,170907700.00000,2008-06-19
Sistema,147919400.00000,2008-06-20
Sistema,161473400.00000,2008-06-21
Sistema,192676800.00000,2008-06-22
Sistema,214214300.00000,2008-06-23
Sistema,293361400.00000,2008-06-24
Sistema,371048400.00000,2008-06-25
Sistema,217174700.00000,2008-06-26
Sistema,219553500.00000,2008-06-27
Sistema,282471800.00000,2008-06-28
Sistema,273992200.00000,2008-06-29
Sistema,226311500.00000,2008-06-30
Sistema,213490600.00000,2008-07-01
Sistema,236848700.00000,2008-07-02
Sistema,307802200.00000,2008-07-03
Sistema,355743100.00000,2008-07-04
Sistema,234402900.00000,2008-07-05
Sistema,182549100.00000,2008-07-06
Sistema,178766100.00000,2008-07-07
Sistema,238011000.00000,2008-07-08
Sistema,324567900.00000,2008-07-09
Sistema,297085400.00000,2008-07-10
Sistema,233507400.00000,2008-07-11
Sistema,233060700.00000,2008-07-12
Sistema,201858000.00000,2008-07-13
Sistema,250079500.00000,2008-07-14
Sistema,260821400.00000,2008-07-15
Sistema,276723800.00000,2008-07-16
Sistema,237930700.00000,2008-07-17
Sistema,236405300.00000,2008-07-18
Sistema,291743500.00000,2008-07-19
Sistema,207040100.00000,2008-07-20
Sistema,192145500.00000,2008-07-21
Sistema,187614500.00000,2008-07-22
Sistema,156348900.00000,2008-07-23
Sistema,149146300.00000,2008-07-24
Sistema,193996000.00000,2008-07-25
Sistema,249345300.00000,2008-07-26
Sistema,193538000.00000,2008-07-27
Sistema,297515400.00000,2008-07-28
Sistema,240571400.00000,2008-07-29
Sistema,206143500.00000,2008-07-30
Sistema,227418100.00000,2008-07-31
Sistema,156917400.00000,2008-08-01
Sistema,171867400.00000,2008-08-02
Sistema,150249200.00000,2008-08-03
Sistema,135727700.00000,2008-08-04
Sistema,158362400.00000,2008-08-05
Sistema,170619300.00000,2008-08-06
Sistema,124333400.00000,2008-08-07
Sistema,114210900.00000,2008-08-08
Sistema,107467400.00000,2008-08-09
Sistema,113733700.00000,2008-08-10
Sistema,279326900.00000,2008-08-11
Sistema,152281900.00000,2008-08-12
Sistema,137569700.00000,2008-08-13
Sistema,176086300.00000,2008-08-14
Sistema,198655900.00000,2008-08-15
Sistema,189479900.00000,2008-08-16
Sistema,149601300.00000,2008-08-17
Sistema,200341100.00000,2008-08-18
Sistema,230358700.00000,2008-08-19
Sistema,168958600.00000,2008-08-20
Sistema,150561400.00000,2008-08-21
Sistema,214151400.00000,2008-08-22
Sistema,208037200.00000,2008-08-23
Sistema,260652700.00000,2008-08-24
Sistema,240548900.00000,2008-08-25
Sistema,224716200.00000,2008-08-26
Sistema,185923300.00000,2008-08-27
Sistema,182884100.00000,2008-08-28
Sistema,183172300.00000,2008-08-29
Sistema,279257700.00000,2008-08-30
Sistema,215964100.00000,2008-08-31
Sistema,225206000.00000,2008-09-01
Sistema,201833100.00000,2008-09-02
Sistema,215765000.00000,2008-09-03
Sistema,191491700.00000,2008-09-04
Sistema,188553700.00000,2008-09-05
Sistema,154138400.00000,2008-09-06
Sistema,172800900.00000,2008-09-07
Sistema,135929100.00000,2008-09-08
Sistema,163427700.00000,2008-09-09
Sistema,133678700.00000,2008-09-10
Sistema,121332200.00000,2008-09-11
Sistema,108758700.00000,2008-09-12
Sistema,113253300.00000,2008-09-13
Sistema,126480200.00000,2008-09-14
Sistema,209364600.00000,2008-09-15
Sistema,147904500.00000,2008-09-16
Sistema,124489300.00000,2008-09-17
Sistema,110198800.00000,2008-09-18
Sistema,119754900.00000,2008-09-19
Sistema,122481800.00000,2008-09-20
Sistema,139417900.00000,2008-09-21
Sistema,162254600.00000,2008-09-22
Sistema,200698800.00000,2008-09-23
Sistema,141211100.00000,2008-09-24
Sistema,128808000.00000,2008-09-25
Sistema,122360200.00000,2008-09-26
Sistema,163113000.00000,2008-09-27
Sistema,172929200.00000,2008-09-28
Sistema,179284500.00000,2008-09-29
Sistema,148210000.00000,2008-09-30
Sistema,236744900.00000,2008-10-01
Sistema,133495300.00000,2008-10-02
Sistema,163693700.00000,2008-10-03
Sistema,132517000.00000,2008-10-04
Sistema,142123300.00000,2008-10-05
Sistema,163301500.00000,2008-10-06
Sistema,166461300.00000,2008-10-07
Sistema,138222400.00000,2008-10-08
Sistema,161409700.00000,2008-10-09
Sistema,215994100.00000,2008-10-10
Sistema,182323900.00000,2008-10-11
Sistema,266086200.00000,2008-10-12
Sistema,213030600.00000,2008-10-13
Sistema,229855400.00000,2008-10-14
Sistema,187528400.00000,2008-10-15
Sistema,185926200.00000,2008-10-16
Sistema,209768100.00000,2008-10-17
Sistema,174280200.00000,2008-10-18
Sistema,220417500.00000,2008-10-19
Sistema,173442800.00000,2008-10-20
Sistema,180521000.00000,2008-10-21
Sistema,214863500.00000,2008-10-22
Sistema,140080400.00000,2008-10-23
Sistema,161166100.00000,2008-10-24
Sistema,133581500.00000,2008-10-25
Sistema,118467000.00000,2008-10-26
Sistema,135634000.00000,2008-10-27
Sistema,194377000.00000,2008-10-28
Sistema,170380600.00000,2008-10-29
Sistema,143958300.00000,2008-10-30
Sistema,126941600.00000,2008-10-31
Sistema,207043100.00000,2008-11-01
Sistema,259848800.00000,2008-11-02
Sistema,286306600.00000,2008-11-03
Sistema,369789500.00000,2008-11-04
Sistema,253753900.00000,2008-11-05
Sistema,263211900.00000,2008-11-06
Sistema,168199900.00000,2008-11-07
Sistema,160574400.00000,2008-11-08
Sistema,146911400.00000,2008-11-09
Sistema,121942600.00000,2008-11-10
Sistema,128799300.00000,2008-11-11
Sistema,133561200.00000,2008-11-12
Sistema,151825800.00000,2008-11-13
Sistema,174416800.00000,2008-11-14
Sistema,209703800.00000,2008-11-15
Sistema,214633000.00000,2008-11-16
Sistema,194055200.00000,2008-11-17
Sistema,196999300.00000,2008-11-18
Sistema,229054500.00000,2008-11-19
Sistema,309356800.00000,2008-11-20
Sistema,341664300.00000,2008-11-21
Sistema,230732400.00000,2008-11-22
Sistema,209837000.00000,2008-11-23
Sistema,264700200.00000,2008-11-24
Sistema,231344900.00000,2008-11-25
Sistema,325162300.00000,2008-11-26
Sistema,246299800.00000,2008-11-27
Sistema,298577900.00000,2008-11-28
Sistema,336780200.00000,2008-11-29
Sistema,238730700.00000,2008-11-30
Sistema,222016300.00000,2008-12-01
Sistema,225738000.00000,2008-12-02
Sistema,190105800.00000,2008-12-03
Sistema,172121500.00000,2008-12-04
Sistema,155181800.00000,2008-12-05
Sistema,138336700.00000,2008-12-06
Sistema,149056200.00000,2008-12-07
Sistema,153091400.00000,2008-12-08
Sistema,125985700.00000,2008-12-09
Sistema,110879900.00000,2008-12-10
Sistema,107135700.00000,2008-12-11
Sistema,128006000.00000,2008-12-12
Sistema,118282900.00000,2008-12-13
Sistema,137255400.00000,2008-12-14
Sistema,135216700.00000,2008-12-15
Sistema,117457000.00000,2008-12-16
Sistema,106596100.00000,2008-12-17
Sistema,104986700.00000,2008-12-18
Sistema,108561800.00000,2008-12-19
Sistema,108315700.00000,2008-12-20
Sistema,107768100.00000,2008-12-21
Sistema,119972800.00000,2008-12-22
Sistema,119311600.00000,2008-12-23
Sistema,105013600.00000,2008-12-24
Sistema,97460700.00000,2008-12-25
Sistema,87525000.00000,2008-12-26
Sistema,83136300.00000,2008-12-27
Sistema,85927900.00000,2008-12-28
Sistema,87556300.00000,2008-12-29
Sistema,87181100.00000,2008-12-30
Sistema,86636500.00000,2008-12-31
Sistema,91364000.00000,2009-01-01
Sistema,80433400.00000,2009-01-02
Sistema,158685500.00000,2009-01-03
Sistema,167996500.00000,2009-01-04
Sistema,95229800.00000,2009-01-05
Sistema,101487700.00000,2009-01-06
Sistema,91636300.00000,2009-01-07
Sistema,89503000.00000,2009-01-08
Sistema,90137800.00000,2009-01-09
Sistema,94320500.00000,2009-01-10
Sistema,88615100.00000,2009-01-11
Sistema,110478500.00000,2009-01-12
Sistema,113982200.00000,2009-01-13
Sistema,122193900.00000,2009-01-14
Sistema,99680800.00000,2009-01-15
Sistema,111391500.00000,2009-01-16
Sistema,154875100.00000,2009-01-17
Sistema,106889000.00000,2009-01-18
Sistema,146702200.00000,2009-01-19
Sistema,179010000.00000,2009-01-20
Sistema,119845500.00000,2009-01-21
Sistema,123881900.00000,2009-01-22
Sistema,122796400.00000,2009-01-23
Sistema,112033800.00000,2009-01-24
Sistema,107929600.00000,2009-01-25
Sistema,94200800.00000,2009-01-26
Sistema,79738500.00000,2009-01-27
Sistema,74401500.00000,2009-01-28
Sistema,86860900.00000,2009-01-29
Sistema,104629200.00000,2009-01-30
Sistema,79471900.00000,2009-01-31
Sistema,82280100.00000,2009-02-01
Sistema,83085700.00000,2009-02-02
Sistema,74763000.00000,2009-02-03
Sistema,103913800.00000,2009-02-04
Sistema,83735800.00000,2009-02-05
Sistema,75691300.00000,2009-02-06
Sistema,72395500.00000,2009-02-07
Sistema,76924700.00000,2009-02-08
Sistema,111344300.00000,2009-02-09
Sistema,95421900.00000,2009-02-10
Sistema,118140100.00000,2009-02-11
Sistema,190718600.00000,2009-02-12
Sistema,115840700.00000,2009-02-13
Sistema,108103200.00000,2009-02-14
Sistema,109865900.00000,2009-02-15
Sistema,110246600.00000,2009-02-16
Sistema,93012300.00000,2009-02-17
Sistema,96290700.00000,2009-02-18
Sistema,115413300.00000,2009-02-19
Sistema,103898300.00000,2009-02-20
Sistema,85192300.00000,2009-02-21
Sistema,77427000.00000,2009-02-22
Sistema,75238800.00000,2009-02-23
Sistema,70742100.00000,2009-02-24
Sistema,79933500.00000,2009-02-25
Sistema,83856300.00000,2009-02-26
Sistema,84739500.00000,2009-02-27
Sistema,74537700.00000,2009-02-28
Sistema,78678300.00000,2009-03-01
Sistema,89426900.00000,2009-03-02
Sistema,157829600.00000,2009-03-03
Sistema,105860900.00000,2009-03-04
Sistema,86384400.00000,2009-03-05
Sistema,93989000.00000,2009-03-06
Sistema,91607600.00000,2009-03-07
Sistema,69396100.00000,2009-03-08
Sistema,94611100.00000,2009-03-09
Sistema,80136300.00000,2009-03-10
Sistema,71689600.00000,2009-03-11
Sistema,81130300.00000,2009-03-12
Sistema,85486600.00000,2009-03-13
Sistema,76025300.00000,2009-03-14
Sistema,82639400.00000,2009-03-15
Sistema,106703100.00000,2009-03-16
Sistema,103212700.00000,2009-03-17
Sistema,115422800.00000,2009-03-18
Sistema,148596600.00000,2009-03-19
Sistema,149647800.00000,2009-03-20
Sistema,119375600.00000,2009-03-21
Sistema,155206800.00000,2009-03-22
Sistema,147397100.00000,2009-03-23
Sistema,160970000.00000,2009-03-24
Sistema,137763500.00000,2009-03-25
Sistema,137751600.00000,2009-03-26
Sistema,134524600.00000,2009-03-27
Sistema,129703100.00000,2009-03-28
Sistema,129393100.00000,2009-03-29
Sistema,109402300.00000,2009-03-30
Sistema,141671400.00000,2009-03-31
Sistema,181187900.00000,2009-04-01
Sistema,208712100.00000,2009-04-02
Sistema,172789900.00000,2009-04-03
Sistema,162108600.00000,2009-04-04
Sistema,112368000.00000,2009-04-05
Sistema,98901500.00000,2009-04-06
Sistema,91072200.00000,2009-04-07
Sistema,186112400.00000,2009-04-08
Sistema,117551200.00000,2009-04-09
Sistema,143119600.00000,2009-04-10
Sistema,135389100.00000,2009-04-11
Sistema,132938400.00000,2009-04-12
Sistema,122326300.00000,2009-04-13
Sistema,115299300.00000,2009-04-14
Sistema,106507200.00000,2009-04-15
Sistema,99842700.00000,2009-04-16
Sistema,97108200.00000,2009-04-17
Sistema,90133300.00000,2009-04-18
Sistema,94354700.00000,2009-04-19
Sistema,158672700.00000,2009-04-20
Sistema,204301600.00000,2009-04-21
Sistema,120887200.00000,2009-04-22
Sistema,154241300.00000,2009-04-23
Sistema,123440700.00000,2009-04-24
Sistema,94845400.00000,2009-04-25
Sistema,136682700.00000,2009-04-26
Sistema,98350700.00000,2009-04-27
Sistema,127099600.00000,2009-04-28
Sistema,191805000.00000,2009-04-29
Sistema,179072100.00000,2009-04-30
Sistema,118566200.00000,2009-05-01
Sistema,133896400.00000,2009-05-02
Sistema,161958500.00000,2009-05-03
Sistema,209215600.00000,2009-05-04
Sistema,186230000.00000,2009-05-05
Sistema,178796500.00000,2009-05-06
Sistema,175920900.00000,2009-05-07
Sistema,188909800.00000,2009-05-08
Sistema,153982100.00000,2009-05-09
Sistema,130676400.00000,2009-05-10
Sistema,159969400.00000,2009-05-11
Sistema,122694100.00000,2009-05-12
Sistema,186981800.00000,2009-05-13
Sistema,98448400.00000,2009-05-14
Sistema,119885100.00000,2009-05-15
Sistema,113192300.00000,2009-05-16
Sistema,127929700.00000,2009-05-17
Sistema,100052800.00000,2009-05-18
Sistema,97268400.00000,2009-05-19
Sistema,84710900.00000,2009-05-20
Sistema,134762000.00000,2009-05-21
Sistema,96858300.00000,2009-05-22
Sistema,107954900.00000,2009-05-23
Sistema,122557700.00000,2009-05-24
Sistema,127860200.00000,2009-05-25
Sistema,89379600.00000,2009-05-26
Sistema,83623300.00000,2009-05-27
Sistema,102378200.00000,2009-05-28
Sistema,133560500.00000,2009-05-29
Sistema,99954700.00000,2009-05-30
Sistema,101861500.00000,2009-05-31
Sistema,69438700.00000,2009-06-01
Sistema,65752800.00000,2009-06-02
Sistema,94791200.00000,2009-06-03
Sistema,107577300.00000,2009-06-04
Sistema,207206600.00000,2009-06-05
Sistema,188052500.00000,2009-06-06
Sistema,234697700.00000,2009-06-07
Sistema,162244100.00000,2009-06-08
Sistema,164485400.00000,2009-06-09
Sistema,237317900.00000,2009-06-10
Sistema,147624800.00000,2009-06-11
Sistema,205525700.00000,2009-06-12
Sistema,282431600.00000,2009-06-13
Sistema,200609000.00000,2009-06-14
Sistema,143536300.00000,2009-06-15
Sistema,137475000.00000,2009-06-16
Sistema,147520900.00000,2009-06-17
Sistema,107625700.00000,2009-06-18
Sistema,107392100.00000,2009-06-19
Sistema,109248900.00000,2009-06-20
Sistema,140175600.00000,2009-06-21
Sistema,238646300.00000,2009-06-22
Sistema,151246600.00000,2009-06-23
Sistema,133036900.00000,2009-06-24
Sistema,159575800.00000,2009-06-25
Sistema,103814200.00000,2009-06-26
Sistema,120101600.00000,2009-06-27
Sistema,120779400.00000,2009-06-28
Sistema,155585300.00000,2009-06-29
Sistema,198523900.00000,2009-06-30
Sistema,219720900.00000,2009-07-01
Sistema,237898800.00000,2009-07-02
Sistema,213871000.00000,2009-07-03
Sistema,216121900.00000,2009-07-04
Sistema,152711600.00000,2009-07-05
Sistema,147994800.00000,2009-07-06
Sistema,129333000.00000,2009-07-07
Sistema,254929400.00000,2009-07-08
Sistema,233314900.00000,2009-07-09
Sistema,283613000.00000,2009-07-10
Sistema,275836800.00000,2009-07-11
Sistema,164357800.00000,2009-07-12
Sistema,131318700.00000,2009-07-13
Sistema,172881400.00000,2009-07-14
Sistema,162007100.00000,2009-07-15
Sistema,134916800.00000,2009-07-16
Sistema,129736700.00000,2009-07-17
Sistema,126865100.00000,2009-07-18
Sistema,128428000.00000,2009-07-19
Sistema,125018200.00000,2009-07-20
Sistema,131881000.00000,2009-07-21
Sistema,122352700.00000,2009-07-22
Sistema,122695100.00000,2009-07-23
Sistema,164837900.00000,2009-07-24
Sistema,110029500.00000,2009-07-25
Sistema,121058200.00000,2009-07-26
Sistema,130289500.00000,2009-07-27
Sistema,126250000.00000,2009-07-28
Sistema,136969900.00000,2009-07-29
Sistema,129545500.00000,2009-07-30
Sistema,147892100.00000,2009-07-31
Sistema,134191700.00000,2009-08-01
Sistema,112752300.00000,2009-08-02
Sistema,97845900.00000,2009-08-03
Sistema,119104800.00000,2009-08-04
Sistema,151989400.00000,2009-08-05
Sistema,215308900.00000,2009-08-06
Sistema,210389200.00000,2009-08-07
Sistema,197156000.00000,2009-08-08
Sistema,200498500.00000,2009-08-09
Sistema,138517100.00000,2009-08-10
Sistema,153169900.00000,2009-08-11
Sistema,131348400.00000,2009-08-12
Sistema,167159900.00000,2009-08-13
Sistema,275075500.00000,2009-08-14
Sistema,151533100.00000,2009-08-15
Sistema,129274200.00000,2009-08-16
Sistema,175006000.00000,2009-08-17
Sistema,123202500.00000,2009-08-18
Sistema,109743300.00000,2009-08-19
Sistema,113603600.00000,2009-08-20
Sistema,172298400.00000,2009-08-21
Sistema,120315800.00000,2009-08-22
Sistema,117304700.00000,2009-08-23
Sistema,94979600.00000,2009-08-24
Sistema,117201500.00000,2009-08-25
Sistema,108156100.00000,2009-08-26
Sistema,88531600.00000,2009-08-27
Sistema,96330700.00000,2009-08-28
Sistema,107450800.00000,2009-08-29
Sistema,187148700.00000,2009-08-30
Sistema,157428800.00000,2009-08-31
Sistema,99865200.00000,2009-09-01
Sistema,83822700.00000,2009-09-02
Sistema,84269300.00000,2009-09-03
Sistema,127666200.00000,2009-09-04
Sistema,114038300.00000,2009-09-05
Sistema,83374900.00000,2009-09-06
Sistema,77769500.00000,2009-09-07
Sistema,86966800.00000,2009-09-08
Sistema,109134400.00000,2009-09-09
Sistema,155210800.00000,2009-09-10
Sistema,89162800.00000,2009-09-11
Sistema,87951300.00000,2009-09-12
Sistema,93660100.00000,2009-09-13
Sistema,84599500.00000,2009-09-14
Sistema,124708700.00000,2009-09-15
Sistema,152013400.00000,2009-09-16
Sistema,144531400.00000,2009-09-17
Sistema,112496800.00000,2009-09-18
Sistema,124280600.00000,2009-09-19
Sistema,103574600.00000,2009-09-20
Sistema,83649500.00000,2009-09-21
Sistema,108154000.00000,2009-09-22
Sistema,77168800.00000,2009-09-23
Sistema,66096500.00000,2009-09-24
Sistema,67680800.00000,2009-09-25
Sistema,70631600.00000,2009-09-26
Sistema,69593000.00000,2009-09-27
Sistema,72281600.00000,2009-09-28
Sistema,66991500.00000,2009-09-29
Sistema,60238400.00000,2009-09-30
Sistema,58076600.00000,2009-10-01
Sistema,62454900.00000,2009-10-02
Sistema,93092000.00000,2009-10-03
Sistema,109989100.00000,2009-10-04
Sistema,65278100.00000,2009-10-05
Sistema,61233500.00000,2009-10-06
Sistema,75578200.00000,2009-10-07
Sistema,86648100.00000,2009-10-08
Sistema,61865100.00000,2009-10-09
Sistema,68000700.00000,2009-10-10
Sistema,91492700.00000,2009-10-11
Sistema,112986200.00000,2009-10-12
Sistema,81309000.00000,2009-10-13
Sistema,128234000.00000,2009-10-14
Sistema,142235400.00000,2009-10-15
Sistema,97617400.00000,2009-10-16
Sistema,91721000.00000,2009-10-17
Sistema,148084300.00000,2009-10-18
Sistema,135880600.00000,2009-10-19
Sistema,153451200.00000,2009-10-20
Sistema,118683200.00000,2009-10-21
Sistema,110434500.00000,2009-10-22
Sistema,108949200.00000,2009-10-23
Sistema,144473800.00000,2009-10-24
Sistema,172347200.00000,2009-10-25
Sistema,97401900.00000,2009-10-26
Sistema,85440800.00000,2009-10-27
Sistema,96663500.00000,2009-10-28
Sistema,108235000.00000,2009-10-29
Sistema,122064700.00000,2009-10-30
Sistema,109555000.00000,2009-10-31
Sistema,118641300.00000,2009-11-01
Sistema,122299700.00000,2009-11-02
Sistema,125779900.00000,2009-11-03
Sistema,123789500.00000,2009-11-04
Sistema,160295200.00000,2009-11-05
Sistema,163805700.00000,2009-11-06
Sistema,153664800.00000,2009-11-07
Sistema,174544300.00000,2009-11-08
Sistema,160940600.00000,2009-11-09
Sistema,125070700.00000,2009-11-10
Sistema,103327400.00000,2009-11-11
Sistema,104281900.00000,2009-11-12
Sistema,102301600.00000,2009-11-13
Sistema,111268600.00000,2009-11-14
Sistema,94016700.00000,2009-11-15
Sistema,114116700.00000,2009-11-16
Sistema,110243100.00000,2009-11-17
Sistema,123935000.00000,2009-11-18
Sistema,98087700.00000,2009-11-19
Sistema,77170600.00000,2009-11-20
Sistema,76071200.00000,2009-11-21
Sistema,85172300.00000,2009-11-22
Sistema,87864300.00000,2009-11-23
Sistema,84665900.00000,2009-11-24
Sistema,78323500.00000,2009-11-25
Sistema,69756000.00000,2009-11-26
Sistema,69557800.00000,2009-11-27
Sistema,90509600.00000,2009-11-28
Sistema,85588900.00000,2009-11-29
Sistema,77498100.00000,2009-11-30
Sistema,67851200.00000,2009-12-01
Sistema,62444500.00000,2009-12-02
Sistema,59483000.00000,2009-12-03
Sistema,59378100.00000,2009-12-04
Sistema,57987800.00000,2009-12-05
Sistema,56855300.00000,2009-12-06
Sistema,49122900.00000,2009-12-07
Sistema,55513400.00000,2009-12-08
Sistema,65648500.00000,2009-12-09
Sistema,63995200.00000,2009-12-10
Sistema,67573500.00000,2009-12-11
Sistema,71800200.00000,2009-12-12
Sistema,56256600.00000,2009-12-13
Sistema,52852200.00000,2009-12-14
Sistema,52082700.00000,2009-12-15
Sistema,46070100.00000,2009-12-16
Sistema,52023600.00000,2009-12-17
Sistema,75463300.00000,2009-12-18
Sistema,86934500.00000,2009-12-19
Sistema,64895700.00000,2009-12-20
Sistema,59820200.00000,2009-12-21
Sistema,65343700.00000,2009-12-22
Sistema,92713300.00000,2009-12-23
Sistema,62628900.00000,2009-12-24
Sistema,68513100.00000,2009-12-25
Sistema,87400500.00000,2009-12-26
Sistema,74383100.00000,2009-12-27
Sistema,66665500.00000,2009-12-28
Sistema,53913800.00000,2009-12-29
Sistema,49227200.00000,2009-12-30
Sistema,47745100.00000,2009-12-31
Sistema,45616100.00000,2010-01-01
Sistema,43097100.00000,2010-01-02
Sistema,43400400.00000,2010-01-03
Sistema,40410400.00000,2010-01-04
Sistema,41190600.00000,2010-01-05
Sistema,41733100.00000,2010-01-06
Sistema,39732000.00000,2010-01-07
Sistema,37078100.00000,2010-01-08
Sistema,46893900.00000,2010-01-09
Sistema,44906900.00000,2010-01-10
Sistema,42546900.00000,2010-01-11
Sistema,39807200.00000,2010-01-12
Sistema,39987000.00000,2010-01-13
Sistema,34998300.00000,2010-01-14
Sistema,34303900.00000,2010-01-15
Sistema,35344500.00000,2010-01-16
Sistema,36487400.00000,2010-01-17
Sistema,36928400.00000,2010-01-18
Sistema,40295600.00000,2010-01-19
Sistema,40389000.00000,2010-01-20
Sistema,35779400.00000,2010-01-21
Sistema,34106500.00000,2010-01-22
Sistema,34997900.00000,2010-01-23
Sistema,39007400.00000,2010-01-24
Sistema,38347000.00000,2010-01-25
Sistema,44399500.00000,2010-01-26
Sistema,37230100.00000,2010-01-27
Sistema,40529900.00000,2010-01-28
Sistema,37489200.00000,2010-01-29
Sistema,42679200.00000,2010-01-30
Sistema,31863500.00000,2010-01-31
Sistema,32256000.00000,2010-02-01
Sistema,30175300.00000,2010-02-02
Sistema,32331600.00000,2010-02-03
Sistema,29032100.00000,2010-02-04
Sistema,31084900.00000,2010-02-05
Sistema,44297100.00000,2010-02-06
Sistema,36255100.00000,2010-02-07
Sistema,38084800.00000,2010-02-08
Sistema,55865100.00000,2010-02-09
Sistema,36460600.00000,2010-02-10
Sistema,40258400.00000,2010-02-11
Sistema,38195600.00000,2010-02-12
Sistema,31612700.00000,2010-02-13
Sistema,44193700.00000,2010-02-14
Sistema,36817400.00000,2010-02-15
Sistema,42134100.00000,2010-02-16
Sistema,34225400.00000,2010-02-17
Sistema,36769300.00000,2010-02-18
Sistema,32688100.00000,2010-02-19
Sistema,46927500.00000,2010-02-20
Sistema,40743200.00000,2010-02-21
Sistema,40714300.00000,2010-02-22
Sistema,44952500.00000,2010-02-23
Sistema,44226500.00000,2010-02-24
Sistema,47596200.00000,2010-02-25
Sistema,57595500.00000,2010-02-26
Sistema,48765200.00000,2010-02-27
Sistema,48248500.00000,2010-02-28
Sistema,40017800.00000,2010-03-01
Sistema,48475200.00000,2010-03-02
Sistema,66027600.00000,2010-03-03
Sistema,57273800.00000,2010-03-04
Sistema,48339600.00000,2010-03-05
Sistema,50472700.00000,2010-03-06
Sistema,70579900.00000,2010-03-07
Sistema,72387600.00000,2010-03-08
Sistema,80283400.00000,2010-03-09
Sistema,59561500.00000,2010-03-10
Sistema,89582700.00000,2010-03-11
Sistema,53568400.00000,2010-03-12
Sistema,48370000.00000,2010-03-13
Sistema,47121200.00000,2010-03-14
Sistema,46493600.00000,2010-03-15
Sistema,46047300.00000,2010-03-16
Sistema,62859900.00000,2010-03-17
Sistema,61221300.00000,2010-03-18
Sistema,71749800.00000,2010-03-19
Sistema,52252400.00000,2010-03-20
Sistema,56321400.00000,2010-03-21
Sistema,48971400.00000,2010-03-22
Sistema,46231700.00000,2010-03-23
Sistema,36673500.00000,2010-03-24
Sistema,37353000.00000,2010-03-25
Sistema,50422800.00000,2010-03-26
Sistema,47516100.00000,2010-03-27
Sistema,42027700.00000,2010-03-28
Sistema,44650100.00000,2010-03-29
Sistema,121381500.00000,2010-03-30
Sistema,94225400.00000,2010-03-31
Sistema,67559800.00000,2010-04-01
Sistema,59437400.00000,2010-04-02
Sistema,76933800.00000,2010-04-03
Sistema,83419400.00000,2010-04-04
Sistema,74895100.00000,2010-04-05
Sistema,107021800.00000,2010-04-06
Sistema,145150200.00000,2010-04-07
Sistema,109767900.00000,2010-04-08
Sistema,121148000.00000,2010-04-09
Sistema,124110500.00000,2010-04-10
Sistema,161754200.00000,2010-04-11
Sistema,147601200.00000,2010-04-12
Sistema,141464500.00000,2010-04-13
Sistema,197027800.00000,2010-04-14
Sistema,139994900.00000,2010-04-15
Sistema,132758700.00000,2010-04-16
Sistema,105984700.00000,2010-04-17
Sistema,98714700.00000,2010-04-18
Sistema,154935100.00000,2010-04-19
Sistema,116497700.00000,2010-04-20
Sistema,103900100.00000,2010-04-21
Sistema,75254100.00000,2010-04-22
Sistema,82230500.00000,2010-04-23
Sistema,83342000.00000,2010-04-24
Sistema,89103300.00000,2010-04-25
Sistema,139824800.00000,2010-04-26
Sistema,138149900.00000,2010-04-27
Sistema,145393900.00000,2010-04-28
Sistema,145369600.00000,2010-04-29
Sistema,120754500.00000,2010-04-30
Sistema,101559500.00000,2010-05-01
Sistema,105467600.00000,2010-05-02
Sistema,147309300.00000,2010-05-03
Sistema,149693800.00000,2010-05-04
Sistema,155382600.00000,2010-05-05
Sistema,177550300.00000,2010-05-06
Sistema,133046100.00000,2010-05-07
Sistema,149329000.00000,2010-05-08
Sistema,124581600.00000,2010-05-09
Sistema,116585600.00000,2010-05-10
Sistema,174631800.00000,2010-05-11
Sistema,149457600.00000,2010-05-12
Sistema,116946500.00000,2010-05-13
Sistema,139673300.00000,2010-05-14
Sistema,114447000.00000,2010-05-15
Sistema,143425700.00000,2010-05-16
Sistema,109443500.00000,2010-05-17
Sistema,101644600.00000,2010-05-18
Sistema,130305700.00000,2010-05-19
Sistema,190319400.00000,2010-05-20
Sistema,160977200.00000,2010-05-21
Sistema,143309200.00000,2010-05-22
Sistema,173911900.00000,2010-05-23
Sistema,154859900.00000,2010-05-24
Sistema,177427600.00000,2010-05-25
Sistema,161181700.00000,2010-05-26
Sistema,254144400.00000,2010-05-27
Sistema,184376300.00000,2010-05-28
Sistema,175418400.00000,2010-05-29
Sistema,174147900.00000,2010-05-30
Sistema,303375200.00000,2010-05-31
Sistema,209098700.00000,2010-06-01
Sistema,208927700.00000,2010-06-02
Sistema,300319200.00000,2010-06-03
Sistema,210578700.00000,2010-06-04
Sistema,157824200.00000,2010-06-05
Sistema,161033500.00000,2010-06-06
Sistema,134484000.00000,2010-06-07
Sistema,139519100.00000,2010-06-08
Sistema,173621800.00000,2010-06-09
Sistema,146734400.00000,2010-06-10
Sistema,163240400.00000,2010-06-11
Sistema,126887100.00000,2010-06-12
Sistema,164700100.00000,2010-06-13
Sistema,200111200.00000,2010-06-14
Sistema,142302600.00000,2010-06-15
Sistema,191739000.00000,2010-06-16
Sistema,170639300.00000,2010-06-17
Sistema,170883200.00000,2010-06-18
Sistema,172010800.00000,2010-06-19
Sistema,260809700.00000,2010-06-20
Sistema,215951200.00000,2010-06-21
Sistema,167894300.00000,2010-06-22
Sistema,145695800.00000,2010-06-23
Sistema,184290500.00000,2010-06-24
Sistema,179247500.00000,2010-06-25
Sistema,164851900.00000,2010-06-26
Sistema,158444600.00000,2010-06-27
Sistema,195026900.00000,2010-06-28
Sistema,245192400.00000,2010-06-29
Sistema,164404200.00000,2010-06-30
Sistema,145419600.00000,2010-07-01
Sistema,160066300.00000,2010-07-02
Sistema,166921300.00000,2010-07-03
Sistema,194630600.00000,2010-07-04
Sistema,185113900.00000,2010-07-05
Sistema,192504200.00000,2010-07-06
Sistema,240590400.00000,2010-07-07
Sistema,194214700.00000,2010-07-08
Sistema,211856400.00000,2010-07-09
Sistema,231252000.00000,2010-07-10
Sistema,286666400.00000,2010-07-11
Sistema,185146400.00000,2010-07-12
Sistema,179379800.00000,2010-07-13
Sistema,200877900.00000,2010-07-14
Sistema,226849600.00000,2010-07-15
Sistema,285440500.00000,2010-07-16
Sistema,329154300.00000,2010-07-17
Sistema,274715000.00000,2010-07-18
Sistema,230873300.00000,2010-07-19
Sistema,256484800.00000,2010-07-20
Sistema,234269900.00000,2010-07-21
Sistema,172731200.00000,2010-07-22
Sistema,183358700.00000,2010-07-23
Sistema,178282600.00000,2010-07-24
Sistema,160813200.00000,2010-07-25
Sistema,257197700.00000,2010-07-26
Sistema,260796800.00000,2010-07-27
Sistema,213958000.00000,2010-07-28
Sistema,189543800.00000,2010-07-29
Sistema,174297000.00000,2010-07-30
Sistema,213433400.00000,2010-07-31
Sistema,247461700.00000,2010-08-01
Sistema,187954100.00000,2010-08-02
Sistema,193769500.00000,2010-08-03
Sistema,191863500.00000,2010-08-04
Sistema,151075900.00000,2010-08-05
Sistema,140977600.00000,2010-08-06
Sistema,125269100.00000,2010-08-07
Sistema,127456600.00000,2010-08-08
Sistema,172718300.00000,2010-08-09
Sistema,115962400.00000,2010-08-10
Sistema,104355600.00000,2010-08-11
Sistema,105516000.00000,2010-08-12
Sistema,135828000.00000,2010-08-13
Sistema,179229300.00000,2010-08-14
Sistema,149333100.00000,2010-08-15
Sistema,139918400.00000,2010-08-16
Sistema,134121500.00000,2010-08-17
Sistema,155785200.00000,2010-08-18
Sistema,121218000.00000,2010-08-19
Sistema,138423700.00000,2010-08-20
Sistema,101698200.00000,2010-08-21
Sistema,92823000.00000,2010-08-22
Sistema,93907200.00000,2010-08-23
Sistema,141206400.00000,2010-08-24
Sistema,170335900.00000,2010-08-25
Sistema,135597500.00000,2010-08-26
Sistema,148972300.00000,2010-08-27
Sistema,272264400.00000,2010-08-28
Sistema,224927100.00000,2010-08-29
Sistema,153360700.00000,2010-08-30
Sistema,143206600.00000,2010-08-31
Sistema,138963000.00000,2010-09-01
Sistema,200853300.00000,2010-09-02
Sistema,225872300.00000,2010-09-03
Sistema,179542200.00000,2010-09-04
Sistema,171876100.00000,2010-09-05
Sistema,166682700.00000,2010-09-06
Sistema,264365600.00000,2010-09-07
Sistema,191905700.00000,2010-09-08
Sistema,166932600.00000,2010-09-09
Sistema,135303200.00000,2010-09-10
Sistema,150576300.00000,2010-09-11
Sistema,166047500.00000,2010-09-12
Sistema,148471600.00000,2010-09-13
Sistema,138270400.00000,2010-09-14
Sistema,130920300.00000,2010-09-15
Sistema,123375800.00000,2010-09-16
Sistema,130021800.00000,2010-09-17
Sistema,129496200.00000,2010-09-18
Sistema,118311200.00000,2010-09-19
Sistema,163762200.00000,2010-09-20
Sistema,171081700.00000,2010-09-21
Sistema,147549500.00000,2010-09-22
Sistema,157212100.00000,2010-09-23
Sistema,136206500.00000,2010-09-24
Sistema,151072100.00000,2010-09-25
Sistema,179235300.00000,2010-09-26
Sistema,260841600.00000,2010-09-27
Sistema,163930400.00000,2010-09-28
Sistema,165860900.00000,2010-09-29
Sistema,161252300.00000,2010-09-30
Sistema,134779800.00000,2010-10-01
Sistema,150608500.00000,2010-10-02
Sistema,148982800.00000,2010-10-03
Sistema,244500100.00000,2010-10-04
Sistema,247337800.00000,2010-10-05
Sistema,235219800.00000,2010-10-06
Sistema,199517800.00000,2010-10-07
Sistema,268199400.00000,2010-10-08
Sistema,174927600.00000,2010-10-09
Sistema,147907700.00000,2010-10-10
Sistema,140053500.00000,2010-10-11
Sistema,124077000.00000,2010-10-12
Sistema,113862700.00000,2010-10-13
Sistema,125378400.00000,2010-10-14
Sistema,133365600.00000,2010-10-15
Sistema,153535400.00000,2010-10-16
Sistema,133805900.00000,2010-10-17
Sistema,136255500.00000,2010-10-18
Sistema,166650200.00000,2010-10-19
Sistema,149194000.00000,2010-10-20
Sistema,131952000.00000,2010-10-21
Sistema,143027400.00000,2010-10-22
Sistema,175130800.00000,2010-10-23
Sistema,147733600.00000,2010-10-24
Sistema,131578500.00000,2010-10-25
Sistema,124354800.00000,2010-10-26
Sistema,128552200.00000,2010-10-27
Sistema,143400600.00000,2010-10-28
Sistema,179846800.00000,2010-10-29
Sistema,184312100.00000,2010-10-30
Sistema,199196800.00000,2010-10-31
Sistema,209744800.00000,2010-11-01
Sistema,249172700.00000,2010-11-02
Sistema,210786500.00000,2010-11-03
Sistema,164179800.00000,2010-11-04
Sistema,162088900.00000,2010-11-05
Sistema,217453600.00000,2010-11-06
Sistema,230762000.00000,2010-11-07
Sistema,271039900.00000,2010-11-08
Sistema,240831700.00000,2010-11-09
Sistema,307674700.00000,2010-11-10
Sistema,262106700.00000,2010-11-11
Sistema,261760000.00000,2010-11-12
Sistema,288554400.00000,2010-11-13
Sistema,325664500.00000,2010-11-14
Sistema,314210200.00000,2010-11-15
Sistema,313492000.00000,2010-11-16
Sistema,369563200.00000,2010-11-17
Sistema,255188900.00000,2010-11-18
Sistema,235226600.00000,2010-11-19
Sistema,243137100.00000,2010-11-20
Sistema,224581100.00000,2010-11-21
Sistema,210837900.00000,2010-11-22
Sistema,211061900.00000,2010-11-23
Sistema,265808000.00000,2010-11-24
Sistema,219902200.00000,2010-11-25
Sistema,202510600.00000,2010-11-26
Sistema,227826800.00000,2010-11-27
Sistema,249023300.00000,2010-11-28
Sistema,262528500.00000,2010-11-29
Sistema,236195900.00000,2010-11-30
Sistema,225677600.00000,2010-12-01
Sistema,288960600.00000,2010-12-02
Sistema,289254200.00000,2010-12-03
Sistema,297713000.00000,2010-12-04
Sistema,231484300.00000,2010-12-05
Sistema,197063400.00000,2010-12-06
Sistema,207093200.00000,2010-12-07
Sistema,257635700.00000,2010-12-08
Sistema,248747200.00000,2010-12-09
Sistema,235773900.00000,2010-12-10
Sistema,185583600.00000,2010-12-11
Sistema,159832900.00000,2010-12-12
Sistema,182631600.00000,2010-12-13
Sistema,184034900.00000,2010-12-14
Sistema,211844900.00000,2010-12-15
Sistema,187681800.00000,2010-12-16
Sistema,163817100.00000,2010-12-17
Sistema,162944500.00000,2010-12-18
Sistema,159405000.00000,2010-12-19
Sistema,157769500.00000,2010-12-20
Sistema,132282000.00000,2010-12-21
Sistema,124890600.00000,2010-12-22
Sistema,127858400.00000,2010-12-23
Sistema,135659900.00000,2010-12-24
Sistema,126878200.00000,2010-12-25
Sistema,245341500.00000,2010-12-26
Sistema,159361500.00000,2010-12-27
Sistema,131048900.00000,2010-12-28
Sistema,116609200.00000,2010-12-29
Sistema,112859600.00000,2010-12-30
Sistema,95050500.00000,2010-12-31
Sistema,104596800.00000,2011-01-01
Sistema,106861600.00000,2011-01-02
Sistema,105245700.00000,2011-01-03
Sistema,144518500.00000,2011-01-04
Sistema,157489600.00000,2011-01-05
Sistema,124619000.00000,2011-01-06
Sistema,136840400.00000,2011-01-07
Sistema,132770000.00000,2011-01-08
Sistema,156838800.00000,2011-01-09
Sistema,129095700.00000,2011-01-10
Sistema,113014100.00000,2011-01-11
Sistema,102323500.00000,2011-01-12
Sistema,101246800.00000,2011-01-13
Sistema,92691400.00000,2011-01-14
Sistema,100576200.00000,2011-01-15
Sistema,121981700.00000,2011-01-16
Sistema,96955900.00000,2011-01-17
Sistema,89703600.00000,2011-01-18
Sistema,85654400.00000,2011-01-19
Sistema,80894300.00000,2011-01-20
Sistema,77292500.00000,2011-01-21
Sistema,70565700.00000,2011-01-22
Sistema,71362000.00000,2011-01-23
Sistema,73267800.00000,2011-01-24
Sistema,68661600.00000,2011-01-25
Sistema,89536100.00000,2011-01-26
Sistema,102560000.00000,2011-01-27
Sistema,95150100.00000,2011-01-28
Sistema,85726100.00000,2011-01-29
Sistema,76218500.00000,2011-01-30
Sistema,95121800.00000,2011-01-31
Sistema,74728900.00000,2011-02-01
Sistema,70736000.00000,2011-02-02
Sistema,72301800.00000,2011-02-03
Sistema,69394100.00000,2011-02-04
Sistema,66812500.00000,2011-02-05
Sistema,84476700.00000,2011-02-06
Sistema,118322800.00000,2011-02-07
Sistema,94012100.00000,2011-02-08
Sistema,95509500.00000,2011-02-09
Sistema,108770000.00000,2011-02-10
Sistema,111236800.00000,2011-02-11
Sistema,106068900.00000,2011-02-12
Sistema,117947800.00000,2011-02-13
Sistema,119398100.00000,2011-02-14
Sistema,99256000.00000,2011-02-15
Sistema,118320300.00000,2011-02-16
Sistema,135258500.00000,2011-02-17
Sistema,120716800.00000,2011-02-18
Sistema,114677400.00000,2011-02-19
Sistema,95938800.00000,2011-02-20
Sistema,84601700.00000,2011-02-21
Sistema,84079500.00000,2011-02-22
Sistema,106326600.00000,2011-02-23
Sistema,112941800.00000,2011-02-24
Sistema,112346000.00000,2011-02-25
Sistema,108998000.00000,2011-02-26
Sistema,100775900.00000,2011-02-27
Sistema,101960000.00000,2011-02-28
Sistema,147549300.00000,2011-03-01
Sistema,181265200.00000,2011-03-02
Sistema,175840900.00000,2011-03-03
Sistema,178101000.00000,2011-03-04
Sistema,171163600.00000,2011-03-05
Sistema,162443900.00000,2011-03-06
Sistema,170535400.00000,2011-03-07
Sistema,150871700.00000,2011-03-08
Sistema,237943800.00000,2011-03-09
Sistema,251684500.00000,2011-03-10
Sistema,161067400.00000,2011-03-11
Sistema,138377300.00000,2011-03-12
Sistema,117457000.00000,2011-03-13
Sistema,111047400.00000,2011-03-14
Sistema,98403200.00000,2011-03-15
Sistema,94984300.00000,2011-03-16
Sistema,101544400.00000,2011-03-17
Sistema,149250100.00000,2011-03-18
Sistema,165284300.00000,2011-03-19
Sistema,236238300.00000,2011-03-20
Sistema,216971000.00000,2011-03-21
Sistema,209752700.00000,2011-03-22
Sistema,284227600.00000,2011-03-23
Sistema,249119900.00000,2011-03-24
Sistema,318911000.00000,2011-03-25
Sistema,293247000.00000,2011-03-26
Sistema,177846400.00000,2011-03-27
Sistema,169727800.00000,2011-03-28
Sistema,151652300.00000,2011-03-29
Sistema,138871500.00000,2011-03-30
Sistema,124423600.00000,2011-03-31
Sistema,115184500.00000,2011-04-01
Sistema,124526500.00000,2011-04-02
Sistema,111120300.00000,2011-04-03
Sistema,116240000.00000,2011-04-04
Sistema,128825500.00000,2011-04-05
Sistema,180343200.00000,2011-04-06
Sistema,158923900.00000,2011-04-07
Sistema,167817500.00000,2011-04-08
Sistema,185531100.00000,2011-04-09
Sistema,295892700.00000,2011-04-10
Sistema,256545300.00000,2011-04-11
Sistema,374940400.00000,2011-04-12
Sistema,385627900.00000,2011-04-13
Sistema,313821800.00000,2011-04-14
Sistema,414910700.00000,2011-04-15
Sistema,425822800.00000,2011-04-16
Sistema,460315100.00000,2011-04-17
Sistema,376759300.00000,2011-04-18
Sistema,455758000.00000,2011-04-19
Sistema,479942900.00000,2011-04-20
Sistema,501525500.00000,2011-04-21
Sistema,538753100.00000,2011-04-22
Sistema,591245300.00000,2011-04-23
Sistema,445144300.00000,2011-04-24
Sistema,407778200.00000,2011-04-25
Sistema,374309900.00000,2011-04-26
Sistema,386359500.00000,2011-04-27
Sistema,406474200.00000,2011-04-28
Sistema,311739000.00000,2011-04-29
Sistema,296890900.00000,2011-04-30
Sistema,350200400.00000,2011-05-01
Sistema,333059200.00000,2011-05-02
Sistema,419134400.00000,2011-05-03
Sistema,326491300.00000,2011-05-04
Sistema,270704600.00000,2011-05-05
Sistema,242393800.00000,2011-05-06
Sistema,288351400.00000,2011-05-07
Sistema,249430200.00000,2011-05-08
Sistema,230997900.00000,2011-05-09
Sistema,221984800.00000,2011-05-10
Sistema,224145500.00000,2011-05-11
Sistema,250215400.00000,2011-05-12
Sistema,318319300.00000,2011-05-13
Sistema,464266000.00000,2011-05-14
Sistema,303624900.00000,2011-05-15
Sistema,293535500.00000,2011-05-16
Sistema,272934700.00000,2011-05-17
Sistema,262815400.00000,2011-05-18
Sistema,244490600.00000,2011-05-19
Sistema,222010200.00000,2011-05-20
Sistema,266648200.00000,2011-05-21
Sistema,335713000.00000,2011-05-22
Sistema,241641400.00000,2011-05-23
Sistema,252001500.00000,2011-05-24
Sistema,297795800.00000,2011-05-25
Sistema,306464900.00000,2011-05-26
Sistema,274585700.00000,2011-05-27
Sistema,324341900.00000,2011-05-28
Sistema,295398900.00000,2011-05-29
Sistema,268433600.00000,2011-05-30
Sistema,260936200.00000,2011-05-31
Sistema,293980300.00000,2011-06-01
Sistema,385694700.00000,2011-06-02
Sistema,339061200.00000,2011-06-03
Sistema,366687200.00000,2011-06-04
Sistema,279902400.00000,2011-06-05
Sistema,262316600.00000,2011-06-06
Sistema,242960500.00000,2011-06-07
Sistema,202201100.00000,2011-06-08
Sistema,179418500.00000,2011-06-09
Sistema,175763000.00000,2011-06-10
Sistema,157822700.00000,2011-06-11
Sistema,155204200.00000,2011-06-12
Sistema,180610300.00000,2011-06-13
Sistema,212447500.00000,2011-06-14
Sistema,176127600.00000,2011-06-15
Sistema,165018700.00000,2011-06-16
Sistema,231913100.00000,2011-06-17
Sistema,219151900.00000,2011-06-18
Sistema,151016900.00000,2011-06-19
Sistema,161140700.00000,2011-06-20
Sistema,152723000.00000,2011-06-21
Sistema,176590700.00000,2011-06-22
Sistema,262706100.00000,2011-06-23
Sistema,230998300.00000,2011-06-24
Sistema,308965500.00000,2011-06-25
Sistema,266452600.00000,2011-06-26
Sistema,386723800.00000,2011-06-27
Sistema,198978700.00000,2011-06-28
Sistema,163357800.00000,2011-06-29
Sistema,187953700.00000,2011-06-30
Sistema,185155800.00000,2011-07-01
Sistema,154736300.00000,2011-07-02
Sistema,191235900.00000,2011-07-03
Sistema,169976800.00000,2011-07-04
Sistema,136419900.00000,2011-07-05
Sistema,191808100.00000,2011-07-06
Sistema,178179000.00000,2011-07-07
Sistema,133442200.00000,2011-07-08
Sistema,135075700.00000,2011-07-09
Sistema,133530800.00000,2011-07-10
Sistema,151468200.00000,2011-07-11
Sistema,169144600.00000,2011-07-12
Sistema,256197400.00000,2011-07-13
Sistema,304804600.00000,2011-07-14
Sistema,219059400.00000,2011-07-15
Sistema,198375000.00000,2011-07-16
Sistema,147387700.00000,2011-07-17
Sistema,251106200.00000,2011-07-18
Sistema,174872200.00000,2011-07-19
Sistema,173806100.00000,2011-07-20
Sistema,136688400.00000,2011-07-21
Sistema,144746400.00000,2011-07-22
Sistema,197516300.00000,2011-07-23
Sistema,162700100.00000,2011-07-24
Sistema,157019200.00000,2011-07-25
Sistema,144303900.00000,2011-07-26
Sistema,163278500.00000,2011-07-27
Sistema,194475300.00000,2011-07-28
Sistema,249696000.00000,2011-07-29
Sistema,245524200.00000,2011-07-30
Sistema,198164400.00000,2011-07-31
Sistema,174742000.00000,2011-08-01
Sistema,174481500.00000,2011-08-02
Sistema,174351500.00000,2011-08-03
Sistema,154038900.00000,2011-08-04
Sistema,130531700.00000,2011-08-05
Sistema,115764300.00000,2011-08-06
Sistema,136954500.00000,2011-08-07
Sistema,116213100.00000,2011-08-08
Sistema,117299100.00000,2011-08-09
Sistema,119700700.00000,2011-08-10
Sistema,153910700.00000,2011-08-11
Sistema,196891000.00000,2011-08-12
Sistema,151246700.00000,2011-08-13
Sistema,151795700.00000,2011-08-14
Sistema,169097800.00000,2011-08-15
Sistema,216812800.00000,2011-08-16
Sistema,194370600.00000,2011-08-17
Sistema,189517800.00000,2011-08-18
Sistema,237041600.00000,2011-08-19
Sistema,159472800.00000,2011-08-20
Sistema,143053200.00000,2011-08-21
Sistema,170599900.00000,2011-08-22
Sistema,205196700.00000,2011-08-23
Sistema,227103500.00000,2011-08-24
Sistema,151908500.00000,2011-08-25
Sistema,122512400.00000,2011-08-26
Sistema,125519600.00000,2011-08-27
Sistema,171620300.00000,2011-08-28
Sistema,128391400.00000,2011-08-29
Sistema,119716100.00000,2011-08-30
Sistema,109313500.00000,2011-08-31
Sistema,99410700.00000,2011-09-01
Sistema,94873900.00000,2011-09-02
Sistema,103734700.00000,2011-09-03
Sistema,107550400.00000,2011-09-04
Sistema,101335700.00000,2011-09-05
Sistema,122959700.00000,2011-09-06
Sistema,163225600.00000,2011-09-07
Sistema,147941600.00000,2011-09-08
Sistema,183853800.00000,2011-09-09
Sistema,141766800.00000,2011-09-10
Sistema,195992400.00000,2011-09-11
Sistema,286958900.00000,2011-09-12
Sistema,174913800.00000,2011-09-13
Sistema,150271000.00000,2011-09-14
Sistema,163322300.00000,2011-09-15
Sistema,154419500.00000,2011-09-16
Sistema,132959400.00000,2011-09-17
Sistema,220717100.00000,2011-09-18
Sistema,152559000.00000,2011-09-19
Sistema,238488400.00000,2011-09-20
Sistema,160759500.00000,2011-09-21
Sistema,133567300.00000,2011-09-22
Sistema,140329400.00000,2011-09-23
Sistema,124177600.00000,2011-09-24
Sistema,203015400.00000,2011-09-25
Sistema,217094500.00000,2011-09-26
Sistema,137386100.00000,2011-09-27
Sistema,137813500.00000,2011-09-28
Sistema,119097100.00000,2011-09-29
Sistema,128976700.00000,2011-09-30
Sistema,106680300.00000,2011-10-01
Sistema,106996000.00000,2011-10-02
Sistema,112261000.00000,2011-10-03
Sistema,158616100.00000,2011-10-04
Sistema,155087000.00000,2011-10-05
Sistema,144832500.00000,2011-10-06
Sistema,233563100.00000,2011-10-07
Sistema,175786600.00000,2011-10-08
Sistema,159260300.00000,2011-10-09
Sistema,211811200.00000,2011-10-10
Sistema,179534600.00000,2011-10-11
Sistema,209791900.00000,2011-10-12
Sistema,247917500.00000,2011-10-13
Sistema,227157700.00000,2011-10-14
Sistema,286110500.00000,2011-10-15
Sistema,272500600.00000,2011-10-16
Sistema,333990100.00000,2011-10-17
Sistema,287039300.00000,2011-10-18
Sistema,239471900.00000,2011-10-19
Sistema,245010300.00000,2011-10-20
Sistema,200035400.00000,2011-10-21
Sistema,222005800.00000,2011-10-22
Sistema,188231900.00000,2011-10-23
Sistema,231866500.00000,2011-10-24
Sistema,261215700.00000,2011-10-25
Sistema,208100100.00000,2011-10-26
Sistema,221307800.00000,2011-10-27
Sistema,255110100.00000,2011-10-28
Sistema,217620500.00000,2011-10-29
Sistema,257463700.00000,2011-10-30
Sistema,196454300.00000,2011-10-31
Sistema,150266100.00000,2011-11-01
Sistema,139466100.00000,2011-11-02
Sistema,144757800.00000,2011-11-03
Sistema,137385300.00000,2011-11-04
Sistema,173763500.00000,2011-11-05
Sistema,214984300.00000,2011-11-06
Sistema,175036400.00000,2011-11-07
Sistema,205145700.00000,2011-11-08
Sistema,207022600.00000,2011-11-09
Sistema,165441000.00000,2011-11-10
Sistema,190079700.00000,2011-11-11
Sistema,251889600.00000,2011-11-12
Sistema,230310500.00000,2011-11-13
Sistema,223581600.00000,2011-11-14
Sistema,261170600.00000,2011-11-15
Sistema,250781600.00000,2011-11-16
Sistema,325605600.00000,2011-11-17
Sistema,410669900.00000,2011-11-18
Sistema,364873200.00000,2011-11-19
Sistema,377126100.00000,2011-11-20
Sistema,342793400.00000,2011-11-21
Sistema,303750400.00000,2011-11-22
Sistema,304398400.00000,2011-11-23
Sistema,316016000.00000,2011-11-24
Sistema,261157200.00000,2011-11-25
Sistema,245993300.00000,2011-11-26
Sistema,265695700.00000,2011-11-27
Sistema,274933100.00000,2011-11-28
Sistema,350100700.00000,2011-11-29
Sistema,311130300.00000,2011-11-30
Sistema,305872800.00000,2011-12-01
Sistema,277081500.00000,2011-12-02
Sistema,267172900.00000,2011-12-03
Sistema,252054800.00000,2011-12-04
Sistema,322036200.00000,2011-12-05
Sistema,313289700.00000,2011-12-06
Sistema,350570100.00000,2011-12-07
Sistema,397120000.00000,2011-12-08
Sistema,270057200.00000,2011-12-09
Sistema,248039000.00000,2011-12-10
Sistema,243693600.00000,2011-12-11
Sistema,312908200.00000,2011-12-12
Sistema,288230500.00000,2011-12-13
Sistema,243219200.00000,2011-12-14
Sistema,299070700.00000,2011-12-15
Sistema,266956400.00000,2011-12-16
Sistema,249323900.00000,2011-12-17
Sistema,221774900.00000,2011-12-18
Sistema,237324800.00000,2011-12-19
Sistema,235769300.00000,2011-12-20
Sistema,168614200.00000,2011-12-21
Sistema,147285200.00000,2011-12-22
Sistema,137684600.00000,2011-12-23
Sistema,152967500.00000,2011-12-24
Sistema,141262600.00000,2011-12-25
Sistema,162291400.00000,2011-12-26
Sistema,166536800.00000,2011-12-27
Sistema,134495800.00000,2011-12-28
Sistema,191831300.00000,2011-12-29
Sistema,132673400.00000,2011-12-30
Sistema,127604400.00000,2011-12-31
Sistema,108042700.00000,2012-01-01
Sistema,109264400.00000,2012-01-02
Sistema,174760900.00000,2012-01-03
Sistema,142499900.00000,2012-01-04
Sistema,179569100.00000,2012-01-05
Sistema,161272400.00000,2012-01-06
Sistema,137063000.00000,2012-01-07
Sistema,120584600.00000,2012-01-08
Sistema,111341400.00000,2012-01-09
Sistema,107789900.00000,2012-01-10
Sistema,110041500.00000,2012-01-11
Sistema,97810500.00000,2012-01-12
Sistema,97113900.00000,2012-01-13
Sistema,143165100.00000,2012-01-14
Sistema,136531800.00000,2012-01-15
Sistema,106554800.00000,2012-01-16
Sistema,108005900.00000,2012-01-17
Sistema,167215700.00000,2012-01-18
Sistema,141091100.00000,2012-01-19
Sistema,130799100.00000,2012-01-20
Sistema,141831500.00000,2012-01-21
Sistema,157061700.00000,2012-01-22
Sistema,139456800.00000,2012-01-23
Sistema,136526700.00000,2012-01-24
Sistema,126647800.00000,2012-01-25
Sistema,119893500.00000,2012-01-26
Sistema,112594900.00000,2012-01-27
Sistema,103310800.00000,2012-01-28
Sistema,119169800.00000,2012-01-29
Sistema,128273700.00000,2012-01-30
Sistema,130429000.00000,2012-01-31
Sistema,101132500.00000,2012-02-01
Sistema,94353900.00000,2012-02-02
Sistema,79193300.00000,2012-02-03
Sistema,83905300.00000,2012-02-04
Sistema,92843600.00000,2012-02-05
Sistema,181087400.00000,2012-02-06
Sistema,136276400.00000,2012-02-07
Sistema,170751300.00000,2012-02-08
Sistema,124943400.00000,2012-02-09
Sistema,103065500.00000,2012-02-10
Sistema,100797800.00000,2012-02-11
Sistema,95060100.00000,2012-02-12
Sistema,82555000.00000,2012-02-13
Sistema,89463600.00000,2012-02-14
Sistema,83980100.00000,2012-02-15
Sistema,74392800.00000,2012-02-16
Sistema,73601800.00000,2012-02-17
Sistema,72777800.00000,2012-02-18
Sistema,64941500.00000,2012-02-19
Sistema,65883700.00000,2012-02-20
Sistema,63478800.00000,2012-02-21
Sistema,62000800.00000,2012-02-22
Sistema,58568100.00000,2012-02-23
Sistema,59902300.00000,2012-02-24
Sistema,69450900.00000,2012-02-25
Sistema,71778300.00000,2012-02-26
Sistema,72599900.00000,2012-02-27
Sistema,85199800.00000,2012-02-28
Sistema,81800300.00000,2012-02-29
Sistema,85996200.00000,2012-03-01
Sistema,70383400.00000,2012-03-02
Sistema,111029200.00000,2012-03-03
Sistema,136037200.00000,2012-03-04
Sistema,143828200.00000,2012-03-05
Sistema,89705200.00000,2012-03-06
Sistema,76605300.00000,2012-03-07
Sistema,71098400.00000,2012-03-08
Sistema,99936800.00000,2012-03-09
Sistema,95004600.00000,2012-03-10
Sistema,91855500.00000,2012-03-11
Sistema,126843300.00000,2012-03-12
Sistema,101740000.00000,2012-03-13
Sistema,81766800.00000,2012-03-14
Sistema,77877100.00000,2012-03-15
Sistema,88769900.00000,2012-03-16
Sistema,153772100.00000,2012-03-17
Sistema,109068300.00000,2012-03-18
Sistema,137890900.00000,2012-03-19
Sistema,141234300.00000,2012-03-20
Sistema,133300600.00000,2012-03-21
Sistema,187388100.00000,2012-03-22
Sistema,120752300.00000,2012-03-23
Sistema,160988800.00000,2012-03-24
Sistema,158330500.00000,2012-03-25
Sistema,167183800.00000,2012-03-26
Sistema,162742900.00000,2012-03-27
Sistema,156036800.00000,2012-03-28
Sistema,122451800.00000,2012-03-29
Sistema,205486900.00000,2012-03-30
Sistema,156569700.00000,2012-03-31
Sistema,129805100.00000,2012-04-01
Sistema,169693300.00000,2012-04-02
Sistema,183119500.00000,2012-04-03
Sistema,136570700.00000,2012-04-04
Sistema,130568100.00000,2012-04-05
Sistema,126299500.00000,2012-04-06
Sistema,250077500.00000,2012-04-07
Sistema,207730800.00000,2012-04-08
Sistema,194523500.00000,2012-04-09
Sistema,247069500.00000,2012-04-10
Sistema,333093000.00000,2012-04-11
Sistema,517632300.00000,2012-04-12
Sistema,347106800.00000,2012-04-13
Sistema,288330100.00000,2012-04-14
Sistema,269047800.00000,2012-04-15
Sistema,275769300.00000,2012-04-16
Sistema,244082200.00000,2012-04-17
Sistema,255631000.00000,2012-04-18
Sistema,303444500.00000,2012-04-19
Sistema,252274900.00000,2012-04-20
Sistema,292257200.00000,2012-04-21
Sistema,396714200.00000,2012-04-22
Sistema,252105800.00000,2012-04-23
Sistema,273472800.00000,2012-04-24
Sistema,244455700.00000,2012-04-25
Sistema,230005700.00000,2012-04-26
Sistema,222704300.00000,2012-04-27
Sistema,270542300.00000,2012-04-28
Sistema,209622600.00000,2012-04-29
Sistema,198442700.00000,2012-04-30
Sistema,493823300.00000,2012-05-01
Sistema,366513000.00000,2012-05-02
Sistema,303038700.00000,2012-05-03
Sistema,253536000.00000,2012-05-04
Sistema,241433300.00000,2012-05-05
Sistema,237151600.00000,2012-05-06
Sistema,278265100.00000,2012-05-07
Sistema,269634000.00000,2012-05-08
Sistema,281482600.00000,2012-05-09
Sistema,235138900.00000,2012-05-10
Sistema,241724000.00000,2012-05-11
Sistema,388008400.00000,2012-05-12
Sistema,282367300.00000,2012-05-13
Sistema,234603100.00000,2012-05-14
Sistema,176028800.00000,2012-05-15
Sistema,170656500.00000,2012-05-16
Sistema,157832600.00000,2012-05-17
Sistema,191446500.00000,2012-05-18
Sistema,239484200.00000,2012-05-19
Sistema,196336800.00000,2012-05-20
Sistema,255090000.00000,2012-05-21
Sistema,335508100.00000,2012-05-22
Sistema,297073600.00000,2012-05-23
Sistema,238047100.00000,2012-05-24
Sistema,215836400.00000,2012-05-25
Sistema,278002700.00000,2012-05-26
Sistema,172127500.00000,2012-05-27
Sistema,179533600.00000,2012-05-28
Sistema,159485600.00000,2012-05-29
Sistema,149675000.00000,2012-05-30
Sistema,135685200.00000,2012-05-31
Sistema,203347500.00000,2012-06-01
Sistema,216237300.00000,2012-06-02
Sistema,178986800.00000,2012-06-03
Sistema,136241100.00000,2012-06-04
Sistema,131390900.00000,2012-06-05
Sistema,119287500.00000,2012-06-06
Sistema,182170100.00000,2012-06-07
Sistema,182679400.00000,2012-06-08
Sistema,139678000.00000,2012-06-09
Sistema,190228800.00000,2012-06-10
Sistema,228414800.00000,2012-06-11
Sistema,233707400.00000,2012-06-12
Sistema,230759000.00000,2012-06-13
Sistema,195019500.00000,2012-06-14
Sistema,192950000.00000,2012-06-15
Sistema,234041100.00000,2012-06-16
Sistema,156293500.00000,2012-06-17
Sistema,147981400.00000,2012-06-18
Sistema,122012300.00000,2012-06-19
Sistema,117720200.00000,2012-06-20
Sistema,163490800.00000,2012-06-21
Sistema,108840000.00000,2012-06-22
Sistema,97607000.00000,2012-06-23
Sistema,98978100.00000,2012-06-24
Sistema,120920700.00000,2012-06-25
Sistema,141042000.00000,2012-06-26
Sistema,157888500.00000,2012-06-27
Sistema,164857000.00000,2012-06-28
Sistema,137958100.00000,2012-06-29
Sistema,191842900.00000,2012-06-30
Sistema,225362000.00000,2012-07-01
Sistema,150618200.00000,2012-07-02
Sistema,162165600.00000,2012-07-03
Sistema,171056100.00000,2012-07-04
Sistema,164933800.00000,2012-07-05
Sistema,185875600.00000,2012-07-06
Sistema,157701900.00000,2012-07-07
Sistema,117847100.00000,2012-07-08
Sistema,115895400.00000,2012-07-09
Sistema,142991200.00000,2012-07-10
Sistema,171130300.00000,2012-07-11
Sistema,206509200.00000,2012-07-12
Sistema,159275100.00000,2012-07-13
Sistema,203663200.00000,2012-07-14
Sistema,273469600.00000,2012-07-15
Sistema,172327200.00000,2012-07-16
Sistema,136939300.00000,2012-07-17
Sistema,144287800.00000,2012-07-18
Sistema,162168200.00000,2012-07-19
Sistema,133453500.00000,2012-07-20
Sistema,110247300.00000,2012-07-21
Sistema,137048700.00000,2012-07-22
Sistema,200737100.00000,2012-07-23
Sistema,221837800.00000,2012-07-24
Sistema,163263500.00000,2012-07-25
Sistema,221985700.00000,2012-07-26
Sistema,218549600.00000,2012-07-27
Sistema,259354800.00000,2012-07-28
Sistema,226648500.00000,2012-07-29
Sistema,360709900.00000,2012-07-30
Sistema,256313200.00000,2012-07-31
Sistema,256830300.00000,2012-08-01
Sistema,194137700.00000,2012-08-02
Sistema,155118900.00000,2012-08-03
Sistema,183108600.00000,2012-08-04
Sistema,185969200.00000,2012-08-05
Sistema,163052300.00000,2012-08-06
Sistema,131157200.00000,2012-08-07
Sistema,173131200.00000,2012-08-08
Sistema,183343500.00000,2012-08-09
Sistema,161412500.00000,2012-08-10
Sistema,143134600.00000,2012-08-11
Sistema,135227100.00000,2012-08-12
Sistema,185946800.00000,2012-08-13
Sistema,186905800.00000,2012-08-14
Sistema,194965900.00000,2012-08-15
Sistema,141063700.00000,2012-08-16
Sistema,239951400.00000,2012-08-17
Sistema,175520200.00000,2012-08-18
Sistema,185039600.00000,2012-08-19
Sistema,222618500.00000,2012-08-20
Sistema,139657200.00000,2012-08-21
Sistema,150480900.00000,2012-08-22
Sistema,212065700.00000,2012-08-23
Sistema,153040900.00000,2012-08-24
Sistema,161077700.00000,2012-08-25
Sistema,277058700.00000,2012-08-26
Sistema,170212900.00000,2012-08-27
Sistema,137313400.00000,2012-08-28
Sistema,192033100.00000,2012-08-29
Sistema,158847200.00000,2012-08-30
Sistema,146297000.00000,2012-08-31
Sistema,136246900.00000,2012-09-01
Sistema,109425200.00000,2012-09-02
Sistema,146170200.00000,2012-09-03
Sistema,126105500.00000,2012-09-04
Sistema,151042800.00000,2012-09-05
Sistema,121496500.00000,2012-09-06
Sistema,101914400.00000,2012-09-07
Sistema,113574000.00000,2012-09-08
Sistema,119575900.00000,2012-09-09
Sistema,133600700.00000,2012-09-10
Sistema,134232000.00000,2012-09-11
Sistema,117321600.00000,2012-09-12
Sistema,122150400.00000,2012-09-13
Sistema,103228200.00000,2012-09-14
Sistema,112082900.00000,2012-09-15
Sistema,94164800.00000,2012-09-16
Sistema,106934300.00000,2012-09-17
Sistema,115414600.00000,2012-09-18
Sistema,109204300.00000,2012-09-19
Sistema,109513900.00000,2012-09-20
Sistema,116898800.00000,2012-09-21
Sistema,136321000.00000,2012-09-22
Sistema,97782700.00000,2012-09-23
Sistema,90092200.00000,2012-09-24
Sistema,94250900.00000,2012-09-25
Sistema,79096500.00000,2012-09-26
Sistema,87595100.00000,2012-09-27
Sistema,75189800.00000,2012-09-28
Sistema,85749100.00000,2012-09-29
Sistema,94726200.00000,2012-09-30
Sistema,90150600.00000,2012-10-01
Sistema,115976500.00000,2012-10-02
Sistema,85608100.00000,2012-10-03
Sistema,124853400.00000,2012-10-04
Sistema,128563800.00000,2012-10-05
Sistema,142871700.00000,2012-10-06
Sistema,158978800.00000,2012-10-07
Sistema,115410700.00000,2012-10-08
Sistema,93993900.00000,2012-10-09
Sistema,97783600.00000,2012-10-10
Sistema,81495300.00000,2012-10-11
Sistema,105146600.00000,2012-10-12
Sistema,154980600.00000,2012-10-13
Sistema,137712800.00000,2012-10-14
Sistema,159414300.00000,2012-10-15
Sistema,173724500.00000,2012-10-16
Sistema,148186400.00000,2012-10-17
Sistema,232560200.00000,2012-10-18
Sistema,199561100.00000,2012-10-19
Sistema,232783700.00000,2012-10-20
Sistema,220926500.00000,2012-10-21
Sistema,211700200.00000,2012-10-22
Sistema,146427200.00000,2012-10-23
Sistema,165870400.00000,2012-10-24
Sistema,221560200.00000,2012-10-25
Sistema,138948000.00000,2012-10-26
Sistema,125526600.00000,2012-10-27
Sistema,104965100.00000,2012-10-28
Sistema,118771600.00000,2012-10-29
Sistema,158182700.00000,2012-10-30
Sistema,154843800.00000,2012-10-31
Sistema,182468900.00000,2012-11-01
Sistema,113942800.00000,2012-11-02
Sistema,128560600.00000,2012-11-03
Sistema,113254600.00000,2012-11-04
Sistema,144757200.00000,2012-11-05
Sistema,113118100.00000,2012-11-06
Sistema,107466700.00000,2012-11-07
Sistema,104596000.00000,2012-11-08
Sistema,99604100.00000,2012-11-09
Sistema,128496800.00000,2012-11-10
Sistema,98693600.00000,2012-11-11
Sistema,92829400.00000,2012-11-12
Sistema,99214900.00000,2012-11-13
Sistema,146558900.00000,2012-11-14
Sistema,164324300.00000,2012-11-15
Sistema,240626600.00000,2012-11-16
Sistema,224264600.00000,2012-11-17
Sistema,242931600.00000,2012-11-18
Sistema,156116500.00000,2012-11-19
Sistema,118792300.00000,2012-11-20
Sistema,116542100.00000,2012-11-21
Sistema,130975000.00000,2012-11-22
Sistema,110299800.00000,2012-11-23
Sistema,100149100.00000,2012-11-24
Sistema,91942500.00000,2012-11-25
Sistema,113799300.00000,2012-11-26
Sistema,114275600.00000,2012-11-27
Sistema,92861600.00000,2012-11-28
Sistema,101829300.00000,2012-11-29
Sistema,124544400.00000,2012-11-30
Sistema,127672600.00000,2012-12-01
Sistema,116565100.00000,2012-12-02
Sistema,122686400.00000,2012-12-03
Sistema,109250000.00000,2012-12-04
Sistema,118117600.00000,2012-12-05
Sistema,116034700.00000,2012-12-06
Sistema,98351700.00000,2012-12-07
Sistema,90802800.00000,2012-12-08
Sistema,82509200.00000,2012-12-09
Sistema,85006600.00000,2012-12-10
Sistema,77826100.00000,2012-12-11
Sistema,79902700.00000,2012-12-12
Sistema,89864600.00000,2012-12-13
Sistema,90849800.00000,2012-12-14
Sistema,88301100.00000,2012-12-15
Sistema,87919800.00000,2012-12-16
Sistema,87067900.00000,2012-12-17
Sistema,89312100.00000,2012-12-18
Sistema,90741800.00000,2012-12-19
Sistema,105892600.00000,2012-12-20
Sistema,98529300.00000,2012-12-21
Sistema,104570700.00000,2012-12-22
Sistema,137584900.00000,2012-12-23
Sistema,90966700.00000,2012-12-24
Sistema,86908600.00000,2012-12-25
Sistema,106222500.00000,2012-12-26
Sistema,97885500.00000,2012-12-27
Sistema,81750400.00000,2012-12-28
Sistema,71543800.00000,2012-12-29
Sistema,66456800.00000,2012-12-30
Sistema,60619700.00000,2012-12-31
Sistema,64981500.00000,2013-01-01
Sistema,69612400.00000,2013-01-02
Sistema,63955500.00000,2013-01-03
Sistema,56189600.00000,2013-01-04
Sistema,57780600.00000,2013-01-05
Sistema,58862700.00000,2013-01-06
Sistema,51303300.00000,2013-01-07
Sistema,46439200.00000,2013-01-08
Sistema,44430300.00000,2013-01-09
Sistema,49541500.00000,2013-01-10
Sistema,50423500.00000,2013-01-11
Sistema,49584000.00000,2013-01-12
Sistema,50434000.00000,2013-01-13
Sistema,63631300.00000,2013-01-14
Sistema,58503800.00000,2013-01-15
Sistema,62942300.00000,2013-01-16
Sistema,67561900.00000,2013-01-17
Sistema,62179100.00000,2013-01-18
Sistema,55944300.00000,2013-01-19
Sistema,54348000.00000,2013-01-20
Sistema,56556500.00000,2013-01-21
Sistema,59661000.00000,2013-01-22
Sistema,61387900.00000,2013-01-23
Sistema,59527800.00000,2013-01-24
Sistema,53829000.00000,2013-01-25
Sistema,63564700.00000,2013-01-26
Sistema,52968300.00000,2013-01-27
Sistema,49967400.00000,2013-01-28
Sistema,52890200.00000,2013-01-29
Sistema,49391600.00000,2013-01-30
Sistema,59295000.00000,2013-01-31
Sistema,54685700.00000,2013-02-01
Sistema,52831400.00000,2013-02-02
Sistema,62402000.00000,2013-02-03
Sistema,80293800.00000,2013-02-04
Sistema,80917200.00000,2013-02-05
Sistema,78357100.00000,2013-02-06
Sistema,70820200.00000,2013-02-07
Sistema,79222200.00000,2013-02-08
Sistema,112982200.00000,2013-02-09
Sistema,113988200.00000,2013-02-10
Sistema,115274500.00000,2013-02-11
Sistema,103952300.00000,2013-02-12
Sistema,78069700.00000,2013-02-13
Sistema,94160800.00000,2013-02-14
Sistema,76513100.00000,2013-02-15
Sistema,65212700.00000,2013-02-16
Sistema,86171200.00000,2013-02-17
Sistema,75890500.00000,2013-02-18
Sistema,70278600.00000,2013-02-19
Sistema,73483400.00000,2013-02-20
Sistema,72144600.00000,2013-02-21
Sistema,97843700.00000,2013-02-22
Sistema,58461100.00000,2013-02-23
Sistema,112103900.00000,2013-02-24
Sistema,71095700.00000,2013-02-25
Sistema,74801200.00000,2013-02-26
Sistema,84806400.00000,2013-02-27
Sistema,87868500.00000,2013-02-28
Sistema,124454700.00000,2013-03-01
Sistema,73544700.00000,2013-03-02
Sistema,84621900.00000,2013-03-03
Sistema,81752100.00000,2013-03-04
Sistema,75281900.00000,2013-03-05
Sistema,74481200.00000,2013-03-06
Sistema,70824400.00000,2013-03-07
Sistema,61004500.00000,2013-03-08
Sistema,59246900.00000,2013-03-09
Sistema,72648500.00000,2013-03-10
Sistema,66600400.00000,2013-03-11
Sistema,83648500.00000,2013-03-12
Sistema,101692400.00000,2013-03-13
Sistema,89371100.00000,2013-03-14
Sistema,160895900.00000,2013-03-15
Sistema,108797700.00000,2013-03-16
Sistema,158305100.00000,2013-03-17
Sistema,175814200.00000,2013-03-18
Sistema,146071500.00000,2013-03-19
Sistema,107393000.00000,2013-03-20
Sistema,139430700.00000,2013-03-21
Sistema,145514200.00000,2013-03-22
Sistema,105954900.00000,2013-03-23
Sistema,89292500.00000,2013-03-24
Sistema,94757900.00000,2013-03-25
Sistema,73665000.00000,2013-03-26
Sistema,70591100.00000,2013-03-27
Sistema,72607400.00000,2013-03-28
Sistema,79215300.00000,2013-03-29
Sistema,90734200.00000,2013-03-30
Sistema,80483400.00000,2013-03-31
Sistema,72005400.00000,2013-04-01
Sistema,75691900.00000,2013-04-02
Sistema,63653600.00000,2013-04-03
Sistema,55368000.00000,2013-04-04
Sistema,54329300.00000,2013-04-05
Sistema,58398900.00000,2013-04-06
Sistema,56840800.00000,2013-04-07
Sistema,59847700.00000,2013-04-08
Sistema,55767800.00000,2013-04-09
Sistema,67709800.00000,2013-04-10
Sistema,57083700.00000,2013-04-11
Sistema,69551600.00000,2013-04-12
Sistema,75783300.00000,2013-04-13
Sistema,78774900.00000,2013-04-14
Sistema,120409700.00000,2013-04-15
Sistema,102298100.00000,2013-04-16
Sistema,90788300.00000,2013-04-17
Sistema,113103500.00000,2013-04-18
Sistema,180479900.00000,2013-04-19
Sistema,170258200.00000,2013-04-20
Sistema,159787100.00000,2013-04-21
Sistema,144722300.00000,2013-04-22
Sistema,151735600.00000,2013-04-23
Sistema,120171300.00000,2013-04-24
Sistema,115144100.00000,2013-04-25
Sistema,127671600.00000,2013-04-26
Sistema,153888700.00000,2013-04-27
Sistema,126633900.00000,2013-04-28
Sistema,170689300.00000,2013-04-29
Sistema,139930400.00000,2013-04-30
Sistema,136055000.00000,2013-05-01
Sistema,146386500.00000,2013-05-02
Sistema,161741700.00000,2013-05-03
Sistema,152688400.00000,2013-05-04
Sistema,214848400.00000,2013-05-05
Sistema,171489100.00000,2013-05-06
Sistema,221029000.00000,2013-05-07
Sistema,191502900.00000,2013-05-08
Sistema,190001300.00000,2013-05-09
Sistema,214489200.00000,2013-05-10
Sistema,157068000.00000,2013-05-11
Sistema,140954200.00000,2013-05-12
Sistema,129915900.00000,2013-05-13
Sistema,125510600.00000,2013-05-14
Sistema,195745200.00000,2013-05-15
Sistema,167000600.00000,2013-05-16
Sistema,426319400.00000,2013-05-17
Sistema,199703400.00000,2013-05-18
Sistema,180643900.00000,2013-05-19
Sistema,198267200.00000,2013-05-20
Sistema,235506300.00000,2013-05-21
Sistema,374163200.00000,2013-05-22
Sistema,339136500.00000,2013-05-23
Sistema,466501400.00000,2013-05-24
Sistema,302180100.00000,2013-05-25
Sistema,283826900.00000,2013-05-26
Sistema,209506700.00000,2013-05-27
Sistema,182911600.00000,2013-05-28
Sistema,171339000.00000,2013-05-29
Sistema,187404300.00000,2013-05-30
Sistema,227539800.00000,2013-05-31
Sistema,181999400.00000,2013-06-01
Sistema,171718200.00000,2013-06-02
Sistema,186196800.00000,2013-06-03
Sistema,154704100.00000,2013-06-04
Sistema,130178000.00000,2013-06-05
Sistema,124524200.00000,2013-06-06
Sistema,138854300.00000,2013-06-07
Sistema,149680000.00000,2013-06-08
Sistema,133769000.00000,2013-06-09
Sistema,126830800.00000,2013-06-10
Sistema,136686600.00000,2013-06-11
Sistema,217547600.00000,2013-06-12
Sistema,175846500.00000,2013-06-13
Sistema,145611700.00000,2013-06-14
Sistema,157855300.00000,2013-06-15
Sistema,236152400.00000,2013-06-16
Sistema,157538700.00000,2013-06-17
Sistema,167295600.00000,2013-06-18
Sistema,139510700.00000,2013-06-19
Sistema,140558700.00000,2013-06-20
Sistema,146426000.00000,2013-06-21
Sistema,112314000.00000,2013-06-22
Sistema,126490000.00000,2013-06-23
Sistema,211348700.00000,2013-06-24
Sistema,165923800.00000,2013-06-25
Sistema,106150300.00000,2013-06-26
Sistema,104389400.00000,2013-06-27
Sistema,181815900.00000,2013-06-28
Sistema,124590500.00000,2013-06-29
Sistema,153725800.00000,2013-06-30
Sistema,177558300.00000,2013-07-01
Sistema,119885300.00000,2013-07-02
Sistema,118560500.00000,2013-07-03
Sistema,99075700.00000,2013-07-04
Sistema,117113100.00000,2013-07-05
Sistema,97921800.00000,2013-07-06
Sistema,101389600.00000,2013-07-07
Sistema,157818500.00000,2013-07-08
Sistema,184721900.00000,2013-07-09
Sistema,141138800.00000,2013-07-10
Sistema,195060200.00000,2013-07-11
Sistema,166479700.00000,2013-07-12
Sistema,121379400.00000,2013-07-13
Sistema,109993600.00000,2013-07-14
Sistema,158683400.00000,2013-07-15
Sistema,182269500.00000,2013-07-16
Sistema,208996700.00000,2013-07-17
Sistema,190714500.00000,2013-07-18
Sistema,161193500.00000,2013-07-19
Sistema,141004300.00000,2013-07-20
Sistema,202311200.00000,2013-07-21
Sistema,155264200.00000,2013-07-22
Sistema,150027700.00000,2013-07-23
Sistema,123968700.00000,2013-07-24
Sistema,109193200.00000,2013-07-25
Sistema,144961300.00000,2013-07-26
Sistema,122647300.00000,2013-07-27
Sistema,118125100.00000,2013-07-28
Sistema,168928100.00000,2013-07-29
Sistema,140381600.00000,2013-07-30
Sistema,171504800.00000,2013-07-31
Sistema,162395300.00000,2013-08-01
Sistema,202018000.00000,2013-08-02
Sistema,202427000.00000,2013-08-03
Sistema,154192500.00000,2013-08-04
Sistema,144689800.00000,2013-08-05
Sistema,114367400.00000,2013-08-06
Sistema,120450700.00000,2013-08-07
Sistema,183382400.00000,2013-08-08
Sistema,183949600.00000,2013-08-09
Sistema,175166200.00000,2013-08-10
Sistema,202659600.00000,2013-08-11
Sistema,199328100.00000,2013-08-12
Sistema,244811700.00000,2013-08-13
Sistema,175701600.00000,2013-08-14
Sistema,155071000.00000,2013-08-15
Sistema,198261400.00000,2013-08-16
Sistema,165942000.00000,2013-08-17
Sistema,199188900.00000,2013-08-18
Sistema,169952900.00000,2013-08-19
Sistema,241837000.00000,2013-08-20
Sistema,208553200.00000,2013-08-21
Sistema,232110900.00000,2013-08-22
Sistema,150988700.00000,2013-08-23
Sistema,167370800.00000,2013-08-24
Sistema,183697600.00000,2013-08-25
Sistema,190186300.00000,2013-08-26
Sistema,173458300.00000,2013-08-27
Sistema,141380800.00000,2013-08-28
Sistema,225839900.00000,2013-08-29
Sistema,148121800.00000,2013-08-30
Sistema,149422400.00000,2013-08-31
Sistema,204759700.00000,2013-09-01
Sistema,161442000.00000,2013-09-02
Sistema,177260300.00000,2013-09-03
Sistema,133749900.00000,2013-09-04
Sistema,125614200.00000,2013-09-05
Sistema,224124900.00000,2013-09-06
Sistema,184088700.00000,2013-09-07
Sistema,125997300.00000,2013-09-08
Sistema,153211400.00000,2013-09-09
Sistema,165111300.00000,2013-09-10
Sistema,160895200.00000,2013-09-11
Sistema,166616700.00000,2013-09-12
Sistema,134598300.00000,2013-09-13
Sistema,118502700.00000,2013-09-14
Sistema,167001300.00000,2013-09-15
Sistema,133645100.00000,2013-09-16
Sistema,136451800.00000,2013-09-17
Sistema,148741000.00000,2013-09-18
Sistema,163975400.00000,2013-09-19
Sistema,130172600.00000,2013-09-20
Sistema,107327500.00000,2013-09-21
Sistema,104768200.00000,2013-09-22
Sistema,96845100.00000,2013-09-23
Sistema,112177900.00000,2013-09-24
Sistema,96092900.00000,2013-09-25
Sistema,99857100.00000,2013-09-26
Sistema,117597600.00000,2013-09-27
Sistema,157260100.00000,2013-09-28
Sistema,171061400.00000,2013-09-29
Sistema,160252300.00000,2013-09-30
Sistema,142710800.00000,2013-10-01
Sistema,126028500.00000,2013-10-02
Sistema,153994800.00000,2013-10-03
Sistema,341075900.00000,2013-10-04
Sistema,167324800.00000,2013-10-05
Sistema,117864100.00000,2013-10-06
Sistema,111009400.00000,2013-10-07
Sistema,138792300.00000,2013-10-08
Sistema,110939700.00000,2013-10-09
Sistema,131353600.00000,2013-10-10
Sistema,115620500.00000,2013-10-11
Sistema,119930300.00000,2013-10-12
Sistema,184222800.00000,2013-10-13
Sistema,185433300.00000,2013-10-14
Sistema,176271900.00000,2013-10-15
Sistema,147337400.00000,2013-10-16
Sistema,137358200.00000,2013-10-17
Sistema,111852800.00000,2013-10-18
Sistema,112704000.00000,2013-10-19
Sistema,104630300.00000,2013-10-20
Sistema,138068000.00000,2013-10-21
Sistema,171875100.00000,2013-10-22
Sistema,125021600.00000,2013-10-23
Sistema,117575900.00000,2013-10-24
Sistema,103939300.00000,2013-10-25
Sistema,88980300.00000,2013-10-26
Sistema,111235100.00000,2013-10-27
Sistema,101564200.00000,2013-10-28
Sistema,92261000.00000,2013-10-29
Sistema,109519200.00000,2013-10-30
Sistema,113110000.00000,2013-10-31
Sistema,99757100.00000,2013-11-01
Sistema,102229700.00000,2013-11-02
Sistema,109057300.00000,2013-11-03
Sistema,239554900.00000,2013-11-04
Sistema,247247400.00000,2013-11-05
Sistema,211818400.00000,2013-11-06
Sistema,287644600.00000,2013-11-07
Sistema,191409900.00000,2013-11-08
Sistema,200467200.00000,2013-11-09
Sistema,189542900.00000,2013-11-10
Sistema,144811300.00000,2013-11-11
Sistema,171691600.00000,2013-11-12
Sistema,150993500.00000,2013-11-13
Sistema,168654100.00000,2013-11-14
Sistema,181773300.00000,2013-11-15
Sistema,131620700.00000,2013-11-16
Sistema,122112900.00000,2013-11-17
Sistema,115151500.00000,2013-11-18
Sistema,152323300.00000,2013-11-19
Sistema,163751000.00000,2013-11-20
Sistema,203184100.00000,2013-11-21
Sistema,125324600.00000,2013-11-22
Sistema,126926100.00000,2013-11-23
Sistema,152402000.00000,2013-11-24
Sistema,163024000.00000,2013-11-25
Sistema,183827100.00000,2013-11-26
Sistema,208114700.00000,2013-11-27
Sistema,173382700.00000,2013-11-28
Sistema,155796100.00000,2013-11-29
Sistema,207950400.00000,2013-11-30
Sistema,241419600.00000,2013-12-01
Sistema,307981000.00000,2013-12-02
Sistema,230454500.00000,2013-12-03
Sistema,178563600.00000,2013-12-04
Sistema,150430400.00000,2013-12-05
Sistema,148671800.00000,2013-12-06
Sistema,149918500.00000,2013-12-07
Sistema,155604300.00000,2013-12-08
Sistema,155477000.00000,2013-12-09
Sistema,126537700.00000,2013-12-10
Sistema,128473800.00000,2013-12-11
Sistema,118091700.00000,2013-12-12
Sistema,122017600.00000,2013-12-13
Sistema,107984900.00000,2013-12-14
Sistema,140453400.00000,2013-12-15
Sistema,108622200.00000,2013-12-16
Sistema,133993700.00000,2013-12-17
Sistema,130314200.00000,2013-12-18
Sistema,128047900.00000,2013-12-19
Sistema,105801700.00000,2013-12-20
Sistema,102728700.00000,2013-12-21
Sistema,140329800.00000,2013-12-22
Sistema,207421400.00000,2013-12-23
Sistema,169007800.00000,2013-12-24
Sistema,125060500.00000,2013-12-25
Sistema,107493400.00000,2013-12-26
Sistema,105179500.00000,2013-12-27
Sistema,96532500.00000,2013-12-28
Sistema,95752000.00000,2013-12-29
Sistema,93471200.00000,2013-12-30
Sistema,94627300.00000,2013-12-31
Sistema,89094000.00000,2014-01-01
Sistema,81609800.00000,2014-01-02
Sistema,99441100.00000,2014-01-03
Sistema,85628200.00000,2014-01-04
Sistema,84257000.00000,2014-01-05
Sistema,143822100.00000,2014-01-06
Sistema,125296400.00000,2014-01-07
Sistema,107233400.00000,2014-01-08
Sistema,109524700.00000,2014-01-09
Sistema,100415500.00000,2014-01-10
Sistema,104300700.00000,2014-01-11
Sistema,99699500.00000,2014-01-12
Sistema,81682600.00000,2014-01-13
Sistema,74681600.00000,2014-01-14
Sistema,76955400.00000,2014-01-15
Sistema,80294000.00000,2014-01-16
Sistema,78621700.00000,2014-01-17
Sistema,66511600.00000,2014-01-18
Sistema,69223200.00000,2014-01-19
Sistema,89087900.00000,2014-01-20
Sistema,71040900.00000,2014-01-21
Sistema,85855200.00000,2014-01-22
Sistema,75266500.00000,2014-01-23
Sistema,65346900.00000,2014-01-24
Sistema,72031600.00000,2014-01-25
Sistema,71354100.00000,2014-01-26
Sistema,63433900.00000,2014-01-27
Sistema,72737800.00000,2014-01-28
Sistema,79543700.00000,2014-01-29
Sistema,74227300.00000,2014-01-30
Sistema,71509600.00000,2014-01-31
Sistema,69645600.00000,2014-02-01
Sistema,82775200.00000,2014-02-02
Sistema,95573100.00000,2014-02-03
Sistema,72070300.00000,2014-02-04
Sistema,74947600.00000,2014-02-05
Sistema,80222600.00000,2014-02-06
Sistema,73708700.00000,2014-02-07
Sistema,67339800.00000,2014-02-08
Sistema,65764500.00000,2014-02-09
Sistema,75057700.00000,2014-02-10
Sistema,72545000.00000,2014-02-11
Sistema,67532800.00000,2014-02-12
Sistema,79273000.00000,2014-02-13
Sistema,73229200.00000,2014-02-14
Sistema,61790600.00000,2014-02-15
Sistema,65958500.00000,2014-02-16
Sistema,62897600.00000,2014-02-17
Sistema,78499600.00000,2014-02-18
Sistema,91609300.00000,2014-02-19
Sistema,89439800.00000,2014-02-20
Sistema,125822600.00000,2014-02-21
Sistema,102312900.00000,2014-02-22
Sistema,85774400.00000,2014-02-23
Sistema,90300700.00000,2014-02-24
Sistema,119493600.00000,2014-02-25
Sistema,95006200.00000,2014-02-26
Sistema,213615200.00000,2014-02-27
Sistema,191383000.00000,2014-02-28
Sistema,147330500.00000,2014-03-01
Sistema,117119600.00000,2014-03-02
Sistema,148495300.00000,2014-03-03
Sistema,144455100.00000,2014-03-04
Sistema,123216400.00000,2014-03-05
Sistema,114789800.00000,2014-03-06
Sistema,127391400.00000,2014-03-07
Sistema,134183900.00000,2014-03-08
Sistema,127773300.00000,2014-03-09
Sistema,110611400.00000,2014-03-10
Sistema,106454200.00000,2014-03-11
Sistema,126364300.00000,2014-03-12
Sistema,117136100.00000,2014-03-13
Sistema,114584100.00000,2014-03-14
Sistema,134841800.00000,2014-03-15
Sistema,123695400.00000,2014-03-16
Sistema,105985400.00000,2014-03-17
Sistema,116999300.00000,2014-03-18
Sistema,105806700.00000,2014-03-19
Sistema,87417100.00000,2014-03-20
Sistema,77422700.00000,2014-03-21
Sistema,77133100.00000,2014-03-22
Sistema,88300400.00000,2014-03-23
Sistema,78525000.00000,2014-03-24
Sistema,90280600.00000,2014-03-25
Sistema,117572600.00000,2014-03-26
Sistema,77280600.00000,2014-03-27
Sistema,70026100.00000,2014-03-28
Sistema,63229800.00000,2014-03-29
Sistema,59487600.00000,2014-03-30
Sistema,59446400.00000,2014-03-31
Sistema,57369000.00000,2014-04-01
Sistema,61384000.00000,2014-04-02
Sistema,66032700.00000,2014-04-03
Sistema,70191700.00000,2014-04-04
Sistema,84798600.00000,2014-04-05
Sistema,65077000.00000,2014-04-06
Sistema,107901000.00000,2014-04-07
Sistema,125918700.00000,2014-04-08
Sistema,100895800.00000,2014-04-09
Sistema,76677900.00000,2014-04-10
Sistema,62038700.00000,2014-04-11
Sistema,64845100.00000,2014-04-12
Sistema,64144000.00000,2014-04-13
Sistema,67979800.00000,2014-04-14
Sistema,77356500.00000,2014-04-15
Sistema,78656000.00000,2014-04-16
Sistema,102748400.00000,2014-04-17
Sistema,77071100.00000,2014-04-18
Sistema,135172800.00000,2014-04-19
Sistema,121907600.00000,2014-04-20
Sistema,112322300.00000,2014-04-21
Sistema,116194600.00000,2014-04-22
Sistema,122473600.00000,2014-04-23
Sistema,261231000.00000,2014-04-24
Sistema,136708700.00000,2014-04-25
Sistema,272950400.00000,2014-04-26
Sistema,170822400.00000,2014-04-27
Sistema,156261700.00000,2014-04-28
Sistema,214199100.00000,2014-04-29
Sistema,147495600.00000,2014-04-30
Sistema,130606400.00000,2014-05-01
Sistema,124148100.00000,2014-05-02
Sistema,120864300.00000,2014-05-03
Sistema,108432800.00000,2014-05-04
Sistema,99166200.00000,2014-05-05
Sistema,133482900.00000,2014-05-06
Sistema,120926900.00000,2014-05-07
Sistema,122918800.00000,2014-05-08
Sistema,240963200.00000,2014-05-09
Sistema,206183400.00000,2014-05-10
Sistema,277162300.00000,2014-05-11
Sistema,206725800.00000,2014-05-12
Sistema,201207100.00000,2014-05-13
Sistema,158142000.00000,2014-05-14
Sistema,159757800.00000,2014-05-15
Sistema,145058600.00000,2014-05-16
Sistema,169542300.00000,2014-05-17
Sistema,176809400.00000,2014-05-18
Sistema,125596800.00000,2014-05-19
Sistema,122327200.00000,2014-05-20
Sistema,126503700.00000,2014-05-21
Sistema,124780100.00000,2014-05-22
Sistema,126805200.00000,2014-05-23
Sistema,131448400.00000,2014-05-24
Sistema,98528300.00000,2014-05-25
Sistema,92739400.00000,2014-05-26
Sistema,106735400.00000,2014-05-27
Sistema,110363700.00000,2014-05-28
Sistema,141169700.00000,2014-05-29
Sistema,132678000.00000,2014-05-30
Sistema,169962300.00000,2014-05-31
Sistema,132627400.00000,2014-06-01
Sistema,155542500.00000,2014-06-02
Sistema,143742700.00000,2014-06-03
Sistema,146372800.00000,2014-06-04
Sistema,123449900.00000,2014-06-05
Sistema,167767800.00000,2014-06-06
Sistema,361607300.00000,2014-06-07
Sistema,267990000.00000,2014-06-08
Sistema,164342400.00000,2014-06-09
Sistema,231228900.00000,2014-06-10
Sistema,170137100.00000,2014-06-11
Sistema,123284900.00000,2014-06-12
Sistema,132308100.00000,2014-06-13
Sistema,334948100.00000,2014-06-14
Sistema,277932200.00000,2014-06-15
Sistema,172650900.00000,2014-06-16
Sistema,179313100.00000,2014-06-17
Sistema,197638100.00000,2014-06-18
Sistema,270479800.00000,2014-06-19
Sistema,234896400.00000,2014-06-20
Sistema,180299800.00000,2014-06-21
Sistema,194777200.00000,2014-06-22
Sistema,251179000.00000,2014-06-23
Sistema,328425200.00000,2014-06-24
Sistema,398212700.00000,2014-06-25
Sistema,304803800.00000,2014-06-26
Sistema,209085600.00000,2014-06-27
Sistema,172803300.00000,2014-06-28
Sistema,153225700.00000,2014-06-29
Sistema,161934300.00000,2014-06-30
Sistema,216575900.00000,2014-07-01
Sistema,237436500.00000,2014-07-02
Sistema,177461400.00000,2014-07-03
Sistema,165312900.00000,2014-07-04
Sistema,183686100.00000,2014-07-05
Sistema,143898600.00000,2014-07-06
Sistema,267748000.00000,2014-07-07
Sistema,235571500.00000,2014-07-08
Sistema,223144800.00000,2014-07-09
Sistema,178390000.00000,2014-07-10
Sistema,214540500.00000,2014-07-11
Sistema,212839800.00000,2014-07-12
Sistema,262607200.00000,2014-07-13
Sistema,291113500.00000,2014-07-14
Sistema,249558000.00000,2014-07-15
Sistema,195849400.00000,2014-07-16
Sistema,188246300.00000,2014-07-17
Sistema,228722500.00000,2014-07-18
Sistema,166991800.00000,2014-07-19
Sistema,174812100.00000,2014-07-20
Sistema,144116900.00000,2014-07-21
Sistema,169709900.00000,2014-07-22
Sistema,213821900.00000,2014-07-23
Sistema,179371300.00000,2014-07-24
Sistema,158195600.00000,2014-07-25
Sistema,148152800.00000,2014-07-26
Sistema,141572500.00000,2014-07-27
Sistema,115943600.00000,2014-07-28
Sistema,107614700.00000,2014-07-29
Sistema,110097600.00000,2014-07-30
Sistema,115135000.00000,2014-07-31
Sistema,90668900.00000,2014-08-01
Sistema,197635000.00000,2014-08-02
Sistema,134254400.00000,2014-08-03
Sistema,109790400.00000,2014-08-04
Sistema,98184900.00000,2014-08-05
Sistema,155326700.00000,2014-08-06
Sistema,202101500.00000,2014-08-07
Sistema,172913900.00000,2014-08-08
Sistema,187137100.00000,2014-08-09
Sistema,183870700.00000,2014-08-10
Sistema,165895400.00000,2014-08-11
Sistema,195856800.00000,2014-08-12
Sistema,150492000.00000,2014-08-13
Sistema,173795900.00000,2014-08-14
Sistema,123293200.00000,2014-08-15
Sistema,131755100.00000,2014-08-16
Sistema,170020500.00000,2014-08-17
Sistema,209467100.00000,2014-08-18
Sistema,179968500.00000,2014-08-19
Sistema,121131300.00000,2014-08-20
Sistema,110278100.00000,2014-08-21
Sistema,95641200.00000,2014-08-22
Sistema,121947200.00000,2014-08-23
Sistema,109874900.00000,2014-08-24
Sistema,137816900.00000,2014-08-25
Sistema,184272700.00000,2014-08-26
Sistema,151276100.00000,2014-08-27
Sistema,172094300.00000,2014-08-28
Sistema,141173400.00000,2014-08-29
Sistema,98290700.00000,2014-08-30
Sistema,95982400.00000,2014-08-31
Sistema,78333700.00000,2014-09-01
Sistema,100369700.00000,2014-09-02
Sistema,127964100.00000,2014-09-03
Sistema,135976700.00000,2014-09-04
Sistema,97346000.00000,2014-09-05
Sistema,132940100.00000,2014-09-06
Sistema,187380600.00000,2014-09-07
Sistema,141779100.00000,2014-09-08
Sistema,118095300.00000,2014-09-09
Sistema,106342000.00000,2014-09-10
Sistema,172936800.00000,2014-09-11
Sistema,166613600.00000,2014-09-12
Sistema,242150900.00000,2014-09-13
Sistema,211561000.00000,2014-09-14
Sistema,171183700.00000,2014-09-15
Sistema,138323500.00000,2014-09-16
Sistema,147638600.00000,2014-09-17
Sistema,117857500.00000,2014-09-18
Sistema,111815500.00000,2014-09-19
Sistema,193047100.00000,2014-09-20
Sistema,139166600.00000,2014-09-21
Sistema,137599600.00000,2014-09-22
Sistema,135126400.00000,2014-09-23
Sistema,119595600.00000,2014-09-24
Sistema,128536400.00000,2014-09-25
Sistema,145688600.00000,2014-09-26
Sistema,119122600.00000,2014-09-27
Sistema,95860700.00000,2014-09-28
Sistema,96881200.00000,2014-09-29
Sistema,79532900.00000,2014-09-30
Sistema,79814500.00000,2014-10-01
Sistema,74860000.00000,2014-10-02
Sistema,89225800.00000,2014-10-03
Sistema,89648300.00000,2014-10-04
Sistema,91505500.00000,2014-10-05
Sistema,110195900.00000,2014-10-06
Sistema,200208900.00000,2014-10-07
Sistema,192831500.00000,2014-10-08
Sistema,277464200.00000,2014-10-09
Sistema,196813500.00000,2014-10-10
Sistema,183867000.00000,2014-10-11
Sistema,184559100.00000,2014-10-12
Sistema,229583500.00000,2014-10-13
Sistema,174551500.00000,2014-10-14
Sistema,167037600.00000,2014-10-15
Sistema,160418100.00000,2014-10-16
Sistema,147283800.00000,2014-10-17
Sistema,185270700.00000,2014-10-18
Sistema,166375800.00000,2014-10-19
Sistema,138649500.00000,2014-10-20
Sistema,118235000.00000,2014-10-21
Sistema,157336800.00000,2014-10-22
Sistema,143216100.00000,2014-10-23
Sistema,159735900.00000,2014-10-24
Sistema,132772700.00000,2014-10-25
Sistema,193654300.00000,2014-10-26
Sistema,134630400.00000,2014-10-27
Sistema,129520300.00000,2014-10-28
Sistema,146805300.00000,2014-10-29
Sistema,172093200.00000,2014-10-30
Sistema,189329200.00000,2014-10-31
Sistema,154701500.00000,2014-11-01
Sistema,126003500.00000,2014-11-02
Sistema,105207200.00000,2014-11-03
Sistema,117523100.00000,2014-11-04
Sistema,125959000.00000,2014-11-05
Sistema,160879000.00000,2014-11-06
Sistema,170572800.00000,2014-11-07
Sistema,156647900.00000,2014-11-08
Sistema,150704500.00000,2014-11-09
Sistema,202737400.00000,2014-11-10
Sistema,248896300.00000,2014-11-11
Sistema,244472900.00000,2014-11-12
Sistema,219527700.00000,2014-11-13
Sistema,224720100.00000,2014-11-14
Sistema,152625200.00000,2014-11-15
Sistema,177367100.00000,2014-11-16
Sistema,141132100.00000,2014-11-17
Sistema,135096900.00000,2014-11-18
Sistema,168774300.00000,2014-11-19
Sistema,131240800.00000,2014-11-20
Sistema,138596000.00000,2014-11-21
Sistema,155251100.00000,2014-11-22
Sistema,157266900.00000,2014-11-23
Sistema,179765300.00000,2014-11-24
Sistema,137970800.00000,2014-11-25
Sistema,130080300.00000,2014-11-26
Sistema,119981200.00000,2014-11-27
Sistema,103624400.00000,2014-11-28
Sistema,92038800.00000,2014-11-29
Sistema,119050700.00000,2014-11-30
Sistema,153483900.00000,2014-12-01
Sistema,117519600.00000,2014-12-02
Sistema,88442000.00000,2014-12-03
Sistema,96075500.00000,2014-12-04
Sistema,101775900.00000,2014-12-05
Sistema,107908800.00000,2014-12-06
Sistema,132769000.00000,2014-12-07
Sistema,134714700.00000,2014-12-08
Sistema,155101000.00000,2014-12-09
Sistema,172244600.00000,2014-12-10
Sistema,179236400.00000,2014-12-11
Sistema,161817500.00000,2014-12-12
Sistema,150543800.00000,2014-12-13
Sistema,180879300.00000,2014-12-14
Sistema,158055900.00000,2014-12-15
Sistema,154940800.00000,2014-12-16
Sistema,125810300.00000,2014-12-17
Sistema,122526000.00000,2014-12-18
Sistema,116538700.00000,2014-12-19
Sistema,127402400.00000,2014-12-20
Sistema,119748400.00000,2014-12-21
Sistema,109013000.00000,2014-12-22
Sistema,95349700.00000,2014-12-23
Sistema,87819800.00000,2014-12-24
Sistema,95790600.00000,2014-12-25
Sistema,83608500.00000,2014-12-26
Sistema,77374300.00000,2014-12-27
Sistema,80865500.00000,2014-12-28
Sistema,73122700.00000,2014-12-29
Sistema,76878600.00000,2014-12-30
Sistema,80933400.00000,2014-12-31
Sistema,66256200.00000,2015-01-01
Sistema,64876900.00000,2015-01-02
Sistema,64367700.00000,2015-01-03
Sistema,57184800.00000,2015-01-04
Sistema,55485100.00000,2015-01-05
Sistema,59272500.00000,2015-01-06
Sistema,53695100.00000,2015-01-07
Sistema,49434400.00000,2015-01-08
Sistema,57623300.00000,2015-01-09
Sistema,52979000.00000,2015-01-10
Sistema,60622400.00000,2015-01-11
Sistema,61696900.00000,2015-01-12
Sistema,75203000.00000,2015-01-13
Sistema,55014500.00000,2015-01-14
Sistema,65634000.00000,2015-01-15
Sistema,64313100.00000,2015-01-16
Sistema,74673700.00000,2015-01-17
Sistema,75820700.00000,2015-01-18
Sistema,86441500.00000,2015-01-19
Sistema,78870100.00000,2015-01-20
Sistema,102883700.00000,2015-01-21
Sistema,123201900.00000,2015-01-22
Sistema,132902700.00000,2015-01-23
Sistema,100096200.00000,2015-01-24
Sistema,82292400.00000,2015-01-25
Sistema,62613900.00000,2015-01-26
Sistema,75961900.00000,2015-01-27
Sistema,76108500.00000,2015-01-28
Sistema,71313000.00000,2015-01-29
Sistema,79387800.00000,2015-01-30
Sistema,101992600.00000,2015-01-31
Sistema,144963500.00000,2015-02-01
Sistema,104001500.00000,2015-02-02
Sistema,99763800.00000,2015-02-03
Sistema,78639000.00000,2015-02-04
Sistema,68296800.00000,2015-02-05
Sistema,97878500.00000,2015-02-06
Sistema,87883900.00000,2015-02-07
Sistema,117325500.00000,2015-02-08
Sistema,120050700.00000,2015-02-09
Sistema,141358300.00000,2015-02-10
Sistema,119889700.00000,2015-02-11
Sistema,89347500.00000,2015-02-12
Sistema,199669600.00000,2015-02-13
Sistema,116989300.00000,2015-02-14
Sistema,98369300.00000,2015-02-15
Sistema,83986400.00000,2015-02-16
Sistema,76701200.00000,2015-02-17
Sistema,67561900.00000,2015-02-18
Sistema,69970700.00000,2015-02-19
Sistema,65398200.00000,2015-02-20
Sistema,74903500.00000,2015-02-21
Sistema,59733500.00000,2015-02-22
Sistema,61677100.00000,2015-02-23
Sistema,64503600.00000,2015-02-24
Sistema,55304700.00000,2015-02-25
Sistema,64442700.00000,2015-02-26
Sistema,84751200.00000,2015-02-27
Sistema,77426600.00000,2015-02-28
Sistema,79243500.00000,2015-03-01
Sistema,79793700.00000,2015-03-02
Sistema,68135700.00000,2015-03-03
Sistema,79272800.00000,2015-03-04
Sistema,82330700.00000,2015-03-05
Sistema,87331400.00000,2015-03-06
Sistema,73397300.00000,2015-03-07
Sistema,69376300.00000,2015-03-08
Sistema,56007200.00000,2015-03-09
Sistema,77641400.00000,2015-03-10
Sistema,70690600.00000,2015-03-11
Sistema,71985500.00000,2015-03-12
Sistema,75620800.00000,2015-03-13
Sistema,73308500.00000,2015-03-14
Sistema,69796000.00000,2015-03-15
Sistema,68357100.00000,2015-03-16
Sistema,65770500.00000,2015-03-17
Sistema,98356500.00000,2015-03-18
Sistema,129427100.00000,2015-03-19
Sistema,131916600.00000,2015-03-20
Sistema,147206900.00000,2015-03-21
Sistema,109872200.00000,2015-03-22
Sistema,108048700.00000,2015-03-23
Sistema,79572300.00000,2015-03-24
Sistema,80777700.00000,2015-03-25
Sistema,89239600.00000,2015-03-26
Sistema,64020300.00000,2015-03-27
Sistema,85117300.00000,2015-03-28
Sistema,141460700.00000,2015-03-29
Sistema,106647200.00000,2015-03-30
Sistema,116603200.00000,2015-03-31
Sistema,98458600.00000,2015-04-01
Sistema,92779200.00000,2015-04-02
Sistema,187411700.00000,2015-04-03
Sistema,156874200.00000,2015-04-04
Sistema,131050400.00000,2015-04-05
Sistema,121713700.00000,2015-04-06
Sistema,145517300.00000,2015-04-07
Sistema,161032600.00000,2015-04-08
Sistema,127916800.00000,2015-04-09
Sistema,108434800.00000,2015-04-10
Sistema,177843900.00000,2015-04-11
Sistema,176243800.00000,2015-04-12
Sistema,139693300.00000,2015-04-13
Sistema,181815000.00000,2015-04-14
Sistema,179420000.00000,2015-04-15
Sistema,188983600.00000,2015-04-16
Sistema,183989300.00000,2015-04-17
Sistema,186283700.00000,2015-04-18
Sistema,212995700.00000,2015-04-19
Sistema,197870100.00000,2015-04-20
Sistema,185934400.00000,2015-04-21
Sistema,144293300.00000,2015-04-22
Sistema,119358400.00000,2015-04-23
Sistema,120562900.00000,2015-04-24
Sistema,161931500.00000,2015-04-25
Sistema,144896800.00000,2015-04-26
Sistema,138872600.00000,2015-04-27
Sistema,150363800.00000,2015-04-28
Sistema,112375300.00000,2015-04-29
Sistema,90002500.00000,2015-04-30
Sistema,107814900.00000,2015-05-01
Sistema,82366400.00000,2015-05-02
Sistema,83727400.00000,2015-05-03
Sistema,91553500.00000,2015-05-04
Sistema,76426500.00000,2015-05-05
Sistema,79758700.00000,2015-05-06
Sistema,95403700.00000,2015-05-07
Sistema,119189900.00000,2015-05-08
Sistema,80022400.00000,2015-05-09
Sistema,93679400.00000,2015-05-10
Sistema,76843300.00000,2015-05-11
Sistema,79771300.00000,2015-05-12
Sistema,79189400.00000,2015-05-13
Sistema,81572600.00000,2015-05-14
Sistema,136425500.00000,2015-05-15
Sistema,156026900.00000,2015-05-16
Sistema,172167000.00000,2015-05-17
Sistema,231342600.00000,2015-05-18
Sistema,148858900.00000,2015-05-19
Sistema,130925600.00000,2015-05-20
Sistema,258627900.00000,2015-05-21
Sistema,175894100.00000,2015-05-22
Sistema,151348800.00000,2015-05-23
Sistema,131153700.00000,2015-05-24
Sistema,215707200.00000,2015-05-25
Sistema,165648100.00000,2015-05-26
Sistema,153409600.00000,2015-05-27
Sistema,167650000.00000,2015-05-28
Sistema,310244700.00000,2015-05-29
Sistema,374661300.00000,2015-05-30
Sistema,251701600.00000,2015-05-31
Sistema,216049100.00000,2015-06-01
Sistema,190737000.00000,2015-06-02
Sistema,175703300.00000,2015-06-03
Sistema,231686400.00000,2015-06-04
Sistema,288224200.00000,2015-06-05
Sistema,207413400.00000,2015-06-06
Sistema,164478600.00000,2015-06-07
Sistema,162205600.00000,2015-06-08
Sistema,219222500.00000,2015-06-09
Sistema,213343400.00000,2015-06-10
Sistema,223610200.00000,2015-06-11
Sistema,150166400.00000,2015-06-12
Sistema,217689900.00000,2015-06-13
Sistema,181757000.00000,2015-06-14
Sistema,194014400.00000,2015-06-15
Sistema,181747400.00000,2015-06-16
Sistema,139151700.00000,2015-06-17
Sistema,178118500.00000,2015-06-18
Sistema,230610300.00000,2015-06-19
Sistema,197822600.00000,2015-06-20
Sistema,184172000.00000,2015-06-21
Sistema,392439400.00000,2015-06-22
Sistema,311764100.00000,2015-06-23
Sistema,254269400.00000,2015-06-24
Sistema,373037200.00000,2015-06-25
Sistema,383943000.00000,2015-06-26
Sistema,351553900.00000,2015-06-27
Sistema,306491400.00000,2015-06-28
Sistema,272840100.00000,2015-06-29
Sistema,193338100.00000,2015-06-30
Sistema,170228000.00000,2015-07-01
Sistema,153734900.00000,2015-07-02
Sistema,127077200.00000,2015-07-03
Sistema,132608600.00000,2015-07-04
Sistema,144509100.00000,2015-07-05
Sistema,141880800.00000,2015-07-06
Sistema,130428000.00000,2015-07-07
Sistema,151243700.00000,2015-07-08
Sistema,119098000.00000,2015-07-09
Sistema,169008200.00000,2015-07-10
Sistema,126055900.00000,2015-07-11
Sistema,146546000.00000,2015-07-12
Sistema,112283600.00000,2015-07-13
Sistema,97539700.00000,2015-07-14
Sistema,253126100.00000,2015-07-15
Sistema,268375900.00000,2015-07-16
Sistema,213083400.00000,2015-07-17
Sistema,247222400.00000,2015-07-18
Sistema,220847800.00000,2015-07-19
Sistema,263658700.00000,2015-07-20
Sistema,234908300.00000,2015-07-21
Sistema,346033000.00000,2015-07-22
Sistema,290965800.00000,2015-07-23
Sistema,221080400.00000,2015-07-24
Sistema,163823600.00000,2015-07-25
Sistema,138264200.00000,2015-07-26
Sistema,249290900.00000,2015-07-27
Sistema,217176700.00000,2015-07-28
Sistema,291454900.00000,2015-07-29
Sistema,363354400.00000,2015-07-30
Sistema,274388200.00000,2015-07-31
Sistema,221549300.00000,2015-08-01
Sistema,171593700.00000,2015-08-02
Sistema,152523900.00000,2015-08-03
Sistema,162040900.00000,2015-08-04
Sistema,142181000.00000,2015-08-05
Sistema,128783800.00000,2015-08-06
Sistema,123202500.00000,2015-08-07
Sistema,168936500.00000,2015-08-08
Sistema,206798100.00000,2015-08-09
Sistema,162080800.00000,2015-08-10
Sistema,160656500.00000,2015-08-11
Sistema,120309000.00000,2015-08-12
Sistema,152250700.00000,2015-08-13
Sistema,215768100.00000,2015-08-14
Sistema,239440500.00000,2015-08-15
Sistema,362046800.00000,2015-08-16
Sistema,234800100.00000,2015-08-17
Sistema,288312800.00000,2015-08-18
Sistema,175605600.00000,2015-08-19
Sistema,209482600.00000,2015-08-20
Sistema,206935700.00000,2015-08-21
Sistema,141983000.00000,2015-08-22
Sistema,138079200.00000,2015-08-23
Sistema,158777000.00000,2015-08-24
Sistema,165312300.00000,2015-08-25
Sistema,200681800.00000,2015-08-26
Sistema,158618500.00000,2015-08-27
Sistema,169616200.00000,2015-08-28
Sistema,123699800.00000,2015-08-29
Sistema,106541200.00000,2015-08-30
Sistema,129038800.00000,2015-08-31
Sistema,114305500.00000,2015-09-01
Sistema,145008100.00000,2015-09-02
Sistema,110335500.00000,2015-09-03
Sistema,96276100.00000,2015-09-04
Sistema,108311600.00000,2015-09-05
Sistema,218494200.00000,2015-09-06
Sistema,166597300.00000,2015-09-07
Sistema,155447100.00000,2015-09-08
Sistema,122899600.00000,2015-09-09
Sistema,172606900.00000,2015-09-10
Sistema,183007000.00000,2015-09-11
Sistema,115675100.00000,2015-09-12
Sistema,95111900.00000,2015-09-13
Sistema,87564000.00000,2015-09-14
Sistema,97038800.00000,2015-09-15
Sistema,82330100.00000,2015-09-16
Sistema,98318200.00000,2015-09-17
Sistema,103427300.00000,2015-09-18
Sistema,126421200.00000,2015-09-19
Sistema,202841500.00000,2015-09-20
Sistema,120686100.00000,2015-09-21
Sistema,89430400.00000,2015-09-22
Sistema,82359900.00000,2015-09-23
Sistema,94910700.00000,2015-09-24
Sistema,84172600.00000,2015-09-25
Sistema,66697100.00000,2015-09-26
Sistema,62441400.00000,2015-09-27
Sistema,62757100.00000,2015-09-28
Sistema,70961600.00000,2015-09-29
Sistema,77565500.00000,2015-09-30
Sistema,69590700.00000,2015-10-01
Sistema,80785000.00000,2015-10-02
Sistema,117405300.00000,2015-10-03
Sistema,82203000.00000,2015-10-04
Sistema,83325300.00000,2015-10-05
Sistema,67007300.00000,2015-10-06
Sistema,77681000.00000,2015-10-07
Sistema,95323500.00000,2015-10-08
Sistema,97909900.00000,2015-10-09
Sistema,72267300.00000,2015-10-10
Sistema,140259800.00000,2015-10-11
Sistema,89441900.00000,2015-10-12
Sistema,126518600.00000,2015-10-13
Sistema,127661400.00000,2015-10-14
Sistema,183840900.00000,2015-10-15
Sistema,162056400.00000,2015-10-16
Sistema,111655200.00000,2015-10-17
Sistema,110333300.00000,2015-10-18
Sistema,88643600.00000,2015-10-19
Sistema,77174000.00000,2015-10-20
Sistema,80410400.00000,2015-10-21
Sistema,74995400.00000,2015-10-22
Sistema,73858500.00000,2015-10-23
Sistema,103230200.00000,2015-10-24
Sistema,111325300.00000,2015-10-25
Sistema,111095100.00000,2015-10-26
Sistema,90316300.00000,2015-10-27
Sistema,88038400.00000,2015-10-28
Sistema,94778700.00000,2015-10-29
Sistema,95136700.00000,2015-10-30
Sistema,79092700.00000,2015-10-31
Sistema,117961200.00000,2015-11-01
Sistema,135306700.00000,2015-11-02
Sistema,94030500.00000,2015-11-03
Sistema,118170200.00000,2015-11-04
Sistema,169316000.00000,2015-11-05
Sistema,178009000.00000,2015-11-06
Sistema,201556200.00000,2015-11-07
Sistema,174690500.00000,2015-11-08
Sistema,130712100.00000,2015-11-09
Sistema,187076200.00000,2015-11-10
Sistema,119484100.00000,2015-11-11
Sistema,98627500.00000,2015-11-12
Sistema,83850800.00000,2015-11-13
Sistema,91693500.00000,2015-11-14
Sistema,133541300.00000,2015-11-15
Sistema,104609500.00000,2015-11-16
Sistema,145771300.00000,2015-11-17
Sistema,136924600.00000,2015-11-18
Sistema,123891500.00000,2015-11-19
Sistema,139544400.00000,2015-11-20
Sistema,136506800.00000,2015-11-21
Sistema,131889100.00000,2015-11-22
Sistema,136625300.00000,2015-11-23
Sistema,115923700.00000,2015-11-24
Sistema,129066800.00000,2015-11-25
Sistema,102865700.00000,2015-11-26
Sistema,110591900.00000,2015-11-27
Sistema,100262500.00000,2015-11-28
Sistema,92186100.00000,2015-11-29
Sistema,100634800.00000,2015-11-30
Sistema,101300700.00000,2015-12-01
Sistema,85251200.00000,2015-12-02
Sistema,103717700.00000,2015-12-03
Sistema,150994700.00000,2015-12-04
Sistema,113007000.00000,2015-12-05
Sistema,103469300.00000,2015-12-06
Sistema,79830600.00000,2015-12-07
Sistema,77463700.00000,2015-12-08
Sistema,74951800.00000,2015-12-09
Sistema,81365600.00000,2015-12-10
Sistema,68619700.00000,2015-12-11
Sistema,64359800.00000,2015-12-12
Sistema,59705900.00000,2015-12-13
Sistema,66715200.00000,2015-12-14
Sistema,79295900.00000,2015-12-15
Sistema,72914900.00000,2015-12-16
Sistema,90540200.00000,2015-12-17
Sistema,85102500.00000,2015-12-18
Sistema,92825700.00000,2015-12-19
Sistema,72876400.00000,2015-12-20
Sistema,65812000.00000,2015-12-21
Sistema,59530400.00000,2015-12-22
Sistema,56954000.00000,2015-12-23
Sistema,56427300.00000,2015-12-24
Sistema,58402800.00000,2015-12-25
Sistema,53911100.00000,2015-12-26
Sistema,46685300.00000,2015-12-27
Sistema,50068500.00000,2015-12-28
Sistema,49963700.00000,2015-12-29
Sistema,52488500.00000,2015-12-30
Sistema,60080700.00000,2015-12-31
Sistema,63496200.00000,2016-01-01
Sistema,55776100.00000,2016-01-02
Sistema,61744800.00000,2016-01-03
Sistema,70137500.00000,2016-01-04
Sistema,64121400.00000,2016-01-05
Sistema,66516300.00000,2016-01-06
Sistema,66291100.00000,2016-01-07
Sistema,56916800.00000,2016-01-08
Sistema,58531700.00000,2016-01-09
Sistema,55702100.00000,2016-01-10
Sistema,55021300.00000,2016-01-11
Sistema,51698900.00000,2016-01-12
Sistema,57472800.00000,2016-01-13
Sistema,47998200.00000,2016-01-14
Sistema,49197100.00000,2016-01-15
Sistema,48121500.00000,2016-01-16
Sistema,45333900.00000,2016-01-17
Sistema,41216600.00000,2016-01-18
Sistema,42112100.00000,2016-01-19
Sistema,42335600.00000,2016-01-20
Sistema,43189600.00000,2016-01-21
Sistema,47088800.00000,2016-01-22
Sistema,48413500.00000,2016-01-23
Sistema,47465300.00000,2016-01-24
Sistema,46310500.00000,2016-01-25
Sistema,45038600.00000,2016-01-26
Sistema,44929900.00000,2016-01-27
Sistema,43688500.00000,2016-01-28
Sistema,47299500.00000,2016-01-29
Sistema,42957700.00000,2016-01-30
Sistema,39773100.00000,2016-01-31
Sistema,43195600.00000,2016-02-01
Sistema,40868300.00000,2016-02-02
Sistema,43866100.00000,2016-02-03
Sistema,36780700.00000,2016-02-04
Sistema,47097800.00000,2016-02-05
Sistema,43320300.00000,2016-02-06
Sistema,40647300.00000,2016-02-07
Sistema,55001700.00000,2016-02-08
Sistema,52366900.00000,2016-02-09
Sistema,50756000.00000,2016-02-10
Sistema,57174700.00000,2016-02-11
Sistema,56716300.00000,2016-02-12
Sistema,48221200.00000,2016-02-13
Sistema,52675600.00000,2016-02-14
Sistema,47824400.00000,2016-02-15
Sistema,43779400.00000,2016-02-16
Sistema,79696800.00000,2016-02-17
Sistema,52527100.00000,2016-02-18
Sistema,45676900.00000,2016-02-19
Sistema,57065100.00000,2016-02-20
Sistema,99150400.00000,2016-02-21
Sistema,65537600.00000,2016-02-22
Sistema,67758700.00000,2016-02-23
Sistema,54552300.00000,2016-02-24
Sistema,68173600.00000,2016-02-25
Sistema,60108800.00000,2016-02-26
Sistema,61497800.00000,2016-02-27
Sistema,48180300.00000,2016-02-28
Sistema,45490900.00000,2016-02-29
Sistema,45421100.00000,2016-03-01
Sistema,46482500.00000,2016-03-02
Sistema,56271800.00000,2016-03-03
Sistema,59948800.00000,2016-03-04
Sistema,54530100.00000,2016-03-05
Sistema,67143400.00000,2016-03-06
Sistema,55494000.00000,2016-03-07
Sistema,61398600.00000,2016-03-08
Sistema,57312300.00000,2016-03-09
Sistema,52917900.00000,2016-03-10
Sistema,59680800.00000,2016-03-11
Sistema,72388700.00000,2016-03-12
Sistema,60744300.00000,2016-03-13
Sistema,65546700.00000,2016-03-14
Sistema,58702900.00000,2016-03-15
Sistema,52825100.00000,2016-03-16
Sistema,95579000.00000,2016-03-17
Sistema,87299900.00000,2016-03-18
Sistema,77517400.00000,2016-03-19
Sistema,92679400.00000,2016-03-20
Sistema,77882300.00000,2016-03-21
Sistema,69651800.00000,2016-03-22
Sistema,67624500.00000,2016-03-23
Sistema,61607000.00000,2016-03-24
Sistema,50287600.00000,2016-03-25
Sistema,47210800.00000,2016-03-26
Sistema,59224300.00000,2016-03-27
Sistema,52809100.00000,2016-03-28
Sistema,51652100.00000,2016-03-29
Sistema,68065400.00000,2016-03-30
Sistema,75202700.00000,2016-03-31
Sistema,79204600.00000,2016-04-01
Sistema,120171800.00000,2016-04-02
Sistema,135858700.00000,2016-04-03
Sistema,204128300.00000,2016-04-04
Sistema,129696500.00000,2016-04-05
Sistema,103478900.00000,2016-04-06
Sistema,83440000.00000,2016-04-07
Sistema,103965500.00000,2016-04-08
Sistema,156104200.00000,2016-04-09
Sistema,143040800.00000,2016-04-10
Sistema,122859800.00000,2016-04-11
Sistema,189941600.00000,2016-04-12
Sistema,166204000.00000,2016-04-13
Sistema,124023100.00000,2016-04-14
Sistema,96632800.00000,2016-04-15
Sistema,109635300.00000,2016-04-16
Sistema,134080400.00000,2016-04-17
Sistema,125799500.00000,2016-04-18
Sistema,89351600.00000,2016-04-19
Sistema,90806900.00000,2016-04-20
Sistema,98139400.00000,2016-04-21
Sistema,136457000.00000,2016-04-22
Sistema,112807300.00000,2016-04-23
Sistema,142878400.00000,2016-04-24
Sistema,146437400.00000,2016-04-25
Sistema,135476300.00000,2016-04-26
Sistema,158126100.00000,2016-04-27
Sistema,193568400.00000,2016-04-28
Sistema,241197800.00000,2016-04-29
Sistema,177291900.00000,2016-04-30
Sistema,185507800.00000,2016-05-01
Sistema,165512200.00000,2016-05-02
Sistema,143929800.00000,2016-05-03
Sistema,171186600.00000,2016-05-04
Sistema,120457400.00000,2016-05-05
Sistema,167895700.00000,2016-05-06
Sistema,176526900.00000,2016-05-07
Sistema,155034200.00000,2016-05-08
Sistema,209489000.00000,2016-05-09
Sistema,237395600.00000,2016-05-10
Sistema,168105200.00000,2016-05-11
Sistema,141137600.00000,2016-05-12
Sistema,170825300.00000,2016-05-13
Sistema,138885700.00000,2016-05-14
Sistema,152320500.00000,2016-05-15
Sistema,138333400.00000,2016-05-16
Sistema,197087400.00000,2016-05-17
Sistema,173510600.00000,2016-05-18
Sistema,186624500.00000,2016-05-19
Sistema,130545000.00000,2016-05-20
Sistema,131291900.00000,2016-05-21
Sistema,124727000.00000,2016-05-22
Sistema,127945900.00000,2016-05-23
Sistema,264127700.00000,2016-05-24
Sistema,188570700.00000,2016-05-25
Sistema,225189500.00000,2016-05-26
Sistema,166167300.00000,2016-05-27
Sistema,227129800.00000,2016-05-28
Sistema,247366300.00000,2016-05-29
Sistema,181035300.00000,2016-05-30
Sistema,233845100.00000,2016-05-31
Sistema,165887100.00000,2016-06-01
Sistema,157670800.00000,2016-06-02
Sistema,169882200.00000,2016-06-03
Sistema,173583500.00000,2016-06-04
Sistema,129929300.00000,2016-06-05
Sistema,117353700.00000,2016-06-06
Sistema,142174900.00000,2016-06-07
Sistema,129499000.00000,2016-06-08
Sistema,135102000.00000,2016-06-09
Sistema,168895700.00000,2016-06-10
Sistema,145810400.00000,2016-06-11
Sistema,132744800.00000,2016-06-12
Sistema,146477400.00000,2016-06-13
Sistema,134838600.00000,2016-06-14
Sistema,146408900.00000,2016-06-15
Sistema,163522400.00000,2016-06-16
Sistema,140199400.00000,2016-06-17
Sistema,129380500.00000,2016-06-18
Sistema,194671700.00000,2016-06-19
Sistema,230031400.00000,2016-06-20
Sistema,222677600.00000,2016-06-21
Sistema,182730300.00000,2016-06-22
Sistema,165300300.00000,2016-06-23
Sistema,234183800.00000,2016-06-24
Sistema,220869100.00000,2016-06-25
Sistema,257890100.00000,2016-06-26
Sistema,167423200.00000,2016-06-27
Sistema,159123900.00000,2016-06-28
Sistema,186254900.00000,2016-06-29
Sistema,202257900.00000,2016-06-30
Sistema,270475900.00000,2016-07-01
Sistema,252916600.00000,2016-07-02
Sistema,310386700.00000,2016-07-03
Sistema,226895900.00000,2016-07-04
Sistema,233257900.00000,2016-07-05
Sistema,420360000.00000,2016-07-06
Sistema,276528300.00000,2016-07-07
Sistema,189154800.00000,2016-07-08
Sistema,146997700.00000,2016-07-09
Sistema,135733200.00000,2016-07-10
Sistema,196364700.00000,2016-07-11
Sistema,185136000.00000,2016-07-12
Sistema,157183600.00000,2016-07-13
Sistema,140719700.00000,2016-07-14
Sistema,230678700.00000,2016-07-15
Sistema,188119700.00000,2016-07-16
Sistema,143704800.00000,2016-07-17
Sistema,245110800.00000,2016-07-18
Sistema,159966800.00000,2016-07-19
Sistema,216180200.00000,2016-07-20
Sistema,204192900.00000,2016-07-21
Sistema,188165600.00000,2016-07-22
Sistema,206690000.00000,2016-07-23
Sistema,173920100.00000,2016-07-24
Sistema,174508900.00000,2016-07-25
Sistema,145972700.00000,2016-07-26
Sistema,278487400.00000,2016-07-27
Sistema,198097600.00000,2016-07-28
Sistema,167891600.00000,2016-07-29
Sistema,145505600.00000,2016-07-30
Sistema,163276300.00000,2016-07-31
Sistema,171970200.00000,2016-08-01
Sistema,159901100.00000,2016-08-02
Sistema,160489000.00000,2016-08-03
Sistema,166811300.00000,2016-08-04
Sistema,137900200.00000,2016-08-05
Sistema,111103900.00000,2016-08-06
Sistema,112838000.00000,2016-08-07
Sistema,150549700.00000,2016-08-08
Sistema,140457400.00000,2016-08-09
Sistema,146498100.00000,2016-08-10
Sistema,147846000.00000,2016-08-11
Sistema,129797600.00000,2016-08-12
Sistema,161967000.00000,2016-08-13
Sistema,125894000.00000,2016-08-14
Sistema,179469900.00000,2016-08-15
Sistema,149797300.00000,2016-08-16
Sistema,214276700.00000,2016-08-17
Sistema,389964200.00000,2016-08-18
Sistema,207228400.00000,2016-08-19
Sistema,145103800.00000,2016-08-20
Sistema,125063100.00000,2016-08-21
Sistema,151298000.00000,2016-08-22
Sistema,137491500.00000,2016-08-23
Sistema,138815900.00000,2016-08-24
Sistema,118214500.00000,2016-08-25
Sistema,153039000.00000,2016-08-26
Sistema,201372100.00000,2016-08-27
Sistema,165531300.00000,2016-08-28
Sistema,117343900.00000,2016-08-29
Sistema,190736600.00000,2016-08-30
Sistema,129762900.00000,2016-08-31
Sistema,299613500.00000,2016-09-01
Sistema,178463300.00000,2016-09-02
Sistema,142739200.00000,2016-09-03
Sistema,156677300.00000,2016-09-04
Sistema,174046500.00000,2016-09-05
Sistema,190731700.00000,2016-09-06
Sistema,244958700.00000,2016-09-07
Sistema,159469000.00000,2016-09-08
Sistema,146247200.00000,2016-09-09
Sistema,184830600.00000,2016-09-10
Sistema,312604400.00000,2016-09-11
Sistema,242960100.00000,2016-09-12
Sistema,161423300.00000,2016-09-13
Sistema,243086200.00000,2016-09-14
Sistema,305630200.00000,2016-09-15
Sistema,169530600.00000,2016-09-16
Sistema,135034500.00000,2016-09-17
Sistema,140970200.00000,2016-09-18
Sistema,174844100.00000,2016-09-19
Sistema,136291500.00000,2016-09-20
Sistema,225426900.00000,2016-09-21
Sistema,143850800.00000,2016-09-22
Sistema,141625000.00000,2016-09-23
Sistema,244156900.00000,2016-09-24
Sistema,263594300.00000,2016-09-25
Sistema,173784000.00000,2016-09-26
Sistema,223134600.00000,2016-09-27
Sistema,172355000.00000,2016-09-28
Sistema,136163700.00000,2016-09-29
Sistema,136820000.00000,2016-09-30
Sistema,159320100.00000,2016-10-01
Sistema,157556400.00000,2016-10-02
Sistema,131443400.00000,2016-10-03
Sistema,144858600.00000,2016-10-04
Sistema,133841100.00000,2016-10-05
Sistema,135045800.00000,2016-10-06
Sistema,147554800.00000,2016-10-07
Sistema,166013400.00000,2016-10-08
Sistema,155518000.00000,2016-10-09
Sistema,220313700.00000,2016-10-10
Sistema,185672100.00000,2016-10-11
Sistema,250333700.00000,2016-10-12
Sistema,157388100.00000,2016-10-13
Sistema,213314300.00000,2016-10-14
Sistema,163244600.00000,2016-10-15
Sistema,182678800.00000,2016-10-16
Sistema,171848200.00000,2016-10-17
Sistema,182254300.00000,2016-10-18
Sistema,135022700.00000,2016-10-19
Sistema,159211900.00000,2016-10-20
Sistema,141863500.00000,2016-10-21
Sistema,160811100.00000,2016-10-22
Sistema,130310100.00000,2016-10-23
Sistema,124458200.00000,2016-10-24
Sistema,177883400.00000,2016-10-25
Sistema,174324500.00000,2016-10-26
Sistema,213537500.00000,2016-10-27
Sistema,208827000.00000,2016-10-28
Sistema,255176400.00000,2016-10-29
Sistema,151494400.00000,2016-10-30
Sistema,155200500.00000,2016-10-31
Sistema,185193900.00000,2016-11-01
Sistema,169294200.00000,2016-11-02
Sistema,149788500.00000,2016-11-03
Sistema,155472300.00000,2016-11-04
Sistema,168315000.00000,2016-11-05
Sistema,175302300.00000,2016-11-06
Sistema,182802100.00000,2016-11-07
Sistema,167120200.00000,2016-11-08
Sistema,161926800.00000,2016-11-09
Sistema,180065500.00000,2016-11-10
Sistema,390974400.00000,2016-11-11
Sistema,201022600.00000,2016-11-12
Sistema,179800600.00000,2016-11-13
Sistema,218716100.00000,2016-11-14
Sistema,233685000.00000,2016-11-15
Sistema,225051800.00000,2016-11-16
Sistema,216222000.00000,2016-11-17
Sistema,213298900.00000,2016-11-18
Sistema,293362400.00000,2016-11-19
Sistema,261685400.00000,2016-11-20
Sistema,180129300.00000,2016-11-21
Sistema,152803800.00000,2016-11-22
Sistema,141663600.00000,2016-11-23
Sistema,168826900.00000,2016-11-24
Sistema,215634600.00000,2016-11-25
Sistema,203954800.00000,2016-11-26
Sistema,227973100.00000,2016-11-27
Sistema,220790700.00000,2016-11-28
Sistema,284336400.00000,2016-11-29
Sistema,176552600.00000,2016-11-30
Sistema,223131100.00000,2016-12-01
Sistema,241633200.00000,2016-12-02
Sistema,274260100.00000,2016-12-03
Sistema,243945400.00000,2016-12-04
Sistema,225212100.00000,2016-12-05
Sistema,201937100.00000,2016-12-06
Sistema,173638300.00000,2016-12-07
Sistema,201255900.00000,2016-12-08
Sistema,165729500.00000,2016-12-09
Sistema,206746100.00000,2016-12-10
Sistema,198350900.00000,2016-12-11
Sistema,144757000.00000,2016-12-12
Sistema,136499400.00000,2016-12-13
Sistema,157340200.00000,2016-12-14
Sistema,127089300.00000,2016-12-15
Sistema,120757400.00000,2016-12-16
Sistema,125069000.00000,2016-12-17
Sistema,125634800.00000,2016-12-18
Sistema,110082800.00000,2016-12-19
Sistema,111084500.00000,2016-12-20
Sistema,173572600.00000,2016-12-21
Sistema,148265700.00000,2016-12-22
Sistema,139872400.00000,2016-12-23
Sistema,141269500.00000,2016-12-24
Sistema,124486600.00000,2016-12-25
Sistema,124650400.00000,2016-12-26
Sistema,139561600.00000,2016-12-27
Sistema,122065900.00000,2016-12-28
Sistema,105104000.00000,2016-12-29
Sistema,132706300.00000,2016-12-30
Sistema,158507200.00000,2016-12-31
Sistema,137712300.00000,2017-01-01
Sistema,125385900.00000,2017-01-02
Sistema,100514800.00000,2017-01-03
Sistema,99264800.00000,2017-01-04
Sistema,122459500.00000,2017-01-05
Sistema,110019300.00000,2017-01-06
Sistema,116773800.00000,2017-01-07
Sistema,183269000.00000,2017-01-08
Sistema,162421800.00000,2017-01-09
Sistema,149167100.00000,2017-01-10
Sistema,145275600.00000,2017-01-11
Sistema,135559900.00000,2017-01-12
Sistema,144937400.00000,2017-01-13
Sistema,130270300.00000,2017-01-14
Sistema,116190000.00000,2017-01-15
Sistema,115480400.00000,2017-01-16
Sistema,129944800.00000,2017-01-17
Sistema,154202600.00000,2017-01-18
Sistema,153341500.00000,2017-01-19
Sistema,141442800.00000,2017-01-20
Sistema,156895500.00000,2017-01-21
Sistema,123140300.00000,2017-01-22
Sistema,100860500.00000,2017-01-23
Sistema,90869900.00000,2017-01-24
Sistema,87623800.00000,2017-01-25
Sistema,116456700.00000,2017-01-26
Sistema,130582700.00000,2017-01-27
Sistema,121760400.00000,2017-01-28
Sistema,110837400.00000,2017-01-29
Sistema,146414800.00000,2017-01-30
Sistema,100985000.00000,2017-01-31
Sistema,104966400.00000,2017-02-01
Sistema,90912600.00000,2017-02-02
Sistema,88538500.00000,2017-02-03
Sistema,86882500.00000,2017-02-04
Sistema,87321100.00000,2017-02-05
Sistema,79784700.00000,2017-02-06
Sistema,64335100.00000,2017-02-07
Sistema,66050100.00000,2017-02-08
Sistema,68591500.00000,2017-02-09
Sistema,71713600.00000,2017-02-10
Sistema,83742100.00000,2017-02-11
Sistema,94658700.00000,2017-02-12
Sistema,94827300.00000,2017-02-13
Sistema,73603700.00000,2017-02-14
Sistema,62891100.00000,2017-02-15
Sistema,64218900.00000,2017-02-16
Sistema,73935000.00000,2017-02-17
Sistema,68433100.00000,2017-02-18
Sistema,61301600.00000,2017-02-19
Sistema,65021500.00000,2017-02-20
Sistema,66489300.00000,2017-02-21
Sistema,74993000.00000,2017-02-22
Sistema,74542700.00000,2017-02-23
Sistema,102071800.00000,2017-02-24
Sistema,98606000.00000,2017-02-25
Sistema,108636100.00000,2017-02-26
Sistema,107894700.00000,2017-02-27
Sistema,88872800.00000,2017-02-28
Sistema,93428600.00000,2017-03-01
Sistema,113600500.00000,2017-03-02
Sistema,108144400.00000,2017-03-03
Sistema,95416400.00000,2017-03-04
Sistema,95774900.00000,2017-03-05
Sistema,107194700.00000,2017-03-06
Sistema,132223400.00000,2017-03-07
Sistema,181674400.00000,2017-03-08
Sistema,161911700.00000,2017-03-09
Sistema,153855800.00000,2017-03-10
Sistema,136685700.00000,2017-03-11
Sistema,205372600.00000,2017-03-12
Sistema,168616300.00000,2017-03-13
Sistema,171053800.00000,2017-03-14
Sistema,187964800.00000,2017-03-15
Sistema,146478200.00000,2017-03-16
Sistema,120678500.00000,2017-03-17
Sistema,118478400.00000,2017-03-18
Sistema,123952700.00000,2017-03-19
Sistema,120465700.00000,2017-03-20
Sistema,124542300.00000,2017-03-21
Sistema,165707300.00000,2017-03-22
Sistema,262529100.00000,2017-03-23
Sistema,236481400.00000,2017-03-24
Sistema,203072000.00000,2017-03-25
Sistema,390408000.00000,2017-03-26
Sistema,311152200.00000,2017-03-27
Sistema,293971600.00000,2017-03-28
Sistema,313686300.00000,2017-03-29
Sistema,304941800.00000,2017-03-30
Sistema,369797100.00000,2017-03-31
Sistema,332978600.00000,2017-04-01
Sistema,212079700.00000,2017-04-02
Sistema,176137400.00000,2017-04-03
Sistema,139033700.00000,2017-04-04
Sistema,120222100.00000,2017-04-05
Sistema,107375600.00000,2017-04-06
Sistema,116145900.00000,2017-04-07
Sistema,110043200.00000,2017-04-08
Sistema,173155000.00000,2017-04-09
Sistema,146022300.00000,2017-04-10
Sistema,149818700.00000,2017-04-11
Sistema,186876900.00000,2017-04-12
Sistema,174073400.00000,2017-04-13
Sistema,191073100.00000,2017-04-14
Sistema,140037600.00000,2017-04-15
Sistema,134762700.00000,2017-04-16
Sistema,176112800.00000,2017-04-17
Sistema,150147000.00000,2017-04-18
Sistema,207481100.00000,2017-04-19
Sistema,173865200.00000,2017-04-20
Sistema,248721900.00000,2017-04-21
Sistema,161804300.00000,2017-04-22
Sistema,130706200.00000,2017-04-23
Sistema,133173600.00000,2017-04-24
Sistema,151140600.00000,2017-04-25
Sistema,253914900.00000,2017-04-26
Sistema,141909800.00000,2017-04-27
Sistema,120844900.00000,2017-04-28
Sistema,123726000.00000,2017-04-29
Sistema,197552100.00000,2017-04-30
Sistema,194943000.00000,2017-05-01
Sistema,257640400.00000,2017-05-02
Sistema,189159100.00000,2017-05-03
Sistema,229559400.00000,2017-05-04
Sistema,226551700.00000,2017-05-05
Sistema,429693500.00000,2017-05-06
Sistema,287031600.00000,2017-05-07
Sistema,408884000.00000,2017-05-08
Sistema,295138200.00000,2017-05-09
Sistema,395071200.00000,2017-05-10
Sistema,338703700.00000,2017-05-11
Sistema,322806600.00000,2017-05-12
Sistema,370098500.00000,2017-05-13
Sistema,415122100.00000,2017-05-14
Sistema,476524100.00000,2017-05-15
Sistema,449796000.00000,2017-05-16
Sistema,377421500.00000,2017-05-17
Sistema,427235800.00000,2017-05-18
Sistema,288668800.00000,2017-05-19
Sistema,275886300.00000,2017-05-20
Sistema,276843300.00000,2017-05-21
Sistema,300706300.00000,2017-05-22
Sistema,212639100.00000,2017-05-23
Sistema,199643300.00000,2017-05-24
Sistema,184868200.00000,2017-05-25
Sistema,157230900.00000,2017-05-26
Sistema,167270500.00000,2017-05-27
Sistema,142167900.00000,2017-05-28
Sistema,147341200.00000,2017-05-29
Sistema,217131700.00000,2017-05-30
Sistema,204148900.00000,2017-05-31
Sistema,228931300.00000,2017-06-01
Sistema,214589900.00000,2017-06-02
Sistema,133265300.00000,2017-06-03
Sistema,171610500.00000,2017-06-04
Sistema,230468400.00000,2017-06-05
Sistema,146013300.00000,2017-06-06
Sistema,342984300.00000,2017-06-07
Sistema,251505600.00000,2017-06-08
Sistema,212628000.00000,2017-06-09
Sistema,183305300.00000,2017-06-10
Sistema,209698200.00000,2017-06-11
Sistema,304566200.00000,2017-06-12
Sistema,426481000.00000,2017-06-13
Sistema,283089700.00000,2017-06-14
Sistema,435645400.00000,2017-06-15
Sistema,256178600.00000,2017-06-16
Sistema,264925900.00000,2017-06-17
Sistema,232335200.00000,2017-06-18
Sistema,244818900.00000,2017-06-19
Sistema,241540600.00000,2017-06-20
Sistema,287800400.00000,2017-06-21
Sistema,215058400.00000,2017-06-22
Sistema,229859800.00000,2017-06-23
Sistema,178548000.00000,2017-06-24
Sistema,178094400.00000,2017-06-25
Sistema,240972500.00000,2017-06-26
Sistema,255747700.00000,2017-06-27
Sistema,218411600.00000,2017-06-28
Sistema,169380100.00000,2017-06-29
Sistema,250635500.00000,2017-06-30
Sistema,217551600.00000,2017-07-01
Sistema,226858600.00000,2017-07-02
Sistema,194828400.00000,2017-07-03
Sistema,182070500.00000,2017-07-04
Sistema,165339000.00000,2017-07-05
Sistema,226339000.00000,2017-07-06
Sistema,160919200.00000,2017-07-07
Sistema,166017600.00000,2017-07-08
Sistema,200636100.00000,2017-07-09
Sistema,206828300.00000,2017-07-10
Sistema,217354200.00000,2017-07-11
Sistema,235427600.00000,2017-07-12
Sistema,182437600.00000,2017-07-13
Sistema,165476100.00000,2017-07-14
Sistema,180551500.00000,2017-07-15
Sistema,164438400.00000,2017-07-16
Sistema,168989600.00000,2017-07-17
Sistema,260352500.00000,2017-07-18
Sistema,254682800.00000,2017-07-19
Sistema,249389800.00000,2017-07-20
Sistema,161713800.00000,2017-07-21
Sistema,144023400.00000,2017-07-22
Sistema,181630800.00000,2017-07-23
Sistema,155177000.00000,2017-07-24
Sistema,284845100.00000,2017-07-25
Sistema,235209700.00000,2017-07-26
Sistema,200910100.00000,2017-07-27
Sistema,223248600.00000,2017-07-28
Sistema,182237700.00000,2017-07-29
Sistema,217075300.00000,2017-07-30
Sistema,199376200.00000,2017-07-31
Sistema,168874900.00000,2017-08-01
Sistema,142458100.00000,2017-08-02
Sistema,131181700.00000,2017-08-03
Sistema,216288500.00000,2017-08-04
Sistema,143252900.00000,2017-08-05
Sistema,124430700.00000,2017-08-06
Sistema,152152300.00000,2017-08-07
Sistema,183823300.00000,2017-08-08
Sistema,245790600.00000,2017-08-09
Sistema,154577400.00000,2017-08-10
Sistema,167184500.00000,2017-08-11
Sistema,201512200.00000,2017-08-12
Sistema,123764800.00000,2017-08-13
Sistema,110762900.00000,2017-08-14
Sistema,116981700.00000,2017-08-15
Sistema,158409100.00000,2017-08-16
Sistema,122308800.00000,2017-08-17
Sistema,124662500.00000,2017-08-18
Sistema,171935100.00000,2017-08-19
Sistema,159547700.00000,2017-08-20
Sistema,136030800.00000,2017-08-21
Sistema,146627300.00000,2017-08-22
Sistema,121202200.00000,2017-08-23
Sistema,165668400.00000,2017-08-24
Sistema,123340700.00000,2017-08-25
Sistema,127955200.00000,2017-08-26
Sistema,155211100.00000,2017-08-27
Sistema,127059000.00000,2017-08-28
Sistema,176842500.00000,2017-08-29
Sistema,218395700.00000,2017-08-30
Sistema,180923500.00000,2017-08-31
Sistema,122891100.00000,2017-09-01
Sistema,178647900.00000,2017-09-02
Sistema,133610200.00000,2017-09-03
Sistema,117428100.00000,2017-09-04
Sistema,140068900.00000,2017-09-05
Sistema,138019600.00000,2017-09-06
Sistema,147571400.00000,2017-09-07
Sistema,169446500.00000,2017-09-08
Sistema,173653300.00000,2017-09-09
Sistema,220404300.00000,2017-09-10
Sistema,144243100.00000,2017-09-11
Sistema,158061300.00000,2017-09-12
Sistema,169292500.00000,2017-09-13
Sistema,146422400.00000,2017-09-14
Sistema,192609800.00000,2017-09-15
Sistema,267197200.00000,2017-09-16
Sistema,248365300.00000,2017-09-17
Sistema,159267900.00000,2017-09-18
Sistema,155055100.00000,2017-09-19
Sistema,165199900.00000,2017-09-20
Sistema,114036900.00000,2017-09-21
Sistema,139344500.00000,2017-09-22
Sistema,216524700.00000,2017-09-23
Sistema,164795100.00000,2017-09-24
Sistema,142973400.00000,2017-09-25
Sistema,129098900.00000,2017-09-26
Sistema,107756700.00000,2017-09-27
Sistema,150788900.00000,2017-09-28
Sistema,181372000.00000,2017-09-29
Sistema,199565900.00000,2017-09-30
Sistema,151196200.00000,2017-10-01
Sistema,210218300.00000,2017-10-02
Sistema,196502600.00000,2017-10-03
Sistema,222693900.00000,2017-10-04
Sistema,176212500.00000,2017-10-05
Sistema,155016300.00000,2017-10-06
Sistema,134532500.00000,2017-10-07
Sistema,119787100.00000,2017-10-08
Sistema,133159200.00000,2017-10-09
Sistema,142745400.00000,2017-10-10
Sistema,170186000.00000,2017-10-11
Sistema,120959000.00000,2017-10-12
Sistema,122915600.00000,2017-10-13
Sistema,126740000.00000,2017-10-14
Sistema,124114200.00000,2017-10-15
Sistema,134960100.00000,2017-10-16
Sistema,109308600.00000,2017-10-17
Sistema,107337000.00000,2017-10-18
Sistema,110521900.00000,2017-10-19
Sistema,117886000.00000,2017-10-20
Sistema,130178800.00000,2017-10-21
Sistema,162601500.00000,2017-10-22
Sistema,128488900.00000,2017-10-23
Sistema,116491200.00000,2017-10-24
Sistema,108687800.00000,2017-10-25
Sistema,158733700.00000,2017-10-26
Sistema,124747800.00000,2017-10-27
Sistema,184425600.00000,2017-10-28
Sistema,250481800.00000,2017-10-29
Sistema,169404800.00000,2017-10-30
Sistema,167505600.00000,2017-10-31
Sistema,162629100.00000,2017-11-01
Sistema,151647100.00000,2017-11-02
Sistema,173983700.00000,2017-11-03
Sistema,263967400.00000,2017-11-04
Sistema,160632300.00000,2017-11-05
Sistema,146183800.00000,2017-11-06
Sistema,121453700.00000,2017-11-07
Sistema,174323500.00000,2017-11-08
Sistema,162087300.00000,2017-11-09
Sistema,167527200.00000,2017-11-10
Sistema,177263300.00000,2017-11-11
Sistema,144301500.00000,2017-11-12
Sistema,131133200.00000,2017-11-13
Sistema,156915700.00000,2017-11-14
Sistema,263955100.00000,2017-11-15
Sistema,287076200.00000,2017-11-16
Sistema,255313800.00000,2017-11-17
Sistema,273367500.00000,2017-11-18
Sistema,296386200.00000,2017-11-19
Sistema,273846100.00000,2017-11-20
Sistema,230998800.00000,2017-11-21
Sistema,173817100.00000,2017-11-22
Sistema,167400800.00000,2017-11-23
Sistema,196866700.00000,2017-11-24
Sistema,186948600.00000,2017-11-25
Sistema,152949000.00000,2017-11-26
Sistema,145020000.00000,2017-11-27
Sistema,140168600.00000,2017-11-28
Sistema,133569800.00000,2017-11-29
Sistema,132219200.00000,2017-11-30
Sistema,152276700.00000,2017-12-01
Sistema,175970900.00000,2017-12-02
Sistema,157071000.00000,2017-12-03
Sistema,149354000.00000,2017-12-04
Sistema,171097400.00000,2017-12-05
Sistema,119471000.00000,2017-12-06
Sistema,119040900.00000,2017-12-07
Sistema,144137600.00000,2017-12-08
Sistema,223473400.00000,2017-12-09
Sistema,173874000.00000,2017-12-10
Sistema,169560300.00000,2017-12-11
Sistema,181025800.00000,2017-12-12
Sistema,131653400.00000,2017-12-13
Sistema,107138000.00000,2017-12-14
Sistema,99727200.00000,2017-12-15
Sistema,102782700.00000,2017-12-16
Sistema,85988700.00000,2017-12-17
Sistema,85949200.00000,2017-12-18
Sistema,74522000.00000,2017-12-19
Sistema,81518800.00000,2017-12-20
Sistema,79946600.00000,2017-12-21
Sistema,77291800.00000,2017-12-22
Sistema,80408600.00000,2017-12-23
Sistema,88952500.00000,2017-12-24
Sistema,94647000.00000,2017-12-25
Sistema,99156700.00000,2017-12-26
Sistema,132154000.00000,2017-12-27
Sistema,115223300.00000,2017-12-28
Sistema,127512000.00000,2017-12-29
Sistema,131999700.00000,2017-12-30
Sistema,131455800.00000,2017-12-31
Sistema,130937300.00000,2018-01-01
Sistema,136647500.00000,2018-01-02
Sistema,150155200.00000,2018-01-03
Sistema,142374700.00000,2018-01-04
Sistema,148188600.00000,2018-01-05
Sistema,118149000.00000,2018-01-06
Sistema,104971100.00000,2018-01-07
Sistema,92414800.00000,2018-01-08
Sistema,140787400.00000,2018-01-09
Sistema,154571600.00000,2018-01-10
Sistema,137369700.00000,2018-01-11
Sistema,157083500.00000,2018-01-12
Sistema,111845900.00000,2018-01-13
Sistema,113172000.00000,2018-01-14
Sistema,120374200.00000,2018-01-15
Sistema,121159500.00000,2018-01-16
Sistema,141942200.00000,2018-01-17
Sistema,166318700.00000,2018-01-18
Sistema,190171700.00000,2018-01-19
Sistema,148490100.00000,2018-01-20
Sistema,118957000.00000,2018-01-21
Sistema,96125900.00000,2018-01-22
Sistema,96965300.00000,2018-01-23
Sistema,90643300.00000,2018-01-24
Sistema,74860500.00000,2018-01-25
Sistema,78383000.00000,2018-01-26
Sistema,80990200.00000,2018-01-27
Sistema,88601000.00000,2018-01-28
Sistema,77127400.00000,2018-01-29
Sistema,89635400.00000,2018-01-30
Sistema,77319500.00000,2018-01-31
Sistema,69382700.00000,2018-02-01
Sistema,85310400.00000,2018-02-02
Sistema,105648500.00000,2018-02-03
Sistema,80024900.00000,2018-02-04
Sistema,75811200.00000,2018-02-05
Sistema,82111200.00000,2018-02-06
Sistema,77758300.00000,2018-02-07
Sistema,68023900.00000,2018-02-08
Sistema,62851500.00000,2018-02-09
Sistema,70651400.00000,2018-02-10
Sistema,80385200.00000,2018-02-11
Sistema,85690700.00000,2018-02-12
Sistema,76566100.00000,2018-02-13
Sistema,77987200.00000,2018-02-14
Sistema,83664500.00000,2018-02-15
Sistema,83143800.00000,2018-02-16
Sistema,84769000.00000,2018-02-17
Sistema,85537100.00000,2018-02-18
Sistema,94410600.00000,2018-02-19
Sistema,80935000.00000,2018-02-20
Sistema,89111200.00000,2018-02-21
Sistema,82434900.00000,2018-02-22
Sistema,96245100.00000,2018-02-23
Sistema,106583400.00000,2018-02-24
Sistema,93549100.00000,2018-02-25
Sistema,85032200.00000,2018-02-26
Sistema,75621700.00000,2018-02-27
Sistema,66988100.00000,2018-02-28
Sistema,61643600.00000,2018-03-01
Sistema,76266400.00000,2018-03-02
Sistema,74986600.00000,2018-03-03
Sistema,80048200.00000,2018-03-04
Sistema,102049400.00000,2018-03-05
Sistema,103958000.00000,2018-03-06
Sistema,91086100.00000,2018-03-07
Sistema,126731200.00000,2018-03-08
Sistema,98650100.00000,2018-03-09
Sistema,74144500.00000,2018-03-10
Sistema,63848800.00000,2018-03-11
Sistema,58482800.00000,2018-03-12
Sistema,74704000.00000,2018-03-13
Sistema,72346400.00000,2018-03-14
Sistema,71257500.00000,2018-03-15
Sistema,74197200.00000,2018-03-16
Sistema,67028800.00000,2018-03-17
Sistema,80018400.00000,2018-03-18
Sistema,84940900.00000,2018-03-19
Sistema,90859500.00000,2018-03-20
Sistema,89824400.00000,2018-03-21
Sistema,80685800.00000,2018-03-22
Sistema,95402400.00000,2018-03-23
Sistema,114871900.00000,2018-03-24
Sistema,133571700.00000,2018-03-25
Sistema,119812700.00000,2018-03-26
Sistema,122606500.00000,2018-03-27
Sistema,121542200.00000,2018-03-28
Sistema,163300200.00000,2018-03-29
Sistema,117222400.00000,2018-03-30
Sistema,184017900.00000,2018-03-31
Sistema,251685600.00000,2018-04-01
Sistema,238055600.00000,2018-04-02
Sistema,242118500.00000,2018-04-03
Sistema,282791200.00000,2018-04-04
Sistema,243287100.00000,2018-04-05
Sistema,292819600.00000,2018-04-06
Sistema,207917200.00000,2018-04-07
Sistema,201764200.00000,2018-04-08
Sistema,178990000.00000,2018-04-09
Sistema,191405800.00000,2018-04-10
Sistema,205811600.00000,2018-04-11
Sistema,251590600.00000,2018-04-12
Sistema,262653600.00000,2018-04-13
Sistema,327239900.00000,2018-04-14
Sistema,231429800.00000,2018-04-15
Sistema,200909300.00000,2018-04-16
Sistema,175565500.00000,2018-04-17
Sistema,172473800.00000,2018-04-18
Sistema,234605500.00000,2018-04-19
Sistema,166393500.00000,2018-04-20
Sistema,129983800.00000,2018-04-21
Sistema,169114100.00000,2018-04-22
Sistema,185726700.00000,2018-04-23
Sistema,167296200.00000,2018-04-24
Sistema,202658200.00000,2018-04-25
Sistema,290419600.00000,2018-04-26
Sistema,444703600.00000,2018-04-27
Sistema,271298400.00000,2018-04-28
Sistema,271323700.00000,2018-04-29
Sistema,203711200.00000,2018-04-30
Sistema,186389600.00000,2018-05-01
Sistema,278404000.00000,2018-05-02
Sistema,205393500.00000,2018-05-03
Sistema,313134800.00000,2018-05-04
Sistema,226215700.00000,2018-05-05
Sistema,228383000.00000,2018-05-06
Sistema,340099700.00000,2018-05-07
Sistema,513359500.00000,2018-05-08
Sistema,420366700.00000,2018-05-09
Sistema,409945700.00000,2018-05-10
Sistema,365723500.00000,2018-05-11
Sistema,304190100.00000,2018-05-12
Sistema,358701000.00000,2018-05-13
Sistema,371264000.00000,2018-05-14
Sistema,409439700.00000,2018-05-15
Sistema,319320200.00000,2018-05-16
Sistema,313513000.00000,2018-05-17
Sistema,284756900.00000,2018-05-18
Sistema,309065900.00000,2018-05-19
Sistema,443458800.00000,2018-05-20
Sistema,346147000.00000,2018-05-21
Sistema,259053500.00000,2018-05-22
Sistema,417164800.00000,2018-05-23
Sistema,285547200.00000,2018-05-24
Sistema,266010000.00000,2018-05-25
Sistema,334720300.00000,2018-05-26
Sistema,378836900.00000,2018-05-27
Sistema,398742900.00000,2018-05-28
Sistema,262310400.00000,2018-05-29
Sistema,263457700.00000,2018-05-30
Sistema,251839100.00000,2018-05-31
Sistema,339723800.00000,2018-06-01
Sistema,351648500.00000,2018-06-02
Sistema,356082500.00000,2018-06-03
Sistema,418493200.00000,2018-06-04
Sistema,327420200.00000,2018-06-05
Sistema,295188600.00000,2018-06-06
Sistema,266548400.00000,2018-06-07
Sistema,250551900.00000,2018-06-08
Sistema,255841900.00000,2018-06-09
Sistema,242776300.00000,2018-06-10
Sistema,257522100.00000,2018-06-11
Sistema,239952700.00000,2018-06-12
Sistema,188035200.00000,2018-06-13
Sistema,257655100.00000,2018-06-14
Sistema,246512000.00000,2018-06-15
Sistema,264167100.00000,2018-06-16
Sistema,295758200.00000,2018-06-17
Sistema,238270400.00000,2018-06-18
Sistema,239850000.00000,2018-06-19
Sistema,250705200.00000,2018-06-20
Sistema,234393100.00000,2018-06-21
Sistema,202359200.00000,2018-06-22
Sistema,238979900.00000,2018-06-23
Sistema,315960600.00000,2018-06-24
Sistema,236514300.00000,2018-06-25
Sistema,257695400.00000,2018-06-26
Sistema,235287600.00000,2018-06-27
Sistema,406591200.00000,2018-06-28
Sistema,270587100.00000,2018-06-29
Sistema,226857900.00000,2018-06-30
Sistema,232225400.00000,2018-07-01
Sistema,270353500.00000,2018-07-02
Sistema,230454000.00000,2018-07-03
Sistema,193670200.00000,2018-07-04
Sistema,212210800.00000,2018-07-05
Sistema,191756200.00000,2018-07-06
Sistema,246833500.00000,2018-07-07
Sistema,184348600.00000,2018-07-08
Sistema,197469400.00000,2018-07-09
Sistema,251854000.00000,2018-07-10
Sistema,209420600.00000,2018-07-11
Sistema,211109500.00000,2018-07-12
Sistema,253412100.00000,2018-07-13
Sistema,223690800.00000,2018-07-14
Sistema,233990500.00000,2018-07-15
Sistema,297973400.00000,2018-07-16
Sistema,285048100.00000,2018-07-17
Sistema,225436900.00000,2018-07-18
Sistema,205438100.00000,2018-07-19
Sistema,214470300.00000,2018-07-20
Sistema,225658300.00000,2018-07-21
Sistema,212214100.00000,2018-07-22
Sistema,165724300.00000,2018-07-23
Sistema,292216800.00000,2018-07-24
Sistema,197134800.00000,2018-07-25
Sistema,192030900.00000,2018-07-26
Sistema,268047800.00000,2018-07-27
Sistema,326347200.00000,2018-07-28
Sistema,216180500.00000,2018-07-29
Sistema,212040500.00000,2018-07-30
Sistema,213053900.00000,2018-07-31
Sistema,198821300.00000,2018-08-01
Sistema,180108900.00000,2018-08-02
Sistema,215898500.00000,2018-08-03
Sistema,226192700.00000,2018-08-04
Sistema,355246800.00000,2018-08-05
Sistema,165349000.00000,2018-08-06
Sistema,170998600.00000,2018-08-07
Sistema,159561200.00000,2018-08-08
Sistema,227628800.00000,2018-08-09
Sistema,174278100.00000,2018-08-10
Sistema,136333400.00000,2018-08-11
Sistema,155888000.00000,2018-08-12
Sistema,181287400.00000,2018-08-13
Sistema,238844100.00000,2018-08-14
Sistema,163851300.00000,2018-08-15
Sistema,132031800.00000,2018-08-16
Sistema,156135200.00000,2018-08-17
Sistema,172242100.00000,2018-08-18
Sistema,202321500.00000,2018-08-19
Sistema,132356200.00000,2018-08-20
Sistema,143104000.00000,2018-08-21
Sistema,238693100.00000,2018-08-22
Sistema,139667100.00000,2018-08-23
Sistema,175583500.00000,2018-08-24
Sistema,123022100.00000,2018-08-25
Sistema,178200200.00000,2018-08-26
Sistema,287169200.00000,2018-08-27
Sistema,165741400.00000,2018-08-28
Sistema,179809200.00000,2018-08-29
Sistema,174101600.00000,2018-08-30
Sistema,142197600.00000,2018-08-31
Sistema,125886000.00000,2018-09-01
Sistema,136483800.00000,2018-09-02
Sistema,122255200.00000,2018-09-03
Sistema,161418400.00000,2018-09-04
Sistema,163726100.00000,2018-09-05
Sistema,222535300.00000,2018-09-06
Sistema,203574200.00000,2018-09-07
Sistema,255039400.00000,2018-09-08
Sistema,185192000.00000,2018-09-09
Sistema,132488100.00000,2018-09-10
Sistema,127089400.00000,2018-09-11
Sistema,129342000.00000,2018-09-12
Sistema,125660500.00000,2018-09-13
Sistema,173564900.00000,2018-09-14
Sistema,212112300.00000,2018-09-15
Sistema,226991500.00000,2018-09-16
Sistema,140499600.00000,2018-09-17
Sistema,149346000.00000,2018-09-18
Sistema,193263600.00000,2018-09-19
Sistema,148393500.00000,2018-09-20
Sistema,120404000.00000,2018-09-21
Sistema,146250200.00000,2018-09-22
Sistema,101898300.00000,2018-09-23
Sistema,105523200.00000,2018-09-24
Sistema,97748400.00000,2018-09-25
Sistema,101860200.00000,2018-09-26
Sistema,193706600.00000,2018-09-27
Sistema,149812700.00000,2018-09-28
Sistema,194421700.00000,2018-09-29
Sistema,164808700.00000,2018-09-30
Sistema,144560300.00000,2018-10-01
Sistema,153732400.00000,2018-10-02
Sistema,126370600.00000,2018-10-03
Sistema,145293900.00000,2018-10-04
Sistema,197717600.00000,2018-10-05
Sistema,221293200.00000,2018-10-06
Sistema,177416900.00000,2018-10-07
Sistema,191044400.00000,2018-10-08
Sistema,186615500.00000,2018-10-09
Sistema,206072900.00000,2018-10-10
Sistema,410010700.00000,2018-10-11
Sistema,217306100.00000,2018-10-12
Sistema,174820000.00000,2018-10-13
Sistema,185288000.00000,2018-10-14
Sistema,176096200.00000,2018-10-15
Sistema,195352900.00000,2018-10-16
Sistema,178202600.00000,2018-10-17
Sistema,150548900.00000,2018-10-18
Sistema,173727100.00000,2018-10-19
Sistema,188906500.00000,2018-10-20
Sistema,199799300.00000,2018-10-21
Sistema,167473600.00000,2018-10-22
Sistema,179203700.00000,2018-10-23
Sistema,211841500.00000,2018-10-24
Sistema,205413100.00000,2018-10-25
Sistema,199021300.00000,2018-10-26
Sistema,195250900.00000,2018-10-27
Sistema,165107300.00000,2018-10-28
Sistema,174306500.00000,2018-10-29
Sistema,163231300.00000,2018-10-30
Sistema,155078400.00000,2018-10-31
Sistema,143082800.00000,2018-11-01
Sistema,171213800.00000,2018-11-02
Sistema,215332700.00000,2018-11-03
Sistema,201953100.00000,2018-11-04
Sistema,254081000.00000,2018-11-05
Sistema,213825200.00000,2018-11-06
Sistema,194186900.00000,2018-11-07
Sistema,156753900.00000,2018-11-08
Sistema,212043700.00000,2018-11-09
Sistema,196375900.00000,2018-11-10
Sistema,179369900.00000,2018-11-11
Sistema,170478200.00000,2018-11-12
Sistema,169807200.00000,2018-11-13
Sistema,161713600.00000,2018-11-14
Sistema,161864400.00000,2018-11-15
Sistema,144845200.00000,2018-11-16
Sistema,168299700.00000,2018-11-17
Sistema,215660500.00000,2018-11-18
Sistema,188221800.00000,2018-11-19
Sistema,151582300.00000,2018-11-20
Sistema,152170500.00000,2018-11-21
Sistema,151519600.00000,2018-11-22
Sistema,187644600.00000,2018-11-23
Sistema,173192500.00000,2018-11-24
Sistema,230460300.00000,2018-11-25
Sistema,194884000.00000,2018-11-26
Sistema,171635800.00000,2018-11-27
Sistema,171253400.00000,2018-11-28
Sistema,152830200.00000,2018-11-29
Sistema,162907000.00000,2018-11-30
Sistema,158757800.00000,2018-12-01
Sistema,136740500.00000,2018-12-02
Sistema,126140800.00000,2018-12-03
Sistema,121562900.00000,2018-12-04
Sistema,127130600.00000,2018-12-05
Sistema,123136900.00000,2018-12-06
Sistema,106084900.00000,2018-12-07
Sistema,110600200.00000,2018-12-08
Sistema,99452700.00000,2018-12-09
Sistema,88591600.00000,2018-12-10
Sistema,93653100.00000,2018-12-11
Sistema,104048100.00000,2018-12-12
Sistema,105883800.00000,2018-12-13
Sistema,101473600.00000,2018-12-14
Sistema,98936700.00000,2018-12-15
Sistema,84282400.00000,2018-12-16
Sistema,86468600.00000,2018-12-17
Sistema,81091600.00000,2018-12-18
Sistema,99799700.00000,2018-12-19
Sistema,83393100.00000,2018-12-20
Sistema,82133700.00000,2018-12-21
Sistema,82591300.00000,2018-12-22
Sistema,82179100.00000,2018-12-23
Sistema,77617800.00000,2018-12-24
Sistema,80895000.00000,2018-12-25
Sistema,68050300.00000,2018-12-26
Sistema,75836500.00000,2018-12-27
Sistema,69145600.00000,2018-12-28
Sistema,62922200.00000,2018-12-29
Sistema,71202900.00000,2018-12-30
Sistema,66390600.00000,2018-12-31
Sistema,63035900.00000,2019-01-01
Sistema,60901300.00000,2019-01-02
Sistema,64058000.00000,2019-01-03
Sistema,62531300.00000,2019-01-04
Sistema,62769100.00000,2019-01-05
Sistema,68701100.00000,2019-01-06
Sistema,73105400.00000,2019-01-07
Sistema,67340400.00000,2019-01-08
Sistema,78001100.00000,2019-01-09
Sistema,74148600.00000,2019-01-10
Sistema,64123700.00000,2019-01-11
Sistema,67859800.00000,2019-01-12
Sistema,69245800.00000,2019-01-13
Sistema,75249400.00000,2019-01-14
Sistema,76075600.00000,2019-01-15
Sistema,74866300.00000,2019-01-16
Sistema,71206200.00000,2019-01-17
Sistema,74096100.00000,2019-01-18
Sistema,70487500.00000,2019-01-19
Sistema,84715100.00000,2019-01-20
Sistema,99163400.00000,2019-01-21
Sistema,73821300.00000,2019-01-22
Sistema,60833700.00000,2019-01-23
Sistema,59325000.00000,2019-01-24
Sistema,67777100.00000,2019-01-25
Sistema,61176300.00000,2019-01-26
Sistema,63514900.00000,2019-01-27
Sistema,71523500.00000,2019-01-28
Sistema,82082100.00000,2019-01-29
Sistema,63806100.00000,2019-01-30
Sistema,71622300.00000,2019-01-31
Sistema,72548500.00000,2019-02-01
Sistema,72581500.00000,2019-02-02
Sistema,68872600.00000,2019-02-03
Sistema,57683900.00000,2019-02-04
Sistema,67261500.00000,2019-02-05
Sistema,72305600.00000,2019-02-06
Sistema,71710100.00000,2019-02-07
Sistema,84816900.00000,2019-02-08
Sistema,80308600.00000,2019-02-09
Sistema,74978100.00000,2019-02-10
Sistema,65427200.00000,2019-02-11
Sistema,74117300.00000,2019-02-12
Sistema,61372900.00000,2019-02-13
Sistema,67370200.00000,2019-02-14
Sistema,56349400.00000,2019-02-15
Sistema,55495100.00000,2019-02-16
Sistema,66607400.00000,2019-02-17
Sistema,65849000.00000,2019-02-18
Sistema,83709700.00000,2019-02-19
Sistema,81827900.00000,2019-02-20
Sistema,75715300.00000,2019-02-21
Sistema,74940500.00000,2019-02-22
Sistema,87375400.00000,2019-02-23
Sistema,87179100.00000,2019-02-24
Sistema,88485100.00000,2019-02-25
Sistema,84367800.00000,2019-02-26
Sistema,93936600.00000,2019-02-27
Sistema,91820500.00000,2019-02-28
Sistema,80952600.00000,2019-03-01
Sistema,102977300.00000,2019-03-02
Sistema,72481300.00000,2019-03-03
Sistema,74048300.00000,2019-03-04
Sistema,71337100.00000,2019-03-05
Sistema,90965900.00000,2019-03-06
Sistema,71695400.00000,2019-03-07
Sistema,88646000.00000,2019-03-08
Sistema,73123100.00000,2019-03-09
Sistema,100111700.00000,2019-03-10
Sistema,101163800.00000,2019-03-11
Sistema,96258700.00000,2019-03-12
Sistema,78366300.00000,2019-03-13
Sistema,90310000.00000,2019-03-14
Sistema,101980300.00000,2019-03-15
Sistema,83550100.00000,2019-03-16
Sistema,88578800.00000,2019-03-17
Sistema,90007000.00000,2019-03-18
Sistema,142849300.00000,2019-03-19
Sistema,117920900.00000,2019-03-20
Sistema,112401100.00000,2019-03-21
Sistema,141974100.00000,2019-03-22
Sistema,147417300.00000,2019-03-23
Sistema,132084000.00000,2019-03-24
Sistema,114393000.00000,2019-03-25
Sistema,122911200.00000,2019-03-26
Sistema,103777600.00000,2019-03-27
Sistema,109044800.00000,2019-03-28
Sistema,122211400.00000,2019-03-29
Sistema,128964500.00000,2019-03-30
Sistema,100677800.00000,2019-03-31
Sistema,166306600.00000,2019-04-01
Sistema,220839000.00000,2019-04-02
Sistema,132915900.00000,2019-04-03
Sistema,133291000.00000,2019-04-04
Sistema,176725800.00000,2019-04-05
Sistema,202339400.00000,2019-04-06
Sistema,175546600.00000,2019-04-07
Sistema,138754100.00000,2019-04-08
Sistema,138237500.00000,2019-04-09
Sistema,129049200.00000,2019-04-10
Sistema,126166000.00000,2019-04-11
Sistema,138178300.00000,2019-04-12
Sistema,126648600.00000,2019-04-13
Sistema,137831200.00000,2019-04-14
Sistema,231763500.00000,2019-04-15
Sistema,141620600.00000,2019-04-16
Sistema,145394300.00000,2019-04-17
Sistema,173020700.00000,2019-04-18
Sistema,175040600.00000,2019-04-19
Sistema,205677100.00000,2019-04-20
Sistema,252147900.00000,2019-04-21
Sistema,325834500.00000,2019-04-22
Sistema,268829100.00000,2019-04-23
Sistema,293884100.00000,2019-04-24
Sistema,241468200.00000,2019-04-25
Sistema,244059400.00000,2019-04-26
Sistema,194148800.00000,2019-04-27
Sistema,187142700.00000,2019-04-28
Sistema,154055100.00000,2019-04-29
Sistema,126197100.00000,2019-04-30
Sistema,106024600.00000,2019-05-01
Sistema,102251800.00000,2019-05-02
Sistema,98057600.00000,2019-05-03
Sistema,108285100.00000,2019-05-04
Sistema,103885400.00000,2019-05-05
Sistema,106883300.00000,2019-05-06
Sistema,117041500.00000,2019-05-07
Sistema,155376300.00000,2019-05-08
Sistema,185244900.00000,2019-05-09
Sistema,230108500.00000,2019-05-10
Sistema,286151700.00000,2019-05-11
Sistema,237626900.00000,2019-05-12
Sistema,308549900.00000,2019-05-13
Sistema,339965600.00000,2019-05-14
Sistema,269666300.00000,2019-05-15
Sistema,211268800.00000,2019-05-16
Sistema,245991000.00000,2019-05-17
Sistema,214290100.00000,2019-05-18
Sistema,256912000.00000,2019-05-19
Sistema,244695700.00000,2019-05-20
Sistema,260891700.00000,2019-05-21
Sistema,269400900.00000,2019-05-22
Sistema,285674500.00000,2019-05-23
Sistema,334169200.00000,2019-05-24
Sistema,297776600.00000,2019-05-25
Sistema,241603500.00000,2019-05-26
Sistema,326039000.00000,2019-05-27
Sistema,242070400.00000,2019-05-28
Sistema,261505700.00000,2019-05-29
Sistema,298506900.00000,2019-05-30
Sistema,278916700.00000,2019-05-31
Sistema,352801100.00000,2019-06-01
Sistema,293743400.00000,2019-06-02
Sistema,248943500.00000,2019-06-03
Sistema,208728500.00000,2019-06-04
Sistema,257710600.00000,2019-06-05
Sistema,230489200.00000,2019-06-06
Sistema,268013700.00000,2019-06-07
Sistema,212450900.00000,2019-06-08
Sistema,185736700.00000,2019-06-09
Sistema,324148500.00000,2019-06-10
Sistema,276450900.00000,2019-06-11
Sistema,322149400.00000,2019-06-12
Sistema,242207900.00000,2019-06-13
Sistema,272658800.00000,2019-06-14
Sistema,267772100.00000,2019-06-15
Sistema,223636000.00000,2019-06-16
Sistema,232507700.00000,2019-06-17
Sistema,247467600.00000,2019-06-18
Sistema,200615700.00000,2019-06-19
Sistema,318587900.00000,2019-06-20
Sistema,367168400.00000,2019-06-21
Sistema,342664300.00000,2019-06-22
Sistema,316022900.00000,2019-06-23
Sistema,300708700.00000,2019-06-24
Sistema,245270300.00000,2019-06-25
Sistema,196138900.00000,2019-06-26
Sistema,160084300.00000,2019-06-27
Sistema,160804200.00000,2019-06-28
Sistema,200406500.00000,2019-06-29
Sistema,219137100.00000,2019-06-30
Sistema,255283100.00000,2019-07-01
Sistema,238181100.00000,2019-07-02
Sistema,232981700.00000,2019-07-03
Sistema,172502000.00000,2019-07-04
Sistema,198126700.00000,2019-07-05
Sistema,192267600.00000,2019-07-06
Sistema,146858900.00000,2019-07-07
Sistema,161731400.00000,2019-07-08
Sistema,152042100.00000,2019-07-09
Sistema,140789200.00000,2019-07-10
Sistema,155620000.00000,2019-07-11
Sistema,136799400.00000,2019-07-12
Sistema,217924200.00000,2019-07-13
Sistema,294211800.00000,2019-07-14
Sistema,294956900.00000,2019-07-15
Sistema,185197100.00000,2019-07-16
Sistema,151981400.00000,2019-07-17
Sistema,141125300.00000,2019-07-18
Sistema,244327800.00000,2019-07-19
Sistema,265828300.00000,2019-07-20
Sistema,276396900.00000,2019-07-21
Sistema,279440300.00000,2019-07-22
Sistema,368347300.00000,2019-07-23
Sistema,240510900.00000,2019-07-24
Sistema,195991100.00000,2019-07-25
Sistema,221173800.00000,2019-07-26
Sistema,208175900.00000,2019-07-27
Sistema,266803400.00000,2019-07-28
Sistema,184757500.00000,2019-07-29
Sistema,160524600.00000,2019-07-30
Sistema,144930200.00000,2019-07-31
Sistema,134614700.00000,2019-08-01
Sistema,150309300.00000,2019-08-02
Sistema,211800800.00000,2019-08-03
Sistema,179116500.00000,2019-08-04
Sistema,179459400.00000,2019-08-05
Sistema,140936200.00000,2019-08-06
Sistema,119959700.00000,2019-08-07
Sistema,166475200.00000,2019-08-08
Sistema,137772600.00000,2019-08-09
Sistema,127310600.00000,2019-08-10
Sistema,171071200.00000,2019-08-11
Sistema,159735300.00000,2019-08-12
Sistema,255500200.00000,2019-08-13
Sistema,295795600.00000,2019-08-14
Sistema,212284900.00000,2019-08-15
Sistema,161796800.00000,2019-08-16
Sistema,164197700.00000,2019-08-17
Sistema,138895000.00000,2019-08-18
Sistema,199507400.00000,2019-08-19
Sistema,148259200.00000,2019-08-20
Sistema,137154000.00000,2019-08-21
Sistema,112492600.00000,2019-08-22
Sistema,112145400.00000,2019-08-23
Sistema,109857400.00000,2019-08-24
Sistema,98939500.00000,2019-08-25
Sistema,89465600.00000,2019-08-26
Sistema,91196300.00000,2019-08-27
Sistema,137548900.00000,2019-08-28
Sistema,112013100.00000,2019-08-29
Sistema,89144300.00000,2019-08-30
Sistema,88923400.00000,2019-08-31
Sistema,104324600.00000,2019-09-01
Sistema,155531600.00000,2019-09-02
Sistema,103026700.00000,2019-09-03
Sistema,123856100.00000,2019-09-04
Sistema,110635100.00000,2019-09-05
Sistema,132414300.00000,2019-09-06
Sistema,121283400.00000,2019-09-07
Sistema,84545200.00000,2019-09-08
Sistema,82309500.00000,2019-09-09
Sistema,92756000.00000,2019-09-10
Sistema,101181500.00000,2019-09-11
Sistema,103287700.00000,2019-09-12
Sistema,133617800.00000,2019-09-13
Sistema,139305900.00000,2019-09-14
Sistema,108245100.00000,2019-09-15
Sistema,136699700.00000,2019-09-16
Sistema,98257800.00000,2019-09-17
Sistema,134994700.00000,2019-09-18
Sistema,157191800.00000,2019-09-19
Sistema,143569700.00000,2019-09-20
Sistema,172040000.00000,2019-09-21
Sistema,139209300.00000,2019-09-22
Sistema,177902200.00000,2019-09-23
Sistema,118885000.00000,2019-09-24
Sistema,149067100.00000,2019-09-25
Sistema,165258300.00000,2019-09-26
Sistema,101324500.00000,2019-09-27
Sistema,110206800.00000,2019-09-28
Sistema,135755200.00000,2019-09-29
Sistema,124942100.00000,2019-09-30
Sistema,145151500.00000,2019-10-01
Sistema,129060400.00000,2019-10-02
Sistema,244505600.00000,2019-10-03
Sistema,133646900.00000,2019-10-04
Sistema,133793600.00000,2019-10-05
Sistema,125556600.00000,2019-10-06
Sistema,142865400.00000,2019-10-07
Sistema,133269700.00000,2019-10-08
Sistema,115095600.00000,2019-10-09
Sistema,134738600.00000,2019-10-10
Sistema,152155100.00000,2019-10-11
Sistema,193466400.00000,2019-10-12
Sistema,240778100.00000,2019-10-13
Sistema,165998600.00000,2019-10-14
Sistema,123706500.00000,2019-10-15
Sistema,116771600.00000,2019-10-16
Sistema,140716000.00000,2019-10-17
Sistema,149436600.00000,2019-10-18
Sistema,204902700.00000,2019-10-19
Sistema,193603600.00000,2019-10-20
Sistema,187577100.00000,2019-10-21
Sistema,165576100.00000,2019-10-22
Sistema,209076300.00000,2019-10-23
Sistema,219235300.00000,2019-10-24
Sistema,188406300.00000,2019-10-25
Sistema,200956600.00000,2019-10-26
Sistema,208099100.00000,2019-10-27
Sistema,151826500.00000,2019-10-28
Sistema,162223500.00000,2019-10-29
Sistema,214642100.00000,2019-10-30
Sistema,143941300.00000,2019-10-31
Sistema,127273300.00000,2019-11-01
Sistema,136790400.00000,2019-11-02
Sistema,128333400.00000,2019-11-03
Sistema,136499500.00000,2019-11-04
Sistema,139297100.00000,2019-11-05
Sistema,121258300.00000,2019-11-06
Sistema,108349900.00000,2019-11-07
Sistema,107930700.00000,2019-11-08
Sistema,158841600.00000,2019-11-09
Sistema,120978500.00000,2019-11-10
Sistema,188108300.00000,2019-11-11
Sistema,223217100.00000,2019-11-12
Sistema,256892000.00000,2019-11-13
Sistema,214883300.00000,2019-11-14
Sistema,204894000.00000,2019-11-15
Sistema,176766000.00000,2019-11-16
Sistema,152166700.00000,2019-11-17
Sistema,147482500.00000,2019-11-18
Sistema,149741900.00000,2019-11-19
Sistema,172795200.00000,2019-11-20
Sistema,143321400.00000,2019-11-21
Sistema,164796400.00000,2019-11-22
Sistema,165558100.00000,2019-11-23
Sistema,140485800.00000,2019-11-24
Sistema,117825100.00000,2019-11-25
Sistema,113612800.00000,2019-11-26
Sistema,127042700.00000,2019-11-27
Sistema,130363900.00000,2019-11-28
Sistema,121237400.00000,2019-11-29
Sistema,119853100.00000,2019-11-30
Sistema,135310000.00000,2019-12-01
Sistema,111271900.00000,2019-12-02
Sistema,103004900.00000,2019-12-03
Sistema,96924600.00000,2019-12-04
Sistema,107149300.00000,2019-12-05
Sistema,96681900.00000,2019-12-06
Sistema,103530400.00000,2019-12-07
Sistema,104862700.00000,2019-12-08
Sistema,96843100.00000,2019-12-09
Sistema,92750700.00000,2019-12-10
Sistema,94794100.00000,2019-12-11
Sistema,95886900.00000,2019-12-12
Sistema,109342900.00000,2019-12-13
Sistema,142265200.00000,2019-12-14
Sistema,165208400.00000,2019-12-15
Sistema,104899800.00000,2019-12-16
Sistema,99887100.00000,2019-12-17
Sistema,104178500.00000,2019-12-18
Sistema,98396600.00000,2019-12-19
Sistema,128975700.00000,2019-12-20
Sistema,111043300.00000,2019-12-21
Sistema,112722200.00000,2019-12-22
Sistema,101964300.00000,2019-12-23
Sistema,93022200.00000,2019-12-24
Sistema,114856700.00000,2019-12-25
Sistema,138427500.00000,2019-12-26
Sistema,100258700.00000,2019-12-27
Sistema,80900300.00000,2019-12-28
Sistema,78761300.00000,2019-12-29
Sistema,110619000.00000,2019-12-30
Sistema,167514200.00000,2019-12-31
Sistema,132549100.00000,2020-01-01
Sistema,111798800.00000,2020-01-02
Sistema,91956000.00000,2020-01-03
Sistema,80850900.00000,2020-01-04
Sistema,71334200.00000,2020-01-05
Sistema,69173700.00000,2020-01-06
Sistema,62817500.00000,2020-01-07
Sistema,62052500.00000,2020-01-08
Sistema,58060600.00000,2020-01-09
Sistema,57525300.00000,2020-01-10
Sistema,57948000.00000,2020-01-11
Sistema,58463200.00000,2020-01-12
Sistema,54337400.00000,2020-01-13
Sistema,54031500.00000,2020-01-14
Sistema,53971200.00000,2020-01-15
Sistema,56301500.00000,2020-01-16
Sistema,66271700.00000,2020-01-17
Sistema,64616100.00000,2020-01-18
Sistema,64253200.00000,2020-01-19
Sistema,72607300.00000,2020-01-20
Sistema,74845000.00000,2020-01-21
Sistema,77070400.00000,2020-01-22
Sistema,65665600.00000,2020-01-23
Sistema,69704000.00000,2020-01-24
Sistema,61718500.00000,2020-01-25
Sistema,77286700.00000,2020-01-26
Sistema,79614900.00000,2020-01-27
Sistema,68631900.00000,2020-01-28
Sistema,64302300.00000,2020-01-29
Sistema,60120300.00000,2020-01-30
Sistema,66411000.00000,2020-01-31
Sistema,56411900.00000,2020-02-01
Sistema,59721300.00000,2020-02-02
Sistema,60460200.00000,2020-02-03
Sistema,53207000.00000,2020-02-04
Sistema,50240700.00000,2020-02-05
Sistema,48763200.00000,2020-02-06
Sistema,49339400.00000,2020-02-07
Sistema,51898700.00000,2020-02-08
Sistema,56452500.00000,2020-02-09
Sistema,49588000.00000,2020-02-10
Sistema,47073900.00000,2020-02-11
Sistema,45214800.00000,2020-02-12
Sistema,45050200.00000,2020-02-13
Sistema,48703300.00000,2020-02-14
Sistema,65114600.00000,2020-02-15
Sistema,54080500.00000,2020-02-16
Sistema,61892500.00000,2020-02-17
Sistema,46671300.00000,2020-02-18
Sistema,49734100.00000,2020-02-19
Sistema,56027800.00000,2020-02-20
Sistema,65334900.00000,2020-02-21
Sistema,88381200.00000,2020-02-22
Sistema,98808200.00000,2020-02-23
Sistema,91902700.00000,2020-02-24
Sistema,92768300.00000,2020-02-25
Sistema,113985400.00000,2020-02-26
Sistema,88470200.00000,2020-02-27
Sistema,85220600.00000,2020-02-28
Sistema,70620500.00000,2020-02-29
Sistema,69932600.00000,2020-03-01
Sistema,72024300.00000,2020-03-02
Sistema,72521700.00000,2020-03-03
Sistema,67175800.00000,2020-03-04
Sistema,54989000.00000,2020-03-05
Sistema,55370100.00000,2020-03-06
Sistema,61419100.00000,2020-03-07
Sistema,55798800.00000,2020-03-08
Sistema,61948100.00000,2020-03-09
Sistema,71702200.00000,2020-03-10
Sistema,91350500.00000,2020-03-11
Sistema,73337400.00000,2020-03-12
Sistema,77213200.00000,2020-03-13
Sistema,130672500.00000,2020-03-14
Sistema,105885200.00000,2020-03-15
Sistema,98102000.00000,2020-03-16
Sistema,100658900.00000,2020-03-17
Sistema,83358900.00000,2020-03-18
Sistema,80686900.00000,2020-03-19
Sistema,74533000.00000,2020-03-20
Sistema,71023200.00000,2020-03-21
Sistema,61870900.00000,2020-03-22
Sistema,62344000.00000,2020-03-23
Sistema,61616700.00000,2020-03-24
Sistema,66773500.00000,2020-03-25
Sistema,67472600.00000,2020-03-26
Sistema,64527600.00000,2020-03-27
Sistema,75053500.00000,2020-03-28
Sistema,81772500.00000,2020-03-29
Sistema,85677900.00000,2020-03-30
Sistema,104488800.00000,2020-03-31
Sistema,162127000.00000,2020-04-01
Sistema,115655800.00000,2020-04-02
Sistema,89676300.00000,2020-04-03
Sistema,104145500.00000,2020-04-04
Sistema,87589300.00000,2020-04-05
Sistema,85762400.00000,2020-04-06
Sistema,142637400.00000,2020-04-07
Sistema,92432400.00000,2020-04-08
Sistema,106719400.00000,2020-04-09
Sistema,98317600.00000,2020-04-10
Sistema,172942400.00000,2020-04-11
Sistema,109035100.00000,2020-04-12
Sistema,93076200.00000,2020-04-13
Sistema,91573500.00000,2020-04-14
Sistema,89952600.00000,2020-04-15
Sistema,79432100.00000,2020-04-16
Sistema,86393400.00000,2020-04-17
Sistema,101451800.00000,2020-04-18
Sistema,93499600.00000,2020-04-19
Sistema,87560600.00000,2020-04-20
Sistema,106716400.00000,2020-04-21
Sistema,90621200.00000,2020-04-22
Sistema,143997600.00000,2020-04-23
Sistema,105797300.00000,2020-04-24
Sistema,77425700.00000,2020-04-25
Sistema,82890700.00000,2020-04-26
Sistema,80143900.00000,2020-04-27
Sistema,101676400.00000,2020-04-28
Sistema,81601800.00000,2020-04-29
Sistema,94748300.00000,2020-04-30
Sistema,161569500.00000,2020-05-01
Sistema,120002800.00000,2020-05-02
Sistema,141273000.00000,2020-05-03
Sistema,117375300.00000,2020-05-04
Sistema,122828900.00000,2020-05-05
Sistema,110025300.00000,2020-05-06
Sistema,200041200.00000,2020-05-07
Sistema,139352900.00000,2020-05-08
Sistema,122627100.00000,2020-05-09
Sistema,108688100.00000,2020-05-10
Sistema,111210300.00000,2020-05-11
Sistema,98049600.00000,2020-05-12
Sistema,138137000.00000,2020-05-13
Sistema,112494600.00000,2020-05-14
Sistema,99181200.00000,2020-05-15
Sistema,163575900.00000,2020-05-16
Sistema,127879200.00000,2020-05-17
Sistema,144412900.00000,2020-05-18
Sistema,182814900.00000,2020-05-19
Sistema,129017600.00000,2020-05-20
Sistema,101587600.00000,2020-05-21
Sistema,95862600.00000,2020-05-22
Sistema,97326100.00000,2020-05-23
Sistema,87702500.00000,2020-05-24
Sistema,110120900.00000,2020-05-25
Sistema,136214600.00000,2020-05-26
Sistema,181336100.00000,2020-05-27
Sistema,156629800.00000,2020-05-28
Sistema,132673400.00000,2020-05-29
Sistema,211778200.00000,2020-05-30
Sistema,184203400.00000,2020-05-31
Sistema,195460600.00000,2020-06-01
Sistema,141855700.00000,2020-06-02
Sistema,136690400.00000,2020-06-03
Sistema,161251600.00000,2020-06-04
Sistema,118699300.00000,2020-06-05
Sistema,223466800.00000,2020-06-06
Sistema,151538700.00000,2020-06-07
Sistema,116908100.00000,2020-06-08
Sistema,105413300.00000,2020-06-09
Sistema,147294100.00000,2020-06-10
Sistema,186785300.00000,2020-06-11
Sistema,241029100.00000,2020-06-12
Sistema,165017500.00000,2020-06-13
Sistema,188209300.00000,2020-06-14
Sistema,200772500.00000,2020-06-15
Sistema,153450100.00000,2020-06-16
Sistema,196181900.00000,2020-06-17
Sistema,166611200.00000,2020-06-18
Sistema,157580500.00000,2020-06-19
Sistema,271136500.00000,2020-06-20
Sistema,293630600.00000,2020-06-21
Sistema,257702800.00000,2020-06-22
Sistema,220680100.00000,2020-06-23
Sistema,161631200.00000,2020-06-24
Sistema,135565700.00000,2020-06-25
Sistema,201168100.00000,2020-06-26
Sistema,197898500.00000,2020-06-27
Sistema,242064800.00000,2020-06-28
Sistema,163172400.00000,2020-06-29
Sistema,155789800.00000,2020-06-30
Sistema,159877100.00000,2020-07-01
Sistema,311876000.00000,2020-07-02
Sistema,212216700.00000,2020-07-03
Sistema,399617000.00000,2020-07-04
Sistema,330466000.00000,2020-07-05
Sistema,251440500.00000,2020-07-06
Sistema,237366500.00000,2020-07-07
Sistema,225963000.00000,2020-07-08
Sistema,275541400.00000,2020-07-09
Sistema,199545500.00000,2020-07-10
Sistema,282068800.00000,2020-07-11
Sistema,198480400.00000,2020-07-12
Sistema,206281700.00000,2020-07-13
Sistema,228923100.00000,2020-07-14
Sistema,176700600.00000,2020-07-15
Sistema,187038300.00000,2020-07-16
Sistema,177964500.00000,2020-07-17
Sistema,145331000.00000,2020-07-18
Sistema,153052900.00000,2020-07-19
Sistema,149993000.00000,2020-07-20
Sistema,164859300.00000,2020-07-21
Sistema,176404200.00000,2020-07-22
Sistema,159494000.00000,2020-07-23
Sistema,253606300.00000,2020-07-24
Sistema,406771700.00000,2020-07-25
Sistema,252169200.00000,2020-07-26
Sistema,309559700.00000,2020-07-27
Sistema,222173900.00000,2020-07-28
Sistema,169735200.00000,2020-07-29
Sistema,213239200.00000,2020-07-30
Sistema,176809900.00000,2020-07-31
Sistema,150127400.00000,2020-08-01
Sistema,122048000.00000,2020-08-02
Sistema,120048000.00000,2020-08-03
Sistema,111033200.00000,2020-08-04
Sistema,117882100.00000,2020-08-05
Sistema,123520800.00000,2020-08-06
Sistema,117119000.00000,2020-08-07
Sistema,149512000.00000,2020-08-08
Sistema,133786400.00000,2020-08-09
Sistema,119278600.00000,2020-08-10
Sistema,121467500.00000,2020-08-11
Sistema,133098800.00000,2020-08-12
Sistema,176684900.00000,2020-08-13
Sistema,214910200.00000,2020-08-14
Sistema,181124800.00000,2020-08-15
Sistema,156314600.00000,2020-08-16
Sistema,183202700.00000,2020-08-17
Sistema,126682400.00000,2020-08-18
Sistema,137564800.00000,2020-08-19
Sistema,223341200.00000,2020-08-20
Sistema,197603200.00000,2020-08-21
Sistema,249882900.00000,2020-08-22
Sistema,194179800.00000,2020-08-23
Sistema,156193300.00000,2020-08-24
Sistema,201203600.00000,2020-08-25
Sistema,170122600.00000,2020-08-26
Sistema,136580800.00000,2020-08-27
Sistema,158004900.00000,2020-08-28
Sistema,118282300.00000,2020-08-29
Sistema,122199300.00000,2020-08-30
Sistema,103637700.00000,2020-08-31
Sistema,130795000.00000,2020-09-01
Sistema,164581800.00000,2020-09-02
Sistema,152479400.00000,2020-09-03
Sistema,201821500.00000,2020-09-04
Sistema,181666600.00000,2020-09-05
Sistema,182868900.00000,2020-09-06
Sistema,158710200.00000,2020-09-07
Sistema,284757700.00000,2020-09-08
Sistema,154200700.00000,2020-09-09
Sistema,146455500.00000,2020-09-10
Sistema,137946700.00000,2020-09-11
Sistema,151238200.00000,2020-09-12
Sistema,140593700.00000,2020-09-13
Sistema,126561500.00000,2020-09-14
Sistema,114063900.00000,2020-09-15
Sistema,137488500.00000,2020-09-16
Sistema,130897300.00000,2020-09-17
Sistema,171307000.00000,2020-09-18
Sistema,182653600.00000,2020-09-19
Sistema,186952800.00000,2020-09-20
Sistema,173098100.00000,2020-09-21
Sistema,148477300.00000,2020-09-22
Sistema,171955300.00000,2020-09-23
Sistema,146579300.00000,2020-09-24
Sistema,151378900.00000,2020-09-25
Sistema,149071300.00000,2020-09-26
Sistema,155595600.00000,2020-09-27
Sistema,128584400.00000,2020-09-28
Sistema,126456700.00000,2020-09-29
Sistema,162990700.00000,2020-09-30
Sistema,148834700.00000,2020-10-01
Sistema,162975000.00000,2020-10-02
Sistema,138412400.00000,2020-10-03
Sistema,222928700.00000,2020-10-04
Sistema,184936200.00000,2020-10-05
Sistema,185441100.00000,2020-10-06
Sistema,127586400.00000,2020-10-07
Sistema,161030600.00000,2020-10-08
Sistema,156432500.00000,2020-10-09
Sistema,121592800.00000,2020-10-10
Sistema,106579000.00000,2020-10-11
Sistema,110910000.00000,2020-10-12
Sistema,151529700.00000,2020-10-13
Sistema,147393600.00000,2020-10-14
Sistema,125820000.00000,2020-10-15
Sistema,125092900.00000,2020-10-16
Sistema,102504400.00000,2020-10-17
Sistema,111313500.00000,2020-10-18
Sistema,126193600.00000,2020-10-19
Sistema,102767000.00000,2020-10-20
Sistema,109548600.00000,2020-10-21
Sistema,158585400.00000,2020-10-22
Sistema,132428700.00000,2020-10-23
Sistema,165145000.00000,2020-10-24
Sistema,121732000.00000,2020-10-25
Sistema,124268600.00000,2020-10-26
Sistema,115727500.00000,2020-10-27
Sistema,136653800.00000,2020-10-28
Sistema,132910800.00000,2020-10-29
Sistema,123474500.00000,2020-10-30
Sistema,225570600.00000,2020-10-31
Sistema,299422300.00000,2020-11-01
Sistema,161847900.00000,2020-11-02
Sistema,167550600.00000,2020-11-03
Sistema,145199500.00000,2020-11-04
Sistema,168628300.00000,2020-11-05
Sistema,178034600.00000,2020-11-06
Sistema,160700000.00000,2020-11-07
Sistema,162463400.00000,2020-11-08
Sistema,148154000.00000,2020-11-09
Sistema,196817400.00000,2020-11-10
Sistema,340459000.00000,2020-11-11
Sistema,235138000.00000,2020-11-12
Sistema,347165100.00000,2020-11-13
Sistema,319776900.00000,2020-11-14
Sistema,263185400.00000,2020-11-15
Sistema,341885600.00000,2020-11-16
Sistema,304024700.00000,2020-11-17
Sistema,319981900.00000,2020-11-18
Sistema,290866600.00000,2020-11-19
Sistema,256009500.00000,2020-11-20
Sistema,252825400.00000,2020-11-21
Sistema,201531700.00000,2020-11-22
Sistema,164124900.00000,2020-11-23
Sistema,167752700.00000,2020-11-24
Sistema,173871500.00000,2020-11-25
Sistema,155006600.00000,2020-11-26
Sistema,173322200.00000,2020-11-27
Sistema,326329100.00000,2020-11-28
Sistema,253159300.00000,2020-11-29
Sistema,212961600.00000,2020-11-30
Sistema,206814400.00000,2020-12-01
Sistema,214685800.00000,2020-12-02
Sistema,247142300.00000,2020-12-03
Sistema,167728800.00000,2020-12-04
Sistema,136721900.00000,2020-12-05
Sistema,145426600.00000,2020-12-06
Sistema,132720700.00000,2020-12-07
Sistema,126160900.00000,2020-12-08
Sistema,125320300.00000,2020-12-09
Sistema,120945800.00000,2020-12-10
Sistema,118342000.00000,2020-12-11
Sistema,104898800.00000,2020-12-12
Sistema,101317400.00000,2020-12-13
Sistema,94263400.00000,2020-12-14
Sistema,113518500.00000,2020-12-15
Sistema,96024500.00000,2020-12-16
Sistema,94301000.00000,2020-12-17
Sistema,105170300.00000,2020-12-18
Sistema,97892000.00000,2020-12-19
Sistema,111412000.00000,2020-12-20
Sistema,100393600.00000,2020-12-21
Sistema,145066100.00000,2020-12-22
Sistema,90033600.00000,2020-12-23
Sistema,110013600.00000,2020-12-24
Sistema,150976400.00000,2020-12-25
Sistema,158717900.00000,2020-12-26
Sistema,130769400.00000,2020-12-27
Sistema,122458600.00000,2020-12-28
Sistema,102497300.00000,2020-12-29
Sistema,109266600.00000,2020-12-30
Sistema,118487100.00000,2020-12-31
Sistema,118451100.00000,2021-01-01
Sistema,124709800.00000,2021-01-02
Sistema,131498600.00000,2021-01-03
Sistema,106455800.00000,2021-01-04
Sistema,107990400.00000,2021-01-05
Sistema,105518000.00000,2021-01-06
Sistema,114033600.00000,2021-01-07
Sistema,130286600.00000,2021-01-08
Sistema,125306100.00000,2021-01-09
Sistema,158407000.00000,2021-01-10
Sistema,196950900.00000,2021-01-11
Sistema,141894600.00000,2021-01-12
Sistema,112185600.00000,2021-01-13
Sistema,95066700.00000,2021-01-14
Sistema,82731900.00000,2021-01-15
Sistema,80062100.00000,2021-01-16
Sistema,78437000.00000,2021-01-17
Sistema,71148800.00000,2021-01-18
Sistema,69680100.00000,2021-01-19
Sistema,66833500.00000,2021-01-20
Sistema,65241700.00000,2021-01-21
Sistema,69996100.00000,2021-01-22
Sistema,91246800.00000,2021-01-23
Sistema,90703000.00000,2021-01-24
Sistema,98796900.00000,2021-01-25
Sistema,89479800.00000,2021-01-26
Sistema,74969000.00000,2021-01-27
Sistema,70277700.00000,2021-01-28
Sistema,69269300.00000,2021-01-29
Sistema,63417100.00000,2021-01-30
Sistema,59110400.00000,2021-01-31
Sistema,63613700.00000,2021-02-01
Sistema,76721900.00000,2021-02-02
Sistema,72099200.00000,2021-02-03
Sistema,67104300.00000,2021-02-04
Sistema,93256200.00000,2021-02-05
Sistema,79874800.00000,2021-02-06
Sistema,63448100.00000,2021-02-07
Sistema,68338600.00000,2021-02-08
Sistema,95009700.00000,2021-02-09
Sistema,103057000.00000,2021-02-10
Sistema,86800200.00000,2021-02-11
Sistema,80753500.00000,2021-02-12
Sistema,77298000.00000,2021-02-13
Sistema,71545200.00000,2021-02-14
Sistema,90637800.00000,2021-02-15
Sistema,68827100.00000,2021-02-16
Sistema,70141100.00000,2021-02-17
Sistema,77605500.00000,2021-02-18
Sistema,95217600.00000,2021-02-19
Sistema,87289900.00000,2021-02-20
Sistema,94798300.00000,2021-02-21
Sistema,104986900.00000,2021-02-22
Sistema,94829100.00000,2021-02-23
Sistema,85309800.00000,2021-02-24
Sistema,125429700.00000,2021-02-25
Sistema,146257200.00000,2021-02-26
Sistema,145644200.00000,2021-02-27
Sistema,121691900.00000,2021-02-28
Sistema,124888000.00000,2021-03-01
Sistema,152607600.00000,2021-03-02
Sistema,142934100.00000,2021-03-03
Sistema,122691400.00000,2021-03-04
Sistema,132537300.00000,2021-03-05
Sistema,110991100.00000,2021-03-06
Sistema,157203100.00000,2021-03-07
Sistema,220368900.00000,2021-03-08
Sistema,130314900.00000,2021-03-09
Sistema,138726900.00000,2021-03-10
Sistema,130905300.00000,2021-03-11
Sistema,186183200.00000,2021-03-12
Sistema,188023900.00000,2021-03-13
Sistema,154374800.00000,2021-03-14
Sistema,186588400.00000,2021-03-15
Sistema,240826900.00000,2021-03-16
Sistema,223747000.00000,2021-03-17
Sistema,284712000.00000,2021-03-18
Sistema,238723600.00000,2021-03-19
Sistema,258157300.00000,2021-03-20
Sistema,226947200.00000,2021-03-21
Sistema,228389300.00000,2021-03-22
Sistema,191603000.00000,2021-03-23
Sistema,262208400.00000,2021-03-24
Sistema,176126900.00000,2021-03-25
Sistema,209585200.00000,2021-03-26
Sistema,221096900.00000,2021-03-27
Sistema,160840900.00000,2021-03-28
Sistema,181057100.00000,2021-03-29
Sistema,235340100.00000,2021-03-30
Sistema,185224100.00000,2021-03-31
Sistema,165142600.00000,2021-04-01
Sistema,147127400.00000,2021-04-02
Sistema,186739900.00000,2021-04-03
Sistema,186127500.00000,2021-04-04
Sistema,210868100.00000,2021-04-05
Sistema,248188300.00000,2021-04-06
Sistema,180791500.00000,2021-04-07
Sistema,171802300.00000,2021-04-08
Sistema,274840300.00000,2021-04-09
Sistema,178109100.00000,2021-04-10
Sistema,164436400.00000,2021-04-11
Sistema,320440300.00000,2021-04-12
Sistema,172922800.00000,2021-04-13
Sistema,153852400.00000,2021-04-14
Sistema,179066500.00000,2021-04-15
Sistema,176952600.00000,2021-04-16
Sistema,214545900.00000,2021-04-17
Sistema,176192000.00000,2021-04-18
Sistema,155951100.00000,2021-04-19
Sistema,121863600.00000,2021-04-20
Sistema,131160900.00000,2021-04-21
Sistema,118236500.00000,2021-04-22
Sistema,151982200.00000,2021-04-23
Sistema,142221300.00000,2021-04-24
Sistema,115081200.00000,2021-04-25
Sistema,124914300.00000,2021-04-26
Sistema,181931800.00000,2021-04-27
Sistema,184193000.00000,2021-04-28
Sistema,255185500.00000,2021-04-29
Sistema,394116500.00000,2021-04-30
Sistema,238794500.00000,2021-05-01
Sistema,318338200.00000,2021-05-02
Sistema,413002500.00000,2021-05-03
Sistema,389111200.00000,2021-05-04
Sistema,373481000.00000,2021-05-05
Sistema,310874800.00000,2021-05-06
Sistema,315277400.00000,2021-05-07
Sistema,344730700.00000,2021-05-08
Sistema,324538400.00000,2021-05-09
Sistema,423027300.00000,2021-05-10
Sistema,290984000.00000,2021-05-11
Sistema,258973700.00000,2021-05-12
Sistema,251796600.00000,2021-05-13
Sistema,213505300.00000,2021-05-14
Sistema,223701600.00000,2021-05-15
Sistema,277293800.00000,2021-05-16
Sistema,415210700.00000,2021-05-17
Sistema,416804000.00000,2021-05-18
Sistema,260360700.00000,2021-05-19
Sistema,200318600.00000,2021-05-20
Sistema,169094200.00000,2021-05-21
Sistema,210799000.00000,2021-05-22
Sistema,248160800.00000,2021-05-23
Sistema,241125800.00000,2021-05-24
Sistema,379451700.00000,2021-05-25
Sistema,310165600.00000,2021-05-26
Sistema,276601500.00000,2021-05-27
Sistema,228624300.00000,2021-05-28
Sistema,265452400.00000,2021-05-29
Sistema,294317300.00000,2021-05-30
Sistema,330455100.00000,2021-05-31
Sistema,495085800.00000,2021-06-01
Sistema,360504700.00000,2021-06-02
Sistema,301682400.00000,2021-06-03
Sistema,250671600.00000,2021-06-04
Sistema,210397800.00000,2021-06-05
Sistema,264662000.00000,2021-06-06
Sistema,261730800.00000,2021-06-07
Sistema,372582000.00000,2021-06-08
Sistema,413167600.00000,2021-06-09
Sistema,305358000.00000,2021-06-10
Sistema,305537100.00000,2021-06-11
Sistema,392888100.00000,2021-06-12
Sistema,386417500.00000,2021-06-13
Sistema,398939500.00000,2021-06-14
Sistema,335255100.00000,2021-06-15
Sistema,288228700.00000,2021-06-16
Sistema,273455000.00000,2021-06-17
Sistema,261060900.00000,2021-06-18
Sistema,280750400.00000,2021-06-19
Sistema,491489800.00000,2021-06-20
Sistema,438657900.00000,2021-06-21
Sistema,332859800.00000,2021-06-22
Sistema,253871000.00000,2021-06-23
Sistema,351956500.00000,2021-06-24
Sistema,253162600.00000,2021-06-25
Sistema,241930000.00000,2021-06-26
Sistema,207340100.00000,2021-06-27
Sistema,224299100.00000,2021-06-28
Sistema,231579700.00000,2021-06-29
Sistema,214422200.00000,2021-06-30
Sistema,197918400.00000,2021-07-01
Sistema,207278500.00000,2021-07-02
Sistema,156499600.00000,2021-07-03
Sistema,148197900.00000,2021-07-04
Sistema,142015600.00000,2021-07-05
Sistema,143195800.00000,2021-07-06
Sistema,156465200.00000,2021-07-07
Sistema,237628500.00000,2021-07-08
Sistema,314788500.00000,2021-07-09
Sistema,252886900.00000,2021-07-10
Sistema,339362800.00000,2021-07-11
Sistema,230036300.00000,2021-07-12
Sistema,240867000.00000,2021-07-13
Sistema,218346500.00000,2021-07-14
Sistema,191417800.00000,2021-07-15
Sistema,239533800.00000,2021-07-16
Sistema,304519000.00000,2021-07-17
Sistema,301257300.00000,2021-07-18
Sistema,214382100.00000,2021-07-19
Sistema,185629800.00000,2021-07-20
Sistema,285257400.00000,2021-07-21
Sistema,351614700.00000,2021-07-22
Sistema,346129700.00000,2021-07-23
Sistema,240741700.00000,2021-07-24
Sistema,255597500.00000,2021-07-25
Sistema,239717600.00000,2021-07-26
Sistema,264457900.00000,2021-07-27
Sistema,203686200.00000,2021-07-28
Sistema,194363900.00000,2021-07-29
Sistema,276035300.00000,2021-07-30
Sistema,191016600.00000,2021-07-31
Sistema,150829400.00000,2021-08-01
Sistema,185757500.00000,2021-08-02
Sistema,216041400.00000,2021-08-03
Sistema,165093600.00000,2021-08-04
Sistema,147583200.00000,2021-08-05
Sistema,142773000.00000,2021-08-06
Sistema,131220400.00000,2021-08-07
Sistema,135398700.00000,2021-08-08
Sistema,158552700.00000,2021-08-09
Sistema,265655200.00000,2021-08-10
Sistema,220418300.00000,2021-08-11
Sistema,242486500.00000,2021-08-12
Sistema,274388500.00000,2021-08-13
Sistema,264914100.00000,2021-08-14
Sistema,275841900.00000,2021-08-15
Sistema,242812500.00000,2021-08-16
Sistema,372379600.00000,2021-08-17
Sistema,279113500.00000,2021-08-18
Sistema,260574900.00000,2021-08-19
Sistema,270091400.00000,2021-08-20
Sistema,224470000.00000,2021-08-21
Sistema,227227700.00000,2021-08-22
Sistema,258696300.00000,2021-08-23
Sistema,223885100.00000,2021-08-24
Sistema,231147600.00000,2021-08-25
Sistema,216751200.00000,2021-08-26
Sistema,166860800.00000,2021-08-27
Sistema,255766300.00000,2021-08-28
Sistema,176085300.00000,2021-08-29
Sistema,244806600.00000,2021-08-30
Sistema,231338900.00000,2021-08-31
Sistema,219686500.00000,2021-09-01
Sistema,185706400.00000,2021-09-02
Sistema,146556200.00000,2021-09-03
Sistema,161733100.00000,2021-09-04
Sistema,225050200.00000,2021-09-05
Sistema,203234700.00000,2021-09-06
Sistema,206801100.00000,2021-09-07
Sistema,210644900.00000,2021-09-08
Sistema,164966800.00000,2021-09-09
Sistema,177181100.00000,2021-09-10
Sistema,258141200.00000,2021-09-11
Sistema,270809500.00000,2021-09-12
Sistema,171929000.00000,2021-09-13
Sistema,172875600.00000,2021-09-14
Sistema,195160300.00000,2021-09-15
Sistema,152281500.00000,2021-09-16
Sistema,140056900.00000,2021-09-17
Sistema,125659800.00000,2021-09-18
Sistema,149604700.00000,2021-09-19
Sistema,132816900.00000,2021-09-20
Sistema,214464200.00000,2021-09-21
Sistema,250009400.00000,2021-09-22
Sistema,414496100.00000,2021-09-23
Sistema,237871100.00000,2021-09-24
Sistema,195213700.00000,2021-09-25
Sistema,152424900.00000,2021-09-26
Sistema,146059600.00000,2021-09-27
Sistema,145577200.00000,2021-09-28
Sistema,173746500.00000,2021-09-29
Sistema,216791600.00000,2021-09-30
Sistema,198180700.00000,2021-10-01
Sistema,217762500.00000,2021-10-02
Sistema,181168300.00000,2021-10-03
Sistema,159049600.00000,2021-10-04
Sistema,177346800.00000,2021-10-05
Sistema,219478200.00000,2021-10-06
Sistema,239594200.00000,2021-10-07
Sistema,178830500.00000,2021-10-08
Sistema,166009700.00000,2021-10-09
Sistema,180441000.00000,2021-10-10
Sistema,203797800.00000,2021-10-11
Sistema,164624600.00000,2021-10-12
Sistema,181725400.00000,2021-10-13
Sistema,192454300.00000,2021-10-14
Sistema,175689800.00000,2021-10-15
Sistema,228049100.00000,2021-10-16
Sistema,236080400.00000,2021-10-17
Sistema,181250400.00000,2021-10-18
Sistema,190353200.00000,2021-10-19
Sistema,191866200.00000,2021-10-20
Sistema,191410500.00000,2021-10-21
Sistema,188532800.00000,2021-10-22
Sistema,166732700.00000,2021-10-23
Sistema,162148700.00000,2021-10-24
Sistema,158551700.00000,2021-10-25
Sistema,239594100.00000,2021-10-26
Sistema,301161900.00000,2021-10-27
Sistema,245522800.00000,2021-10-28
Sistema,238199300.00000,2021-10-29
Sistema,256409300.00000,2021-10-30
Sistema,291624400.00000,2021-10-31
Sistema,248568500.00000,2021-11-01
Sistema,233758000.00000,2021-11-02
Sistema,259292400.00000,2021-11-03
Sistema,359005800.00000,2021-11-04
Sistema,231565900.00000,2021-11-05
Sistema,204941900.00000,2021-11-06
Sistema,222172700.00000,2021-11-07
Sistema,196615800.00000,2021-11-08
Sistema,220238500.00000,2021-11-09
Sistema,212062000.00000,2021-11-10
Sistema,201281800.00000,2021-11-11
Sistema,171868900.00000,2021-11-12
Sistema,215287000.00000,2021-11-13
Sistema,182435100.00000,2021-11-14
Sistema,167926100.00000,2021-11-15
Sistema,149059900.00000,2021-11-16
Sistema,132817400.00000,2021-11-17
Sistema,128099300.00000,2021-11-18
Sistema,146955200.00000,2021-11-19
Sistema,151197700.00000,2021-11-20
Sistema,165320900.00000,2021-11-21
Sistema,165373600.00000,2021-11-22
Sistema,197140900.00000,2021-11-23
Sistema,250198100.00000,2021-11-24
Sistema,288826900.00000,2021-11-25
Sistema,276333900.00000,2021-11-26
Sistema,247320100.00000,2021-11-27
Sistema,174195800.00000,2021-11-28
Sistema,170879100.00000,2021-11-29
Sistema,185204700.00000,2021-11-30
Sistema,198512100.00000,2021-12-01
Sistema,145582700.00000,2021-12-02
Sistema,146743500.00000,2021-12-03
Sistema,158840100.00000,2021-12-04
Sistema,138916000.00000,2021-12-05
Sistema,128198000.00000,2021-12-06
Sistema,124269800.00000,2021-12-07
Sistema,108085600.00000,2021-12-08
Sistema,111412600.00000,2021-12-09
Sistema,106606400.00000,2021-12-10
Sistema,118908700.00000,2021-12-11
Sistema,135822300.00000,2021-12-12
Sistema,123367700.00000,2021-12-13
Sistema,105473700.00000,2021-12-14
Sistema,101498900.00000,2021-12-15
Sistema,101219900.00000,2021-12-16
Sistema,108352600.00000,2021-12-17
Sistema,123990700.00000,2021-12-18
Sistema,112657400.00000,2021-12-19
Sistema,115027700.00000,2021-12-20
Sistema,110888800.00000,2021-12-21
Sistema,119245100.00000,2021-12-22
Sistema,109941300.00000,2021-12-23
Sistema,97441800.00000,2021-12-24
Sistema,96678700.00000,2021-12-25
Sistema,113860700.00000,2021-12-26
Sistema,117856000.00000,2021-12-27
Sistema,115400200.00000,2021-12-28
Sistema,123309700.00000,2021-12-29
Sistema,122235600.00000,2021-12-30
Sistema,101657300.00000,2021-12-31
Sistema,109542700.00000,2022-01-01
Sistema,110856500.00000,2022-01-02
Sistema,103965400.00000,2022-01-03
Sistema,98656700.00000,2022-01-04
Sistema,94045700.00000,2022-01-05
Sistema,107799700.00000,2022-01-06
Sistema,125021100.00000,2022-01-07
Sistema,96123500.00000,2022-01-08
Sistema,92590900.00000,2022-01-09
Sistema,88306100.00000,2022-01-10
Sistema,87214700.00000,2022-01-11
Sistema,85559300.00000,2022-01-12
Sistema,93526400.00000,2022-01-13
Sistema,138276600.00000,2022-01-14
Sistema,93670800.00000,2022-01-15
Sistema,80107100.00000,2022-01-16
Sistema,86878600.00000,2022-01-17
Sistema,80503800.00000,2022-01-18
Sistema,73509800.00000,2022-01-19
Sistema,70591500.00000,2022-01-20
Sistema,69991700.00000,2022-01-21
Sistema,78442600.00000,2022-01-22
Sistema,81404500.00000,2022-01-23
Sistema,72713300.00000,2022-01-24
Sistema,100534300.00000,2022-01-25
Sistema,84264600.00000,2022-01-26
Sistema,80751600.00000,2022-01-27
Sistema,78237000.00000,2022-01-28
Sistema,68831900.00000,2022-01-29
Sistema,60646100.00000,2022-01-30
Sistema,65574300.00000,2022-01-31
Sistema,67311200.00000,2022-02-01
Sistema,65225200.00000,2022-02-02
Sistema,60657500.00000,2022-02-03
Sistema,67663700.00000,2022-02-04
Sistema,82453400.00000,2022-02-05
Sistema,99937900.00000,2022-02-06
Sistema,102317800.00000,2022-02-07
Sistema,123436800.00000,2022-02-08
Sistema,126465900.00000,2022-02-09
Sistema,97974100.00000,2022-02-10
Sistema,89009700.00000,2022-02-11
Sistema,87759800.00000,2022-02-12
Sistema,87702300.00000,2022-02-13
Sistema,98782000.00000,2022-02-14
Sistema,87908200.00000,2022-02-15
Sistema,87230400.00000,2022-02-16
Sistema,84244800.00000,2022-02-17
Sistema,113849000.00000,2022-02-18
Sistema,110971200.00000,2022-02-19
Sistema,124574000.00000,2022-02-20
Sistema,144007500.00000,2022-02-21
Sistema,123426300.00000,2022-02-22
Sistema,104020800.00000,2022-02-23
Sistema,97870900.00000,2022-02-24
Sistema,117126300.00000,2022-02-25
Sistema,131340700.00000,2022-02-26
Sistema,142197600.00000,2022-02-27
Sistema,208761200.00000,2022-02-28
Sistema,203766800.00000,2022-03-01
Sistema,196463800.00000,2022-03-02
Sistema,179842900.00000,2022-03-03
Sistema,167591900.00000,2022-03-04
Sistema,174151600.00000,2022-03-05
Sistema,253846200.00000,2022-03-06
Sistema,217749300.00000,2022-03-07
Sistema,168131300.00000,2022-03-08
Sistema,138747500.00000,2022-03-09
Sistema,147625200.00000,2022-03-10
Sistema,123390400.00000,2022-03-11
Sistema,164553000.00000,2022-03-12
Sistema,140274200.00000,2022-03-13
Sistema,158870400.00000,2022-03-14
Sistema,159930900.00000,2022-03-15
Sistema,140889900.00000,2022-03-16
Sistema,142196700.00000,2022-03-17
Sistema,134008000.00000,2022-03-18
Sistema,121594900.00000,2022-03-19
Sistema,149096700.00000,2022-03-20
Sistema,132884600.00000,2022-03-21
Sistema,149084400.00000,2022-03-22
Sistema,135921400.00000,2022-03-23
Sistema,125808600.00000,2022-03-24
Sistema,139400300.00000,2022-03-25
Sistema,141114200.00000,2022-03-26
Sistema,204717700.00000,2022-03-27
Sistema,172080000.00000,2022-03-28
Sistema,192119400.00000,2022-03-29
Sistema,200455400.00000,2022-03-30
Sistema,206861900.00000,2022-03-31
Sistema,225581800.00000,2022-04-01
Sistema,202339300.00000,2022-04-02
Sistema,153307500.00000,2022-04-03
Sistema,179551800.00000,2022-04-04
Sistema,178507100.00000,2022-04-05
Sistema,183756200.00000,2022-04-06
Sistema,293834700.00000,2022-04-07
Sistema,219136400.00000,2022-04-08
Sistema,188980200.00000,2022-04-09
Sistema,176408100.00000,2022-04-10
Sistema,148013400.00000,2022-04-11
Sistema,187926300.00000,2022-04-12
Sistema,159298500.00000,2022-04-13
Sistema,116408400.00000,2022-04-14
Sistema,120370900.00000,2022-04-15
Sistema,139807600.00000,2022-04-16
Sistema,162293700.00000,2022-04-17
Sistema,196029900.00000,2022-04-18
Sistema,261139900.00000,2022-04-19
Sistema,290583700.00000,2022-04-20
Sistema,337084700.00000,2022-04-21
Sistema,357076400.00000,2022-04-22
Sistema,332588400.00000,2022-04-23
Sistema,261389700.00000,2022-04-24
Sistema,338927200.00000,2022-04-25
Sistema,227214300.00000,2022-04-26
Sistema,288220600.00000,2022-04-27
Sistema,255656900.00000,2022-04-28
Sistema,290732800.00000,2022-04-29
Sistema,194231300.00000,2022-04-30
Sistema,174192300.00000,2022-05-01
Sistema,187858200.00000,2022-05-02
Sistema,147314700.00000,2022-05-03
Sistema,131157600.00000,2022-05-04
Sistema,210729800.00000,2022-05-05
Sistema,173206800.00000,2022-05-06
Sistema,326448300.00000,2022-05-07
Sistema,257491500.00000,2022-05-08
Sistema,221127000.00000,2022-05-09
Sistema,199562400.00000,2022-05-10
Sistema,249240800.00000,2022-05-11
Sistema,229459700.00000,2022-05-12
Sistema,228817900.00000,2022-05-13
Sistema,285264500.00000,2022-05-14
Sistema,214094400.00000,2022-05-15
Sistema,266958800.00000,2022-05-16
Sistema,255317400.00000,2022-05-17
Sistema,298984600.00000,2022-05-18
Sistema,338835500.00000,2022-05-19
Sistema,308069300.00000,2022-05-20
Sistema,256764500.00000,2022-05-21
Sistema,207927800.00000,2022-05-22
Sistema,208554400.00000,2022-05-23
Sistema,200976300.00000,2022-05-24
Sistema,239230400.00000,2022-05-25
Sistema,206791800.00000,2022-05-26
Sistema,260671300.00000,2022-05-27
Sistema,189498300.00000,2022-05-28
Sistema,225531500.00000,2022-05-29
Sistema,265737100.00000,2022-05-30
Sistema,231761700.00000,2022-05-31
Sistema,228449900.00000,2022-06-01
Sistema,241540000.00000,2022-06-02
Sistema,224002600.00000,2022-06-03
Sistema,249715400.00000,2022-06-04
Sistema,266367700.00000,2022-06-05
Sistema,268801400.00000,2022-06-06
Sistema,355576500.00000,2022-06-07
Sistema,294184500.00000,2022-06-08
Sistema,272834100.00000,2022-06-09
Sistema,268195000.00000,2022-06-10
Sistema,380243500.00000,2022-06-11
Sistema,314935600.00000,2022-06-12
Sistema,274979000.00000,2022-06-13
Sistema,303233800.00000,2022-06-14
Sistema,329657100.00000,2022-06-15
Sistema,306639500.00000,2022-06-16
Sistema,229887100.00000,2022-06-17
Sistema,238159500.00000,2022-06-18
Sistema,283990300.00000,2022-06-19
Sistema,239484800.00000,2022-06-20
Sistema,211135100.00000,2022-06-21
Sistema,213931600.00000,2022-06-22
Sistema,249432200.00000,2022-06-23
Sistema,232942000.00000,2022-06-24
Sistema,280134000.00000,2022-06-25
Sistema,387988100.00000,2022-06-26
Sistema,296093400.00000,2022-06-27
Sistema,373362100.00000,2022-06-28
Sistema,340702600.00000,2022-06-29
Sistema,310627500.00000,2022-06-30
Sistema,274798100.00000,2022-07-01
Sistema,322610600.00000,2022-07-02
Sistema,266497700.00000,2022-07-03
Sistema,389877300.00000,2022-07-04
Sistema,306229100.00000,2022-07-05
Sistema,278760200.00000,2022-07-06
Sistema,238885400.00000,2022-07-07
Sistema,325752300.00000,2022-07-08
Sistema,246784600.00000,2022-07-09
Sistema,232248500.00000,2022-07-10
Sistema,313014800.00000,2022-07-11
Sistema,234732200.00000,2022-07-12
Sistema,348681100.00000,2022-07-13
Sistema,219316900.00000,2022-07-14
Sistema,185209600.00000,2022-07-15
Sistema,172446100.00000,2022-07-16
Sistema,198929400.00000,2022-07-17
Sistema,226951800.00000,2022-07-18
Sistema,157234500.00000,2022-07-19
Sistema,221535200.00000,2022-07-20
Sistema,201027000.00000,2022-07-21
Sistema,193894900.00000,2022-07-22
Sistema,226972500.00000,2022-07-23
Sistema,208810800.00000,2022-07-24
Sistema,258025900.00000,2022-07-25
Sistema,267056200.00000,2022-07-26
Sistema,254371300.00000,2022-07-27
Sistema,427548400.00000,2022-07-28
Sistema,331963600.00000,2022-07-29
Sistema,201585400.00000,2022-07-30
Sistema,233584400.00000,2022-07-31
Sistema,329221800.00000,2022-08-01
Sistema,385510900.00000,2022-08-02
Sistema,254115400.00000,2022-08-03
Sistema,236446800.00000,2022-08-04
Sistema,345647900.00000,2022-08-05
Sistema,530223600.00000,2022-08-06
Sistema,259763700.00000,2022-08-07
Sistema,205722100.00000,2022-08-08
Sistema,239081600.00000,2022-08-09
Sistema,240429700.00000,2022-08-10
Sistema,219977300.00000,2022-08-11
Sistema,173489400.00000,2022-08-12
Sistema,204593000.00000,2022-08-13
Sistema,267369500.00000,2022-08-14
Sistema,291235100.00000,2022-08-15
Sistema,253954200.00000,2022-08-16
Sistema,185618500.00000,2022-08-17
Sistema,162249900.00000,2022-08-18
Sistema,148249300.00000,2022-08-19
Sistema,209094400.00000,2022-08-20
Sistema,182447400.00000,2022-08-21
Sistema,230951700.00000,2022-08-22
Sistema,160499000.00000,2022-08-23
Sistema,134112700.00000,2022-08-24
Sistema,127816700.00000,2022-08-25
Sistema,134410900.00000,2022-08-26
Sistema,137110600.00000,2022-08-27
Sistema,185323500.00000,2022-08-28
Sistema,244302000.00000,2022-08-29
Sistema,141220700.00000,2022-08-30
Sistema,188388500.00000,2022-08-31
Sistema,175417500.00000,2022-09-01
Sistema,191209600.00000,2022-09-02
Sistema,266409800.00000,2022-09-03
Sistema,206071800.00000,2022-09-04
Sistema,157615300.00000,2022-09-05
Sistema,176173400.00000,2022-09-06
Sistema,182263800.00000,2022-09-07
Sistema,163948600.00000,2022-09-08
Sistema,183642000.00000,2022-09-09
Sistema,161199000.00000,2022-09-10
Sistema,159815800.00000,2022-09-11
Sistema,191077100.00000,2022-09-12
Sistema,210105600.00000,2022-09-13
Sistema,210409600.00000,2022-09-14
Sistema,161003100.00000,2022-09-15
Sistema,333333000.00000,2022-09-16
Sistema,192058800.00000,2022-09-17
Sistema,234278200.00000,2022-09-18
Sistema,211290900.00000,2022-09-19
Sistema,212259500.00000,2022-09-20
Sistema,206740400.00000,2022-09-21
Sistema,228694000.00000,2022-09-22
Sistema,218195700.00000,2022-09-23
Sistema,256583700.00000,2022-09-24
Sistema,249303100.00000,2022-09-25
Sistema,197102100.00000,2022-09-26
Sistema,173432500.00000,2022-09-27
Sistema,188754100.00000,2022-09-28
Sistema,200941100.00000,2022-09-29
Sistema,217697200.00000,2022-09-30
Sistema,299561800.00000,2022-10-01
Sistema,226644100.00000,2022-10-02
Sistema,183919400.00000,2022-10-03
Sistema,193830200.00000,2022-10-04
Sistema,208041300.00000,2022-10-05
Sistema,229817800.00000,2022-10-06
Sistema,252293200.00000,2022-10-07
Sistema,326159600.00000,2022-10-08
Sistema,277904200.00000,2022-10-09
Sistema,257549500.00000,2022-10-10
Sistema,238960400.00000,2022-10-11
Sistema,214840400.00000,2022-10-12
Sistema,232935200.00000,2022-10-13
Sistema,227150200.00000,2022-10-14
Sistema,233389200.00000,2022-10-15
Sistema,256456900.00000,2022-10-16
Sistema,290880600.00000,2022-10-17
Sistema,293032300.00000,2022-10-18
Sistema,343793400.00000,2022-10-19
Sistema,416096400.00000,2022-10-20
Sistema,344629600.00000,2022-10-21
Sistema,374956400.00000,2022-10-22
Sistema,406211000.00000,2022-10-23
Sistema,432529900.00000,2022-10-24
Sistema,362645100.00000,2022-10-25
Sistema,365048700.00000,2022-10-26
Sistema,394334600.00000,2022-10-27
Sistema,515631000.00000,2022-10-28
Sistema,494867900.00000,2022-10-29
Sistema,373592900.00000,2022-10-30
Sistema,302889400.00000,2022-10-31
Sistema,307274900.00000,2022-11-01
Sistema,348079500.00000,2022-11-02
Sistema,332567500.00000,2022-11-03
Sistema,311195600.00000,2022-11-04
Sistema,306616500.00000,2022-11-05
Sistema,316393500.00000,2022-11-06
Sistema,301924500.00000,2022-11-07
Sistema,376649900.00000,2022-11-08
Sistema,407427800.00000,2022-11-09
Sistema,465741200.00000,2022-11-10
Sistema,390542800.00000,2022-11-11
Sistema,417662500.00000,2022-11-12
Sistema,465314800.00000,2022-11-13
Sistema,423366500.00000,2022-11-14
Sistema,411617400.00000,2022-11-15
Sistema,370642300.00000,2022-11-16
Sistema,330953200.00000,2022-11-17
Sistema,369990600.00000,2022-11-18
Sistema,354257700.00000,2022-11-19
Sistema,339016100.00000,2022-11-20
Sistema,319311200.00000,2022-11-21
Sistema,329058900.00000,2022-11-22
Sistema,338380700.00000,2022-11-23
Sistema,331161100.00000,2022-11-24
Sistema,302257700.00000,2022-11-25
Sistema,318847400.00000,2022-11-26
Sistema,286709900.00000,2022-11-27
Sistema,357561400.00000,2022-11-28
Sistema,381692400.00000,2022-11-29
Sistema,365213800.00000,2022-11-30
Sistema,282858700.00000,2022-12-01
Sistema,254802800.00000,2022-12-02
Sistema,254468000.00000,2022-12-03
Sistema,263972300.00000,2022-12-04
Sistema,257163100.00000,2022-12-05
Sistema,260823200.00000,2022-12-06
Sistema,267603200.00000,2022-12-07
Sistema,293667700.00000,2022-12-08
Sistema,272430800.00000,2022-12-09
Sistema,236265800.00000,2022-12-10
Sistema,235789100.00000,2022-12-11
Sistema,261509600.00000,2022-12-12
Sistema,243430800.00000,2022-12-13
Sistema,225725500.00000,2022-12-14
Sistema,197938200.00000,2022-12-15
Sistema,174970200.00000,2022-12-16
Sistema,167411000.00000,2022-12-17
Sistema,174303000.00000,2022-12-18
Sistema,166675200.00000,2022-12-19
Sistema,162115400.00000,2022-12-20
Sistema,151360700.00000,2022-12-21
Sistema,151086000.00000,2022-12-22
Sistema,137307400.00000,2022-12-23
Sistema,168991100.00000,2022-12-24
Sistema,146689300.00000,2022-12-25
Sistema,154726600.00000,2022-12-26
Sistema,175602800.00000,2022-12-27
Sistema,165145200.00000,2022-12-28
Sistema,150015500.00000,2022-12-29
Sistema,139240800.00000,2022-12-30
Sistema,148239400.00000,2022-12-31
Sistema,142847700.00000,2023-01-01
Sistema,163493400.00000,2023-01-02
Sistema,184021000.00000,2023-01-03
Sistema,191394200.00000,2023-01-04
Sistema,163372500.00000,2023-01-05
Sistema,175842500.00000,2023-01-06
Sistema,221568300.00000,2023-01-07
Sistema,226152700.00000,2023-01-08
Sistema,192047200.00000,2023-01-09
Sistema,255572300.00000,2023-01-10
Sistema,276497100.00000,2023-01-11
Sistema,312106000.00000,2023-01-12
Sistema,264443800.00000,2023-01-13
Sistema,256437400.00000,2023-01-14
Sistema,251215000.00000,2023-01-15
Sistema,229148700.00000,2023-01-16
Sistema,206281200.00000,2023-01-17
Sistema,228772200.00000,2023-01-18
Sistema,216215700.00000,2023-01-19
Sistema,214879000.00000,2023-01-20
Sistema,190639100.00000,2023-01-21
Sistema,186458100.00000,2023-01-22
Sistema,166823900.00000,2023-01-23
Sistema,169846200.00000,2023-01-24
Sistema,146088500.00000,2023-01-25
Sistema,138365500.00000,2023-01-26
Sistema,128990900.00000,2023-01-27
Sistema,122232800.00000,2023-01-28
Sistema,112973800.00000,2023-01-29
Sistema,114639900.00000,2023-01-30
Sistema,113089200.00000,2023-01-31
Sistema,108748100.00000,2023-02-01
Sistema,115232100.00000,2023-02-02
Sistema,103327400.00000,2023-02-03
Sistema,111042300.00000,2023-02-04
Sistema,97571000.00000,2023-02-05
Sistema,96460400.00000,2023-02-06
Sistema,105904500.00000,2023-02-07
Sistema,98308100.00000,2023-02-08
Sistema,103018000.00000,2023-02-09
Sistema,102571100.00000,2023-02-10
Sistema,119279400.00000,2023-02-11
Sistema,110899400.00000,2023-02-12
Sistema,134699200.00000,2023-02-13
Sistema,117526000.00000,2023-02-14
Sistema,166247700.00000,2023-02-15
Sistema,137976900.00000,2023-02-16
Sistema,135420300.00000,2023-02-17
Sistema,145090400.00000,2023-02-18
Sistema,141246000.00000,2023-02-19
Sistema,150108700.00000,2023-02-20
Sistema,141867700.00000,2023-02-21
Sistema,154688400.00000,2023-02-22
Sistema,127940700.00000,2023-02-23
Sistema,117347000.00000,2023-02-24
Sistema,103051400.00000,2023-02-25
Sistema,98637900.00000,2023-02-26
Sistema,104251300.00000,2023-02-27
Sistema,128096400.00000,2023-02-28
Sistema,120285400.00000,2023-03-01
Sistema,117150000.00000,2023-03-02
Sistema,111983200.00000,2023-03-03
Sistema,164811800.00000,2023-03-04
Sistema,229219100.00000,2023-03-05
Sistema,225738900.00000,2023-03-06
Sistema,175753800.00000,2023-03-07
Sistema,217605400.00000,2023-03-08
Sistema,300303700.00000,2023-03-09
Sistema,229763800.00000,2023-03-10
Sistema,419039800.00000,2023-03-11
Sistema,393971000.00000,2023-03-12
Sistema,429097400.00000,2023-03-13
Sistema,356516000.00000,2023-03-14
Sistema,338754600.00000,2023-03-15
Sistema,343005800.00000,2023-03-16
Sistema,316159300.00000,2023-03-17
Sistema,293558100.00000,2023-03-18
Sistema,298618600.00000,2023-03-19
Sistema,253868100.00000,2023-03-20
Sistema,220786700.00000,2023-03-21
Sistema,210519500.00000,2023-03-22
Sistema,222426900.00000,2023-03-23
Sistema,234934900.00000,2023-03-24
Sistema,263948700.00000,2023-03-25
Sistema,250908800.00000,2023-03-26
Sistema,226733300.00000,2023-03-27
Sistema,234826900.00000,2023-03-28
Sistema,231877000.00000,2023-03-29
Sistema,210929400.00000,2023-03-30
Sistema,241545600.00000,2023-03-31
Sistema,218428700.00000,2023-04-01
Sistema,282850800.00000,2023-04-02
Sistema,228322600.00000,2023-04-03
Sistema,199025700.00000,2023-04-04
Sistema,277640500.00000,2023-04-05
Sistema,210957300.00000,2023-04-06
Sistema,236723800.00000,2023-04-07
Sistema,243666500.00000,2023-04-08
Sistema,214593500.00000,2023-04-09
Sistema,192860600.00000,2023-04-10
Sistema,196672000.00000,2023-04-11
Sistema,204180900.00000,2023-04-12
Sistema,185054000.00000,2023-04-13
Sistema,173535300.00000,2023-04-14
Sistema,167672900.00000,2023-04-15
Sistema,223889000.00000,2023-04-16
Sistema,306636700.00000,2023-04-17
Sistema,328164200.00000,2023-04-18
Sistema,236903200.00000,2023-04-19
Sistema,224119000.00000,2023-04-20
Sistema,247599100.00000,2023-04-21
Sistema,269963100.00000,2023-04-22
Sistema,254949300.00000,2023-04-23
Sistema,263754000.00000,2023-04-24
Sistema,251792900.00000,2023-04-25
Sistema,296921900.00000,2023-04-26
Sistema,250069200.00000,2023-04-27
Sistema,383676800.00000,2023-04-28
Sistema,316950700.00000,2023-04-29
Sistema,316421200.00000,2023-04-30
Sistema,230242400.00000,2023-05-01
Sistema,201541000.00000,2023-05-02
Sistema,168147200.00000,2023-05-03
Sistema,155503600.00000,2023-05-04
Sistema,143755800.00000,2023-05-05
Sistema,146650200.00000,2023-05-06
Sistema,139669000.00000,2023-05-07
Sistema,129155700.00000,2023-05-08
Sistema,137735800.00000,2023-05-09
Sistema,156657000.00000,2023-05-10
Sistema,149819600.00000,2023-05-11
Sistema,147461000.00000,2023-05-12
Sistema,145898200.00000,2023-05-13
Sistema,153485800.00000,2023-05-14
Sistema,164250100.00000,2023-05-15
Sistema,165729100.00000,2023-05-16
Sistema,224512100.00000,2023-05-17
Sistema,149003400.00000,2023-05-18
Sistema,160043900.00000,2023-05-19
Sistema,191268400.00000,2023-05-20
Sistema,187750800.00000,2023-05-21
Sistema,209835800.00000,2023-05-22
Sistema,328834000.00000,2023-05-23
Sistema,306732800.00000,2023-05-24
Sistema,358326100.00000,2023-05-25
Sistema,419272700.00000,2023-05-26
Sistema,313100700.00000,2023-05-27
Sistema,394446300.00000,2023-05-28
Sistema,359458300.00000,2023-05-29
Sistema,387696700.00000,2023-05-30
Sistema,279411700.00000,2023-05-31
Sistema,416910500.00000,2023-06-01
Sistema,313118000.00000,2023-06-02
Sistema,228706900.00000,2023-06-03
Sistema,203731800.00000,2023-06-04
Sistema,327646700.00000,2023-06-05
Sistema,306745400.00000,2023-06-06
Sistema,241193900.00000,2023-06-07
Sistema,304568600.00000,2023-06-08
Sistema,275006500.00000,2023-06-09
Sistema,224947800.00000,2023-06-10
Sistema,281671600.00000,2023-06-11
Sistema,197468200.00000,2023-06-12
Sistema,171309800.00000,2023-06-13
Sistema,197738100.00000,2023-06-14
Sistema,232138500.00000,2023-06-15
Sistema,254403700.00000,2023-06-16
Sistema,236722500.00000,2023-06-17
Sistema,220116400.00000,2023-06-18
Sistema,181048600.00000,2023-06-19
Sistema,157632100.00000,2023-06-20
Sistema,179236600.00000,2023-06-21
Sistema,182284600.00000,2023-06-22
Sistema,196282400.00000,2023-06-23
Sistema,217829900.00000,2023-06-24
Sistema,251871800.00000,2023-06-25
Sistema,301184000.00000,2023-06-26
Sistema,202788200.00000,2023-06-27
Sistema,184649800.00000,2023-06-28
Sistema,186971200.00000,2023-06-29
Sistema,185590800.00000,2023-06-30
Sistema,171930300.00000,2023-07-01
Sistema,252161600.00000,2023-07-02
Sistema,198024500.00000,2023-07-03
Sistema,220187500.00000,2023-07-04
Sistema,188517000.00000,2023-07-05
Sistema,229346300.00000,2023-07-06
Sistema,285535100.00000,2023-07-07
Sistema,267945300.00000,2023-07-08
Sistema,218014100.00000,2023-07-09
Sistema,261589000.00000,2023-07-10
Sistema,208253200.00000,2023-07-11
Sistema,198475800.00000,2023-07-12
Sistema,174755200.00000,2023-07-13
Sistema,316912200.00000,2023-07-14
Sistema,247842300.00000,2023-07-15
Sistema,293350000.00000,2023-07-16
Sistema,416582300.00000,2023-07-17
Sistema,347120300.00000,2023-07-18
Sistema,326595600.00000,2023-07-19
Sistema,238666600.00000,2023-07-20
Sistema,285761600.00000,2023-07-21
Sistema,249806100.00000,2023-07-22
Sistema,197942800.00000,2023-07-23
Sistema,228166700.00000,2023-07-24
Sistema,181156400.00000,2023-07-25
Sistema,172010100.00000,2023-07-26
Sistema,177617100.00000,2023-07-27
Sistema,168113600.00000,2023-07-28
Sistema,158348700.00000,2023-07-29
Sistema,190912100.00000,2023-07-30
Sistema,182625200.00000,2023-07-31
Sistema,227428900.00000,2023-08-01
Sistema,212522200.00000,2023-08-02
Sistema,175461800.00000,2023-08-03
Sistema,163923800.00000,2023-08-04
Sistema,207044200.00000,2023-08-05
Sistema,164069000.00000,2023-08-06
Sistema,212013300.00000,2023-08-07
Sistema,180375300.00000,2023-08-08
Sistema,238025300.00000,2023-08-09
Sistema,163878100.00000,2023-08-10
Sistema,184908100.00000,2023-08-11
Sistema,186933700.00000,2023-08-12
Sistema,217963000.00000,2023-08-13
Sistema,158915400.00000,2023-08-14
Sistema,213850500.00000,2023-08-15
Sistema,173644000.00000,2023-08-16
Sistema,161976300.00000,2023-08-17
Sistema,175250300.00000,2023-08-18
Sistema,140062400.00000,2023-08-19
Sistema,187934300.00000,2023-08-20
Sistema,206127500.00000,2023-08-21
Sistema,375312900.00000,2023-08-22
Sistema,234772900.00000,2023-08-23
Sistema,171894000.00000,2023-08-24
Sistema,185460000.00000,2023-08-25
Sistema,169506900.00000,2023-08-26
Sistema,136779500.00000,2023-08-27
Sistema,123887300.00000,2023-08-28
Sistema,138639400.00000,2023-08-29
Sistema,115190700.00000,2023-08-30
Sistema,104870700.00000,2023-08-31
Sistema,100682400.00000,2023-09-01
Sistema,109126600.00000,2023-09-02
Sistema,113907400.00000,2023-09-03
Sistema,147459100.00000,2023-09-04
Sistema,116205600.00000,2023-09-05
Sistema,102887500.00000,2023-09-06
Sistema,102239700.00000,2023-09-07
Sistema,93472000.00000,2023-09-08
Sistema,99637800.00000,2023-09-09
Sistema,144414800.00000,2023-09-10
Sistema,257719600.00000,2023-09-11
Sistema,184432700.00000,2023-09-12
Sistema,145250900.00000,2023-09-13
Sistema,154430100.00000,2023-09-14
Sistema,131765300.00000,2023-09-15
Sistema,106244700.00000,2023-09-16
Sistema,139213000.00000,2023-09-17
Sistema,110984500.00000,2023-09-18
Sistema,98849700.00000,2023-09-19
Sistema,91026800.00000,2023-09-20
Sistema,92310400.00000,2023-09-21
Sistema,89183800.00000,2023-09-22
Sistema,110373900.00000,2023-09-23
Sistema,106848600.00000,2023-09-24
Sistema,121783800.00000,2023-09-25
Sistema,109356600.00000,2023-09-26
Sistema,90123600.00000,2023-09-27
Sistema,97915700.00000,2023-09-28
Sistema,94587100.00000,2023-09-29
Sistema,95516200.00000,2023-09-30
Sistema,133592200.00000,2023-10-01
Sistema,108191000.00000,2023-10-02
Sistema,111514700.00000,2023-10-03
Sistema,141186600.00000,2023-10-04
Sistema,138291400.00000,2023-10-05
Sistema,145521100.00000,2023-10-06
Sistema,167508200.00000,2023-10-07
Sistema,192667800.00000,2023-10-08
Sistema,132328600.00000,2023-10-09
Sistema,151279300.00000,2023-10-10
Sistema,152332500.00000,2023-10-11
Sistema,123821100.00000,2023-10-12
Sistema,130237900.00000,2023-10-13
Sistema,136905400.00000,2023-10-14
Sistema,122586000.00000,2023-10-15
Sistema,121181200.00000,2023-10-16
Sistema,117279300.00000,2023-10-17
Sistema,114512000.00000,2023-10-18
Sistema,110457800.00000,2023-10-19
Sistema,107596900.00000,2023-10-20
Sistema,107637500.00000,2023-10-21
Sistema,109938800.00000,2023-10-22
Sistema,142620800.00000,2023-10-23
Sistema,176910800.00000,2023-10-24
Sistema,151725600.00000,2023-10-25
Sistema,198403400.00000,2023-10-26
Sistema,213429900.00000,2023-10-27
Sistema,192232600.00000,2023-10-28
Sistema,200557400.00000,2023-10-29
Sistema,224367300.00000,2023-10-30
Sistema,255453900.00000,2023-10-31
Sistema,277452900.00000,2023-11-01
Sistema,307949700.00000,2023-11-02
Sistema,320780500.00000,2023-11-03
Sistema,335223600.00000,2023-11-04
Sistema,258901600.00000,2023-11-05
Sistema,254434000.00000,2023-11-06
Sistema,254713900.00000,2023-11-07
Sistema,194528700.00000,2023-11-08
Sistema,180131400.00000,2023-11-09
Sistema,179984600.00000,2023-11-10
Sistema,173417500.00000,2023-11-11
Sistema,200048800.00000,2023-11-12
Sistema,157673900.00000,2023-11-13
Sistema,171275400.00000,2023-11-14
Sistema,236144600.00000,2023-11-15
Sistema,169161800.00000,2023-11-16
Sistema,190025500.00000,2023-11-17
Sistema,255306500.00000,2023-11-18
Sistema,224611200.00000,2023-11-19
Sistema,230550000.00000,2023-11-20
Sistema,201524400.00000,2023-11-21
Sistema,179596300.00000,2023-11-22
Sistema,157365300.00000,2023-11-23
Sistema,161836800.00000,2023-11-24
Sistema,195511000.00000,2023-11-25
Sistema,152664200.00000,2023-11-26
Sistema,137450900.00000,2023-11-27
Sistema,141683000.00000,2023-11-28
Sistema,123860300.00000,2023-11-29
Sistema,123425500.00000,2023-11-30
Sistema,108495100.00000,2023-12-01
Sistema,103745600.00000,2023-12-02
Sistema,99176900.00000,2023-12-03
Sistema,94368000.00000,2023-12-04
Sistema,92831000.00000,2023-12-05
Sistema,100020300.00000,2023-12-06
Sistema,99421800.00000,2023-12-07
Sistema,97761000.00000,2023-12-08
Sistema,93219200.00000,2023-12-09
Sistema,120214600.00000,2023-12-10
Sistema,97549400.00000,2023-12-11
Sistema,102382900.00000,2023-12-12
Sistema,87054600.00000,2023-12-13
Sistema,86964800.00000,2023-12-14
Sistema,104253000.00000,2023-12-15
Sistema,125122000.00000,2023-12-16
Sistema,165246900.00000,2023-12-17
Sistema,136981000.00000,2023-12-18
Sistema,128133100.00000,2023-12-19
Sistema,128970800.00000,2023-12-20
Sistema,129094600.00000,2023-12-21
Sistema,118873900.00000,2023-12-22
Sistema,114149000.00000,2023-12-23
Sistema,112797900.00000,2023-12-24
Sistema,111480400.00000,2023-12-25
Sistema,134280100.00000,2023-12-26
Sistema,134147400.00000,2023-12-27
Sistema,170441000.00000,2023-12-28
Sistema,159570600.00000,2023-12-29
Sistema,143238700.00000,2023-12-30
Sistema,143653100.00000,2023-12-31
Sistema,113920600.00000,2024-01-01
Sistema,107403100.00000,2024-01-02
Sistema,104678600.00000,2024-01-03
Sistema,96482900.00000,2024-01-04
Sistema,94187500.00000,2024-01-05
Sistema,92609600.00000,2024-01-06
Sistema,84153800.00000,2024-01-07
Sistema,79833100.00000,2024-01-08
Sistema,77352000.00000,2024-01-09
Sistema,80227200.00000,2024-01-10
Sistema,79487900.00000,2024-01-11
Sistema,84475700.00000,2024-01-12
Sistema,81639300.00000,2024-01-13
Sistema,75214400.00000,2024-01-14
Sistema,72792900.00000,2024-01-15
Sistema,71404900.00000,2024-01-16
Sistema,69511700.00000,2024-01-17
Sistema,65270100.00000,2024-01-18
Sistema,65073200.00000,2024-01-19
Sistema,63207400.00000,2024-01-20
Sistema,64040000.00000,2024-01-21
Sistema,65258500.00000,2024-01-22
Sistema,63341800.00000,2024-01-23
Sistema,59375800.00000,2024-01-24
Sistema,57291200.00000,2024-01-25
Sistema,57758100.00000,2024-01-26
Sistema,61805300.00000,2024-01-27
Sistema,58319000.00000,2024-01-28
Sistema,55795000.00000,2024-01-29
Sistema,56629500.00000,2024-01-30
Sistema,63806400.00000,2024-01-31
Sistema,73483300.00000,2024-02-01
Sistema,78755200.00000,2024-02-02
Sistema,117464500.00000,2024-02-03
Sistema,119685000.00000,2024-02-04
Sistema,122631400.00000,2024-02-05
Sistema,128823700.00000,2024-02-06
Sistema,114190800.00000,2024-02-07
Sistema,96296300.00000,2024-02-08
Sistema,91575300.00000,2024-02-09
Sistema,96304700.00000,2024-02-10
Sistema,82606700.00000,2024-02-11
Sistema,77330600.00000,2024-02-12
Sistema,68208100.00000,2024-02-13
Sistema,75580000.00000,2024-02-14
Sistema,67610800.00000,2024-02-15
Sistema,73212900.00000,2024-02-16
Sistema,71203100.00000,2024-02-17
Sistema,72081100.00000,2024-02-18
Sistema,61686100.00000,2024-02-19
Sistema,63650300.00000,2024-02-20
Sistema,65201400.00000,2024-02-21
Sistema,70196600.00000,2024-02-22
Sistema,67642500.00000,2024-02-23
Sistema,59337400.00000,2024-02-24
Sistema,63093800.00000,2024-02-25
Sistema,63723400.00000,2024-02-26
Sistema,62636200.00000,2024-02-27
Sistema,60267200.00000,2024-02-28
Sistema,60390000.00000,2024-02-29
Sistema,61700200.00000,2024-03-01
Sistema,62997900.00000,2024-03-02
Sistema,64702500.00000,2024-03-03
Sistema,73074500.00000,2024-03-04
Sistema,70410700.00000,2024-03-05
Sistema,67105000.00000,2024-03-06
Sistema,60912100.00000,2024-03-07
Sistema,69219300.00000,2024-03-08
Sistema,80500000.00000,2024-03-09
Sistema,67746500.00000,2024-03-10
Sistema,92741200.00000,2024-03-11
Sistema,83417800.00000,2024-03-12
Sistema,63769400.00000,2024-03-13
Sistema,88097400.00000,2024-03-14
Sistema,66325900.00000,2024-03-15
Sistema,60039300.00000,2024-03-16
Sistema,66873100.00000,2024-03-17
Sistema,61342100.00000,2024-03-18
Sistema,75314600.00000,2024-03-19
Sistema,68652700.00000,2024-03-20
Sistema,77459300.00000,2024-03-21
Sistema,77231800.00000,2024-03-22
Sistema,63933300.00000,2024-03-23
Sistema,56026500.00000,2024-03-24
Sistema,70322000.00000,2024-03-25
Sistema,77786800.00000,2024-03-26
Sistema,72671100.00000,2024-03-27
Sistema,65788000.00000,2024-03-28
Sistema,67536200.00000,2024-03-29
Sistema,66325400.00000,2024-03-30
Sistema,77753500.00000,2024-03-31
Sistema,92959300.00000,2024-04-01
Sistema,139587000.00000,2024-04-02
Sistema,123699600.00000,2024-04-03
Sistema,169207300.00000,2024-04-04
Sistema,148310000.00000,2024-04-05
Sistema,138302900.00000,2024-04-06
Sistema,103178600.00000,2024-04-07
Sistema,96336100.00000,2024-04-08
Sistema,91761000.00000,2024-04-09
Sistema,78419500.00000,2024-04-10
Sistema,70603300.00000,2024-04-11
Sistema,68491400.00000,2024-04-12
Sistema,65123600.00000,2024-04-13
Sistema,62775800.00000,2024-04-14
Sistema,65482700.00000,2024-04-15
Sistema,63658600.00000,2024-04-16
Sistema,67759700.00000,2024-04-17
Sistema,84288900.00000,2024-04-18
Sistema,123197300.00000,2024-04-19
Sistema,140632700.00000,2024-04-20
Sistema,173795200.00000,2024-04-21
Sistema,214521300.00000,2024-04-22
Sistema,192121300.00000,2024-04-23
Sistema,165093400.00000,2024-04-24
Sistema,168236800.00000,2024-04-25
Sistema,175129600.00000,2024-04-26
Sistema,190810300.00000,2024-04-27
Sistema,206055600.00000,2024-04-28
Sistema,303136900.00000,2024-04-29
Sistema,204792600.00000,2024-04-30
Sistema,211931100.00000,2024-05-01
Sistema,230087500.00000,2024-05-02
Sistema,199873900.00000,2024-05-03
Sistema,316351100.00000,2024-05-04
Sistema,350443700.00000,2024-05-05
Sistema,257474700.00000,2024-05-06
Sistema,205654200.00000,2024-05-07
Sistema,315560300.00000,2024-05-08
Sistema,468623000.00000,2024-05-09
Sistema,394650700.00000,2024-05-10
Sistema,293224100.00000,2024-05-11
Sistema,288884500.00000,2024-05-12
Sistema,335011000.00000,2024-05-13
Sistema,261226700.00000,2024-05-14
Sistema,374039800.00000,2024-05-15
Sistema,337569400.00000,2024-05-16
Sistema,249055900.00000,2024-05-17
Sistema,244896100.00000,2024-05-18
Sistema,222394700.00000,2024-05-19
Sistema,207412700.00000,2024-05-20
Sistema,217344700.00000,2024-05-21
Sistema,206327500.00000,2024-05-22
Sistema,202752600.00000,2024-05-23
Sistema,226765000.00000,2024-05-24
Sistema,242506200.00000,2024-05-25
Sistema,198204300.00000,2024-05-26
Sistema,197121600.00000,2024-05-27
Sistema,269527200.00000,2024-05-28
Sistema,447075400.00000,2024-05-29
Sistema,359762100.00000,2024-05-30
Sistema,398088000.00000,2024-05-31
Sistema,274489600.00000,2024-06-01
Sistema,218156300.00000,2024-06-02
Sistema,236058500.00000,2024-06-03
Sistema,571543700.00000,2024-06-04
Sistema,336719900.00000,2024-06-05
Sistema,275420800.00000,2024-06-06
Sistema,230638600.00000,2024-06-07
Sistema,243168000.00000,2024-06-08
Sistema,281829000.00000,2024-06-09
Sistema,277259700.00000,2024-06-10
Sistema,327798400.00000,2024-06-11
Sistema,229812500.00000,2024-06-12
Sistema,223387600.00000,2024-06-13
Sistema,248244500.00000,2024-06-14
Sistema,413942300.00000,2024-06-15
Sistema,643075500.00000,2024-06-16
Sistema,364669800.00000,2024-06-17
Sistema,324115400.00000,2024-06-18
Sistema,341293900.00000,2024-06-19
Sistema,364440800.00000,2024-06-20
Sistema,307817100.00000,2024-06-21
Sistema,263817900.00000,2024-06-22
Sistema,388407300.00000,2024-06-23
Sistema,300537800.00000,2024-06-24
Sistema,333312500.00000,2024-06-25
Sistema,470935600.00000,2024-06-26
Sistema,375134300.00000,2024-06-27
Sistema,383455100.00000,2024-06-28
Sistema,333306500.00000,2024-06-29
Sistema,282145300.00000,2024-06-30
Sistema,279099800.00000,2024-07-01
Sistema,291513900.00000,2024-07-02
Sistema,336579100.00000,2024-07-03
Sistema,340355900.00000,2024-07-04
Sistema,455596300.00000,2024-07-05
Sistema,370375100.00000,2024-07-06
Sistema,294871300.00000,2024-07-07
Sistema,255422800.00000,2024-07-08
Sistema,256366700.00000,2024-07-09
Sistema,220486100.00000,2024-07-10
Sistema,197292600.00000,2024-07-11
Sistema,195542800.00000,2024-07-12
Sistema,222646300.00000,2024-07-13
Sistema,201499500.00000,2024-07-14
Sistema,209886500.00000,2024-07-15
Sistema,190123100.00000,2024-07-16
Sistema,178176200.00000,2024-07-17
Sistema,170824600.00000,2024-07-18
Sistema,161852800.00000,2024-07-19
Sistema,156745300.00000,2024-07-20
Sistema,239559300.00000,2024-07-21
Sistema,223517400.00000,2024-07-22
Sistema,204896200.00000,2024-07-23
Sistema,171912900.00000,2024-07-24
Sistema,180766500.00000,2024-07-25
Sistema,162816100.00000,2024-07-26
Sistema,194457900.00000,2024-07-27
Sistema,286230700.00000,2024-07-28
Sistema,177967300.00000,2024-07-29
Sistema,209157700.00000,2024-07-30
Sistema,233344100.00000,2024-07-31
Sistema,180084400.00000,2024-08-01
Sistema,163205500.00000,2024-08-02
Sistema,146618100.00000,2024-08-03
Sistema,140538900.00000,2024-08-04
Sistema,180772900.00000,2024-08-05
Sistema,199777400.00000,2024-08-06
Sistema,188170400.00000,2024-08-07
Sistema,139797000.00000,2024-08-08
Sistema,173115100.00000,2024-08-09
Sistema,177449800.00000,2024-08-10
Sistema,192003900.00000,2024-08-11
Sistema,165760100.00000,2024-08-12
Sistema,217941800.00000,2024-08-13
Sistema,163461200.00000,2024-08-14
Sistema,127215400.00000,2024-08-15
Sistema,150356100.00000,2024-08-16
Sistema,137453400.00000,2024-08-17
Sistema,108248000.00000,2024-08-18
Sistema,113238500.00000,2024-08-19
Sistema,107005600.00000,2024-08-20
Sistema,101835600.00000,2024-08-21
Sistema,114792200.00000,2024-08-22
Sistema,150687700.00000,2024-08-23
Sistema,146055300.00000,2024-08-24
Sistema,153761700.00000,2024-08-25
Sistema,122551000.00000,2024-08-26
Sistema,113435700.00000,2024-08-27
Sistema,108756200.00000,2024-08-28
Sistema,132260600.00000,2024-08-29
Sistema,105509300.00000,2024-08-30
Sistema,94708600.00000,2024-08-31
Sistema,150267800.00000,2024-09-01
Sistema,142711000.00000,2024-09-02
Sistema,129594400.00000,2024-09-03
Sistema,128129700.00000,2024-09-04
Sistema,224118100.00000,2024-09-05
Sistema,111225300.00000,2024-09-06
Sistema,135594700.00000,2024-09-07
Sistema,101773300.00000,2024-09-08
Sistema,94560900.00000,2024-09-09
Sistema,108729300.00000,2024-09-10
Sistema,90695500.00000,2024-09-11
Sistema,94524300.00000,2024-09-12
Sistema,128362300.00000,2024-09-13
Sistema,98190300.00000,2024-09-14
Sistema,94692200.00000,2024-09-15
Sistema,94155800.00000,2024-09-16
Sistema,148472200.00000,2024-09-17
Sistema,93739700.00000,2024-09-18
Sistema,88334200.00000,2024-09-19
Sistema,90990400.00000,2024-09-20
Sistema,108241200.00000,2024-09-21
Sistema,127174500.00000,2024-09-22
Sistema,168657800.00000,2024-09-23
Sistema,99796300.00000,2024-09-24
Sistema,109283500.00000,2024-09-25
Sistema,126101500.00000,2024-09-26
Sistema,120300800.00000,2024-09-27
Sistema,125812600.00000,2024-09-28
Sistema,196328100.00000,2024-09-29
Sistema,169336400.00000,2024-09-30
Sistema,151630500.00000,2024-10-01
Sistema,149793900.00000,2024-10-02
Sistema,144885000.00000,2024-10-03
Sistema,128179600.00000,2024-10-04
Sistema,150600000.00000,2024-10-05
Sistema,140374000.00000,2024-10-06
Sistema,155012300.00000,2024-10-07
Sistema,192935300.00000,2024-10-08
Sistema,195952600.00000,2024-10-09
Sistema,251414500.00000,2024-10-10
Sistema,171505200.00000,2024-10-11
Sistema,142167400.00000,2024-10-12
Sistema,172882800.00000,2024-10-13
Sistema,119848500.00000,2024-10-14
Sistema,122605600.00000,2024-10-15
Sistema,122375800.00000,2024-10-16
Sistema,125299300.00000,2024-10-17
Sistema,108667400.00000,2024-10-18
Sistema,136515900.00000,2024-10-19
Sistema,149017000.00000,2024-10-20
Sistema,164730700.00000,2024-10-21
Sistema,182892200.00000,2024-10-22
Sistema,186751300.00000,2024-10-23
Sistema,198957600.00000,2024-10-24
Sistema,157988800.00000,2024-10-25
Sistema,132677400.00000,2024-10-26
Sistema,180745900.00000,2024-10-27
Sistema,147287000.00000,2024-10-28
Sistema,120943500.00000,2024-10-29
Sistema,125661300.00000,2024-10-30
Sistema,161148800.00000,2024-10-31
Sistema,155365200.00000,2024-11-01
Sistema,161394400.00000,2024-11-02
Sistema,143955000.00000,2024-11-03
Sistema,184664000.00000,2024-11-04
Sistema,181479100.00000,2024-11-05
Sistema,170383800.00000,2024-11-06
Sistema,190772700.00000,2024-11-07
Sistema,226586300.00000,2024-11-08
Sistema,267735700.00000,2024-11-09
Sistema,365055400.00000,2024-11-10
Sistema,342313300.00000,2024-11-11
Sistema,293030800.00000,2024-11-12
Sistema,284650200.00000,2024-11-13
Sistema,331592800.00000,2024-11-14
Sistema,285256600.00000,2024-11-15
Sistema,279777600.00000,2024-11-16
Sistema,251288700.00000,2024-11-17
Sistema,236537100.00000,2024-11-18
Sistema,268033400.00000,2024-11-19
Sistema,253912000.00000,2024-11-20
Sistema,317475500.00000,2024-11-21
Sistema,344604400.00000,2024-11-22
Sistema,320869300.00000,2024-11-23
Sistema,299106000.00000,2024-11-24
Sistema,225671500.00000,2024-11-25
Sistema,220343900.00000,2024-11-26
Sistema,232804600.00000,2024-11-27
Sistema,207581400.00000,2024-11-28
Sistema,190909500.00000,2024-11-29
Sistema,161292300.00000,2024-11-30
Sistema,148655900.00000,2024-12-01
Sistema,152283700.00000,2024-12-02
Sistema,149645800.00000,2024-12-03
Sistema,137022900.00000,2024-12-04
Sistema,137700400.00000,2024-12-05
Sistema,141209700.00000,2024-12-06
Sistema,139769100.00000,2024-12-07
Sistema,131715900.00000,2024-12-08
Sistema,117727100.00000,2024-12-09
Sistema,116413000.00000,2024-12-10
Sistema,111711400.00000,2024-12-11
Sistema,109013100.00000,2024-12-12
Sistema,119718300.00000,2024-12-13
Sistema,117349100.00000,2024-12-14
Sistema,152347000.00000,2024-12-15
Sistema,154501100.00000,2024-12-16
Sistema,124958700.00000,2024-12-17
Sistema,119181600.00000,2024-12-18
Sistema,124709700.00000,2024-12-19
Sistema,111819500.00000,2024-12-20
Sistema,139730900.00000,2024-12-21
Sistema,154410700.00000,2024-12-22
Sistema,197199300.00000,2024-12-23
Sistema,154740000.00000,2024-12-24
Sistema,128490600.00000,2024-12-25
Sistema,171605400.00000,2024-12-26
Sistema,184164600.00000,2024-12-27
Sistema,181283400.00000,2024-12-28
Sistema,199054900.00000,2024-12-29
Sistema,208840500.00000,2024-12-30
Sistema,209463300.00000,2024-12-31
Sistema,192407100.00000,2025-01-01
Sistema,175262400.00000,2025-01-02
Sistema,216529700.00000,2025-01-03
Sistema,232149400.00000,2025-01-04
Sistema,273468600.00000,2025-01-05
Sistema,212045100.00000,2025-01-06
Sistema,174892700.00000,2025-01-07
Sistema,169687900.00000,2025-01-08
Sistema,160641000.00000,2025-01-09
Sistema,152241500.00000,2025-01-10
Sistema,138083900.00000,2025-01-11
Sistema,121099600.00000,2025-01-12
Sistema,109806000.00000,2025-01-13
Sistema,105379700.00000,2025-01-14
Sistema,107163700.00000,2025-01-15
Sistema,99736200.00000,2025-01-16
Sistema,101284100.00000,2025-01-17
Sistema,95483300.00000,2025-01-18
Sistema,98472900.00000,2025-01-19
Sistema,89213900.00000,2025-01-20
Sistema,83491300.00000,2025-01-21
Sistema,82340000.00000,2025-01-22
Sistema,81743000.00000,2025-01-23
Sistema,79432400.00000,2025-01-24
Sistema,80714900.00000,2025-01-25
Sistema,105645600.00000,2025-01-26
Sistema,99303900.00000,2025-01-27
Sistema,102386400.00000,2025-01-28
Sistema,108835800.00000,2025-01-29
Sistema,112833400.00000,2025-01-30
Sistema,115944700.00000,2025-01-31
Sistema,96475700.00000,2025-02-01
Sistema,88744300.00000,2025-02-02
Sistema,95498700.00000,2025-02-03
Sistema,102524000.00000,2025-02-04
Sistema,127014100.00000,2025-02-05
Sistema,105180000.00000,2025-02-06
Sistema,112369500.00000,2025-02-07
Sistema,132728800.00000,2025-02-08
Sistema,147124100.00000,2025-02-09
Sistema,127635900.00000,2025-02-10
Sistema,136083700.00000,2025-02-11
Sistema,137303400.00000,2025-02-12
Sistema,141577500.00000,2025-02-13
Sistema,190829000.00000,2025-02-14
Sistema,184963600.00000,2025-02-15
Sistema,209454500.00000,2025-02-16
Sistema,260590900.00000,2025-02-17
Sistema,262239500.00000,2025-02-18
Sistema,212445700.00000,2025-02-19
Sistema,204789700.00000,2025-02-20
Sistema,196519500.00000,2025-02-21
Sistema,235845900.00000,2025-02-22
Sistema,214781000.00000,2025-02-23
Sistema,188143400.00000,2025-02-24
Sistema,214336000.00000,2025-02-25
Sistema,186421700.00000,2025-02-26
Sistema,178290300.00000,2025-02-27
Sistema,186223300.00000,2025-02-28
Sistema,178027600.00000,2025-03-01
Sistema,166990700.00000,2025-03-02
Sistema,176973100.00000,2025-03-03
Sistema,205579700.00000,2025-03-04
Sistema,208054900.00000,2025-03-05
Sistema,231643200.00000,2025-03-06
Sistema,232718100.00000,2025-03-07
Sistema,203195100.00000,2025-03-08
Sistema,167461700.00000,2025-03-09
Sistema,164106400.00000,2025-03-10
Sistema,168251300.00000,2025-03-11
Sistema,212865000.00000,2025-03-12
Sistema,203594500.00000,2025-03-13
Sistema,222711800.00000,2025-03-14
Sistema,201038900.00000,2025-03-15
Sistema,216781200.00000,2025-03-16
Sistema,293400600.00000,2025-03-17
Sistema,315408700.00000,2025-03-18
Sistema,232048100.00000,2025-03-19
Sistema,221573000.00000,2025-03-20
Sistema,244967600.00000,2025-03-21
Sistema,226464100.00000,2025-03-22
Sistema,179768900.00000,2025-03-23
Sistema,154644600.00000,2025-03-24
Sistema,145013800.00000,2025-03-25
Sistema,140025600.00000,2025-03-26
Sistema,164770400.00000,2025-03-27
Sistema,181003700.00000,2025-03-28
Sistema,212165100.00000,2025-03-29
Sistema,207294000.00000,2025-03-30
Sistema,265388100.00000,2025-03-31
Sistema,277631600.00000,2025-04-01
Sistema,269027500.00000,2025-04-02
Sistema,257955300.00000,2025-04-03
Sistema,278794100.00000,2025-04-04
Sistema,310091700.00000,2025-04-05
Sistema,285329900.00000,2025-04-06
Sistema,302733300.00000,2025-04-07
Sistema,352690100.00000,2025-04-08
Sistema,298723500.00000,2025-04-09
Sistema,443231000.00000,2025-04-10
Sistema,575179500.00000,2025-04-11
Sistema,404037600.00000,2025-04-12
Sistema,292317600.00000,2025-04-13
Sistema,257272400.00000,2025-04-14
Sistema,221586100.00000,2025-04-15
Sistema,196603300.00000,2025-04-16
Sistema,219475400.00000,2025-04-17
Sistema,186713900.00000,2025-04-18
Sistema,230697400.00000,2025-04-19
Sistema,348529100.00000,2025-04-20
Sistema,267838100.00000,2025-04-21
Sistema,257950400.00000,2025-04-22
Sistema,273229600.00000,2025-04-23
Sistema,333816700.00000,2025-04-24
Sistema,329561700.00000,2025-04-25
Sistema,402682100.00000,2025-04-26
Sistema,383496300.00000,2025-04-27
Sistema,493998900.00000,2025-04-28
Sistema,420996600.00000,2025-04-29
Sistema,536594600.00000,2025-04-30
Sistema,437566000.00000,2025-05-01
Sistema,376079300.00000,2025-05-02
Sistema,442795900.00000,2025-05-03
Sistema,369618600.00000,2025-05-04
Sistema,526870000.00000,2025-05-05
Sistema,571998300.00000,2025-05-06
Sistema,558629100.00000,2025-05-07
Sistema,433033400.00000,2025-05-08
Sistema,437508500.00000,2025-05-09
Sistema,349757600.00000,2025-05-10
Sistema,340525800.00000,2025-05-11
Sistema,315750400.00000,2025-05-12
Sistema,316483500.00000,2025-05-13
Sistema,315160500.00000,2025-05-14
Sistema,375864600.00000,2025-05-15
Sistema,338090900.00000,2025-05-16
Sistema,557849800.00000,2025-05-17
Sistema,479933200.00000,2025-05-18
Sistema,514884000.00000,2025-05-19
Sistema,620082900.00000,2025-05-20
Sistema,477487500.00000,2025-05-21
Sistema,507990800.00000,2025-05-22
Sistema,380424500.00000,2025-05-23
Sistema,376735400.00000,2025-05-24
Sistema,302763400.00000,2025-05-25
Sistema,294453400.00000,2025-05-26
Sistema,339928300.00000,2025-05-27
Sistema,285772800.00000,2025-05-28
Sistema,250408900.00000,2025-05-29
Sistema,324721800.00000,2025-05-30
Sistema,317094200.00000,2025-05-31
Sistema,309081100.00000,2025-06-01
Sistema,353543600.00000,2025-06-02
Sistema,307802600.00000,2025-06-03
Sistema,354994200.00000,2025-06-04
Sistema,337495600.00000,2025-06-05
Sistema,506892200.00000,2025-06-06
Sistema,397939700.00000,2025-06-07
Sistema,284044900.00000,2025-06-08
Sistema,417422500.00000,2025-06-09
Sistema,448133000.00000,2025-06-10
Sistema,404924700.00000,2025-06-11
Sistema,348478200.00000,2025-06-12
Sistema,475181200.00000,2025-06-13
Sistema,482588300.00000,2025-06-14
Sistema,427127400.00000,2025-06-15
Sistema,348828000.00000,2025-06-16
Sistema,495597200.00000,2025-06-17
Sistema,464264700.00000,2025-06-18
Sistema,319213000.00000,2025-06-19
Sistema,343627100.00000,2025-06-20
Sistema,283149000.00000,2025-06-21
Sistema,304809500.00000,2025-06-22
Sistema,414856200.00000,2025-06-23
Sistema,502889700.00000,2025-06-24
Sistema,361868800.00000,2025-06-25
Sistema,285287800.00000,2025-06-26
Sistema,371446600.00000,2025-06-27
Sistema,452691300.00000,2025-06-28
Sistema,326654100.00000,2025-06-29
Sistema,352758800.00000,2025-06-30
Sistema,428730100.00000,2025-07-01
Sistema,389961800.00000,2025-07-02
Sistema,468365100.00000,2025-07-03
Sistema,355214500.00000,2025-07-04
Sistema,350508300.00000,2025-07-05
Sistema,276294100.00000,2025-07-06
Sistema,244976900.00000,2025-07-07
Sistema,230533900.00000,2025-07-08
Sistema,232628200.00000,2025-07-09
Sistema,255818200.00000,2025-07-10
Sistema,450516700.00000,2025-07-11
Sistema,375483600.00000,2025-07-12
Sistema,343682300.00000,2025-07-13
Sistema,368270700.00000,2025-07-14
Sistema,274408800.00000,2025-07-15
Sistema,246086400.00000,2025-07-16
Sistema,223094900.00000,2025-07-17
Sistema,308428500.00000,2025-07-18
Sistema,375503800.00000,2025-07-19
Sistema,269971400.00000,2025-07-20
Sistema,305171300.00000,2025-07-21
Sistema,260874900.00000,2025-07-22
Sistema,269583400.00000,2025-07-23
Sistema,243023900.00000,2025-07-24
Sistema,239393100.00000,2025-07-25
Sistema,245901800.00000,2025-07-26
Sistema,256342200.00000,2025-07-27
Sistema,277276600.00000,2025-07-28
Sistema,305335900.00000,2025-07-29
Sistema,291520300.00000,2025-07-30
Sistema,193029929.97000,2025-07-31
Sistema,213081788.40000,2025-08-01
Sistema,231455565.75000,2025-08-02
Sistema,278106456.92000,2025-08-03
Sistema,286376431.11000,2025-08-04
Sistema,200897427.12000,2025-08-05
Sistema,166556411.73000,2025-08-06
Sistema,196151547.39000,2025-08-07
Sistema,251073229.82000,2025-08-08
Sistema,296473845.02000,2025-08-09
Sistema,230864655.21000,2025-08-10
Sistema,255288359.52000,2025-08-11
Sistema,221953338.90000,2025-08-12
Sistema,199565133.57000,2025-08-13
Sistema,171473573.39000,2025-08-14
Sistema,202830439.37000,2025-08-15
Sistema,243321179.14000,2025-08-16
Sistema,193840308.30000,2025-08-17
Sistema,303837998.79000,2025-08-18
Sistema,226187207.00000,2025-08-19
Sistema,171281563.45000,2025-08-20
Sistema,238992788.64000,2025-08-21
Sistema,211364254.95000,2025-08-22
Sistema,211717509.47000,2025-08-23
Sistema,195444309.57000,2025-08-24
Sistema,205534630.47000,2025-08-25
Sistema,179958087.21000,2025-08-26
Sistema,234763388.97000,2025-08-27
Sistema,226395806.76000,2025-08-28
Sistema,174968300.58000,2025-08-29
Sistema,167381987.24000,2025-08-30
Sistema,187002863.38000,2025-08-31
Sistema,235608389.85000,2025-09-01
Sistema,253362148.44000,2025-09-02
Sistema,284758708.14000,2025-09-03
Sistema,293696358.86000,2025-09-04
Sistema,266822580.85000,2025-09-05
Sistema,237519959.16000,2025-09-06
Sistema,353180879.08000,2025-09-07
Sistema,273690855.66000,2025-09-08
Sistema,223531326.86000,2025-09-09
Sistema,169203002.44000,2025-09-10
Sistema,207266753.15000,2025-09-11
Sistema,157576309.56000,2025-09-12
Sistema,142531372.25000,2025-09-13
Sistema,171915795.70000,2025-09-14
Sistema,168325764.64000,2025-09-15
Sistema,144773970.92000,2025-09-16
Sistema,151511387.80000,2025-09-17
Sistema,204968156.14000,2025-09-18
Sistema,190817119.59000,2025-09-19
Sistema,209864775.30000,2025-09-20
Sistema,160698995.80000,2025-09-21
Sistema,142384230.00000,2025-09-22
Sistema,141590015.39000,2025-09-23
Sistema,141280912.49000,2025-09-24
Sistema,170258247.18000,2025-09-25
Sistema,147082276.77000,2025-09-26
Sistema,152480299.33000,2025-09-27
Sistema,181023829.58000,2025-09-28
Sistema,167890942.26000,2025-09-29
Sistema,214052708.16000,2025-09-30
Sistema,181626640.81000,2025-10-01
Sistema,199094696.73000,2025-10-02
Sistema,201794507.36000,2025-10-03
Sistema,163295349.17000,2025-10-04
Sistema,184984108.04000,2025-10-05
Sistema,200728497.25000,2025-10-06
Sistema,189479693.16000,2025-10-07
Sistema,231721630.85000,2025-10-08
Sistema,183005356.15000,2025-10-09
Sistema,244505611.31000,2025-10-10
Sistema,224385297.32000,2025-10-11
Sistema,316992876.89000,2025-10-12
Sistema,234532081.20000,2025-10-13
Sistema,217464801.82000,2025-10-14
Sistema,191372376.09000,2025-10-15
Sistema,249469772.03000,2025-10-16
Sistema,256471144.79000,2025-10-17
Sistema,278359990.07000,2025-10-18
Sistema,212951189.07000,2025-10-19
Sistema,226272569.23000,2025-10-20
Sistema,228660132.53000,2025-10-21
Sistema,241970350.36000,2025-10-22
Sistema,255172076.69000,2025-10-23
Sistema,274297914.82000,2025-10-24
Sistema,262579658.75000,2025-10-25
Sistema,277753576.43000,2025-10-26
Sistema,320381514.68000,2025-10-27
Sistema,248170700.15000,2025-10-28
Sistema,239055566.03000,2025-10-29
Sistema,221310869.47000,2025-10-30
Sistema,234113463.83000,2025-10-31
Sistema,196692476.45000,2025-11-01
Sistema,199530571.49000,2025-11-02
Sistema,219675798.08000,2025-11-03
Sistema,200041633.90000,2025-11-04
Sistema,197414155.71000,2025-11-05
Sistema,242868557.15000,2025-11-06
Sistema,184432451.03000,2025-11-07
Sistema,152996677.12000,2025-11-08
Sistema,186846425.23000,2025-11-09
Sistema,228754966.24000,2025-11-10
Sistema,183036423.42000,2025-11-11
Sistema,173042649.67000,2025-11-12
Sistema,214410635.87000,2025-11-13
Sistema,314075140.31000,2025-11-14
Sistema,255970906.21000,2025-11-15
Sistema,409729581.30000,2025-11-16
Sistema,402053071.72000,2025-11-17
Sistema,265739014.05000,2025-11-18
Sistema,261670060.16000,2025-11-19
Sistema,258258168.01000,2025-11-20
Sistema,237325082.93000,2025-11-21
Sistema,205831826.60000,2025-11-22
Sistema,220916931.93000,2025-11-23
Sistema,219827226.61000,2025-11-24
Sistema,207378130.44000,2025-11-25
Sistema,190550646.81000,2025-11-26
Sistema,204498602.69000,2025-11-27
Sistema,240041449.93000,2025-11-28
Sistema,234505451.26000,2025-11-29
Sistema,250211912.57000,2025-11-30
Sistema,290789849.89000,2025-12-01
Sistema,265370397.90000,2025-12-02
Sistema,235149018.92000,2025-12-03
Sistema,247318399.29000,2025-12-04
Sistema,277809517.37000,2025-12-05
Sistema,237614660.30000,2025-12-06
Sistema,245469515.08000,2025-12-07
Sistema,220976982.06000,2025-12-08
Sistema,200227341.92000,2025-12-09
Sistema,176387351.40000,2025-12-10
Sistema,167021360.15000,2025-12-11
Sistema,192032685.30000,2025-12-12
Sistema,164385368.03000,2025-12-13
Sistema,151196930.57000,2025-12-14
Sistema,165654541.92000,2025-12-15
Sistema,177721274.42000,2025-12-16
Sistema,173479711.81000,2025-12-17
Sistema,169810193.98000,2025-12-18
Sistema,164136293.12000,2025-12-19
Sistema,171267953.17000,2025-12-20
Sistema,148881993.06000,2025-12-21
Sistema,165037405.24000,2025-12-22
Sistema,144202999.03000,2025-12-23
Sistema,142643124.76000,2025-12-24
Sistema,166714871.21000,2025-12-25
Sistema,141617363.77000,2025-12-26
Sistema,145684161.27000,2025-12-27
Sistema,140438964.06000,2025-12-28
Sistema,128299297.85000,2025-12-29
Sistema,128236549.77000,2025-12-30
Sistema,132433113.89000,2025-12-31
Sistema,127540466.07000,2026-01-01
Sistema,137375394.29000,2026-01-02
Sistema,148733684.28000,2026-01-03
Sistema,148347840.24000,2026-01-04
Sistema,169197493.94000,2026-01-05
Sistema,210890752.13000,2026-01-06
Sistema,235278948.14000,2026-01-07
Sistema,177504130.84000,2026-01-08
Sistema,178429467.71000,2026-01-09
Sistema,186974627.74000,2026-01-10
Sistema,225121507.40000,2026-01-11
Sistema,285385764.67000,2026-01-12
Sistema,289505994.85000,2026-01-13
Sistema,275173694.94000,2026-01-14
Sistema,258044915.68000,2026-01-15
Sistema,240404148.28000,2026-01-16
Sistema,197797400.11000,2026-01-17
Sistema,170133649.03000,2026-01-18
Sistema,156772032.38000,2026-01-19
Sistema,152412481.89000,2026-01-20
Sistema,147555989.63000,2026-01-21
Sistema,156254769.68000,2026-01-22
Sistema,152734205.58000,2026-01-23
Sistema,150008917.37000,2026-01-24
Sistema,141896793.74000,2026-01-25
Sistema,176472100.17000,2026-01-26
Sistema,192200639.59000,2026-01-27
Sistema,208181550.94000,2026-01-28
Sistema,223751652.24000,2026-01-29
Sistema,184963028.69000,2026-01-30
Sistema,239688755.45000,2026-01-31
Sistema,290307744.84000,2026-02-01
Sistema,344062501.79000,2026-02-02
Sistema,273373156.33000,2026-02-03
Sistema,240488928.93000,2026-02-04
Sistema,204989101.81000,2026-02-05
Sistema,261926077.00000,2026-02-06
Sistema,227951882.55000,2026-02-07
Sistema,210941484.47000,2026-02-08
Sistema,213452295.69000,2026-02-09
Sistema,186632193.47000,2026-02-10
Sistema,180744224.70000,2026-02-11
Sistema,175590806.50000,2026-02-12
Sistema,177779490.49000,2026-02-13
Sistema,184528956.96000,2026-02-14
Sistema,197966209.15000,2026-02-15
Sistema,213447970.19000,2026-02-16
Sistema,225917079.70000,2026-02-17
Sistema,282564352.88000,2026-02-18
Sistema,214610219.11000,2026-02-19
Sistema,232284892.95000,2026-02-20
Sistema,214704701.56000,2026-02-21
Sistema,213367917.69000,2026-02-22
Sistema,263317853.80000,2026-02-23
Sistema,286055852.16000,2026-02-24
Sistema,297275558.25000,2026-02-25
Sistema,246005024.72000,2026-02-26
Sistema,207475783.96000,2026-02-27
Sistema,193505453.63000,2026-02-28
Sistema,181589856.42000,2026-03-01
Sistema,181046019.52000,2026-03-02
Sistema,173927608.32000,2026-03-03
Sistema,178193998.62000,2026-03-04
Sistema,178442937.14000,2026-03-05
Sistema,174080616.59000,2026-03-06
Sistema,162405939.62000,2026-03-07
Sistema,196239580.18000,2026-03-08
Sistema,188649042.75000,2026-03-09
Sistema,180292091.97000,2026-03-10
Sistema,189416914.38000,2026-03-11
Sistema,177490646.73000,2026-03-12
Sistema,165007925.70000,2026-03-13
Sistema,144614256.44000,2026-03-14
Sistema,134235138.52000,2026-03-15
Sistema,135896868.92000,2026-03-16
Sistema,137482357.29000,2026-03-17
Sistema,198978918.28000,2026-03-18
Sistema,165271882.78000,2026-03-19
Sistema,140029529.98000,2026-03-20
Sistema,136314267.97000,2026-03-21
Sistema,156176167.83000,2026-03-22
Sistema,154989030.93000,2026-03-23
Sistema,162046090.78000,2026-03-24
Sistema,160260266.32000,2026-03-25
Sistema,155606686.01000,2026-03-26
Sistema,177725598.21000,2026-03-27
Sistema,166003497.59000,2026-03-28
Sistema,163597215.25000,2026-03-29
Sistema,194563331.22000,2026-03-30
Sistema,189476125.80000,2026-03-31
Sistema,174185569.36000,2026-04-01
Sistema,198529806.50000,2026-04-02
Sistema,165767733.64000,2026-04-03
Sistema,162502209.02000,2026-04-04
Sistema,194344939.45000,2026-04-05
Sistema,151863703.17000,2026-04-06
Sistema,174255727.74000,2026-04-07
Sistema,218966915.23000,2026-04-08
Sistema,172446576.75000,2026-04-09
Sistema,152133690.26000,2026-04-10
Sistema,169276562.95000,2026-04-11
Sistema,130916264.43000,2026-04-12
Sistema,143640299.82000,2026-04-13
Sistema,153486932.89000,2026-04-14
Sistema,213006762.24000,2026-04-15
Sistema,285575805.34000,2026-04-16
Sistema,377186595.89000,2026-04-17
Sistema,284905037.56000,2026-04-18
Sistema,224597493.65000,2026-04-19
Sistema,206013925.41000,2026-04-20
Sistema,200415166.11000,2026-04-21
Sistema,191955399.88000,2026-04-22
Sistema,211225253.34000,2026-04-23
Sistema,217914810.57000,2026-04-24
Sistema,262547265.28000,2026-04-25
Sistema,263911102.96000,2026-04-26
Sistema,250727637.77000,2026-04-27
Sistema,258023850.16000,2026-04-28
Sistema,286760705.00000,2026-04-29
Sistema,197998442.49000,2026-04-30
Sistema,175542023.56000,2026-05-01
Sistema,287976447.26000,2026-05-02
Sistema,206265907.34000,2026-05-03
Sistema,268636101.21000,2026-05-04
Sistema,230630422.13000,2026-05-05
Sistema,261650988.15000,2026-05-06
Sistema,204388388.67000,2026-05-07
Sistema,173271362.59000,2026-05-08
Sistema,155125101.72000,2026-05-09
Sistema,144444935.54000,2026-05-10
Sistema,172058710.74000,2026-05-11
Sistema,196204430.74000,2026-05-12
Sistema,192073339.48000,2026-05-13
Sistema,188508592.67000,2026-05-14
Sistema,163134354.11000,2026-05-15
Sistema,178650718.81000,2026-05-16
Sistema,185067421.92000,2026-05-17
Sistema,164089657.19000,2026-05-18
Sistema,254106952.71000,2026-05-19
Sistema,160887205.04000,2026-05-20
Sistema,170569352.67000,2026-05-21
Sistema,272841917.93000,2026-05-22
Sistema,231301363.02000,2026-05-23
Sistema,218433536.82000,2026-05-24
Sistema,203991051.63000,2026-05-25
Sistema,237782330.80000,2026-05-26
Sistema,325845446.62000,2026-05-27
Sistema,274801305.52000,2026-05-28
Sistema,308047340.50000,2026-05-29
Sistema,233769080.30000,2026-05-30
Sistema,214956164.58000,2026-05-31
Sistema,201994717.47000,2026-06-01
Sistema,205691418.67000,2026-06-02
Sistema,219265295.29000,2026-06-03
Sistema,222875452.47000,2026-06-04
Sistema,315474764.85000,2026-06-05
Sistema,266868502.79000,2026-06-06
Sistema,273925327.82000,2026-06-07
Sistema,325614344.65000,2026-06-08
Sistema,320421474.48000,2026-06-09
Sistema,257102408.01000,2026-06-10
Sistema,193261522.55000,2026-06-11
Sistema,159422736.40000,2026-06-12
Sistema,148974795.86000,2026-06-13
Sistema,197825155.31000,2026-06-14
Sistema,185297142.14000,2026-06-15
Sistema,193203365.96000,2026-06-16
Sistema,193028573.49000,2026-06-17
Sistema,213377771.60000,2026-06-18
Sistema,198159302.14000,2026-06-19
Sistema,177575878.42000,2026-06-20
Sistema,199563004.96000,2026-06-21
Sistema,186782112.44000,2026-06-22
Sistema,280449739.58000,2026-06-23
Sistema,161497536.08000,2026-06-24
Sistema,139218476.87000,2026-06-25
Sistema,139134352.21000,2026-06-26
Sistema,143490876.12000,2026-06-27
Sistema,217602691.39000,2026-06-28
Sistema,202328933.03000,2026-06-29
Sistema,251807886.74000,2026-06-30
Sistema,182314683.99000,2026-07-01
Sistema,244517298.46000,2026-07-02
Sistema,279175064.36000,2026-07-03
Sistema,258157993.72000,2026-07-04
Sistema,205937639.26000,2026-07-05
Sistema,184796085.86000,2026-07-06
Sistema,171750961.89000,2026-07-07
Sistema,150970906.44000,2026-07-08
Sistema,243141702.93000,2026-07-09
Sistema,206700764.86000,2026-07-10
Sistema,169204922.29000,2026-07-11
Sistema,200008676.28000,2026-07-12
Sistema,168368600.52000,2026-07-13
Sistema,152319693.63000,2026-07-14
Sistema,197815999.38000,2026-07-15
Sistema,171619880.16000,2026-07-16
Sistema,147932894.92000,2026-07-17
Sistema,172915407.06000,2026-07-18
Sistema,267556123.88000,2026-07-19
Sistema,228965934.80000,2026-07-20
Sistema,180851715.95000,2026-07-21
Sistema,156550498.75000,2026-07-22
Sistema,400903790.95000,2026-07-23
Sistema,296525732.47000,2026-07-24
Sistema,171474111.06000,2026-07-25
Sistema,199804116.05000,2026-07-26
Sistema,158436776.91000,2026-07-27
Sistema,136875147.86000,2026-07-28
Sistema,145490543.37000,2026-07-29
Sistema,178255425.43000,2026-07-30
Sistema,154704874.91000,2026-07-31
