Id,Value,Date
Sistema,88141869.56000,2000-01-01
Sistema,89124366.89000,2000-01-02
Sistema,106186254.60000,2000-01-03
Sistema,109554603.09000,2000-01-04
Sistema,109348213.18000,2000-01-05
Sistema,110607542.43000,2000-01-06
Sistema,110696878.78000,2000-01-07
Sistema,104153335.13000,2000-01-08
Sistema,91441682.38000,2000-01-09
Sistema,93270676.39000,2000-01-10
Sistema,110490942.40000,2000-01-11
Sistema,113476839.30000,2000-01-12
Sistema,113625422.55000,2000-01-13
Sistema,114219279.89000,2000-01-14
Sistema,107875092.30000,2000-01-15
Sistema,94422180.54000,2000-01-16
Sistema,113448703.02000,2000-01-17
Sistema,114470766.72000,2000-01-18
Sistema,115794232.77000,2000-01-19
Sistema,115932359.05000,2000-01-20
Sistema,115752497.95000,2000-01-21
Sistema,109056096.87000,2000-01-22
Sistema,96088512.20000,2000-01-23
Sistema,114748681.22000,2000-01-24
Sistema,116928802.62000,2000-01-25
Sistema,118082921.43000,2000-01-26
Sistema,117088392.34000,2000-01-27
Sistema,117417775.82000,2000-01-28
Sistema,110649169.14000,2000-01-29
Sistema,97439937.71000,2000-01-30
Sistema,114703337.19000,2000-01-31
Sistema,115992430.38000,2000-02-01
Sistema,115980619.62000,2000-02-02
Sistema,115882965.18000,2000-02-03
Sistema,116588363.21000,2000-02-04
Sistema,109095315.28000,2000-02-05
Sistema,95702105.18000,2000-02-06
Sistema,115120488.23000,2000-02-07
Sistema,117811747.63000,2000-02-08
Sistema,118308769.37000,2000-02-09
Sistema,118641841.29000,2000-02-10
Sistema,116699522.54000,2000-02-11
Sistema,110733452.92000,2000-02-12
Sistema,97654373.19000,2000-02-13
Sistema,116257236.32000,2000-02-14
Sistema,117977307.94000,2000-02-15
Sistema,117684513.98000,2000-02-16
Sistema,117995296.09000,2000-02-17
Sistema,117151145.93000,2000-02-18
Sistema,109654621.91000,2000-02-19
Sistema,96307426.93000,2000-02-20
Sistema,115614200.75000,2000-02-21
Sistema,117632574.92000,2000-02-22
Sistema,118321388.23000,2000-02-23
Sistema,118447513.55000,2000-02-24
Sistema,116552548.19000,2000-02-25
Sistema,109193576.36000,2000-02-26
Sistema,96149598.16000,2000-02-27
Sistema,113125691.01000,2000-02-28
Sistema,115990101.49000,2000-02-29
Sistema,116433353.34000,2000-03-01
Sistema,117179433.85000,2000-03-02
Sistema,116135075.24000,2000-03-03
Sistema,108187202.21000,2000-03-04
Sistema,95988690.74000,2000-03-05
Sistema,114292840.23000,2000-03-06
Sistema,115186378.43000,2000-03-07
Sistema,116722906.43000,2000-03-08
Sistema,117190823.71000,2000-03-09
Sistema,116921195.95000,2000-03-10
Sistema,109623278.09000,2000-03-11
Sistema,96428551.88000,2000-03-12
Sistema,116085526.84000,2000-03-13
Sistema,118303184.94000,2000-03-14
Sistema,117723667.20000,2000-03-15
Sistema,118620773.20000,2000-03-16
Sistema,118503333.06000,2000-03-17
Sistema,111003679.76000,2000-03-18
Sistema,96124733.16000,2000-03-19
Sistema,96996729.90000,2000-03-20
Sistema,115233047.24000,2000-03-21
Sistema,117974798.27000,2000-03-22
Sistema,117312305.51000,2000-03-23
Sistema,116720844.52000,2000-03-24
Sistema,109513860.56000,2000-03-25
Sistema,96397568.79000,2000-03-26
Sistema,115792865.96000,2000-03-27
Sistema,117099830.32000,2000-03-28
Sistema,118720267.22000,2000-03-29
Sistema,118766866.45000,2000-03-30
Sistema,118019584.70000,2000-03-31
Sistema,110573567.74000,2000-04-01
Sistema,96414383.55000,2000-04-02
Sistema,115879790.06000,2000-04-03
Sistema,116828467.22000,2000-04-04
Sistema,115939762.93000,2000-04-05
Sistema,117477284.68000,2000-04-06
Sistema,118080032.52000,2000-04-07
Sistema,110215965.18000,2000-04-08
Sistema,97613142.10000,2000-04-09
Sistema,115097768.14000,2000-04-10
Sistema,117682150.00000,2000-04-11
Sistema,119268566.61000,2000-04-12
Sistema,118133845.44000,2000-04-13
Sistema,117166203.33000,2000-04-14
Sistema,110700541.03000,2000-04-15
Sistema,97211888.20000,2000-04-16
Sistema,113859746.75000,2000-04-17
Sistema,114833261.68000,2000-04-18
Sistema,112404384.25000,2000-04-19
Sistema,92393704.37000,2000-04-20
Sistema,86794068.28000,2000-04-21
Sistema,96900640.57000,2000-04-22
Sistema,93719616.24000,2000-04-23
Sistema,114209380.55000,2000-04-24
Sistema,117172617.10000,2000-04-25
Sistema,118320799.91000,2000-04-26
Sistema,118200476.41000,2000-04-27
Sistema,118225512.86000,2000-04-28
Sistema,110629156.35000,2000-04-29
Sistema,96439006.83000,2000-04-30
Sistema,96590336.00000,2000-05-01
Sistema,115084747.45000,2000-05-02
Sistema,118500420.04000,2000-05-03
Sistema,118805518.06000,2000-05-04
Sistema,117745039.07000,2000-05-05
Sistema,110111477.02000,2000-05-06
Sistema,96849315.38000,2000-05-07
Sistema,115619643.61000,2000-05-08
Sistema,117069086.32000,2000-05-09
Sistema,118040715.05000,2000-05-10
Sistema,117940528.49000,2000-05-11
Sistema,117965408.57000,2000-05-12
Sistema,110279924.45000,2000-05-13
Sistema,93314946.42000,2000-05-14
Sistema,113925162.11000,2000-05-15
Sistema,117856814.59000,2000-05-16
Sistema,118571102.56000,2000-05-17
Sistema,119380441.79000,2000-05-18
Sistema,118614378.17000,2000-05-19
Sistema,110065626.77000,2000-05-20
Sistema,96889238.86000,2000-05-21
Sistema,114834391.48000,2000-05-22
Sistema,117496634.81000,2000-05-23
Sistema,118087189.41000,2000-05-24
Sistema,117156811.98000,2000-05-25
Sistema,117637516.98000,2000-05-26
Sistema,111075778.62000,2000-05-27
Sistema,97382900.38000,2000-05-28
Sistema,115002785.80000,2000-05-29
Sistema,117567064.23000,2000-05-30
Sistema,116666179.95000,2000-05-31
Sistema,116756585.22000,2000-06-01
Sistema,117468875.59000,2000-06-02
Sistema,110859347.42000,2000-06-03
Sistema,96952877.93000,2000-06-04
Sistema,96922201.39000,2000-06-05
Sistema,115896423.47000,2000-06-06
Sistema,117978529.23000,2000-06-07
Sistema,118594702.17000,2000-06-08
Sistema,117862807.04000,2000-06-09
Sistema,110105558.48000,2000-06-10
Sistema,95907010.23000,2000-06-11
Sistema,115724015.44000,2000-06-12
Sistema,119060301.84000,2000-06-13
Sistema,117773981.28000,2000-06-14
Sistema,118021099.49000,2000-06-15
Sistema,118921042.98000,2000-06-16
Sistema,110816566.14000,2000-06-17
Sistema,95264918.90000,2000-06-18
Sistema,113852222.51000,2000-06-19
Sistema,117783416.39000,2000-06-20
Sistema,118074774.25000,2000-06-21
Sistema,118182497.14000,2000-06-22
Sistema,117409176.82000,2000-06-23
Sistema,108624142.40000,2000-06-24
Sistema,94248157.48000,2000-06-25
Sistema,96198011.13000,2000-06-26
Sistema,115653300.37000,2000-06-27
Sistema,118989950.93000,2000-06-28
Sistema,117765437.38000,2000-06-29
Sistema,120218026.24000,2000-06-30
Sistema,110119642.68000,2000-07-01
Sistema,96213455.53000,2000-07-02
Sistema,96254430.52000,2000-07-03
Sistema,114934416.58000,2000-07-04
Sistema,116642033.57000,2000-07-05
Sistema,117072480.91000,2000-07-06
Sistema,115872256.27000,2000-07-07
Sistema,109633707.80000,2000-07-08
Sistema,96491021.88000,2000-07-09
Sistema,116445030.50000,2000-07-10
Sistema,118418145.75000,2000-07-11
Sistema,118907239.80000,2000-07-12
Sistema,119014354.50000,2000-07-13
Sistema,119001148.22000,2000-07-14
Sistema,110505502.04000,2000-07-15
Sistema,96421389.66000,2000-07-16
Sistema,115771953.42000,2000-07-17
Sistema,118244996.23000,2000-07-18
Sistema,118428285.69000,2000-07-19
Sistema,102856582.70000,2000-07-20
Sistema,114928894.56000,2000-07-21
Sistema,107820872.65000,2000-07-22
Sistema,97027870.15000,2000-07-23
Sistema,117585107.22000,2000-07-24
Sistema,119392548.62000,2000-07-25
Sistema,119801145.33000,2000-07-26
Sistema,119439624.36000,2000-07-27
Sistema,117610531.57000,2000-07-28
Sistema,108586638.43000,2000-07-29
Sistema,95855263.33000,2000-07-30
Sistema,114066166.07000,2000-07-31
Sistema,117033947.23000,2000-08-01
Sistema,117396670.96000,2000-08-02
Sistema,117063994.70000,2000-08-03
Sistema,117159670.01000,2000-08-04
Sistema,109250895.86000,2000-08-05
Sistema,95331447.30000,2000-08-06
Sistema,96155196.34000,2000-08-07
Sistema,114430147.22000,2000-08-08
Sistema,117488203.04000,2000-08-09
Sistema,118001569.92000,2000-08-10
Sistema,118458465.52000,2000-08-11
Sistema,111708465.80000,2000-08-12
Sistema,97708413.13000,2000-08-13
Sistema,116441872.51000,2000-08-14
Sistema,119203140.30000,2000-08-15
Sistema,120574439.32000,2000-08-16
Sistema,120341537.06000,2000-08-17
Sistema,119404073.77000,2000-08-18
Sistema,111816738.04000,2000-08-19
Sistema,97855263.39000,2000-08-20
Sistema,100218918.65000,2000-08-21
Sistema,118380088.08000,2000-08-22
Sistema,120282385.69000,2000-08-23
Sistema,120627768.15000,2000-08-24
Sistema,120094817.73000,2000-08-25
Sistema,111571890.96000,2000-08-26
Sistema,98976147.52000,2000-08-27
Sistema,117082467.67000,2000-08-28
Sistema,119003776.17000,2000-08-29
Sistema,119958017.57000,2000-08-30
Sistema,119498642.44000,2000-08-31
Sistema,119827263.16000,2000-09-01
Sistema,112624299.60000,2000-09-02
Sistema,99533561.45000,2000-09-03
Sistema,116143538.63000,2000-09-04
Sistema,117073897.33000,2000-09-05
Sistema,117414272.62000,2000-09-06
Sistema,120466316.12000,2000-09-07
Sistema,120676925.51000,2000-09-08
Sistema,112402422.57000,2000-09-09
Sistema,98218340.96000,2000-09-10
Sistema,116549585.30000,2000-09-11
Sistema,119618323.58000,2000-09-12
Sistema,121623081.36000,2000-09-13
Sistema,120646351.74000,2000-09-14
Sistema,120200243.75000,2000-09-15
Sistema,113002958.13000,2000-09-16
Sistema,98589762.24000,2000-09-17
Sistema,116898255.83000,2000-09-18
Sistema,120421636.49000,2000-09-19
Sistema,120695455.95000,2000-09-20
Sistema,120245036.90000,2000-09-21
Sistema,120083112.83000,2000-09-22
Sistema,112795704.19000,2000-09-23
Sistema,97039524.59000,2000-09-24
Sistema,116269423.03000,2000-09-25
Sistema,118859101.52000,2000-09-26
Sistema,119522032.65000,2000-09-27
Sistema,119234389.60000,2000-09-28
Sistema,118561333.33000,2000-09-29
Sistema,110969638.74000,2000-09-30
Sistema,97853768.82000,2000-10-01
Sistema,116439924.00000,2000-10-02
Sistema,118907163.95000,2000-10-03
Sistema,119030364.59000,2000-10-04
Sistema,120754380.33000,2000-10-05
Sistema,121028022.42000,2000-10-06
Sistema,113410163.45000,2000-10-07
Sistema,99835518.56000,2000-10-08
Sistema,118331471.05000,2000-10-09
Sistema,120017467.36000,2000-10-10
Sistema,122114583.84000,2000-10-11
Sistema,121437774.43000,2000-10-12
Sistema,120992890.16000,2000-10-13
Sistema,112821444.56000,2000-10-14
Sistema,98903316.56000,2000-10-15
Sistema,100230319.97000,2000-10-16
Sistema,119717389.98000,2000-10-17
Sistema,122262156.62000,2000-10-18
Sistema,122227094.88000,2000-10-19
Sistema,122316709.58000,2000-10-20
Sistema,114540907.05000,2000-10-21
Sistema,99994371.29000,2000-10-22
Sistema,119695603.19000,2000-10-23
Sistema,120987152.84000,2000-10-24
Sistema,120546867.03000,2000-10-25
Sistema,120796270.50000,2000-10-26
Sistema,120156504.74000,2000-10-27
Sistema,113608813.27000,2000-10-28
Sistema,98852351.93000,2000-10-29
Sistema,118663086.53000,2000-10-30
Sistema,119593794.52000,2000-10-31
Sistema,121418855.11000,2000-11-01
Sistema,122177794.53000,2000-11-02
Sistema,121108432.20000,2000-11-03
Sistema,114678438.48000,2000-11-04
Sistema,101296177.25000,2000-11-05
Sistema,102614144.04000,2000-11-06
Sistema,119993942.96000,2000-11-07
Sistema,122130759.41000,2000-11-08
Sistema,122416391.17000,2000-11-09
Sistema,123292536.14000,2000-11-10
Sistema,115934554.40000,2000-11-11
Sistema,101457870.99000,2000-11-12
Sistema,102930753.96000,2000-11-13
Sistema,120135365.64000,2000-11-14
Sistema,122660847.64000,2000-11-15
Sistema,124015428.53000,2000-11-16
Sistema,124258541.68000,2000-11-17
Sistema,116164175.77000,2000-11-18
Sistema,102536826.42000,2000-11-19
Sistema,120288917.49000,2000-11-20
Sistema,122642515.54000,2000-11-21
Sistema,122375164.31000,2000-11-22
Sistema,122429031.80000,2000-11-23
Sistema,123115707.59000,2000-11-24
Sistema,116552188.91000,2000-11-25
Sistema,103335363.75000,2000-11-26
Sistema,122018790.28000,2000-11-27
Sistema,124257337.24000,2000-11-28
Sistema,124434177.65000,2000-11-29
Sistema,124955214.97000,2000-11-30
Sistema,124985005.23000,2000-12-01
Sistema,117114696.52000,2000-12-02
Sistema,102725654.25000,2000-12-03
Sistema,120690118.46000,2000-12-04
Sistema,125805760.69000,2000-12-05
Sistema,127747189.87000,2000-12-06
Sistema,126593250.67000,2000-12-07
Sistema,108162681.15000,2000-12-08
Sistema,115406061.93000,2000-12-09
Sistema,106458595.93000,2000-12-10
Sistema,124995992.50000,2000-12-11
Sistema,128451045.86000,2000-12-12
Sistema,128111477.27000,2000-12-13
Sistema,125964083.43000,2000-12-14
Sistema,124772238.73000,2000-12-15
Sistema,117182657.59000,2000-12-16
Sistema,105322077.58000,2000-12-17
Sistema,122926692.61000,2000-12-18
Sistema,125855536.01000,2000-12-19
Sistema,124714521.26000,2000-12-20
Sistema,124377164.50000,2000-12-21
Sistema,123288169.97000,2000-12-22
Sistema,114271184.44000,2000-12-23
Sistema,105377589.99000,2000-12-24
Sistema,96016144.51000,2000-12-25
Sistema,115429752.50000,2000-12-26
Sistema,118983957.24000,2000-12-27
Sistema,118294165.80000,2000-12-28
Sistema,116567826.41000,2000-12-29
Sistema,107379354.71000,2000-12-30
Sistema,100988008.07000,2000-12-31
Sistema,91221085.97000,2001-01-01
Sistema,108172786.36000,2001-01-02
Sistema,113887533.00000,2001-01-03
Sistema,113498321.78000,2001-01-04
Sistema,114981866.36000,2001-01-05
Sistema,108973341.25000,2001-01-06
Sistema,97778714.25000,2001-01-07
Sistema,97538976.85000,2001-01-08
Sistema,114636274.93000,2001-01-09
Sistema,115482393.45000,2001-01-10
Sistema,116500341.37000,2001-01-11
Sistema,116549294.75000,2001-01-12
Sistema,110750301.11000,2001-01-13
Sistema,98838328.59000,2001-01-14
Sistema,116082161.72000,2001-01-15
Sistema,119012630.82000,2001-01-16
Sistema,119682505.27000,2001-01-17
Sistema,120466318.89000,2001-01-18
Sistema,120072539.65000,2001-01-19
Sistema,114285847.81000,2001-01-20
Sistema,101255395.05000,2001-01-21
Sistema,118681484.53000,2001-01-22
Sistema,120622719.06000,2001-01-23
Sistema,120756024.73000,2001-01-24
Sistema,121227485.71000,2001-01-25
Sistema,121398408.80000,2001-01-26
Sistema,114146445.72000,2001-01-27
Sistema,101456700.02000,2001-01-28
Sistema,119498144.98000,2001-01-29
Sistema,122226311.10000,2001-01-30
Sistema,123073282.25000,2001-01-31
Sistema,121850646.17000,2001-02-01
Sistema,121611495.60000,2001-02-02
Sistema,113695851.34000,2001-02-03
Sistema,100762697.05000,2001-02-04
Sistema,119017672.09000,2001-02-05
Sistema,120916550.52000,2001-02-06
Sistema,122083709.72000,2001-02-07
Sistema,122332516.55000,2001-02-08
Sistema,123094847.78000,2001-02-09
Sistema,114693099.58000,2001-02-10
Sistema,101549555.80000,2001-02-11
Sistema,119828935.22000,2001-02-12
Sistema,122956495.30000,2001-02-13
Sistema,122961880.72000,2001-02-14
Sistema,123362187.31000,2001-02-15
Sistema,122951746.11000,2001-02-16
Sistema,116673293.72000,2001-02-17
Sistema,102726909.55000,2001-02-18
Sistema,121436071.97000,2001-02-19
Sistema,123715235.45000,2001-02-20
Sistema,123269021.39000,2001-02-21
Sistema,122190817.51000,2001-02-22
Sistema,121607815.46000,2001-02-23
Sistema,114527051.96000,2001-02-24
Sistema,102084297.74000,2001-02-25
Sistema,118785568.18000,2001-02-26
Sistema,120282435.23000,2001-02-27
Sistema,119316932.16000,2001-02-28
Sistema,118715144.41000,2001-03-01
Sistema,121040428.38000,2001-03-02
Sistema,114850123.92000,2001-03-03
Sistema,100968252.26000,2001-03-04
Sistema,120493005.12000,2001-03-05
Sistema,122801633.96000,2001-03-06
Sistema,122218930.56000,2001-03-07
Sistema,122236146.95000,2001-03-08
Sistema,121842885.23000,2001-03-09
Sistema,115488157.50000,2001-03-10
Sistema,102363464.70000,2001-03-11
Sistema,121547851.30000,2001-03-12
Sistema,124419707.16000,2001-03-13
Sistema,124991670.17000,2001-03-14
Sistema,125071326.08000,2001-03-15
Sistema,125331500.96000,2001-03-16
Sistema,116841865.73000,2001-03-17
Sistema,101239372.23000,2001-03-18
Sistema,102981490.93000,2001-03-19
Sistema,121419734.61000,2001-03-20
Sistema,122581894.42000,2001-03-21
Sistema,122672854.84000,2001-03-22
Sistema,122762477.39000,2001-03-23
Sistema,115553540.79000,2001-03-24
Sistema,102938824.64000,2001-03-25
Sistema,120660883.90000,2001-03-26
Sistema,124130129.35000,2001-03-27
Sistema,124369518.71000,2001-03-28
Sistema,125391091.04000,2001-03-29
Sistema,124659184.53000,2001-03-30
Sistema,116792765.77000,2001-03-31
Sistema,103084988.78000,2001-04-01
Sistema,121924412.36000,2001-04-02
Sistema,123582704.32000,2001-04-03
Sistema,123894811.83000,2001-04-04
Sistema,124185129.92000,2001-04-05
Sistema,124152585.70000,2001-04-06
Sistema,118265206.70000,2001-04-07
Sistema,104460332.38000,2001-04-08
Sistema,122009019.53000,2001-04-09
Sistema,122969234.09000,2001-04-10
Sistema,120383443.79000,2001-04-11
Sistema,98469641.19000,2001-04-12
Sistema,91171405.94000,2001-04-13
Sistema,102795390.32000,2001-04-14
Sistema,98538335.48000,2001-04-15
Sistema,120140844.30000,2001-04-16
Sistema,122725232.13000,2001-04-17
Sistema,122825491.82000,2001-04-18
Sistema,123669878.52000,2001-04-19
Sistema,124522708.39000,2001-04-20
Sistema,116431761.46000,2001-04-21
Sistema,102913248.54000,2001-04-22
Sistema,122288866.83000,2001-04-23
Sistema,124990675.09000,2001-04-24
Sistema,124701710.56000,2001-04-25
Sistema,124411001.03000,2001-04-26
Sistema,126274020.35000,2001-04-27
Sistema,118441960.63000,2001-04-28
Sistema,104407451.55000,2001-04-29
Sistema,120247721.71000,2001-04-30
Sistema,104165504.25000,2001-05-01
Sistema,121057919.17000,2001-05-02
Sistema,124121638.92000,2001-05-03
Sistema,121379821.59000,2001-05-04
Sistema,114089899.39000,2001-05-05
Sistema,103332502.20000,2001-05-06
Sistema,122809726.35000,2001-05-07
Sistema,125139696.91000,2001-05-08
Sistema,123268691.13000,2001-05-09
Sistema,123354890.94000,2001-05-10
Sistema,124423203.19000,2001-05-11
Sistema,117561829.57000,2001-05-12
Sistema,102060701.02000,2001-05-13
Sistema,121357960.64000,2001-05-14
Sistema,124665371.75000,2001-05-15
Sistema,122593971.31000,2001-05-16
Sistema,123619656.13000,2001-05-17
Sistema,124511004.37000,2001-05-18
Sistema,116640092.06000,2001-05-19
Sistema,103435487.94000,2001-05-20
Sistema,121274083.57000,2001-05-21
Sistema,122906309.12000,2001-05-22
Sistema,124069096.35000,2001-05-23
Sistema,124905160.84000,2001-05-24
Sistema,124251291.92000,2001-05-25
Sistema,115690400.39000,2001-05-26
Sistema,100684574.87000,2001-05-27
Sistema,101686163.69000,2001-05-28
Sistema,122058139.64000,2001-05-29
Sistema,123113585.18000,2001-05-30
Sistema,122124321.55000,2001-05-31
Sistema,120230516.10000,2001-06-01
Sistema,114124009.26000,2001-06-02
Sistema,100252779.90000,2001-06-03
Sistema,119661365.81000,2001-06-04
Sistema,120543918.25000,2001-06-05
Sistema,120916267.45000,2001-06-06
Sistema,121024223.57000,2001-06-07
Sistema,120998093.41000,2001-06-08
Sistema,115611434.96000,2001-06-09
Sistema,101307903.45000,2001-06-10
Sistema,117898778.47000,2001-06-11
Sistema,121644279.77000,2001-06-12
Sistema,119317887.86000,2001-06-13
Sistema,120044307.61000,2001-06-14
Sistema,118086304.18000,2001-06-15
Sistema,112286184.13000,2001-06-16
Sistema,96216282.57000,2001-06-17
Sistema,98710033.03000,2001-06-18
Sistema,119935059.18000,2001-06-19
Sistema,123058171.29000,2001-06-20
Sistema,121840708.23000,2001-06-21
Sistema,120429827.60000,2001-06-22
Sistema,113011413.05000,2001-06-23
Sistema,98275783.43000,2001-06-24
Sistema,97914078.34000,2001-06-25
Sistema,117085066.29000,2001-06-26
Sistema,121197548.11000,2001-06-27
Sistema,121153493.90000,2001-06-28
Sistema,124049176.79000,2001-06-29
Sistema,115110684.96000,2001-06-30
Sistema,99150795.06000,2001-07-01
Sistema,101116641.67000,2001-07-02
Sistema,120070792.24000,2001-07-03
Sistema,121743473.86000,2001-07-04
Sistema,122775119.19000,2001-07-05
Sistema,121412798.34000,2001-07-06
Sistema,114884217.65000,2001-07-07
Sistema,101335599.97000,2001-07-08
Sistema,120983290.50000,2001-07-09
Sistema,122812270.58000,2001-07-10
Sistema,122231565.73000,2001-07-11
Sistema,123872044.17000,2001-07-12
Sistema,122616848.84000,2001-07-13
Sistema,115592481.64000,2001-07-14
Sistema,101458960.35000,2001-07-15
Sistema,119779141.86000,2001-07-16
Sistema,123057698.04000,2001-07-17
Sistema,122054004.06000,2001-07-18
Sistema,123671945.01000,2001-07-19
Sistema,107264847.92000,2001-07-20
Sistema,110152689.23000,2001-07-21
Sistema,100312323.15000,2001-07-22
Sistema,120516973.29000,2001-07-23
Sistema,122693112.06000,2001-07-24
Sistema,124279189.09000,2001-07-25
Sistema,123005754.15000,2001-07-26
Sistema,122001736.60000,2001-07-27
Sistema,114613629.80000,2001-07-28
Sistema,100752603.41000,2001-07-29
Sistema,120198955.71000,2001-07-30
Sistema,121199837.37000,2001-07-31
Sistema,123718551.61000,2001-08-01
Sistema,123542882.20000,2001-08-02
Sistema,123207428.32000,2001-08-03
Sistema,116571094.37000,2001-08-04
Sistema,101571126.76000,2001-08-05
Sistema,119026752.16000,2001-08-06
Sistema,107887809.43000,2001-08-07
Sistema,121890432.50000,2001-08-08
Sistema,125475351.25000,2001-08-09
Sistema,125399932.44000,2001-08-10
Sistema,118487549.98000,2001-08-11
Sistema,104951807.38000,2001-08-12
Sistema,124516919.17000,2001-08-13
Sistema,127254384.76000,2001-08-14
Sistema,126965759.05000,2001-08-15
Sistema,127504477.21000,2001-08-16
Sistema,127452154.82000,2001-08-17
Sistema,120479715.17000,2001-08-18
Sistema,103401332.74000,2001-08-19
Sistema,104699187.97000,2001-08-20
Sistema,125084696.08000,2001-08-21
Sistema,127528333.13000,2001-08-22
Sistema,126679983.28000,2001-08-23
Sistema,126441260.37000,2001-08-24
Sistema,118517876.65000,2001-08-25
Sistema,104030192.20000,2001-08-26
Sistema,122407315.48000,2001-08-27
Sistema,125642296.26000,2001-08-28
Sistema,126880031.12000,2001-08-29
Sistema,126908789.87000,2001-08-30
Sistema,126385080.23000,2001-08-31
Sistema,118510768.73000,2001-09-01
Sistema,103239706.43000,2001-09-02
Sistema,122671678.89000,2001-09-03
Sistema,125380723.70000,2001-09-04
Sistema,126108442.34000,2001-09-05
Sistema,125471363.65000,2001-09-06
Sistema,125490358.46000,2001-09-07
Sistema,117541608.40000,2001-09-08
Sistema,104315998.13000,2001-09-09
Sistema,124602193.03000,2001-09-10
Sistema,126829967.99000,2001-09-11
Sistema,125079236.32000,2001-09-12
Sistema,123690364.54000,2001-09-13
Sistema,123099889.17000,2001-09-14
Sistema,115165284.57000,2001-09-15
Sistema,100656602.51000,2001-09-16
Sistema,122740436.32000,2001-09-17
Sistema,124166440.37000,2001-09-18
Sistema,124450656.14000,2001-09-19
Sistema,125068779.33000,2001-09-20
Sistema,126239272.73000,2001-09-21
Sistema,116975426.92000,2001-09-22
Sistema,103357512.17000,2001-09-23
Sistema,122521363.41000,2001-09-24
Sistema,126283756.57000,2001-09-25
Sistema,126624806.34000,2001-09-26
Sistema,125552917.53000,2001-09-27
Sistema,123037332.69000,2001-09-28
Sistema,116856429.93000,2001-09-29
Sistema,103043776.02000,2001-09-30
Sistema,121627355.92000,2001-10-01
Sistema,126150332.53000,2001-10-02
Sistema,127139654.54000,2001-10-03
Sistema,126726125.82000,2001-10-04
Sistema,127321033.89000,2001-10-05
Sistema,119802525.49000,2001-10-06
Sistema,104561388.24000,2001-10-07
Sistema,124721699.71000,2001-10-08
Sistema,125953662.29000,2001-10-09
Sistema,125419337.73000,2001-10-10
Sistema,124817318.78000,2001-10-11
Sistema,126259501.89000,2001-10-12
Sistema,119824004.41000,2001-10-13
Sistema,104760683.68000,2001-10-14
Sistema,105025369.04000,2001-10-15
Sistema,124132342.98000,2001-10-16
Sistema,124671329.28000,2001-10-17
Sistema,124473437.68000,2001-10-18
Sistema,125179994.41000,2001-10-19
Sistema,117709914.45000,2001-10-20
Sistema,105125867.48000,2001-10-21
Sistema,123353395.00000,2001-10-22
Sistema,126115315.13000,2001-10-23
Sistema,124088641.77000,2001-10-24
Sistema,124410276.69000,2001-10-25
Sistema,125987624.13000,2001-10-26
Sistema,117836159.08000,2001-10-27
Sistema,103587779.12000,2001-10-28
Sistema,122198327.38000,2001-10-29
Sistema,124832199.93000,2001-10-30
Sistema,122542420.59000,2001-10-31
Sistema,121922953.36000,2001-11-01
Sistema,121968874.70000,2001-11-02
Sistema,115296878.48000,2001-11-03
Sistema,103246668.51000,2001-11-04
Sistema,105757973.28000,2001-11-05
Sistema,123831045.08000,2001-11-06
Sistema,126465146.65000,2001-11-07
Sistema,126078578.90000,2001-11-08
Sistema,125244763.51000,2001-11-09
Sistema,119031834.67000,2001-11-10
Sistema,106131791.83000,2001-11-11
Sistema,106745349.62000,2001-11-12
Sistema,124894529.93000,2001-11-13
Sistema,125769602.44000,2001-11-14
Sistema,124789385.01000,2001-11-15
Sistema,125264330.28000,2001-11-16
Sistema,119189913.81000,2001-11-17
Sistema,106454221.22000,2001-11-18
Sistema,123908712.06000,2001-11-19
Sistema,126030824.43000,2001-11-20
Sistema,125879039.53000,2001-11-21
Sistema,126244554.52000,2001-11-22
Sistema,126948494.71000,2001-11-23
Sistema,119956899.62000,2001-11-24
Sistema,106357578.99000,2001-11-25
Sistema,123684065.75000,2001-11-26
Sistema,126248614.49000,2001-11-27
Sistema,126643008.17000,2001-11-28
Sistema,127075541.91000,2001-11-29
Sistema,126491952.39000,2001-11-30
Sistema,118478523.50000,2001-12-01
Sistema,105482637.15000,2001-12-02
Sistema,124370926.85000,2001-12-03
Sistema,126844202.09000,2001-12-04
Sistema,129492883.54000,2001-12-05
Sistema,130766781.04000,2001-12-06
Sistema,128987913.73000,2001-12-07
Sistema,114200792.16000,2001-12-08
Sistema,108508925.87000,2001-12-09
Sistema,127766702.69000,2001-12-10
Sistema,130816605.57000,2001-12-11
Sistema,132067247.87000,2001-12-12
Sistema,128822417.90000,2001-12-13
Sistema,129049897.46000,2001-12-14
Sistema,121928103.50000,2001-12-15
Sistema,110840533.99000,2001-12-16
Sistema,129292001.97000,2001-12-17
Sistema,131383959.45000,2001-12-18
Sistema,130983681.71000,2001-12-19
Sistema,128579676.86000,2001-12-20
Sistema,128987091.52000,2001-12-21
Sistema,120910509.20000,2001-12-22
Sistema,110768771.93000,2001-12-23
Sistema,114554907.60000,2001-12-24
Sistema,99222241.80000,2001-12-25
Sistema,117945946.19000,2001-12-26
Sistema,120952947.68000,2001-12-27
Sistema,121185499.86000,2001-12-28
Sistema,116834577.13000,2001-12-29
Sistema,107105123.96000,2001-12-30
Sistema,110082379.30000,2001-12-31
Sistema,96475880.75000,2002-01-01
Sistema,112440047.98000,2002-01-02
Sistema,116790328.07000,2002-01-03
Sistema,120367894.40000,2002-01-04
Sistema,115077869.29000,2002-01-05
Sistema,103620224.57000,2002-01-06
Sistema,103372058.28000,2002-01-07
Sistema,117349051.55000,2002-01-08
Sistema,120750527.96000,2002-01-09
Sistema,121235748.38000,2002-01-10
Sistema,120639904.46000,2002-01-11
Sistema,116106986.65000,2002-01-12
Sistema,103840183.76000,2002-01-13
Sistema,122170758.30000,2002-01-14
Sistema,124063308.89000,2002-01-15
Sistema,125492753.49000,2002-01-16
Sistema,125428306.97000,2002-01-17
Sistema,126053331.74000,2002-01-18
Sistema,117669330.74000,2002-01-19
Sistema,104479553.41000,2002-01-20
Sistema,123900275.14000,2002-01-21
Sistema,126169510.81000,2002-01-22
Sistema,126526197.04000,2002-01-23
Sistema,126680712.99000,2002-01-24
Sistema,127076199.75000,2002-01-25
Sistema,119787214.09000,2002-01-26
Sistema,105873246.65000,2002-01-27
Sistema,124404705.42000,2002-01-28
Sistema,125914087.89000,2002-01-29
Sistema,125696884.15000,2002-01-30
Sistema,126138027.62000,2002-01-31
Sistema,127003111.11000,2002-02-01
Sistema,119074209.61000,2002-02-02
Sistema,105375838.73000,2002-02-03
Sistema,123137807.22000,2002-02-04
Sistema,126479687.87000,2002-02-05
Sistema,126932324.58000,2002-02-06
Sistema,127155873.26000,2002-02-07
Sistema,126188968.74000,2002-02-08
Sistema,119392053.52000,2002-02-09
Sistema,106431981.68000,2002-02-10
Sistema,125162339.38000,2002-02-11
Sistema,126850236.62000,2002-02-12
Sistema,128568696.80000,2002-02-13
Sistema,130024466.65000,2002-02-14
Sistema,129720591.98000,2002-02-15
Sistema,122018047.84000,2002-02-16
Sistema,108145302.96000,2002-02-17
Sistema,127196935.79000,2002-02-18
Sistema,130147684.18000,2002-02-19
Sistema,128304917.45000,2002-02-20
Sistema,128110549.27000,2002-02-21
Sistema,128481343.72000,2002-02-22
Sistema,121183886.47000,2002-02-23
Sistema,108132877.63000,2002-02-24
Sistema,126673923.76000,2002-02-25
Sistema,129788657.54000,2002-02-26
Sistema,129907821.69000,2002-02-27
Sistema,127071805.28000,2002-02-28
Sistema,127096739.31000,2002-03-01
Sistema,117641502.13000,2002-03-02
Sistema,105420252.84000,2002-03-03
Sistema,125104881.28000,2002-03-04
Sistema,125490402.14000,2002-03-05
Sistema,125084380.70000,2002-03-06
Sistema,125709124.14000,2002-03-07
Sistema,126813890.92000,2002-03-08
Sistema,120744699.05000,2002-03-09
Sistema,106990726.90000,2002-03-10
Sistema,128097948.07000,2002-03-11
Sistema,128992995.71000,2002-03-12
Sistema,129050959.35000,2002-03-13
Sistema,130709590.07000,2002-03-14
Sistema,130079738.51000,2002-03-15
Sistema,121834588.45000,2002-03-16
Sistema,105114704.17000,2002-03-17
Sistema,127209040.00000,2002-03-18
Sistema,129551535.27000,2002-03-19
Sistema,128515872.43000,2002-03-20
Sistema,129125094.68000,2002-03-21
Sistema,128113369.16000,2002-03-22
Sistema,120957278.79000,2002-03-23
Sistema,106095849.96000,2002-03-24
Sistema,108490255.28000,2002-03-25
Sistema,119922446.96000,2002-03-26
Sistema,118356185.73000,2002-03-27
Sistema,100876341.45000,2002-03-28
Sistema,95340941.15000,2002-03-29
Sistema,105419401.63000,2002-03-30
Sistema,103062741.80000,2002-03-31
Sistema,125258496.18000,2002-04-01
Sistema,127632173.18000,2002-04-02
Sistema,128165789.69000,2002-04-03
Sistema,128010289.86000,2002-04-04
Sistema,125152251.87000,2002-04-05
Sistema,119651708.02000,2002-04-06
Sistema,105294253.12000,2002-04-07
Sistema,125087839.68000,2002-04-08
Sistema,124049224.75000,2002-04-09
Sistema,123615018.70000,2002-04-10
Sistema,124550094.86000,2002-04-11
Sistema,124049318.90000,2002-04-12
Sistema,117150349.65000,2002-04-13
Sistema,104785581.35000,2002-04-14
Sistema,124317981.46000,2002-04-15
Sistema,126560241.73000,2002-04-16
Sistema,127663926.15000,2002-04-17
Sistema,126533494.75000,2002-04-18
Sistema,126766185.46000,2002-04-19
Sistema,120337001.66000,2002-04-20
Sistema,107108895.54000,2002-04-21
Sistema,126599855.02000,2002-04-22
Sistema,128301479.98000,2002-04-23
Sistema,128825843.46000,2002-04-24
Sistema,128429972.28000,2002-04-25
Sistema,126674202.06000,2002-04-26
Sistema,119380921.66000,2002-04-27
Sistema,107066005.02000,2002-04-28
Sistema,126172461.56000,2002-04-29
Sistema,127033250.77000,2002-04-30
Sistema,109476748.21000,2002-05-01
Sistema,125995531.57000,2002-05-02
Sistema,127871047.61000,2002-05-03
Sistema,119536851.38000,2002-05-04
Sistema,106056323.53000,2002-05-05
Sistema,127984248.26000,2002-05-06
Sistema,129720050.44000,2002-05-07
Sistema,129922818.00000,2002-05-08
Sistema,129767604.60000,2002-05-09
Sistema,129543365.52000,2002-05-10
Sistema,122292511.66000,2002-05-11
Sistema,105251192.03000,2002-05-12
Sistema,108404902.92000,2002-05-13
Sistema,127078375.69000,2002-05-14
Sistema,131413465.59000,2002-05-15
Sistema,130395096.63000,2002-05-16
Sistema,131169724.70000,2002-05-17
Sistema,122152043.87000,2002-05-18
Sistema,108127940.62000,2002-05-19
Sistema,128037611.00000,2002-05-20
Sistema,128963270.95000,2002-05-21
Sistema,127738084.53000,2002-05-22
Sistema,127265358.18000,2002-05-23
Sistema,127337220.05000,2002-05-24
Sistema,121592660.35000,2002-05-25
Sistema,100603521.77000,2002-05-26
Sistema,123110940.15000,2002-05-27
Sistema,126944891.49000,2002-05-28
Sistema,127271619.37000,2002-05-29
Sistema,125938959.67000,2002-05-30
Sistema,126057198.72000,2002-05-31
Sistema,118205011.16000,2002-06-01
Sistema,105537342.80000,2002-06-02
Sistema,106823379.47000,2002-06-03
Sistema,123736749.08000,2002-06-04
Sistema,123533447.39000,2002-06-05
Sistema,123902501.42000,2002-06-06
Sistema,124589630.18000,2002-06-07
Sistema,118715282.81000,2002-06-08
Sistema,103532336.45000,2002-06-09
Sistema,104320514.60000,2002-06-10
Sistema,123481349.53000,2002-06-11
Sistema,126008415.44000,2002-06-12
Sistema,126003861.87000,2002-06-13
Sistema,125999895.59000,2002-06-14
Sistema,119942073.08000,2002-06-15
Sistema,104750533.61000,2002-06-16
Sistema,124772133.52000,2002-06-17
Sistema,125981264.83000,2002-06-18
Sistema,126553145.87000,2002-06-19
Sistema,128368149.73000,2002-06-20
Sistema,128703694.01000,2002-06-21
Sistema,120633645.93000,2002-06-22
Sistema,106382728.25000,2002-06-23
Sistema,124489342.67000,2002-06-24
Sistema,127657238.99000,2002-06-25
Sistema,128508973.58000,2002-06-26
Sistema,128508625.15000,2002-06-27
Sistema,128352744.88000,2002-06-28
Sistema,119736694.19000,2002-06-29
Sistema,104300208.69000,2002-06-30
Sistema,104652028.65000,2002-07-01
Sistema,122948565.86000,2002-07-02
Sistema,126359377.49000,2002-07-03
Sistema,127451052.98000,2002-07-04
Sistema,127270644.12000,2002-07-05
Sistema,117076849.54000,2002-07-06
Sistema,103162700.56000,2002-07-07
Sistema,123681408.56000,2002-07-08
Sistema,127057082.15000,2002-07-09
Sistema,127484612.04000,2002-07-10
Sistema,126326074.63000,2002-07-11
Sistema,125722731.01000,2002-07-12
Sistema,118413417.98000,2002-07-13
Sistema,105132415.58000,2002-07-14
Sistema,123995750.98000,2002-07-15
Sistema,126781272.89000,2002-07-16
Sistema,127616702.35000,2002-07-17
Sistema,125599817.83000,2002-07-18
Sistema,125214090.94000,2002-07-19
Sistema,109158548.03000,2002-07-20
Sistema,103009999.26000,2002-07-21
Sistema,123567356.53000,2002-07-22
Sistema,127649050.69000,2002-07-23
Sistema,127477430.90000,2002-07-24
Sistema,126729875.92000,2002-07-25
Sistema,127910407.51000,2002-07-26
Sistema,120745307.70000,2002-07-27
Sistema,106169039.07000,2002-07-28
Sistema,126634082.51000,2002-07-29
Sistema,128600495.34000,2002-07-30
Sistema,126838964.55000,2002-07-31
Sistema,127438762.04000,2002-08-01
Sistema,129457230.15000,2002-08-02
Sistema,121310019.78000,2002-08-03
Sistema,106306076.62000,2002-08-04
Sistema,125401879.76000,2002-08-05
Sistema,125734095.07000,2002-08-06
Sistema,110030312.51000,2002-08-07
Sistema,127406284.23000,2002-08-08
Sistema,128645340.79000,2002-08-09
Sistema,120779105.34000,2002-08-10
Sistema,105992959.74000,2002-08-11
Sistema,127041063.23000,2002-08-12
Sistema,128922290.17000,2002-08-13
Sistema,129566717.84000,2002-08-14
Sistema,131420985.62000,2002-08-15
Sistema,130266953.94000,2002-08-16
Sistema,122700899.81000,2002-08-17
Sistema,107716410.92000,2002-08-18
Sistema,108875678.13000,2002-08-19
Sistema,127417310.75000,2002-08-20
Sistema,129903578.36000,2002-08-21
Sistema,131574770.53000,2002-08-22
Sistema,131304203.18000,2002-08-23
Sistema,123512227.46000,2002-08-24
Sistema,109335535.79000,2002-08-25
Sistema,127076990.47000,2002-08-26
Sistema,128849766.89000,2002-08-27
Sistema,129762190.26000,2002-08-28
Sistema,129191026.19000,2002-08-29
Sistema,128507889.66000,2002-08-30
Sistema,120860844.84000,2002-08-31
Sistema,107048010.98000,2002-09-01
Sistema,126464552.41000,2002-09-02
Sistema,128017693.73000,2002-09-03
Sistema,128612960.83000,2002-09-04
Sistema,130128817.16000,2002-09-05
Sistema,130523505.49000,2002-09-06
Sistema,124610485.29000,2002-09-07
Sistema,110856270.00000,2002-09-08
Sistema,129432698.08000,2002-09-09
Sistema,130964891.14000,2002-09-10
Sistema,130934085.89000,2002-09-11
Sistema,131672927.87000,2002-09-12
Sistema,133429810.50000,2002-09-13
Sistema,126247112.34000,2002-09-14
Sistema,110643562.02000,2002-09-15
Sistema,127927935.69000,2002-09-16
Sistema,130701631.29000,2002-09-17
Sistema,130412798.98000,2002-09-18
Sistema,130326750.25000,2002-09-19
Sistema,131575418.40000,2002-09-20
Sistema,123225987.83000,2002-09-21
Sistema,110157091.08000,2002-09-22
Sistema,131340728.75000,2002-09-23
Sistema,131227644.06000,2002-09-24
Sistema,129742737.37000,2002-09-25
Sistema,127667596.44000,2002-09-26
Sistema,128702393.36000,2002-09-27
Sistema,121272616.34000,2002-09-28
Sistema,106853202.20000,2002-09-29
Sistema,127072218.22000,2002-09-30
Sistema,129358820.59000,2002-10-01
Sistema,128857735.81000,2002-10-02
Sistema,129189261.41000,2002-10-03
Sistema,131602269.16000,2002-10-04
Sistema,125088713.46000,2002-10-05
Sistema,110483018.22000,2002-10-06
Sistema,128688825.16000,2002-10-07
Sistema,129105307.33000,2002-10-08
Sistema,131063113.26000,2002-10-09
Sistema,131697111.80000,2002-10-10
Sistema,130263893.84000,2002-10-11
Sistema,122870747.07000,2002-10-12
Sistema,108414750.16000,2002-10-13
Sistema,111337256.82000,2002-10-14
Sistema,129313295.85000,2002-10-15
Sistema,130214150.74000,2002-10-16
Sistema,130616327.45000,2002-10-17
Sistema,131500233.27000,2002-10-18
Sistema,124106081.06000,2002-10-19
Sistema,109411568.44000,2002-10-20
Sistema,128511171.99000,2002-10-21
Sistema,130832684.26000,2002-10-22
Sistema,129806944.63000,2002-10-23
Sistema,129804755.64000,2002-10-24
Sistema,129066799.33000,2002-10-25
Sistema,121954807.98000,2002-10-26
Sistema,106836826.62000,2002-10-27
Sistema,125302705.41000,2002-10-28
Sistema,126386773.05000,2002-10-29
Sistema,127317071.82000,2002-10-30
Sistema,127195857.73000,2002-10-31
Sistema,128765008.22000,2002-11-01
Sistema,120853049.73000,2002-11-02
Sistema,105900174.45000,2002-11-03
Sistema,109270254.46000,2002-11-04
Sistema,127624559.99000,2002-11-05
Sistema,127144918.49000,2002-11-06
Sistema,128370441.44000,2002-11-07
Sistema,127943626.45000,2002-11-08
Sistema,120141740.06000,2002-11-09
Sistema,107475213.62000,2002-11-10
Sistema,110992049.07000,2002-11-11
Sistema,128351092.26000,2002-11-12
Sistema,128689921.76000,2002-11-13
Sistema,130103704.02000,2002-11-14
Sistema,131191354.11000,2002-11-15
Sistema,124684873.07000,2002-11-16
Sistema,109809805.71000,2002-11-17
Sistema,127914473.74000,2002-11-18
Sistema,131330549.32000,2002-11-19
Sistema,131928092.99000,2002-11-20
Sistema,134220382.04000,2002-11-21
Sistema,132254402.85000,2002-11-22
Sistema,124371625.79000,2002-11-23
Sistema,110582419.28000,2002-11-24
Sistema,130943053.53000,2002-11-25
Sistema,134217111.53000,2002-11-26
Sistema,133284841.00000,2002-11-27
Sistema,134843971.63000,2002-11-28
Sistema,133782167.30000,2002-11-29
Sistema,126669450.89000,2002-11-30
Sistema,113501211.35000,2002-12-01
Sistema,133136074.60000,2002-12-02
Sistema,134345711.02000,2002-12-03
Sistema,135635535.91000,2002-12-04
Sistema,135771559.37000,2002-12-05
Sistema,137161668.26000,2002-12-06
Sistema,129486538.93000,2002-12-07
Sistema,114913944.51000,2002-12-08
Sistema,134169009.56000,2002-12-09
Sistema,134560602.66000,2002-12-10
Sistema,135262864.82000,2002-12-11
Sistema,135963264.16000,2002-12-12
Sistema,136920217.23000,2002-12-13
Sistema,128047494.92000,2002-12-14
Sistema,114543048.51000,2002-12-15
Sistema,129311997.70000,2002-12-16
Sistema,130463078.12000,2002-12-17
Sistema,131677327.55000,2002-12-18
Sistema,130679966.85000,2002-12-19
Sistema,131373061.66000,2002-12-20
Sistema,123201944.37000,2002-12-21
Sistema,112863509.45000,2002-12-22
Sistema,125007215.03000,2002-12-23
Sistema,120467517.72000,2002-12-24
Sistema,102470054.00000,2002-12-25
Sistema,121787636.23000,2002-12-26
Sistema,125089886.83000,2002-12-27
Sistema,119571380.24000,2002-12-28
Sistema,110306501.62000,2002-12-29
Sistema,120490378.15000,2002-12-30
Sistema,115984624.28000,2002-12-31
Sistema,98824093.06000,2003-01-01
Sistema,114957471.76000,2003-01-02
Sistema,120123338.93000,2003-01-03
Sistema,117121081.42000,2003-01-04
Sistema,107120490.90000,2003-01-05
Sistema,106609704.73000,2003-01-06
Sistema,122550336.20000,2003-01-07
Sistema,124895159.77000,2003-01-08
Sistema,125537043.79000,2003-01-09
Sistema,127362270.56000,2003-01-10
Sistema,120266558.28000,2003-01-11
Sistema,109004873.13000,2003-01-12
Sistema,127266868.68000,2003-01-13
Sistema,129918786.04000,2003-01-14
Sistema,130130515.59000,2003-01-15
Sistema,130190338.32000,2003-01-16
Sistema,129606874.46000,2003-01-17
Sistema,123538340.79000,2003-01-18
Sistema,109465178.42000,2003-01-19
Sistema,127389200.53000,2003-01-20
Sistema,128845355.38000,2003-01-21
Sistema,130078039.34000,2003-01-22
Sistema,132514965.12000,2003-01-23
Sistema,130665329.35000,2003-01-24
Sistema,122586181.09000,2003-01-25
Sistema,110612563.09000,2003-01-26
Sistema,128409058.39000,2003-01-27
Sistema,130976106.88000,2003-01-28
Sistema,131365876.94000,2003-01-29
Sistema,131547421.72000,2003-01-30
Sistema,131462631.31000,2003-01-31
Sistema,122804969.53000,2003-02-01
Sistema,107834519.86000,2003-02-02
Sistema,127950139.30000,2003-02-03
Sistema,129097570.09000,2003-02-04
Sistema,131455705.01000,2003-02-05
Sistema,131770182.49000,2003-02-06
Sistema,132141308.51000,2003-02-07
Sistema,123865291.34000,2003-02-08
Sistema,110011371.00000,2003-02-09
Sistema,130490866.83000,2003-02-10
Sistema,131155696.38000,2003-02-11
Sistema,131540120.52000,2003-02-12
Sistema,132322768.48000,2003-02-13
Sistema,132876343.54000,2003-02-14
Sistema,124042615.05000,2003-02-15
Sistema,109883263.10000,2003-02-16
Sistema,129706479.46000,2003-02-17
Sistema,130780575.42000,2003-02-18
Sistema,131076266.68000,2003-02-19
Sistema,131314330.56000,2003-02-20
Sistema,131738020.02000,2003-02-21
Sistema,125790940.46000,2003-02-22
Sistema,110339590.26000,2003-02-23
Sistema,130084144.02000,2003-02-24
Sistema,133085108.66000,2003-02-25
Sistema,129464426.74000,2003-02-26
Sistema,129137162.48000,2003-02-27
Sistema,128387719.36000,2003-02-28
Sistema,121447331.24000,2003-03-01
Sistema,108565189.18000,2003-03-02
Sistema,128045640.87000,2003-03-03
Sistema,130116935.78000,2003-03-04
Sistema,132450387.01000,2003-03-05
Sistema,132921796.47000,2003-03-06
Sistema,133854961.59000,2003-03-07
Sistema,125325998.86000,2003-03-08
Sistema,110637173.77000,2003-03-09
Sistema,130801333.06000,2003-03-10
Sistema,133303701.58000,2003-03-11
Sistema,132778395.89000,2003-03-12
Sistema,134055075.86000,2003-03-13
Sistema,131967841.88000,2003-03-14
Sistema,124615066.60000,2003-03-15
Sistema,107440709.45000,2003-03-16
Sistema,127694428.86000,2003-03-17
Sistema,129613027.89000,2003-03-18
Sistema,131470507.29000,2003-03-19
Sistema,130531006.43000,2003-03-20
Sistema,131041651.04000,2003-03-21
Sistema,123285389.30000,2003-03-22
Sistema,108117721.89000,2003-03-23
Sistema,109044554.38000,2003-03-24
Sistema,128903999.94000,2003-03-25
Sistema,129352973.35000,2003-03-26
Sistema,131229133.54000,2003-03-27
Sistema,131052687.05000,2003-03-28
Sistema,123528826.08000,2003-03-29
Sistema,110545754.91000,2003-03-30
Sistema,127233861.57000,2003-03-31
Sistema,128779860.29000,2003-04-01
Sistema,130528901.25000,2003-04-02
Sistema,131095524.32000,2003-04-03
Sistema,132294576.89000,2003-04-04
Sistema,125795950.60000,2003-04-05
Sistema,110398625.71000,2003-04-06
Sistema,130796744.04000,2003-04-07
Sistema,134869974.34000,2003-04-08
Sistema,132937827.29000,2003-04-09
Sistema,132380572.21000,2003-04-10
Sistema,131815606.96000,2003-04-11
Sistema,123115690.97000,2003-04-12
Sistema,106687185.08000,2003-04-13
Sistema,123946717.41000,2003-04-14
Sistema,125563308.60000,2003-04-15
Sistema,122031388.28000,2003-04-16
Sistema,103215746.27000,2003-04-17
Sistema,96355981.94000,2003-04-18
Sistema,107504733.82000,2003-04-19
Sistema,104018863.07000,2003-04-20
Sistema,125526379.60000,2003-04-21
Sistema,127580598.53000,2003-04-22
Sistema,128116033.42000,2003-04-23
Sistema,129675778.60000,2003-04-24
Sistema,129239057.33000,2003-04-25
Sistema,121989248.08000,2003-04-26
Sistema,109002668.52000,2003-04-27
Sistema,128593146.24000,2003-04-28
Sistema,130955840.79000,2003-04-29
Sistema,129009482.41000,2003-04-30
Sistema,112439655.94000,2003-05-01
Sistema,128963829.03000,2003-05-02
Sistema,122802847.77000,2003-05-03
Sistema,109522476.45000,2003-05-04
Sistema,128588035.73000,2003-05-05
Sistema,131046000.37000,2003-05-06
Sistema,130831415.15000,2003-05-07
Sistema,129565948.04000,2003-05-08
Sistema,130094077.64000,2003-05-09
Sistema,122349628.36000,2003-05-10
Sistema,107113311.41000,2003-05-11
Sistema,127162770.42000,2003-05-12
Sistema,129340788.40000,2003-05-13
Sistema,130580798.83000,2003-05-14
Sistema,129718707.93000,2003-05-15
Sistema,130145797.90000,2003-05-16
Sistema,123366474.46000,2003-05-17
Sistema,109576626.16000,2003-05-18
Sistema,126762300.67000,2003-05-19
Sistema,130530534.18000,2003-05-20
Sistema,130685216.07000,2003-05-21
Sistema,130677763.04000,2003-05-22
Sistema,130829669.56000,2003-05-23
Sistema,122886247.74000,2003-05-24
Sistema,108947272.08000,2003-05-25
Sistema,127704981.27000,2003-05-26
Sistema,130242755.39000,2003-05-27
Sistema,131258710.74000,2003-05-28
Sistema,131396835.94000,2003-05-29
Sistema,130180766.98000,2003-05-30
Sistema,121899803.92000,2003-05-31
Sistema,107552557.65000,2003-06-01
Sistema,107417084.23000,2003-06-02
Sistema,125467185.65000,2003-06-03
Sistema,128219460.50000,2003-06-04
Sistema,128757705.16000,2003-06-05
Sistema,129970577.61000,2003-06-06
Sistema,121816305.83000,2003-06-07
Sistema,109006694.90000,2003-06-08
Sistema,127902778.99000,2003-06-09
Sistema,129616269.76000,2003-06-10
Sistema,128129455.73000,2003-06-11
Sistema,127231615.83000,2003-06-12
Sistema,128838634.48000,2003-06-13
Sistema,121568365.43000,2003-06-14
Sistema,107262360.99000,2003-06-15
Sistema,125897160.15000,2003-06-16
Sistema,127517440.53000,2003-06-17
Sistema,123752219.68000,2003-06-18
Sistema,124531291.48000,2003-06-19
Sistema,127663931.35000,2003-06-20
Sistema,120502234.98000,2003-06-21
Sistema,105845442.15000,2003-06-22
Sistema,108847687.74000,2003-06-23
Sistema,125618028.90000,2003-06-24
Sistema,129632283.36000,2003-06-25
Sistema,129408818.05000,2003-06-26
Sistema,129513123.15000,2003-06-27
Sistema,122091458.50000,2003-06-28
Sistema,106243167.45000,2003-06-29
Sistema,106286371.74000,2003-06-30
Sistema,124617019.74000,2003-07-01
Sistema,127896841.71000,2003-07-02
Sistema,129144093.85000,2003-07-03
Sistema,128419925.40000,2003-07-04
Sistema,120405985.07000,2003-07-05
Sistema,107968045.91000,2003-07-06
Sistema,127460875.19000,2003-07-07
Sistema,129342564.15000,2003-07-08
Sistema,129823567.51000,2003-07-09
Sistema,129248216.74000,2003-07-10
Sistema,129049959.80000,2003-07-11
Sistema,121521669.99000,2003-07-12
Sistema,106938010.16000,2003-07-13
Sistema,126223278.92000,2003-07-14
Sistema,129417652.20000,2003-07-15
Sistema,129268313.89000,2003-07-16
Sistema,129847470.15000,2003-07-17
Sistema,129673722.19000,2003-07-18
Sistema,122941253.68000,2003-07-19
Sistema,110195879.45000,2003-07-20
Sistema,130020384.03000,2003-07-21
Sistema,131949511.18000,2003-07-22
Sistema,132683837.21000,2003-07-23
Sistema,131816033.10000,2003-07-24
Sistema,131374181.61000,2003-07-25
Sistema,124235018.40000,2003-07-26
Sistema,108837424.09000,2003-07-27
Sistema,128491869.94000,2003-07-28
Sistema,132580630.32000,2003-07-29
Sistema,131746677.60000,2003-07-30
Sistema,129757149.54000,2003-07-31
Sistema,129382044.02000,2003-08-01
Sistema,121156468.33000,2003-08-02
Sistema,107591060.31000,2003-08-03
Sistema,127205749.99000,2003-08-04
Sistema,130461967.87000,2003-08-05
Sistema,130047183.31000,2003-08-06
Sistema,115708280.72000,2003-08-07
Sistema,129069257.46000,2003-08-08
Sistema,121288724.67000,2003-08-09
Sistema,109528556.51000,2003-08-10
Sistema,129386730.74000,2003-08-11
Sistema,131932000.45000,2003-08-12
Sistema,130942684.55000,2003-08-13
Sistema,131545820.34000,2003-08-14
Sistema,132757026.42000,2003-08-15
Sistema,123912041.76000,2003-08-16
Sistema,110507153.47000,2003-08-17
Sistema,110536622.70000,2003-08-18
Sistema,131029642.18000,2003-08-19
Sistema,133869066.80000,2003-08-20
Sistema,133791615.41000,2003-08-21
Sistema,131680577.21000,2003-08-22
Sistema,124064938.91000,2003-08-23
Sistema,112566742.48000,2003-08-24
Sistema,130734583.04000,2003-08-25
Sistema,133655128.45000,2003-08-26
Sistema,132978996.86000,2003-08-27
Sistema,133056397.93000,2003-08-28
Sistema,131558096.21000,2003-08-29
Sistema,124408190.30000,2003-08-30
Sistema,110539358.24000,2003-08-31
Sistema,130921339.42000,2003-09-01
Sistema,133965954.01000,2003-09-02
Sistema,131947378.56000,2003-09-03
Sistema,132231575.79000,2003-09-04
Sistema,132090618.48000,2003-09-05
Sistema,125242567.14000,2003-09-06
Sistema,111200947.49000,2003-09-07
Sistema,130322923.81000,2003-09-08
Sistema,131848850.55000,2003-09-09
Sistema,132837495.21000,2003-09-10
Sistema,131666416.01000,2003-09-11
Sistema,133472880.36000,2003-09-12
Sistema,125521975.66000,2003-09-13
Sistema,111993679.91000,2003-09-14
Sistema,131712170.52000,2003-09-15
Sistema,132659995.37000,2003-09-16
Sistema,132465603.21000,2003-09-17
Sistema,131644340.45000,2003-09-18
Sistema,132732941.44000,2003-09-19
Sistema,124232440.66000,2003-09-20
Sistema,109740969.16000,2003-09-21
Sistema,129085997.64000,2003-09-22
Sistema,132059432.58000,2003-09-23
Sistema,131679051.05000,2003-09-24
Sistema,131176750.50000,2003-09-25
Sistema,130851206.58000,2003-09-26
Sistema,122789339.41000,2003-09-27
Sistema,108455327.02000,2003-09-28
Sistema,128703144.30000,2003-09-29
Sistema,130779902.98000,2003-09-30
Sistema,129423996.82000,2003-10-01
Sistema,131616742.65000,2003-10-02
Sistema,133340477.84000,2003-10-03
Sistema,126562669.70000,2003-10-04
Sistema,111952038.50000,2003-10-05
Sistema,128961992.55000,2003-10-06
Sistema,131660780.83000,2003-10-07
Sistema,131638331.60000,2003-10-08
Sistema,130700296.44000,2003-10-09
Sistema,131358344.70000,2003-10-10
Sistema,123367761.25000,2003-10-11
Sistema,110147260.16000,2003-10-12
Sistema,111663708.90000,2003-10-13
Sistema,129785970.76000,2003-10-14
Sistema,131680836.39000,2003-10-15
Sistema,132637908.36000,2003-10-16
Sistema,132927594.72000,2003-10-17
Sistema,126234529.94000,2003-10-18
Sistema,111854941.00000,2003-10-19
Sistema,130477568.66000,2003-10-20
Sistema,130613958.34000,2003-10-21
Sistema,131714114.95000,2003-10-22
Sistema,133070036.98000,2003-10-23
Sistema,132555168.40000,2003-10-24
Sistema,119629115.90000,2003-10-25
Sistema,107985028.50000,2003-10-26
Sistema,130711349.53000,2003-10-27
Sistema,133258801.13000,2003-10-28
Sistema,132468067.54000,2003-10-29
Sistema,131681612.78000,2003-10-30
Sistema,130020157.46000,2003-10-31
Sistema,122823906.36000,2003-11-01
Sistema,109489917.00000,2003-11-02
Sistema,110373915.19000,2003-11-03
Sistema,129135404.02000,2003-11-04
Sistema,130983246.83000,2003-11-05
Sistema,131771930.15000,2003-11-06
Sistema,131895188.86000,2003-11-07
Sistema,124695163.32000,2003-11-08
Sistema,111802380.71000,2003-11-09
Sistema,129935238.01000,2003-11-10
Sistema,132719457.28000,2003-11-11
Sistema,133377143.01000,2003-11-12
Sistema,133288863.55000,2003-11-13
Sistema,132832701.40000,2003-11-14
Sistema,126620585.80000,2003-11-15
Sistema,112114671.29000,2003-11-16
Sistema,114810637.42000,2003-11-17
Sistema,133086988.58000,2003-11-18
Sistema,135634374.82000,2003-11-19
Sistema,135410469.65000,2003-11-20
Sistema,135639029.57000,2003-11-21
Sistema,126649125.76000,2003-11-22
Sistema,113269068.37000,2003-11-23
Sistema,132214622.11000,2003-11-24
Sistema,134829519.72000,2003-11-25
Sistema,134061178.04000,2003-11-26
Sistema,135854926.13000,2003-11-27
Sistema,135211329.44000,2003-11-28
Sistema,126473262.68000,2003-11-29
Sistema,112497515.09000,2003-11-30
Sistema,131714385.33000,2003-12-01
Sistema,133685143.00000,2003-12-02
Sistema,132784768.43000,2003-12-03
Sistema,133426787.94000,2003-12-04
Sistema,134105571.30000,2003-12-05
Sistema,126866001.91000,2003-12-06
Sistema,114855737.21000,2003-12-07
Sistema,115535804.29000,2003-12-08
Sistema,135450640.84000,2003-12-09
Sistema,139235779.60000,2003-12-10
Sistema,139006109.27000,2003-12-11
Sistema,138670069.07000,2003-12-12
Sistema,129957369.99000,2003-12-13
Sistema,118142927.72000,2003-12-14
Sistema,135145279.66000,2003-12-15
Sistema,137780831.69000,2003-12-16
Sistema,136909458.19000,2003-12-17
Sistema,139719306.86000,2003-12-18
Sistema,138791561.96000,2003-12-19
Sistema,127721333.01000,2003-12-20
Sistema,117203486.81000,2003-12-21
Sistema,131226591.51000,2003-12-22
Sistema,132366730.61000,2003-12-23
Sistema,123458749.47000,2003-12-24
Sistema,104423218.85000,2003-12-25
Sistema,122324337.97000,2003-12-26
Sistema,121042549.79000,2003-12-27
Sistema,110803923.67000,2003-12-28
Sistema,124040979.72000,2003-12-29
Sistema,122270793.20000,2003-12-30
Sistema,115302436.18000,2003-12-31
Sistema,97655389.80000,2004-01-01
Sistema,114157216.33000,2004-01-02
Sistema,114502477.37000,2004-01-03
Sistema,107809710.96000,2004-01-04
Sistema,122273315.38000,2004-01-05
Sistema,124509549.01000,2004-01-06
Sistema,124431653.90000,2004-01-07
Sistema,125000353.63000,2004-01-08
Sistema,125292204.91000,2004-01-09
Sistema,121144755.68000,2004-01-10
Sistema,107480973.38000,2004-01-11
Sistema,108375149.07000,2004-01-12
Sistema,125621630.50000,2004-01-13
Sistema,129131736.00000,2004-01-14
Sistema,130976771.54000,2004-01-15
Sistema,131271041.86000,2004-01-16
Sistema,122708222.77000,2004-01-17
Sistema,110814941.01000,2004-01-18
Sistema,128712924.83000,2004-01-19
Sistema,130776580.75000,2004-01-20
Sistema,130672006.59000,2004-01-21
Sistema,131279349.45000,2004-01-22
Sistema,130866337.38000,2004-01-23
Sistema,122449103.57000,2004-01-24
Sistema,108894702.46000,2004-01-25
Sistema,128178880.51000,2004-01-26
Sistema,130914948.70000,2004-01-27
Sistema,132439715.08000,2004-01-28
Sistema,133288538.51000,2004-01-29
Sistema,133077051.65000,2004-01-30
Sistema,125653275.86000,2004-01-31
Sistema,112222949.72000,2004-02-01
Sistema,129864845.10000,2004-02-02
Sistema,135138993.96000,2004-02-03
Sistema,133705324.20000,2004-02-04
Sistema,134674768.59000,2004-02-05
Sistema,134649359.08000,2004-02-06
Sistema,127140526.17000,2004-02-07
Sistema,112164493.05000,2004-02-08
Sistema,131518753.69000,2004-02-09
Sistema,135277181.34000,2004-02-10
Sistema,134899375.37000,2004-02-11
Sistema,135541995.85000,2004-02-12
Sistema,135400301.76000,2004-02-13
Sistema,127504556.80000,2004-02-14
Sistema,113101563.19000,2004-02-15
Sistema,132742483.99000,2004-02-16
Sistema,135169803.15000,2004-02-17
Sistema,136722024.56000,2004-02-18
Sistema,136290615.36000,2004-02-19
Sistema,133943145.79000,2004-02-20
Sistema,125977281.30000,2004-02-21
Sistema,111383989.51000,2004-02-22
Sistema,129856201.56000,2004-02-23
Sistema,130939519.83000,2004-02-24
Sistema,132884568.37000,2004-02-25
Sistema,134189890.53000,2004-02-26
Sistema,133860623.38000,2004-02-27
Sistema,125498894.04000,2004-02-28
Sistema,111470120.37000,2004-02-29
Sistema,130180027.44000,2004-03-01
Sistema,132944859.44000,2004-03-02
Sistema,132332458.95000,2004-03-03
Sistema,133389411.20000,2004-03-04
Sistema,134029051.99000,2004-03-05
Sistema,124953326.62000,2004-03-06
Sistema,111223339.23000,2004-03-07
Sistema,131723670.39000,2004-03-08
Sistema,135017187.72000,2004-03-09
Sistema,134740709.69000,2004-03-10
Sistema,134821899.78000,2004-03-11
Sistema,134727041.47000,2004-03-12
Sistema,125402418.94000,2004-03-13
Sistema,112727394.66000,2004-03-14
Sistema,133332739.22000,2004-03-15
Sistema,135004442.01000,2004-03-16
Sistema,137232682.36000,2004-03-17
Sistema,138383434.39000,2004-03-18
Sistema,137482819.19000,2004-03-19
Sistema,128805487.41000,2004-03-20
Sistema,113550797.21000,2004-03-21
Sistema,114216521.93000,2004-03-22
Sistema,132578256.29000,2004-03-23
Sistema,136111564.99000,2004-03-24
Sistema,135620621.57000,2004-03-25
Sistema,135287461.58000,2004-03-26
Sistema,126499361.87000,2004-03-27
Sistema,112393092.56000,2004-03-28
Sistema,131803770.95000,2004-03-29
Sistema,134780510.12000,2004-03-30
Sistema,136210056.36000,2004-03-31
Sistema,133742133.30000,2004-04-01
Sistema,133881301.76000,2004-04-02
Sistema,125221249.74000,2004-04-03
Sistema,111072308.64000,2004-04-04
Sistema,131279463.35000,2004-04-05
Sistema,134621649.77000,2004-04-06
Sistema,131815116.72000,2004-04-07
Sistema,109516051.88000,2004-04-08
Sistema,101502085.58000,2004-04-09
Sistema,113640473.58000,2004-04-10
Sistema,110017460.23000,2004-04-11
Sistema,133264903.38000,2004-04-12
Sistema,135427436.21000,2004-04-13
Sistema,132616597.79000,2004-04-14
Sistema,130909758.50000,2004-04-15
Sistema,130605642.33000,2004-04-16
Sistema,124024935.82000,2004-04-17
Sistema,112045157.03000,2004-04-18
Sistema,130673700.12000,2004-04-19
Sistema,132053255.77000,2004-04-20
Sistema,131229045.74000,2004-04-21
Sistema,133373171.28000,2004-04-22
Sistema,130675142.18000,2004-04-23
Sistema,122913145.29000,2004-04-24
Sistema,110232921.43000,2004-04-25
Sistema,129632458.96000,2004-04-26
Sistema,132556640.24000,2004-04-27
Sistema,132759273.68000,2004-04-28
Sistema,135637571.67000,2004-04-29
Sistema,133666710.21000,2004-04-30
Sistema,114235793.42000,2004-05-01
Sistema,108350018.37000,2004-05-02
Sistema,129736907.54000,2004-05-03
Sistema,133347828.02000,2004-05-04
Sistema,132152353.33000,2004-05-05
Sistema,134098705.21000,2004-05-06
Sistema,135771205.84000,2004-05-07
Sistema,127192952.19000,2004-05-08
Sistema,112389358.40000,2004-05-09
Sistema,132589882.20000,2004-05-10
Sistema,135291887.01000,2004-05-11
Sistema,135372459.41000,2004-05-12
Sistema,135338499.50000,2004-05-13
Sistema,135806364.01000,2004-05-14
Sistema,128092776.80000,2004-05-15
Sistema,112485931.62000,2004-05-16
Sistema,130282429.31000,2004-05-17
Sistema,131247060.20000,2004-05-18
Sistema,131196957.08000,2004-05-19
Sistema,130368773.80000,2004-05-20
Sistema,131658311.26000,2004-05-21
Sistema,124340719.68000,2004-05-22
Sistema,109488527.64000,2004-05-23
Sistema,110662100.33000,2004-05-24
Sistema,131103704.62000,2004-05-25
Sistema,132302877.75000,2004-05-26
Sistema,131997961.62000,2004-05-27
Sistema,131225824.02000,2004-05-28
Sistema,123022158.29000,2004-05-29
Sistema,110380594.52000,2004-05-30
Sistema,129566240.64000,2004-05-31
Sistema,130912112.97000,2004-06-01
Sistema,129981689.96000,2004-06-02
Sistema,133442583.49000,2004-06-03
Sistema,133872689.80000,2004-06-04
Sistema,124911995.75000,2004-06-05
Sistema,110308378.96000,2004-06-06
Sistema,130311111.53000,2004-06-07
Sistema,134101577.98000,2004-06-08
Sistema,132230740.77000,2004-06-09
Sistema,133508210.40000,2004-06-10
Sistema,133940028.54000,2004-06-11
Sistema,125035584.36000,2004-06-12
Sistema,111157171.81000,2004-06-13
Sistema,111653307.78000,2004-06-14
Sistema,131614232.60000,2004-06-15
Sistema,133475078.92000,2004-06-16
Sistema,134872710.20000,2004-06-17
Sistema,135000375.31000,2004-06-18
Sistema,127843767.75000,2004-06-19
Sistema,110367077.73000,2004-06-20
Sistema,110382336.21000,2004-06-21
Sistema,131644511.93000,2004-06-22
Sistema,134239600.08000,2004-06-23
Sistema,134909429.90000,2004-06-24
Sistema,135420431.43000,2004-06-25
Sistema,127970894.65000,2004-06-26
Sistema,113765656.16000,2004-06-27
Sistema,131538437.17000,2004-06-28
Sistema,133161717.24000,2004-06-29
Sistema,134019598.55000,2004-06-30
Sistema,132569496.83000,2004-07-01
Sistema,132160913.29000,2004-07-02
Sistema,124116924.43000,2004-07-03
Sistema,108432539.25000,2004-07-04
Sistema,110086876.49000,2004-07-05
Sistema,129286633.58000,2004-07-06
Sistema,131007867.51000,2004-07-07
Sistema,130764898.38000,2004-07-08
Sistema,131927981.81000,2004-07-09
Sistema,125237567.65000,2004-07-10
Sistema,111994378.61000,2004-07-11
Sistema,132158177.80000,2004-07-12
Sistema,133138093.21000,2004-07-13
Sistema,132039532.42000,2004-07-14
Sistema,132633454.41000,2004-07-15
Sistema,131941338.97000,2004-07-16
Sistema,124713774.47000,2004-07-17
Sistema,109975807.93000,2004-07-18
Sistema,127035409.32000,2004-07-19
Sistema,116371387.15000,2004-07-20
Sistema,133640711.57000,2004-07-21
Sistema,133388588.15000,2004-07-22
Sistema,133545161.56000,2004-07-23
Sistema,125991273.58000,2004-07-24
Sistema,112754343.66000,2004-07-25
Sistema,132195003.50000,2004-07-26
Sistema,134727198.57000,2004-07-27
Sistema,133838708.32000,2004-07-28
Sistema,132473935.76000,2004-07-29
Sistema,132824599.41000,2004-07-30
Sistema,124477575.61000,2004-07-31
Sistema,110569633.47000,2004-08-01
Sistema,130777815.15000,2004-08-02
Sistema,133869102.12000,2004-08-03
Sistema,135279906.98000,2004-08-04
Sistema,135097717.53000,2004-08-05
Sistema,133925068.39000,2004-08-06
Sistema,117543126.25000,2004-08-07
Sistema,111231715.04000,2004-08-08
Sistema,132931023.52000,2004-08-09
Sistema,134919747.22000,2004-08-10
Sistema,134629436.42000,2004-08-11
Sistema,136226465.43000,2004-08-12
Sistema,136339182.60000,2004-08-13
Sistema,127939522.15000,2004-08-14
Sistema,113538413.87000,2004-08-15
Sistema,113944328.12000,2004-08-16
Sistema,135368824.11000,2004-08-17
Sistema,137156405.87000,2004-08-18
Sistema,139627643.60000,2004-08-19
Sistema,138742663.80000,2004-08-20
Sistema,129942504.87000,2004-08-21
Sistema,115754001.41000,2004-08-22
Sistema,136245294.04000,2004-08-23
Sistema,136911108.94000,2004-08-24
Sistema,136828140.65000,2004-08-25
Sistema,137315066.41000,2004-08-26
Sistema,137602999.39000,2004-08-27
Sistema,127689613.50000,2004-08-28
Sistema,112621041.20000,2004-08-29
Sistema,132067850.71000,2004-08-30
Sistema,134581850.29000,2004-08-31
Sistema,134629262.42000,2004-09-01
Sistema,136940090.47000,2004-09-02
Sistema,137562266.72000,2004-09-03
Sistema,128147342.16000,2004-09-04
Sistema,112742851.71000,2004-09-05
Sistema,131366005.91000,2004-09-06
Sistema,135024557.94000,2004-09-07
Sistema,133222012.10000,2004-09-08
Sistema,134059753.81000,2004-09-09
Sistema,134167669.45000,2004-09-10
Sistema,126179673.11000,2004-09-11
Sistema,111402318.09000,2004-09-12
Sistema,132214879.27000,2004-09-13
Sistema,135036460.09000,2004-09-14
Sistema,135006762.28000,2004-09-15
Sistema,134743289.95000,2004-09-16
Sistema,134147425.58000,2004-09-17
Sistema,127274089.43000,2004-09-18
Sistema,111917269.05000,2004-09-19
Sistema,130860155.94000,2004-09-20
Sistema,133346204.21000,2004-09-21
Sistema,134429925.86000,2004-09-22
Sistema,137170100.18000,2004-09-23
Sistema,134045298.23000,2004-09-24
Sistema,124700387.73000,2004-09-25
Sistema,110892696.43000,2004-09-26
Sistema,131298168.65000,2004-09-27
Sistema,133330703.22000,2004-09-28
Sistema,131938826.62000,2004-09-29
Sistema,132257743.76000,2004-09-30
Sistema,131270182.65000,2004-10-01
Sistema,124079895.00000,2004-10-02
Sistema,112659137.67000,2004-10-03
Sistema,132087791.90000,2004-10-04
Sistema,131674455.73000,2004-10-05
Sistema,132693030.72000,2004-10-06
Sistema,133010474.61000,2004-10-07
Sistema,131872515.15000,2004-10-08
Sistema,125942567.54000,2004-10-09
Sistema,113495387.64000,2004-10-10
Sistema,133257673.89000,2004-10-11
Sistema,134884353.23000,2004-10-12
Sistema,136108718.61000,2004-10-13
Sistema,137819438.48000,2004-10-14
Sistema,138456809.25000,2004-10-15
Sistema,130708718.47000,2004-10-16
Sistema,114033991.45000,2004-10-17
Sistema,114816484.86000,2004-10-18
Sistema,133419452.65000,2004-10-19
Sistema,135792268.88000,2004-10-20
Sistema,134571139.22000,2004-10-21
Sistema,134271841.34000,2004-10-22
Sistema,125565734.51000,2004-10-23
Sistema,112155452.36000,2004-10-24
Sistema,132459268.31000,2004-10-25
Sistema,134097081.90000,2004-10-26
Sistema,136307730.31000,2004-10-27
Sistema,136557725.61000,2004-10-28
Sistema,135075988.51000,2004-10-29
Sistema,127602080.56000,2004-10-30
Sistema,112747828.84000,2004-10-31
Sistema,114351408.69000,2004-11-01
Sistema,133103462.65000,2004-11-02
Sistema,134233498.57000,2004-11-03
Sistema,134719172.93000,2004-11-04
Sistema,134470468.51000,2004-11-05
Sistema,127206151.87000,2004-11-06
Sistema,113590320.71000,2004-11-07
Sistema,132528210.28000,2004-11-08
Sistema,134821108.33000,2004-11-09
Sistema,133738331.95000,2004-11-10
Sistema,134659960.97000,2004-11-11
Sistema,135787174.00000,2004-11-12
Sistema,129096170.48000,2004-11-13
Sistema,113541676.26000,2004-11-14
Sistema,114005690.00000,2004-11-15
Sistema,133921628.60000,2004-11-16
Sistema,135142428.90000,2004-11-17
Sistema,135737894.33000,2004-11-18
Sistema,136667041.22000,2004-11-19
Sistema,130612698.43000,2004-11-20
Sistema,116730273.71000,2004-11-21
Sistema,136594643.91000,2004-11-22
Sistema,139437577.33000,2004-11-23
Sistema,138750198.02000,2004-11-24
Sistema,139362229.50000,2004-11-25
Sistema,138048663.21000,2004-11-26
Sistema,130427122.52000,2004-11-27
Sistema,116477268.21000,2004-11-28
Sistema,135572699.67000,2004-11-29
Sistema,137540665.33000,2004-11-30
Sistema,138230094.00000,2004-12-01
Sistema,138510918.96000,2004-12-02
Sistema,138514269.19000,2004-12-03
Sistema,131438063.97000,2004-12-04
Sistema,119214711.46000,2004-12-05
Sistema,138321518.26000,2004-12-06
Sistema,139144486.95000,2004-12-07
Sistema,122973508.84000,2004-12-08
Sistema,140374341.51000,2004-12-09
Sistema,142250142.18000,2004-12-10
Sistema,134221250.70000,2004-12-11
Sistema,120512217.46000,2004-12-12
Sistema,139003876.77000,2004-12-13
Sistema,141130334.35000,2004-12-14
Sistema,140748679.46000,2004-12-15
Sistema,140376621.64000,2004-12-16
Sistema,138530319.57000,2004-12-17
Sistema,130724029.64000,2004-12-18
Sistema,119306505.73000,2004-12-19
Sistema,137659199.38000,2004-12-20
Sistema,138538212.47000,2004-12-21
Sistema,139111355.76000,2004-12-22
Sistema,137468600.69000,2004-12-23
Sistema,126393574.13000,2004-12-24
Sistema,107374591.81000,2004-12-25
Sistema,109554577.58000,2004-12-26
Sistema,128320555.37000,2004-12-27
Sistema,130344286.45000,2004-12-28
Sistema,129929347.95000,2004-12-29
Sistema,128868927.06000,2004-12-30
Sistema,120016361.07000,2004-12-31
Sistema,102576713.33000,2005-01-01
Sistema,104405914.38000,2005-01-02
Sistema,124666932.96000,2005-01-03
Sistema,130080030.05000,2005-01-04
Sistema,129149720.83000,2005-01-05
Sistema,131111112.83000,2005-01-06
Sistema,130253439.39000,2005-01-07
Sistema,124157231.97000,2005-01-08
Sistema,111558261.06000,2005-01-09
Sistema,112316977.17000,2005-01-10
Sistema,130739692.76000,2005-01-11
Sistema,133974355.80000,2005-01-12
Sistema,136542213.83000,2005-01-13
Sistema,136107021.44000,2005-01-14
Sistema,126775231.64000,2005-01-15
Sistema,112749576.42000,2005-01-16
Sistema,131550277.16000,2005-01-17
Sistema,133294889.60000,2005-01-18
Sistema,133693918.40000,2005-01-19
Sistema,135568138.27000,2005-01-20
Sistema,135481137.77000,2005-01-21
Sistema,127439750.36000,2005-01-22
Sistema,114233157.98000,2005-01-23
Sistema,133573992.77000,2005-01-24
Sistema,135970603.67000,2005-01-25
Sistema,136446813.36000,2005-01-26
Sistema,137027389.64000,2005-01-27
Sistema,137196565.42000,2005-01-28
Sistema,129229220.47000,2005-01-29
Sistema,114692245.93000,2005-01-30
Sistema,134227339.22000,2005-01-31
Sistema,135849573.13000,2005-02-01
Sistema,136411223.45000,2005-02-02
Sistema,134923592.18000,2005-02-03
Sistema,134658927.67000,2005-02-04
Sistema,126400497.04000,2005-02-05
Sistema,114539690.23000,2005-02-06
Sistema,134199862.57000,2005-02-07
Sistema,136481906.48000,2005-02-08
Sistema,135811812.01000,2005-02-09
Sistema,138035589.11000,2005-02-10
Sistema,137506181.06000,2005-02-11
Sistema,127113411.84000,2005-02-12
Sistema,113425386.75000,2005-02-13
Sistema,134690527.89000,2005-02-14
Sistema,136537114.72000,2005-02-15
Sistema,138899369.15000,2005-02-16
Sistema,138980357.52000,2005-02-17
Sistema,137465103.72000,2005-02-18
Sistema,129471056.13000,2005-02-19
Sistema,114001232.20000,2005-02-20
Sistema,135269797.13000,2005-02-21
Sistema,138097409.79000,2005-02-22
Sistema,137325507.76000,2005-02-23
Sistema,137022573.37000,2005-02-24
Sistema,138133298.01000,2005-02-25
Sistema,131966314.11000,2005-02-26
Sistema,117935487.98000,2005-02-27
Sistema,137527694.56000,2005-02-28
Sistema,138809817.87000,2005-03-01
Sistema,139652424.20000,2005-03-02
Sistema,141428149.13000,2005-03-03
Sistema,140152713.14000,2005-03-04
Sistema,130964995.88000,2005-03-05
Sistema,115926986.54000,2005-03-06
Sistema,136744337.13000,2005-03-07
Sistema,137641770.95000,2005-03-08
Sistema,139142721.41000,2005-03-09
Sistema,139774337.51000,2005-03-10
Sistema,140780503.43000,2005-03-11
Sistema,133737248.59000,2005-03-12
Sistema,118238213.38000,2005-03-13
Sistema,139244348.74000,2005-03-14
Sistema,140853159.42000,2005-03-15
Sistema,141480963.03000,2005-03-16
Sistema,141774616.36000,2005-03-17
Sistema,142184264.43000,2005-03-18
Sistema,132101814.55000,2005-03-19
Sistema,116377427.99000,2005-03-20
Sistema,119272255.76000,2005-03-21
Sistema,132652587.52000,2005-03-22
Sistema,130730519.81000,2005-03-23
Sistema,111334055.37000,2005-03-24
Sistema,103270173.97000,2005-03-25
Sistema,115648204.48000,2005-03-26
Sistema,113329807.27000,2005-03-27
Sistema,136866253.27000,2005-03-28
Sistema,139377528.25000,2005-03-29
Sistema,139329117.42000,2005-03-30
Sistema,140187874.81000,2005-03-31
Sistema,139328020.56000,2005-04-01
Sistema,132218966.98000,2005-04-02
Sistema,116342671.03000,2005-04-03
Sistema,136906154.37000,2005-04-04
Sistema,139657172.56000,2005-04-05
Sistema,138327914.18000,2005-04-06
Sistema,139060312.46000,2005-04-07
Sistema,140859163.14000,2005-04-08
Sistema,132085943.80000,2005-04-09
Sistema,117019788.62000,2005-04-10
Sistema,137284864.15000,2005-04-11
Sistema,139677340.07000,2005-04-12
Sistema,138778883.84000,2005-04-13
Sistema,139598334.73000,2005-04-14
Sistema,139229284.63000,2005-04-15
Sistema,132171393.48000,2005-04-16
Sistema,117889882.00000,2005-04-17
Sistema,138838223.19000,2005-04-18
Sistema,141426331.95000,2005-04-19
Sistema,141145507.91000,2005-04-20
Sistema,140112894.34000,2005-04-21
Sistema,139855881.24000,2005-04-22
Sistema,131887292.73000,2005-04-23
Sistema,116497143.31000,2005-04-24
Sistema,138034091.04000,2005-04-25
Sistema,140043194.30000,2005-04-26
Sistema,141254602.69000,2005-04-27
Sistema,139969856.69000,2005-04-28
Sistema,139623623.82000,2005-04-29
Sistema,130895053.97000,2005-04-30
Sistema,114237710.63000,2005-05-01
Sistema,135399951.97000,2005-05-02
Sistema,136132509.24000,2005-05-03
Sistema,138711281.72000,2005-05-04
Sistema,139386828.86000,2005-05-05
Sistema,138017157.50000,2005-05-06
Sistema,131703053.28000,2005-05-07
Sistema,113662688.73000,2005-05-08
Sistema,116920025.56000,2005-05-09
Sistema,137851357.50000,2005-05-10
Sistema,140943777.78000,2005-05-11
Sistema,140639359.56000,2005-05-12
Sistema,141517228.34000,2005-05-13
Sistema,131721724.96000,2005-05-14
Sistema,118028565.81000,2005-05-15
Sistema,136760755.73000,2005-05-16
Sistema,138829137.00000,2005-05-17
Sistema,137643387.49000,2005-05-18
Sistema,137726535.59000,2005-05-19
Sistema,138916608.03000,2005-05-20
Sistema,130538189.95000,2005-05-21
Sistema,116287353.68000,2005-05-22
Sistema,135356711.11000,2005-05-23
Sistema,137546390.91000,2005-05-24
Sistema,139508084.43000,2005-05-25
Sistema,141086928.12000,2005-05-26
Sistema,140553402.36000,2005-05-27
Sistema,131695613.29000,2005-05-28
Sistema,117562351.80000,2005-05-29
Sistema,118890933.87000,2005-05-30
Sistema,137033815.41000,2005-05-31
Sistema,136848265.93000,2005-06-01
Sistema,137913555.31000,2005-06-02
Sistema,139585016.76000,2005-06-03
Sistema,131818494.97000,2005-06-04
Sistema,113326087.30000,2005-06-05
Sistema,114767898.99000,2005-06-06
Sistema,135461850.10000,2005-06-07
Sistema,138267458.29000,2005-06-08
Sistema,137568146.76000,2005-06-09
Sistema,138680907.06000,2005-06-10
Sistema,129758917.63000,2005-06-11
Sistema,114008698.46000,2005-06-12
Sistema,135785753.72000,2005-06-13
Sistema,137132532.76000,2005-06-14
Sistema,139476750.18000,2005-06-15
Sistema,141063089.18000,2005-06-16
Sistema,141152997.47000,2005-06-17
Sistema,133368254.15000,2005-06-18
Sistema,116351049.69000,2005-06-19
Sistema,136799370.37000,2005-06-20
Sistema,139494099.75000,2005-06-21
Sistema,139000046.01000,2005-06-22
Sistema,138809181.42000,2005-06-23
Sistema,140011750.13000,2005-06-24
Sistema,129844619.11000,2005-06-25
Sistema,115769536.80000,2005-06-26
Sistema,137123415.15000,2005-06-27
Sistema,140723719.20000,2005-06-28
Sistema,138650402.78000,2005-06-29
Sistema,135064253.09000,2005-06-30
Sistema,134096600.56000,2005-07-01
Sistema,128236454.39000,2005-07-02
Sistema,112482126.09000,2005-07-03
Sistema,114286780.30000,2005-07-04
Sistema,135768058.55000,2005-07-05
Sistema,136748352.30000,2005-07-06
Sistema,136627449.47000,2005-07-07
Sistema,139797413.64000,2005-07-08
Sistema,132431275.07000,2005-07-09
Sistema,117577565.83000,2005-07-10
Sistema,136044479.66000,2005-07-11
Sistema,137497050.17000,2005-07-12
Sistema,137975491.71000,2005-07-13
Sistema,138937703.70000,2005-07-14
Sistema,138027264.22000,2005-07-15
Sistema,130942531.49000,2005-07-16
Sistema,116699435.90000,2005-07-17
Sistema,136647281.58000,2005-07-18
Sistema,137651712.55000,2005-07-19
Sistema,121372539.14000,2005-07-20
Sistema,138010042.62000,2005-07-21
Sistema,138919613.21000,2005-07-22
Sistema,130124673.30000,2005-07-23
Sistema,117329435.92000,2005-07-24
Sistema,136977302.03000,2005-07-25
Sistema,140605688.38000,2005-07-26
Sistema,140745859.96000,2005-07-27
Sistema,139714169.25000,2005-07-28
Sistema,140802137.96000,2005-07-29
Sistema,130944097.51000,2005-07-30
Sistema,116428168.06000,2005-07-31
Sistema,137011648.06000,2005-08-01
Sistema,139516625.37000,2005-08-02
Sistema,140538864.14000,2005-08-03
Sistema,140907997.06000,2005-08-04
Sistema,140567702.36000,2005-08-05
Sistema,132375447.95000,2005-08-06
Sistema,118292850.71000,2005-08-07
Sistema,140075850.41000,2005-08-08
Sistema,140964354.06000,2005-08-09
Sistema,141103354.44000,2005-08-10
Sistema,141150252.90000,2005-08-11
Sistema,142676442.32000,2005-08-12
Sistema,133777672.50000,2005-08-13
Sistema,116473235.22000,2005-08-14
Sistema,116342238.77000,2005-08-15
Sistema,136927780.94000,2005-08-16
Sistema,139207469.89000,2005-08-17
Sistema,138598203.54000,2005-08-18
Sistema,140689009.31000,2005-08-19
Sistema,134038453.50000,2005-08-20
Sistema,117498328.70000,2005-08-21
Sistema,138253023.72000,2005-08-22
Sistema,140467122.87000,2005-08-23
Sistema,139952680.52000,2005-08-24
Sistema,139211842.30000,2005-08-25
Sistema,141319808.65000,2005-08-26
Sistema,131927453.33000,2005-08-27
Sistema,117183769.61000,2005-08-28
Sistema,139237854.35000,2005-08-29
Sistema,140989886.05000,2005-08-30
Sistema,138382565.19000,2005-08-31
Sistema,140691525.37000,2005-09-01
Sistema,140999739.22000,2005-09-02
Sistema,132659237.61000,2005-09-03
Sistema,118239725.02000,2005-09-04
Sistema,139542120.87000,2005-09-05
Sistema,141012862.29000,2005-09-06
Sistema,143108794.23000,2005-09-07
Sistema,143432523.30000,2005-09-08
Sistema,143055636.68000,2005-09-09
Sistema,135277740.07000,2005-09-10
Sistema,120743009.85000,2005-09-11
Sistema,140219190.24000,2005-09-12
Sistema,142776777.14000,2005-09-13
Sistema,144383694.68000,2005-09-14
Sistema,144082124.52000,2005-09-15
Sistema,144077428.12000,2005-09-16
Sistema,135958601.90000,2005-09-17
Sistema,120712099.93000,2005-09-18
Sistema,142085751.10000,2005-09-19
Sistema,144360907.11000,2005-09-20
Sistema,143472522.02000,2005-09-21
Sistema,142256798.36000,2005-09-22
Sistema,141435598.42000,2005-09-23
Sistema,131952266.57000,2005-09-24
Sistema,118847596.81000,2005-09-25
Sistema,139611789.70000,2005-09-26
Sistema,141917047.91000,2005-09-27
Sistema,140313436.92000,2005-09-28
Sistema,140273182.45000,2005-09-29
Sistema,138535141.01000,2005-09-30
Sistema,131413034.44000,2005-10-01
Sistema,117900154.75000,2005-10-02
Sistema,138119137.76000,2005-10-03
Sistema,138684299.31000,2005-10-04
Sistema,139556267.88000,2005-10-05
Sistema,141277420.41000,2005-10-06
Sistema,141347271.65000,2005-10-07
Sistema,134189836.06000,2005-10-08
Sistema,117263582.98000,2005-10-09
Sistema,137584421.60000,2005-10-10
Sistema,138971676.45000,2005-10-11
Sistema,139662240.28000,2005-10-12
Sistema,139755665.94000,2005-10-13
Sistema,140812245.99000,2005-10-14
Sistema,131823053.60000,2005-10-15
Sistema,116048096.72000,2005-10-16
Sistema,118218139.79000,2005-10-17
Sistema,139164603.62000,2005-10-18
Sistema,141702506.21000,2005-10-19
Sistema,141556317.22000,2005-10-20
Sistema,141638767.03000,2005-10-21
Sistema,133094115.30000,2005-10-22
Sistema,118379750.16000,2005-10-23
Sistema,137241930.44000,2005-10-24
Sistema,137673687.46000,2005-10-25
Sistema,139474336.89000,2005-10-26
Sistema,141253119.55000,2005-10-27
Sistema,141283390.41000,2005-10-28
Sistema,133262725.65000,2005-10-29
Sistema,119652874.30000,2005-10-30
Sistema,139130187.39000,2005-10-31
Sistema,140925012.11000,2005-11-01
Sistema,141829459.01000,2005-11-02
Sistema,141000869.71000,2005-11-03
Sistema,139494511.71000,2005-11-04
Sistema,133703776.96000,2005-11-05
Sistema,118669969.74000,2005-11-06
Sistema,120726893.46000,2005-11-07
Sistema,141154024.42000,2005-11-08
Sistema,141560218.91000,2005-11-09
Sistema,141829448.51000,2005-11-10
Sistema,140923297.76000,2005-11-11
Sistema,133464247.67000,2005-11-12
Sistema,119082198.50000,2005-11-13
Sistema,120507394.91000,2005-11-14
Sistema,140132300.35000,2005-11-15
Sistema,139796713.16000,2005-11-16
Sistema,140782351.20000,2005-11-17
Sistema,141080012.17000,2005-11-18
Sistema,133904750.89000,2005-11-19
Sistema,120015830.27000,2005-11-20
Sistema,141589463.43000,2005-11-21
Sistema,140760649.98000,2005-11-22
Sistema,140674882.70000,2005-11-23
Sistema,141129578.97000,2005-11-24
Sistema,142473617.61000,2005-11-25
Sistema,135238878.15000,2005-11-26
Sistema,121416555.02000,2005-11-27
Sistema,141761187.73000,2005-11-28
Sistema,143906229.00000,2005-11-29
Sistema,144362872.51000,2005-11-30
Sistema,143903461.28000,2005-12-01
Sistema,143720219.60000,2005-12-02
Sistema,136431652.74000,2005-12-03
Sistema,122723698.03000,2005-12-04
Sistema,143306775.14000,2005-12-05
Sistema,143475063.35000,2005-12-06
Sistema,143393095.45000,2005-12-07
Sistema,126573606.28000,2005-12-08
Sistema,143674678.67000,2005-12-09
Sistema,136738023.92000,2005-12-10
Sistema,124308219.33000,2005-12-11
Sistema,145296712.30000,2005-12-12
Sistema,146514117.09000,2005-12-13
Sistema,145659323.70000,2005-12-14
Sistema,146309252.48000,2005-12-15
Sistema,145431944.80000,2005-12-16
Sistema,134709727.24000,2005-12-17
Sistema,121326485.41000,2005-12-18
Sistema,143484358.82000,2005-12-19
Sistema,144673735.54000,2005-12-20
Sistema,144139007.14000,2005-12-21
Sistema,142469097.52000,2005-12-22
Sistema,140783426.62000,2005-12-23
Sistema,126423986.71000,2005-12-24
Sistema,109453643.47000,2005-12-25
Sistema,131389088.07000,2005-12-26
Sistema,136966443.57000,2005-12-27
Sistema,137584831.47000,2005-12-28
Sistema,137227236.97000,2005-12-29
Sistema,132472816.07000,2005-12-30
Sistema,120256198.36000,2005-12-31
Sistema,103969449.13000,2006-01-01
Sistema,124859700.69000,2006-01-02
Sistema,131987472.58000,2006-01-03
Sistema,131996306.47000,2006-01-04
Sistema,131109277.95000,2006-01-05
Sistema,130348366.63000,2006-01-06
Sistema,124483981.72000,2006-01-07
Sistema,111550126.58000,2006-01-08
Sistema,112691880.33000,2006-01-09
Sistema,131741627.74000,2006-01-10
Sistema,135909463.86000,2006-01-11
Sistema,136359168.67000,2006-01-12
Sistema,136702179.20000,2006-01-13
Sistema,129395416.96000,2006-01-14
Sistema,115965679.00000,2006-01-15
Sistema,137108986.75000,2006-01-16
Sistema,140312624.98000,2006-01-17
Sistema,140635675.56000,2006-01-18
Sistema,140157483.84000,2006-01-19
Sistema,140252824.10000,2006-01-20
Sistema,132607104.09000,2006-01-21
Sistema,118124021.60000,2006-01-22
Sistema,140451074.01000,2006-01-23
Sistema,143000512.89000,2006-01-24
Sistema,145114559.04000,2006-01-25
Sistema,145511227.94000,2006-01-26
Sistema,144943811.27000,2006-01-27
Sistema,135207475.98000,2006-01-28
Sistema,118479739.96000,2006-01-29
Sistema,141056573.67000,2006-01-30
Sistema,144550221.48000,2006-01-31
Sistema,142772491.14000,2006-02-01
Sistema,142015775.62000,2006-02-02
Sistema,143832568.97000,2006-02-03
Sistema,135464910.95000,2006-02-04
Sistema,119088690.73000,2006-02-05
Sistema,139296386.57000,2006-02-06
Sistema,142345231.07000,2006-02-07
Sistema,141942338.34000,2006-02-08
Sistema,143077902.83000,2006-02-09
Sistema,143818835.09000,2006-02-10
Sistema,135673758.64000,2006-02-11
Sistema,120917861.59000,2006-02-12
Sistema,142880306.69000,2006-02-13
Sistema,143654774.99000,2006-02-14
Sistema,143065430.88000,2006-02-15
Sistema,144932812.58000,2006-02-16
Sistema,144958186.03000,2006-02-17
Sistema,135644024.41000,2006-02-18
Sistema,120611150.02000,2006-02-19
Sistema,141049466.93000,2006-02-20
Sistema,143269306.92000,2006-02-21
Sistema,143129190.53000,2006-02-22
Sistema,144985100.90000,2006-02-23
Sistema,145194888.25000,2006-02-24
Sistema,136184892.03000,2006-02-25
Sistema,120801199.08000,2006-02-26
Sistema,138798145.64000,2006-02-27
Sistema,141443958.94000,2006-02-28
Sistema,144122240.58000,2006-03-01
Sistema,145904066.84000,2006-03-02
Sistema,145695791.00000,2006-03-03
Sistema,136575403.04000,2006-03-04
Sistema,120991824.55000,2006-03-05
Sistema,142051517.85000,2006-03-06
Sistema,142052265.08000,2006-03-07
Sistema,140700687.87000,2006-03-08
Sistema,141569468.41000,2006-03-09
Sistema,142159381.93000,2006-03-10
Sistema,133224346.23000,2006-03-11
Sistema,114873412.07000,2006-03-12
Sistema,137831238.44000,2006-03-13
Sistema,140376166.63000,2006-03-14
Sistema,141851475.25000,2006-03-15
Sistema,142861877.95000,2006-03-16
Sistema,142377943.47000,2006-03-17
Sistema,134270373.68000,2006-03-18
Sistema,117682039.18000,2006-03-19
Sistema,120115843.29000,2006-03-20
Sistema,140579502.34000,2006-03-21
Sistema,142305866.48000,2006-03-22
Sistema,142500050.13000,2006-03-23
Sistema,142189632.90000,2006-03-24
Sistema,134545930.99000,2006-03-25
Sistema,120225663.66000,2006-03-26
Sistema,141291104.83000,2006-03-27
Sistema,142923315.05000,2006-03-28
Sistema,144870547.05000,2006-03-29
Sistema,145129627.65000,2006-03-30
Sistema,144678570.94000,2006-03-31
Sistema,136117156.51000,2006-04-01
Sistema,120205000.93000,2006-04-02
Sistema,141679407.14000,2006-04-03
Sistema,144293252.77000,2006-04-04
Sistema,141796213.53000,2006-04-05
Sistema,142333335.90000,2006-04-06
Sistema,143163989.20000,2006-04-07
Sistema,136443520.31000,2006-04-08
Sistema,121826636.58000,2006-04-09
Sistema,138591597.47000,2006-04-10
Sistema,139649147.28000,2006-04-11
Sistema,136851613.27000,2006-04-12
Sistema,113266490.69000,2006-04-13
Sistema,104775343.38000,2006-04-14
Sistema,118098864.72000,2006-04-15
Sistema,116525216.49000,2006-04-16
Sistema,141201467.34000,2006-04-17
Sistema,143325628.28000,2006-04-18
Sistema,142741619.03000,2006-04-19
Sistema,142626422.26000,2006-04-20
Sistema,143659268.65000,2006-04-21
Sistema,137970757.32000,2006-04-22
Sistema,123723131.21000,2006-04-23
Sistema,142415531.17000,2006-04-24
Sistema,143963937.45000,2006-04-25
Sistema,143013218.53000,2006-04-26
Sistema,143041054.20000,2006-04-27
Sistema,143217303.94000,2006-04-28
Sistema,134490188.69000,2006-04-29
Sistema,118560883.92000,2006-04-30
Sistema,118006260.18000,2006-05-01
Sistema,138683239.79000,2006-05-02
Sistema,142441533.30000,2006-05-03
Sistema,143692608.35000,2006-05-04
Sistema,143813093.78000,2006-05-05
Sistema,136022286.20000,2006-05-06
Sistema,120279783.14000,2006-05-07
Sistema,139404997.77000,2006-05-08
Sistema,141944394.32000,2006-05-09
Sistema,142539796.34000,2006-05-10
Sistema,143576025.93000,2006-05-11
Sistema,144763109.64000,2006-05-12
Sistema,137493756.83000,2006-05-13
Sistema,118720365.64000,2006-05-14
Sistema,143370227.11000,2006-05-15
Sistema,145770490.66000,2006-05-16
Sistema,145509147.18000,2006-05-17
Sistema,146091090.28000,2006-05-18
Sistema,144779616.29000,2006-05-19
Sistema,137814933.55000,2006-05-20
Sistema,121941997.73000,2006-05-21
Sistema,142842195.76000,2006-05-22
Sistema,145061137.15000,2006-05-23
Sistema,146843608.15000,2006-05-24
Sistema,145593901.10000,2006-05-25
Sistema,145928405.11000,2006-05-26
Sistema,135878603.57000,2006-05-27
Sistema,118182812.14000,2006-05-28
Sistema,120980678.41000,2006-05-29
Sistema,143065096.08000,2006-05-30
Sistema,146458755.62000,2006-05-31
Sistema,142874314.38000,2006-06-01
Sistema,141541940.15000,2006-06-02
Sistema,137061951.11000,2006-06-03
Sistema,121924159.76000,2006-06-04
Sistema,141388304.86000,2006-06-05
Sistema,142990297.63000,2006-06-06
Sistema,142708958.41000,2006-06-07
Sistema,142504882.20000,2006-06-08
Sistema,143168018.40000,2006-06-09
Sistema,134952844.50000,2006-06-10
Sistema,119212271.01000,2006-06-11
Sistema,139362683.70000,2006-06-12
Sistema,143329333.12000,2006-06-13
Sistema,143736891.48000,2006-06-14
Sistema,144387729.57000,2006-06-15
Sistema,145099166.08000,2006-06-16
Sistema,136424226.64000,2006-06-17
Sistema,119212445.34000,2006-06-18
Sistema,123657288.00000,2006-06-19
Sistema,143725780.72000,2006-06-20
Sistema,143813486.80000,2006-06-21
Sistema,144431135.74000,2006-06-22
Sistema,144875909.84000,2006-06-23
Sistema,136911452.54000,2006-06-24
Sistema,123006343.43000,2006-06-25
Sistema,124279853.81000,2006-06-26
Sistema,145504908.00000,2006-06-27
Sistema,145581519.02000,2006-06-28
Sistema,146775588.80000,2006-06-29
Sistema,147984227.55000,2006-06-30
Sistema,138797907.23000,2006-07-01
Sistema,122962300.33000,2006-07-02
Sistema,123607227.31000,2006-07-03
Sistema,143149519.88000,2006-07-04
Sistema,143041312.10000,2006-07-05
Sistema,145752531.48000,2006-07-06
Sistema,147011010.47000,2006-07-07
Sistema,138180194.49000,2006-07-08
Sistema,124572431.64000,2006-07-09
Sistema,144143075.84000,2006-07-10
Sistema,147138757.75000,2006-07-11
Sistema,147793666.41000,2006-07-12
Sistema,147502824.09000,2006-07-13
Sistema,146175814.82000,2006-07-14
Sistema,137577172.38000,2006-07-15
Sistema,122435209.20000,2006-07-16
Sistema,144581694.78000,2006-07-17
Sistema,145722327.24000,2006-07-18
Sistema,145686371.98000,2006-07-19
Sistema,130184880.12000,2006-07-20
Sistema,146272568.93000,2006-07-21
Sistema,138430635.95000,2006-07-22
Sistema,123384680.42000,2006-07-23
Sistema,144980365.99000,2006-07-24
Sistema,147990251.83000,2006-07-25
Sistema,147580577.23000,2006-07-26
Sistema,144850813.67000,2006-07-27
Sistema,143449171.86000,2006-07-28
Sistema,135441662.44000,2006-07-29
Sistema,122338840.46000,2006-07-30
Sistema,143767649.35000,2006-07-31
Sistema,145385490.55000,2006-08-01
Sistema,146466842.39000,2006-08-02
Sistema,147936775.47000,2006-08-03
Sistema,148634236.30000,2006-08-04
Sistema,138228369.74000,2006-08-05
Sistema,122103372.04000,2006-08-06
Sistema,124643222.28000,2006-08-07
Sistema,146160072.55000,2006-08-08
Sistema,146841395.60000,2006-08-09
Sistema,148990500.59000,2006-08-10
Sistema,146736262.51000,2006-08-11
Sistema,139425001.56000,2006-08-12
Sistema,125601782.12000,2006-08-13
Sistema,147278822.54000,2006-08-14
Sistema,149576261.66000,2006-08-15
Sistema,144861066.38000,2006-08-16
Sistema,145209458.81000,2006-08-17
Sistema,143487905.02000,2006-08-18
Sistema,135987289.74000,2006-08-19
Sistema,119588637.36000,2006-08-20
Sistema,122215766.56000,2006-08-21
Sistema,144905809.12000,2006-08-22
Sistema,146147486.43000,2006-08-23
Sistema,146404532.68000,2006-08-24
Sistema,146366663.95000,2006-08-25
Sistema,137824017.59000,2006-08-26
Sistema,123406431.87000,2006-08-27
Sistema,145147442.63000,2006-08-28
Sistema,147476537.84000,2006-08-29
Sistema,147259667.32000,2006-08-30
Sistema,148841486.05000,2006-08-31
Sistema,148497558.87000,2006-09-01
Sistema,140218015.82000,2006-09-02
Sistema,123909077.83000,2006-09-03
Sistema,144056216.13000,2006-09-04
Sistema,145068741.67000,2006-09-05
Sistema,145573873.53000,2006-09-06
Sistema,145482251.51000,2006-09-07
Sistema,144097619.77000,2006-09-08
Sistema,137068676.44000,2006-09-09
Sistema,121791764.19000,2006-09-10
Sistema,143703506.61000,2006-09-11
Sistema,147034735.74000,2006-09-12
Sistema,147730717.28000,2006-09-13
Sistema,148911104.65000,2006-09-14
Sistema,147328598.07000,2006-09-15
Sistema,139406567.26000,2006-09-16
Sistema,123351283.89000,2006-09-17
Sistema,143918413.27000,2006-09-18
Sistema,143814209.35000,2006-09-19
Sistema,147563148.14000,2006-09-20
Sistema,149889133.54000,2006-09-21
Sistema,148983209.72000,2006-09-22
Sistema,140766002.90000,2006-09-23
Sistema,125360202.89000,2006-09-24
Sistema,145596901.17000,2006-09-25
Sistema,148455352.38000,2006-09-26
Sistema,150753728.03000,2006-09-27
Sistema,151491962.37000,2006-09-28
Sistema,150722638.40000,2006-09-29
Sistema,141388797.67000,2006-09-30
Sistema,124986084.40000,2006-10-01
Sistema,146446430.46000,2006-10-02
Sistema,148007423.94000,2006-10-03
Sistema,148567518.43000,2006-10-04
Sistema,151659339.62000,2006-10-05
Sistema,152990394.21000,2006-10-06
Sistema,143782088.62000,2006-10-07
Sistema,127880473.53000,2006-10-08
Sistema,148721794.87000,2006-10-09
Sistema,150956203.62000,2006-10-10
Sistema,148078031.82000,2006-10-11
Sistema,149172274.56000,2006-10-12
Sistema,148993297.92000,2006-10-13
Sistema,139667093.43000,2006-10-14
Sistema,121159013.52000,2006-10-15
Sistema,123484339.93000,2006-10-16
Sistema,143575059.77000,2006-10-17
Sistema,146678416.52000,2006-10-18
Sistema,147488656.61000,2006-10-19
Sistema,145788893.13000,2006-10-20
Sistema,139125661.78000,2006-10-21
Sistema,124743457.86000,2006-10-22
Sistema,146233538.20000,2006-10-23
Sistema,148928197.24000,2006-10-24
Sistema,151041494.58000,2006-10-25
Sistema,150754934.44000,2006-10-26
Sistema,150023858.90000,2006-10-27
Sistema,142392927.55000,2006-10-28
Sistema,125762574.59000,2006-10-29
Sistema,146025845.61000,2006-10-30
Sistema,145104298.08000,2006-10-31
Sistema,146848855.91000,2006-11-01
Sistema,149454039.50000,2006-11-02
Sistema,149413815.76000,2006-11-03
Sistema,142153186.43000,2006-11-04
Sistema,123866748.73000,2006-11-05
Sistema,125522943.62000,2006-11-06
Sistema,145818789.97000,2006-11-07
Sistema,147023563.51000,2006-11-08
Sistema,147626064.01000,2006-11-09
Sistema,147624438.87000,2006-11-10
Sistema,140244273.24000,2006-11-11
Sistema,123207201.27000,2006-11-12
Sistema,126985445.56000,2006-11-13
Sistema,145170203.83000,2006-11-14
Sistema,143754838.10000,2006-11-15
Sistema,145909645.66000,2006-11-16
Sistema,147748878.76000,2006-11-17
Sistema,140559457.08000,2006-11-18
Sistema,124620940.11000,2006-11-19
Sistema,145601989.28000,2006-11-20
Sistema,146725516.74000,2006-11-21
Sistema,147608227.04000,2006-11-22
Sistema,149524661.46000,2006-11-23
Sistema,150215337.57000,2006-11-24
Sistema,142001751.07000,2006-11-25
Sistema,126737675.77000,2006-11-26
Sistema,148196611.07000,2006-11-27
Sistema,150352803.69000,2006-11-28
Sistema,150577969.32000,2006-11-29
Sistema,151126618.02000,2006-11-30
Sistema,151264349.94000,2006-12-01
Sistema,142742704.17000,2006-12-02
Sistema,129071130.26000,2006-12-03
Sistema,148429393.36000,2006-12-04
Sistema,151299091.32000,2006-12-05
Sistema,151846149.09000,2006-12-06
Sistema,150737668.06000,2006-12-07
Sistema,133603133.04000,2006-12-08
Sistema,139846239.45000,2006-12-09
Sistema,128382205.54000,2006-12-10
Sistema,150602402.42000,2006-12-11
Sistema,151523063.39000,2006-12-12
Sistema,151138237.87000,2006-12-13
Sistema,152259663.24000,2006-12-14
Sistema,151844304.07000,2006-12-15
Sistema,142338845.14000,2006-12-16
Sistema,129510400.91000,2006-12-17
Sistema,149229295.69000,2006-12-18
Sistema,151231504.38000,2006-12-19
Sistema,151743017.94000,2006-12-20
Sistema,150216651.84000,2006-12-21
Sistema,149649727.10000,2006-12-22
Sistema,139261260.89000,2006-12-23
Sistema,125416850.45000,2006-12-24
Sistema,114400972.75000,2006-12-25
Sistema,139590666.16000,2006-12-26
Sistema,143488294.74000,2006-12-27
Sistema,143446850.91000,2006-12-28
Sistema,142717338.81000,2006-12-29
Sistema,133562472.91000,2006-12-30
Sistema,122773419.16000,2006-12-31
Sistema,109866187.39000,2007-01-01
Sistema,132310955.46000,2007-01-02
Sistema,138819727.54000,2007-01-03
Sistema,140569251.76000,2007-01-04
Sistema,141068726.03000,2007-01-05
Sistema,134515115.68000,2007-01-06
Sistema,120763115.21000,2007-01-07
Sistema,120386421.37000,2007-01-08
Sistema,139574964.33000,2007-01-09
Sistema,141793312.04000,2007-01-10
Sistema,142821413.73000,2007-01-11
Sistema,144461148.96000,2007-01-12
Sistema,137988520.01000,2007-01-13
Sistema,123170907.60000,2007-01-14
Sistema,144004490.76000,2007-01-15
Sistema,146433121.60000,2007-01-16
Sistema,145848054.49000,2007-01-17
Sistema,147445422.17000,2007-01-18
Sistema,147281828.09000,2007-01-19
Sistema,138962203.30000,2007-01-20
Sistema,124881081.35000,2007-01-21
Sistema,146142695.34000,2007-01-22
Sistema,148620775.51000,2007-01-23
Sistema,148677310.81000,2007-01-24
Sistema,148957833.47000,2007-01-25
Sistema,147667793.25000,2007-01-26
Sistema,139264273.16000,2007-01-27
Sistema,122983962.30000,2007-01-28
Sistema,145958159.40000,2007-01-29
Sistema,149468669.35000,2007-01-30
Sistema,148781357.35000,2007-01-31
Sistema,149845918.13000,2007-02-01
Sistema,149843831.50000,2007-02-02
Sistema,140223082.36000,2007-02-03
Sistema,124258480.73000,2007-02-04
Sistema,146461120.63000,2007-02-05
Sistema,149655178.98000,2007-02-06
Sistema,149740255.73000,2007-02-07
Sistema,150077687.12000,2007-02-08
Sistema,149194100.03000,2007-02-09
Sistema,141385621.88000,2007-02-10
Sistema,126432812.76000,2007-02-11
Sistema,149032733.86000,2007-02-12
Sistema,151866443.19000,2007-02-13
Sistema,151193460.49000,2007-02-14
Sistema,150800331.03000,2007-02-15
Sistema,150596897.27000,2007-02-16
Sistema,140535120.31000,2007-02-17
Sistema,124940836.95000,2007-02-18
Sistema,145141553.97000,2007-02-19
Sistema,147627614.07000,2007-02-20
Sistema,149996983.37000,2007-02-21
Sistema,150864473.09000,2007-02-22
Sistema,150633578.12000,2007-02-23
Sistema,143365165.98000,2007-02-24
Sistema,127952156.90000,2007-02-25
Sistema,149834103.91000,2007-02-26
Sistema,152879678.20000,2007-02-27
Sistema,152567203.89000,2007-02-28
Sistema,151635298.34000,2007-03-01
Sistema,151957559.95000,2007-03-02
Sistema,144713997.71000,2007-03-03
Sistema,128437568.07000,2007-03-04
Sistema,149121011.71000,2007-03-05
Sistema,151178885.13000,2007-03-06
Sistema,151562656.12000,2007-03-07
Sistema,151844551.54000,2007-03-08
Sistema,151791448.22000,2007-03-09
Sistema,143877295.51000,2007-03-10
Sistema,128449787.60000,2007-03-11
Sistema,150155371.69000,2007-03-12
Sistema,151989110.16000,2007-03-13
Sistema,149988903.38000,2007-03-14
Sistema,149586320.21000,2007-03-15
Sistema,150753900.22000,2007-03-16
Sistema,142026126.60000,2007-03-17
Sistema,125928028.62000,2007-03-18
Sistema,128534337.10000,2007-03-19
Sistema,149161371.49000,2007-03-20
Sistema,151796687.71000,2007-03-21
Sistema,150753331.77000,2007-03-22
Sistema,150343335.11000,2007-03-23
Sistema,142311315.81000,2007-03-24
Sistema,126443058.67000,2007-03-25
Sistema,146476674.30000,2007-03-26
Sistema,148774523.89000,2007-03-27
Sistema,149911578.23000,2007-03-28
Sistema,148910713.68000,2007-03-29
Sistema,150511191.31000,2007-03-30
Sistema,142392116.21000,2007-03-31
Sistema,127893160.22000,2007-04-01
Sistema,145825293.11000,2007-04-02
Sistema,146270639.19000,2007-04-03
Sistema,142732314.92000,2007-04-04
Sistema,119465908.80000,2007-04-05
Sistema,110815530.80000,2007-04-06
Sistema,124720163.19000,2007-04-07
Sistema,120868484.47000,2007-04-08
Sistema,145129095.01000,2007-04-09
Sistema,149582981.13000,2007-04-10
Sistema,151114626.14000,2007-04-11
Sistema,151666400.90000,2007-04-12
Sistema,152770788.78000,2007-04-13
Sistema,143743235.26000,2007-04-14
Sistema,129135020.75000,2007-04-15
Sistema,150700814.96000,2007-04-16
Sistema,152274911.35000,2007-04-17
Sistema,150405727.64000,2007-04-18
Sistema,151227116.00000,2007-04-19
Sistema,149653621.60000,2007-04-20
Sistema,140618102.17000,2007-04-21
Sistema,126041977.68000,2007-04-22
Sistema,147961003.67000,2007-04-23
Sistema,149665074.27000,2007-04-24
Sistema,150126423.39000,2007-04-25
Sistema,146423514.29000,2007-04-26
Sistema,149964936.54000,2007-04-27
Sistema,142796726.09000,2007-04-28
Sistema,127629773.98000,2007-04-29
Sistema,145463431.19000,2007-04-30
Sistema,127912479.04000,2007-05-01
Sistema,146255095.57000,2007-05-02
Sistema,148317964.95000,2007-05-03
Sistema,148554570.40000,2007-05-04
Sistema,140209255.51000,2007-05-05
Sistema,127012695.02000,2007-05-06
Sistema,148012819.56000,2007-05-07
Sistema,149934486.71000,2007-05-08
Sistema,150835085.92000,2007-05-09
Sistema,151565028.95000,2007-05-10
Sistema,152742105.76000,2007-05-11
Sistema,145428569.10000,2007-05-12
Sistema,123149339.22000,2007-05-13
Sistema,149409260.88000,2007-05-14
Sistema,154104000.06000,2007-05-15
Sistema,154404977.91000,2007-05-16
Sistema,153068311.59000,2007-05-17
Sistema,151053201.72000,2007-05-18
Sistema,140748919.77000,2007-05-19
Sistema,125436597.55000,2007-05-20
Sistema,127619870.48000,2007-05-21
Sistema,146648205.73000,2007-05-22
Sistema,150085755.39000,2007-05-23
Sistema,150468808.10000,2007-05-24
Sistema,150717386.53000,2007-05-25
Sistema,141761647.70000,2007-05-26
Sistema,126555545.68000,2007-05-27
Sistema,147472623.34000,2007-05-28
Sistema,147959637.61000,2007-05-29
Sistema,148796924.01000,2007-05-30
Sistema,148504125.16000,2007-05-31
Sistema,147784511.23000,2007-06-01
Sistema,140120519.76000,2007-06-02
Sistema,123265788.67000,2007-06-03
Sistema,146775521.16000,2007-06-04
Sistema,148538280.40000,2007-06-05
Sistema,149364420.17000,2007-06-06
Sistema,150614739.10000,2007-06-07
Sistema,148997589.79000,2007-06-08
Sistema,140612505.26000,2007-06-09
Sistema,124454916.72000,2007-06-10
Sistema,127865201.18000,2007-06-11
Sistema,149436274.62000,2007-06-12
Sistema,151791987.60000,2007-06-13
Sistema,152192090.74000,2007-06-14
Sistema,150838758.64000,2007-06-15
Sistema,143114940.58000,2007-06-16
Sistema,123071645.24000,2007-06-17
Sistema,125829246.85000,2007-06-18
Sistema,149265768.29000,2007-06-19
Sistema,151276738.32000,2007-06-20
Sistema,152163321.04000,2007-06-21
Sistema,152666588.81000,2007-06-22
Sistema,143510249.51000,2007-06-23
Sistema,126735497.00000,2007-06-24
Sistema,149790962.09000,2007-06-25
Sistema,152055762.80000,2007-06-26
Sistema,151262324.75000,2007-06-27
Sistema,151138127.78000,2007-06-28
Sistema,150362868.21000,2007-06-29
Sistema,139851144.72000,2007-06-30
Sistema,120909107.17000,2007-07-01
Sistema,125352899.44000,2007-07-02
Sistema,147992074.76000,2007-07-03
Sistema,150230782.15000,2007-07-04
Sistema,150877859.38000,2007-07-05
Sistema,152077199.79000,2007-07-06
Sistema,143069755.25000,2007-07-07
Sistema,126545958.31000,2007-07-08
Sistema,148638792.76000,2007-07-09
Sistema,152371302.76000,2007-07-10
Sistema,152313618.29000,2007-07-11
Sistema,152791156.39000,2007-07-12
Sistema,153648741.52000,2007-07-13
Sistema,144920129.36000,2007-07-14
Sistema,127861620.77000,2007-07-15
Sistema,149211830.03000,2007-07-16
Sistema,151021507.50000,2007-07-17
Sistema,151904743.09000,2007-07-18
Sistema,151773147.95000,2007-07-19
Sistema,132800616.83000,2007-07-20
Sistema,135917152.59000,2007-07-21
Sistema,123359013.68000,2007-07-22
Sistema,147445566.49000,2007-07-23
Sistema,150134445.03000,2007-07-24
Sistema,150723907.27000,2007-07-25
Sistema,152281890.70000,2007-07-26
Sistema,152147982.05000,2007-07-27
Sistema,142719491.71000,2007-07-28
Sistema,126943029.41000,2007-07-29
Sistema,149181083.90000,2007-07-30
Sistema,151384470.09000,2007-07-31
Sistema,151868547.29000,2007-08-01
Sistema,153698059.23000,2007-08-02
Sistema,153532093.12000,2007-08-03
Sistema,143697263.29000,2007-08-04
Sistema,126671868.77000,2007-08-05
Sistema,146640123.31000,2007-08-06
Sistema,132176117.75000,2007-08-07
Sistema,151004167.35000,2007-08-08
Sistema,151702056.10000,2007-08-09
Sistema,152096119.80000,2007-08-10
Sistema,142117874.83000,2007-08-11
Sistema,126342395.11000,2007-08-12
Sistema,150194420.28000,2007-08-13
Sistema,151255612.96000,2007-08-14
Sistema,151627060.65000,2007-08-15
Sistema,152083680.93000,2007-08-16
Sistema,152214088.97000,2007-08-17
Sistema,142592858.86000,2007-08-18
Sistema,126117242.88000,2007-08-19
Sistema,126760555.42000,2007-08-20
Sistema,148372940.08000,2007-08-21
Sistema,150063587.53000,2007-08-22
Sistema,151981524.30000,2007-08-23
Sistema,152706804.83000,2007-08-24
Sistema,142495899.45000,2007-08-25
Sistema,125199026.95000,2007-08-26
Sistema,148063962.06000,2007-08-27
Sistema,152305689.98000,2007-08-28
Sistema,151563807.91000,2007-08-29
Sistema,150354974.29000,2007-08-30
Sistema,150317938.65000,2007-08-31
Sistema,140923054.49000,2007-09-01
Sistema,126666267.93000,2007-09-02
Sistema,148667692.00000,2007-09-03
Sistema,150552615.63000,2007-09-04
Sistema,152070947.26000,2007-09-05
Sistema,151908987.00000,2007-09-06
Sistema,153880478.35000,2007-09-07
Sistema,144734850.84000,2007-09-08
Sistema,128499464.51000,2007-09-09
Sistema,150986571.76000,2007-09-10
Sistema,153420366.30000,2007-09-11
Sistema,154316611.25000,2007-09-12
Sistema,154543590.21000,2007-09-13
Sistema,154471681.69000,2007-09-14
Sistema,144062649.92000,2007-09-15
Sistema,125894044.94000,2007-09-16
Sistema,148615329.29000,2007-09-17
Sistema,153457334.42000,2007-09-18
Sistema,155334885.96000,2007-09-19
Sistema,153779886.71000,2007-09-20
Sistema,154624930.22000,2007-09-21
Sistema,146046984.68000,2007-09-22
Sistema,130054322.65000,2007-09-23
Sistema,151693765.39000,2007-09-24
Sistema,153119610.50000,2007-09-25
Sistema,152192929.27000,2007-09-26
Sistema,152346362.57000,2007-09-27
Sistema,154104841.16000,2007-09-28
Sistema,145074919.03000,2007-09-29
Sistema,128611589.80000,2007-09-30
Sistema,148419506.11000,2007-10-01
Sistema,151717631.25000,2007-10-02
Sistema,152800823.48000,2007-10-03
Sistema,153701478.42000,2007-10-04
Sistema,153513996.23000,2007-10-05
Sistema,145060267.14000,2007-10-06
Sistema,129246449.31000,2007-10-07
Sistema,150941978.92000,2007-10-08
Sistema,151841837.36000,2007-10-09
Sistema,151469953.29000,2007-10-10
Sistema,152016895.23000,2007-10-11
Sistema,152317381.03000,2007-10-12
Sistema,144014200.27000,2007-10-13
Sistema,127029293.95000,2007-10-14
Sistema,127544907.73000,2007-10-15
Sistema,150049842.29000,2007-10-16
Sistema,153719587.54000,2007-10-17
Sistema,153466791.71000,2007-10-18
Sistema,151270495.11000,2007-10-19
Sistema,143297117.95000,2007-10-20
Sistema,127536804.06000,2007-10-21
Sistema,149361076.45000,2007-10-22
Sistema,152487861.06000,2007-10-23
Sistema,151999462.83000,2007-10-24
Sistema,150220652.95000,2007-10-25
Sistema,151456106.89000,2007-10-26
Sistema,141948943.89000,2007-10-27
Sistema,123596283.86000,2007-10-28
Sistema,148314904.48000,2007-10-29
Sistema,151857319.10000,2007-10-30
Sistema,149629378.42000,2007-10-31
Sistema,147849982.72000,2007-11-01
Sistema,149745270.82000,2007-11-02
Sistema,142368162.44000,2007-11-03
Sistema,127400218.50000,2007-11-04
Sistema,130331105.52000,2007-11-05
Sistema,150859692.22000,2007-11-06
Sistema,152972505.01000,2007-11-07
Sistema,152230893.40000,2007-11-08
Sistema,151381923.42000,2007-11-09
Sistema,142664461.86000,2007-11-10
Sistema,126549675.23000,2007-11-11
Sistema,130818957.80000,2007-11-12
Sistema,152623261.98000,2007-11-13
Sistema,153106517.92000,2007-11-14
Sistema,154986272.23000,2007-11-15
Sistema,156267037.55000,2007-11-16
Sistema,148829645.33000,2007-11-17
Sistema,131348742.42000,2007-11-18
Sistema,154370467.48000,2007-11-19
Sistema,156729424.90000,2007-11-20
Sistema,157062008.55000,2007-11-21
Sistema,156996629.01000,2007-11-22
Sistema,157464315.05000,2007-11-23
Sistema,148680488.98000,2007-11-24
Sistema,132986241.86000,2007-11-25
Sistema,156118602.48000,2007-11-26
Sistema,158156990.69000,2007-11-27
Sistema,157968633.02000,2007-11-28
Sistema,157181107.74000,2007-11-29
Sistema,157526145.77000,2007-11-30
Sistema,145848356.61000,2007-12-01
Sistema,128722945.38000,2007-12-02
Sistema,152993126.19000,2007-12-03
Sistema,154843191.78000,2007-12-04
Sistema,156045611.64000,2007-12-05
Sistema,156737133.49000,2007-12-06
Sistema,155159054.92000,2007-12-07
Sistema,137814878.07000,2007-12-08
Sistema,132312309.12000,2007-12-09
Sistema,156165395.28000,2007-12-10
Sistema,159636426.77000,2007-12-11
Sistema,159593055.70000,2007-12-12
Sistema,159806896.21000,2007-12-13
Sistema,158096497.25000,2007-12-14
Sistema,147027330.54000,2007-12-15
Sistema,132868505.83000,2007-12-16
Sistema,154169854.11000,2007-12-17
Sistema,156606149.57000,2007-12-18
Sistema,155468547.47000,2007-12-19
Sistema,155227958.99000,2007-12-20
Sistema,155057035.93000,2007-12-21
Sistema,146144031.56000,2007-12-22
Sistema,132565259.18000,2007-12-23
Sistema,136587478.18000,2007-12-24
Sistema,117992963.93000,2007-12-25
Sistema,144854161.67000,2007-12-26
Sistema,149376515.05000,2007-12-27
Sistema,148402245.10000,2007-12-28
Sistema,140801894.64000,2007-12-29
Sistema,128827751.34000,2007-12-30
Sistema,131218454.16000,2007-12-31
Sistema,112414295.64000,2008-01-01
Sistema,135481693.26000,2008-01-02
Sistema,141009781.68000,2008-01-03
Sistema,142967228.80000,2008-01-04
Sistema,137873106.16000,2008-01-05
Sistema,124960142.58000,2008-01-06
Sistema,125463673.76000,2008-01-07
Sistema,143815863.53000,2008-01-08
Sistema,145669209.18000,2008-01-09
Sistema,144114771.08000,2008-01-10
Sistema,146187375.26000,2008-01-11
Sistema,138930706.69000,2008-01-12
Sistema,125290920.41000,2008-01-13
Sistema,147348807.80000,2008-01-14
Sistema,150734943.05000,2008-01-15
Sistema,150295753.32000,2008-01-16
Sistema,149931589.86000,2008-01-17
Sistema,150452548.97000,2008-01-18
Sistema,142890259.39000,2008-01-19
Sistema,127689266.55000,2008-01-20
Sistema,149495067.42000,2008-01-21
Sistema,152594906.90000,2008-01-22
Sistema,153793632.99000,2008-01-23
Sistema,152655901.12000,2008-01-24
Sistema,153885775.67000,2008-01-25
Sistema,143259169.02000,2008-01-26
Sistema,127342732.18000,2008-01-27
Sistema,149321911.73000,2008-01-28
Sistema,151267549.07000,2008-01-29
Sistema,151459423.76000,2008-01-30
Sistema,149863687.35000,2008-01-31
Sistema,149840640.17000,2008-02-01
Sistema,139417563.00000,2008-02-02
Sistema,124343900.35000,2008-02-03
Sistema,147952055.05000,2008-02-04
Sistema,151244239.68000,2008-02-05
Sistema,154435590.70000,2008-02-06
Sistema,154479181.97000,2008-02-07
Sistema,155892239.82000,2008-02-08
Sistema,147259685.33000,2008-02-09
Sistema,131423170.81000,2008-02-10
Sistema,151631918.61000,2008-02-11
Sistema,154734961.28000,2008-02-12
Sistema,155647843.60000,2008-02-13
Sistema,156137566.74000,2008-02-14
Sistema,156278351.97000,2008-02-15
Sistema,146757285.17000,2008-02-16
Sistema,129314411.76000,2008-02-17
Sistema,152008136.30000,2008-02-18
Sistema,152958443.58000,2008-02-19
Sistema,152781241.23000,2008-02-20
Sistema,152833545.77000,2008-02-21
Sistema,153361544.60000,2008-02-22
Sistema,146406375.63000,2008-02-23
Sistema,130728870.45000,2008-02-24
Sistema,152729497.00000,2008-02-25
Sistema,155117737.26000,2008-02-26
Sistema,156057678.38000,2008-02-27
Sistema,152300481.90000,2008-02-28
Sistema,150769542.46000,2008-02-29
Sistema,141517464.52000,2008-03-01
Sistema,127012075.53000,2008-03-02
Sistema,149056082.34000,2008-03-03
Sistema,151081529.15000,2008-03-04
Sistema,150706237.43000,2008-03-05
Sistema,149842050.13000,2008-03-06
Sistema,150139337.32000,2008-03-07
Sistema,142224968.83000,2008-03-08
Sistema,125596645.56000,2008-03-09
Sistema,147376256.93000,2008-03-10
Sistema,149492479.00000,2008-03-11
Sistema,149005219.80000,2008-03-12
Sistema,149286086.08000,2008-03-13
Sistema,149296956.56000,2008-03-14
Sistema,140498324.47000,2008-03-15
Sistema,127212367.16000,2008-03-16
Sistema,146195153.14000,2008-03-17
Sistema,146499709.92000,2008-03-18
Sistema,144595055.47000,2008-03-19
Sistema,120496403.98000,2008-03-20
Sistema,111541436.52000,2008-03-21
Sistema,124363288.38000,2008-03-22
Sistema,120421317.04000,2008-03-23
Sistema,125737812.33000,2008-03-24
Sistema,148653858.03000,2008-03-25
Sistema,152041251.54000,2008-03-26
Sistema,152948705.08000,2008-03-27
Sistema,152508311.40000,2008-03-28
Sistema,144545730.11000,2008-03-29
Sistema,126484400.29000,2008-03-30
Sistema,147134883.76000,2008-03-31
Sistema,147160141.96000,2008-04-01
Sistema,148754576.03000,2008-04-02
Sistema,150558378.74000,2008-04-03
Sistema,151973735.56000,2008-04-04
Sistema,144570874.14000,2008-04-05
Sistema,128899306.06000,2008-04-06
Sistema,151120596.46000,2008-04-07
Sistema,154001923.66000,2008-04-08
Sistema,153990512.98000,2008-04-09
Sistema,153422041.64000,2008-04-10
Sistema,153059083.46000,2008-04-11
Sistema,145485342.28000,2008-04-12
Sistema,126302446.61000,2008-04-13
Sistema,149483356.13000,2008-04-14
Sistema,151982461.90000,2008-04-15
Sistema,152677232.57000,2008-04-16
Sistema,155054508.92000,2008-04-17
Sistema,156500431.24000,2008-04-18
Sistema,148606739.38000,2008-04-19
Sistema,129792434.63000,2008-04-20
Sistema,152896815.23000,2008-04-21
Sistema,155555143.17000,2008-04-22
Sistema,155060347.52000,2008-04-23
Sistema,154066500.59000,2008-04-24
Sistema,153454884.73000,2008-04-25
Sistema,146502048.92000,2008-04-26
Sistema,129791557.69000,2008-04-27
Sistema,151235811.15000,2008-04-28
Sistema,153579761.98000,2008-04-29
Sistema,153052477.41000,2008-04-30
Sistema,133258576.15000,2008-05-01
Sistema,146480469.40000,2008-05-02
Sistema,139900380.52000,2008-05-03
Sistema,124326570.71000,2008-05-04
Sistema,127924553.98000,2008-05-05
Sistema,149454714.05000,2008-05-06
Sistema,152521693.75000,2008-05-07
Sistema,153333324.35000,2008-05-08
Sistema,153084454.40000,2008-05-09
Sistema,146164113.32000,2008-05-10
Sistema,126528527.30000,2008-05-11
Sistema,152131154.99000,2008-05-12
Sistema,156026918.98000,2008-05-13
Sistema,156798955.65000,2008-05-14
Sistema,155918317.05000,2008-05-15
Sistema,156138966.87000,2008-05-16
Sistema,146589631.51000,2008-05-17
Sistema,128799916.09000,2008-05-18
Sistema,151190216.80000,2008-05-19
Sistema,151381348.27000,2008-05-20
Sistema,152536356.82000,2008-05-21
Sistema,153678776.13000,2008-05-22
Sistema,153007453.55000,2008-05-23
Sistema,144159256.66000,2008-05-24
Sistema,125787903.66000,2008-05-25
Sistema,127750229.61000,2008-05-26
Sistema,148978297.01000,2008-05-27
Sistema,150173975.77000,2008-05-28
Sistema,150991471.36000,2008-05-29
Sistema,153349962.46000,2008-05-30
Sistema,144769348.07000,2008-05-31
Sistema,126509103.25000,2008-06-01
Sistema,127596062.15000,2008-06-02
Sistema,149528287.91000,2008-06-03
Sistema,152915406.85000,2008-06-04
Sistema,153545312.00000,2008-06-05
Sistema,154547518.81000,2008-06-06
Sistema,147296070.63000,2008-06-07
Sistema,129470149.04000,2008-06-08
Sistema,151802321.94000,2008-06-09
Sistema,152738206.11000,2008-06-10
Sistema,154031472.67000,2008-06-11
Sistema,154085723.62000,2008-06-12
Sistema,155679657.72000,2008-06-13
Sistema,147793748.09000,2008-06-14
Sistema,126660123.46000,2008-06-15
Sistema,151293727.91000,2008-06-16
Sistema,154880018.41000,2008-06-17
Sistema,154793534.72000,2008-06-18
Sistema,154773307.14000,2008-06-19
Sistema,155205351.45000,2008-06-20
Sistema,145803029.04000,2008-06-21
Sistema,126701459.79000,2008-06-22
Sistema,149506915.26000,2008-06-23
Sistema,152516612.83000,2008-06-24
Sistema,149823452.21000,2008-06-25
Sistema,150698022.69000,2008-06-26
Sistema,152898940.10000,2008-06-27
Sistema,143390533.87000,2008-06-28
Sistema,124267078.48000,2008-06-29
Sistema,127149353.04000,2008-06-30
Sistema,148572463.70000,2008-07-01
Sistema,149887976.60000,2008-07-02
Sistema,150233303.26000,2008-07-03
Sistema,152128019.74000,2008-07-04
Sistema,144702807.04000,2008-07-05
Sistema,127868577.01000,2008-07-06
Sistema,150444187.12000,2008-07-07
Sistema,153256288.29000,2008-07-08
Sistema,152505704.42000,2008-07-09
Sistema,151582376.63000,2008-07-10
Sistema,153133943.03000,2008-07-11
Sistema,144641073.12000,2008-07-12
Sistema,127697281.44000,2008-07-13
Sistema,150423126.17000,2008-07-14
Sistema,152311733.88000,2008-07-15
Sistema,150497526.04000,2008-07-16
Sistema,149726268.00000,2008-07-17
Sistema,151116769.83000,2008-07-18
Sistema,143547185.54000,2008-07-19
Sistema,127724130.25000,2008-07-20
Sistema,151734635.34000,2008-07-21
Sistema,153416877.89000,2008-07-22
Sistema,154290646.29000,2008-07-23
Sistema,156138185.28000,2008-07-24
Sistema,156086112.58000,2008-07-25
Sistema,146597492.19000,2008-07-26
Sistema,129794139.87000,2008-07-27
Sistema,151867710.95000,2008-07-28
Sistema,154620051.03000,2008-07-29
Sistema,154271860.62000,2008-07-30
Sistema,154551223.39000,2008-07-31
Sistema,153805586.33000,2008-08-01
Sistema,143726329.19000,2008-08-02
Sistema,127779392.19000,2008-08-03
Sistema,152354741.08000,2008-08-04
Sistema,154951264.93000,2008-08-05
Sistema,153065459.33000,2008-08-06
Sistema,134792440.25000,2008-08-07
Sistema,153072323.09000,2008-08-08
Sistema,144637361.42000,2008-08-09
Sistema,128350364.86000,2008-08-10
Sistema,149498001.95000,2008-08-11
Sistema,152906602.52000,2008-08-12
Sistema,154317273.64000,2008-08-13
Sistema,153560111.08000,2008-08-14
Sistema,152975215.05000,2008-08-15
Sistema,144075271.59000,2008-08-16
Sistema,125916234.52000,2008-08-17
Sistema,128820861.54000,2008-08-18
Sistema,150404977.94000,2008-08-19
Sistema,154518846.39000,2008-08-20
Sistema,154245011.23000,2008-08-21
Sistema,154556197.73000,2008-08-22
Sistema,144400496.73000,2008-08-23
Sistema,128374384.01000,2008-08-24
Sistema,151446830.76000,2008-08-25
Sistema,153995610.46000,2008-08-26
Sistema,155701233.52000,2008-08-27
Sistema,155498891.26000,2008-08-28
Sistema,155833261.08000,2008-08-29
Sistema,146958780.99000,2008-08-30
Sistema,132076706.00000,2008-08-31
Sistema,152112636.81000,2008-09-01
Sistema,155154774.28000,2008-09-02
Sistema,153877507.67000,2008-09-03
Sistema,154719982.14000,2008-09-04
Sistema,155514134.67000,2008-09-05
Sistema,149464760.26000,2008-09-06
Sistema,132383620.69000,2008-09-07
Sistema,153089341.57000,2008-09-08
Sistema,156504710.06000,2008-09-09
Sistema,155791424.69000,2008-09-10
Sistema,158860724.12000,2008-09-11
Sistema,160144893.11000,2008-09-12
Sistema,151167082.13000,2008-09-13
Sistema,134681840.80000,2008-09-14
Sistema,154760702.56000,2008-09-15
Sistema,155485457.25000,2008-09-16
Sistema,152420144.23000,2008-09-17
Sistema,153501537.07000,2008-09-18
Sistema,155259306.38000,2008-09-19
Sistema,145556312.16000,2008-09-20
Sistema,130959215.03000,2008-09-21
Sistema,153984338.27000,2008-09-22
Sistema,155286559.70000,2008-09-23
Sistema,155847283.44000,2008-09-24
Sistema,157138748.33000,2008-09-25
Sistema,159003994.88000,2008-09-26
Sistema,149028446.61000,2008-09-27
Sistema,133031994.44000,2008-09-28
Sistema,153775965.18000,2008-09-29
Sistema,155477916.49000,2008-09-30
Sistema,154385088.85000,2008-10-01
Sistema,155380529.19000,2008-10-02
Sistema,156293792.03000,2008-10-03
Sistema,146157287.50000,2008-10-04
Sistema,129172599.92000,2008-10-05
Sistema,153423274.31000,2008-10-06
Sistema,155004762.74000,2008-10-07
Sistema,153846117.68000,2008-10-08
Sistema,155973787.85000,2008-10-09
Sistema,154623384.85000,2008-10-10
Sistema,145126681.32000,2008-10-11
Sistema,127581537.86000,2008-10-12
Sistema,130774561.70000,2008-10-13
Sistema,152091878.62000,2008-10-14
Sistema,156057247.23000,2008-10-15
Sistema,155750988.51000,2008-10-16
Sistema,157136476.23000,2008-10-17
Sistema,148683418.31000,2008-10-18
Sistema,131308251.31000,2008-10-19
Sistema,155782630.45000,2008-10-20
Sistema,158994500.85000,2008-10-21
Sistema,159297428.51000,2008-10-22
Sistema,159107837.11000,2008-10-23
Sistema,160015648.66000,2008-10-24
Sistema,150969129.01000,2008-10-25
Sistema,133069331.43000,2008-10-26
Sistema,156478952.76000,2008-10-27
Sistema,157831598.35000,2008-10-28
Sistema,157362781.78000,2008-10-29
Sistema,158643564.80000,2008-10-30
Sistema,156179947.40000,2008-10-31
Sistema,146481807.61000,2008-11-01
Sistema,126827420.87000,2008-11-02
Sistema,130707495.00000,2008-11-03
Sistema,151564620.72000,2008-11-04
Sistema,153430255.32000,2008-11-05
Sistema,155917359.81000,2008-11-06
Sistema,158442008.56000,2008-11-07
Sistema,148963741.16000,2008-11-08
Sistema,131829178.96000,2008-11-09
Sistema,155988974.79000,2008-11-10
Sistema,158211894.40000,2008-11-11
Sistema,159251835.47000,2008-11-12
Sistema,159087662.11000,2008-11-13
Sistema,157546915.15000,2008-11-14
Sistema,147665280.34000,2008-11-15
Sistema,129729084.59000,2008-11-16
Sistema,132515946.09000,2008-11-17
Sistema,154337872.22000,2008-11-18
Sistema,155876082.29000,2008-11-19
Sistema,157125391.26000,2008-11-20
Sistema,157306865.95000,2008-11-21
Sistema,149723851.31000,2008-11-22
Sistema,132090256.90000,2008-11-23
Sistema,154921284.11000,2008-11-24
Sistema,155671444.65000,2008-11-25
Sistema,152699740.88000,2008-11-26
Sistema,153245869.13000,2008-11-27
Sistema,155049144.14000,2008-11-28
Sistema,146024217.47000,2008-11-29
Sistema,131314800.38000,2008-11-30
Sistema,154471457.89000,2008-12-01
Sistema,156665959.42000,2008-12-02
Sistema,158230850.82000,2008-12-03
Sistema,158965293.25000,2008-12-04
Sistema,158370586.17000,2008-12-05
Sistema,149451531.22000,2008-12-06
Sistema,134186794.48000,2008-12-07
Sistema,132710558.58000,2008-12-08
Sistema,157194501.49000,2008-12-09
Sistema,160398428.58000,2008-12-10
Sistema,160702622.46000,2008-12-11
Sistema,161201225.90000,2008-12-12
Sistema,151295906.29000,2008-12-13
Sistema,135345427.83000,2008-12-14
Sistema,156501686.48000,2008-12-15
Sistema,156346169.92000,2008-12-16
Sistema,155794161.23000,2008-12-17
Sistema,154273093.47000,2008-12-18
Sistema,153971066.83000,2008-12-19
Sistema,145997417.34000,2008-12-20
Sistema,132263953.85000,2008-12-21
Sistema,150405834.34000,2008-12-22
Sistema,150301602.13000,2008-12-23
Sistema,141459159.94000,2008-12-24
Sistema,119914546.21000,2008-12-25
Sistema,142354445.56000,2008-12-26
Sistema,139983953.62000,2008-12-27
Sistema,128833438.18000,2008-12-28
Sistema,144803203.24000,2008-12-29
Sistema,145790304.43000,2008-12-30
Sistema,135315458.00000,2008-12-31
Sistema,113164161.04000,2009-01-01
Sistema,131972651.04000,2009-01-02
Sistema,133164774.75000,2009-01-03
Sistema,124939105.09000,2009-01-04
Sistema,144292256.86000,2009-01-05
Sistema,147566433.52000,2009-01-06
Sistema,148519178.06000,2009-01-07
Sistema,148874323.47000,2009-01-08
Sistema,147915452.89000,2009-01-09
Sistema,140836399.74000,2009-01-10
Sistema,125120936.32000,2009-01-11
Sistema,126914717.66000,2009-01-12
Sistema,149640833.33000,2009-01-13
Sistema,151824181.33000,2009-01-14
Sistema,153735729.30000,2009-01-15
Sistema,153549235.25000,2009-01-16
Sistema,144217433.43000,2009-01-17
Sistema,126047823.94000,2009-01-18
Sistema,149671849.78000,2009-01-19
Sistema,152795713.77000,2009-01-20
Sistema,153230201.66000,2009-01-21
Sistema,154179380.52000,2009-01-22
Sistema,154140976.29000,2009-01-23
Sistema,144955721.26000,2009-01-24
Sistema,126520026.70000,2009-01-25
Sistema,151132728.16000,2009-01-26
Sistema,154678465.78000,2009-01-27
Sistema,155271577.86000,2009-01-28
Sistema,155850698.22000,2009-01-29
Sistema,155126750.87000,2009-01-30
Sistema,144882711.03000,2009-01-31
Sistema,125850692.31000,2009-02-01
Sistema,151089751.20000,2009-02-02
Sistema,154727753.09000,2009-02-03
Sistema,154778962.42000,2009-02-04
Sistema,153439800.08000,2009-02-05
Sistema,154035789.91000,2009-02-06
Sistema,145156218.82000,2009-02-07
Sistema,128262349.55000,2009-02-08
Sistema,153041231.46000,2009-02-09
Sistema,156062787.59000,2009-02-10
Sistema,155490906.17000,2009-02-11
Sistema,155297256.08000,2009-02-12
Sistema,155223704.81000,2009-02-13
Sistema,146203895.83000,2009-02-14
Sistema,127137284.31000,2009-02-15
Sistema,151527753.99000,2009-02-16
Sistema,153849770.79000,2009-02-17
Sistema,155066964.39000,2009-02-18
Sistema,154631474.43000,2009-02-19
Sistema,154981582.71000,2009-02-20
Sistema,144899814.53000,2009-02-21
Sistema,128952626.59000,2009-02-22
Sistema,151539584.07000,2009-02-23
Sistema,153080610.31000,2009-02-24
Sistema,155590887.21000,2009-02-25
Sistema,155380603.61000,2009-02-26
Sistema,155749172.99000,2009-02-27
Sistema,146150304.15000,2009-02-28
Sistema,127014038.96000,2009-03-01
Sistema,147455796.60000,2009-03-02
Sistema,150844200.36000,2009-03-03
Sistema,152459071.72000,2009-03-04
Sistema,152851396.35000,2009-03-05
Sistema,153774180.15000,2009-03-06
Sistema,145531865.79000,2009-03-07
Sistema,128246990.32000,2009-03-08
Sistema,151879974.28000,2009-03-09
Sistema,153183630.29000,2009-03-10
Sistema,154649273.70000,2009-03-11
Sistema,154424209.70000,2009-03-12
Sistema,154365977.10000,2009-03-13
Sistema,146433163.55000,2009-03-14
Sistema,128047259.27000,2009-03-15
Sistema,153376788.75000,2009-03-16
Sistema,154824919.85000,2009-03-17
Sistema,154349722.19000,2009-03-18
Sistema,154034265.55000,2009-03-19
Sistema,153290505.32000,2009-03-20
Sistema,145167227.04000,2009-03-21
Sistema,125550317.79000,2009-03-22
Sistema,127555559.79000,2009-03-23
Sistema,151421527.86000,2009-03-24
Sistema,153610286.85000,2009-03-25
Sistema,153545575.94000,2009-03-26
Sistema,154222455.60000,2009-03-27
Sistema,145121574.31000,2009-03-28
Sistema,127578315.18000,2009-03-29
Sistema,152185954.62000,2009-03-30
Sistema,153090108.97000,2009-03-31
Sistema,151502307.31000,2009-04-01
Sistema,151362487.74000,2009-04-02
Sistema,152543135.75000,2009-04-03
Sistema,145686150.36000,2009-04-04
Sistema,129591302.11000,2009-04-05
Sistema,150418344.93000,2009-04-06
Sistema,153245195.71000,2009-04-07
Sistema,148249212.44000,2009-04-08
Sistema,121280187.39000,2009-04-09
Sistema,112791891.09000,2009-04-10
Sistema,127239693.22000,2009-04-11
Sistema,123146823.65000,2009-04-12
Sistema,150737903.06000,2009-04-13
Sistema,155656691.56000,2009-04-14
Sistema,156051730.72000,2009-04-15
Sistema,156059052.32000,2009-04-16
Sistema,156699812.41000,2009-04-17
Sistema,148193453.61000,2009-04-18
Sistema,131120356.74000,2009-04-19
Sistema,153328046.96000,2009-04-20
Sistema,156212348.70000,2009-04-21
Sistema,157033918.29000,2009-04-22
Sistema,155910531.02000,2009-04-23
Sistema,156201975.79000,2009-04-24
Sistema,149306761.73000,2009-04-25
Sistema,131664995.54000,2009-04-26
Sistema,156186705.47000,2009-04-27
Sistema,157814644.38000,2009-04-28
Sistema,157414265.72000,2009-04-29
Sistema,153469859.74000,2009-04-30
Sistema,131374741.02000,2009-05-01
Sistema,136894567.13000,2009-05-02
Sistema,124112386.02000,2009-05-03
Sistema,147166611.13000,2009-05-04
Sistema,152439357.78000,2009-05-05
Sistema,154854086.23000,2009-05-06
Sistema,156430396.66000,2009-05-07
Sistema,155748799.44000,2009-05-08
Sistema,148166052.61000,2009-05-09
Sistema,129675013.10000,2009-05-10
Sistema,154446017.06000,2009-05-11
Sistema,157968533.18000,2009-05-12
Sistema,155827278.83000,2009-05-13
Sistema,156839506.87000,2009-05-14
Sistema,155576175.78000,2009-05-15
Sistema,147281580.82000,2009-05-16
Sistema,130262919.33000,2009-05-17
Sistema,153545828.94000,2009-05-18
Sistema,155833175.62000,2009-05-19
Sistema,154050752.85000,2009-05-20
Sistema,154717679.34000,2009-05-21
Sistema,156732244.98000,2009-05-22
Sistema,149160545.71000,2009-05-23
Sistema,129462599.72000,2009-05-24
Sistema,131127861.31000,2009-05-25
Sistema,155261695.62000,2009-05-26
Sistema,158599845.18000,2009-05-27
Sistema,158153107.73000,2009-05-28
Sistema,156469145.29000,2009-05-29
Sistema,147511060.76000,2009-05-30
Sistema,130950433.95000,2009-05-31
Sistema,154142500.72000,2009-06-01
Sistema,158212909.43000,2009-06-02
Sistema,158733265.41000,2009-06-03
Sistema,158679254.30000,2009-06-04
Sistema,156921265.90000,2009-06-05
Sistema,146899363.11000,2009-06-06
Sistema,128973417.48000,2009-06-07
Sistema,152243511.69000,2009-06-08
Sistema,156573212.79000,2009-06-09
Sistema,154608511.49000,2009-06-10
Sistema,154881858.96000,2009-06-11
Sistema,155200597.12000,2009-06-12
Sistema,143720954.97000,2009-06-13
Sistema,125574913.85000,2009-06-14
Sistema,129298894.90000,2009-06-15
Sistema,152737222.33000,2009-06-16
Sistema,155391864.24000,2009-06-17
Sistema,155986456.14000,2009-06-18
Sistema,155874812.57000,2009-06-19
Sistema,147240789.04000,2009-06-20
Sistema,127329531.86000,2009-06-21
Sistema,127123612.62000,2009-06-22
Sistema,150800507.96000,2009-06-23
Sistema,153793974.65000,2009-06-24
Sistema,153360500.35000,2009-06-25
Sistema,154634817.89000,2009-06-26
Sistema,145025483.83000,2009-06-27
Sistema,125965909.27000,2009-06-28
Sistema,126455067.63000,2009-06-29
Sistema,147880234.58000,2009-06-30
Sistema,150253141.42000,2009-07-01
Sistema,151744960.66000,2009-07-02
Sistema,152592353.88000,2009-07-03
Sistema,143770647.30000,2009-07-04
Sistema,126105630.24000,2009-07-05
Sistema,150061702.71000,2009-07-06
Sistema,154742778.90000,2009-07-07
Sistema,154252925.22000,2009-07-08
Sistema,153668228.40000,2009-07-09
Sistema,154818368.38000,2009-07-10
Sistema,145915342.31000,2009-07-11
Sistema,128328397.04000,2009-07-12
Sistema,153898548.93000,2009-07-13
Sistema,158052912.80000,2009-07-14
Sistema,156811818.64000,2009-07-15
Sistema,158179964.50000,2009-07-16
Sistema,158402248.86000,2009-07-17
Sistema,148532261.32000,2009-07-18
Sistema,130457988.25000,2009-07-19
Sistema,131066386.19000,2009-07-20
Sistema,153854787.04000,2009-07-21
Sistema,154794433.43000,2009-07-22
Sistema,156227447.69000,2009-07-23
Sistema,158447007.51000,2009-07-24
Sistema,149203157.09000,2009-07-25
Sistema,132407510.62000,2009-07-26
Sistema,156827326.38000,2009-07-27
Sistema,159404643.05000,2009-07-28
Sistema,158273967.84000,2009-07-29
Sistema,156199391.18000,2009-07-30
Sistema,156119689.80000,2009-07-31
Sistema,145948076.39000,2009-08-01
Sistema,130992400.97000,2009-08-02
Sistema,157102043.50000,2009-08-03
Sistema,159373176.39000,2009-08-04
Sistema,158610747.95000,2009-08-05
Sistema,156282332.56000,2009-08-06
Sistema,137615651.02000,2009-08-07
Sistema,142597980.42000,2009-08-08
Sistema,127190800.89000,2009-08-09
Sistema,152249411.03000,2009-08-10
Sistema,157786046.13000,2009-08-11
Sistema,158156407.89000,2009-08-12
Sistema,159474790.21000,2009-08-13
Sistema,157067736.95000,2009-08-14
Sistema,148142371.12000,2009-08-15
Sistema,128740218.90000,2009-08-16
Sistema,131456898.19000,2009-08-17
Sistema,153355220.48000,2009-08-18
Sistema,157156722.53000,2009-08-19
Sistema,158170557.81000,2009-08-20
Sistema,157596601.06000,2009-08-21
Sistema,149545564.18000,2009-08-22
Sistema,132834605.66000,2009-08-23
Sistema,156444785.09000,2009-08-24
Sistema,158912676.81000,2009-08-25
Sistema,160290641.22000,2009-08-26
Sistema,160553114.31000,2009-08-27
Sistema,160639721.81000,2009-08-28
Sistema,149331024.15000,2009-08-29
Sistema,130695882.62000,2009-08-30
Sistema,155117894.53000,2009-08-31
Sistema,157931250.99000,2009-09-01
Sistema,160324578.46000,2009-09-02
Sistema,162332903.17000,2009-09-03
Sistema,160522607.77000,2009-09-04
Sistema,152345512.04000,2009-09-05
Sistema,136122683.32000,2009-09-06
Sistema,161283323.85000,2009-09-07
Sistema,162337572.31000,2009-09-08
Sistema,161047302.92000,2009-09-09
Sistema,162689995.10000,2009-09-10
Sistema,162778316.02000,2009-09-11
Sistema,151077445.11000,2009-09-12
Sistema,134519872.95000,2009-09-13
Sistema,160433644.59000,2009-09-14
Sistema,159730763.20000,2009-09-15
Sistema,157259178.15000,2009-09-16
Sistema,156143702.13000,2009-09-17
Sistema,159230735.90000,2009-09-18
Sistema,151647920.77000,2009-09-19
Sistema,133994688.04000,2009-09-20
Sistema,157418271.21000,2009-09-21
Sistema,159478424.63000,2009-09-22
Sistema,160725840.93000,2009-09-23
Sistema,162227732.37000,2009-09-24
Sistema,164535155.93000,2009-09-25
Sistema,153104709.86000,2009-09-26
Sistema,135070671.12000,2009-09-27
Sistema,158420821.82000,2009-09-28
Sistema,162422815.58000,2009-09-29
Sistema,163790214.67000,2009-09-30
Sistema,162609984.30000,2009-10-01
Sistema,161338479.98000,2009-10-02
Sistema,149132092.59000,2009-10-03
Sistema,131378486.68000,2009-10-04
Sistema,157680081.91000,2009-10-05
Sistema,161858465.47000,2009-10-06
Sistema,162450666.57000,2009-10-07
Sistema,161770035.31000,2009-10-08
Sistema,162765293.34000,2009-10-09
Sistema,153480220.43000,2009-10-10
Sistema,132488429.59000,2009-10-11
Sistema,132164038.78000,2009-10-12
Sistema,156078455.06000,2009-10-13
Sistema,156208078.60000,2009-10-14
Sistema,153977045.12000,2009-10-15
Sistema,156348295.87000,2009-10-16
Sistema,148939255.09000,2009-10-17
Sistema,132472744.09000,2009-10-18
Sistema,154060872.37000,2009-10-19
Sistema,156253305.03000,2009-10-20
Sistema,157031602.33000,2009-10-21
Sistema,156689179.72000,2009-10-22
Sistema,158844849.07000,2009-10-23
Sistema,148315882.52000,2009-10-24
Sistema,131777358.25000,2009-10-25
Sistema,156834088.30000,2009-10-26
Sistema,160443932.03000,2009-10-27
Sistema,159038734.02000,2009-10-28
Sistema,160563906.99000,2009-10-29
Sistema,158129076.51000,2009-10-30
Sistema,146182741.12000,2009-10-31
Sistema,128314792.53000,2009-11-01
Sistema,131413045.43000,2009-11-02
Sistema,154250869.20000,2009-11-03
Sistema,157592162.25000,2009-11-04
Sistema,158322583.16000,2009-11-05
Sistema,157364261.41000,2009-11-06
Sistema,149410299.52000,2009-11-07
Sistema,134537075.75000,2009-11-08
Sistema,157463904.25000,2009-11-09
Sistema,161074769.53000,2009-11-10
Sistema,161784002.22000,2009-11-11
Sistema,161784765.97000,2009-11-12
Sistema,161609066.69000,2009-11-13
Sistema,151079411.22000,2009-11-14
Sistema,133688730.43000,2009-11-15
Sistema,137555770.80000,2009-11-16
Sistema,158939682.96000,2009-11-17
Sistema,160853108.60000,2009-11-18
Sistema,162735522.06000,2009-11-19
Sistema,164001397.89000,2009-11-20
Sistema,156089783.57000,2009-11-21
Sistema,139157421.47000,2009-11-22
Sistema,160233476.61000,2009-11-23
Sistema,162989251.30000,2009-11-24
Sistema,163590917.97000,2009-11-25
Sistema,164195798.44000,2009-11-26
Sistema,164457898.07000,2009-11-27
Sistema,154487501.00000,2009-11-28
Sistema,137713333.99000,2009-11-29
Sistema,160862932.60000,2009-11-30
Sistema,163819777.93000,2009-12-01
Sistema,162946089.27000,2009-12-02
Sistema,165286381.62000,2009-12-03
Sistema,167073811.79000,2009-12-04
Sistema,158524327.46000,2009-12-05
Sistema,142909318.35000,2009-12-06
Sistema,160575745.40000,2009-12-07
Sistema,143228063.78000,2009-12-08
Sistema,163858253.52000,2009-12-09
Sistema,164239234.26000,2009-12-10
Sistema,165257727.32000,2009-12-11
Sistema,155116319.70000,2009-12-12
Sistema,139296678.55000,2009-12-13
Sistema,161777509.02000,2009-12-14
Sistema,163596202.71000,2009-12-15
Sistema,163657998.98000,2009-12-16
Sistema,164094476.54000,2009-12-17
Sistema,162158577.15000,2009-12-18
Sistema,152343365.35000,2009-12-19
Sistema,136882795.04000,2009-12-20
Sistema,155902563.97000,2009-12-21
Sistema,156931476.33000,2009-12-22
Sistema,155450920.76000,2009-12-23
Sistema,144606685.22000,2009-12-24
Sistema,122613303.18000,2009-12-25
Sistema,135707645.53000,2009-12-26
Sistema,131457125.08000,2009-12-27
Sistema,148500109.95000,2009-12-28
Sistema,149839972.05000,2009-12-29
Sistema,147848800.87000,2009-12-30
Sistema,135670939.15000,2009-12-31
Sistema,115437747.19000,2010-01-01
Sistema,127695172.79000,2010-01-02
Sistema,123659352.78000,2010-01-03
Sistema,144491723.49000,2010-01-04
Sistema,149124817.14000,2010-01-05
Sistema,150325131.24000,2010-01-06
Sistema,151064033.75000,2010-01-07
Sistema,152649821.37000,2010-01-08
Sistema,145537983.68000,2010-01-09
Sistema,129009317.77000,2010-01-10
Sistema,130973485.78000,2010-01-11
Sistema,150842496.75000,2010-01-12
Sistema,155033576.13000,2010-01-13
Sistema,156953204.15000,2010-01-14
Sistema,157550298.72000,2010-01-15
Sistema,149669459.43000,2010-01-16
Sistema,133874813.79000,2010-01-17
Sistema,155022661.23000,2010-01-18
Sistema,157750236.11000,2010-01-19
Sistema,158890777.40000,2010-01-20
Sistema,160296844.35000,2010-01-21
Sistema,159933531.29000,2010-01-22
Sistema,151325027.22000,2010-01-23
Sistema,134286132.27000,2010-01-24
Sistema,156165213.96000,2010-01-25
Sistema,157789762.46000,2010-01-26
Sistema,158590339.18000,2010-01-27
Sistema,158947025.78000,2010-01-28
Sistema,159202040.25000,2010-01-29
Sistema,150170751.06000,2010-01-30
Sistema,134677737.08000,2010-01-31
Sistema,158565864.89000,2010-02-01
Sistema,160940604.45000,2010-02-02
Sistema,162894343.76000,2010-02-03
Sistema,165373311.84000,2010-02-04
Sistema,165933199.50000,2010-02-05
Sistema,155213662.91000,2010-02-06
Sistema,136429242.10000,2010-02-07
Sistema,161003265.30000,2010-02-08
Sistema,161604021.69000,2010-02-09
Sistema,161277532.12000,2010-02-10
Sistema,161600748.95000,2010-02-11
Sistema,161988243.14000,2010-02-12
Sistema,153262852.50000,2010-02-13
Sistema,136519210.70000,2010-02-14
Sistema,158968527.73000,2010-02-15
Sistema,161728883.47000,2010-02-16
Sistema,164023411.47000,2010-02-17
Sistema,164608658.20000,2010-02-18
Sistema,164938487.12000,2010-02-19
Sistema,155377061.96000,2010-02-20
Sistema,138816898.01000,2010-02-21
Sistema,163900253.03000,2010-02-22
Sistema,163290202.61000,2010-02-23
Sistema,162398448.29000,2010-02-24
Sistema,161315071.05000,2010-02-25
Sistema,160044226.46000,2010-02-26
Sistema,151595758.65000,2010-02-27
Sistema,135847588.86000,2010-02-28
Sistema,158949924.52000,2010-03-01
Sistema,162081329.24000,2010-03-02
Sistema,161138493.48000,2010-03-03
Sistema,161261487.26000,2010-03-04
Sistema,162642429.45000,2010-03-05
Sistema,153232599.51000,2010-03-06
Sistema,135689643.46000,2010-03-07
Sistema,159270439.37000,2010-03-08
Sistema,161822690.46000,2010-03-09
Sistema,165120792.44000,2010-03-10
Sistema,163726410.64000,2010-03-11
Sistema,164820602.06000,2010-03-12
Sistema,155730491.40000,2010-03-13
Sistema,136187459.05000,2010-03-14
Sistema,162682579.90000,2010-03-15
Sistema,165555565.98000,2010-03-16
Sistema,162374628.48000,2010-03-17
Sistema,160850313.35000,2010-03-18
Sistema,162782789.01000,2010-03-19
Sistema,155485804.62000,2010-03-20
Sistema,138822458.27000,2010-03-21
Sistema,141573118.06000,2010-03-22
Sistema,163324037.59000,2010-03-23
Sistema,165755739.09000,2010-03-24
Sistema,166739010.91000,2010-03-25
Sistema,166704902.86000,2010-03-26
Sistema,157080305.54000,2010-03-27
Sistema,140610564.64000,2010-03-28
Sistema,161273733.67000,2010-03-29
Sistema,161343211.75000,2010-03-30
Sistema,155487813.22000,2010-03-31
Sistema,130396275.40000,2010-04-01
Sistema,122564649.45000,2010-04-02
Sistema,135596666.30000,2010-04-03
Sistema,132021369.58000,2010-04-04
Sistema,157151288.30000,2010-04-05
Sistema,159491256.41000,2010-04-06
Sistema,160476492.18000,2010-04-07
Sistema,158950331.86000,2010-04-08
Sistema,160415768.76000,2010-04-09
Sistema,151717237.02000,2010-04-10
Sistema,135730951.35000,2010-04-11
Sistema,156531533.15000,2010-04-12
Sistema,159782515.90000,2010-04-13
Sistema,158187565.37000,2010-04-14
Sistema,159284118.01000,2010-04-15
Sistema,160368010.32000,2010-04-16
Sistema,152206757.96000,2010-04-17
Sistema,136886232.61000,2010-04-18
Sistema,160037853.04000,2010-04-19
Sistema,161086423.30000,2010-04-20
Sistema,162954205.65000,2010-04-21
Sistema,165626595.54000,2010-04-22
Sistema,166827808.64000,2010-04-23
Sistema,157737413.00000,2010-04-24
Sistema,140460566.10000,2010-04-25
Sistema,160716248.36000,2010-04-26
Sistema,163300929.12000,2010-04-27
Sistema,162194051.45000,2010-04-28
Sistema,161905549.01000,2010-04-29
Sistema,160147864.04000,2010-04-30
Sistema,139331538.26000,2010-05-01
Sistema,131537697.55000,2010-05-02
Sistema,155781980.25000,2010-05-03
Sistema,157613486.95000,2010-05-04
Sistema,158978308.58000,2010-05-05
Sistema,160857137.57000,2010-05-06
Sistema,162898617.45000,2010-05-07
Sistema,153836184.74000,2010-05-08
Sistema,134856107.85000,2010-05-09
Sistema,161371620.37000,2010-05-10
Sistema,163764264.83000,2010-05-11
Sistema,162771151.33000,2010-05-12
Sistema,162933058.87000,2010-05-13
Sistema,164222309.78000,2010-05-14
Sistema,155807139.39000,2010-05-15
Sistema,138534174.17000,2010-05-16
Sistema,140917733.73000,2010-05-17
Sistema,165049806.56000,2010-05-18
Sistema,166058864.14000,2010-05-19
Sistema,165076316.09000,2010-05-20
Sistema,161322151.11000,2010-05-21
Sistema,153447995.54000,2010-05-22
Sistema,136042037.98000,2010-05-23
Sistema,158743770.18000,2010-05-24
Sistema,160831481.17000,2010-05-25
Sistema,160900855.36000,2010-05-26
Sistema,158359554.15000,2010-05-27
Sistema,156722187.10000,2010-05-28
Sistema,149486650.18000,2010-05-29
Sistema,133055266.81000,2010-05-30
Sistema,157088442.27000,2010-05-31
Sistema,158218489.21000,2010-06-01
Sistema,157342380.73000,2010-06-02
Sistema,158495779.10000,2010-06-03
Sistema,160224352.20000,2010-06-04
Sistema,152675092.64000,2010-06-05
Sistema,136272625.78000,2010-06-06
Sistema,137096016.73000,2010-06-07
Sistema,158225356.79000,2010-06-08
Sistema,157729193.14000,2010-06-09
Sistema,159388268.17000,2010-06-10
Sistema,158500819.02000,2010-06-11
Sistema,151353140.72000,2010-06-12
Sistema,133745208.52000,2010-06-13
Sistema,136252763.26000,2010-06-14
Sistema,157806871.94000,2010-06-15
Sistema,159263069.41000,2010-06-16
Sistema,161325865.33000,2010-06-17
Sistema,161071316.60000,2010-06-18
Sistema,150504439.50000,2010-06-19
Sistema,130153760.19000,2010-06-20
Sistema,155220125.62000,2010-06-21
Sistema,157438490.95000,2010-06-22
Sistema,160380833.26000,2010-06-23
Sistema,160301539.77000,2010-06-24
Sistema,160908323.51000,2010-06-25
Sistema,150469979.85000,2010-06-26
Sistema,132161055.08000,2010-06-27
Sistema,155451105.02000,2010-06-28
Sistema,159417711.05000,2010-06-29
Sistema,159680205.46000,2010-06-30
Sistema,158424322.71000,2010-07-01
Sistema,155847009.09000,2010-07-02
Sistema,148522743.21000,2010-07-03
Sistema,130799810.70000,2010-07-04
Sistema,132419533.49000,2010-07-05
Sistema,153710582.19000,2010-07-06
Sistema,155540853.49000,2010-07-07
Sistema,155001903.00000,2010-07-08
Sistema,156005437.63000,2010-07-09
Sistema,148806319.61000,2010-07-10
Sistema,132222621.40000,2010-07-11
Sistema,155751666.25000,2010-07-12
Sistema,159624817.49000,2010-07-13
Sistema,160898425.65000,2010-07-14
Sistema,158222354.67000,2010-07-15
Sistema,156052533.70000,2010-07-16
Sistema,147737800.73000,2010-07-17
Sistema,131334935.23000,2010-07-18
Sistema,151047546.42000,2010-07-19
Sistema,138540525.88000,2010-07-20
Sistema,158675943.37000,2010-07-21
Sistema,159912151.89000,2010-07-22
Sistema,160820118.69000,2010-07-23
Sistema,153148867.08000,2010-07-24
Sistema,137601542.05000,2010-07-25
Sistema,159059763.03000,2010-07-26
Sistema,161750614.54000,2010-07-27
Sistema,159171015.99000,2010-07-28
Sistema,160724765.29000,2010-07-29
Sistema,160062619.70000,2010-07-30
Sistema,149312098.08000,2010-07-31
Sistema,132125477.45000,2010-08-01
Sistema,155935037.79000,2010-08-02
Sistema,160468829.48000,2010-08-03
Sistema,160428625.95000,2010-08-04
Sistema,160690625.83000,2010-08-05
Sistema,159299917.86000,2010-08-06
Sistema,140329287.80000,2010-08-07
Sistema,132631234.40000,2010-08-08
Sistema,158621445.76000,2010-08-09
Sistema,163547615.69000,2010-08-10
Sistema,161664917.21000,2010-08-11
Sistema,160216151.13000,2010-08-12
Sistema,159680451.05000,2010-08-13
Sistema,151265410.88000,2010-08-14
Sistema,132875193.29000,2010-08-15
Sistema,134622040.35000,2010-08-16
Sistema,159185464.25000,2010-08-17
Sistema,160095347.12000,2010-08-18
Sistema,161420292.05000,2010-08-19
Sistema,161639997.37000,2010-08-20
Sistema,153251470.43000,2010-08-21
Sistema,135927968.57000,2010-08-22
Sistema,161563468.44000,2010-08-23
Sistema,163337819.75000,2010-08-24
Sistema,162509698.15000,2010-08-25
Sistema,159559073.39000,2010-08-26
Sistema,159145274.56000,2010-08-27
Sistema,150790146.34000,2010-08-28
Sistema,136165270.13000,2010-08-29
Sistema,161039317.37000,2010-08-30
Sistema,161777345.98000,2010-08-31
Sistema,160116883.30000,2010-09-01
Sistema,158706062.90000,2010-09-02
Sistema,160166387.82000,2010-09-03
Sistema,151949502.85000,2010-09-04
Sistema,133232685.91000,2010-09-05
Sistema,157682908.91000,2010-09-06
Sistema,159512923.32000,2010-09-07
Sistema,158656409.23000,2010-09-08
Sistema,159177622.70000,2010-09-09
Sistema,159995854.06000,2010-09-10
Sistema,151996241.49000,2010-09-11
Sistema,135448045.11000,2010-09-12
Sistema,159370764.14000,2010-09-13
Sistema,161389287.35000,2010-09-14
Sistema,163544328.71000,2010-09-15
Sistema,162027589.41000,2010-09-16
Sistema,162431143.78000,2010-09-17
Sistema,151956017.33000,2010-09-18
Sistema,133892898.72000,2010-09-19
Sistema,156161547.30000,2010-09-20
Sistema,159204205.86000,2010-09-21
Sistema,160607466.58000,2010-09-22
Sistema,160986014.48000,2010-09-23
Sistema,159685254.44000,2010-09-24
Sistema,151425174.20000,2010-09-25
Sistema,134802572.16000,2010-09-26
Sistema,156331159.71000,2010-09-27
Sistema,160237160.20000,2010-09-28
Sistema,162151663.72000,2010-09-29
Sistema,161999421.12000,2010-09-30
Sistema,159864752.20000,2010-10-01
Sistema,151508110.18000,2010-10-02
Sistema,133057856.20000,2010-10-03
Sistema,156026261.95000,2010-10-04
Sistema,158048467.51000,2010-10-05
Sistema,160377882.03000,2010-10-06
Sistema,161051748.81000,2010-10-07
Sistema,161961480.78000,2010-10-08
Sistema,154352288.66000,2010-10-09
Sistema,137516963.42000,2010-10-10
Sistema,162883958.58000,2010-10-11
Sistema,167097018.21000,2010-10-12
Sistema,168695056.32000,2010-10-13
Sistema,167293601.47000,2010-10-14
Sistema,165377076.36000,2010-10-15
Sistema,154491470.85000,2010-10-16
Sistema,134431119.78000,2010-10-17
Sistema,134538445.16000,2010-10-18
Sistema,159300715.78000,2010-10-19
Sistema,160176650.04000,2010-10-20
Sistema,162038491.62000,2010-10-21
Sistema,162758654.89000,2010-10-22
Sistema,153762617.86000,2010-10-23
Sistema,136730614.86000,2010-10-24
Sistema,158415490.39000,2010-10-25
Sistema,162239341.30000,2010-10-26
Sistema,163179161.39000,2010-10-27
Sistema,161471642.72000,2010-10-28
Sistema,162556261.35000,2010-10-29
Sistema,153160885.40000,2010-10-30
Sistema,134332380.27000,2010-10-31
Sistema,136833489.60000,2010-11-01
Sistema,158131911.33000,2010-11-02
Sistema,157288987.59000,2010-11-03
Sistema,159151997.05000,2010-11-04
Sistema,161215174.09000,2010-11-05
Sistema,150434448.68000,2010-11-06
Sistema,133304238.78000,2010-11-07
Sistema,156557827.07000,2010-11-08
Sistema,159679210.50000,2010-11-09
Sistema,159954617.45000,2010-11-10
Sistema,160431071.57000,2010-11-11
Sistema,160473504.82000,2010-11-12
Sistema,151295285.09000,2010-11-13
Sistema,134364630.96000,2010-11-14
Sistema,136742352.45000,2010-11-15
Sistema,158172393.02000,2010-11-16
Sistema,158312722.87000,2010-11-17
Sistema,159695651.54000,2010-11-18
Sistema,160545821.07000,2010-11-19
Sistema,152571058.91000,2010-11-20
Sistema,136155369.68000,2010-11-21
Sistema,158113406.36000,2010-11-22
Sistema,161164597.73000,2010-11-23
Sistema,161829823.64000,2010-11-24
Sistema,161379868.95000,2010-11-25
Sistema,162109055.02000,2010-11-26
Sistema,154124596.21000,2010-11-27
Sistema,136814316.44000,2010-11-28
Sistema,158117184.81000,2010-11-29
Sistema,160770640.81000,2010-11-30
Sistema,161594619.11000,2010-12-01
Sistema,159667070.20000,2010-12-02
Sistema,157669097.96000,2010-12-03
Sistema,149872713.66000,2010-12-04
Sistema,135311296.27000,2010-12-05
Sistema,157896691.56000,2010-12-06
Sistema,159945873.72000,2010-12-07
Sistema,141162765.70000,2010-12-08
Sistema,159789710.12000,2010-12-09
Sistema,161244647.37000,2010-12-10
Sistema,154314179.76000,2010-12-11
Sistema,139736069.52000,2010-12-12
Sistema,159220530.99000,2010-12-13
Sistema,157764058.17000,2010-12-14
Sistema,159610709.65000,2010-12-15
Sistema,160199547.77000,2010-12-16
Sistema,161603658.28000,2010-12-17
Sistema,152023083.76000,2010-12-18
Sistema,137572778.83000,2010-12-19
Sistema,156662292.54000,2010-12-20
Sistema,157049955.11000,2010-12-21
Sistema,158154885.19000,2010-12-22
Sistema,157261056.15000,2010-12-23
Sistema,143636863.91000,2010-12-24
Sistema,123941280.63000,2010-12-25
Sistema,129505282.12000,2010-12-26
Sistema,151763269.11000,2010-12-27
Sistema,154440091.56000,2010-12-28
Sistema,154778469.94000,2010-12-29
Sistema,153758108.81000,2010-12-30
Sistema,140081283.76000,2010-12-31
Sistema,118587856.93000,2011-01-01
Sistema,121465610.09000,2011-01-02
Sistema,145489942.30000,2011-01-03
Sistema,148929544.09000,2011-01-04
Sistema,149966869.39000,2011-01-05
Sistema,152288601.31000,2011-01-06
Sistema,151974788.29000,2011-01-07
Sistema,144115002.95000,2011-01-08
Sistema,129364285.98000,2011-01-09
Sistema,131838984.47000,2011-01-10
Sistema,154685923.32000,2011-01-11
Sistema,158047176.35000,2011-01-12
Sistema,159020354.07000,2011-01-13
Sistema,160380045.18000,2011-01-14
Sistema,152295786.59000,2011-01-15
Sistema,136693589.17000,2011-01-16
Sistema,156847621.32000,2011-01-17
Sistema,160524708.21000,2011-01-18
Sistema,161509477.38000,2011-01-19
Sistema,160915574.95000,2011-01-20
Sistema,162302075.41000,2011-01-21
Sistema,153877101.49000,2011-01-22
Sistema,138060874.11000,2011-01-23
Sistema,159646396.26000,2011-01-24
Sistema,162640137.81000,2011-01-25
Sistema,162913707.34000,2011-01-26
Sistema,162329342.37000,2011-01-27
Sistema,161625545.32000,2011-01-28
Sistema,151838336.13000,2011-01-29
Sistema,136250512.79000,2011-01-30
Sistema,160204151.40000,2011-01-31
Sistema,162683161.14000,2011-02-01
Sistema,163779646.34000,2011-02-02
Sistema,164429824.62000,2011-02-03
Sistema,163858417.74000,2011-02-04
Sistema,154792901.81000,2011-02-05
Sistema,136635311.38000,2011-02-06
Sistema,158720539.86000,2011-02-07
Sistema,160204015.51000,2011-02-08
Sistema,160466808.72000,2011-02-09
Sistema,160543417.87000,2011-02-10
Sistema,161116322.13000,2011-02-11
Sistema,152191975.76000,2011-02-12
Sistema,136611058.30000,2011-02-13
Sistema,157677877.26000,2011-02-14
Sistema,161192195.83000,2011-02-15
Sistema,159511872.19000,2011-02-16
Sistema,157743722.46000,2011-02-17
Sistema,157538825.09000,2011-02-18
Sistema,150497306.21000,2011-02-19
Sistema,134081886.65000,2011-02-20
Sistema,157628177.41000,2011-02-21
Sistema,161756047.36000,2011-02-22
Sistema,161782684.18000,2011-02-23
Sistema,160510811.57000,2011-02-24
Sistema,159424557.35000,2011-02-25
Sistema,151783854.73000,2011-02-26
Sistema,134423267.79000,2011-02-27
Sistema,157413949.59000,2011-02-28
Sistema,157725758.48000,2011-03-01
Sistema,157605190.00000,2011-03-02
Sistema,157131457.81000,2011-03-03
Sistema,157924299.43000,2011-03-04
Sistema,149221754.46000,2011-03-05
Sistema,133394783.65000,2011-03-06
Sistema,155675658.25000,2011-03-07
Sistema,158223192.49000,2011-03-08
Sistema,159825653.82000,2011-03-09
Sistema,157934523.92000,2011-03-10
Sistema,159052079.83000,2011-03-11
Sistema,151599864.80000,2011-03-12
Sistema,135308099.34000,2011-03-13
Sistema,159458569.48000,2011-03-14
Sistema,162137706.88000,2011-03-15
Sistema,163211407.57000,2011-03-16
Sistema,162724540.94000,2011-03-17
Sistema,162398888.67000,2011-03-18
Sistema,152136802.16000,2011-03-19
Sistema,132771182.11000,2011-03-20
Sistema,134442899.63000,2011-03-21
Sistema,155528644.51000,2011-03-22
Sistema,158593194.89000,2011-03-23
Sistema,158988006.60000,2011-03-24
Sistema,161059071.03000,2011-03-25
Sistema,152743692.62000,2011-03-26
Sistema,137204751.93000,2011-03-27
Sistema,162600337.96000,2011-03-28
Sistema,165693594.89000,2011-03-29
Sistema,165185821.27000,2011-03-30
Sistema,163704030.31000,2011-03-31
Sistema,165141174.65000,2011-04-01
Sistema,156604224.93000,2011-04-02
Sistema,138150739.36000,2011-04-03
Sistema,161967817.55000,2011-04-04
Sistema,163575745.28000,2011-04-05
Sistema,161488876.20000,2011-04-06
Sistema,163262160.01000,2011-04-07
Sistema,163319900.81000,2011-04-08
Sistema,155080809.50000,2011-04-09
Sistema,135756522.87000,2011-04-10
Sistema,157781120.33000,2011-04-11
Sistema,160201480.45000,2011-04-12
Sistema,160075290.56000,2011-04-13
Sistema,161831665.00000,2011-04-14
Sistema,161563569.58000,2011-04-15
Sistema,151335602.32000,2011-04-16
Sistema,136059891.94000,2011-04-17
Sistema,156501170.78000,2011-04-18
Sistema,157578561.86000,2011-04-19
Sistema,153499640.93000,2011-04-20
Sistema,129046126.22000,2011-04-21
Sistema,119139256.71000,2011-04-22
Sistema,132760502.53000,2011-04-23
Sistema,129670366.65000,2011-04-24
Sistema,155440455.12000,2011-04-25
Sistema,159632001.83000,2011-04-26
Sistema,162380380.93000,2011-04-27
Sistema,160974730.04000,2011-04-28
Sistema,163734805.54000,2011-04-29
Sistema,153898194.05000,2011-04-30
Sistema,136705593.59000,2011-05-01
Sistema,159634633.16000,2011-05-02
Sistema,161124979.16000,2011-05-03
Sistema,161883018.56000,2011-05-04
Sistema,163191805.42000,2011-05-05
Sistema,165300243.83000,2011-05-06
Sistema,156562250.26000,2011-05-07
Sistema,136498910.65000,2011-05-08
Sistema,162033010.95000,2011-05-09
Sistema,164284485.11000,2011-05-10
Sistema,165189314.32000,2011-05-11
Sistema,165905514.98000,2011-05-12
Sistema,163119698.87000,2011-05-13
Sistema,151745549.63000,2011-05-14
Sistema,135534761.61000,2011-05-15
Sistema,156360559.55000,2011-05-16
Sistema,159805078.09000,2011-05-17
Sistema,160674395.50000,2011-05-18
Sistema,161737009.15000,2011-05-19
Sistema,161876846.48000,2011-05-20
Sistema,153512588.21000,2011-05-21
Sistema,134802679.63000,2011-05-22
Sistema,158224009.67000,2011-05-23
Sistema,163024335.22000,2011-05-24
Sistema,162032190.67000,2011-05-25
Sistema,163355520.37000,2011-05-26
Sistema,162352868.33000,2011-05-27
Sistema,151025080.55000,2011-05-28
Sistema,135049205.86000,2011-05-29
Sistema,160289701.71000,2011-05-30
Sistema,162641281.12000,2011-05-31
Sistema,160029472.41000,2011-06-01
Sistema,160260091.63000,2011-06-02
Sistema,159474509.04000,2011-06-03
Sistema,151072487.36000,2011-06-04
Sistema,132270021.82000,2011-06-05
Sistema,136479689.56000,2011-06-06
Sistema,159472328.03000,2011-06-07
Sistema,163126943.83000,2011-06-08
Sistema,164381741.17000,2011-06-09
Sistema,166740587.73000,2011-06-10
Sistema,156817479.73000,2011-06-11
Sistema,140580643.14000,2011-06-12
Sistema,165369455.70000,2011-06-13
Sistema,166433234.76000,2011-06-14
Sistema,165658352.34000,2011-06-15
Sistema,163515033.33000,2011-06-16
Sistema,163704697.34000,2011-06-17
Sistema,155513005.64000,2011-06-18
Sistema,134688225.83000,2011-06-19
Sistema,161566471.72000,2011-06-20
Sistema,164464429.74000,2011-06-21
Sistema,165402701.83000,2011-06-22
Sistema,164565793.08000,2011-06-23
Sistema,161779454.61000,2011-06-24
Sistema,151966344.89000,2011-06-25
Sistema,133478932.87000,2011-06-26
Sistema,136522492.04000,2011-06-27
Sistema,161719383.64000,2011-06-28
Sistema,164961722.56000,2011-06-29
Sistema,161711222.41000,2011-06-30
Sistema,159160213.14000,2011-07-01
Sistema,150761955.98000,2011-07-02
Sistema,131264376.35000,2011-07-03
Sistema,134630748.02000,2011-07-04
Sistema,158920536.50000,2011-07-05
Sistema,163175045.57000,2011-07-06
Sistema,161839468.87000,2011-07-07
Sistema,163417021.45000,2011-07-08
Sistema,155010782.69000,2011-07-09
Sistema,138143125.18000,2011-07-10
Sistema,161806817.84000,2011-07-11
Sistema,163436984.98000,2011-07-12
Sistema,160831442.65000,2011-07-13
Sistema,159334808.35000,2011-07-14
Sistema,159852788.79000,2011-07-15
Sistema,151917250.51000,2011-07-16
Sistema,136386907.77000,2011-07-17
Sistema,160065058.98000,2011-07-18
Sistema,163207199.57000,2011-07-19
Sistema,146459694.31000,2011-07-20
Sistema,165137401.49000,2011-07-21
Sistema,166943189.60000,2011-07-22
Sistema,156577107.29000,2011-07-23
Sistema,141121222.93000,2011-07-24
Sistema,165028502.47000,2011-07-25
Sistema,165722796.82000,2011-07-26
Sistema,167372734.99000,2011-07-27
Sistema,164684780.97000,2011-07-28
Sistema,160717549.36000,2011-07-29
Sistema,149556410.98000,2011-07-30
Sistema,134559894.81000,2011-07-31
Sistema,158897342.11000,2011-08-01
Sistema,163719355.88000,2011-08-02
Sistema,164372027.29000,2011-08-03
Sistema,164218396.07000,2011-08-04
Sistema,165544717.16000,2011-08-05
Sistema,157764748.73000,2011-08-06
Sistema,140547090.64000,2011-08-07
Sistema,166912817.56000,2011-08-08
Sistema,168588749.31000,2011-08-09
Sistema,168678857.01000,2011-08-10
Sistema,168788632.58000,2011-08-11
Sistema,165024845.07000,2011-08-12
Sistema,157029544.33000,2011-08-13
Sistema,136897038.07000,2011-08-14
Sistema,138676581.34000,2011-08-15
Sistema,162441564.48000,2011-08-16
Sistema,165863355.43000,2011-08-17
Sistema,166963654.84000,2011-08-18
Sistema,166481696.23000,2011-08-19
Sistema,156748105.61000,2011-08-20
Sistema,140351598.08000,2011-08-21
Sistema,165718842.91000,2011-08-22
Sistema,167474593.86000,2011-08-23
Sistema,165719358.88000,2011-08-24
Sistema,166847298.04000,2011-08-25
Sistema,168483579.55000,2011-08-26
Sistema,157660797.95000,2011-08-27
Sistema,140467527.28000,2011-08-28
Sistema,164384234.83000,2011-08-29
Sistema,168203427.96000,2011-08-30
Sistema,169245756.48000,2011-08-31
Sistema,164820741.16000,2011-09-01
Sistema,161761505.99000,2011-09-02
Sistema,154745704.72000,2011-09-03
Sistema,137057689.84000,2011-09-04
Sistema,164247209.50000,2011-09-05
Sistema,165651226.10000,2011-09-06
Sistema,166349044.83000,2011-09-07
Sistema,163830981.02000,2011-09-08
Sistema,162455454.58000,2011-09-09
Sistema,155939683.24000,2011-09-10
Sistema,138025054.23000,2011-09-11
Sistema,150912624.70000,2011-09-12
Sistema,154707961.09000,2011-09-13
Sistema,156504924.71000,2011-09-14
Sistema,155027432.21000,2011-09-15
Sistema,154612938.61000,2011-09-16
Sistema,141430999.82000,2011-09-17
Sistema,122538166.60000,2011-09-18
Sistema,145669016.66000,2011-09-19
Sistema,152878964.00000,2011-09-20
Sistema,156126845.04000,2011-09-21
Sistema,150283667.25000,2011-09-22
Sistema,151889616.77000,2011-09-23
Sistema,134975222.87000,2011-09-24
Sistema,132270184.54000,2011-09-25
Sistema,155344586.86000,2011-09-26
Sistema,160795191.63000,2011-09-27
Sistema,164900537.46000,2011-09-28
Sistema,163285891.82000,2011-09-29
Sistema,162655235.88000,2011-09-30
Sistema,152869909.81000,2011-10-01
Sistema,132970182.06000,2011-10-02
Sistema,155554535.12000,2011-10-03
Sistema,154736571.60000,2011-10-04
Sistema,161358897.78000,2011-10-05
Sistema,162721141.85000,2011-10-06
Sistema,164405285.31000,2011-10-07
Sistema,155738846.66000,2011-10-08
Sistema,137561887.83000,2011-10-09
Sistema,159730986.95000,2011-10-10
Sistema,164181040.76000,2011-10-11
Sistema,165189801.29000,2011-10-12
Sistema,162083884.32000,2011-10-13
Sistema,152619015.56000,2011-10-14
Sistema,143763349.05000,2011-10-15
Sistema,122643401.17000,2011-10-16
Sistema,121478937.58000,2011-10-17
Sistema,144214649.25000,2011-10-18
Sistema,137481784.28000,2011-10-19
Sistema,142283341.55000,2011-10-20
Sistema,144695811.49000,2011-10-21
Sistema,140588622.65000,2011-10-22
Sistema,124939880.67000,2011-10-23
Sistema,144451469.64000,2011-10-24
Sistema,144420352.81000,2011-10-25
Sistema,150229067.36000,2011-10-26
Sistema,153820967.47000,2011-10-27
Sistema,151632822.31000,2011-10-28
Sistema,154202739.85000,2011-10-29
Sistema,132927098.89000,2011-10-30
Sistema,137704184.76000,2011-10-31
Sistema,162252910.81000,2011-11-01
Sistema,164578041.61000,2011-11-02
Sistema,166555656.47000,2011-11-03
Sistema,165914018.51000,2011-11-04
Sistema,158930557.16000,2011-11-05
Sistema,140887854.53000,2011-11-06
Sistema,144418761.66000,2011-11-07
Sistema,165738740.57000,2011-11-08
Sistema,166620853.92000,2011-11-09
Sistema,167304410.48000,2011-11-10
Sistema,166853208.44000,2011-11-11
Sistema,155870718.91000,2011-11-12
Sistema,136459815.01000,2011-11-13
Sistema,141971735.19000,2011-11-14
Sistema,163899582.55000,2011-11-15
Sistema,165619512.47000,2011-11-16
Sistema,166245544.07000,2011-11-17
Sistema,164919399.94000,2011-11-18
Sistema,155999402.70000,2011-11-19
Sistema,140138047.55000,2011-11-20
Sistema,165368995.49000,2011-11-21
Sistema,167768909.75000,2011-11-22
Sistema,167504500.04000,2011-11-23
Sistema,166782852.44000,2011-11-24
Sistema,167732396.58000,2011-11-25
Sistema,159820709.07000,2011-11-26
Sistema,141977981.76000,2011-11-27
Sistema,165320476.21000,2011-11-28
Sistema,165101627.42000,2011-11-29
Sistema,162266641.80000,2011-11-30
Sistema,161975814.56000,2011-12-01
Sistema,164562053.68000,2011-12-02
Sistema,156800596.96000,2011-12-03
Sistema,142617741.21000,2011-12-04
Sistema,165117606.24000,2011-12-05
Sistema,166748199.27000,2011-12-06
Sistema,165260554.50000,2011-12-07
Sistema,145803228.88000,2011-12-08
Sistema,165371148.48000,2011-12-09
Sistema,158546154.86000,2011-12-10
Sistema,143387442.41000,2011-12-11
Sistema,163923268.11000,2011-12-12
Sistema,166489026.00000,2011-12-13
Sistema,166499334.20000,2011-12-14
Sistema,164767928.90000,2011-12-15
Sistema,163440722.49000,2011-12-16
Sistema,152293392.91000,2011-12-17
Sistema,140184780.36000,2011-12-18
Sistema,161897068.74000,2011-12-19
Sistema,164128601.52000,2011-12-20
Sistema,165904930.56000,2011-12-21
Sistema,165960501.80000,2011-12-22
Sistema,162206998.28000,2011-12-23
Sistema,144335157.85000,2011-12-24
Sistema,126827470.69000,2011-12-25
Sistema,153813494.94000,2011-12-26
Sistema,159445899.98000,2011-12-27
Sistema,160454033.96000,2011-12-28
Sistema,159859066.52000,2011-12-29
Sistema,156348513.77000,2011-12-30
Sistema,141320819.41000,2011-12-31
Sistema,122915475.53000,2012-01-01
Sistema,147001748.39000,2012-01-02
Sistema,155067574.57000,2012-01-03
Sistema,156470373.83000,2012-01-04
Sistema,157082320.80000,2012-01-05
Sistema,157353875.10000,2012-01-06
Sistema,151756227.04000,2012-01-07
Sistema,135236552.50000,2012-01-08
Sistema,136928020.55000,2012-01-09
Sistema,160076239.31000,2012-01-10
Sistema,163860242.36000,2012-01-11
Sistema,165183276.32000,2012-01-12
Sistema,165450726.75000,2012-01-13
Sistema,157382064.90000,2012-01-14
Sistema,139200665.92000,2012-01-15
Sistema,162822585.33000,2012-01-16
Sistema,166516108.83000,2012-01-17
Sistema,163535215.97000,2012-01-18
Sistema,163241349.10000,2012-01-19
Sistema,162407035.56000,2012-01-20
Sistema,153121376.00000,2012-01-21
Sistema,136110258.32000,2012-01-22
Sistema,160645976.77000,2012-01-23
Sistema,161701762.27000,2012-01-24
Sistema,162763953.08000,2012-01-25
Sistema,162291060.98000,2012-01-26
Sistema,163716283.25000,2012-01-27
Sistema,154955828.25000,2012-01-28
Sistema,138420428.71000,2012-01-29
Sistema,161108121.35000,2012-01-30
Sistema,162591561.24000,2012-01-31
Sistema,161879905.32000,2012-02-01
Sistema,163445177.40000,2012-02-02
Sistema,163377585.83000,2012-02-03
Sistema,155254555.86000,2012-02-04
Sistema,137545567.54000,2012-02-05
Sistema,161905140.46000,2012-02-06
Sistema,163738091.50000,2012-02-07
Sistema,164102314.20000,2012-02-08
Sistema,163743659.18000,2012-02-09
Sistema,164177390.00000,2012-02-10
Sistema,155541269.73000,2012-02-11
Sistema,138253340.86000,2012-02-12
Sistema,161858959.69000,2012-02-13
Sistema,163229496.61000,2012-02-14
Sistema,163792298.98000,2012-02-15
Sistema,164841772.39000,2012-02-16
Sistema,164252442.99000,2012-02-17
Sistema,154953970.24000,2012-02-18
Sistema,136900323.80000,2012-02-19
Sistema,160376558.97000,2012-02-20
Sistema,164523600.75000,2012-02-21
Sistema,165937525.52000,2012-02-22
Sistema,166275103.98000,2012-02-23
Sistema,168199734.04000,2012-02-24
Sistema,159305769.81000,2012-02-25
Sistema,142220370.27000,2012-02-26
Sistema,165743441.87000,2012-02-27
Sistema,168249200.38000,2012-02-28
Sistema,168074929.19000,2012-02-29
Sistema,168434520.57000,2012-03-01
Sistema,169306550.94000,2012-03-02
Sistema,160191147.76000,2012-03-03
Sistema,143162261.97000,2012-03-04
Sistema,166458006.96000,2012-03-05
Sistema,168612700.66000,2012-03-06
Sistema,169965913.91000,2012-03-07
Sistema,168965835.62000,2012-03-08
Sistema,169862542.80000,2012-03-09
Sistema,159310321.67000,2012-03-10
Sistema,141849411.37000,2012-03-11
Sistema,166351945.85000,2012-03-12
Sistema,166949629.31000,2012-03-13
Sistema,167988178.98000,2012-03-14
Sistema,170745614.41000,2012-03-15
Sistema,170315893.91000,2012-03-16
Sistema,159077467.75000,2012-03-17
Sistema,140108349.13000,2012-03-18
Sistema,141976429.39000,2012-03-19
Sistema,164606426.20000,2012-03-20
Sistema,166866810.72000,2012-03-21
Sistema,166000043.29000,2012-03-22
Sistema,167444946.96000,2012-03-23
Sistema,158597106.17000,2012-03-24
Sistema,140894300.12000,2012-03-25
Sistema,165078246.12000,2012-03-26
Sistema,167389637.97000,2012-03-27
Sistema,167997677.94000,2012-03-28
Sistema,169581757.42000,2012-03-29
Sistema,169391567.44000,2012-03-30
Sistema,160381100.52000,2012-03-31
Sistema,143510836.80000,2012-04-01
Sistema,165027022.60000,2012-04-02
Sistema,164310509.58000,2012-04-03
Sistema,161634861.39000,2012-04-04
Sistema,136211264.73000,2012-04-05
Sistema,125412417.69000,2012-04-06
Sistema,139125059.29000,2012-04-07
Sistema,134606795.44000,2012-04-08
Sistema,161622413.55000,2012-04-09
Sistema,166388128.20000,2012-04-10
Sistema,166317792.08000,2012-04-11
Sistema,164413180.78000,2012-04-12
Sistema,165460535.66000,2012-04-13
Sistema,157025954.10000,2012-04-14
Sistema,140700688.25000,2012-04-15
Sistema,165006532.67000,2012-04-16
Sistema,166766754.14000,2012-04-17
Sistema,166198078.43000,2012-04-18
Sistema,166392285.69000,2012-04-19
Sistema,167799172.30000,2012-04-20
Sistema,158018155.79000,2012-04-21
Sistema,142231290.76000,2012-04-22
Sistema,165001712.45000,2012-04-23
Sistema,167731855.58000,2012-04-24
Sistema,168494406.30000,2012-04-25
Sistema,169588464.95000,2012-04-26
Sistema,168277560.14000,2012-04-27
Sistema,158295279.26000,2012-04-28
Sistema,140366259.86000,2012-04-29
Sistema,162755079.39000,2012-04-30
Sistema,140228511.05000,2012-05-01
Sistema,161465707.93000,2012-05-02
Sistema,166454790.79000,2012-05-03
Sistema,164157851.32000,2012-05-04
Sistema,155424223.02000,2012-05-05
Sistema,140650213.52000,2012-05-06
Sistema,163035652.66000,2012-05-07
Sistema,167131786.95000,2012-05-08
Sistema,168365171.02000,2012-05-09
Sistema,170119208.49000,2012-05-10
Sistema,170283892.63000,2012-05-11
Sistema,159873247.33000,2012-05-12
Sistema,139210226.56000,2012-05-13
Sistema,165239834.24000,2012-05-14
Sistema,169654163.34000,2012-05-15
Sistema,172425442.24000,2012-05-16
Sistema,172120498.65000,2012-05-17
Sistema,172031176.63000,2012-05-18
Sistema,160323282.94000,2012-05-19
Sistema,138378909.33000,2012-05-20
Sistema,143116303.57000,2012-05-21
Sistema,167524843.59000,2012-05-22
Sistema,170318121.80000,2012-05-23
Sistema,172556063.29000,2012-05-24
Sistema,171402496.07000,2012-05-25
Sistema,160931650.75000,2012-05-26
Sistema,144649879.66000,2012-05-27
Sistema,170020895.38000,2012-05-28
Sistema,172325356.01000,2012-05-29
Sistema,171356395.38000,2012-05-30
Sistema,171932946.52000,2012-05-31
Sistema,169770831.63000,2012-06-01
Sistema,161367845.83000,2012-06-02
Sistema,144763123.01000,2012-06-03
Sistema,169474785.84000,2012-06-04
Sistema,172352811.01000,2012-06-05
Sistema,175148056.87000,2012-06-06
Sistema,176178713.97000,2012-06-07
Sistema,173478988.27000,2012-06-08
Sistema,164206744.20000,2012-06-09
Sistema,146152737.63000,2012-06-10
Sistema,147622880.56000,2012-06-11
Sistema,167026504.30000,2012-06-12
Sistema,169626032.61000,2012-06-13
Sistema,169565518.77000,2012-06-14
Sistema,170789494.55000,2012-06-15
Sistema,157340491.78000,2012-06-16
Sistema,136152949.30000,2012-06-17
Sistema,142981709.28000,2012-06-18
Sistema,169246137.66000,2012-06-19
Sistema,171532141.16000,2012-06-20
Sistema,167851917.29000,2012-06-21
Sistema,170393532.75000,2012-06-22
Sistema,161300492.14000,2012-06-23
Sistema,141755354.49000,2012-06-24
Sistema,165709714.27000,2012-06-25
Sistema,167431624.20000,2012-06-26
Sistema,168485307.75000,2012-06-27
Sistema,170188646.50000,2012-06-28
Sistema,169236924.56000,2012-06-29
Sistema,156568366.89000,2012-06-30
Sistema,136080664.18000,2012-07-01
Sistema,140482729.03000,2012-07-02
Sistema,165241379.01000,2012-07-03
Sistema,167187023.87000,2012-07-04
Sistema,169377152.45000,2012-07-05
Sistema,168755192.47000,2012-07-06
Sistema,159876279.82000,2012-07-07
Sistema,142445621.79000,2012-07-08
Sistema,168619339.77000,2012-07-09
Sistema,172871447.18000,2012-07-10
Sistema,170460761.32000,2012-07-11
Sistema,170291402.46000,2012-07-12
Sistema,168538432.51000,2012-07-13
Sistema,157148545.23000,2012-07-14
Sistema,140602486.48000,2012-07-15
Sistema,166369335.03000,2012-07-16
Sistema,171167672.64000,2012-07-17
Sistema,169206431.64000,2012-07-18
Sistema,171323080.80000,2012-07-19
Sistema,152193842.26000,2012-07-20
Sistema,155624136.43000,2012-07-21
Sistema,142735891.33000,2012-07-22
Sistema,169415276.66000,2012-07-23
Sistema,169969584.33000,2012-07-24
Sistema,173818197.36000,2012-07-25
Sistema,174179467.28000,2012-07-26
Sistema,174340380.00000,2012-07-27
Sistema,163919009.82000,2012-07-28
Sistema,146001870.73000,2012-07-29
Sistema,167167364.81000,2012-07-30
Sistema,168568350.48000,2012-07-31
Sistema,167821995.09000,2012-08-01
Sistema,170028412.89000,2012-08-02
Sistema,171063070.23000,2012-08-03
Sistema,161738070.98000,2012-08-04
Sistema,142490233.35000,2012-08-05
Sistema,164215826.99000,2012-08-06
Sistema,150922547.05000,2012-08-07
Sistema,172075287.36000,2012-08-08
Sistema,171530981.04000,2012-08-09
Sistema,173520009.95000,2012-08-10
Sistema,163712750.10000,2012-08-11
Sistema,146248719.31000,2012-08-12
Sistema,168209000.69000,2012-08-13
Sistema,167478024.84000,2012-08-14
Sistema,169360998.85000,2012-08-15
Sistema,171219036.17000,2012-08-16
Sistema,169560461.21000,2012-08-17
Sistema,158447176.05000,2012-08-18
Sistema,142382621.46000,2012-08-19
Sistema,143649097.89000,2012-08-20
Sistema,169661646.41000,2012-08-21
Sistema,173490880.73000,2012-08-22
Sistema,171791876.96000,2012-08-23
Sistema,171564159.18000,2012-08-24
Sistema,162635046.89000,2012-08-25
Sistema,144494542.56000,2012-08-26
Sistema,170192039.39000,2012-08-27
Sistema,173043302.93000,2012-08-28
Sistema,175611947.52000,2012-08-29
Sistema,173541583.97000,2012-08-30
Sistema,172609656.28000,2012-08-31
Sistema,161833908.39000,2012-09-01
Sistema,144788563.83000,2012-09-02
Sistema,169551229.12000,2012-09-03
Sistema,171251308.40000,2012-09-04
Sistema,171274288.99000,2012-09-05
Sistema,173433554.15000,2012-09-06
Sistema,177314197.67000,2012-09-07
Sistema,165184763.61000,2012-09-08
Sistema,146537969.61000,2012-09-09
Sistema,173603903.05000,2012-09-10
Sistema,175039615.15000,2012-09-11
Sistema,175599672.67000,2012-09-12
Sistema,174474233.97000,2012-09-13
Sistema,175022835.17000,2012-09-14
Sistema,167007200.29000,2012-09-15
Sistema,147543682.54000,2012-09-16
Sistema,170409535.36000,2012-09-17
Sistema,173582264.39000,2012-09-18
Sistema,176375318.02000,2012-09-19
Sistema,177121816.70000,2012-09-20
Sistema,176736388.60000,2012-09-21
Sistema,163797393.37000,2012-09-22
Sistema,147394088.92000,2012-09-23
Sistema,170124375.83000,2012-09-24
Sistema,170395244.40000,2012-09-25
Sistema,173351446.85000,2012-09-26
Sistema,173693088.05000,2012-09-27
Sistema,173367928.23000,2012-09-28
Sistema,163692289.70000,2012-09-29
Sistema,145112293.83000,2012-09-30
Sistema,170473287.35000,2012-10-01
Sistema,173003804.89000,2012-10-02
Sistema,174590645.36000,2012-10-03
Sistema,174772845.38000,2012-10-04
Sistema,170877294.15000,2012-10-05
Sistema,159682768.31000,2012-10-06
Sistema,142200809.80000,2012-10-07
Sistema,165921964.79000,2012-10-08
Sistema,169815142.82000,2012-10-09
Sistema,170712515.02000,2012-10-10
Sistema,172562688.82000,2012-10-11
Sistema,172946973.00000,2012-10-12
Sistema,160535164.20000,2012-10-13
Sistema,140405490.01000,2012-10-14
Sistema,143527078.98000,2012-10-15
Sistema,165787169.18000,2012-10-16
Sistema,166149968.92000,2012-10-17
Sistema,165674090.26000,2012-10-18
Sistema,164320905.55000,2012-10-19
Sistema,156748055.83000,2012-10-20
Sistema,140793040.42000,2012-10-21
Sistema,164332314.70000,2012-10-22
Sistema,165824771.36000,2012-10-23
Sistema,167092133.11000,2012-10-24
Sistema,167889950.23000,2012-10-25
Sistema,169643342.49000,2012-10-26
Sistema,161991741.30000,2012-10-27
Sistema,145798855.50000,2012-10-28
Sistema,168624417.66000,2012-10-29
Sistema,169139280.07000,2012-10-30
Sistema,167686666.01000,2012-10-31
Sistema,170889141.22000,2012-11-01
Sistema,171656011.19000,2012-11-02
Sistema,162798323.50000,2012-11-03
Sistema,144493981.36000,2012-11-04
Sistema,146643048.27000,2012-11-05
Sistema,170062101.57000,2012-11-06
Sistema,172292102.64000,2012-11-07
Sistema,172711080.41000,2012-11-08
Sistema,174039764.47000,2012-11-09
Sistema,165360546.94000,2012-11-10
Sistema,145540899.33000,2012-11-11
Sistema,147854396.71000,2012-11-12
Sistema,170857678.29000,2012-11-13
Sistema,173628976.40000,2012-11-14
Sistema,172044315.73000,2012-11-15
Sistema,171432514.37000,2012-11-16
Sistema,162150678.41000,2012-11-17
Sistema,144279409.15000,2012-11-18
Sistema,170897212.89000,2012-11-19
Sistema,174444718.69000,2012-11-20
Sistema,173052349.21000,2012-11-21
Sistema,172339873.14000,2012-11-22
Sistema,171273420.94000,2012-11-23
Sistema,162447935.59000,2012-11-24
Sistema,147152074.81000,2012-11-25
Sistema,171858575.97000,2012-11-26
Sistema,174831050.39000,2012-11-27
Sistema,174496698.31000,2012-11-28
Sistema,174588750.24000,2012-11-29
Sistema,173499827.83000,2012-11-30
Sistema,161041685.11000,2012-12-01
Sistema,144726503.24000,2012-12-02
Sistema,168879391.96000,2012-12-03
Sistema,173531692.53000,2012-12-04
Sistema,173777462.15000,2012-12-05
Sistema,175067246.27000,2012-12-06
Sistema,172670560.10000,2012-12-07
Sistema,154077177.48000,2012-12-08
Sistema,150220936.19000,2012-12-09
Sistema,175324637.50000,2012-12-10
Sistema,178027016.24000,2012-12-11
Sistema,177615364.35000,2012-12-12
Sistema,175936493.58000,2012-12-13
Sistema,172583970.42000,2012-12-14
Sistema,161337927.57000,2012-12-15
Sistema,147594546.47000,2012-12-16
Sistema,169756938.05000,2012-12-17
Sistema,170427462.91000,2012-12-18
Sistema,173748547.91000,2012-12-19
Sistema,173399231.25000,2012-12-20
Sistema,170600468.62000,2012-12-21
Sistema,160288837.85000,2012-12-22
Sistema,145036064.01000,2012-12-23
Sistema,147565944.88000,2012-12-24
Sistema,131777093.53000,2012-12-25
Sistema,160614844.71000,2012-12-26
Sistema,162983724.02000,2012-12-27
Sistema,163891761.30000,2012-12-28
Sistema,155519127.70000,2012-12-29
Sistema,143156920.26000,2012-12-30
Sistema,143094810.76000,2012-12-31
Sistema,125699526.59000,2013-01-01
Sistema,151121722.99000,2013-01-02
Sistema,159894472.30000,2013-01-03
Sistema,162060675.55000,2013-01-04
Sistema,155376640.39000,2013-01-05
Sistema,140617215.46000,2013-01-06
Sistema,141644440.93000,2013-01-07
Sistema,163377986.19000,2013-01-08
Sistema,166924031.90000,2013-01-09
Sistema,168636767.25000,2013-01-10
Sistema,169499111.32000,2013-01-11
Sistema,160009891.98000,2013-01-12
Sistema,143688119.23000,2013-01-13
Sistema,166195575.82000,2013-01-14
Sistema,168798205.48000,2013-01-15
Sistema,169999205.02000,2013-01-16
Sistema,171355809.62000,2013-01-17
Sistema,170832762.88000,2013-01-18
Sistema,160644666.94000,2013-01-19
Sistema,145194589.40000,2013-01-20
Sistema,170498489.89000,2013-01-21
Sistema,172892638.55000,2013-01-22
Sistema,173464150.68000,2013-01-23
Sistema,171964222.89000,2013-01-24
Sistema,172185103.74000,2013-01-25
Sistema,162587559.41000,2013-01-26
Sistema,146446067.20000,2013-01-27
Sistema,171099196.74000,2013-01-28
Sistema,173951457.16000,2013-01-29
Sistema,173810564.86000,2013-01-30
Sistema,174731582.16000,2013-01-31
Sistema,172440864.92000,2013-02-01
Sistema,161049767.63000,2013-02-02
Sistema,143817482.79000,2013-02-03
Sistema,167757195.73000,2013-02-04
Sistema,169502201.58000,2013-02-05
Sistema,171315724.25000,2013-02-06
Sistema,170660246.34000,2013-02-07
Sistema,170722601.56000,2013-02-08
Sistema,157265050.42000,2013-02-09
Sistema,140528934.22000,2013-02-10
Sistema,164514773.42000,2013-02-11
Sistema,165800138.81000,2013-02-12
Sistema,167776146.18000,2013-02-13
Sistema,170465327.49000,2013-02-14
Sistema,171650480.72000,2013-02-15
Sistema,162466999.42000,2013-02-16
Sistema,142897477.96000,2013-02-17
Sistema,164002908.33000,2013-02-18
Sistema,168540542.99000,2013-02-19
Sistema,171847182.11000,2013-02-20
Sistema,171106996.53000,2013-02-21
Sistema,171688407.23000,2013-02-22
Sistema,161634981.72000,2013-02-23
Sistema,143086172.92000,2013-02-24
Sistema,169332387.68000,2013-02-25
Sistema,173233910.41000,2013-02-26
Sistema,173437214.58000,2013-02-27
Sistema,171143685.24000,2013-02-28
Sistema,168423820.32000,2013-03-01
Sistema,159690516.57000,2013-03-02
Sistema,143194165.29000,2013-03-03
Sistema,166302802.16000,2013-03-04
Sistema,172929396.33000,2013-03-05
Sistema,174869071.27000,2013-03-06
Sistema,174571389.94000,2013-03-07
Sistema,175642498.37000,2013-03-08
Sistema,166167967.35000,2013-03-09
Sistema,147496330.80000,2013-03-10
Sistema,170075290.99000,2013-03-11
Sistema,173497095.02000,2013-03-12
Sistema,173138030.13000,2013-03-13
Sistema,173251824.27000,2013-03-14
Sistema,170099855.49000,2013-03-15
Sistema,162147566.24000,2013-03-16
Sistema,146381181.64000,2013-03-17
Sistema,169488169.59000,2013-03-18
Sistema,173508687.07000,2013-03-19
Sistema,173957146.19000,2013-03-20
Sistema,172998941.57000,2013-03-21
Sistema,173086513.33000,2013-03-22
Sistema,163195888.35000,2013-03-23
Sistema,147238685.90000,2013-03-24
Sistema,150691348.59000,2013-03-25
Sistema,166409442.49000,2013-03-26
Sistema,163426221.89000,2013-03-27
Sistema,141531681.36000,2013-03-28
Sistema,132093047.17000,2013-03-29
Sistema,145188407.59000,2013-03-30
Sistema,142343832.59000,2013-03-31
Sistema,172764345.62000,2013-04-01
Sistema,174496028.36000,2013-04-02
Sistema,175966535.92000,2013-04-03
Sistema,177024780.40000,2013-04-04
Sistema,176362327.06000,2013-04-05
Sistema,167871008.97000,2013-04-06
Sistema,151260937.11000,2013-04-07
Sistema,175596916.87000,2013-04-08
Sistema,177007581.13000,2013-04-09
Sistema,176445460.92000,2013-04-10
Sistema,177267883.46000,2013-04-11
Sistema,178735571.03000,2013-04-12
Sistema,170010420.52000,2013-04-13
Sistema,151387957.06000,2013-04-14
Sistema,174982069.70000,2013-04-15
Sistema,178212565.56000,2013-04-16
Sistema,177019819.62000,2013-04-17
Sistema,176048662.46000,2013-04-18
Sistema,172655628.50000,2013-04-19
Sistema,163273348.13000,2013-04-20
Sistema,145056896.20000,2013-04-21
Sistema,170621494.39000,2013-04-22
Sistema,172641437.62000,2013-04-23
Sistema,173806015.18000,2013-04-24
Sistema,174992297.73000,2013-04-25
Sistema,173785817.08000,2013-04-26
Sistema,162975513.05000,2013-04-27
Sistema,146016589.80000,2013-04-28
Sistema,169646400.63000,2013-04-29
Sistema,172288735.12000,2013-04-30
Sistema,150217232.72000,2013-05-01
Sistema,167217949.73000,2013-05-02
Sistema,170177813.70000,2013-05-03
Sistema,162972688.00000,2013-05-04
Sistema,143828865.80000,2013-05-05
Sistema,168579985.46000,2013-05-06
Sistema,169581323.69000,2013-05-07
Sistema,173627454.05000,2013-05-08
Sistema,173730558.85000,2013-05-09
Sistema,173280917.55000,2013-05-10
Sistema,165202173.80000,2013-05-11
Sistema,143612924.72000,2013-05-12
Sistema,149656038.81000,2013-05-13
Sistema,174046375.03000,2013-05-14
Sistema,174993558.23000,2013-05-15
Sistema,175223894.12000,2013-05-16
Sistema,175132309.74000,2013-05-17
Sistema,167563649.67000,2013-05-18
Sistema,148667229.88000,2013-05-19
Sistema,171316851.30000,2013-05-20
Sistema,172085068.38000,2013-05-21
Sistema,172144186.00000,2013-05-22
Sistema,171911879.57000,2013-05-23
Sistema,172996142.45000,2013-05-24
Sistema,166740389.62000,2013-05-25
Sistema,148727000.16000,2013-05-26
Sistema,170951412.17000,2013-05-27
Sistema,173939795.93000,2013-05-28
Sistema,170812924.23000,2013-05-29
Sistema,173316421.47000,2013-05-30
Sistema,171092687.52000,2013-05-31
Sistema,159906282.25000,2013-06-01
Sistema,145575492.69000,2013-06-02
Sistema,148328823.02000,2013-06-03
Sistema,172445640.93000,2013-06-04
Sistema,171256538.50000,2013-06-05
Sistema,173205333.72000,2013-06-06
Sistema,175533224.78000,2013-06-07
Sistema,167109844.96000,2013-06-08
Sistema,146870125.44000,2013-06-09
Sistema,150400775.80000,2013-06-10
Sistema,170714652.32000,2013-06-11
Sistema,171493240.30000,2013-06-12
Sistema,173830508.20000,2013-06-13
Sistema,173073326.55000,2013-06-14
Sistema,163131123.22000,2013-06-15
Sistema,145854614.30000,2013-06-16
Sistema,172690461.31000,2013-06-17
Sistema,176795121.61000,2013-06-18
Sistema,174219062.87000,2013-06-19
Sistema,174228761.10000,2013-06-20
Sistema,174522626.55000,2013-06-21
Sistema,165893299.93000,2013-06-22
Sistema,147778065.70000,2013-06-23
Sistema,169908835.87000,2013-06-24
Sistema,172043744.24000,2013-06-25
Sistema,174344238.18000,2013-06-26
Sistema,175128766.67000,2013-06-27
Sistema,169537215.08000,2013-06-28
Sistema,158346983.75000,2013-06-29
Sistema,140846064.19000,2013-06-30
Sistema,140506915.14000,2013-07-01
Sistema,164313312.62000,2013-07-02
Sistema,172412056.78000,2013-07-03
Sistema,175100248.33000,2013-07-04
Sistema,173883870.23000,2013-07-05
Sistema,164380973.75000,2013-07-06
Sistema,147571049.28000,2013-07-07
Sistema,172750608.87000,2013-07-08
Sistema,172517265.38000,2013-07-09
Sistema,170209113.83000,2013-07-10
Sistema,169578028.77000,2013-07-11
Sistema,172570140.93000,2013-07-12
Sistema,164212625.55000,2013-07-13
Sistema,148399930.21000,2013-07-14
Sistema,173827637.09000,2013-07-15
Sistema,176069387.31000,2013-07-16
Sistema,176534021.55000,2013-07-17
Sistema,176503032.47000,2013-07-18
Sistema,174409110.25000,2013-07-19
Sistema,152880822.64000,2013-07-20
Sistema,146210015.32000,2013-07-21
Sistema,173349836.28000,2013-07-22
Sistema,175933600.99000,2013-07-23
Sistema,178506210.01000,2013-07-24
Sistema,179268903.35000,2013-07-25
Sistema,176229196.90000,2013-07-26
Sistema,164760738.17000,2013-07-27
Sistema,149639136.54000,2013-07-28
Sistema,172516923.93000,2013-07-29
Sistema,174735389.04000,2013-07-30
Sistema,175720265.23000,2013-07-31
Sistema,174376949.48000,2013-08-01
Sistema,174559860.89000,2013-08-02
Sistema,165868525.73000,2013-08-03
Sistema,149381924.21000,2013-08-04
Sistema,175573410.32000,2013-08-05
Sistema,178577963.55000,2013-08-06
Sistema,158639181.23000,2013-08-07
Sistema,173755604.81000,2013-08-08
Sistema,174073858.82000,2013-08-09
Sistema,162761727.88000,2013-08-10
Sistema,144934498.07000,2013-08-11
Sistema,166974234.63000,2013-08-12
Sistema,170683632.14000,2013-08-13
Sistema,174288724.25000,2013-08-14
Sistema,177302470.39000,2013-08-15
Sistema,176319210.64000,2013-08-16
Sistema,166708918.63000,2013-08-17
Sistema,147596057.62000,2013-08-18
Sistema,150653835.59000,2013-08-19
Sistema,173985787.98000,2013-08-20
Sistema,176472191.89000,2013-08-21
Sistema,177291611.98000,2013-08-22
Sistema,177082742.92000,2013-08-23
Sistema,164790093.73000,2013-08-24
Sistema,147923976.73000,2013-08-25
Sistema,170735404.07000,2013-08-26
Sistema,169559041.68000,2013-08-27
Sistema,172649806.68000,2013-08-28
Sistema,171079161.96000,2013-08-29
Sistema,169134400.53000,2013-08-30
Sistema,162741293.58000,2013-08-31
Sistema,144609221.61000,2013-09-01
Sistema,170868978.24000,2013-09-02
Sistema,172024861.39000,2013-09-03
Sistema,173013588.49000,2013-09-04
Sistema,175583267.41000,2013-09-05
Sistema,173994684.86000,2013-09-06
Sistema,164645817.62000,2013-09-07
Sistema,148957990.10000,2013-09-08
Sistema,173276038.21000,2013-09-09
Sistema,175151315.34000,2013-09-10
Sistema,172526322.11000,2013-09-11
Sistema,173519331.27000,2013-09-12
Sistema,175870829.43000,2013-09-13
Sistema,167014120.69000,2013-09-14
Sistema,151522570.06000,2013-09-15
Sistema,175586593.98000,2013-09-16
Sistema,178043798.80000,2013-09-17
Sistema,175729293.15000,2013-09-18
Sistema,173585276.41000,2013-09-19
Sistema,177776570.23000,2013-09-20
Sistema,169643610.87000,2013-09-21
Sistema,152485372.06000,2013-09-22
Sistema,178527570.67000,2013-09-23
Sistema,181029476.11000,2013-09-24
Sistema,181548276.26000,2013-09-25
Sistema,176675008.90000,2013-09-26
Sistema,176300109.37000,2013-09-27
Sistema,162174053.65000,2013-09-28
Sistema,145170634.81000,2013-09-29
Sistema,167750172.26000,2013-09-30
Sistema,170653599.45000,2013-10-01
Sistema,173140071.36000,2013-10-02
Sistema,177865752.04000,2013-10-03
Sistema,171838308.30000,2013-10-04
Sistema,165308256.39000,2013-10-05
Sistema,150018763.81000,2013-10-06
Sistema,173710627.73000,2013-10-07
Sistema,175300248.57000,2013-10-08
Sistema,176924546.33000,2013-10-09
Sistema,178076231.00000,2013-10-10
Sistema,175430292.31000,2013-10-11
Sistema,165972596.82000,2013-10-12
Sistema,145779923.71000,2013-10-13
Sistema,148363898.24000,2013-10-14
Sistema,170962434.38000,2013-10-15
Sistema,169418459.82000,2013-10-16
Sistema,169887967.08000,2013-10-17
Sistema,174985982.00000,2013-10-18
Sistema,166447746.22000,2013-10-19
Sistema,149655119.96000,2013-10-20
Sistema,172479158.45000,2013-10-21
Sistema,172384907.29000,2013-10-22
Sistema,176023551.12000,2013-10-23
Sistema,175455937.24000,2013-10-24
Sistema,177080788.63000,2013-10-25
Sistema,168035615.91000,2013-10-26
Sistema,151926604.80000,2013-10-27
Sistema,176222553.33000,2013-10-28
Sistema,178915966.63000,2013-10-29
Sistema,177437773.63000,2013-10-30
Sistema,173347251.77000,2013-10-31
Sistema,172533310.05000,2013-11-01
Sistema,163964739.84000,2013-11-02
Sistema,145209464.68000,2013-11-03
Sistema,148440661.71000,2013-11-04
Sistema,171170716.20000,2013-11-05
Sistema,172689966.78000,2013-11-06
Sistema,171423253.94000,2013-11-07
Sistema,173294082.22000,2013-11-08
Sistema,166186505.56000,2013-11-09
Sistema,148412504.54000,2013-11-10
Sistema,153667305.00000,2013-11-11
Sistema,177852113.52000,2013-11-12
Sistema,178652886.20000,2013-11-13
Sistema,179528576.80000,2013-11-14
Sistema,180676917.56000,2013-11-15
Sistema,172087626.06000,2013-11-16
Sistema,155132408.84000,2013-11-17
Sistema,176917848.47000,2013-11-18
Sistema,178457603.88000,2013-11-19
Sistema,176132963.73000,2013-11-20
Sistema,178380931.92000,2013-11-21
Sistema,178235003.60000,2013-11-22
Sistema,169650817.38000,2013-11-23
Sistema,151052914.90000,2013-11-24
Sistema,173556648.17000,2013-11-25
Sistema,177462382.74000,2013-11-26
Sistema,177091464.96000,2013-11-27
Sistema,177474911.88000,2013-11-28
Sistema,176007944.75000,2013-11-29
Sistema,164354815.06000,2013-11-30
Sistema,146616623.28000,2013-12-01
Sistema,170703232.56000,2013-12-02
Sistema,172922823.10000,2013-12-03
Sistema,174126649.00000,2013-12-04
Sistema,178116266.50000,2013-12-05
Sistema,178262280.82000,2013-12-06
Sistema,167112311.04000,2013-12-07
Sistema,149084525.45000,2013-12-08
Sistema,173740875.07000,2013-12-09
Sistema,177467332.71000,2013-12-10
Sistema,179122081.40000,2013-12-11
Sistema,179855920.64000,2013-12-12
Sistema,178575630.59000,2013-12-13
Sistema,168139879.71000,2013-12-14
Sistema,153782717.01000,2013-12-15
Sistema,177982489.47000,2013-12-16
Sistema,179630952.97000,2013-12-17
Sistema,178914240.18000,2013-12-18
Sistema,179034495.53000,2013-12-19
Sistema,176114402.57000,2013-12-20
Sistema,165970543.24000,2013-12-21
Sistema,151913729.65000,2013-12-22
Sistema,167636709.01000,2013-12-23
Sistema,154775124.43000,2013-12-24
Sistema,133711566.67000,2013-12-25
Sistema,162703697.09000,2013-12-26
Sistema,168428899.79000,2013-12-27
Sistema,162826415.98000,2013-12-28
Sistema,151355118.31000,2013-12-29
Sistema,164875961.54000,2013-12-30
Sistema,152937083.00000,2013-12-31
Sistema,129772795.67000,2014-01-01
Sistema,153474119.40000,2014-01-02
Sistema,162368017.20000,2014-01-03
Sistema,157250885.00000,2014-01-04
Sistema,143641164.20000,2014-01-05
Sistema,145292689.45000,2014-01-06
Sistema,163894092.20000,2014-01-07
Sistema,167057768.14000,2014-01-08
Sistema,167867003.27000,2014-01-09
Sistema,168430791.35000,2014-01-10
Sistema,160746346.53000,2014-01-11
Sistema,144942035.32000,2014-01-12
Sistema,169813157.92000,2014-01-13
Sistema,174587507.42000,2014-01-14
Sistema,176258228.07000,2014-01-15
Sistema,176028818.17000,2014-01-16
Sistema,176599591.30000,2014-01-17
Sistema,167739673.18000,2014-01-18
Sistema,150246059.42000,2014-01-19
Sistema,175795203.01000,2014-01-20
Sistema,178816925.29000,2014-01-21
Sistema,178923489.08000,2014-01-22
Sistema,178295852.84000,2014-01-23
Sistema,179503443.67000,2014-01-24
Sistema,169873064.36000,2014-01-25
Sistema,151410829.44000,2014-01-26
Sistema,177322495.80000,2014-01-27
Sistema,181060588.98000,2014-01-28
Sistema,182280077.40000,2014-01-29
Sistema,180109070.11000,2014-01-30
Sistema,177488047.15000,2014-01-31
Sistema,168147850.17000,2014-02-01
Sistema,151375306.44000,2014-02-02
Sistema,176233156.31000,2014-02-03
Sistema,179248098.78000,2014-02-04
Sistema,178005504.38000,2014-02-05
Sistema,177822932.13000,2014-02-06
Sistema,180011690.36000,2014-02-07
Sistema,170424751.59000,2014-02-08
Sistema,153933026.75000,2014-02-09
Sistema,179279302.51000,2014-02-10
Sistema,181563387.34000,2014-02-11
Sistema,182803080.67000,2014-02-12
Sistema,182208484.28000,2014-02-13
Sistema,181537012.99000,2014-02-14
Sistema,173230404.59000,2014-02-15
Sistema,154276053.04000,2014-02-16
Sistema,179955261.47000,2014-02-17
Sistema,180819739.49000,2014-02-18
Sistema,181011958.01000,2014-02-19
Sistema,181895706.54000,2014-02-20
Sistema,180995625.63000,2014-02-21
Sistema,171442350.68000,2014-02-22
Sistema,154291972.99000,2014-02-23
Sistema,178825301.14000,2014-02-24
Sistema,180764948.99000,2014-02-25
Sistema,181220247.54000,2014-02-26
Sistema,181276952.30000,2014-02-27
Sistema,179478012.84000,2014-02-28
Sistema,166773539.09000,2014-03-01
Sistema,147638823.56000,2014-03-02
Sistema,171371831.55000,2014-03-03
Sistema,175358494.55000,2014-03-04
Sistema,179198109.05000,2014-03-05
Sistema,179449308.25000,2014-03-06
Sistema,180569056.76000,2014-03-07
Sistema,169882325.14000,2014-03-08
Sistema,148175014.40000,2014-03-09
Sistema,174178103.65000,2014-03-10
Sistema,178216004.68000,2014-03-11
Sistema,177269141.32000,2014-03-12
Sistema,177105396.96000,2014-03-13
Sistema,177680256.64000,2014-03-14
Sistema,166453680.40000,2014-03-15
Sistema,148922227.77000,2014-03-16
Sistema,176557264.03000,2014-03-17
Sistema,179405777.28000,2014-03-18
Sistema,180199848.05000,2014-03-19
Sistema,181962505.74000,2014-03-20
Sistema,182395307.58000,2014-03-21
Sistema,173114062.83000,2014-03-22
Sistema,152084874.15000,2014-03-23
Sistema,154670612.37000,2014-03-24
Sistema,176149918.81000,2014-03-25
Sistema,179283264.31000,2014-03-26
Sistema,179592489.72000,2014-03-27
Sistema,181251038.82000,2014-03-28
Sistema,172642351.14000,2014-03-29
Sistema,153129878.36000,2014-03-30
Sistema,176049489.98000,2014-03-31
Sistema,178946015.69000,2014-04-01
Sistema,180436348.23000,2014-04-02
Sistema,180284096.69000,2014-04-03
Sistema,181475975.88000,2014-04-04
Sistema,171547400.16000,2014-04-05
Sistema,155003214.15000,2014-04-06
Sistema,178838417.01000,2014-04-07
Sistema,181873891.53000,2014-04-08
Sistema,181444024.76000,2014-04-09
Sistema,181829801.23000,2014-04-10
Sistema,184165421.42000,2014-04-11
Sistema,173945045.13000,2014-04-12
Sistema,156997608.00000,2014-04-13
Sistema,179171351.77000,2014-04-14
Sistema,177292817.44000,2014-04-15
Sistema,171930299.02000,2014-04-16
Sistema,147125472.80000,2014-04-17
Sistema,138707478.51000,2014-04-18
Sistema,152346514.18000,2014-04-19
Sistema,148792752.57000,2014-04-20
Sistema,177474313.23000,2014-04-21
Sistema,179356440.98000,2014-04-22
Sistema,180673763.55000,2014-04-23
Sistema,177064346.85000,2014-04-24
Sistema,181558701.96000,2014-04-25
Sistema,170191532.87000,2014-04-26
Sistema,154669023.02000,2014-04-27
Sistema,181136829.25000,2014-04-28
Sistema,183275376.54000,2014-04-29
Sistema,181449515.09000,2014-04-30
Sistema,158729750.04000,2014-05-01
Sistema,177248461.80000,2014-05-02
Sistema,170644459.10000,2014-05-03
Sistema,153792933.62000,2014-05-04
Sistema,178891439.52000,2014-05-05
Sistema,181498356.23000,2014-05-06
Sistema,179422878.61000,2014-05-07
Sistema,181280984.90000,2014-05-08
Sistema,179635031.06000,2014-05-09
Sistema,170269135.86000,2014-05-10
Sistema,149810681.14000,2014-05-11
Sistema,178660235.95000,2014-05-12
Sistema,182620401.46000,2014-05-13
Sistema,183411908.23000,2014-05-14
Sistema,180708775.30000,2014-05-15
Sistema,180657790.22000,2014-05-16
Sistema,171541120.67000,2014-05-17
Sistema,154156773.60000,2014-05-18
Sistema,178063597.40000,2014-05-19
Sistema,180011318.80000,2014-05-20
Sistema,178898425.81000,2014-05-21
Sistema,181016510.10000,2014-05-22
Sistema,181202902.26000,2014-05-23
Sistema,171610851.82000,2014-05-24
Sistema,154316327.36000,2014-05-25
Sistema,178853345.52000,2014-05-26
Sistema,180366587.01000,2014-05-27
Sistema,180520383.47000,2014-05-28
Sistema,179984340.63000,2014-05-29
Sistema,180572407.87000,2014-05-30
Sistema,172476648.71000,2014-05-31
Sistema,152855847.82000,2014-06-01
Sistema,155550252.87000,2014-06-02
Sistema,180321131.62000,2014-06-03
Sistema,184124612.78000,2014-06-04
Sistema,186043545.80000,2014-06-05
Sistema,186730248.33000,2014-06-06
Sistema,174724510.61000,2014-06-07
Sistema,155519223.61000,2014-06-08
Sistema,182552290.88000,2014-06-09
Sistema,183760373.39000,2014-06-10
Sistema,184174864.43000,2014-06-11
Sistema,187233193.40000,2014-06-12
Sistema,186921644.25000,2014-06-13
Sistema,171347114.58000,2014-06-14
Sistema,153731324.86000,2014-06-15
Sistema,182214443.49000,2014-06-16
Sistema,185154155.67000,2014-06-17
Sistema,185596687.39000,2014-06-18
Sistema,183862195.47000,2014-06-19
Sistema,183340710.54000,2014-06-20
Sistema,173728901.10000,2014-06-21
Sistema,154021014.43000,2014-06-22
Sistema,158700715.26000,2014-06-23
Sistema,179161875.47000,2014-06-24
Sistema,177460548.99000,2014-06-25
Sistema,178418194.59000,2014-06-26
Sistema,178426124.55000,2014-06-27
Sistema,167107975.79000,2014-06-28
Sistema,151271646.07000,2014-06-29
Sistema,154019070.78000,2014-06-30
Sistema,175442740.75000,2014-07-01
Sistema,178265505.54000,2014-07-02
Sistema,182418665.80000,2014-07-03
Sistema,176020197.54000,2014-07-04
Sistema,170526327.63000,2014-07-05
Sistema,153290172.46000,2014-07-06
Sistema,178272096.06000,2014-07-07
Sistema,181738441.97000,2014-07-08
Sistema,182840824.24000,2014-07-09
Sistema,180702044.10000,2014-07-10
Sistema,181924679.04000,2014-07-11
Sistema,174068122.15000,2014-07-12
Sistema,156912737.18000,2014-07-13
Sistema,180169925.49000,2014-07-14
Sistema,181615933.64000,2014-07-15
Sistema,182471887.00000,2014-07-16
Sistema,184415930.55000,2014-07-17
Sistema,185241856.35000,2014-07-18
Sistema,175860852.71000,2014-07-19
Sistema,156374727.79000,2014-07-20
Sistema,180146948.36000,2014-07-21
Sistema,186606508.94000,2014-07-22
Sistema,187802674.79000,2014-07-23
Sistema,187734524.63000,2014-07-24
Sistema,187459819.68000,2014-07-25
Sistema,175855012.11000,2014-07-26
Sistema,153964431.41000,2014-07-27
Sistema,182251942.05000,2014-07-28
Sistema,185220133.15000,2014-07-29
Sistema,183460413.99000,2014-07-30
Sistema,184514451.39000,2014-07-31
Sistema,183781388.02000,2014-08-01
Sistema,170708860.72000,2014-08-02
Sistema,151065192.75000,2014-08-03
Sistema,178198202.86000,2014-08-04
Sistema,181995913.08000,2014-08-05
Sistema,182102594.35000,2014-08-06
Sistema,161041243.06000,2014-08-07
Sistema,180186980.89000,2014-08-08
Sistema,170846424.69000,2014-08-09
Sistema,152833852.16000,2014-08-10
Sistema,180121500.11000,2014-08-11
Sistema,182776444.15000,2014-08-12
Sistema,182323217.87000,2014-08-13
Sistema,182715606.87000,2014-08-14
Sistema,186448769.74000,2014-08-15
Sistema,178090967.37000,2014-08-16
Sistema,154479580.01000,2014-08-17
Sistema,156810094.84000,2014-08-18
Sistema,180544240.82000,2014-08-19
Sistema,183550817.15000,2014-08-20
Sistema,184603026.77000,2014-08-21
Sistema,185404492.66000,2014-08-22
Sistema,173509750.90000,2014-08-23
Sistema,155886768.08000,2014-08-24
Sistema,181073600.61000,2014-08-25
Sistema,180669476.31000,2014-08-26
Sistema,181114094.25000,2014-08-27
Sistema,179181304.05000,2014-08-28
Sistema,182448333.71000,2014-08-29
Sistema,175366792.99000,2014-08-30
Sistema,159001615.17000,2014-08-31
Sistema,184828563.21000,2014-09-01
Sistema,185792891.74000,2014-09-02
Sistema,182531402.90000,2014-09-03
Sistema,183010044.24000,2014-09-04
Sistema,186911234.39000,2014-09-05
Sistema,175132322.27000,2014-09-06
Sistema,156641573.52000,2014-09-07
Sistema,182738016.53000,2014-09-08
Sistema,187551897.36000,2014-09-09
Sistema,188148833.99000,2014-09-10
Sistema,185722097.08000,2014-09-11
Sistema,183395233.81000,2014-09-12
Sistema,173667785.53000,2014-09-13
Sistema,155645955.64000,2014-09-14
Sistema,177897542.20000,2014-09-15
Sistema,181993548.66000,2014-09-16
Sistema,180115055.15000,2014-09-17
Sistema,181111517.50000,2014-09-18
Sistema,182573544.16000,2014-09-19
Sistema,172252177.78000,2014-09-20
Sistema,151773106.31000,2014-09-21
Sistema,176492091.34000,2014-09-22
Sistema,179914364.11000,2014-09-23
Sistema,183913687.88000,2014-09-24
Sistema,184446701.51000,2014-09-25
Sistema,182217624.63000,2014-09-26
Sistema,173096092.90000,2014-09-27
Sistema,155595457.90000,2014-09-28
Sistema,182590319.19000,2014-09-29
Sistema,188073669.98000,2014-09-30
Sistema,184454298.37000,2014-10-01
Sistema,186266408.79000,2014-10-02
Sistema,187981771.93000,2014-10-03
Sistema,177395030.21000,2014-10-04
Sistema,156260263.77000,2014-10-05
Sistema,180934818.51000,2014-10-06
Sistema,184229981.11000,2014-10-07
Sistema,182007052.65000,2014-10-08
Sistema,177342683.41000,2014-10-09
Sistema,178928760.60000,2014-10-10
Sistema,169485227.92000,2014-10-11
Sistema,148495207.34000,2014-10-12
Sistema,153155923.87000,2014-10-13
Sistema,178669639.15000,2014-10-14
Sistema,181746174.54000,2014-10-15
Sistema,184578820.47000,2014-10-16
Sistema,184851936.49000,2014-10-17
Sistema,172491237.81000,2014-10-18
Sistema,153564122.39000,2014-10-19
Sistema,176429931.31000,2014-10-20
Sistema,182015929.66000,2014-10-21
Sistema,183622779.63000,2014-10-22
Sistema,184061963.93000,2014-10-23
Sistema,184028685.92000,2014-10-24
Sistema,173282595.13000,2014-10-25
Sistema,152397092.28000,2014-10-26
Sistema,176406498.13000,2014-10-27
Sistema,182237197.72000,2014-10-28
Sistema,184261491.38000,2014-10-29
Sistema,182920655.27000,2014-10-30
Sistema,176776085.82000,2014-10-31
Sistema,169287108.71000,2014-11-01
Sistema,152635879.64000,2014-11-02
Sistema,157516175.27000,2014-11-03
Sistema,181450216.36000,2014-11-04
Sistema,183618397.13000,2014-11-05
Sistema,184362842.70000,2014-11-06
Sistema,184403991.31000,2014-11-07
Sistema,175514195.70000,2014-11-08
Sistema,157337265.19000,2014-11-09
Sistema,178931150.89000,2014-11-10
Sistema,178785986.18000,2014-11-11
Sistema,178465589.79000,2014-11-12
Sistema,177651902.72000,2014-11-13
Sistema,179009194.38000,2014-11-14
Sistema,170973528.50000,2014-11-15
Sistema,151695451.53000,2014-11-16
Sistema,158278076.70000,2014-11-17
Sistema,183494838.38000,2014-11-18
Sistema,182267612.97000,2014-11-19
Sistema,183638677.63000,2014-11-20
Sistema,184993593.17000,2014-11-21
Sistema,174568142.81000,2014-11-22
Sistema,158447756.46000,2014-11-23
Sistema,184846152.71000,2014-11-24
Sistema,186527144.57000,2014-11-25
Sistema,184885477.48000,2014-11-26
Sistema,184524464.48000,2014-11-27
Sistema,186025077.21000,2014-11-28
Sistema,177411887.18000,2014-11-29
Sistema,159147743.30000,2014-11-30
Sistema,183829117.34000,2014-12-01
Sistema,187179106.88000,2014-12-02
Sistema,187799226.99000,2014-12-03
Sistema,187150307.09000,2014-12-04
Sistema,184635878.06000,2014-12-05
Sistema,174520898.98000,2014-12-06
Sistema,157167702.48000,2014-12-07
Sistema,158158359.63000,2014-12-08
Sistema,180941197.34000,2014-12-09
Sistema,182319276.28000,2014-12-10
Sistema,181255476.17000,2014-12-11
Sistema,183573329.61000,2014-12-12
Sistema,172231392.44000,2014-12-13
Sistema,154364909.10000,2014-12-14
Sistema,179661723.18000,2014-12-15
Sistema,183562576.67000,2014-12-16
Sistema,185486285.02000,2014-12-17
Sistema,185878541.07000,2014-12-18
Sistema,184656010.84000,2014-12-19
Sistema,174460665.77000,2014-12-20
Sistema,159816648.16000,2014-12-21
Sistema,178934361.64000,2014-12-22
Sistema,178756131.38000,2014-12-23
Sistema,166324937.16000,2014-12-24
Sistema,142998227.49000,2014-12-25
Sistema,170062418.94000,2014-12-26
Sistema,168816424.89000,2014-12-27
Sistema,157706857.14000,2014-12-28
Sistema,173677826.52000,2014-12-29
Sistema,173036729.40000,2014-12-30
Sistema,158427361.57000,2014-12-31
Sistema,135497872.81000,2015-01-01
Sistema,157184369.20000,2015-01-02
Sistema,157588426.45000,2015-01-03
Sistema,148230033.41000,2015-01-04
Sistema,169400529.85000,2015-01-05
Sistema,172672920.35000,2015-01-06
Sistema,174365674.47000,2015-01-07
Sistema,174756240.01000,2015-01-08
Sistema,175853733.81000,2015-01-09
Sistema,168105443.22000,2015-01-10
Sistema,152259208.85000,2015-01-11
Sistema,155328081.47000,2015-01-12
Sistema,177572208.25000,2015-01-13
Sistema,180868418.47000,2015-01-14
Sistema,180611289.47000,2015-01-15
Sistema,182462964.48000,2015-01-16
Sistema,171703166.92000,2015-01-17
Sistema,153875311.54000,2015-01-18
Sistema,179068655.07000,2015-01-19
Sistema,181119941.92000,2015-01-20
Sistema,180734794.51000,2015-01-21
Sistema,179590226.58000,2015-01-22
Sistema,180120311.32000,2015-01-23
Sistema,171656237.26000,2015-01-24
Sistema,155457530.42000,2015-01-25
Sistema,181631885.41000,2015-01-26
Sistema,185036978.04000,2015-01-27
Sistema,184190405.73000,2015-01-28
Sistema,184650584.51000,2015-01-29
Sistema,185044072.05000,2015-01-30
Sistema,173018578.91000,2015-01-31
Sistema,154861964.34000,2015-02-01
Sistema,180603273.47000,2015-02-02
Sistema,183139670.52000,2015-02-03
Sistema,186048383.17000,2015-02-04
Sistema,187310638.98000,2015-02-05
Sistema,186336308.50000,2015-02-06
Sistema,174480918.23000,2015-02-07
Sistema,154603590.01000,2015-02-08
Sistema,179343592.85000,2015-02-09
Sistema,182971633.71000,2015-02-10
Sistema,183151744.38000,2015-02-11
Sistema,183639378.94000,2015-02-12
Sistema,186982101.99000,2015-02-13
Sistema,175975770.87000,2015-02-14
Sistema,157288718.01000,2015-02-15
Sistema,183426052.11000,2015-02-16
Sistema,186425508.07000,2015-02-17
Sistema,189117359.71000,2015-02-18
Sistema,188217535.75000,2015-02-19
Sistema,187828056.37000,2015-02-20
Sistema,178402643.83000,2015-02-21
Sistema,161124161.64000,2015-02-22
Sistema,185674086.08000,2015-02-23
Sistema,188684117.34000,2015-02-24
Sistema,188195393.64000,2015-02-25
Sistema,187336904.56000,2015-02-26
Sistema,188530281.94000,2015-02-27
Sistema,178613932.36000,2015-02-28
Sistema,158212666.12000,2015-03-01
Sistema,182514903.40000,2015-03-02
Sistema,186547724.25000,2015-03-03
Sistema,187348366.47000,2015-03-04
Sistema,188029002.17000,2015-03-05
Sistema,186590594.84000,2015-03-06
Sistema,175496611.98000,2015-03-07
Sistema,157438093.41000,2015-03-08
Sistema,185107712.43000,2015-03-09
Sistema,188202573.10000,2015-03-10
Sistema,190684586.42000,2015-03-11
Sistema,190652307.69000,2015-03-12
Sistema,189263846.99000,2015-03-13
Sistema,178038241.79000,2015-03-14
Sistema,158588266.42000,2015-03-15
Sistema,182815620.23000,2015-03-16
Sistema,184337085.74000,2015-03-17
Sistema,180960635.19000,2015-03-18
Sistema,179712202.09000,2015-03-19
Sistema,179324152.61000,2015-03-20
Sistema,171181692.73000,2015-03-21
Sistema,153687955.27000,2015-03-22
Sistema,158230341.14000,2015-03-23
Sistema,182774757.51000,2015-03-24
Sistema,184836940.36000,2015-03-25
Sistema,186689757.27000,2015-03-26
Sistema,189296030.08000,2015-03-27
Sistema,180053186.63000,2015-03-28
Sistema,158023222.28000,2015-03-29
Sistema,178171046.82000,2015-03-30
Sistema,180567280.25000,2015-03-31
Sistema,176783930.69000,2015-04-01
Sistema,150698670.05000,2015-04-02
Sistema,140446568.84000,2015-04-03
Sistema,154013446.20000,2015-04-04
Sistema,150685496.37000,2015-04-05
Sistema,180245410.42000,2015-04-06
Sistema,183822859.30000,2015-04-07
Sistema,183433435.35000,2015-04-08
Sistema,185114471.56000,2015-04-09
Sistema,188419974.16000,2015-04-10
Sistema,176395420.32000,2015-04-11
Sistema,158300648.59000,2015-04-12
Sistema,183119081.54000,2015-04-13
Sistema,185944777.08000,2015-04-14
Sistema,185495583.30000,2015-04-15
Sistema,182753991.65000,2015-04-16
Sistema,180522407.50000,2015-04-17
Sistema,172315966.29000,2015-04-18
Sistema,152522547.56000,2015-04-19
Sistema,178988282.76000,2015-04-20
Sistema,181494282.41000,2015-04-21
Sistema,185257552.36000,2015-04-22
Sistema,185579899.06000,2015-04-23
Sistema,187458000.42000,2015-04-24
Sistema,176857411.08000,2015-04-25
Sistema,159248392.58000,2015-04-26
Sistema,186982888.14000,2015-04-27
Sistema,189623159.48000,2015-04-28
Sistema,189273733.55000,2015-04-29
Sistema,186267835.53000,2015-04-30
Sistema,162125058.97000,2015-05-01
Sistema,168781386.61000,2015-05-02
Sistema,157909240.09000,2015-05-03
Sistema,184964336.09000,2015-05-04
Sistema,191179568.80000,2015-05-05
Sistema,191955217.69000,2015-05-06
Sistema,192618861.67000,2015-05-07
Sistema,192735609.97000,2015-05-08
Sistema,182886347.16000,2015-05-09
Sistema,162459148.71000,2015-05-10
Sistema,192658287.11000,2015-05-11
Sistema,197408270.14000,2015-05-12
Sistema,196449898.04000,2015-05-13
Sistema,193925344.33000,2015-05-14
Sistema,190142179.45000,2015-05-15
Sistema,179462898.38000,2015-05-16
Sistema,157344589.84000,2015-05-17
Sistema,161876120.91000,2015-05-18
Sistema,186395637.81000,2015-05-19
Sistema,190493819.97000,2015-05-20
Sistema,189949406.63000,2015-05-21
Sistema,188744284.62000,2015-05-22
Sistema,180713308.30000,2015-05-23
Sistema,163367354.02000,2015-05-24
Sistema,184923561.51000,2015-05-25
Sistema,189572792.93000,2015-05-26
Sistema,189432053.92000,2015-05-27
Sistema,186277054.59000,2015-05-28
Sistema,184239424.09000,2015-05-29
Sistema,174094792.01000,2015-05-30
Sistema,157817601.38000,2015-05-31
Sistema,183717835.23000,2015-06-01
Sistema,185733191.83000,2015-06-02
Sistema,187823749.42000,2015-06-03
Sistema,190011277.04000,2015-06-04
Sistema,187955223.35000,2015-06-05
Sistema,179042031.40000,2015-06-06
Sistema,157367973.59000,2015-06-07
Sistema,158320451.91000,2015-06-08
Sistema,181601731.00000,2015-06-09
Sistema,185381418.30000,2015-06-10
Sistema,186852646.06000,2015-06-11
Sistema,190108345.27000,2015-06-12
Sistema,179411006.35000,2015-06-13
Sistema,159995739.64000,2015-06-14
Sistema,162173484.34000,2015-06-15
Sistema,188188427.73000,2015-06-16
Sistema,191202041.66000,2015-06-17
Sistema,192508380.17000,2015-06-18
Sistema,192749874.57000,2015-06-19
Sistema,181834448.27000,2015-06-20
Sistema,161933841.16000,2015-06-21
Sistema,186487586.72000,2015-06-22
Sistema,189497249.25000,2015-06-23
Sistema,191113753.55000,2015-06-24
Sistema,191333447.27000,2015-06-25
Sistema,190387998.43000,2015-06-26
Sistema,178442388.63000,2015-06-27
Sistema,157723363.73000,2015-06-28
Sistema,160928487.33000,2015-06-29
Sistema,184098146.65000,2015-06-30
Sistema,188125395.41000,2015-07-01
Sistema,188377110.11000,2015-07-02
Sistema,189924332.18000,2015-07-03
Sistema,181132661.29000,2015-07-04
Sistema,161771544.21000,2015-07-05
Sistema,185495769.72000,2015-07-06
Sistema,186304445.45000,2015-07-07
Sistema,187790966.50000,2015-07-08
Sistema,190041877.53000,2015-07-09
Sistema,190526824.23000,2015-07-10
Sistema,180965586.88000,2015-07-11
Sistema,162308096.62000,2015-07-12
Sistema,188659894.75000,2015-07-13
Sistema,191246924.35000,2015-07-14
Sistema,188193662.16000,2015-07-15
Sistema,188318074.72000,2015-07-16
Sistema,189080883.72000,2015-07-17
Sistema,177031082.12000,2015-07-18
Sistema,156534275.87000,2015-07-19
Sistema,158706091.51000,2015-07-20
Sistema,184306607.81000,2015-07-21
Sistema,187693516.08000,2015-07-22
Sistema,186681198.53000,2015-07-23
Sistema,188472344.14000,2015-07-24
Sistema,179990889.44000,2015-07-25
Sistema,163033425.42000,2015-07-26
Sistema,188247458.42000,2015-07-27
Sistema,190763618.08000,2015-07-28
Sistema,191441049.91000,2015-07-29
Sistema,189148496.08000,2015-07-30
Sistema,188914365.92000,2015-07-31
Sistema,179232579.01000,2015-08-01
Sistema,162497327.32000,2015-08-02
Sistema,188696884.46000,2015-08-03
Sistema,191416990.70000,2015-08-04
Sistema,193943431.15000,2015-08-05
Sistema,193642835.31000,2015-08-06
Sistema,174411931.09000,2015-08-07
Sistema,173706830.34000,2015-08-08
Sistema,155626322.17000,2015-08-09
Sistema,185028461.71000,2015-08-10
Sistema,187751174.47000,2015-08-11
Sistema,193066747.49000,2015-08-12
Sistema,191571854.19000,2015-08-13
Sistema,192036383.43000,2015-08-14
Sistema,180830134.81000,2015-08-15
Sistema,160103490.96000,2015-08-16
Sistema,163501003.69000,2015-08-17
Sistema,187294147.21000,2015-08-18
Sistema,193463952.36000,2015-08-19
Sistema,194573925.35000,2015-08-20
Sistema,194076595.27000,2015-08-21
Sistema,184220285.02000,2015-08-22
Sistema,165119711.18000,2015-08-23
Sistema,190032158.94000,2015-08-24
Sistema,192631671.31000,2015-08-25
Sistema,190880851.10000,2015-08-26
Sistema,193128604.84000,2015-08-27
Sistema,194656806.90000,2015-08-28
Sistema,186605536.35000,2015-08-29
Sistema,165937169.49000,2015-08-30
Sistema,191668104.15000,2015-08-31
Sistema,193180567.54000,2015-09-01
Sistema,195368382.67000,2015-09-02
Sistema,194930671.90000,2015-09-03
Sistema,197431032.58000,2015-09-04
Sistema,188205671.59000,2015-09-05
Sistema,166151567.06000,2015-09-06
Sistema,193319545.66000,2015-09-07
Sistema,198364619.30000,2015-09-08
Sistema,197295873.87000,2015-09-09
Sistema,195267746.76000,2015-09-10
Sistema,188499099.58000,2015-09-11
Sistema,180657768.22000,2015-09-12
Sistema,165209166.73000,2015-09-13
Sistema,194549214.50000,2015-09-14
Sistema,198271938.10000,2015-09-15
Sistema,199068989.01000,2015-09-16
Sistema,195142121.49000,2015-09-17
Sistema,193065650.80000,2015-09-18
Sistema,182369927.85000,2015-09-19
Sistema,163248515.53000,2015-09-20
Sistema,191756312.22000,2015-09-21
Sistema,197422875.57000,2015-09-22
Sistema,197170570.45000,2015-09-23
Sistema,195387748.46000,2015-09-24
Sistema,197779541.22000,2015-09-25
Sistema,186350168.77000,2015-09-26
Sistema,169062088.30000,2015-09-27
Sistema,196383946.51000,2015-09-28
Sistema,197881155.89000,2015-09-29
Sistema,192408150.64000,2015-09-30
Sistema,188370629.45000,2015-10-01
Sistema,189647953.36000,2015-10-02
Sistema,182669557.39000,2015-10-03
Sistema,164454760.88000,2015-10-04
Sistema,193982333.51000,2015-10-05
Sistema,197731459.02000,2015-10-06
Sistema,196191665.52000,2015-10-07
Sistema,196208431.18000,2015-10-08
Sistema,196162519.24000,2015-10-09
Sistema,183531341.72000,2015-10-10
Sistema,160000562.27000,2015-10-11
Sistema,163128240.86000,2015-10-12
Sistema,190239206.40000,2015-10-13
Sistema,188234782.67000,2015-10-14
Sistema,189410002.55000,2015-10-15
Sistema,191309450.29000,2015-10-16
Sistema,183781168.83000,2015-10-17
Sistema,165952702.59000,2015-10-18
Sistema,191648416.72000,2015-10-19
Sistema,195411989.27000,2015-10-20
Sistema,194981898.42000,2015-10-21
Sistema,197243753.55000,2015-10-22
Sistema,195564776.39000,2015-10-23
Sistema,179488741.48000,2015-10-24
Sistema,155971319.85000,2015-10-25
Sistema,183533318.29000,2015-10-26
Sistema,189456890.47000,2015-10-27
Sistema,192459874.57000,2015-10-28
Sistema,193237112.14000,2015-10-29
Sistema,192398882.36000,2015-10-30
Sistema,180323060.12000,2015-10-31
Sistema,159112433.99000,2015-11-01
Sistema,158958622.97000,2015-11-02
Sistema,184051497.20000,2015-11-03
Sistema,187329458.55000,2015-11-04
Sistema,186094447.41000,2015-11-05
Sistema,189404321.19000,2015-11-06
Sistema,179881346.56000,2015-11-07
Sistema,161404783.44000,2015-11-08
Sistema,185689608.20000,2015-11-09
Sistema,188704793.04000,2015-11-10
Sistema,189129078.86000,2015-11-11
Sistema,191897983.45000,2015-11-12
Sistema,191365309.32000,2015-11-13
Sistema,181069447.79000,2015-11-14
Sistema,161698972.78000,2015-11-15
Sistema,163213576.33000,2015-11-16
Sistema,183678625.73000,2015-11-17
Sistema,184639676.49000,2015-11-18
Sistema,187076185.98000,2015-11-19
Sistema,189440617.52000,2015-11-20
Sistema,179867908.98000,2015-11-21
Sistema,163714292.33000,2015-11-22
Sistema,187876334.50000,2015-11-23
Sistema,190539707.98000,2015-11-24
Sistema,192742580.95000,2015-11-25
Sistema,194306804.01000,2015-11-26
Sistema,193355718.93000,2015-11-27
Sistema,179995845.62000,2015-11-28
Sistema,164449082.14000,2015-11-29
Sistema,190503756.77000,2015-11-30
Sistema,193409601.06000,2015-12-01
Sistema,195406480.60000,2015-12-02
Sistema,195774068.09000,2015-12-03
Sistema,194091269.88000,2015-12-04
Sistema,185219786.79000,2015-12-05
Sistema,168938236.96000,2015-12-06
Sistema,187683193.06000,2015-12-07
Sistema,170783343.12000,2015-12-08
Sistema,195728474.17000,2015-12-09
Sistema,196252037.82000,2015-12-10
Sistema,197929099.95000,2015-12-11
Sistema,185826222.03000,2015-12-12
Sistema,170156477.51000,2015-12-13
Sistema,191925875.50000,2015-12-14
Sistema,192387720.96000,2015-12-15
Sistema,194260611.64000,2015-12-16
Sistema,193570952.93000,2015-12-17
Sistema,193894554.08000,2015-12-18
Sistema,182825990.21000,2015-12-19
Sistema,169166997.89000,2015-12-20
Sistema,190256851.95000,2015-12-21
Sistema,191897371.70000,2015-12-22
Sistema,190816363.22000,2015-12-23
Sistema,174873939.93000,2015-12-24
Sistema,150232158.40000,2015-12-25
Sistema,168101670.97000,2015-12-26
Sistema,162763385.57000,2015-12-27
Sistema,182124493.70000,2015-12-28
Sistema,184491585.83000,2015-12-29
Sistema,183968574.14000,2015-12-30
Sistema,168046410.83000,2015-12-31
Sistema,143210319.23000,2016-01-01
Sistema,154423132.89000,2016-01-02
Sistema,152851698.04000,2016-01-03
Sistema,175539128.78000,2016-01-04
Sistema,181763094.31000,2016-01-05
Sistema,183416377.32000,2016-01-06
Sistema,184174617.83000,2016-01-07
Sistema,186399084.91000,2016-01-08
Sistema,177592998.71000,2016-01-09
Sistema,158644525.66000,2016-01-10
Sistema,160876742.72000,2016-01-11
Sistema,184301660.60000,2016-01-12
Sistema,188414115.66000,2016-01-13
Sistema,190001690.20000,2016-01-14
Sistema,191616727.31000,2016-01-15
Sistema,180409491.88000,2016-01-16
Sistema,163656659.23000,2016-01-17
Sistema,188489325.14000,2016-01-18
Sistema,191535006.39000,2016-01-19
Sistema,192685493.61000,2016-01-20
Sistema,193053129.57000,2016-01-21
Sistema,195951353.19000,2016-01-22
Sistema,184129735.27000,2016-01-23
Sistema,164903793.47000,2016-01-24
Sistema,189065790.27000,2016-01-25
Sistema,192060169.17000,2016-01-26
Sistema,194375008.28000,2016-01-27
Sistema,195858653.63000,2016-01-28
Sistema,195931116.55000,2016-01-29
Sistema,183946145.80000,2016-01-30
Sistema,164457079.37000,2016-01-31
Sistema,190360745.92000,2016-02-01
Sistema,194921158.31000,2016-02-02
Sistema,195971465.61000,2016-02-03
Sistema,194786505.35000,2016-02-04
Sistema,191807679.87000,2016-02-05
Sistema,181975028.96000,2016-02-06
Sistema,164839000.64000,2016-02-07
Sistema,189032606.20000,2016-02-08
Sistema,192714479.92000,2016-02-09
Sistema,192541508.17000,2016-02-10
Sistema,193593428.23000,2016-02-11
Sistema,194004140.48000,2016-02-12
Sistema,183140778.35000,2016-02-13
Sistema,164746621.33000,2016-02-14
Sistema,192093024.86000,2016-02-15
Sistema,196549433.57000,2016-02-16
Sistema,197060642.56000,2016-02-17
Sistema,197509486.24000,2016-02-18
Sistema,195577865.12000,2016-02-19
Sistema,185873932.42000,2016-02-20
Sistema,164544604.24000,2016-02-21
Sistema,189663425.73000,2016-02-22
Sistema,195049409.64000,2016-02-23
Sistema,196455757.46000,2016-02-24
Sistema,194416857.47000,2016-02-25
Sistema,193646445.48000,2016-02-26
Sistema,183512626.60000,2016-02-27
Sistema,166484276.60000,2016-02-28
Sistema,192051018.93000,2016-02-29
Sistema,193415568.54000,2016-03-01
Sistema,191792969.23000,2016-03-02
Sistema,194335456.95000,2016-03-03
Sistema,193751961.83000,2016-03-04
Sistema,185104905.18000,2016-03-05
Sistema,165773080.51000,2016-03-06
Sistema,190558370.91000,2016-03-07
Sistema,190882801.37000,2016-03-08
Sistema,188221719.07000,2016-03-09
Sistema,188025783.75000,2016-03-10
Sistema,187118415.26000,2016-03-11
Sistema,178438739.21000,2016-03-12
Sistema,159380817.89000,2016-03-13
Sistema,183998798.44000,2016-03-14
Sistema,186024868.30000,2016-03-15
Sistema,188594257.59000,2016-03-16
Sistema,187500749.86000,2016-03-17
Sistema,187560353.28000,2016-03-18
Sistema,179674724.73000,2016-03-19
Sistema,161652507.07000,2016-03-20
Sistema,164560336.26000,2016-03-21
Sistema,180219927.25000,2016-03-22
Sistema,178000791.01000,2016-03-23
Sistema,155690557.30000,2016-03-24
Sistema,146908053.06000,2016-03-25
Sistema,160351727.86000,2016-03-26
Sistema,156523114.21000,2016-03-27
Sistema,183218444.00000,2016-03-28
Sistema,188186279.34000,2016-03-29
Sistema,186372959.72000,2016-03-30
Sistema,185214826.73000,2016-03-31
Sistema,183303444.45000,2016-04-01
Sistema,171977100.37000,2016-04-02
Sistema,154467048.02000,2016-04-03
Sistema,180148493.04000,2016-04-04
Sistema,184097227.53000,2016-04-05
Sistema,184796276.90000,2016-04-06
Sistema,186686884.81000,2016-04-07
Sistema,188485955.09000,2016-04-08
Sistema,175635865.75000,2016-04-09
Sistema,159223509.35000,2016-04-10
Sistema,184123738.59000,2016-04-11
Sistema,182510167.42000,2016-04-12
Sistema,181197138.71000,2016-04-13
Sistema,184385880.28000,2016-04-14
Sistema,187887617.85000,2016-04-15
Sistema,179045474.73000,2016-04-16
Sistema,158439882.52000,2016-04-17
Sistema,184671040.46000,2016-04-18
Sistema,186992789.35000,2016-04-19
Sistema,188183982.29000,2016-04-20
Sistema,189709243.49000,2016-04-21
Sistema,190115154.16000,2016-04-22
Sistema,179397131.13000,2016-04-23
Sistema,157168651.60000,2016-04-24
Sistema,181077733.14000,2016-04-25
Sistema,186507657.88000,2016-04-26
Sistema,185574057.87000,2016-04-27
Sistema,183421683.20000,2016-04-28
Sistema,183861429.58000,2016-04-29
Sistema,173848254.69000,2016-04-30
Sistema,152514098.48000,2016-05-01
Sistema,176680457.47000,2016-05-02
Sistema,180137761.39000,2016-05-03
Sistema,184259946.33000,2016-05-04
Sistema,187340010.13000,2016-05-05
Sistema,186401327.78000,2016-05-06
Sistema,174006920.30000,2016-05-07
Sistema,150713769.07000,2016-05-08
Sistema,154323551.73000,2016-05-09
Sistema,174680789.46000,2016-05-10
Sistema,182389356.52000,2016-05-11
Sistema,187661248.84000,2016-05-12
Sistema,189985403.95000,2016-05-13
Sistema,180500615.33000,2016-05-14
Sistema,163030814.67000,2016-05-15
Sistema,187796558.81000,2016-05-16
Sistema,190890507.46000,2016-05-17
Sistema,190355243.63000,2016-05-18
Sistema,192160825.30000,2016-05-19
Sistema,194499599.73000,2016-05-20
Sistema,184434032.44000,2016-05-21
Sistema,165879668.66000,2016-05-22
Sistema,190645638.94000,2016-05-23
Sistema,192727954.26000,2016-05-24
Sistema,190613722.83000,2016-05-25
Sistema,185947542.51000,2016-05-26
Sistema,186682313.99000,2016-05-27
Sistema,177778289.51000,2016-05-28
Sistema,154747966.13000,2016-05-29
Sistema,160619745.00000,2016-05-30
Sistema,179598584.08000,2016-05-31
Sistema,183194350.70000,2016-06-01
Sistema,183868664.37000,2016-06-02
Sistema,183967420.24000,2016-06-03
Sistema,176970094.09000,2016-06-04
Sistema,159645123.06000,2016-06-05
Sistema,161898205.05000,2016-06-06
Sistema,182480771.98000,2016-06-07
Sistema,184489343.22000,2016-06-08
Sistema,185807293.82000,2016-06-09
Sistema,185426349.30000,2016-06-10
Sistema,177455823.64000,2016-06-11
Sistema,161524439.94000,2016-06-12
Sistema,183253627.61000,2016-06-13
Sistema,182045354.24000,2016-06-14
Sistema,183562965.53000,2016-06-15
Sistema,187515553.61000,2016-06-16
Sistema,188950295.30000,2016-06-17
Sistema,179026987.41000,2016-06-18
Sistema,157086124.81000,2016-06-19
Sistema,180793001.06000,2016-06-20
Sistema,182849359.25000,2016-06-21
Sistema,187491706.78000,2016-06-22
Sistema,187832514.97000,2016-06-23
Sistema,185502041.81000,2016-06-24
Sistema,174693384.24000,2016-06-25
Sistema,155614239.11000,2016-06-26
Sistema,185588493.65000,2016-06-27
Sistema,190306277.06000,2016-06-28
Sistema,191335767.05000,2016-06-29
Sistema,190467370.04000,2016-06-30
Sistema,185404774.16000,2016-07-01
Sistema,174537434.96000,2016-07-02
Sistema,154452353.14000,2016-07-03
Sistema,156337831.03000,2016-07-04
Sistema,182835851.25000,2016-07-05
Sistema,184520907.14000,2016-07-06
Sistema,186445142.44000,2016-07-07
Sistema,188941067.87000,2016-07-08
Sistema,179995543.49000,2016-07-09
Sistema,160441878.07000,2016-07-10
Sistema,184095723.91000,2016-07-11
Sistema,184478655.85000,2016-07-12
Sistema,184518686.60000,2016-07-13
Sistema,183824321.22000,2016-07-14
Sistema,181631832.19000,2016-07-15
Sistema,168621388.69000,2016-07-16
Sistema,152405887.30000,2016-07-17
Sistema,177219443.75000,2016-07-18
Sistema,182106221.37000,2016-07-19
Sistema,164462752.49000,2016-07-20
Sistema,181876995.81000,2016-07-21
Sistema,182732289.66000,2016-07-22
Sistema,175368166.57000,2016-07-23
Sistema,157297931.91000,2016-07-24
Sistema,180827919.08000,2016-07-25
Sistema,188999246.51000,2016-07-26
Sistema,188355040.56000,2016-07-27
Sistema,186255174.05000,2016-07-28
Sistema,187968374.80000,2016-07-29
Sistema,179434783.47000,2016-07-30
Sistema,161899087.30000,2016-07-31
Sistema,186696485.38000,2016-08-01
Sistema,188868611.16000,2016-08-02
Sistema,188710269.22000,2016-08-03
Sistema,186217577.22000,2016-08-04
Sistema,188145310.12000,2016-08-05
Sistema,183593820.14000,2016-08-06
Sistema,166549052.27000,2016-08-07
Sistema,191777936.98000,2016-08-08
Sistema,194858452.79000,2016-08-09
Sistema,192180565.57000,2016-08-10
Sistema,193037717.81000,2016-08-11
Sistema,192141431.55000,2016-08-12
Sistema,183755365.91000,2016-08-13
Sistema,162353857.54000,2016-08-14
Sistema,165431094.05000,2016-08-15
Sistema,190978596.73000,2016-08-16
Sistema,194726725.38000,2016-08-17
Sistema,194074492.70000,2016-08-18
Sistema,193795067.79000,2016-08-19
Sistema,185097506.15000,2016-08-20
Sistema,165394897.15000,2016-08-21
Sistema,191038876.97000,2016-08-22
Sistema,194715924.63000,2016-08-23
Sistema,195240425.95000,2016-08-24
Sistema,194194217.33000,2016-08-25
Sistema,187153038.41000,2016-08-26
Sistema,179246793.55000,2016-08-27
Sistema,161598302.84000,2016-08-28
Sistema,190648909.06000,2016-08-29
Sistema,191525977.94000,2016-08-30
Sistema,188444045.93000,2016-08-31
Sistema,184704132.70000,2016-09-01
Sistema,184730955.22000,2016-09-02
Sistema,178253838.89000,2016-09-03
Sistema,161443546.12000,2016-09-04
Sistema,184606033.65000,2016-09-05
Sistema,189409324.65000,2016-09-06
Sistema,186351605.68000,2016-09-07
Sistema,188563217.27000,2016-09-08
Sistema,191279651.64000,2016-09-09
Sistema,180827909.99000,2016-09-10
Sistema,161504864.38000,2016-09-11
Sistema,184267197.76000,2016-09-12
Sistema,188056031.61000,2016-09-13
Sistema,187819447.01000,2016-09-14
Sistema,187378823.58000,2016-09-15
Sistema,189850284.80000,2016-09-16
Sistema,182708645.73000,2016-09-17
Sistema,164713048.86000,2016-09-18
Sistema,188425230.92000,2016-09-19
Sistema,193464559.79000,2016-09-20
Sistema,189558562.55000,2016-09-21
Sistema,189140080.56000,2016-09-22
Sistema,190326344.97000,2016-09-23
Sistema,182342567.56000,2016-09-24
Sistema,163883641.54000,2016-09-25
Sistema,190215900.44000,2016-09-26
Sistema,193963488.06000,2016-09-27
Sistema,195601847.58000,2016-09-28
Sistema,195893276.48000,2016-09-29
Sistema,192583487.88000,2016-09-30
Sistema,171291065.71000,2016-10-01
Sistema,148796847.63000,2016-10-02
Sistema,180386967.90000,2016-10-03
Sistema,188835642.76000,2016-10-04
Sistema,188042692.87000,2016-10-05
Sistema,190714853.86000,2016-10-06
Sistema,188100962.68000,2016-10-07
Sistema,177670154.54000,2016-10-08
Sistema,159238087.10000,2016-10-09
Sistema,185683598.30000,2016-10-10
Sistema,189541173.50000,2016-10-11
Sistema,185959114.76000,2016-10-12
Sistema,188222740.45000,2016-10-13
Sistema,187393105.70000,2016-10-14
Sistema,180601417.23000,2016-10-15
Sistema,157174948.16000,2016-10-16
Sistema,161784142.02000,2016-10-17
Sistema,184369643.84000,2016-10-18
Sistema,190275421.30000,2016-10-19
Sistema,192263169.67000,2016-10-20
Sistema,193451077.57000,2016-10-21
Sistema,183987364.21000,2016-10-22
Sistema,163297967.50000,2016-10-23
Sistema,186616343.08000,2016-10-24
Sistema,186802677.45000,2016-10-25
Sistema,185340495.58000,2016-10-26
Sistema,187362671.61000,2016-10-27
Sistema,187346976.57000,2016-10-28
Sistema,174657237.68000,2016-10-29
Sistema,158784236.92000,2016-10-30
Sistema,183353152.67000,2016-10-31
Sistema,184574290.47000,2016-11-01
Sistema,183215126.74000,2016-11-02
Sistema,186978660.09000,2016-11-03
Sistema,188170192.43000,2016-11-04
Sistema,177711467.09000,2016-11-05
Sistema,158152236.59000,2016-11-06
Sistema,159716498.12000,2016-11-07
Sistema,184739574.30000,2016-11-08
Sistema,191932708.47000,2016-11-09
Sistema,193466263.41000,2016-11-10
Sistema,188646702.31000,2016-11-11
Sistema,178341778.75000,2016-11-12
Sistema,160514325.67000,2016-11-13
Sistema,162635435.00000,2016-11-14
Sistema,183309349.44000,2016-11-15
Sistema,187265262.39000,2016-11-16
Sistema,188874801.71000,2016-11-17
Sistema,189428287.14000,2016-11-18
Sistema,178579610.21000,2016-11-19
Sistema,156172594.43000,2016-11-20
Sistema,185182553.36000,2016-11-21
Sistema,189091943.56000,2016-11-22
Sistema,190234276.58000,2016-11-23
Sistema,192444237.91000,2016-11-24
Sistema,190372538.41000,2016-11-25
Sistema,179603342.35000,2016-11-26
Sistema,159826897.42000,2016-11-27
Sistema,184860130.33000,2016-11-28
Sistema,185951919.38000,2016-11-29
Sistema,188495354.28000,2016-11-30
Sistema,188188476.90000,2016-12-01
Sistema,186313700.69000,2016-12-02
Sistema,174295337.83000,2016-12-03
Sistema,159770897.38000,2016-12-04
Sistema,185300376.59000,2016-12-05
Sistema,189232375.37000,2016-12-06
Sistema,187863079.28000,2016-12-07
Sistema,167517585.32000,2016-12-08
Sistema,185739685.07000,2016-12-09
Sistema,178311009.19000,2016-12-10
Sistema,162655039.77000,2016-12-11
Sistema,188598453.62000,2016-12-12
Sistema,190598036.68000,2016-12-13
Sistema,193344712.66000,2016-12-14
Sistema,193853083.62000,2016-12-15
Sistema,191609012.49000,2016-12-16
Sistema,178982927.29000,2016-12-17
Sistema,163915476.11000,2016-12-18
Sistema,187546480.91000,2016-12-19
Sistema,187973415.55000,2016-12-20
Sistema,184721008.73000,2016-12-21
Sistema,184330955.53000,2016-12-22
Sistema,181611215.70000,2016-12-23
Sistema,163499585.45000,2016-12-24
Sistema,145859102.42000,2016-12-25
Sistema,174700683.96000,2016-12-26
Sistema,179090486.59000,2016-12-27
Sistema,180376020.87000,2016-12-28
Sistema,180015488.69000,2016-12-29
Sistema,174532412.82000,2016-12-30
Sistema,157634868.77000,2016-12-31
Sistema,139436497.67000,2017-01-01
Sistema,163705691.66000,2017-01-02
Sistema,174789369.69000,2017-01-03
Sistema,177216280.91000,2017-01-04
Sistema,177468401.18000,2017-01-05
Sistema,178746128.44000,2017-01-06
Sistema,171611350.43000,2017-01-07
Sistema,154409192.39000,2017-01-08
Sistema,154437184.49000,2017-01-09
Sistema,176844077.59000,2017-01-10
Sistema,180220035.33000,2017-01-11
Sistema,181888938.04000,2017-01-12
Sistema,182368547.46000,2017-01-13
Sistema,172553254.45000,2017-01-14
Sistema,154493265.44000,2017-01-15
Sistema,179771409.58000,2017-01-16
Sistema,183352154.54000,2017-01-17
Sistema,181450395.78000,2017-01-18
Sistema,183177483.15000,2017-01-19
Sistema,185417476.35000,2017-01-20
Sistema,174773085.36000,2017-01-21
Sistema,155956086.43000,2017-01-22
Sistema,180737262.85000,2017-01-23
Sistema,184601866.43000,2017-01-24
Sistema,186101465.16000,2017-01-25
Sistema,187663795.61000,2017-01-26
Sistema,188964953.77000,2017-01-27
Sistema,178606288.52000,2017-01-28
Sistema,162823531.63000,2017-01-29
Sistema,186650605.85000,2017-01-30
Sistema,187896558.52000,2017-01-31
Sistema,188245564.30000,2017-02-01
Sistema,190172644.45000,2017-02-02
Sistema,190260698.14000,2017-02-03
Sistema,181772647.35000,2017-02-04
Sistema,164925332.59000,2017-02-05
Sistema,190060700.37000,2017-02-06
Sistema,193815406.66000,2017-02-07
Sistema,195590109.99000,2017-02-08
Sistema,195571292.54000,2017-02-09
Sistema,192352764.61000,2017-02-10
Sistema,180098752.93000,2017-02-11
Sistema,163145845.82000,2017-02-12
Sistema,188235997.09000,2017-02-13
Sistema,189321758.65000,2017-02-14
Sistema,190549355.68000,2017-02-15
Sistema,192612019.63000,2017-02-16
Sistema,190278590.49000,2017-02-17
Sistema,180795236.85000,2017-02-18
Sistema,164731901.95000,2017-02-19
Sistema,189557828.00000,2017-02-20
Sistema,191690385.56000,2017-02-21
Sistema,190378013.55000,2017-02-22
Sistema,190601330.11000,2017-02-23
Sistema,191215096.27000,2017-02-24
Sistema,180751034.63000,2017-02-25
Sistema,161520369.89000,2017-02-26
Sistema,183774038.20000,2017-02-27
Sistema,186545141.68000,2017-02-28
Sistema,187504803.29000,2017-03-01
Sistema,189548887.29000,2017-03-02
Sistema,190361758.41000,2017-03-03
Sistema,177732821.29000,2017-03-04
Sistema,161458652.79000,2017-03-05
Sistema,186802766.73000,2017-03-06
Sistema,187494455.31000,2017-03-07
Sistema,184432331.41000,2017-03-08
Sistema,186639238.86000,2017-03-09
Sistema,187236750.55000,2017-03-10
Sistema,178476013.30000,2017-03-11
Sistema,156677367.74000,2017-03-12
Sistema,182301309.17000,2017-03-13
Sistema,185514548.91000,2017-03-14
Sistema,184730200.32000,2017-03-15
Sistema,186730823.05000,2017-03-16
Sistema,188940313.07000,2017-03-17
Sistema,178549426.44000,2017-03-18
Sistema,157387160.67000,2017-03-19
Sistema,160384700.73000,2017-03-20
Sistema,186138273.15000,2017-03-21
Sistema,188304972.36000,2017-03-22
Sistema,185455914.23000,2017-03-23
Sistema,183809675.48000,2017-03-24
Sistema,177686415.22000,2017-03-25
Sistema,157987167.95000,2017-03-26
Sistema,183824208.99000,2017-03-27
Sistema,188581518.23000,2017-03-28
Sistema,187006916.70000,2017-03-29
Sistema,185785916.25000,2017-03-30
Sistema,184270895.25000,2017-03-31
Sistema,176569713.04000,2017-04-01
Sistema,162597844.30000,2017-04-02
Sistema,189805549.62000,2017-04-03
Sistema,193251335.41000,2017-04-04
Sistema,195190480.63000,2017-04-05
Sistema,196176416.06000,2017-04-06
Sistema,196378334.46000,2017-04-07
Sistema,185609844.16000,2017-04-08
Sistema,165295940.17000,2017-04-09
Sistema,185238277.05000,2017-04-10
Sistema,187427804.63000,2017-04-11
Sistema,183593271.59000,2017-04-12
Sistema,159228787.33000,2017-04-13
Sistema,148456545.23000,2017-04-14
Sistema,161754990.90000,2017-04-15
Sistema,159429852.60000,2017-04-16
Sistema,185081349.17000,2017-04-17
Sistema,192222963.59000,2017-04-18
Sistema,189281581.07000,2017-04-19
Sistema,185905612.92000,2017-04-20
Sistema,188378412.65000,2017-04-21
Sistema,184513869.35000,2017-04-22
Sistema,168644303.48000,2017-04-23
Sistema,190404077.46000,2017-04-24
Sistema,192802757.23000,2017-04-25
Sistema,190764639.23000,2017-04-26
Sistema,193906338.64000,2017-04-27
Sistema,195594546.93000,2017-04-28
Sistema,185439915.10000,2017-04-29
Sistema,162286730.55000,2017-04-30
Sistema,162163179.82000,2017-05-01
Sistema,186459655.84000,2017-05-02
Sistema,189598808.26000,2017-05-03
Sistema,193683034.97000,2017-05-04
Sistema,192208896.32000,2017-05-05
Sistema,179602302.57000,2017-05-06
Sistema,160454276.39000,2017-05-07
Sistema,183994707.17000,2017-05-08
Sistema,186049402.90000,2017-05-09
Sistema,186002243.59000,2017-05-10
Sistema,185908351.04000,2017-05-11
Sistema,184681720.50000,2017-05-12
Sistema,178499814.43000,2017-05-13
Sistema,159402557.27000,2017-05-14
Sistema,186118853.47000,2017-05-15
Sistema,187862881.99000,2017-05-16
Sistema,189787210.57000,2017-05-17
Sistema,192848382.78000,2017-05-18
Sistema,196112790.56000,2017-05-19
Sistema,184054613.44000,2017-05-20
Sistema,165093781.63000,2017-05-21
Sistema,187665234.89000,2017-05-22
Sistema,191365568.39000,2017-05-23
Sistema,193710864.72000,2017-05-24
Sistema,196526359.29000,2017-05-25
Sistema,194110772.18000,2017-05-26
Sistema,182132174.08000,2017-05-27
Sistema,162627417.37000,2017-05-28
Sistema,162744996.15000,2017-05-29
Sistema,188784771.97000,2017-05-30
Sistema,191655510.34000,2017-05-31
Sistema,191049455.38000,2017-06-01
Sistema,194432070.35000,2017-06-02
Sistema,186906489.67000,2017-06-03
Sistema,167919394.63000,2017-06-04
Sistema,190528546.97000,2017-06-05
Sistema,194717250.25000,2017-06-06
Sistema,193039270.76000,2017-06-07
Sistema,188061179.06000,2017-06-08
Sistema,189810823.14000,2017-06-09
Sistema,184453335.34000,2017-06-10
Sistema,166418914.92000,2017-06-11
Sistema,185147861.89000,2017-06-12
Sistema,187077478.53000,2017-06-13
Sistema,189039380.92000,2017-06-14
Sistema,186963840.68000,2017-06-15
Sistema,189234461.77000,2017-06-16
Sistema,178300334.97000,2017-06-17
Sistema,156750861.79000,2017-06-18
Sistema,160254582.04000,2017-06-19
Sistema,186131736.79000,2017-06-20
Sistema,185746444.11000,2017-06-21
Sistema,188600634.09000,2017-06-22
Sistema,189642728.35000,2017-06-23
Sistema,181699855.32000,2017-06-24
Sistema,161206456.14000,2017-06-25
Sistema,161289392.95000,2017-06-26
Sistema,186574456.30000,2017-06-27
Sistema,190011918.65000,2017-06-28
Sistema,191443974.10000,2017-06-29
Sistema,190413921.92000,2017-06-30
Sistema,180967054.32000,2017-07-01
Sistema,161607183.99000,2017-07-02
Sistema,158537732.37000,2017-07-03
Sistema,186284974.02000,2017-07-04
Sistema,188961389.55000,2017-07-05
Sistema,189285937.59000,2017-07-06
Sistema,193105617.62000,2017-07-07
Sistema,184297605.43000,2017-07-08
Sistema,165302375.27000,2017-07-09
Sistema,190769675.88000,2017-07-10
Sistema,190015275.02000,2017-07-11
Sistema,185507123.90000,2017-07-12
Sistema,190513044.65000,2017-07-13
Sistema,191269626.50000,2017-07-14
Sistema,179963227.27000,2017-07-15
Sistema,159828027.66000,2017-07-16
Sistema,188089578.62000,2017-07-17
Sistema,192432627.36000,2017-07-18
Sistema,190259422.09000,2017-07-19
Sistema,167859557.60000,2017-07-20
Sistema,186508032.96000,2017-07-21
Sistema,181909229.91000,2017-07-22
Sistema,164038238.47000,2017-07-23
Sistema,192482219.46000,2017-07-24
Sistema,194133947.97000,2017-07-25
Sistema,193687260.41000,2017-07-26
Sistema,195468507.83000,2017-07-27
Sistema,194348789.68000,2017-07-28
Sistema,183647097.31000,2017-07-29
Sistema,161944589.98000,2017-07-30
Sistema,181985548.37000,2017-07-31
Sistema,186983236.72000,2017-08-01
Sistema,191801725.27000,2017-08-02
Sistema,195905010.27000,2017-08-03
Sistema,192175503.23000,2017-08-04
Sistema,178990959.11000,2017-08-05
Sistema,163651589.01000,2017-08-06
Sistema,169151898.75000,2017-08-07
Sistema,194457529.42000,2017-08-08
Sistema,192222291.06000,2017-08-09
Sistema,192151930.98000,2017-08-10
Sistema,192622644.59000,2017-08-11
Sistema,181626417.84000,2017-08-12
Sistema,165317655.11000,2017-08-13
Sistema,193964723.27000,2017-08-14
Sistema,197388542.39000,2017-08-15
Sistema,193851582.42000,2017-08-16
Sistema,198289105.73000,2017-08-17
Sistema,197539198.07000,2017-08-18
Sistema,183173472.67000,2017-08-19
Sistema,161516954.78000,2017-08-20
Sistema,164862519.82000,2017-08-21
Sistema,190941913.89000,2017-08-22
Sistema,192943466.51000,2017-08-23
Sistema,192062772.98000,2017-08-24
Sistema,192548802.30000,2017-08-25
Sistema,183877469.26000,2017-08-26
Sistema,165886212.55000,2017-08-27
Sistema,189057627.43000,2017-08-28
Sistema,190662724.53000,2017-08-29
Sistema,190895009.42000,2017-08-30
Sistema,192798974.26000,2017-08-31
Sistema,194972503.16000,2017-09-01
Sistema,186164762.94000,2017-09-02
Sistema,165691847.49000,2017-09-03
Sistema,193267256.93000,2017-09-04
Sistema,196535470.46000,2017-09-05
Sistema,195867914.06000,2017-09-06
Sistema,192821553.62000,2017-09-07
Sistema,189508960.47000,2017-09-08
Sistema,176490803.09000,2017-09-09
Sistema,159909974.64000,2017-09-10
Sistema,188432491.10000,2017-09-11
Sistema,193075543.35000,2017-09-12
Sistema,192540271.40000,2017-09-13
Sistema,193207633.04000,2017-09-14
Sistema,193736421.07000,2017-09-15
Sistema,185141061.86000,2017-09-16
Sistema,161427759.14000,2017-09-17
Sistema,188976343.15000,2017-09-18
Sistema,194252416.87000,2017-09-19
Sistema,196671463.47000,2017-09-20
Sistema,197009019.22000,2017-09-21
Sistema,196814168.53000,2017-09-22
Sistema,183565087.81000,2017-09-23
Sistema,166287353.22000,2017-09-24
Sistema,190124381.57000,2017-09-25
Sistema,192214632.08000,2017-09-26
Sistema,195598050.52000,2017-09-27
Sistema,193624211.87000,2017-09-28
Sistema,191150116.93000,2017-09-29
Sistema,178499551.35000,2017-09-30
Sistema,161490152.51000,2017-10-01
Sistema,186530235.29000,2017-10-02
Sistema,190188440.99000,2017-10-03
Sistema,187698153.26000,2017-10-04
Sistema,186684500.71000,2017-10-05
Sistema,186473702.33000,2017-10-06
Sistema,181180530.24000,2017-10-07
Sistema,166653153.27000,2017-10-08
Sistema,190037803.89000,2017-10-09
Sistema,193142492.88000,2017-10-10
Sistema,191911479.55000,2017-10-11
Sistema,195123519.98000,2017-10-12
Sistema,196421746.96000,2017-10-13
Sistema,184362719.79000,2017-10-14
Sistema,164654428.07000,2017-10-15
Sistema,171836302.14000,2017-10-16
Sistema,198427889.13000,2017-10-17
Sistema,200785868.68000,2017-10-18
Sistema,199088555.26000,2017-10-19
Sistema,199889336.56000,2017-10-20
Sistema,189299802.04000,2017-10-21
Sistema,166748594.65000,2017-10-22
Sistema,188900787.26000,2017-10-23
Sistema,189457072.20000,2017-10-24
Sistema,188446820.06000,2017-10-25
Sistema,189745194.56000,2017-10-26
Sistema,189380487.97000,2017-10-27
Sistema,178231985.96000,2017-10-28
Sistema,157773302.41000,2017-10-29
Sistema,183622151.49000,2017-10-30
Sistema,186158211.09000,2017-10-31
Sistema,189833960.04000,2017-11-01
Sistema,193261215.66000,2017-11-02
Sistema,193461394.21000,2017-11-03
Sistema,182696844.08000,2017-11-04
Sistema,161990186.53000,2017-11-05
Sistema,164935337.08000,2017-11-06
Sistema,190120192.69000,2017-11-07
Sistema,191909410.11000,2017-11-08
Sistema,191870131.85000,2017-11-09
Sistema,192299836.54000,2017-11-10
Sistema,182445231.51000,2017-11-11
Sistema,164966476.55000,2017-11-12
Sistema,169244791.27000,2017-11-13
Sistema,188643864.88000,2017-11-14
Sistema,188252921.13000,2017-11-15
Sistema,191103695.68000,2017-11-16
Sistema,190911307.00000,2017-11-17
Sistema,179342439.57000,2017-11-18
Sistema,162100797.40000,2017-11-19
Sistema,188245074.96000,2017-11-20
Sistema,192798568.25000,2017-11-21
Sistema,193669624.45000,2017-11-22
Sistema,194887236.28000,2017-11-23
Sistema,193268911.87000,2017-11-24
Sistema,183778453.30000,2017-11-25
Sistema,167933854.04000,2017-11-26
Sistema,195011230.05000,2017-11-27
Sistema,197276440.55000,2017-11-28
Sistema,198385128.91000,2017-11-29
Sistema,198102724.88000,2017-11-30
Sistema,193867755.62000,2017-12-01
Sistema,184410423.48000,2017-12-02
Sistema,167347997.76000,2017-12-03
Sistema,193020683.37000,2017-12-04
Sistema,196944345.60000,2017-12-05
Sistema,197102035.16000,2017-12-06
Sistema,195157628.45000,2017-12-07
Sistema,173667318.41000,2017-12-08
Sistema,179626389.69000,2017-12-09
Sistema,167235973.82000,2017-12-10
Sistema,190846461.86000,2017-12-11
Sistema,192678162.97000,2017-12-12
Sistema,190813959.71000,2017-12-13
Sistema,193025223.99000,2017-12-14
Sistema,193830392.88000,2017-12-15
Sistema,183468074.43000,2017-12-16
Sistema,166920144.58000,2017-12-17
Sistema,191051822.60000,2017-12-18
Sistema,194905297.67000,2017-12-19
Sistema,194270481.08000,2017-12-20
Sistema,194812145.31000,2017-12-21
Sistema,192144587.11000,2017-12-22
Sistema,180864559.69000,2017-12-23
Sistema,162496294.44000,2017-12-24
Sistema,149592028.02000,2017-12-25
Sistema,179631414.31000,2017-12-26
Sistema,183483662.05000,2017-12-27
Sistema,183511898.83000,2017-12-28
Sistema,180374845.74000,2017-12-29
Sistema,169260812.15000,2017-12-30
Sistema,155203676.64000,2017-12-31
Sistema,139833781.18000,2018-01-01
Sistema,163233839.10000,2018-01-02
Sistema,173741589.65000,2018-01-03
Sistema,178113406.47000,2018-01-04
Sistema,180863676.26000,2018-01-05
Sistema,173082407.05000,2018-01-06
Sistema,158041957.03000,2018-01-07
Sistema,161586254.95000,2018-01-08
Sistema,181733238.74000,2018-01-09
Sistema,183708309.78000,2018-01-10
Sistema,188315713.26000,2018-01-11
Sistema,188678035.28000,2018-01-12
Sistema,178845517.23000,2018-01-13
Sistema,163656338.80000,2018-01-14
Sistema,187413460.73000,2018-01-15
Sistema,189488797.71000,2018-01-16
Sistema,189486617.53000,2018-01-17
Sistema,188881551.55000,2018-01-18
Sistema,191043918.09000,2018-01-19
Sistema,182522767.86000,2018-01-20
Sistema,165617985.15000,2018-01-21
Sistema,191494032.27000,2018-01-22
Sistema,194183295.25000,2018-01-23
Sistema,193277817.95000,2018-01-24
Sistema,195085926.78000,2018-01-25
Sistema,195243150.90000,2018-01-26
Sistema,185789762.12000,2018-01-27
Sistema,167495642.28000,2018-01-28
Sistema,194175053.62000,2018-01-29
Sistema,196781820.68000,2018-01-30
Sistema,197163419.17000,2018-01-31
Sistema,195841302.23000,2018-02-01
Sistema,194678078.57000,2018-02-02
Sistema,183889868.47000,2018-02-03
Sistema,165716754.15000,2018-02-04
Sistema,189024891.75000,2018-02-05
Sistema,192691747.03000,2018-02-06
Sistema,193863284.68000,2018-02-07
Sistema,195208520.51000,2018-02-08
Sistema,194976959.63000,2018-02-09
Sistema,184091799.81000,2018-02-10
Sistema,166997955.34000,2018-02-11
Sistema,188740249.28000,2018-02-12
Sistema,189781110.12000,2018-02-13
Sistema,191318554.80000,2018-02-14
Sistema,191593796.19000,2018-02-15
Sistema,194239229.47000,2018-02-16
Sistema,185168276.17000,2018-02-17
Sistema,166743329.98000,2018-02-18
Sistema,190075440.91000,2018-02-19
Sistema,192667872.12000,2018-02-20
Sistema,193511465.25000,2018-02-21
Sistema,191880099.49000,2018-02-22
Sistema,191109693.77000,2018-02-23
Sistema,180696271.96000,2018-02-24
Sistema,164069841.60000,2018-02-25
Sistema,188796144.96000,2018-02-26
Sistema,191470782.85000,2018-02-27
Sistema,190356916.18000,2018-02-28
Sistema,191669193.39000,2018-03-01
Sistema,192232319.16000,2018-03-02
Sistema,183070907.44000,2018-03-03
Sistema,164854108.96000,2018-03-04
Sistema,187460417.77000,2018-03-05
Sistema,190109416.95000,2018-03-06
Sistema,194625038.65000,2018-03-07
Sistema,195667524.86000,2018-03-08
Sistema,197501739.03000,2018-03-09
Sistema,189129927.67000,2018-03-10
Sistema,169828653.19000,2018-03-11
Sistema,198047441.18000,2018-03-12
Sistema,201763459.60000,2018-03-13
Sistema,202185847.78000,2018-03-14
Sistema,200732531.98000,2018-03-15
Sistema,200736742.44000,2018-03-16
Sistema,190721949.74000,2018-03-17
Sistema,170788551.04000,2018-03-18
Sistema,172841151.62000,2018-03-19
Sistema,194846697.16000,2018-03-20
Sistema,197113766.96000,2018-03-21
Sistema,198245113.65000,2018-03-22
Sistema,198174680.43000,2018-03-23
Sistema,185106110.27000,2018-03-24
Sistema,170159785.50000,2018-03-25
Sistema,193279883.46000,2018-03-26
Sistema,194349252.56000,2018-03-27
Sistema,188145520.84000,2018-03-28
Sistema,162415445.61000,2018-03-29
Sistema,151598397.94000,2018-03-30
Sistema,162844723.71000,2018-03-31
Sistema,157121781.52000,2018-04-01
Sistema,185720026.40000,2018-04-02
Sistema,188910504.97000,2018-04-03
Sistema,191176857.81000,2018-04-04
Sistema,191072434.29000,2018-04-05
Sistema,188945482.64000,2018-04-06
Sistema,182846650.04000,2018-04-07
Sistema,167443149.68000,2018-04-08
Sistema,191807747.56000,2018-04-09
Sistema,192362871.49000,2018-04-10
Sistema,190616613.62000,2018-04-11
Sistema,191765548.04000,2018-04-12
Sistema,193333689.00000,2018-04-13
Sistema,184500534.17000,2018-04-14
Sistema,167648823.07000,2018-04-15
Sistema,193214948.46000,2018-04-16
Sistema,192804851.81000,2018-04-17
Sistema,195442255.52000,2018-04-18
Sistema,195689134.48000,2018-04-19
Sistema,193369338.18000,2018-04-20
Sistema,185759317.97000,2018-04-21
Sistema,167712221.24000,2018-04-22
Sistema,193966203.95000,2018-04-23
Sistema,196663805.10000,2018-04-24
Sistema,197356321.90000,2018-04-25
Sistema,197831296.12000,2018-04-26
Sistema,193113949.93000,2018-04-27
Sistema,185179824.39000,2018-04-28
Sistema,165235563.43000,2018-04-29
Sistema,188693125.79000,2018-04-30
Sistema,171169821.53000,2018-05-01
Sistema,193694397.45000,2018-05-02
Sistema,196710325.79000,2018-05-03
Sistema,192687823.70000,2018-05-04
Sistema,184524590.80000,2018-05-05
Sistema,167273570.19000,2018-05-06
Sistema,190382089.98000,2018-05-07
Sistema,189359138.03000,2018-05-08
Sistema,190878112.01000,2018-05-09
Sistema,193543701.72000,2018-05-10
Sistema,194477138.60000,2018-05-11
Sistema,186612833.26000,2018-05-12
Sistema,161814822.17000,2018-05-13
Sistema,163336150.72000,2018-05-14
Sistema,188675049.33000,2018-05-15
Sistema,195034026.19000,2018-05-16
Sistema,197131114.09000,2018-05-17
Sistema,195185433.96000,2018-05-18
Sistema,184366541.32000,2018-05-19
Sistema,166860224.92000,2018-05-20
Sistema,188630215.39000,2018-05-21
Sistema,193368236.62000,2018-05-22
Sistema,194129198.15000,2018-05-23
Sistema,194060433.54000,2018-05-24
Sistema,196588853.41000,2018-05-25
Sistema,185553377.21000,2018-05-26
Sistema,164390349.84000,2018-05-27
Sistema,189446023.86000,2018-05-28
Sistema,194965839.81000,2018-05-29
Sistema,196418856.87000,2018-05-30
Sistema,197848081.42000,2018-05-31
Sistema,195401780.25000,2018-06-01
Sistema,185142023.24000,2018-06-02
Sistema,168235813.08000,2018-06-03
Sistema,172174074.55000,2018-06-04
Sistema,195790626.67000,2018-06-05
Sistema,199455294.67000,2018-06-06
Sistema,200901704.38000,2018-06-07
Sistema,202741105.87000,2018-06-08
Sistema,191886897.62000,2018-06-09
Sistema,169397492.56000,2018-06-10
Sistema,169807660.46000,2018-06-11
Sistema,194671571.05000,2018-06-12
Sistema,200079420.62000,2018-06-13
Sistema,198128782.64000,2018-06-14
Sistema,197051082.18000,2018-06-15
Sistema,189696691.97000,2018-06-16
Sistema,171129239.30000,2018-06-17
Sistema,194955820.40000,2018-06-18
Sistema,195476291.67000,2018-06-19
Sistema,194844192.43000,2018-06-20
Sistema,194692455.85000,2018-06-21
Sistema,197580030.07000,2018-06-22
Sistema,188191759.50000,2018-06-23
Sistema,169002218.19000,2018-06-24
Sistema,192937338.97000,2018-06-25
Sistema,197222084.68000,2018-06-26
Sistema,196455155.41000,2018-06-27
Sistema,195433459.65000,2018-06-28
Sistema,194226809.48000,2018-06-29
Sistema,184231306.58000,2018-06-30
Sistema,162972812.77000,2018-07-01
Sistema,165417076.84000,2018-07-02
Sistema,186812705.25000,2018-07-03
Sistema,193725995.11000,2018-07-04
Sistema,197094526.52000,2018-07-05
Sistema,198277717.24000,2018-07-06
Sistema,188964418.33000,2018-07-07
Sistema,171488046.46000,2018-07-08
Sistema,197252447.39000,2018-07-09
Sistema,200082911.98000,2018-07-10
Sistema,199875119.58000,2018-07-11
Sistema,202182092.25000,2018-07-12
Sistema,203634042.21000,2018-07-13
Sistema,192953568.19000,2018-07-14
Sistema,174867604.61000,2018-07-15
Sistema,197150521.63000,2018-07-16
Sistema,199822340.69000,2018-07-17
Sistema,200361112.72000,2018-07-18
Sistema,202050595.06000,2018-07-19
Sistema,183803701.70000,2018-07-20
Sistema,187125972.53000,2018-07-21
Sistema,171067309.43000,2018-07-22
Sistema,196607103.08000,2018-07-23
Sistema,196948524.69000,2018-07-24
Sistema,198539932.38000,2018-07-25
Sistema,200415371.59000,2018-07-26
Sistema,197751875.82000,2018-07-27
Sistema,190530494.71000,2018-07-28
Sistema,172406542.64000,2018-07-29
Sistema,195662094.07000,2018-07-30
Sistema,192470291.53000,2018-07-31
Sistema,195163839.06000,2018-08-01
Sistema,198344085.26000,2018-08-02
Sistema,198050320.30000,2018-08-03
Sistema,188344469.33000,2018-08-04
Sistema,168993874.26000,2018-08-05
Sistema,192258717.94000,2018-08-06
Sistema,180437240.13000,2018-08-07
Sistema,201661754.25000,2018-08-08
Sistema,203923686.00000,2018-08-09
Sistema,203066989.22000,2018-08-10
Sistema,194256419.34000,2018-08-11
Sistema,176990818.27000,2018-08-12
Sistema,201759669.44000,2018-08-13
Sistema,199015799.18000,2018-08-14
Sistema,192596713.49000,2018-08-15
Sistema,199186161.07000,2018-08-16
Sistema,202700291.63000,2018-08-17
Sistema,192679138.20000,2018-08-18
Sistema,169718497.47000,2018-08-19
Sistema,175321385.38000,2018-08-20
Sistema,201047819.78000,2018-08-21
Sistema,203311419.20000,2018-08-22
Sistema,202144779.45000,2018-08-23
Sistema,201676118.28000,2018-08-24
Sistema,194150349.14000,2018-08-25
Sistema,172475774.14000,2018-08-26
Sistema,197986968.83000,2018-08-27
Sistema,202544022.67000,2018-08-28
Sistema,202951137.23000,2018-08-29
Sistema,202231381.68000,2018-08-30
Sistema,203765437.93000,2018-08-31
Sistema,193563315.49000,2018-09-01
Sistema,174608488.24000,2018-09-02
Sistema,199887410.83000,2018-09-03
Sistema,199933636.08000,2018-09-04
Sistema,198684043.54000,2018-09-05
Sistema,196888936.01000,2018-09-06
Sistema,197434647.97000,2018-09-07
Sistema,190243872.66000,2018-09-08
Sistema,173400899.01000,2018-09-09
Sistema,199185125.37000,2018-09-10
Sistema,201910992.70000,2018-09-11
Sistema,202735051.59000,2018-09-12
Sistema,201327806.47000,2018-09-13
Sistema,199249773.73000,2018-09-14
Sistema,187535549.85000,2018-09-15
Sistema,164827048.82000,2018-09-16
Sistema,193203462.05000,2018-09-17
Sistema,201425741.81000,2018-09-18
Sistema,202312173.52000,2018-09-19
Sistema,202852092.72000,2018-09-20
Sistema,205878217.41000,2018-09-21
Sistema,192979465.56000,2018-09-22
Sistema,174568087.93000,2018-09-23
Sistema,197512078.38000,2018-09-24
Sistema,201616689.83000,2018-09-25
Sistema,200509247.46000,2018-09-26
Sistema,198114009.85000,2018-09-27
Sistema,198093552.08000,2018-09-28
Sistema,190462932.88000,2018-09-29
Sistema,172245153.61000,2018-09-30
Sistema,196172759.93000,2018-10-01
Sistema,198243802.94000,2018-10-02
Sistema,196939024.52000,2018-10-03
Sistema,196074040.78000,2018-10-04
Sistema,196017324.53000,2018-10-05
Sistema,183912982.46000,2018-10-06
Sistema,168394452.33000,2018-10-07
Sistema,194361889.77000,2018-10-08
Sistema,194369923.55000,2018-10-09
Sistema,194434104.84000,2018-10-10
Sistema,192392540.53000,2018-10-11
Sistema,193852731.46000,2018-10-12
Sistema,185909555.93000,2018-10-13
Sistema,167359012.24000,2018-10-14
Sistema,171784458.62000,2018-10-15
Sistema,195851361.40000,2018-10-16
Sistema,199912201.82000,2018-10-17
Sistema,201057569.48000,2018-10-18
Sistema,198842502.01000,2018-10-19
Sistema,190060645.79000,2018-10-20
Sistema,170258969.08000,2018-10-21
Sistema,192038788.08000,2018-10-22
Sistema,195134496.02000,2018-10-23
Sistema,195867935.82000,2018-10-24
Sistema,199901287.12000,2018-10-25
Sistema,200370047.55000,2018-10-26
Sistema,192366101.46000,2018-10-27
Sistema,174194895.85000,2018-10-28
Sistema,197325366.31000,2018-10-29
Sistema,200497525.45000,2018-10-30
Sistema,199797393.24000,2018-10-31
Sistema,201559522.32000,2018-11-01
Sistema,196850034.24000,2018-11-02
Sistema,187119518.35000,2018-11-03
Sistema,167740186.33000,2018-11-04
Sistema,169648331.86000,2018-11-05
Sistema,194077466.64000,2018-11-06
Sistema,198566234.86000,2018-11-07
Sistema,201998431.47000,2018-11-08
Sistema,199619069.84000,2018-11-09
Sistema,191425769.58000,2018-11-10
Sistema,172968567.31000,2018-11-11
Sistema,176906054.86000,2018-11-12
Sistema,198928761.71000,2018-11-13
Sistema,199844644.94000,2018-11-14
Sistema,202030808.54000,2018-11-15
Sistema,204093981.19000,2018-11-16
Sistema,195779651.15000,2018-11-17
Sistema,177130850.10000,2018-11-18
Sistema,199520994.46000,2018-11-19
Sistema,202701358.91000,2018-11-20
Sistema,202082463.49000,2018-11-21
Sistema,202859440.70000,2018-11-22
Sistema,202939551.14000,2018-11-23
Sistema,193750631.15000,2018-11-24
Sistema,177096196.57000,2018-11-25
Sistema,200999392.01000,2018-11-26
Sistema,199864181.31000,2018-11-27
Sistema,199539390.29000,2018-11-28
Sistema,200708954.51000,2018-11-29
Sistema,200903223.83000,2018-11-30
Sistema,190045357.33000,2018-12-01
Sistema,173981639.25000,2018-12-02
Sistema,199380182.93000,2018-12-03
Sistema,201483846.22000,2018-12-04
Sistema,199764846.43000,2018-12-05
Sistema,199347208.24000,2018-12-06
Sistema,197856751.10000,2018-12-07
Sistema,179880619.21000,2018-12-08
Sistema,174803145.74000,2018-12-09
Sistema,200625860.97000,2018-12-10
Sistema,204261650.67000,2018-12-11
Sistema,204517622.84000,2018-12-12
Sistema,204564421.30000,2018-12-13
Sistema,202770112.10000,2018-12-14
Sistema,191235106.36000,2018-12-15
Sistema,175454217.80000,2018-12-16
Sistema,197755032.90000,2018-12-17
Sistema,201414640.55000,2018-12-18
Sistema,201009973.03000,2018-12-19
Sistema,200227345.13000,2018-12-20
Sistema,197692767.13000,2018-12-21
Sistema,187498723.80000,2018-12-22
Sistema,172157633.28000,2018-12-23
Sistema,174219323.70000,2018-12-24
Sistema,155064890.18000,2018-12-25
Sistema,185263896.67000,2018-12-26
Sistema,191087630.16000,2018-12-27
Sistema,190577913.74000,2018-12-28
Sistema,182453693.05000,2018-12-29
Sistema,168313898.53000,2018-12-30
Sistema,167426419.10000,2018-12-31
Sistema,147133355.57000,2019-01-01
Sistema,175004542.39000,2019-01-02
Sistema,185494839.04000,2019-01-03
Sistema,189627672.85000,2019-01-04
Sistema,183584870.45000,2019-01-05
Sistema,167766365.43000,2019-01-06
Sistema,167915875.89000,2019-01-07
Sistema,189410656.41000,2019-01-08
Sistema,188327619.12000,2019-01-09
Sistema,188454727.05000,2019-01-10
Sistema,190028692.68000,2019-01-11
Sistema,183886497.67000,2019-01-12
Sistema,168124009.02000,2019-01-13
Sistema,190301110.02000,2019-01-14
Sistema,193198351.39000,2019-01-15
Sistema,195237361.10000,2019-01-16
Sistema,198415520.45000,2019-01-17
Sistema,198577418.96000,2019-01-18
Sistema,189887632.39000,2019-01-19
Sistema,171033502.41000,2019-01-20
Sistema,194918497.74000,2019-01-21
Sistema,197327984.84000,2019-01-22
Sistema,199615829.07000,2019-01-23
Sistema,203029009.86000,2019-01-24
Sistema,204192014.62000,2019-01-25
Sistema,193698698.77000,2019-01-26
Sistema,175877172.19000,2019-01-27
Sistema,199164873.94000,2019-01-28
Sistema,200792064.57000,2019-01-29
Sistema,201262471.20000,2019-01-30
Sistema,201136882.79000,2019-01-31
Sistema,200288675.70000,2019-02-01
Sistema,191342168.14000,2019-02-02
Sistema,173291149.70000,2019-02-03
Sistema,200324736.74000,2019-02-04
Sistema,203684273.10000,2019-02-05
Sistema,204270493.48000,2019-02-06
Sistema,204702310.66000,2019-02-07
Sistema,202217618.23000,2019-02-08
Sistema,191508346.58000,2019-02-09
Sistema,173102996.62000,2019-02-10
Sistema,199998844.17000,2019-02-11
Sistema,202830663.81000,2019-02-12
Sistema,205016817.82000,2019-02-13
Sistema,205678727.75000,2019-02-14
Sistema,207081452.37000,2019-02-15
Sistema,197037098.91000,2019-02-16
Sistema,177389653.30000,2019-02-17
Sistema,200613198.42000,2019-02-18
Sistema,200078566.04000,2019-02-19
Sistema,198995755.53000,2019-02-20
Sistema,200314595.41000,2019-02-21
Sistema,202472145.64000,2019-02-22
Sistema,193561455.97000,2019-02-23
Sistema,173681316.02000,2019-02-24
Sistema,197063049.80000,2019-02-25
Sistema,199887911.78000,2019-02-26
Sistema,201149467.51000,2019-02-27
Sistema,201587794.99000,2019-02-28
Sistema,202355216.04000,2019-03-01
Sistema,190578025.83000,2019-03-02
Sistema,172168107.59000,2019-03-03
Sistema,198481327.42000,2019-03-04
Sistema,200837292.08000,2019-03-05
Sistema,203799254.86000,2019-03-06
Sistema,202492114.30000,2019-03-07
Sistema,202800092.37000,2019-03-08
Sistema,194578311.82000,2019-03-09
Sistema,174381440.92000,2019-03-10
Sistema,196239774.26000,2019-03-11
Sistema,198907869.78000,2019-03-12
Sistema,200353655.91000,2019-03-13
Sistema,201423686.58000,2019-03-14
Sistema,201521863.92000,2019-03-15
Sistema,192820802.24000,2019-03-16
Sistema,174616123.84000,2019-03-17
Sistema,198145074.03000,2019-03-18
Sistema,197896817.23000,2019-03-19
Sistema,200859177.11000,2019-03-20
Sistema,200875291.58000,2019-03-21
Sistema,200148787.23000,2019-03-22
Sistema,190078873.57000,2019-03-23
Sistema,172620213.46000,2019-03-24
Sistema,176491787.35000,2019-03-25
Sistema,200967125.54000,2019-03-26
Sistema,202966371.94000,2019-03-27
Sistema,204462617.10000,2019-03-28
Sistema,199696521.46000,2019-03-29
Sistema,192060740.31000,2019-03-30
Sistema,176550362.42000,2019-03-31
Sistema,196355442.77000,2019-04-01
Sistema,198008130.42000,2019-04-02
Sistema,199929430.47000,2019-04-03
Sistema,202136750.82000,2019-04-04
Sistema,203106005.41000,2019-04-05
Sistema,193351005.82000,2019-04-06
Sistema,177624543.84000,2019-04-07
Sistema,201372818.41000,2019-04-08
Sistema,205044415.57000,2019-04-09
Sistema,203953714.73000,2019-04-10
Sistema,204174565.76000,2019-04-11
Sistema,205950546.09000,2019-04-12
Sistema,197234504.68000,2019-04-13
Sistema,181216933.44000,2019-04-14
Sistema,199388394.03000,2019-04-15
Sistema,201191844.17000,2019-04-16
Sistema,197616181.26000,2019-04-17
Sistema,170535233.77000,2019-04-18
Sistema,163123908.65000,2019-04-19
Sistema,172225637.12000,2019-04-20
Sistema,169218193.58000,2019-04-21
Sistema,194223462.46000,2019-04-22
Sistema,200521306.69000,2019-04-23
Sistema,201372786.42000,2019-04-24
Sistema,203195126.10000,2019-04-25
Sistema,205697928.13000,2019-04-26
Sistema,196462319.90000,2019-04-27
Sistema,179851564.29000,2019-04-28
Sistema,204429977.69000,2019-04-29
Sistema,206638533.71000,2019-04-30
Sistema,187297251.34000,2019-05-01
Sistema,206790866.23000,2019-05-02
Sistema,208768928.38000,2019-05-03
Sistema,199124668.65000,2019-05-04
Sistema,180691986.75000,2019-05-05
Sistema,207613663.26000,2019-05-06
Sistema,210087973.85000,2019-05-07
Sistema,205066083.34000,2019-05-08
Sistema,200326777.85000,2019-05-09
Sistema,197924357.55000,2019-05-10
Sistema,190353058.20000,2019-05-11
Sistema,172057186.25000,2019-05-12
Sistema,200974061.58000,2019-05-13
Sistema,203980545.69000,2019-05-14
Sistema,202863132.64000,2019-05-15
Sistema,204789927.38000,2019-05-16
Sistema,205381272.18000,2019-05-17
Sistema,194201482.26000,2019-05-18
Sistema,174013519.51000,2019-05-19
Sistema,198307879.42000,2019-05-20
Sistema,200045249.39000,2019-05-21
Sistema,203371262.57000,2019-05-22
Sistema,199932845.92000,2019-05-23
Sistema,201025312.76000,2019-05-24
Sistema,190310845.75000,2019-05-25
Sistema,171503932.94000,2019-05-26
Sistema,195458150.58000,2019-05-27
Sistema,197253372.17000,2019-05-28
Sistema,199680264.87000,2019-05-29
Sistema,197541927.91000,2019-05-30
Sistema,197676636.84000,2019-05-31
Sistema,186822629.65000,2019-06-01
Sistema,170998373.54000,2019-06-02
Sistema,176095381.28000,2019-06-03
Sistema,201511067.73000,2019-06-04
Sistema,204925640.85000,2019-06-05
Sistema,201361130.84000,2019-06-06
Sistema,197591988.16000,2019-06-07
Sistema,192265314.81000,2019-06-08
Sistema,178736865.01000,2019-06-09
Sistema,200554912.66000,2019-06-10
Sistema,201878237.18000,2019-06-11
Sistema,202421604.02000,2019-06-12
Sistema,205362545.67000,2019-06-13
Sistema,206589509.14000,2019-06-14
Sistema,196939984.04000,2019-06-15
Sistema,175344888.32000,2019-06-16
Sistema,204238280.14000,2019-06-17
Sistema,210424346.25000,2019-06-18
Sistema,209727640.34000,2019-06-19
Sistema,208727700.88000,2019-06-20
Sistema,208968842.12000,2019-06-21
Sistema,198488169.15000,2019-06-22
Sistema,178334163.49000,2019-06-23
Sistema,177027729.17000,2019-06-24
Sistema,196859769.30000,2019-06-25
Sistema,204199917.00000,2019-06-26
Sistema,208350834.60000,2019-06-27
Sistema,207564665.28000,2019-06-28
Sistema,195401557.14000,2019-06-29
Sistema,175052604.97000,2019-06-30
Sistema,175750068.97000,2019-07-01
Sistema,197546506.38000,2019-07-02
Sistema,202937679.08000,2019-07-03
Sistema,203553822.08000,2019-07-04
Sistema,205050426.19000,2019-07-05
Sistema,196700778.02000,2019-07-06
Sistema,178606623.91000,2019-07-07
Sistema,199218290.42000,2019-07-08
Sistema,199077864.60000,2019-07-09
Sistema,203542278.78000,2019-07-10
Sistema,204078549.05000,2019-07-11
Sistema,205560467.85000,2019-07-12
Sistema,195154165.28000,2019-07-13
Sistema,176739907.30000,2019-07-14
Sistema,198637166.68000,2019-07-15
Sistema,202450815.42000,2019-07-16
Sistema,204082072.43000,2019-07-17
Sistema,207861272.49000,2019-07-18
Sistema,207750465.12000,2019-07-19
Sistema,188834280.65000,2019-07-20
Sistema,179558346.46000,2019-07-21
Sistema,205816002.41000,2019-07-22
Sistema,202291906.96000,2019-07-23
Sistema,203730659.96000,2019-07-24
Sistema,204091210.24000,2019-07-25
Sistema,203659885.80000,2019-07-26
Sistema,195422634.23000,2019-07-27
Sistema,179305328.78000,2019-07-28
Sistema,204429011.73000,2019-07-29
Sistema,207032455.36000,2019-07-30
Sistema,208346126.09000,2019-07-31
Sistema,206039731.09000,2019-08-01
Sistema,208682379.65000,2019-08-02
Sistema,197041189.29000,2019-08-03
Sistema,178036141.85000,2019-08-04
Sistema,202087107.31000,2019-08-05
Sistema,206274827.93000,2019-08-06
Sistema,188665087.86000,2019-08-07
Sistema,207479080.36000,2019-08-08
Sistema,210667681.05000,2019-08-09
Sistema,201771778.12000,2019-08-10
Sistema,183609878.11000,2019-08-11
Sistema,210381458.73000,2019-08-12
Sistema,213164927.44000,2019-08-13
Sistema,208882917.84000,2019-08-14
Sistema,206211662.76000,2019-08-15
Sistema,200321463.05000,2019-08-16
Sistema,191744510.02000,2019-08-17
Sistema,176657582.05000,2019-08-18
Sistema,181355442.91000,2019-08-19
Sistema,203505837.12000,2019-08-20
Sistema,208903397.66000,2019-08-21
Sistema,211938025.63000,2019-08-22
Sistema,212354030.60000,2019-08-23
Sistema,200305316.63000,2019-08-24
Sistema,180507972.90000,2019-08-25
Sistema,210039435.01000,2019-08-26
Sistema,213970412.07000,2019-08-27
Sistema,209777916.98000,2019-08-28
Sistema,210325019.57000,2019-08-29
Sistema,213119966.95000,2019-08-30
Sistema,202976186.18000,2019-08-31
Sistema,181258097.10000,2019-09-01
Sistema,203242922.57000,2019-09-02
Sistema,205908472.85000,2019-09-03
Sistema,210774556.16000,2019-09-04
Sistema,211949251.39000,2019-09-05
Sistema,209926617.00000,2019-09-06
Sistema,203125606.18000,2019-09-07
Sistema,182702235.97000,2019-09-08
Sistema,210691586.11000,2019-09-09
Sistema,215909149.99000,2019-09-10
Sistema,217020823.30000,2019-09-11
Sistema,214161921.62000,2019-09-12
Sistema,214302484.29000,2019-09-13
Sistema,203348551.87000,2019-09-14
Sistema,184427845.57000,2019-09-15
Sistema,208613132.23000,2019-09-16
Sistema,208523574.16000,2019-09-17
Sistema,205429319.24000,2019-09-18
Sistema,199521521.20000,2019-09-19
Sistema,200324793.65000,2019-09-20
Sistema,188812499.00000,2019-09-21
Sistema,174812126.45000,2019-09-22
Sistema,199937573.40000,2019-09-23
Sistema,202781037.25000,2019-09-24
Sistema,205433183.56000,2019-09-25
Sistema,203399180.21000,2019-09-26
Sistema,206095553.87000,2019-09-27
Sistema,199171719.33000,2019-09-28
Sistema,178081305.48000,2019-09-29
Sistema,200457769.97000,2019-09-30
Sistema,199923414.65000,2019-10-01
Sistema,201855314.52000,2019-10-02
Sistema,199821039.99000,2019-10-03
Sistema,201796897.90000,2019-10-04
Sistema,194509493.08000,2019-10-05
Sistema,175991143.83000,2019-10-06
Sistema,200660635.37000,2019-10-07
Sistema,203527884.52000,2019-10-08
Sistema,201456228.43000,2019-10-09
Sistema,201988138.38000,2019-10-10
Sistema,200432561.79000,2019-10-11
Sistema,190680290.93000,2019-10-12
Sistema,173369680.92000,2019-10-13
Sistema,176527088.96000,2019-10-14
Sistema,201844408.24000,2019-10-15
Sistema,202267655.53000,2019-10-16
Sistema,202103709.67000,2019-10-17
Sistema,202444909.15000,2019-10-18
Sistema,191781300.89000,2019-10-19
Sistema,175036801.48000,2019-10-20
Sistema,197814412.44000,2019-10-21
Sistema,198961804.60000,2019-10-22
Sistema,200100031.09000,2019-10-23
Sistema,200214284.50000,2019-10-24
Sistema,202518268.35000,2019-10-25
Sistema,195479700.28000,2019-10-26
Sistema,174457432.01000,2019-10-27
Sistema,203735993.88000,2019-10-28
Sistema,208345606.77000,2019-10-29
Sistema,207834547.50000,2019-10-30
Sistema,204958196.92000,2019-10-31
Sistema,205763109.67000,2019-11-01
Sistema,195034480.66000,2019-11-02
Sistema,177959481.79000,2019-11-03
Sistema,182135003.03000,2019-11-04
Sistema,202910386.98000,2019-11-05
Sistema,205979640.85000,2019-11-06
Sistema,206615757.13000,2019-11-07
Sistema,210636936.20000,2019-11-08
Sistema,198532699.99000,2019-11-09
Sistema,179749509.69000,2019-11-10
Sistema,181532319.26000,2019-11-11
Sistema,202736124.11000,2019-11-12
Sistema,201937937.35000,2019-11-13
Sistema,203541561.46000,2019-11-14
Sistema,205056865.47000,2019-11-15
Sistema,195847851.06000,2019-11-16
Sistema,180565043.21000,2019-11-17
Sistema,204099853.25000,2019-11-18
Sistema,205509152.81000,2019-11-19
Sistema,205713888.13000,2019-11-20
Sistema,198901963.15000,2019-11-21
Sistema,200118221.71000,2019-11-22
Sistema,192562334.96000,2019-11-23
Sistema,178616808.35000,2019-11-24
Sistema,206533065.20000,2019-11-25
Sistema,211997344.28000,2019-11-26
Sistema,213404322.26000,2019-11-27
Sistema,215155104.42000,2019-11-28
Sistema,210663697.24000,2019-11-29
Sistema,199533282.54000,2019-11-30
Sistema,184187658.15000,2019-12-01
Sistema,209994521.84000,2019-12-02
Sistema,213646641.26000,2019-12-03
Sistema,212523211.40000,2019-12-04
Sistema,214445638.19000,2019-12-05
Sistema,214735193.63000,2019-12-06
Sistema,200284339.12000,2019-12-07
Sistema,179995422.23000,2019-12-08
Sistema,208081151.83000,2019-12-09
Sistema,212006725.96000,2019-12-10
Sistema,211900278.22000,2019-12-11
Sistema,210474694.39000,2019-12-12
Sistema,208004824.30000,2019-12-13
Sistema,198120060.50000,2019-12-14
Sistema,183569254.65000,2019-12-15
Sistema,208720843.28000,2019-12-16
Sistema,210157079.67000,2019-12-17
Sistema,210313724.06000,2019-12-18
Sistema,211629996.64000,2019-12-19
Sistema,210694066.87000,2019-12-20
Sistema,199103246.66000,2019-12-21
Sistema,185926820.74000,2019-12-22
Sistema,203637113.28000,2019-12-23
Sistema,191548030.88000,2019-12-24
Sistema,170572418.93000,2019-12-25
Sistema,199421684.61000,2019-12-26
Sistema,200773323.53000,2019-12-27
Sistema,195393421.51000,2019-12-28
Sistema,182336925.04000,2019-12-29
Sistema,193351757.68000,2019-12-30
Sistema,177812758.45000,2019-12-31
Sistema,155506551.19000,2020-01-01
Sistema,181754934.08000,2020-01-02
Sistema,192032421.25000,2020-01-03
Sistema,188232611.46000,2020-01-04
Sistema,173195844.11000,2020-01-05
Sistema,174463788.69000,2020-01-06
Sistema,195751211.75000,2020-01-07
Sistema,200798718.57000,2020-01-08
Sistema,200626186.29000,2020-01-09
Sistema,201052946.99000,2020-01-10
Sistema,193696119.50000,2020-01-11
Sistema,178483315.58000,2020-01-12
Sistema,202296771.45000,2020-01-13
Sistema,205745862.26000,2020-01-14
Sistema,206766294.17000,2020-01-15
Sistema,208987492.68000,2020-01-16
Sistema,209933656.10000,2020-01-17
Sistema,200929424.68000,2020-01-18
Sistema,183115429.40000,2020-01-19
Sistema,207741666.88000,2020-01-20
Sistema,208249232.86000,2020-01-21
Sistema,205500422.94000,2020-01-22
Sistema,205344810.73000,2020-01-23
Sistema,208244482.99000,2020-01-24
Sistema,199314327.90000,2020-01-25
Sistema,182188427.31000,2020-01-26
Sistema,206926839.05000,2020-01-27
Sistema,209150767.47000,2020-01-28
Sistema,209998581.83000,2020-01-29
Sistema,210879364.75000,2020-01-30
Sistema,212383953.45000,2020-01-31
Sistema,204001507.25000,2020-02-01
Sistema,184693050.00000,2020-02-02
Sistema,210806879.68000,2020-02-03
Sistema,212116447.30000,2020-02-04
Sistema,212094362.96000,2020-02-05
Sistema,213236263.00000,2020-02-06
Sistema,214000672.04000,2020-02-07
Sistema,204151780.50000,2020-02-08
Sistema,183760816.65000,2020-02-09
Sistema,208765349.89000,2020-02-10
Sistema,212591294.45000,2020-02-11
Sistema,213899829.77000,2020-02-12
Sistema,215017572.90000,2020-02-13
Sistema,214601451.97000,2020-02-14
Sistema,204475214.23000,2020-02-15
Sistema,185556375.27000,2020-02-16
Sistema,211523041.36000,2020-02-17
Sistema,215356881.61000,2020-02-18
Sistema,217078889.92000,2020-02-19
Sistema,215988093.25000,2020-02-20
Sistema,214429408.99000,2020-02-21
Sistema,199564678.46000,2020-02-22
Sistema,179787218.77000,2020-02-23
Sistema,203266465.67000,2020-02-24
Sistema,207681768.88000,2020-02-25
Sistema,208447858.69000,2020-02-26
Sistema,208719084.20000,2020-02-27
Sistema,210395986.83000,2020-02-28
Sistema,201988075.55000,2020-02-29
Sistema,182932186.42000,2020-03-01
Sistema,209080625.43000,2020-03-02
Sistema,212751902.73000,2020-03-03
Sistema,215135776.65000,2020-03-04
Sistema,216132524.11000,2020-03-05
Sistema,216916220.13000,2020-03-06
Sistema,204165752.85000,2020-03-07
Sistema,182458765.69000,2020-03-08
Sistema,208255371.53000,2020-03-09
Sistema,212627388.14000,2020-03-10
Sistema,210061453.51000,2020-03-11
Sistema,211008204.95000,2020-03-12
Sistema,209858686.32000,2020-03-13
Sistema,199219726.45000,2020-03-14
Sistema,182316657.82000,2020-03-15
Sistema,206674136.34000,2020-03-16
Sistema,205345715.73000,2020-03-17
Sistema,204881483.70000,2020-03-18
Sistema,205747362.97000,2020-03-19
Sistema,191784406.21000,2020-03-20
Sistema,175859490.87000,2020-03-21
Sistema,167207727.83000,2020-03-22
Sistema,171057900.63000,2020-03-23
Sistema,179073157.14000,2020-03-24
Sistema,175219843.46000,2020-03-25
Sistema,176307149.03000,2020-03-26
Sistema,176227417.80000,2020-03-27
Sistema,172529200.33000,2020-03-28
Sistema,164911308.19000,2020-03-29
Sistema,173924828.78000,2020-03-30
Sistema,173287738.13000,2020-03-31
Sistema,171194754.25000,2020-04-01
Sistema,173160886.58000,2020-04-02
Sistema,176262300.49000,2020-04-03
Sistema,172757847.76000,2020-04-04
Sistema,166879197.69000,2020-04-05
Sistema,176771791.39000,2020-04-06
Sistema,175186781.86000,2020-04-07
Sistema,176585188.11000,2020-04-08
Sistema,165531131.11000,2020-04-09
Sistema,160716729.79000,2020-04-10
Sistema,163235634.17000,2020-04-11
Sistema,161131800.12000,2020-04-12
Sistema,173980835.78000,2020-04-13
Sistema,175349205.47000,2020-04-14
Sistema,173605879.88000,2020-04-15
Sistema,175402725.54000,2020-04-16
Sistema,177436771.99000,2020-04-17
Sistema,170672379.61000,2020-04-18
Sistema,159749694.11000,2020-04-19
Sistema,175712684.46000,2020-04-20
Sistema,176358701.62000,2020-04-21
Sistema,176987751.48000,2020-04-22
Sistema,177152632.31000,2020-04-23
Sistema,178330688.11000,2020-04-24
Sistema,174499553.92000,2020-04-25
Sistema,165594586.84000,2020-04-26
Sistema,181621093.95000,2020-04-27
Sistema,181818754.09000,2020-04-28
Sistema,183368973.11000,2020-04-29
Sistema,183751740.33000,2020-04-30
Sistema,170262403.99000,2020-05-01
Sistema,173299552.69000,2020-05-02
Sistema,164097542.60000,2020-05-03
Sistema,181966317.70000,2020-05-04
Sistema,186422548.68000,2020-05-05
Sistema,187943583.63000,2020-05-06
Sistema,187593797.69000,2020-05-07
Sistema,187199604.36000,2020-05-08
Sistema,181027861.76000,2020-05-09
Sistema,168946867.76000,2020-05-10
Sistema,188765317.75000,2020-05-11
Sistema,189058013.57000,2020-05-12
Sistema,184835252.26000,2020-05-13
Sistema,187588502.54000,2020-05-14
Sistema,188035493.36000,2020-05-15
Sistema,183363816.73000,2020-05-16
Sistema,167638948.47000,2020-05-17
Sistema,186571421.20000,2020-05-18
Sistema,186111923.44000,2020-05-19
Sistema,190229191.70000,2020-05-20
Sistema,193806593.42000,2020-05-21
Sistema,191652298.08000,2020-05-22
Sistema,184549746.47000,2020-05-23
Sistema,170828173.26000,2020-05-24
Sistema,175005482.14000,2020-05-25
Sistema,192707795.58000,2020-05-26
Sistema,188060608.10000,2020-05-27
Sistema,186659317.12000,2020-05-28
Sistema,186531641.70000,2020-05-29
Sistema,173867932.36000,2020-05-30
Sistema,157544868.07000,2020-05-31
Sistema,181977687.06000,2020-06-01
Sistema,187347171.99000,2020-06-02
Sistema,188381177.51000,2020-06-03
Sistema,192115641.71000,2020-06-04
Sistema,194769249.51000,2020-06-05
Sistema,181983135.70000,2020-06-06
Sistema,167937419.72000,2020-06-07
Sistema,191643976.46000,2020-06-08
Sistema,192562135.43000,2020-06-09
Sistema,184500846.27000,2020-06-10
Sistema,187362362.21000,2020-06-11
Sistema,188451468.59000,2020-06-12
Sistema,183144982.95000,2020-06-13
Sistema,168890982.84000,2020-06-14
Sistema,170564728.55000,2020-06-15
Sistema,192336065.07000,2020-06-16
Sistema,192958332.75000,2020-06-17
Sistema,194155257.79000,2020-06-18
Sistema,195398340.16000,2020-06-19
Sistema,186187152.22000,2020-06-20
Sistema,167616795.49000,2020-06-21
Sistema,173162162.88000,2020-06-22
Sistema,194400594.10000,2020-06-23
Sistema,194047827.66000,2020-06-24
Sistema,196403404.95000,2020-06-25
Sistema,195039452.46000,2020-06-26
Sistema,186769120.12000,2020-06-27
Sistema,168387413.25000,2020-06-28
Sistema,174159483.18000,2020-06-29
Sistema,195702409.11000,2020-06-30
Sistema,197539726.23000,2020-07-01
Sistema,194361717.93000,2020-07-02
Sistema,195226563.88000,2020-07-03
Sistema,187194407.78000,2020-07-04
Sistema,168362239.36000,2020-07-05
Sistema,193251541.01000,2020-07-06
Sistema,194083933.51000,2020-07-07
Sistema,192428742.30000,2020-07-08
Sistema,194923632.39000,2020-07-09
Sistema,198283546.60000,2020-07-10
Sistema,184012616.09000,2020-07-11
Sistema,167053729.44000,2020-07-12
Sistema,193704343.04000,2020-07-13
Sistema,195139838.04000,2020-07-14
Sistema,199629818.51000,2020-07-15
Sistema,198194100.55000,2020-07-16
Sistema,199074716.91000,2020-07-17
Sistema,190766146.87000,2020-07-18
Sistema,175870456.88000,2020-07-19
Sistema,176613450.15000,2020-07-20
Sistema,195274993.75000,2020-07-21
Sistema,195647351.03000,2020-07-22
Sistema,196928699.53000,2020-07-23
Sistema,193929979.70000,2020-07-24
Sistema,182462326.94000,2020-07-25
Sistema,170904346.19000,2020-07-26
Sistema,193836394.90000,2020-07-27
Sistema,199785826.05000,2020-07-28
Sistema,201458126.02000,2020-07-29
Sistema,200399134.56000,2020-07-30
Sistema,200228284.23000,2020-07-31
Sistema,191589967.16000,2020-08-01
Sistema,178505297.39000,2020-08-02
Sistema,198587565.82000,2020-08-03
Sistema,199104452.21000,2020-08-04
Sistema,201156317.92000,2020-08-05
Sistema,200773726.16000,2020-08-06
Sistema,187931173.80000,2020-08-07
Sistema,189196517.01000,2020-08-08
Sistema,177848895.76000,2020-08-09
Sistema,201237077.45000,2020-08-10
Sistema,204685689.03000,2020-08-11
Sistema,205391427.13000,2020-08-12
Sistema,205462088.46000,2020-08-13
Sistema,202430866.98000,2020-08-14
Sistema,192470465.74000,2020-08-15
Sistema,173475108.83000,2020-08-16
Sistema,176349929.47000,2020-08-17
Sistema,198428502.05000,2020-08-18
Sistema,198359000.39000,2020-08-19
Sistema,198609320.83000,2020-08-20
Sistema,198860956.90000,2020-08-21
Sistema,188714602.18000,2020-08-22
Sistema,170432421.67000,2020-08-23
Sistema,193923526.52000,2020-08-24
Sistema,195746300.37000,2020-08-25
Sistema,197118788.13000,2020-08-26
Sistema,199722152.90000,2020-08-27
Sistema,202195431.89000,2020-08-28
Sistema,193660876.84000,2020-08-29
Sistema,171856293.77000,2020-08-30
Sistema,196220265.36000,2020-08-31
Sistema,199585913.56000,2020-09-01
Sistema,196362645.10000,2020-09-02
Sistema,199896657.09000,2020-09-03
Sistema,200961237.27000,2020-09-04
Sistema,195596973.49000,2020-09-05
Sistema,175497617.61000,2020-09-06
Sistema,197852968.20000,2020-09-07
Sistema,196328131.78000,2020-09-08
Sistema,197692176.86000,2020-09-09
Sistema,202093205.37000,2020-09-10
Sistema,204861095.73000,2020-09-11
Sistema,196002568.09000,2020-09-12
Sistema,176404543.39000,2020-09-13
Sistema,200781316.18000,2020-09-14
Sistema,203735166.59000,2020-09-15
Sistema,197176085.12000,2020-09-16
Sistema,202961018.24000,2020-09-17
Sistema,201666723.63000,2020-09-18
Sistema,192272674.52000,2020-09-19
Sistema,173952906.13000,2020-09-20
Sistema,198369783.62000,2020-09-21
Sistema,203462592.93000,2020-09-22
Sistema,203999129.46000,2020-09-23
Sistema,199199417.47000,2020-09-24
Sistema,199423910.32000,2020-09-25
Sistema,193341882.78000,2020-09-26
Sistema,171881812.50000,2020-09-27
Sistema,197965844.04000,2020-09-28
Sistema,202207104.10000,2020-09-29
Sistema,199281090.45000,2020-09-30
Sistema,201980328.95000,2020-10-01
Sistema,202183797.25000,2020-10-02
Sistema,190809041.59000,2020-10-03
Sistema,170572102.55000,2020-10-04
Sistema,197022384.52000,2020-10-05
Sistema,200848009.70000,2020-10-06
Sistema,202569593.08000,2020-10-07
Sistema,199551784.99000,2020-10-08
Sistema,202992988.08000,2020-10-09
Sistema,196671780.60000,2020-10-10
Sistema,179600608.95000,2020-10-11
Sistema,183681179.80000,2020-10-12
Sistema,201212170.97000,2020-10-13
Sistema,202013893.28000,2020-10-14
Sistema,205419885.14000,2020-10-15
Sistema,209434542.90000,2020-10-16
Sistema,198349558.38000,2020-10-17
Sistema,176702311.33000,2020-10-18
Sistema,195638852.00000,2020-10-19
Sistema,200257954.29000,2020-10-20
Sistema,203685345.90000,2020-10-21
Sistema,206383078.29000,2020-10-22
Sistema,206264814.19000,2020-10-23
Sistema,193274108.01000,2020-10-24
Sistema,176075662.39000,2020-10-25
Sistema,202705224.69000,2020-10-26
Sistema,208908897.93000,2020-10-27
Sistema,206856495.85000,2020-10-28
Sistema,205887140.34000,2020-10-29
Sistema,205827460.48000,2020-10-30
Sistema,191342459.26000,2020-10-31
Sistema,168924100.08000,2020-11-01
Sistema,178076140.60000,2020-11-02
Sistema,202405609.74000,2020-11-03
Sistema,205606264.59000,2020-11-04
Sistema,203887605.65000,2020-11-05
Sistema,202469090.02000,2020-11-06
Sistema,194484919.03000,2020-11-07
Sistema,178542185.78000,2020-11-08
Sistema,200682172.71000,2020-11-09
Sistema,204521055.30000,2020-11-10
Sistema,202011388.72000,2020-11-11
Sistema,201558608.59000,2020-11-12
Sistema,200429274.35000,2020-11-13
Sistema,188162611.68000,2020-11-14
Sistema,173657653.40000,2020-11-15
Sistema,180511379.17000,2020-11-16
Sistema,197462347.91000,2020-11-17
Sistema,199106808.90000,2020-11-18
Sistema,201015569.04000,2020-11-19
Sistema,204299101.18000,2020-11-20
Sistema,195849719.06000,2020-11-21
Sistema,180302291.43000,2020-11-22
Sistema,205149563.88000,2020-11-23
Sistema,208537000.30000,2020-11-24
Sistema,208208569.37000,2020-11-25
Sistema,207106867.95000,2020-11-26
Sistema,204281380.92000,2020-11-27
Sistema,193807790.25000,2020-11-28
Sistema,178937201.70000,2020-11-29
Sistema,203778844.02000,2020-11-30
Sistema,205355564.80000,2020-12-01
Sistema,204719532.48000,2020-12-02
Sistema,205801778.95000,2020-12-03
Sistema,207230898.05000,2020-12-04
Sistema,199081199.31000,2020-12-05
Sistema,185289242.46000,2020-12-06
Sistema,202265547.10000,2020-12-07
Sistema,187590443.01000,2020-12-08
Sistema,206560802.69000,2020-12-09
Sistema,209115220.26000,2020-12-10
Sistema,210250899.51000,2020-12-11
Sistema,200570027.18000,2020-12-12
Sistema,184022615.98000,2020-12-13
Sistema,205497538.65000,2020-12-14
Sistema,208242080.74000,2020-12-15
Sistema,209638233.87000,2020-12-16
Sistema,208916906.93000,2020-12-17
Sistema,207870244.41000,2020-12-18
Sistema,200225485.41000,2020-12-19
Sistema,184089631.51000,2020-12-20
Sistema,205404536.22000,2020-12-21
Sistema,207202528.68000,2020-12-22
Sistema,205284415.60000,2020-12-23
Sistema,187729792.10000,2020-12-24
Sistema,162170065.93000,2020-12-25
Sistema,179413695.12000,2020-12-26
Sistema,175378461.57000,2020-12-27
Sistema,194044927.84000,2020-12-28
Sistema,195731416.53000,2020-12-29
Sistema,193231243.63000,2020-12-30
Sistema,176711963.29000,2020-12-31
Sistema,155622818.60000,2021-01-01
Sistema,168376857.62000,2021-01-02
Sistema,168100044.16000,2021-01-03
Sistema,189714308.11000,2021-01-04
Sistema,193626157.23000,2021-01-05
Sistema,195555485.71000,2021-01-06
Sistema,197060869.17000,2021-01-07
Sistema,194388270.37000,2021-01-08
Sistema,184853594.41000,2021-01-09
Sistema,172196967.11000,2021-01-10
Sistema,176172774.05000,2021-01-11
Sistema,196088978.67000,2021-01-12
Sistema,200045610.20000,2021-01-13
Sistema,201563946.99000,2021-01-14
Sistema,202307067.05000,2021-01-15
Sistema,193214700.99000,2021-01-16
Sistema,176491568.81000,2021-01-17
Sistema,200422740.93000,2021-01-18
Sistema,203036412.99000,2021-01-19
Sistema,203102006.80000,2021-01-20
Sistema,204070972.56000,2021-01-21
Sistema,204301826.74000,2021-01-22
Sistema,193899345.99000,2021-01-23
Sistema,176693996.47000,2021-01-24
Sistema,200091093.35000,2021-01-25
Sistema,203196820.24000,2021-01-26
Sistema,204440910.89000,2021-01-27
Sistema,204801728.10000,2021-01-28
Sistema,203605181.87000,2021-01-29
Sistema,193232010.31000,2021-01-30
Sistema,176608382.77000,2021-01-31
Sistema,202416344.93000,2021-02-01
Sistema,205775693.82000,2021-02-02
Sistema,207211999.45000,2021-02-03
Sistema,207876743.40000,2021-02-04
Sistema,209723483.05000,2021-02-05
Sistema,200568451.02000,2021-02-06
Sistema,182210368.39000,2021-02-07
Sistema,207136275.80000,2021-02-08
Sistema,208964808.60000,2021-02-09
Sistema,207012130.19000,2021-02-10
Sistema,208228919.02000,2021-02-11
Sistema,208183735.91000,2021-02-12
Sistema,199037270.70000,2021-02-13
Sistema,180546015.05000,2021-02-14
Sistema,203474190.33000,2021-02-15
Sistema,206492597.23000,2021-02-16
Sistema,205305512.37000,2021-02-17
Sistema,207593622.19000,2021-02-18
Sistema,207104276.41000,2021-02-19
Sistema,198876530.90000,2021-02-20
Sistema,180931891.32000,2021-02-21
Sistema,203697599.08000,2021-02-22
Sistema,208336278.86000,2021-02-23
Sistema,210670877.88000,2021-02-24
Sistema,211148542.02000,2021-02-25
Sistema,211267803.20000,2021-02-26
Sistema,198848883.47000,2021-02-27
Sistema,179343764.19000,2021-02-28
Sistema,201189055.44000,2021-03-01
Sistema,203046322.13000,2021-03-02
Sistema,204119680.89000,2021-03-03
Sistema,206369641.81000,2021-03-04
Sistema,207387392.26000,2021-03-05
Sistema,199324342.07000,2021-03-06
Sistema,181383354.30000,2021-03-07
Sistema,203168157.85000,2021-03-08
Sistema,206154944.43000,2021-03-09
Sistema,206930492.79000,2021-03-10
Sistema,206877695.77000,2021-03-11
Sistema,206129061.94000,2021-03-12
Sistema,197257560.55000,2021-03-13
Sistema,178765070.63000,2021-03-14
Sistema,203133468.27000,2021-03-15
Sistema,204231199.21000,2021-03-16
Sistema,206014013.82000,2021-03-17
Sistema,206381463.54000,2021-03-18
Sistema,207387936.77000,2021-03-19
Sistema,198023553.29000,2021-03-20
Sistema,181492888.11000,2021-03-21
Sistema,183163814.53000,2021-03-22
Sistema,203216767.26000,2021-03-23
Sistema,207519010.40000,2021-03-24
Sistema,209137701.80000,2021-03-25
Sistema,208465427.32000,2021-03-26
Sistema,199866343.59000,2021-03-27
Sistema,183456152.28000,2021-03-28
Sistema,206944701.94000,2021-03-29
Sistema,210748059.86000,2021-03-30
Sistema,206016833.17000,2021-03-31
Sistema,181351143.41000,2021-04-01
Sistema,169135803.26000,2021-04-02
Sistema,179356202.30000,2021-04-03
Sistema,176495112.11000,2021-04-04
Sistema,204935608.74000,2021-04-05
Sistema,206925811.72000,2021-04-06
Sistema,205269875.53000,2021-04-07
Sistema,209117390.79000,2021-04-08
Sistema,205616858.49000,2021-04-09
Sistema,197370874.75000,2021-04-10
Sistema,184128632.37000,2021-04-11
Sistema,205344172.02000,2021-04-12
Sistema,210463984.80000,2021-04-13
Sistema,209213088.47000,2021-04-14
Sistema,209596857.87000,2021-04-15
Sistema,207473651.93000,2021-04-16
Sistema,200705790.12000,2021-04-17
Sistema,181776817.88000,2021-04-18
Sistema,208510473.68000,2021-04-19
Sistema,213722644.43000,2021-04-20
Sistema,212380121.96000,2021-04-21
Sistema,213599764.77000,2021-04-22
Sistema,211168516.13000,2021-04-23
Sistema,202960378.49000,2021-04-24
Sistema,187622482.97000,2021-04-25
Sistema,209814907.60000,2021-04-26
Sistema,207809834.56000,2021-04-27
Sistema,198178877.40000,2021-04-28
Sistema,199638655.65000,2021-04-29
Sistema,194741501.34000,2021-04-30
Sistema,177470441.84000,2021-05-01
Sistema,171428101.32000,2021-05-02
Sistema,189442795.63000,2021-05-03
Sistema,191277314.31000,2021-05-04
Sistema,188880064.78000,2021-05-05
Sistema,190584886.48000,2021-05-06
Sistema,191562918.62000,2021-05-07
Sistema,185939238.21000,2021-05-08
Sistema,172029532.00000,2021-05-09
Sistema,193669778.98000,2021-05-10
Sistema,199280953.68000,2021-05-11
Sistema,199616143.49000,2021-05-12
Sistema,203375358.15000,2021-05-13
Sistema,205852146.86000,2021-05-14
Sistema,198104379.96000,2021-05-15
Sistema,180287092.87000,2021-05-16
Sistema,181005430.56000,2021-05-17
Sistema,196180810.52000,2021-05-18
Sistema,200323013.15000,2021-05-19
Sistema,206197729.05000,2021-05-20
Sistema,208670596.58000,2021-05-21
Sistema,200194442.56000,2021-05-22
Sistema,181945993.34000,2021-05-23
Sistema,204743544.52000,2021-05-24
Sistema,206577365.20000,2021-05-25
Sistema,207561210.49000,2021-05-26
Sistema,206699850.89000,2021-05-27
Sistema,202515852.43000,2021-05-28
Sistema,193292329.01000,2021-05-29
Sistema,178487258.08000,2021-05-30
Sistema,202012868.15000,2021-05-31
Sistema,203329511.48000,2021-06-01
Sistema,204189301.45000,2021-06-02
Sistema,208147634.58000,2021-06-03
Sistema,208614763.07000,2021-06-04
Sistema,200509005.79000,2021-06-05
Sistema,181871911.53000,2021-06-06
Sistema,182040376.28000,2021-06-07
Sistema,199881776.15000,2021-06-08
Sistema,199734084.77000,2021-06-09
Sistema,203734160.87000,2021-06-10
Sistema,209501715.46000,2021-06-11
Sistema,199640355.68000,2021-06-12
Sistema,181285576.21000,2021-06-13
Sistema,184305404.04000,2021-06-14
Sistema,203529672.88000,2021-06-15
Sistema,207581585.25000,2021-06-16
Sistema,212360416.60000,2021-06-17
Sistema,209987773.67000,2021-06-18
Sistema,202155467.66000,2021-06-19
Sistema,185440619.41000,2021-06-20
Sistema,205323919.94000,2021-06-21
Sistema,207261240.30000,2021-06-22
Sistema,208887047.29000,2021-06-23
Sistema,203518670.31000,2021-06-24
Sistema,203418527.41000,2021-06-25
Sistema,195620938.51000,2021-06-26
Sistema,179657649.31000,2021-06-27
Sistema,204716834.22000,2021-06-28
Sistema,211403102.37000,2021-06-29
Sistema,210181856.85000,2021-06-30
Sistema,206649880.89000,2021-07-01
Sistema,208449778.01000,2021-07-02
Sistema,199097845.72000,2021-07-03
Sistema,177926628.90000,2021-07-04
Sistema,184078402.02000,2021-07-05
Sistema,207353774.01000,2021-07-06
Sistema,211823947.42000,2021-07-07
Sistema,212912988.34000,2021-07-08
Sistema,211891575.73000,2021-07-09
Sistema,200782299.94000,2021-07-10
Sistema,183934832.01000,2021-07-11
Sistema,209078629.39000,2021-07-12
Sistema,212702872.64000,2021-07-13
Sistema,214080432.43000,2021-07-14
Sistema,215900586.65000,2021-07-15
Sistema,215077451.23000,2021-07-16
Sistema,205939576.88000,2021-07-17
Sistema,188680256.40000,2021-07-18
Sistema,209704730.73000,2021-07-19
Sistema,199611812.13000,2021-07-20
Sistema,217113750.95000,2021-07-21
Sistema,218142224.92000,2021-07-22
Sistema,220189744.91000,2021-07-23
Sistema,205334183.04000,2021-07-24
Sistema,180261367.97000,2021-07-25
Sistema,206049207.54000,2021-07-26
Sistema,208530056.45000,2021-07-27
Sistema,210914011.08000,2021-07-28
Sistema,214367119.26000,2021-07-29
Sistema,213332166.48000,2021-07-30
Sistema,207235445.60000,2021-07-31
Sistema,189212208.16000,2021-08-01
Sistema,206566202.75000,2021-08-02
Sistema,207611489.23000,2021-08-03
Sistema,210219696.24000,2021-08-04
Sistema,214861585.25000,2021-08-05
Sistema,214795441.69000,2021-08-06
Sistema,198132492.58000,2021-08-07
Sistema,186927270.49000,2021-08-08
Sistema,212705024.13000,2021-08-09
Sistema,214550528.22000,2021-08-10
Sistema,214217646.92000,2021-08-11
Sistema,213862621.21000,2021-08-12
Sistema,213737382.00000,2021-08-13
Sistema,203348654.75000,2021-08-14
Sistema,181673831.07000,2021-08-15
Sistema,185973634.07000,2021-08-16
Sistema,205388357.92000,2021-08-17
Sistema,210428961.75000,2021-08-18
Sistema,210882429.00000,2021-08-19
Sistema,209005486.07000,2021-08-20
Sistema,202648571.37000,2021-08-21
Sistema,187667755.00000,2021-08-22
Sistema,212008423.35000,2021-08-23
Sistema,209694677.39000,2021-08-24
Sistema,208351781.02000,2021-08-25
Sistema,209582613.71000,2021-08-26
Sistema,211983308.70000,2021-08-27
Sistema,206110456.66000,2021-08-28
Sistema,189416657.25000,2021-08-29
Sistema,203016122.60000,2021-08-30
Sistema,202325261.01000,2021-08-31
Sistema,207282997.81000,2021-09-01
Sistema,215561643.69000,2021-09-02
Sistema,219741366.26000,2021-09-03
Sistema,205595662.59000,2021-09-04
Sistema,185107826.41000,2021-09-05
Sistema,206494528.98000,2021-09-06
Sistema,208791150.32000,2021-09-07
Sistema,213384299.96000,2021-09-08
Sistema,217138219.27000,2021-09-09
Sistema,219054511.19000,2021-09-10
Sistema,204409700.78000,2021-09-11
Sistema,186449436.08000,2021-09-12
Sistema,209722494.83000,2021-09-13
Sistema,213604736.45000,2021-09-14
Sistema,214993443.05000,2021-09-15
Sistema,214825059.80000,2021-09-16
Sistema,220133739.57000,2021-09-17
Sistema,211200753.69000,2021-09-18
Sistema,190229530.28000,2021-09-19
Sistema,215564271.73000,2021-09-20
Sistema,218058291.67000,2021-09-21
Sistema,215296384.08000,2021-09-22
Sistema,213769210.59000,2021-09-23
Sistema,215414960.78000,2021-09-24
Sistema,210055146.04000,2021-09-25
Sistema,193541649.07000,2021-09-26
Sistema,219348837.80000,2021-09-27
Sistema,216317552.64000,2021-09-28
Sistema,215329672.27000,2021-09-29
Sistema,211327438.70000,2021-09-30
Sistema,212172524.10000,2021-10-01
Sistema,207326727.01000,2021-10-02
Sistema,191603017.38000,2021-10-03
Sistema,216288289.43000,2021-10-04
Sistema,216283590.23000,2021-10-05
Sistema,217006428.36000,2021-10-06
Sistema,220475464.16000,2021-10-07
Sistema,220000563.16000,2021-10-08
Sistema,208897767.33000,2021-10-09
Sistema,190676130.86000,2021-10-10
Sistema,211916819.78000,2021-10-11
Sistema,217478175.23000,2021-10-12
Sistema,215101247.90000,2021-10-13
Sistema,218357220.76000,2021-10-14
Sistema,219366089.79000,2021-10-15
Sistema,204725284.09000,2021-10-16
Sistema,185061823.66000,2021-10-17
Sistema,190568230.86000,2021-10-18
Sistema,214173535.59000,2021-10-19
Sistema,216618576.12000,2021-10-20
Sistema,216312435.65000,2021-10-21
Sistema,216636978.60000,2021-10-22
Sistema,209579979.75000,2021-10-23
Sistema,191930168.20000,2021-10-24
Sistema,214689366.23000,2021-10-25
Sistema,217026756.97000,2021-10-26
Sistema,216368620.35000,2021-10-27
Sistema,218107962.43000,2021-10-28
Sistema,210799688.77000,2021-10-29
Sistema,202475949.39000,2021-10-30
Sistema,182058596.21000,2021-10-31
Sistema,184131235.84000,2021-11-01
Sistema,208513918.19000,2021-11-02
Sistema,212885839.16000,2021-11-03
Sistema,213170067.37000,2021-11-04
Sistema,218329759.98000,2021-11-05
Sistema,211943962.84000,2021-11-06
Sistema,195168730.20000,2021-11-07
Sistema,216251975.06000,2021-11-08
Sistema,217764707.70000,2021-11-09
Sistema,216443297.77000,2021-11-10
Sistema,218054909.22000,2021-11-11
Sistema,218503595.66000,2021-11-12
Sistema,208779416.06000,2021-11-13
Sistema,190157335.34000,2021-11-14
Sistema,194123324.76000,2021-11-15
Sistema,217188795.32000,2021-11-16
Sistema,218983011.35000,2021-11-17
Sistema,219344586.09000,2021-11-18
Sistema,219749558.52000,2021-11-19
Sistema,211407214.25000,2021-11-20
Sistema,193090836.84000,2021-11-21
Sistema,214688121.42000,2021-11-22
Sistema,212981372.76000,2021-11-23
Sistema,212952631.28000,2021-11-24
Sistema,212096288.26000,2021-11-25
Sistema,211659946.11000,2021-11-26
Sistema,203321490.33000,2021-11-27
Sistema,189743704.00000,2021-11-28
Sistema,212939004.10000,2021-11-29
Sistema,215367112.10000,2021-11-30
Sistema,214778468.53000,2021-12-01
Sistema,216453950.62000,2021-12-02
Sistema,219009012.49000,2021-12-03
Sistema,210420524.51000,2021-12-04
Sistema,193762619.62000,2021-12-05
Sistema,216744823.22000,2021-12-06
Sistema,216117871.22000,2021-12-07
Sistema,198427035.25000,2021-12-08
Sistema,217298717.54000,2021-12-09
Sistema,217112560.90000,2021-12-10
Sistema,206890379.20000,2021-12-11
Sistema,189898986.39000,2021-12-12
Sistema,211432546.91000,2021-12-13
Sistema,213909741.97000,2021-12-14
Sistema,217194164.01000,2021-12-15
Sistema,219130462.15000,2021-12-16
Sistema,217129783.96000,2021-12-17
Sistema,207433680.42000,2021-12-18
Sistema,192122606.91000,2021-12-19
Sistema,214755305.19000,2021-12-20
Sistema,216557741.60000,2021-12-21
Sistema,216461811.43000,2021-12-22
Sistema,213080134.82000,2021-12-23
Sistema,197263727.32000,2021-12-24
Sistema,175769793.31000,2021-12-25
Sistema,184367295.65000,2021-12-26
Sistema,208977010.39000,2021-12-27
Sistema,209586419.72000,2021-12-28
Sistema,207256813.61000,2021-12-29
Sistema,203614873.80000,2021-12-30
Sistema,186399882.01000,2021-12-31
Sistema,165336259.40000,2022-01-01
Sistema,173827993.35000,2022-01-02
Sistema,196037743.34000,2022-01-03
Sistema,202268953.50000,2022-01-04
Sistema,203458349.15000,2022-01-05
Sistema,204476066.24000,2022-01-06
Sistema,205311305.71000,2022-01-07
Sistema,199685371.62000,2022-01-08
Sistema,183313638.29000,2022-01-09
Sistema,184680174.93000,2022-01-10
Sistema,202950267.01000,2022-01-11
Sistema,207120426.61000,2022-01-12
Sistema,208434438.22000,2022-01-13
Sistema,208713703.95000,2022-01-14
Sistema,200750814.96000,2022-01-15
Sistema,187312388.38000,2022-01-16
Sistema,210114905.90000,2022-01-17
Sistema,213032447.17000,2022-01-18
Sistema,214180771.31000,2022-01-19
Sistema,215926734.11000,2022-01-20
Sistema,218244259.96000,2022-01-21
Sistema,208072350.12000,2022-01-22
Sistema,190127910.66000,2022-01-23
Sistema,213020198.39000,2022-01-24
Sistema,215079528.93000,2022-01-25
Sistema,215331663.78000,2022-01-26
Sistema,216269881.48000,2022-01-27
Sistema,216321545.80000,2022-01-28
Sistema,205766154.76000,2022-01-29
Sistema,184552458.70000,2022-01-30
Sistema,208188913.09000,2022-01-31
Sistema,213647304.04000,2022-02-01
Sistema,216270784.12000,2022-02-02
Sistema,218032400.70000,2022-02-03
Sistema,218325120.49000,2022-02-04
Sistema,206844450.53000,2022-02-05
Sistema,186799522.17000,2022-02-06
Sistema,211023797.38000,2022-02-07
Sistema,212276340.32000,2022-02-08
Sistema,212780379.29000,2022-02-09
Sistema,213031430.84000,2022-02-10
Sistema,215995023.25000,2022-02-11
Sistema,208769770.82000,2022-02-12
Sistema,191537842.09000,2022-02-13
Sistema,213340459.20000,2022-02-14
Sistema,213255339.60000,2022-02-15
Sistema,213718442.79000,2022-02-16
Sistema,217117464.51000,2022-02-17
Sistema,215257596.53000,2022-02-18
Sistema,205956913.75000,2022-02-19
Sistema,186987449.81000,2022-02-20
Sistema,211940532.58000,2022-02-21
Sistema,216470123.40000,2022-02-22
Sistema,218250212.02000,2022-02-23
Sistema,217909663.65000,2022-02-24
Sistema,217791371.64000,2022-02-25
Sistema,207796263.11000,2022-02-26
Sistema,188351506.50000,2022-02-27
Sistema,208874493.49000,2022-02-28
Sistema,212583786.53000,2022-03-01
Sistema,213031570.79000,2022-03-02
Sistema,214088116.15000,2022-03-03
Sistema,215628300.85000,2022-03-04
Sistema,207032566.02000,2022-03-05
Sistema,184764789.66000,2022-03-06
Sistema,210254180.96000,2022-03-07
Sistema,216013744.91000,2022-03-08
Sistema,215963889.09000,2022-03-09
Sistema,215944006.80000,2022-03-10
Sistema,215918602.69000,2022-03-11
Sistema,207050714.53000,2022-03-12
Sistema,186868384.65000,2022-03-13
Sistema,214555408.17000,2022-03-14
Sistema,217067724.01000,2022-03-15
Sistema,218784857.35000,2022-03-16
Sistema,218567844.10000,2022-03-17
Sistema,219387987.27000,2022-03-18
Sistema,209379118.34000,2022-03-19
Sistema,190225547.83000,2022-03-20
Sistema,193407954.04000,2022-03-21
Sistema,216306274.74000,2022-03-22
Sistema,218965698.43000,2022-03-23
Sistema,221903412.25000,2022-03-24
Sistema,222200913.84000,2022-03-25
Sistema,210577160.55000,2022-03-26
Sistema,189482117.18000,2022-03-27
Sistema,211456175.17000,2022-03-28
Sistema,214188316.02000,2022-03-29
Sistema,216126745.37000,2022-03-30
Sistema,217579422.64000,2022-03-31
Sistema,217029263.27000,2022-04-01
Sistema,209673274.76000,2022-04-02
Sistema,191640494.30000,2022-04-03
Sistema,211623895.29000,2022-04-04
Sistema,217393202.80000,2022-04-05
Sistema,221836684.05000,2022-04-06
Sistema,221120874.77000,2022-04-07
Sistema,220183699.15000,2022-04-08
Sistema,212850431.73000,2022-04-09
Sistema,196683888.78000,2022-04-10
Sistema,219158717.37000,2022-04-11
Sistema,221196526.23000,2022-04-12
Sistema,216989629.48000,2022-04-13
Sistema,193197746.76000,2022-04-14
Sistema,183628991.90000,2022-04-15
Sistema,193411744.78000,2022-04-16
Sistema,185701266.91000,2022-04-17
Sistema,212993614.10000,2022-04-18
Sistema,211841367.59000,2022-04-19
Sistema,210136620.30000,2022-04-20
Sistema,212409847.97000,2022-04-21
Sistema,212251732.89000,2022-04-22
Sistema,205462322.86000,2022-04-23
Sistema,191584382.46000,2022-04-24
Sistema,210924022.77000,2022-04-25
Sistema,215730203.08000,2022-04-26
Sistema,217594449.76000,2022-04-27
Sistema,214297414.54000,2022-04-28
Sistema,215185064.63000,2022-04-29
Sistema,208626932.08000,2022-04-30
Sistema,187339092.36000,2022-05-01
Sistema,216437780.72000,2022-05-02
Sistema,222838238.32000,2022-05-03
Sistema,225878832.99000,2022-05-04
Sistema,218226800.44000,2022-05-05
Sistema,212480683.83000,2022-05-06
Sistema,204774363.74000,2022-05-07
Sistema,188484131.46000,2022-05-08
Sistema,218430710.05000,2022-05-09
Sistema,218321308.55000,2022-05-10
Sistema,216143096.13000,2022-05-11
Sistema,218797680.71000,2022-05-12
Sistema,221722065.08000,2022-05-13
Sistema,212323944.50000,2022-05-14
Sistema,195427423.43000,2022-05-15
Sistema,218468084.84000,2022-05-16
Sistema,219102013.74000,2022-05-17
Sistema,217177494.81000,2022-05-18
Sistema,218124991.46000,2022-05-19
Sistema,219706274.78000,2022-05-20
Sistema,210358650.18000,2022-05-21
Sistema,195579752.12000,2022-05-22
Sistema,217187319.69000,2022-05-23
Sistema,220857431.78000,2022-05-24
Sistema,220131529.69000,2022-05-25
Sistema,218427209.52000,2022-05-26
Sistema,219331795.79000,2022-05-27
Sistema,210671856.48000,2022-05-28
Sistema,187146896.18000,2022-05-29
Sistema,193865221.08000,2022-05-30
Sistema,213862638.80000,2022-05-31
Sistema,215766858.92000,2022-06-01
Sistema,215458271.65000,2022-06-02
Sistema,211891069.97000,2022-06-03
Sistema,203915953.66000,2022-06-04
Sistema,186396662.43000,2022-06-05
Sistema,211260956.37000,2022-06-06
Sistema,210641554.44000,2022-06-07
Sistema,212109452.84000,2022-06-08
Sistema,214195376.72000,2022-06-09
Sistema,217525285.16000,2022-06-10
Sistema,206952207.94000,2022-06-11
Sistema,186874114.08000,2022-06-12
Sistema,211293796.78000,2022-06-13
Sistema,211664722.38000,2022-06-14
Sistema,215003951.41000,2022-06-15
Sistema,217078937.38000,2022-06-16
Sistema,215045149.56000,2022-06-17
Sistema,203970429.17000,2022-06-18
Sistema,179085673.35000,2022-06-19
Sistema,188938884.86000,2022-06-20
Sistema,211473472.86000,2022-06-21
Sistema,217247902.45000,2022-06-22
Sistema,219377958.85000,2022-06-23
Sistema,215152227.80000,2022-06-24
Sistema,203060631.79000,2022-06-25
Sistema,182163454.24000,2022-06-26
Sistema,186261976.80000,2022-06-27
Sistema,209599906.40000,2022-06-28
Sistema,214483208.52000,2022-06-29
Sistema,213809497.84000,2022-06-30
Sistema,214004989.04000,2022-07-01
Sistema,205838950.55000,2022-07-02
Sistema,187246240.59000,2022-07-03
Sistema,192822124.84000,2022-07-04
Sistema,214647532.45000,2022-07-05
Sistema,216948630.48000,2022-07-06
Sistema,219935324.62000,2022-07-07
Sistema,219437340.68000,2022-07-08
Sistema,212025801.93000,2022-07-09
Sistema,194900150.87000,2022-07-10
Sistema,215081952.31000,2022-07-11
Sistema,219369577.27000,2022-07-12
Sistema,220196475.75000,2022-07-13
Sistema,222225664.94000,2022-07-14
Sistema,222078393.80000,2022-07-15
Sistema,213450631.07000,2022-07-16
Sistema,194583517.33000,2022-07-17
Sistema,215698575.55000,2022-07-18
Sistema,220046924.66000,2022-07-19
Sistema,206884325.80000,2022-07-20
Sistema,219743646.95000,2022-07-21
Sistema,220760351.36000,2022-07-22
Sistema,210636608.99000,2022-07-23
Sistema,191429116.42000,2022-07-24
Sistema,214916266.54000,2022-07-25
Sistema,217316311.86000,2022-07-26
Sistema,218239206.06000,2022-07-27
Sistema,214608967.75000,2022-07-28
Sistema,220786351.69000,2022-07-29
Sistema,214496029.53000,2022-07-30
Sistema,194407461.20000,2022-07-31
Sistema,216142223.14000,2022-08-01
Sistema,214832093.02000,2022-08-02
Sistema,215838586.52000,2022-08-03
Sistema,219524350.27000,2022-08-04
Sistema,218684067.02000,2022-08-05
Sistema,206610709.64000,2022-08-06
Sistema,191165308.31000,2022-08-07
Sistema,218964239.20000,2022-08-08
Sistema,222024192.27000,2022-08-09
Sistema,219331098.61000,2022-08-10
Sistema,220586034.70000,2022-08-11
Sistema,221158685.01000,2022-08-12
Sistema,208496528.87000,2022-08-13
Sistema,187994941.16000,2022-08-14
Sistema,190695842.93000,2022-08-15
Sistema,213660919.15000,2022-08-16
Sistema,222073945.74000,2022-08-17
Sistema,225816800.78000,2022-08-18
Sistema,228621213.17000,2022-08-19
Sistema,216091541.84000,2022-08-20
Sistema,190874873.30000,2022-08-21
Sistema,214414890.51000,2022-08-22
Sistema,216970245.49000,2022-08-23
Sistema,221467163.73000,2022-08-24
Sistema,221832252.88000,2022-08-25
Sistema,220184628.16000,2022-08-26
Sistema,212094611.84000,2022-08-27
Sistema,193241591.00000,2022-08-28
Sistema,212188669.36000,2022-08-29
Sistema,220851807.25000,2022-08-30
Sistema,222051020.65000,2022-08-31
Sistema,218406810.79000,2022-09-01
Sistema,220644144.79000,2022-09-02
Sistema,212892169.97000,2022-09-03
Sistema,193343406.27000,2022-09-04
Sistema,219169928.03000,2022-09-05
Sistema,223583897.03000,2022-09-06
Sistema,223759699.73000,2022-09-07
Sistema,221655145.74000,2022-09-08
Sistema,222579606.81000,2022-09-09
Sistema,215825543.98000,2022-09-10
Sistema,192679293.29000,2022-09-11
Sistema,215715730.83000,2022-09-12
Sistema,217105818.86000,2022-09-13
Sistema,220485365.00000,2022-09-14
Sistema,223291694.89000,2022-09-15
Sistema,221765402.06000,2022-09-16
Sistema,210020070.95000,2022-09-17
Sistema,189371876.86000,2022-09-18
Sistema,209400062.36000,2022-09-19
Sistema,213041525.91000,2022-09-20
Sistema,214602438.77000,2022-09-21
Sistema,214185888.80000,2022-09-22
Sistema,216368211.78000,2022-09-23
Sistema,207334840.58000,2022-09-24
Sistema,186404402.93000,2022-09-25
Sistema,216282708.55000,2022-09-26
Sistema,219110578.22000,2022-09-27
Sistema,217948990.01000,2022-09-28
Sistema,217107394.99000,2022-09-29
Sistema,215753492.59000,2022-09-30
Sistema,202309342.56000,2022-10-01
Sistema,188439162.97000,2022-10-02
Sistema,221522383.24000,2022-10-03
Sistema,225419805.45000,2022-10-04
Sistema,219467745.97000,2022-10-05
Sistema,218376684.72000,2022-10-06
Sistema,214583992.74000,2022-10-07
Sistema,205748651.46000,2022-10-08
Sistema,188083408.99000,2022-10-09
Sistema,216927652.23000,2022-10-10
Sistema,222983546.36000,2022-10-11
Sistema,222001306.64000,2022-10-12
Sistema,218163280.51000,2022-10-13
Sistema,218921944.36000,2022-10-14
Sistema,210628262.65000,2022-10-15
Sistema,188805050.84000,2022-10-16
Sistema,191887364.28000,2022-10-17
Sistema,217345234.70000,2022-10-18
Sistema,219511945.31000,2022-10-19
Sistema,221249586.49000,2022-10-20
Sistema,221786773.04000,2022-10-21
Sistema,212491921.49000,2022-10-22
Sistema,192008188.82000,2022-10-23
Sistema,215862531.28000,2022-10-24
Sistema,217105863.74000,2022-10-25
Sistema,216999830.95000,2022-10-26
Sistema,219012038.53000,2022-10-27
Sistema,218643029.37000,2022-10-28
Sistema,207688379.68000,2022-10-29
Sistema,190488020.81000,2022-10-30
Sistema,213778022.72000,2022-10-31
Sistema,220715625.55000,2022-11-01
Sistema,223339547.33000,2022-11-02
Sistema,218015613.21000,2022-11-03
Sistema,216965853.53000,2022-11-04
Sistema,202967501.91000,2022-11-05
Sistema,179381247.63000,2022-11-06
Sistema,187654818.91000,2022-11-07
Sistema,210963281.26000,2022-11-08
Sistema,210416854.08000,2022-11-09
Sistema,212866506.93000,2022-11-10
Sistema,215905817.49000,2022-11-11
Sistema,205714972.51000,2022-11-12
Sistema,183642268.47000,2022-11-13
Sistema,190301228.01000,2022-11-14
Sistema,215500951.11000,2022-11-15
Sistema,219448022.79000,2022-11-16
Sistema,219522562.19000,2022-11-17
Sistema,216516696.60000,2022-11-18
Sistema,210947593.27000,2022-11-19
Sistema,194559874.61000,2022-11-20
Sistema,218217032.04000,2022-11-21
Sistema,221760147.13000,2022-11-22
Sistema,220758140.45000,2022-11-23
Sistema,220085203.16000,2022-11-24
Sistema,220836517.72000,2022-11-25
Sistema,212512791.91000,2022-11-26
Sistema,189704500.40000,2022-11-27
Sistema,213931153.14000,2022-11-28
Sistema,214088365.53000,2022-11-29
Sistema,214592025.79000,2022-11-30
Sistema,213021243.43000,2022-12-01
Sistema,214644615.07000,2022-12-02
Sistema,206452052.18000,2022-12-03
Sistema,190200451.76000,2022-12-04
Sistema,213088483.50000,2022-12-05
Sistema,215550425.06000,2022-12-06
Sistema,212175840.52000,2022-12-07
Sistema,192838500.45000,2022-12-08
Sistema,214691514.48000,2022-12-09
Sistema,208379208.09000,2022-12-10
Sistema,190769247.51000,2022-12-11
Sistema,213955316.30000,2022-12-12
Sistema,217931743.86000,2022-12-13
Sistema,219400079.97000,2022-12-14
Sistema,219565706.00000,2022-12-15
Sistema,221010134.72000,2022-12-16
Sistema,209288755.90000,2022-12-17
Sistema,192673236.38000,2022-12-18
Sistema,213728281.42000,2022-12-19
Sistema,216492152.06000,2022-12-20
Sistema,218896788.46000,2022-12-21
Sistema,220127985.89000,2022-12-22
Sistema,216044581.60000,2022-12-23
Sistema,193980616.73000,2022-12-24
Sistema,173641314.35000,2022-12-25
Sistema,203153632.92000,2022-12-26
Sistema,211175523.54000,2022-12-27
Sistema,212215528.22000,2022-12-28
Sistema,210197204.15000,2022-12-29
Sistema,204711244.12000,2022-12-30
Sistema,188706287.41000,2022-12-31
Sistema,168120696.93000,2023-01-01
Sistema,192255380.55000,2023-01-02
Sistema,201591099.63000,2023-01-03
Sistema,205939247.84000,2023-01-04
Sistema,207000469.21000,2023-01-05
Sistema,209745770.78000,2023-01-06
Sistema,201557703.76000,2023-01-07
Sistema,182952543.46000,2023-01-08
Sistema,187381158.76000,2023-01-09
Sistema,205902054.24000,2023-01-10
Sistema,211267840.10000,2023-01-11
Sistema,211886671.60000,2023-01-12
Sistema,216352082.38000,2023-01-13
Sistema,207314905.51000,2023-01-14
Sistema,188374361.84000,2023-01-15
Sistema,211024947.88000,2023-01-16
Sistema,215152030.10000,2023-01-17
Sistema,214632261.42000,2023-01-18
Sistema,216044287.41000,2023-01-19
Sistema,215872207.95000,2023-01-20
Sistema,206168990.56000,2023-01-21
Sistema,189262790.71000,2023-01-22
Sistema,215094380.73000,2023-01-23
Sistema,219437745.95000,2023-01-24
Sistema,220972753.39000,2023-01-25
Sistema,221005608.79000,2023-01-26
Sistema,219671692.85000,2023-01-27
Sistema,209188667.90000,2023-01-28
Sistema,189454530.38000,2023-01-29
Sistema,215049619.63000,2023-01-30
Sistema,217744721.61000,2023-01-31
Sistema,217261418.13000,2023-02-01
Sistema,216175284.05000,2023-02-02
Sistema,218281485.70000,2023-02-03
Sistema,209186329.41000,2023-02-04
Sistema,189287701.05000,2023-02-05
Sistema,217419763.92000,2023-02-06
Sistema,219375862.66000,2023-02-07
Sistema,220713389.82000,2023-02-08
Sistema,222953663.92000,2023-02-09
Sistema,223060557.41000,2023-02-10
Sistema,214958157.75000,2023-02-11
Sistema,196206785.96000,2023-02-12
Sistema,218539373.98000,2023-02-13
Sistema,222260043.18000,2023-02-14
Sistema,223006736.39000,2023-02-15
Sistema,221909194.16000,2023-02-16
Sistema,220824067.71000,2023-02-17
Sistema,209736223.74000,2023-02-18
Sistema,189612190.58000,2023-02-19
Sistema,213106663.69000,2023-02-20
Sistema,215671072.05000,2023-02-21
Sistema,216203569.27000,2023-02-22
Sistema,218669448.35000,2023-02-23
Sistema,220102902.19000,2023-02-24
Sistema,210862579.03000,2023-02-25
Sistema,192364075.92000,2023-02-26
Sistema,218980048.46000,2023-02-27
Sistema,222972462.14000,2023-02-28
Sistema,222382576.11000,2023-03-01
Sistema,224915265.17000,2023-03-02
Sistema,225699306.66000,2023-03-03
Sistema,216075420.11000,2023-03-04
Sistema,192937302.67000,2023-03-05
Sistema,219068710.05000,2023-03-06
Sistema,220115578.05000,2023-03-07
Sistema,218469773.68000,2023-03-08
Sistema,214762580.16000,2023-03-09
Sistema,215915174.73000,2023-03-10
Sistema,207240425.57000,2023-03-11
Sistema,189210754.70000,2023-03-12
Sistema,212636981.53000,2023-03-13
Sistema,216433121.98000,2023-03-14
Sistema,215127296.84000,2023-03-15
Sistema,216330633.27000,2023-03-16
Sistema,217472974.37000,2023-03-17
Sistema,210318088.53000,2023-03-18
Sistema,190009061.13000,2023-03-19
Sistema,196710170.45000,2023-03-20
Sistema,220994005.10000,2023-03-21
Sistema,222201131.90000,2023-03-22
Sistema,222494344.68000,2023-03-23
Sistema,224520280.39000,2023-03-24
Sistema,214308939.23000,2023-03-25
Sistema,195589146.46000,2023-03-26
Sistema,219174188.42000,2023-03-27
Sistema,222351801.08000,2023-03-28
Sistema,221947056.46000,2023-03-29
Sistema,222550562.69000,2023-03-30
Sistema,223018370.37000,2023-03-31
Sistema,213686335.84000,2023-04-01
Sistema,194232237.29000,2023-04-02
Sistema,218295604.97000,2023-04-03
Sistema,221063177.58000,2023-04-04
Sistema,217499496.07000,2023-04-05
Sistema,187272831.96000,2023-04-06
Sistema,175975356.83000,2023-04-07
Sistema,190231253.50000,2023-04-08
Sistema,189892600.44000,2023-04-09
Sistema,219155579.64000,2023-04-10
Sistema,223033726.06000,2023-04-11
Sistema,223723899.38000,2023-04-12
Sistema,224446787.54000,2023-04-13
Sistema,227985081.90000,2023-04-14
Sistema,217446931.59000,2023-04-15
Sistema,193168166.64000,2023-04-16
Sistema,214950485.32000,2023-04-17
Sistema,221624087.45000,2023-04-18
Sistema,223489251.74000,2023-04-19
Sistema,225014824.91000,2023-04-20
Sistema,221012910.91000,2023-04-21
Sistema,211457579.00000,2023-04-22
Sistema,191992359.08000,2023-04-23
Sistema,216841541.42000,2023-04-24
Sistema,220823133.93000,2023-04-25
Sistema,223916961.07000,2023-04-26
Sistema,225977178.97000,2023-04-27
Sistema,225126188.48000,2023-04-28
Sistema,215557543.06000,2023-04-29
Sistema,190992274.12000,2023-04-30
Sistema,193756873.17000,2023-05-01
Sistema,225022596.95000,2023-05-02
Sistema,231256009.31000,2023-05-03
Sistema,233440273.02000,2023-05-04
Sistema,238038922.91000,2023-05-05
Sistema,225853351.79000,2023-05-06
Sistema,203038688.87000,2023-05-07
Sistema,227940490.79000,2023-05-08
Sistema,232954857.73000,2023-05-09
Sistema,227630849.71000,2023-05-10
Sistema,230579596.29000,2023-05-11
Sistema,233056719.11000,2023-05-12
Sistema,224070408.62000,2023-05-13
Sistema,199443040.08000,2023-05-14
Sistema,224455356.14000,2023-05-15
Sistema,226491209.61000,2023-05-16
Sistema,224740345.22000,2023-05-17
Sistema,232443147.45000,2023-05-18
Sistema,235189046.11000,2023-05-19
Sistema,220759078.42000,2023-05-20
Sistema,193876853.09000,2023-05-21
Sistema,194439915.07000,2023-05-22
Sistema,220828062.67000,2023-05-23
Sistema,224942179.80000,2023-05-24
Sistema,224133912.54000,2023-05-25
Sistema,222914007.06000,2023-05-26
Sistema,213894018.54000,2023-05-27
Sistema,194302542.86000,2023-05-28
Sistema,219964244.34000,2023-05-29
Sistema,221889666.01000,2023-05-30
Sistema,224160866.05000,2023-05-31
Sistema,220593970.28000,2023-06-01
Sistema,223335870.05000,2023-06-02
Sistema,218503689.06000,2023-06-03
Sistema,193562487.43000,2023-06-04
Sistema,218907191.34000,2023-06-05
Sistema,225743674.94000,2023-06-06
Sistema,229461470.17000,2023-06-07
Sistema,222958648.83000,2023-06-08
Sistema,224095212.74000,2023-06-09
Sistema,215251511.18000,2023-06-10
Sistema,194805528.48000,2023-06-11
Sistema,202332175.58000,2023-06-12
Sistema,227985926.20000,2023-06-13
Sistema,230784698.88000,2023-06-14
Sistema,227450940.86000,2023-06-15
Sistema,226792457.64000,2023-06-16
Sistema,212276915.10000,2023-06-17
Sistema,191612258.70000,2023-06-18
Sistema,200685158.11000,2023-06-19
Sistema,230730278.41000,2023-06-20
Sistema,235657614.64000,2023-06-21
Sistema,234480542.73000,2023-06-22
Sistema,231260971.66000,2023-06-23
Sistema,217425942.00000,2023-06-24
Sistema,195520484.66000,2023-06-25
Sistema,215774709.59000,2023-06-26
Sistema,223516536.05000,2023-06-27
Sistema,227666038.57000,2023-06-28
Sistema,231767258.99000,2023-06-29
Sistema,230522951.75000,2023-06-30
Sistema,217543951.27000,2023-07-01
Sistema,189582904.74000,2023-07-02
Sistema,193560687.85000,2023-07-03
Sistema,218558404.66000,2023-07-04
Sistema,223624740.75000,2023-07-05
Sistema,223128015.26000,2023-07-06
Sistema,221924308.38000,2023-07-07
Sistema,212381253.87000,2023-07-08
Sistema,195977418.60000,2023-07-09
Sistema,222864649.37000,2023-07-10
Sistema,226385419.05000,2023-07-11
Sistema,224549580.98000,2023-07-12
Sistema,230297938.67000,2023-07-13
Sistema,230005809.59000,2023-07-14
Sistema,218708859.27000,2023-07-15
Sistema,196340676.17000,2023-07-16
Sistema,222966684.08000,2023-07-17
Sistema,227849946.96000,2023-07-18
Sistema,229921936.64000,2023-07-19
Sistema,214797570.53000,2023-07-20
Sistema,231674224.98000,2023-07-21
Sistema,218232801.87000,2023-07-22
Sistema,200633860.84000,2023-07-23
Sistema,229187526.85000,2023-07-24
Sistema,233165777.30000,2023-07-25
Sistema,230771918.38000,2023-07-26
Sistema,229484803.48000,2023-07-27
Sistema,232298630.23000,2023-07-28
Sistema,224266744.04000,2023-07-29
Sistema,204855403.40000,2023-07-30
Sistema,225766910.09000,2023-07-31
Sistema,229452780.65000,2023-08-01
Sistema,232348539.81000,2023-08-02
Sistema,236293842.11000,2023-08-03
Sistema,237653207.61000,2023-08-04
Sistema,225707371.76000,2023-08-05
Sistema,204561307.94000,2023-08-06
Sistema,207139511.39000,2023-08-07
Sistema,233396320.14000,2023-08-08
Sistema,235565963.22000,2023-08-09
Sistema,233985414.16000,2023-08-10
Sistema,237484780.13000,2023-08-11
Sistema,227075001.90000,2023-08-12
Sistema,205214357.95000,2023-08-13
Sistema,228227659.59000,2023-08-14
Sistema,229751933.20000,2023-08-15
Sistema,230121982.32000,2023-08-16
Sistema,233440547.43000,2023-08-17
Sistema,235095570.98000,2023-08-18
Sistema,227605341.39000,2023-08-19
Sistema,201562568.17000,2023-08-20
Sistema,202408216.52000,2023-08-21
Sistema,219181625.68000,2023-08-22
Sistema,224726224.40000,2023-08-23
Sistema,228531491.71000,2023-08-24
Sistema,233268691.87000,2023-08-25
Sistema,222899565.16000,2023-08-26
Sistema,201761440.95000,2023-08-27
Sistema,230862321.61000,2023-08-28
Sistema,236739482.44000,2023-08-29
Sistema,240833156.42000,2023-08-30
Sistema,239500163.45000,2023-08-31
Sistema,240238366.23000,2023-09-01
Sistema,225274613.08000,2023-09-02
Sistema,200773348.75000,2023-09-03
Sistema,225647642.01000,2023-09-04
Sistema,235292984.96000,2023-09-05
Sistema,239518184.69000,2023-09-06
Sistema,239598292.56000,2023-09-07
Sistema,239592552.73000,2023-09-08
Sistema,225367564.45000,2023-09-09
Sistema,199333711.94000,2023-09-10
Sistema,230019693.26000,2023-09-11
Sistema,237487784.81000,2023-09-12
Sistema,236899800.22000,2023-09-13
Sistema,237605144.36000,2023-09-14
Sistema,233916372.85000,2023-09-15
Sistema,221964583.18000,2023-09-16
Sistema,202638148.80000,2023-09-17
Sistema,226645593.33000,2023-09-18
Sistema,233327361.53000,2023-09-19
Sistema,236481585.65000,2023-09-20
Sistema,239480606.09000,2023-09-21
Sistema,240307366.79000,2023-09-22
Sistema,224308808.28000,2023-09-23
Sistema,204280688.34000,2023-09-24
Sistema,233463295.32000,2023-09-25
Sistema,236705942.24000,2023-09-26
Sistema,238999389.20000,2023-09-27
Sistema,235953856.61000,2023-09-28
Sistema,236281792.99000,2023-09-29
Sistema,228931328.50000,2023-09-30
Sistema,206469498.15000,2023-10-01
Sistema,233192449.17000,2023-10-02
Sistema,233647455.75000,2023-10-03
Sistema,228134535.04000,2023-10-04
Sistema,231401344.65000,2023-10-05
Sistema,231045581.79000,2023-10-06
Sistema,222008432.08000,2023-10-07
Sistema,198245810.15000,2023-10-08
Sistema,226214164.43000,2023-10-09
Sistema,232537136.08000,2023-10-10
Sistema,233082573.11000,2023-10-11
Sistema,237421162.45000,2023-10-12
Sistema,235880457.44000,2023-10-13
Sistema,220539893.44000,2023-10-14
Sistema,199067656.92000,2023-10-15
Sistema,199687483.17000,2023-10-16
Sistema,228311520.91000,2023-10-17
Sistema,233625556.67000,2023-10-18
Sistema,237384633.44000,2023-10-19
Sistema,231044931.57000,2023-10-20
Sistema,218767556.12000,2023-10-21
Sistema,198554668.05000,2023-10-22
Sistema,229220989.52000,2023-10-23
Sistema,230111343.53000,2023-10-24
Sistema,226704660.29000,2023-10-25
Sistema,222320654.20000,2023-10-26
Sistema,221226099.56000,2023-10-27
Sistema,210935388.01000,2023-10-28
Sistema,189534113.24000,2023-10-29
Sistema,220841534.38000,2023-10-30
Sistema,222307161.48000,2023-10-31
Sistema,220482177.53000,2023-11-01
Sistema,219961039.58000,2023-11-02
Sistema,222621732.05000,2023-11-03
Sistema,215234645.04000,2023-11-04
Sistema,197324197.52000,2023-11-05
Sistema,200605970.33000,2023-11-06
Sistema,224638917.75000,2023-11-07
Sistema,232929997.34000,2023-11-08
Sistema,237717722.03000,2023-11-09
Sistema,235366605.18000,2023-11-10
Sistema,225264597.34000,2023-11-11
Sistema,203276800.62000,2023-11-12
Sistema,208387046.43000,2023-11-13
Sistema,233241721.75000,2023-11-14
Sistema,230760537.37000,2023-11-15
Sistema,233449227.19000,2023-11-16
Sistema,235876210.13000,2023-11-17
Sistema,219636568.92000,2023-11-18
Sistema,196975236.49000,2023-11-19
Sistema,224712386.73000,2023-11-20
Sistema,230482490.53000,2023-11-21
Sistema,231105133.61000,2023-11-22
Sistema,233520703.51000,2023-11-23
Sistema,233306036.02000,2023-11-24
Sistema,219136490.92000,2023-11-25
Sistema,201703572.47000,2023-11-26
Sistema,229600975.93000,2023-11-27
Sistema,233820067.73000,2023-11-28
Sistema,233522591.55000,2023-11-29
Sistema,233996831.76000,2023-11-30
Sistema,231985067.47000,2023-12-01
Sistema,220747053.71000,2023-12-02
Sistema,202890666.68000,2023-12-03
Sistema,232224939.54000,2023-12-04
Sistema,237208242.30000,2023-12-05
Sistema,235673766.94000,2023-12-06
Sistema,229771327.34000,2023-12-07
Sistema,211239994.02000,2023-12-08
Sistema,220541144.32000,2023-12-09
Sistema,207738669.50000,2023-12-10
Sistema,233520730.73000,2023-12-11
Sistema,238309520.87000,2023-12-12
Sistema,237109254.69000,2023-12-13
Sistema,237150208.50000,2023-12-14
Sistema,233568379.22000,2023-12-15
Sistema,220493737.72000,2023-12-16
Sistema,202533133.73000,2023-12-17
Sistema,228428295.92000,2023-12-18
Sistema,230545532.59000,2023-12-19
Sistema,230532177.79000,2023-12-20
Sistema,229030315.80000,2023-12-21
Sistema,228916773.90000,2023-12-22
Sistema,216041927.49000,2023-12-23
Sistema,198776679.84000,2023-12-24
Sistema,188366790.83000,2023-12-25
Sistema,217929336.42000,2023-12-26
Sistema,222296751.41000,2023-12-27
Sistema,221209497.75000,2023-12-28
Sistema,216284431.20000,2023-12-29
Sistema,204557024.34000,2023-12-30
Sistema,191312108.54000,2023-12-31
Sistema,176268815.03000,2024-01-01
Sistema,203896156.39000,2024-01-02
Sistema,214864759.50000,2024-01-03
Sistema,219407971.00000,2024-01-04
Sistema,221263435.49000,2024-01-05
Sistema,211669045.88000,2024-01-06
Sistema,196821462.33000,2024-01-07
Sistema,200526057.82000,2024-01-08
Sistema,223693219.66000,2024-01-09
Sistema,229886158.11000,2024-01-10
Sistema,232204648.52000,2024-01-11
Sistema,233466707.70000,2024-01-12
Sistema,221761563.05000,2024-01-13
Sistema,202796662.12000,2024-01-14
Sistema,230238563.14000,2024-01-15
Sistema,233566232.27000,2024-01-16
Sistema,235347351.12000,2024-01-17
Sistema,235516542.96000,2024-01-18
Sistema,236210358.82000,2024-01-19
Sistema,225580319.27000,2024-01-20
Sistema,205741318.17000,2024-01-21
Sistema,230957712.83000,2024-01-22
Sistema,234950058.69000,2024-01-23
Sistema,235090091.59000,2024-01-24
Sistema,234704849.42000,2024-01-25
Sistema,236133774.71000,2024-01-26
Sistema,224913911.80000,2024-01-27
Sistema,205376086.28000,2024-01-28
Sistema,231719210.49000,2024-01-29
Sistema,236742608.73000,2024-01-30
Sistema,235122287.27000,2024-01-31
Sistema,232421915.06000,2024-02-01
Sistema,228785114.22000,2024-02-02
Sistema,216827809.92000,2024-02-03
Sistema,198635778.22000,2024-02-04
Sistema,223231306.28000,2024-02-05
Sistema,225763155.64000,2024-02-06
Sistema,222803596.42000,2024-02-07
Sistema,222767893.68000,2024-02-08
Sistema,226098551.35000,2024-02-09
Sistema,219272711.22000,2024-02-10
Sistema,203155554.01000,2024-02-11
Sistema,230458240.61000,2024-02-12
Sistema,234521427.87000,2024-02-13
Sistema,236297242.39000,2024-02-14
Sistema,237749585.10000,2024-02-15
Sistema,239236802.81000,2024-02-16
Sistema,228970389.61000,2024-02-17
Sistema,209583830.87000,2024-02-18
Sistema,234036663.34000,2024-02-19
Sistema,235617467.98000,2024-02-20
Sistema,230906735.30000,2024-02-21
Sistema,229025765.65000,2024-02-22
Sistema,230444855.21000,2024-02-23
Sistema,222317815.32000,2024-02-24
Sistema,202921249.77000,2024-02-25
Sistema,228197446.84000,2024-02-26
Sistema,233711924.77000,2024-02-27
Sistema,234742942.37000,2024-02-28
Sistema,236246634.33000,2024-02-29
Sistema,233279665.22000,2024-03-01
Sistema,221452689.33000,2024-03-02
Sistema,201958835.77000,2024-03-03
Sistema,230318692.86000,2024-03-04
Sistema,234964950.42000,2024-03-05
Sistema,238781235.11000,2024-03-06
Sistema,240474177.16000,2024-03-07
Sistema,241263760.82000,2024-03-08
Sistema,229232667.95000,2024-03-09
Sistema,211143228.58000,2024-03-10
Sistema,238464008.06000,2024-03-11
Sistema,241692095.55000,2024-03-12
Sistema,243336158.50000,2024-03-13
Sistema,244045937.88000,2024-03-14
Sistema,243340904.08000,2024-03-15
Sistema,233230858.34000,2024-03-16
Sistema,212567036.72000,2024-03-17
Sistema,241336180.43000,2024-03-18
Sistema,242093522.00000,2024-03-19
Sistema,240349715.19000,2024-03-20
Sistema,238682333.75000,2024-03-21
Sistema,241013666.13000,2024-03-22
Sistema,230674187.80000,2024-03-23
Sistema,210670568.14000,2024-03-24
Sistema,215529406.77000,2024-03-25
Sistema,230153758.74000,2024-03-26
Sistema,223176740.78000,2024-03-27
Sistema,200279145.57000,2024-03-28
Sistema,191487614.04000,2024-03-29
Sistema,203364382.41000,2024-03-30
Sistema,199040079.42000,2024-03-31
Sistema,225816448.51000,2024-04-01
Sistema,227770956.23000,2024-04-02
Sistema,230110307.80000,2024-04-03
Sistema,229243602.24000,2024-04-04
Sistema,232203270.17000,2024-04-05
Sistema,225429076.28000,2024-04-06
Sistema,208858251.46000,2024-04-07
Sistema,234325762.84000,2024-04-08
Sistema,235609356.32000,2024-04-09
Sistema,237418757.26000,2024-04-10
Sistema,241226212.38000,2024-04-11
Sistema,241353453.70000,2024-04-12
Sistema,229401389.77000,2024-04-13
Sistema,208784731.25000,2024-04-14
Sistema,235632397.39000,2024-04-15
Sistema,239645768.09000,2024-04-16
Sistema,239419435.42000,2024-04-17
Sistema,236750629.38000,2024-04-18
Sistema,232559720.85000,2024-04-19
Sistema,221976315.86000,2024-04-20
Sistema,201005759.17000,2024-04-21
Sistema,220482073.71000,2024-04-22
Sistema,225161540.61000,2024-04-23
Sistema,230917450.61000,2024-04-24
Sistema,232321344.83000,2024-04-25
Sistema,224543379.21000,2024-04-26
Sistema,217171197.48000,2024-04-27
Sistema,195060843.52000,2024-04-28
Sistema,223038656.59000,2024-04-29
Sistema,228329949.25000,2024-04-30
Sistema,210979989.61000,2024-05-01
Sistema,228433178.03000,2024-05-02
Sistema,229144417.14000,2024-05-03
Sistema,216743785.41000,2024-05-04
Sistema,197988964.81000,2024-05-05
Sistema,229448510.53000,2024-05-06
Sistema,232090596.27000,2024-05-07
Sistema,229046263.94000,2024-05-08
Sistema,225636372.60000,2024-05-09
Sistema,228574220.75000,2024-05-10
Sistema,221669520.84000,2024-05-11
Sistema,199476895.56000,2024-05-12
Sistema,207286478.63000,2024-05-13
Sistema,231119344.12000,2024-05-14
Sistema,230881433.75000,2024-05-15
Sistema,233129087.23000,2024-05-16
Sistema,232876148.37000,2024-05-17
Sistema,224469410.93000,2024-05-18
Sistema,208662289.96000,2024-05-19
Sistema,233373057.53000,2024-05-20
Sistema,227395969.39000,2024-05-21
Sistema,226813051.04000,2024-05-22
Sistema,229508806.12000,2024-05-23
Sistema,231109616.88000,2024-05-24
Sistema,219034567.87000,2024-05-25
Sistema,202979321.97000,2024-05-26
Sistema,224589413.37000,2024-05-27
Sistema,230516829.06000,2024-05-28
Sistema,228616255.25000,2024-05-29
Sistema,227939768.19000,2024-05-30
Sistema,227888837.50000,2024-05-31
Sistema,222327618.57000,2024-06-01
Sistema,205854543.84000,2024-06-02
Sistema,206356764.06000,2024-06-03
Sistema,224796149.98000,2024-06-04
Sistema,226080091.29000,2024-06-05
Sistema,227250986.03000,2024-06-06
Sistema,227629255.72000,2024-06-07
Sistema,221156851.99000,2024-06-08
Sistema,197083887.06000,2024-06-09
Sistema,202111371.35000,2024-06-10
Sistema,221660256.84000,2024-06-11
Sistema,226034653.06000,2024-06-12
Sistema,227388698.63000,2024-06-13
Sistema,226723978.94000,2024-06-14
Sistema,210209244.91000,2024-06-15
Sistema,191064210.30000,2024-06-16
Sistema,223534395.17000,2024-06-17
Sistema,227811070.56000,2024-06-18
Sistema,223723502.03000,2024-06-19
Sistema,223471937.35000,2024-06-20
Sistema,226899542.65000,2024-06-21
Sistema,217128654.81000,2024-06-22
Sistema,198043958.84000,2024-06-23
Sistema,224614569.91000,2024-06-24
Sistema,226950007.86000,2024-06-25
Sistema,225061911.68000,2024-06-26
Sistema,223672339.09000,2024-06-27
Sistema,224473104.65000,2024-06-28
Sistema,214908315.63000,2024-06-29
Sistema,198659310.37000,2024-06-30
Sistema,200774435.93000,2024-07-01
Sistema,224645989.66000,2024-07-02
Sistema,226540339.55000,2024-07-03
Sistema,227900342.43000,2024-07-04
Sistema,220570374.86000,2024-07-05
Sistema,213773308.88000,2024-07-06
Sistema,200059189.19000,2024-07-07
Sistema,227183897.93000,2024-07-08
Sistema,231166782.33000,2024-07-09
Sistema,231932894.52000,2024-07-10
Sistema,232483116.28000,2024-07-11
Sistema,230821247.73000,2024-07-12
Sistema,219987018.62000,2024-07-13
Sistema,203123839.90000,2024-07-14
Sistema,227318470.90000,2024-07-15
Sistema,230377021.31000,2024-07-16
Sistema,233822758.01000,2024-07-17
Sistema,230335711.21000,2024-07-18
Sistema,227135617.20000,2024-07-19
Sistema,209353914.68000,2024-07-20
Sistema,202289165.65000,2024-07-21
Sistema,229463460.36000,2024-07-22
Sistema,231829546.72000,2024-07-23
Sistema,232745949.02000,2024-07-24
Sistema,233661287.06000,2024-07-25
Sistema,232946903.35000,2024-07-26
Sistema,222160474.55000,2024-07-27
Sistema,205438127.94000,2024-07-28
Sistema,233999587.38000,2024-07-29
Sistema,235638114.22000,2024-07-30
Sistema,234852572.91000,2024-07-31
Sistema,230923156.99000,2024-08-01
Sistema,232234113.80000,2024-08-02
Sistema,223503470.05000,2024-08-03
Sistema,204330190.92000,2024-08-04
Sistema,228973858.98000,2024-08-05
Sistema,227013971.02000,2024-08-06
Sistema,209616683.96000,2024-08-07
Sistema,230021387.70000,2024-08-08
Sistema,231382527.93000,2024-08-09
Sistema,218829626.06000,2024-08-10
Sistema,198791978.03000,2024-08-11
Sistema,226780244.75000,2024-08-12
Sistema,227605080.70000,2024-08-13
Sistema,232161634.93000,2024-08-14
Sistema,236182637.07000,2024-08-15
Sistema,236791867.15000,2024-08-16
Sistema,220883181.23000,2024-08-17
Sistema,200656948.82000,2024-08-18
Sistema,209837248.68000,2024-08-19
Sistema,235050466.65000,2024-08-20
Sistema,236121050.88000,2024-08-21
Sistema,234810938.30000,2024-08-22
Sistema,234654802.87000,2024-08-23
Sistema,221100419.23000,2024-08-24
Sistema,200670458.63000,2024-08-25
Sistema,219016880.48000,2024-08-26
Sistema,227857812.62000,2024-08-27
Sistema,236281729.90000,2024-08-28
Sistema,239298823.03000,2024-08-29
Sistema,236913552.34000,2024-08-30
Sistema,224686147.52000,2024-08-31
Sistema,200065238.50000,2024-09-01
Sistema,228361555.56000,2024-09-02
Sistema,232547387.03000,2024-09-03
Sistema,231617539.08000,2024-09-04
Sistema,232755279.46000,2024-09-05
Sistema,233206893.65000,2024-09-06
Sistema,221369552.81000,2024-09-07
Sistema,206113659.46000,2024-09-08
Sistema,234462917.46000,2024-09-09
Sistema,240649878.34000,2024-09-10
Sistema,242374687.84000,2024-09-11
Sistema,238753194.95000,2024-09-12
Sistema,239216147.10000,2024-09-13
Sistema,232717025.08000,2024-09-14
Sistema,216322586.45000,2024-09-15
Sistema,239396215.58000,2024-09-16
Sistema,236769142.18000,2024-09-17
Sistema,239636924.03000,2024-09-18
Sistema,240983374.01000,2024-09-19
Sistema,235943623.95000,2024-09-20
Sistema,227629702.53000,2024-09-21
Sistema,202838592.13000,2024-09-22
Sistema,230298342.20000,2024-09-23
Sistema,239204349.47000,2024-09-24
Sistema,236546755.30000,2024-09-25
Sistema,233362628.53000,2024-09-26
Sistema,236042363.82000,2024-09-27
Sistema,221450778.48000,2024-09-28
Sistema,196819545.88000,2024-09-29
Sistema,220618497.04000,2024-09-30
Sistema,228749601.72000,2024-10-01
Sistema,232020607.88000,2024-10-02
Sistema,233503068.39000,2024-10-03
Sistema,234723511.09000,2024-10-04
Sistema,221602385.82000,2024-10-05
Sistema,201858493.54000,2024-10-06
Sistema,225288031.18000,2024-10-07
Sistema,225328588.09000,2024-10-08
Sistema,229370798.92000,2024-10-09
Sistema,228354671.21000,2024-10-10
Sistema,229561363.82000,2024-10-11
Sistema,222191900.16000,2024-10-12
Sistema,201765623.00000,2024-10-13
Sistema,205719506.97000,2024-10-14
Sistema,227080140.01000,2024-10-15
Sistema,229510532.45000,2024-10-16
Sistema,235820358.73000,2024-10-17
Sistema,241010236.12000,2024-10-18
Sistema,227834720.71000,2024-10-19
Sistema,205017274.36000,2024-10-20
Sistema,226992371.41000,2024-10-21
Sistema,230095101.35000,2024-10-22
Sistema,231888383.80000,2024-10-23
Sistema,235576843.10000,2024-10-24
Sistema,238904127.36000,2024-10-25
Sistema,231019375.80000,2024-10-26
Sistema,211953204.90000,2024-10-27
Sistema,232926440.10000,2024-10-28
Sistema,236899540.51000,2024-10-29
Sistema,235921026.22000,2024-10-30
Sistema,225561285.71000,2024-10-31
Sistema,222528208.54000,2024-11-01
Sistema,213715647.17000,2024-11-02
Sistema,193760489.88000,2024-11-03
Sistema,197704180.04000,2024-11-04
Sistema,225376485.18000,2024-11-05
Sistema,230392309.54000,2024-11-06
Sistema,229611361.04000,2024-11-07
Sistema,225159506.70000,2024-11-08
Sistema,212881658.76000,2024-11-09
Sistema,193684982.64000,2024-11-10
Sistema,196756728.98000,2024-11-11
Sistema,221692868.79000,2024-11-12
Sistema,226971193.20000,2024-11-13
Sistema,228248347.78000,2024-11-14
Sistema,229893168.27000,2024-11-15
Sistema,217996957.43000,2024-11-16
Sistema,201412201.64000,2024-11-17
Sistema,226523262.94000,2024-11-18
Sistema,230786834.33000,2024-11-19
Sistema,227127780.33000,2024-11-20
Sistema,227736159.02000,2024-11-21
Sistema,225024009.92000,2024-11-22
Sistema,215401280.21000,2024-11-23
Sistema,201155384.76000,2024-11-24
Sistema,230029093.84000,2024-11-25
Sistema,233313137.61000,2024-11-26
Sistema,231233668.08000,2024-11-27
Sistema,232057895.43000,2024-11-28
Sistema,234173195.42000,2024-11-29
Sistema,224010442.80000,2024-11-30
Sistema,208411003.76000,2024-12-01
Sistema,232220490.80000,2024-12-02
Sistema,235459692.63000,2024-12-03
Sistema,237336094.94000,2024-12-04
Sistema,238116055.85000,2024-12-05
Sistema,235810877.01000,2024-12-06
Sistema,220590822.23000,2024-12-07
Sistema,202954408.49000,2024-12-08
Sistema,232421947.65000,2024-12-09
Sistema,238334386.21000,2024-12-10
Sistema,238115262.03000,2024-12-11
Sistema,239011667.83000,2024-12-12
Sistema,236642734.91000,2024-12-13
Sistema,222652801.23000,2024-12-14
Sistema,206162705.78000,2024-12-15
Sistema,232545166.72000,2024-12-16
Sistema,235393886.26000,2024-12-17
Sistema,238335194.40000,2024-12-18
Sistema,236967477.99000,2024-12-19
Sistema,235423470.26000,2024-12-20
Sistema,223361083.49000,2024-12-21
Sistema,206529543.12000,2024-12-22
Sistema,222384394.03000,2024-12-23
Sistema,209472205.79000,2024-12-24
Sistema,187020782.60000,2024-12-25
Sistema,219558889.12000,2024-12-26
Sistema,222904495.08000,2024-12-27
Sistema,213466645.17000,2024-12-28
Sistema,199776119.99000,2024-12-29
Sistema,210812695.30000,2024-12-30
Sistema,197246086.41000,2024-12-31
Sistema,176782080.52000,2025-01-01
Sistema,202358508.12000,2025-01-02
Sistema,209932434.42000,2025-01-03
Sistema,204604614.16000,2025-01-04
Sistema,187896424.11000,2025-01-05
Sistema,192933134.14000,2025-01-06
Sistema,217949046.76000,2025-01-07
Sistema,225020386.27000,2025-01-08
Sistema,226599678.07000,2025-01-09
Sistema,228762353.69000,2025-01-10
Sistema,219455514.56000,2025-01-11
Sistema,201561833.07000,2025-01-12
Sistema,226831815.32000,2025-01-13
Sistema,230651859.13000,2025-01-14
Sistema,230466378.99000,2025-01-15
Sistema,230850595.73000,2025-01-16
Sistema,232853777.69000,2025-01-17
Sistema,220893172.19000,2025-01-18
Sistema,203612542.87000,2025-01-19
Sistema,230549122.95000,2025-01-20
Sistema,234878052.88000,2025-01-21
Sistema,236023969.77000,2025-01-22
Sistema,236904129.67000,2025-01-23
Sistema,236608651.47000,2025-01-24
Sistema,225475347.63000,2025-01-25
Sistema,206044598.73000,2025-01-26
Sistema,234066863.59000,2025-01-27
Sistema,235486244.31000,2025-01-28
Sistema,237550966.22000,2025-01-29
Sistema,238718667.65000,2025-01-30
Sistema,238745089.20000,2025-01-31
Sistema,226388454.89000,2025-02-01
Sistema,205726262.04000,2025-02-02
Sistema,232431181.42000,2025-02-03
Sistema,235227693.56000,2025-02-04
Sistema,236875816.66000,2025-02-05
Sistema,236228382.95000,2025-02-06
Sistema,237406564.38000,2025-02-07
Sistema,224242425.47000,2025-02-08
Sistema,204694069.41000,2025-02-09
Sistema,228534505.76000,2025-02-10
Sistema,231893581.12000,2025-02-11
Sistema,233235356.12000,2025-02-12
Sistema,234706651.09000,2025-02-13
Sistema,233273273.19000,2025-02-14
Sistema,221755528.46000,2025-02-15
Sistema,202677851.24000,2025-02-16
Sistema,228654602.17000,2025-02-17
Sistema,231630632.94000,2025-02-18
Sistema,233654623.49000,2025-02-19
Sistema,235873452.05000,2025-02-20
Sistema,237009272.85000,2025-02-21
Sistema,224970455.92000,2025-02-22
Sistema,205923287.77000,2025-02-23
Sistema,231600337.12000,2025-02-24
Sistema,235168399.79000,2025-02-25
Sistema,233935210.86000,2025-02-26
Sistema,235260612.73000,2025-02-27
Sistema,233597034.87000,2025-02-28
Sistema,223450691.19000,2025-03-01
Sistema,204479789.55000,2025-03-02
Sistema,227991105.25000,2025-03-03
Sistema,232876278.07000,2025-03-04
Sistema,233908758.31000,2025-03-05
Sistema,233370678.18000,2025-03-06
Sistema,234678676.60000,2025-03-07
Sistema,223071372.88000,2025-03-08
Sistema,206160335.12000,2025-03-09
Sistema,231579400.11000,2025-03-10
Sistema,234564421.65000,2025-03-11
Sistema,233269870.01000,2025-03-12
Sistema,234692038.50000,2025-03-13
Sistema,234611106.44000,2025-03-14
Sistema,223387897.10000,2025-03-15
Sistema,204562382.50000,2025-03-16
Sistema,230219747.66000,2025-03-17
Sistema,230683798.34000,2025-03-18
Sistema,232712951.24000,2025-03-19
Sistema,235809934.44000,2025-03-20
Sistema,236444536.37000,2025-03-21
Sistema,228783172.45000,2025-03-22
Sistema,208626782.02000,2025-03-23
Sistema,214877459.74000,2025-03-24
Sistema,238815086.12000,2025-03-25
Sistema,239522721.33000,2025-03-26
Sistema,240137295.27000,2025-03-27
Sistema,237038872.96000,2025-03-28
Sistema,225778663.23000,2025-03-29
Sistema,205808757.56000,2025-03-30
Sistema,229567629.25000,2025-03-31
Sistema,231817345.35000,2025-04-01
Sistema,231715294.56000,2025-04-02
Sistema,234007266.27000,2025-04-03
Sistema,232099795.15000,2025-04-04
Sistema,222631060.78000,2025-04-05
Sistema,203635512.63000,2025-04-06
Sistema,229475937.81000,2025-04-07
Sistema,232339945.05000,2025-04-08
Sistema,234288273.89000,2025-04-09
Sistema,232486793.25000,2025-04-10
Sistema,227473245.72000,2025-04-11
Sistema,222782383.81000,2025-04-12
Sistema,210250904.48000,2025-04-13
Sistema,235965898.02000,2025-04-14
Sistema,239000887.76000,2025-04-15
Sistema,235568456.57000,2025-04-16
Sistema,208828377.41000,2025-04-17
Sistema,197439866.88000,2025-04-18
Sistema,208885528.82000,2025-04-19
Sistema,204568558.54000,2025-04-20
Sistema,230429639.49000,2025-04-21
Sistema,233352747.32000,2025-04-22
Sistema,233750501.78000,2025-04-23
Sistema,236150125.04000,2025-04-24
Sistema,236252101.11000,2025-04-25
Sistema,222706947.97000,2025-04-26
Sistema,203907759.57000,2025-04-27
Sistema,228629509.68000,2025-04-28
Sistema,231783161.64000,2025-04-29
Sistema,229791321.52000,2025-04-30
Sistema,212515295.95000,2025-05-01
Sistema,230903096.97000,2025-05-02
Sistema,217753015.23000,2025-05-03
Sistema,201832601.17000,2025-05-04
Sistema,225414788.88000,2025-05-05
Sistema,230027584.49000,2025-05-06
Sistema,229281378.27000,2025-05-07
Sistema,230338576.61000,2025-05-08
Sistema,233638186.31000,2025-05-09
Sistema,228616428.05000,2025-05-10
Sistema,209859964.13000,2025-05-11
Sistema,239234528.62000,2025-05-12
Sistema,241436978.88000,2025-05-13
Sistema,240310444.78000,2025-05-14
Sistema,234154997.34000,2025-05-15
Sistema,232278695.70000,2025-05-16
Sistema,220001044.65000,2025-05-17
Sistema,203688132.49000,2025-05-18
Sistema,226520966.98000,2025-05-19
Sistema,233698080.43000,2025-05-20
Sistema,237367969.91000,2025-05-21
Sistema,237748388.43000,2025-05-22
Sistema,241822075.65000,2025-05-23
Sistema,232588944.24000,2025-05-24
Sistema,213229430.29000,2025-05-25
Sistema,235492537.08000,2025-05-26
Sistema,236535994.02000,2025-05-27
Sistema,237822738.98000,2025-05-28
Sistema,238907362.41000,2025-05-29
Sistema,241878795.32000,2025-05-30
Sistema,225086847.06000,2025-05-31
Sistema,201740281.93000,2025-06-01
Sistema,210175983.68000,2025-06-02
Sistema,233988126.48000,2025-06-03
Sistema,237485366.76000,2025-06-04
Sistema,238608765.29000,2025-06-05
Sistema,238486232.58000,2025-06-06
Sistema,228927463.05000,2025-06-07
Sistema,214584635.65000,2025-06-08
Sistema,237323332.48000,2025-06-09
Sistema,235182086.04000,2025-06-10
Sistema,231514723.04000,2025-06-11
Sistema,233871911.32000,2025-06-12
Sistema,228892807.56000,2025-06-13
Sistema,215855419.37000,2025-06-14
Sistema,201033923.56000,2025-06-15
Sistema,232847177.99000,2025-06-16
Sistema,236822161.82000,2025-06-17
Sistema,238787196.35000,2025-06-18
Sistema,242344655.11000,2025-06-19
Sistema,244048946.57000,2025-06-20
Sistema,231283675.53000,2025-06-21
Sistema,205025399.45000,2025-06-22
Sistema,206601005.24000,2025-06-23
Sistema,231234145.58000,2025-06-24
Sistema,236507245.02000,2025-06-25
Sistema,240558817.92000,2025-06-26
Sistema,240367607.25000,2025-06-27
Sistema,226770875.45000,2025-06-28
Sistema,208020521.29000,2025-06-29
Sistema,213920549.80000,2025-06-30
Sistema,236290485.64000,2025-07-01
Sistema,240759815.79000,2025-07-02
Sistema,240296070.30000,2025-07-03
Sistema,237505037.67000,2025-07-04
Sistema,221246521.94000,2025-07-05
Sistema,207077309.87000,2025-07-06
Sistema,236296513.53000,2025-07-07
Sistema,240903693.91000,2025-07-08
Sistema,241537087.93000,2025-07-09
Sistema,241369865.34000,2025-07-10
Sistema,241189836.55000,2025-07-11
Sistema,228606403.63000,2025-07-12
Sistema,209188365.48000,2025-07-13
Sistema,234616119.04000,2025-07-14
Sistema,239999590.75000,2025-07-15
Sistema,241921967.66000,2025-07-16
Sistema,243409495.61000,2025-07-17
Sistema,245720904.22000,2025-07-18
Sistema,233767286.23000,2025-07-19
Sistema,214696790.99000,2025-07-20
Sistema,240369100.45000,2025-07-21
Sistema,245727479.33000,2025-07-22
Sistema,243168000.47000,2025-07-23
Sistema,245565939.29000,2025-07-24
Sistema,243107363.68000,2025-07-25
Sistema,229231474.22000,2025-07-26
Sistema,208957906.84000,2025-07-27
Sistema,238234086.22000,2025-07-28
Sistema,240826213.60000,2025-07-29
Sistema,238864193.58000,2025-07-30
Sistema,243844763.88000,2025-07-31
Sistema,246052928.54000,2025-08-01
Sistema,233588970.35000,2025-08-02
Sistema,208783325.42000,2025-08-03
Sistema,233977824.51000,2025-08-04
Sistema,238690139.11000,2025-08-05
Sistema,237671534.74000,2025-08-06
Sistema,221472224.21000,2025-08-07
Sistema,237294054.73000,2025-08-08
Sistema,221993599.29000,2025-08-09
Sistema,202973489.98000,2025-08-10
Sistema,233580473.27000,2025-08-11
Sistema,239624523.41000,2025-08-12
Sistema,243239620.00000,2025-08-13
Sistema,242958762.27000,2025-08-14
Sistema,239205605.49000,2025-08-15
Sistema,222564598.23000,2025-08-16
Sistema,203560122.55000,2025-08-17
Sistema,210525438.85000,2025-08-18
Sistema,237872706.46000,2025-08-19
Sistema,246295299.96000,2025-08-20
Sistema,246835016.03000,2025-08-21
Sistema,244573896.74000,2025-08-22
Sistema,230254506.74000,2025-08-23
Sistema,214548247.62000,2025-08-24
Sistema,241705422.75000,2025-08-25
Sistema,244942085.30000,2025-08-26
Sistema,246031444.91000,2025-08-27
Sistema,245621527.38000,2025-08-28
Sistema,246952941.16000,2025-08-29
Sistema,233997730.85000,2025-08-30
Sistema,214412559.12000,2025-08-31
Sistema,238884784.35000,2025-09-01
Sistema,242284222.94000,2025-09-02
Sistema,243698224.04000,2025-09-03
Sistema,245899335.59000,2025-09-04
Sistema,240618190.64000,2025-09-05
Sistema,226314973.07000,2025-09-06
Sistema,207186623.85000,2025-09-07
Sistema,232462874.79000,2025-09-08
Sistema,243107508.76000,2025-09-09
Sistema,248396148.93000,2025-09-10
Sistema,249800417.67000,2025-09-11
Sistema,242443560.68000,2025-09-12
Sistema,233569476.43000,2025-09-13
Sistema,213518796.66000,2025-09-14
Sistema,244360626.90000,2025-09-15
Sistema,246410869.63000,2025-09-16
Sistema,242843593.20000,2025-09-17
Sistema,239330764.52000,2025-09-18
Sistema,237896611.62000,2025-09-19
Sistema,226353039.92000,2025-09-20
Sistema,211947367.78000,2025-09-21
Sistema,238191662.52000,2025-09-22
Sistema,246576573.28000,2025-09-23
Sistema,247018568.07000,2025-09-24
Sistema,244282448.88000,2025-09-25
Sistema,243833380.23000,2025-09-26
Sistema,230837903.04000,2025-09-27
Sistema,212872840.33000,2025-09-28
Sistema,238806455.87000,2025-09-29
Sistema,235436131.13000,2025-09-30
Sistema,238050243.49000,2025-10-01
Sistema,237712401.48000,2025-10-02
Sistema,238790608.30000,2025-10-03
Sistema,224272026.47000,2025-10-04
Sistema,210838100.33000,2025-10-05
Sistema,238333592.25000,2025-10-06
Sistema,241907012.89000,2025-10-07
Sistema,242180208.33000,2025-10-08
Sistema,241051773.37000,2025-10-09
Sistema,235418843.47000,2025-10-10
Sistema,220353004.68000,2025-10-11
Sistema,199539011.96000,2025-10-12
Sistema,205163443.50000,2025-10-13
Sistema,232764659.28000,2025-10-14
Sistema,235556019.33000,2025-10-15
Sistema,231451246.84000,2025-10-16
Sistema,235155053.47000,2025-10-17
Sistema,228493008.99000,2025-10-18
Sistema,210586578.19000,2025-10-19
Sistema,236585905.61000,2025-10-20
Sistema,238450827.56000,2025-10-21
Sistema,239883009.51000,2025-10-22
Sistema,240271401.89000,2025-10-23
Sistema,241451417.08000,2025-10-24
Sistema,230297676.97000,2025-10-25
Sistema,214781946.13000,2025-10-26
Sistema,237153465.20000,2025-10-27
Sistema,243874047.04000,2025-10-28
Sistema,244927828.50000,2025-10-29
Sistema,242716358.42000,2025-10-30
Sistema,239084406.43000,2025-10-31
Sistema,230237322.43000,2025-11-01
Sistema,213451728.33000,2025-11-02
Sistema,217490492.49000,2025-11-03
Sistema,240103293.30000,2025-11-04
Sistema,242786281.23000,2025-11-05
Sistema,242695384.06000,2025-11-06
Sistema,246744771.10000,2025-11-07
Sistema,238748073.39000,2025-11-08
Sistema,220648613.30000,2025-11-09
Sistema,243474934.44000,2025-11-10
Sistema,243891035.23000,2025-11-11
Sistema,246087088.62000,2025-11-12
Sistema,245468018.62000,2025-11-13
Sistema,245671783.34000,2025-11-14
Sistema,231599922.85000,2025-11-15
Sistema,208263729.56000,2025-11-16
Sistema,213905315.40000,2025-11-17
Sistema,241211070.57000,2025-11-18
Sistema,247490571.12000,2025-11-19
Sistema,246877681.33000,2025-11-20
Sistema,245929777.28000,2025-11-21
Sistema,235647845.15000,2025-11-22
Sistema,217106505.41000,2025-11-23
Sistema,242392320.97000,2025-11-24
Sistema,246749296.54000,2025-11-25
Sistema,249432208.11000,2025-11-26
Sistema,249412053.14000,2025-11-27
Sistema,241627914.32000,2025-11-28
Sistema,223475691.86000,2025-11-29
Sistema,209955252.82000,2025-11-30
Sistema,232517281.66000,2025-12-01
Sistema,237753906.60000,2025-12-02
Sistema,241465355.21000,2025-12-03
Sistema,241859137.63000,2025-12-04
Sistema,241810727.06000,2025-12-05
Sistema,232208654.23000,2025-12-06
Sistema,212209238.00000,2025-12-07
Sistema,213627334.57000,2025-12-08
Sistema,243026921.85000,2025-12-09
Sistema,246252416.88000,2025-12-10
Sistema,247831081.76000,2025-12-11
Sistema,247644793.94000,2025-12-12
Sistema,233751022.35000,2025-12-13
Sistema,216283713.22000,2025-12-14
Sistema,243865552.41000,2025-12-15
Sistema,245360510.99000,2025-12-16
Sistema,245735482.66000,2025-12-17
Sistema,246879124.10000,2025-12-18
Sistema,245619870.77000,2025-12-19
Sistema,230050934.12000,2025-12-20
Sistema,215073609.27000,2025-12-21
Sistema,237321485.94000,2025-12-22
Sistema,238948116.83000,2025-12-23
Sistema,222250245.84000,2025-12-24
Sistema,197106468.05000,2025-12-25
Sistema,224079216.69000,2025-12-26
Sistema,223834624.85000,2025-12-27
Sistema,212246778.76000,2025-12-28
Sistema,230973077.53000,2025-12-29
Sistema,229474925.63000,2025-12-30
Sistema,215154109.94000,2025-12-31
Sistema,192685792.90000,2026-01-01
Sistema,215142392.82000,2026-01-02
Sistema,215014008.04000,2026-01-03
Sistema,204402717.34000,2026-01-04
Sistema,226753399.34000,2026-01-05
Sistema,229335338.65000,2026-01-06
Sistema,232369964.55000,2026-01-07
Sistema,235440635.27000,2026-01-08
Sistema,237905167.81000,2026-01-09
Sistema,227157091.23000,2026-01-10
Sistema,209242058.11000,2026-01-11
Sistema,211815649.49000,2026-01-12
Sistema,232899279.02000,2026-01-13
Sistema,237393761.47000,2026-01-14
Sistema,240306920.78000,2026-01-15
Sistema,240441376.17000,2026-01-16
Sistema,232678481.09000,2026-01-17
Sistema,216596949.81000,2026-01-18
Sistema,242893856.16000,2026-01-19
Sistema,243890423.79000,2026-01-20
Sistema,245789625.72000,2026-01-21
Sistema,246811604.53000,2026-01-22
Sistema,243613150.41000,2026-01-23
Sistema,233255777.54000,2026-01-24
Sistema,215362376.14000,2026-01-25
Sistema,241706060.48000,2026-01-26
Sistema,245466032.60000,2026-01-27
Sistema,243421192.27000,2026-01-28
Sistema,242981736.91000,2026-01-29
Sistema,244229471.06000,2026-01-30
Sistema,229082975.86000,2026-01-31
Sistema,202610580.35000,2026-02-01
Sistema,220643236.38000,2026-02-02
Sistema,231287950.43000,2026-02-03
Sistema,237897260.67000,2026-02-04
Sistema,240684396.82000,2026-02-05
Sistema,238306708.00000,2026-02-06
Sistema,224964186.32000,2026-02-07
Sistema,208919793.17000,2026-02-08
Sistema,238495961.82000,2026-02-09
Sistema,243406174.60000,2026-02-10
Sistema,246011639.16000,2026-02-11
Sistema,247832274.80000,2026-02-12
Sistema,247722894.15000,2026-02-13
Sistema,232650915.91000,2026-02-14
Sistema,210763570.18000,2026-02-15
Sistema,234961165.26000,2026-02-16
Sistema,240733583.28000,2026-02-17
Sistema,242271172.21000,2026-02-18
Sistema,243025912.33000,2026-02-19
Sistema,245882754.27000,2026-02-20
Sistema,236019467.28000,2026-02-21
Sistema,215889421.76000,2026-02-22
Sistema,240756878.10000,2026-02-23
Sistema,240623678.25000,2026-02-24
Sistema,243689340.42000,2026-02-25
Sistema,247892793.17000,2026-02-26
Sistema,250412872.44000,2026-02-27
Sistema,239249721.03000,2026-02-28
Sistema,218340645.81000,2026-03-01
Sistema,244267973.75000,2026-03-02
Sistema,250712405.25000,2026-03-03
Sistema,252240361.59000,2026-03-04
Sistema,250932814.02000,2026-03-05
Sistema,250187261.26000,2026-03-06
Sistema,237783446.95000,2026-03-07
Sistema,215097105.30000,2026-03-08
Sistema,243303723.43000,2026-03-09
Sistema,248885713.28000,2026-03-10
Sistema,248243917.90000,2026-03-11
Sistema,248428996.62000,2026-03-12
Sistema,246723427.04000,2026-03-13
Sistema,235810766.94000,2026-03-14
Sistema,218176867.74000,2026-03-15
Sistema,248120019.31000,2026-03-16
Sistema,252050473.60000,2026-03-17
Sistema,246716010.89000,2026-03-18
Sistema,245204231.57000,2026-03-19
Sistema,246389400.43000,2026-03-20
Sistema,234374065.36000,2026-03-21
Sistema,214471508.45000,2026-03-22
Sistema,222075611.00000,2026-03-23
Sistema,245585460.96000,2026-03-24
Sistema,251102133.17000,2026-03-25
Sistema,253003907.11000,2026-03-26
Sistema,249230018.88000,2026-03-27
Sistema,238649263.76000,2026-03-28
Sistema,221850623.83000,2026-03-29
Sistema,241602274.21000,2026-03-30
Sistema,242219280.30000,2026-03-31
Sistema,236539898.02000,2026-04-01
Sistema,212568053.77000,2026-04-02
Sistema,205389628.34000,2026-04-03
Sistema,219882379.32000,2026-04-04
Sistema,215373337.20000,2026-04-05
Sistema,244352023.05000,2026-04-06
Sistema,252383672.51000,2026-04-07
Sistema,253584920.05000,2026-04-08
Sistema,254893119.49000,2026-04-09
Sistema,254635631.33000,2026-04-10
Sistema,242424917.45000,2026-04-11
Sistema,223997572.69000,2026-04-12
Sistema,249085035.26000,2026-04-13
Sistema,249789566.16000,2026-04-14
Sistema,248255107.71000,2026-04-15
Sistema,249014296.29000,2026-04-16
Sistema,248013103.37000,2026-04-17
Sistema,235839506.76000,2026-04-18
Sistema,218650570.12000,2026-04-19
Sistema,244644259.33000,2026-04-20
Sistema,249086079.75000,2026-04-21
Sistema,249563391.28000,2026-04-22
Sistema,248744340.21000,2026-04-23
Sistema,249016723.75000,2026-04-24
Sistema,237226145.73000,2026-04-25
Sistema,219900568.00000,2026-04-26
Sistema,246852453.01000,2026-04-27
Sistema,252884553.18000,2026-04-28
Sistema,251868604.20000,2026-04-29
Sistema,252784135.84000,2026-04-30
Sistema,235867905.36000,2026-05-01
Sistema,233433117.88000,2026-05-02
Sistema,218433378.97000,2026-05-03
Sistema,247057944.69000,2026-05-04
Sistema,256082195.12000,2026-05-05
Sistema,256435827.25000,2026-05-06
Sistema,258684309.63000,2026-05-07
Sistema,256805678.70000,2026-05-08
Sistema,243737937.42000,2026-05-09
Sistema,224174370.52000,2026-05-10
Sistema,251897694.31000,2026-05-11
Sistema,253626142.42000,2026-05-12
Sistema,255666937.52000,2026-05-13
Sistema,258390477.01000,2026-05-14
Sistema,261866107.39000,2026-05-15
Sistema,249595197.05000,2026-05-16
Sistema,223566798.82000,2026-05-17
Sistema,228707529.23000,2026-05-18
Sistema,254386602.44000,2026-05-19
Sistema,259223501.18000,2026-05-20
Sistema,257754102.25000,2026-05-21
Sistema,258750938.82000,2026-05-22
Sistema,248041567.91000,2026-05-23
Sistema,225256518.35000,2026-05-24
Sistema,254156157.91000,2026-05-25
Sistema,257360750.53000,2026-05-26
Sistema,257270977.54000,2026-05-27
Sistema,259857716.01000,2026-05-28
Sistema,256408251.63000,2026-05-29
Sistema,240769296.66000,2026-05-30
Sistema,221353369.21000,2026-05-31
Sistema,253012464.40000,2026-06-01
Sistema,257377052.85000,2026-06-02
Sistema,254009802.28000,2026-06-03
Sistema,251223049.05000,2026-06-04
Sistema,247756035.95000,2026-06-05
Sistema,231709833.81000,2026-06-06
Sistema,209870742.18000,2026-06-07
Sistema,213885141.36000,2026-06-08
Sistema,241330824.14000,2026-06-09
Sistema,245768806.87000,2026-06-10
Sistema,254566199.58000,2026-06-11
Sistema,259808964.14000,2026-06-12
Sistema,248236656.59000,2026-06-13
Sistema,223346965.72000,2026-06-14
Sistema,223281390.95000,2026-06-15
Sistema,245263725.73000,2026-06-16
Sistema,250973877.55000,2026-06-17
Sistema,247610242.88000,2026-06-18
Sistema,249065904.37000,2026-06-19
Sistema,239713558.13000,2026-06-20
Sistema,217849950.74000,2026-06-21
Sistema,250942369.66000,2026-06-22
Sistema,254955730.93000,2026-06-23
Sistema,255273467.69000,2026-06-24
Sistema,258780987.82000,2026-06-25
Sistema,256386568.12000,2026-06-26
Sistema,242623751.74000,2026-06-27
Sistema,223509299.03000,2026-06-28
Sistema,232248517.31000,2026-06-29
Sistema,256260476.88000,2026-06-30
Sistema,257160069.12000,2026-07-01
Sistema,258039972.43000,2026-07-02
Sistema,253601655.91000,2026-07-03
Sistema,239080329.00000,2026-07-04
Sistema,223546245.77000,2026-07-05
Sistema,255483738.81000,2026-07-06
Sistema,258694071.03000,2026-07-07
Sistema,262429232.22000,2026-07-08
Sistema,258767741.73000,2026-07-09
Sistema,255712175.07000,2026-07-10
Sistema,245322186.86000,2026-07-11
Sistema,222297354.04000,2026-07-12
Sistema,225552586.52000,2026-07-13
Sistema,253611858.29000,2026-07-14
Sistema,260332317.37000,2026-07-15
Sistema,261293371.38000,2026-07-16
Sistema,262275924.95000,2026-07-17
Sistema,248324291.80000,2026-07-18
Sistema,223761569.73000,2026-07-19
Sistema,221275525.95000,2026-07-20
Sistema,245862520.78000,2026-07-21
Sistema,254931647.32000,2026-07-22
Sistema,251115994.63000,2026-07-23
Sistema,251533702.40000,2026-07-24
Sistema,244332064.96000,2026-07-25
Sistema,222862958.04000,2026-07-26
Sistema,246264224.61000,2026-07-27
Sistema,255300095.25000,2026-07-28
Sistema,260285613.75000,2026-07-29
Sistema,262244923.95000,2026-07-30
Sistema,257773146.92000,2026-07-31
