date,aportes_kwh
2000-01-01,56677300.0
2000-01-02,54645200.0
2000-01-03,57488300.0
2000-01-04,58418200.0
2000-01-05,63039500.0
2000-01-06,59742600.0
2000-01-07,64109400.0
2000-01-08,74864900.0
2000-01-09,80338400.0
2000-01-10,69728600.0
2000-01-11,83660100.0
2000-01-12,59237500.0
2000-01-13,62492400.0
2000-01-14,53097300.0
2000-01-15,58110100.0
2000-01-16,54607300.0
2000-01-17,51330300.0
2000-01-18,65031600.0
2000-01-19,55472500.0
2000-01-20,59487400.0
2000-01-21,105014300.0
2000-01-22,79967600.0
2000-01-23,54711200.0
2000-01-24,47573300.0
2000-01-25,46374800.0
2000-01-26,54561000.0
2000-01-27,53032300.0
2000-01-28,45301200.0
2000-01-29,58131300.0
2000-01-30,61913400.0
2000-01-31,64367400.0
2000-02-01,84066000.0
2000-02-02,95730500.0
2000-02-03,107793500.0
2000-02-04,79403400.0
2000-02-05,58485600.0
2000-02-06,64304600.0
2000-02-07,69439000.0
2000-02-08,51491300.0
2000-02-09,48387900.0
2000-02-10,50945400.0
2000-02-11,46233700.0
2000-02-12,46873200.0
2000-02-13,40007400.0
2000-02-14,40083200.0
2000-02-15,37010800.0
2000-02-16,48387600.0
2000-02-17,77224200.0
2000-02-18,73689200.0
2000-02-19,76569900.0
2000-02-20,71656700.0
2000-02-21,60340000.0
2000-02-22,80314900.0
2000-02-23,72960900.0
2000-02-24,88251800.0
2000-02-25,87285700.0
2000-02-26,133792500.0
2000-02-27,109282500.0
2000-02-28,126848100.0
2000-02-29,110334200.0
2000-03-01,92224800.0
2000-03-02,95121200.0
2000-03-03,144352200.0
2000-03-04,105167300.0
2000-03-05,89604500.0
2000-03-06,93600000.0
2000-03-07,87682100.0
2000-03-08,77871100.0
2000-03-09,67493400.0
2000-03-10,58869000.0
2000-03-11,50957500.0
2000-03-12,69548300.0
2000-03-13,60971200.0
2000-03-14,55202900.0
2000-03-15,53707900.0
2000-03-16,47327900.0
2000-03-17,52721000.0
2000-03-18,45088800.0
2000-03-19,55868500.0
2000-03-20,51861600.0
2000-03-21,46634600.0
2000-03-22,46406200.0
2000-03-23,56396400.0
2000-03-24,83264500.0
2000-03-25,114009300.0
2000-03-26,99821500.0
2000-03-27,111120100.0
2000-03-28,134455400.0
2000-03-29,89173100.0
2000-03-30,82677900.0
2000-03-31,72224200.0
2000-04-01,55123400.0
2000-04-02,63701500.0
2000-04-03,74373600.0
2000-04-04,67563200.0
2000-04-05,79391600.0
2000-04-06,101869100.0
2000-04-07,152621300.0
2000-04-08,101654100.0
2000-04-09,74203900.0
2000-04-10,63095700.0
2000-04-11,65280100.0
2000-04-12,82474600.0
2000-04-13,94982200.0
2000-04-14,109828100.0
2000-04-15,92307100.0
2000-04-16,100406800.0
2000-04-17,90420300.0
2000-04-18,87431100.0
2000-04-19,91119900.0
2000-04-20,77667700.0
2000-04-21,68852900.0
2000-04-22,108195300.0
2000-04-23,81464900.0
2000-04-24,117808600.0
2000-04-25,99190700.0
2000-04-26,79162000.0
2000-04-27,71575900.0
2000-04-28,62904000.0
2000-04-29,90097200.0
2000-04-30,80720400.0
2000-05-01,78211900.0
2000-05-02,79999200.0
2000-05-03,122817600.0
2000-05-04,179839600.0
2000-05-05,131992200.0
2000-05-06,160776400.0
2000-05-07,148397200.0
2000-05-08,143506300.0
2000-05-09,140827900.0
2000-05-10,122300400.0
2000-05-11,107652000.0
2000-05-12,110408200.0
2000-05-13,159455300.0
2000-05-14,150158700.0
2000-05-15,239425500.0
2000-05-16,144199200.0
2000-05-17,146862700.0
2000-05-18,160810900.0
2000-05-19,211134500.0
2000-05-20,182647600.0
2000-05-21,160293000.0
2000-05-22,167324700.0
2000-05-23,210361800.0
2000-05-24,189904700.0
2000-05-25,190469100.0
2000-05-26,184126600.0
2000-05-27,150903500.0
2000-05-28,250722500.0
2000-05-29,170157500.0
2000-05-30,169800200.0
2000-05-31,223883300.0
2000-06-01,165574100.0
2000-06-02,183906800.0
2000-06-03,122060000.0
2000-06-04,176015800.0
2000-06-05,170446000.0
2000-06-06,145977500.0
2000-06-07,137342600.0
2000-06-08,138712900.0
2000-06-09,138635800.0
2000-06-10,120414300.0
2000-06-11,110817700.0
2000-06-12,108555700.0
2000-06-13,111211800.0
2000-06-14,128919500.0
2000-06-15,127387700.0
2000-06-16,228519400.0
2000-06-17,255127700.0
2000-06-18,215591700.0
2000-06-19,192989700.0
2000-06-20,129132900.0
2000-06-21,148588000.0
2000-06-22,197198000.0
2000-06-23,205666400.0
2000-06-24,302907700.0
2000-06-25,267556500.0
2000-06-26,186499000.0
2000-06-27,189054700.0
2000-06-28,183282300.0
2000-06-29,127367000.0
2000-06-30,146289300.0
2000-07-01,149755200.0
2000-07-02,157418400.0
2000-07-03,167676300.0
2000-07-04,181035500.0
2000-07-05,168901700.0
2000-07-06,154147900.0
2000-07-07,170190800.0
2000-07-08,123010700.0
2000-07-09,104075500.0
2000-07-10,93031000.0
2000-07-11,83745300.0
2000-07-12,96642800.0
2000-07-13,200645900.0
2000-07-14,228552400.0
2000-07-15,154633100.0
2000-07-16,147093100.0
2000-07-17,178905100.0
2000-07-18,159085700.0
2000-07-19,126507400.0
2000-07-20,128198700.0
2000-07-21,147457300.0
2000-07-22,114507100.0
2000-07-23,102591200.0
2000-07-24,137911100.0
2000-07-25,147609200.0
2000-07-26,178834500.0
2000-07-27,185641800.0
2000-07-28,148297600.0
2000-07-29,189340100.0
2000-07-30,157923700.0
2000-07-31,124708800.0
2000-08-01,114884800.0
2000-08-02,129723900.0
2000-08-03,157506700.0
2000-08-04,221877500.0
2000-08-05,170982300.0
2000-08-06,144801200.0
2000-08-07,129213400.0
2000-08-08,125693700.0
2000-08-09,116308600.0
2000-08-10,164069300.0
2000-08-11,202380500.0
2000-08-12,126523600.0
2000-08-13,140256300.0
2000-08-14,115375400.0
2000-08-15,158630900.0
2000-08-16,164417500.0
2000-08-17,151177600.0
2000-08-18,170418800.0
2000-08-19,111697700.0
2000-08-20,110348300.0
2000-08-21,92028500.0
2000-08-22,93450800.0
2000-08-23,111037400.0
2000-08-24,100089000.0
2000-08-25,171082500.0
2000-08-26,151714600.0
2000-08-27,103056300.0
2000-08-28,155947600.0
2000-08-29,201664300.0
2000-08-30,142689500.0
2000-08-31,310779100.0
2000-09-01,188374800.0
2000-09-02,163604200.0
2000-09-03,139945900.0
2000-09-04,218473400.0
2000-09-05,191090200.0
2000-09-06,146236300.0
2000-09-07,156373100.0
2000-09-08,124437500.0
2000-09-09,179567000.0
2000-09-10,302610300.0
2000-09-11,149468800.0
2000-09-12,136854800.0
2000-09-13,131309900.0
2000-09-14,121752700.0
2000-09-15,119502800.0
2000-09-16,127605600.0
2000-09-17,150170800.0
2000-09-18,102985000.0
2000-09-19,137372600.0
2000-09-20,122299600.0
2000-09-21,116025600.0
2000-09-22,111774200.0
2000-09-23,157147300.0
2000-09-24,172574300.0
2000-09-25,127820200.0
2000-09-26,113717500.0
2000-09-27,197999300.0
2000-09-28,147195700.0
2000-09-29,161127900.0
2000-09-30,215681700.0
2000-10-01,167836300.0
2000-10-02,178149700.0
2000-10-03,202182800.0
2000-10-04,191018700.0
2000-10-05,142388800.0
2000-10-06,155050300.0
2000-10-07,139617200.0
2000-10-08,142758700.0
2000-10-09,145462600.0
2000-10-10,122599800.0
2000-10-11,118426100.0
2000-10-12,99181500.0
2000-10-13,99426200.0
2000-10-14,92702400.0
2000-10-15,85889100.0
2000-10-16,82746200.0
2000-10-17,90574700.0
2000-10-18,86332600.0
2000-10-19,70944300.0
2000-10-20,79578000.0
2000-10-21,105954500.0
2000-10-22,115759100.0
2000-10-23,109992600.0
2000-10-24,131517200.0
2000-10-25,135887300.0
2000-10-26,141690200.0
2000-10-27,178998100.0
2000-10-28,125308600.0
2000-10-29,120794200.0
2000-10-30,141841800.0
2000-10-31,143711100.0
2000-11-01,283793000.0
2000-11-02,188178100.0
2000-11-03,136127400.0
2000-11-04,118177100.0
2000-11-05,118432100.0
2000-11-06,103234500.0
2000-11-07,106208400.0
2000-11-08,104760900.0
2000-11-09,101986900.0
2000-11-10,120548900.0
2000-11-11,153752700.0
2000-11-12,123039400.0
2000-11-13,100851600.0
2000-11-14,96666500.0
2000-11-15,87178100.0
2000-11-16,87348800.0
2000-11-17,150612200.0
2000-11-18,187314000.0
2000-11-19,167788200.0
2000-11-20,112215000.0
2000-11-21,89445300.0
2000-11-22,87298200.0
2000-11-23,94260100.0
2000-11-24,93635100.0
2000-11-25,87762800.0
2000-11-26,75735800.0
2000-11-27,81256300.0
2000-11-28,79726100.0
2000-11-29,102994900.0
2000-11-30,64475100.0
2000-12-01,64558000.0
2000-12-02,82181900.0
2000-12-03,74310900.0
2000-12-04,65457700.0
2000-12-05,73024500.0
2000-12-06,60221800.0
2000-12-07,68663700.0
2000-12-08,77165300.0
2000-12-09,67120300.0
2000-12-10,85161600.0
2000-12-11,118494100.0
2000-12-12,60474300.0
2000-12-13,57202900.0
2000-12-14,60138400.0
2000-12-15,71346500.0
2000-12-16,63422400.0
2000-12-17,54716700.0
2000-12-18,53007200.0
2000-12-19,64610000.0
2000-12-20,67055600.0
2000-12-21,57097700.0
2000-12-22,48607000.0
2000-12-23,49734800.0
2000-12-24,63057400.0
2000-12-25,75709500.0
2000-12-26,62912200.0
2000-12-27,80548500.0
2000-12-28,86519200.0
2000-12-29,113248200.0
2000-12-30,116449100.0
2000-12-31,89982900.0
2001-01-01,99202700.0
2001-01-02,58020300.0
2001-01-03,51085500.0
2001-01-04,51399200.0
2001-01-05,53150900.0
2001-01-06,55536100.0
2001-01-07,47410600.0
2001-01-08,44934000.0
2001-01-09,45644100.0
2001-01-10,52346600.0
2001-01-11,52007700.0
2001-01-12,43595600.0
2001-01-13,42844300.0
2001-01-14,40261000.0
2001-01-15,37877800.0
2001-01-16,40834100.0
2001-01-17,39441700.0
2001-01-18,45740600.0
2001-01-19,49429000.0
2001-01-20,76922300.0
2001-01-21,55516700.0
2001-01-22,49208800.0
2001-01-23,52320800.0
2001-01-24,63892200.0
2001-01-25,65288600.0
2001-01-26,41391000.0
2001-01-27,36106200.0
2001-01-28,34598000.0
2001-01-29,30781400.0
2001-01-30,34037600.0
2001-01-31,30460800.0
2001-02-01,34084000.0
2001-02-02,41310900.0
2001-02-03,35743900.0
2001-02-04,34196300.0
2001-02-05,33706000.0
2001-02-06,31327800.0
2001-02-07,31866200.0
2001-02-08,39093400.0
2001-02-09,50962600.0
2001-02-10,51122200.0
2001-02-11,33489400.0
2001-02-12,32559000.0
2001-02-13,27549900.0
2001-02-14,29212000.0
2001-02-15,35331900.0
2001-02-16,28581000.0
2001-02-17,43075600.0
2001-02-18,45204000.0
2001-02-19,47726200.0
2001-02-20,51614000.0
2001-02-21,62184200.0
2001-02-22,46153800.0
2001-02-23,48835200.0
2001-02-24,47777200.0
2001-02-25,41708800.0
2001-02-26,48301200.0
2001-02-27,55046500.0
2001-02-28,52242300.0
2001-03-01,59555200.0
2001-03-02,47646000.0
2001-03-03,51279100.0
2001-03-04,55347900.0
2001-03-05,60406200.0
2001-03-06,72974400.0
2001-03-07,85517900.0
2001-03-08,73822800.0
2001-03-09,50653000.0
2001-03-10,61310700.0
2001-03-11,43210100.0
2001-03-12,33576200.0
2001-03-13,33070100.0
2001-03-14,31145100.0
2001-03-15,43955900.0
2001-03-16,47294900.0
2001-03-17,44104500.0
2001-03-18,67574600.0
2001-03-19,91720500.0
2001-03-20,98214500.0
2001-03-21,101031400.0
2001-03-22,73868200.0
2001-03-23,86017800.0
2001-03-24,111182300.0
2001-03-25,71130100.0
2001-03-26,68197900.0
2001-03-27,43019000.0
2001-03-28,44363400.0
2001-03-29,51304900.0
2001-03-30,69041300.0
2001-03-31,62164100.0
2001-04-01,52522700.0
2001-04-02,40788900.0
2001-04-03,44082200.0
2001-04-04,34998100.0
2001-04-05,39139500.0
2001-04-06,36180400.0
2001-04-07,110246600.0
2001-04-08,56499800.0
2001-04-09,50939500.0
2001-04-10,50024400.0
2001-04-11,54313700.0
2001-04-12,87743700.0
2001-04-13,86641000.0
2001-04-14,59478900.0
2001-04-15,83429800.0
2001-04-16,67264200.0
2001-04-17,105714600.0
2001-04-18,84671000.0
2001-04-19,77192900.0
2001-04-20,54046100.0
2001-04-21,51465700.0
2001-04-22,46423600.0
2001-04-23,50294600.0
2001-04-24,63861500.0
2001-04-25,60482400.0
2001-04-26,53269400.0
2001-04-27,63941200.0
2001-04-28,74837700.0
2001-04-29,118968900.0
2001-04-30,128898900.0
2001-05-01,73306800.0
2001-05-02,84359600.0
2001-05-03,196783400.0
2001-05-04,144285200.0
2001-05-05,76097400.0
2001-05-06,83572500.0
2001-05-07,84467000.0
2001-05-08,100237400.0
2001-05-09,95633600.0
2001-05-10,111434700.0
2001-05-11,87440600.0
2001-05-12,57905500.0
2001-05-13,103728800.0
2001-05-14,131831900.0
2001-05-15,177804500.0
2001-05-16,123768100.0
2001-05-17,82079400.0
2001-05-18,96684300.0
2001-05-19,168119600.0
2001-05-20,118151100.0
2001-05-21,172768700.0
2001-05-22,129328400.0
2001-05-23,101627700.0
2001-05-24,102184500.0
2001-05-25,98722000.0
2001-05-26,109404000.0
2001-05-27,116365200.0
2001-05-28,202183000.0
2001-05-29,181349400.0
2001-05-30,162854200.0
2001-05-31,124531600.0
2001-06-01,107110500.0
2001-06-02,113020800.0
2001-06-03,116039700.0
2001-06-04,154450100.0
2001-06-05,133880100.0
2001-06-06,108559600.0
2001-06-07,110088600.0
2001-06-08,143220400.0
2001-06-09,153809400.0
2001-06-10,167061500.0
2001-06-11,146931900.0
2001-06-12,154043200.0
2001-06-13,127180200.0
2001-06-14,130377000.0
2001-06-15,136505300.0
2001-06-16,87210800.0
2001-06-17,100032000.0
2001-06-18,123265400.0
2001-06-19,179369600.0
2001-06-20,311373200.0
2001-06-21,201778200.0
2001-06-22,129155200.0
2001-06-23,121252400.0
2001-06-24,99316800.0
2001-06-25,90810400.0
2001-06-26,102516500.0
2001-06-27,138314300.0
2001-06-28,141376600.0
2001-06-29,156984000.0
2001-06-30,148951700.0
2001-07-01,134152200.0
2001-07-02,117576500.0
2001-07-03,111784800.0
2001-07-04,84217500.0
2001-07-05,84409300.0
2001-07-06,178200900.0
2001-07-07,114978000.0
2001-07-08,111360900.0
2001-07-09,152080500.0
2001-07-10,123798600.0
2001-07-11,133730200.0
2001-07-12,153273600.0
2001-07-13,108002200.0
2001-07-14,95945200.0
2001-07-15,189846200.0
2001-07-16,116643200.0
2001-07-17,90758900.0
2001-07-18,93980100.0
2001-07-19,121505300.0
2001-07-20,129537500.0
2001-07-21,153373100.0
2001-07-22,160317000.0
2001-07-23,137768500.0
2001-07-24,85502400.0
2001-07-25,79095100.0
2001-07-26,92228900.0
2001-07-27,89317900.0
2001-07-28,190645200.0
2001-07-29,114778400.0
2001-07-30,91797800.0
2001-07-31,113995700.0
2001-08-01,146168400.0
2001-08-02,136078600.0
2001-08-03,120388600.0
2001-08-04,191694300.0
2001-08-05,154803700.0
2001-08-06,136140100.0
2001-08-07,98627400.0
2001-08-08,122705900.0
2001-08-09,101693000.0
2001-08-10,88455100.0
2001-08-11,136445700.0
2001-08-12,126055800.0
2001-08-13,104748200.0
2001-08-14,85590000.0
2001-08-15,186209500.0
2001-08-16,125522700.0
2001-08-17,116900200.0
2001-08-18,128713800.0
2001-08-19,138800000.0
2001-08-20,132409100.0
2001-08-21,147283300.0
2001-08-22,133154100.0
2001-08-23,102314600.0
2001-08-24,87295800.0
2001-08-25,118807400.0
2001-08-26,91359900.0
2001-08-27,83593300.0
2001-08-28,104458200.0
2001-08-29,112694300.0
2001-08-30,76051300.0
2001-08-31,62495500.0
2001-09-01,70526000.0
2001-09-02,128573800.0
2001-09-03,94273800.0
2001-09-04,110172000.0
2001-09-05,190074000.0
2001-09-06,169952000.0
2001-09-07,120651000.0
2001-09-08,123852100.0
2001-09-09,99280900.0
2001-09-10,99899400.0
2001-09-11,89010400.0
2001-09-12,118262900.0
2001-09-13,118710100.0
2001-09-14,205842900.0
2001-09-15,132738900.0
2001-09-16,108448800.0
2001-09-17,107056100.0
2001-09-18,95264100.0
2001-09-19,110212500.0
2001-09-20,106205800.0
2001-09-21,85686200.0
2001-09-22,97672700.0
2001-09-23,126411600.0
2001-09-24,123959300.0
2001-09-25,84851500.0
2001-09-26,73327100.0
2001-09-27,99857400.0
2001-09-28,114462100.0
2001-09-29,90229200.0
2001-09-30,97608400.0
2001-10-01,73831400.0
2001-10-02,69686700.0
2001-10-03,87791900.0
2001-10-04,74576900.0
2001-10-05,81661200.0
2001-10-06,82248900.0
2001-10-07,79647000.0
2001-10-08,69605400.0
2001-10-09,70589400.0
2001-10-10,94746500.0
2001-10-11,86593500.0
2001-10-12,61273500.0
2001-10-13,65758800.0
2001-10-14,59763400.0
2001-10-15,65310000.0
2001-10-16,119749600.0
2001-10-17,106175200.0
2001-10-18,101777400.0
2001-10-19,95037200.0
2001-10-20,87510000.0
2001-10-21,120241300.0
2001-10-22,139976400.0
2001-10-23,99807100.0
2001-10-24,132970700.0
2001-10-25,77351800.0
2001-10-26,78636900.0
2001-10-27,74881600.0
2001-10-28,71171500.0
2001-10-29,86371200.0
2001-10-30,130685700.0
2001-10-31,168078700.0
2001-11-01,166043500.0
2001-11-02,155243100.0
2001-11-03,167560800.0
2001-11-04,118360900.0
2001-11-05,117745400.0
2001-11-06,140821300.0
2001-11-07,95836800.0
2001-11-08,103648300.0
2001-11-09,110955100.0
2001-11-10,87423600.0
2001-11-11,94801000.0
2001-11-12,115277600.0
2001-11-13,110729800.0
2001-11-14,133471100.0
2001-11-15,96472400.0
2001-11-16,91761200.0
2001-11-17,95993900.0
2001-11-18,103362000.0
2001-11-19,101513200.0
2001-11-20,94961500.0
2001-11-21,131517400.0
2001-11-22,93215800.0
2001-11-23,80911800.0
2001-11-24,78209800.0
2001-11-25,71551900.0
2001-11-26,78195800.0
2001-11-27,138315100.0
2001-11-28,131339000.0
2001-11-29,111844200.0
2001-11-30,98433800.0
2001-12-01,133573900.0
2001-12-02,125057100.0
2001-12-03,118486100.0
2001-12-04,97963600.0
2001-12-05,84735900.0
2001-12-06,85219400.0
2001-12-07,84733800.0
2001-12-08,93854000.0
2001-12-09,104887600.0
2001-12-10,105691200.0
2001-12-11,93213200.0
2001-12-12,84598400.0
2001-12-13,103932500.0
2001-12-14,81024200.0
2001-12-15,82876800.0
2001-12-16,100636900.0
2001-12-17,141835200.0
2001-12-18,122097900.0
2001-12-19,125052500.0
2001-12-20,107800100.0
2001-12-21,121837300.0
2001-12-22,101290200.0
2001-12-23,92944200.0
2001-12-24,119446300.0
2001-12-25,106463000.0
2001-12-26,122034000.0
2001-12-27,129794800.0
2001-12-28,88659900.0
2001-12-29,109811200.0
2001-12-30,91719100.0
2001-12-31,80524200.0
2002-01-01,67906700.0
2002-01-02,63975700.0
2002-01-03,58573300.0
2002-01-04,56891000.0
2002-01-05,58442500.0
2002-01-06,55146000.0
2002-01-07,60245300.0
2002-01-08,61313200.0
2002-01-09,66819000.0
2002-01-10,58941000.0
2002-01-11,54337300.0
2002-01-12,48965300.0
2002-01-13,59111800.0
2002-01-14,95864100.0
2002-01-15,68038300.0
2002-01-16,48588500.0
2002-01-17,49235300.0
2002-01-18,46707600.0
2002-01-19,45777600.0
2002-01-20,44731800.0
2002-01-21,49972500.0
2002-01-22,56145400.0
2002-01-23,41358600.0
2002-01-24,46700200.0
2002-01-25,43262300.0
2002-01-26,54313100.0
2002-01-27,52680700.0
2002-01-28,54479500.0
2002-01-29,48144800.0
2002-01-30,52648900.0
2002-01-31,50294400.0
2002-02-01,58739700.0
2002-02-02,50124200.0
2002-02-03,65796600.0
2002-02-04,53043000.0
2002-02-05,51979400.0
2002-02-06,47956900.0
2002-02-07,70154600.0
2002-02-08,61532600.0
2002-02-09,57652000.0
2002-02-10,60944300.0
2002-02-11,54034400.0
2002-02-12,43723300.0
2002-02-13,41608500.0
2002-02-14,37772100.0
2002-02-15,37150800.0
2002-02-16,32180000.0
2002-02-17,44221200.0
2002-02-18,33492800.0
2002-02-19,35524600.0
2002-02-20,31718700.0
2002-02-21,34114200.0
2002-02-22,60651900.0
2002-02-23,47050200.0
2002-02-24,36003000.0
2002-02-25,32167000.0
2002-02-26,34045200.0
2002-02-27,36436500.0
2002-02-28,35004800.0
2002-03-01,33744800.0
2002-03-02,31317500.0
2002-03-03,39813100.0
2002-03-04,30030100.0
2002-03-05,44215300.0
2002-03-06,32115500.0
2002-03-07,32066300.0
2002-03-08,34970000.0
2002-03-09,30714500.0
2002-03-10,25253400.0
2002-03-11,48625500.0
2002-03-12,109255900.0
2002-03-13,46829100.0
2002-03-14,57451300.0
2002-03-15,54571800.0
2002-03-16,53438900.0
2002-03-17,60457900.0
2002-03-18,56459300.0
2002-03-19,103092100.0
2002-03-20,94001300.0
2002-03-21,200251800.0
2002-03-22,129912200.0
2002-03-23,122660100.0
2002-03-24,103804500.0
2002-03-25,97876500.0
2002-03-26,61956400.0
2002-03-27,89004700.0
2002-03-28,62360500.0
2002-03-29,76928200.0
2002-03-30,72780000.0
2002-03-31,63420700.0
2002-04-01,79199500.0
2002-04-02,127766600.0
2002-04-03,73621900.0
2002-04-04,73648800.0
2002-04-05,85499900.0
2002-04-06,59739600.0
2002-04-07,94047000.0
2002-04-08,86542900.0
2002-04-09,142037500.0
2002-04-10,152333500.0
2002-04-11,108060000.0
2002-04-12,96272200.0
2002-04-13,141002600.0
2002-04-14,128888900.0
2002-04-15,117321200.0
2002-04-16,133222400.0
2002-04-17,142847300.0
2002-04-18,164014100.0
2002-04-19,129445000.0
2002-04-20,132913100.0
2002-04-21,180792800.0
2002-04-22,122932800.0
2002-04-23,166322300.0
2002-04-24,128804300.0
2002-04-25,252960300.0
2002-04-26,197862600.0
2002-04-27,200034300.0
2002-04-28,173905500.0
2002-04-29,165183500.0
2002-04-30,144368000.0
2002-05-01,142380700.0
2002-05-02,158111500.0
2002-05-03,122519500.0
2002-05-04,133326100.0
2002-05-05,99752600.0
2002-05-06,82443500.0
2002-05-07,101453200.0
2002-05-08,89550200.0
2002-05-09,77517900.0
2002-05-10,106963600.0
2002-05-11,98069500.0
2002-05-12,90085000.0
2002-05-13,341893100.0
2002-05-14,163581900.0
2002-05-15,138597300.0
2002-05-16,176078700.0
2002-05-17,211193600.0
2002-05-18,223761800.0
2002-05-19,154351800.0
2002-05-20,124347800.0
2002-05-21,112154000.0
2002-05-22,115425400.0
2002-05-23,132625100.0
2002-05-24,119036400.0
2002-05-25,161404600.0
2002-05-26,176932800.0
2002-05-27,212215300.0
2002-05-28,198539200.0
2002-05-29,209323300.0
2002-05-30,212007400.0
2002-05-31,283451200.0
2002-06-01,194178500.0
2002-06-02,254576000.0
2002-06-03,168222600.0
2002-06-04,179774000.0
2002-06-05,189819800.0
2002-06-06,219665000.0
2002-06-07,311503800.0
2002-06-08,221253400.0
2002-06-09,330508800.0
2002-06-10,272513000.0
2002-06-11,348586600.0
2002-06-12,193626100.0
2002-06-13,211161800.0
2002-06-14,148313500.0
2002-06-15,137844500.0
2002-06-16,143983800.0
2002-06-17,145348200.0
2002-06-18,150563200.0
2002-06-19,144866000.0
2002-06-20,172935900.0
2002-06-21,176700200.0
2002-06-22,306995400.0
2002-06-23,214094600.0
2002-06-24,241904700.0
2002-06-25,289365000.0
2002-06-26,228429400.0
2002-06-27,171689300.0
2002-06-28,177160500.0
2002-06-29,220269900.0
2002-06-30,230910000.0
2002-07-01,218268600.0
2002-07-02,302832600.0
2002-07-03,174648200.0
2002-07-04,151612800.0
2002-07-05,177881200.0
2002-07-06,203654200.0
2002-07-07,159143800.0
2002-07-08,143885600.0
2002-07-09,124146600.0
2002-07-10,161072900.0
2002-07-11,172946400.0
2002-07-12,125816000.0
2002-07-13,107448600.0
2002-07-14,107429900.0
2002-07-15,106263800.0
2002-07-16,144965100.0
2002-07-17,148794400.0
2002-07-18,146014500.0
2002-07-19,162647900.0
2002-07-20,165519900.0
2002-07-21,181382300.0
2002-07-22,105055600.0
2002-07-23,103783200.0
2002-07-24,130594200.0
2002-07-25,178083900.0
2002-07-26,114890300.0
2002-07-27,97378900.0
2002-07-28,107813300.0
2002-07-29,179245400.0
2002-07-30,130519200.0
2002-07-31,214293800.0
2002-08-01,136230500.0
2002-08-02,115561000.0
2002-08-03,121169800.0
2002-08-04,100935600.0
2002-08-05,170742500.0
2002-08-06,104319600.0
2002-08-07,156910300.0
2002-08-08,117757000.0
2002-08-09,278151100.0
2002-08-10,160555600.0
2002-08-11,130345900.0
2002-08-12,113661300.0
2002-08-13,121775600.0
2002-08-14,153658700.0
2002-08-15,282973300.0
2002-08-16,260084900.0
2002-08-17,199699200.0
2002-08-18,171406000.0
2002-08-19,120246600.0
2002-08-20,176409500.0
2002-08-21,129529000.0
2002-08-22,114579800.0
2002-08-23,152339400.0
2002-08-24,109460400.0
2002-08-25,101564900.0
2002-08-26,106260100.0
2002-08-27,114564800.0
2002-08-28,115415400.0
2002-08-29,145285900.0
2002-08-30,99694500.0
2002-08-31,121863300.0
2002-09-01,124254700.0
2002-09-02,193098300.0
2002-09-03,132202400.0
2002-09-04,139277100.0
2002-09-05,114169200.0
2002-09-06,95807500.0
2002-09-07,116767500.0
2002-09-08,79050600.0
2002-09-09,73679100.0
2002-09-10,98609200.0
2002-09-11,94489600.0
2002-09-12,68733800.0
2002-09-13,93057900.0
2002-09-14,88415400.0
2002-09-15,126616700.0
2002-09-16,130906700.0
2002-09-17,92869600.0
2002-09-18,98456300.0
2002-09-19,100045400.0
2002-09-20,73946400.0
2002-09-21,79701100.0
2002-09-22,58575500.0
2002-09-23,66328300.0
2002-09-24,56186100.0
2002-09-25,97954700.0
2002-09-26,116338900.0
2002-09-27,93733900.0
2002-09-28,202177600.0
2002-09-29,112267500.0
2002-09-30,92546900.0
2002-10-01,80296500.0
2002-10-02,66219600.0
2002-10-03,76987900.0
2002-10-04,54195500.0
2002-10-05,73275900.0
2002-10-06,87680500.0
2002-10-07,79961900.0
2002-10-08,71537100.0
2002-10-09,74028400.0
2002-10-10,62162700.0
2002-10-11,88514700.0
2002-10-12,62717800.0
2002-10-13,62990000.0
2002-10-14,56095000.0
2002-10-15,63819400.0
2002-10-16,58658400.0
2002-10-17,91333000.0
2002-10-18,84606600.0
2002-10-19,75185100.0
2002-10-20,82996900.0
2002-10-21,83045800.0
2002-10-22,82438800.0
2002-10-23,80062800.0
2002-10-24,109316700.0
2002-10-25,107923200.0
2002-10-26,104740200.0
2002-10-27,185381000.0
2002-10-28,157277100.0
2002-10-29,210541500.0
2002-10-30,214042500.0
2002-10-31,151672200.0
2002-11-01,127905800.0
2002-11-02,125140500.0
2002-11-03,114145300.0
2002-11-04,126122100.0
2002-11-05,114075700.0
2002-11-06,102728900.0
2002-11-07,163219700.0
2002-11-08,190889200.0
2002-11-09,127200300.0
2002-11-10,102177800.0
2002-11-11,118372700.0
2002-11-12,92982800.0
2002-11-13,92933100.0
2002-11-14,89475700.0
2002-11-15,82120200.0
2002-11-16,82410500.0
2002-11-17,85771100.0
2002-11-18,83166400.0
2002-11-19,79958100.0
2002-11-20,62119100.0
2002-11-21,70129300.0
2002-11-22,64126600.0
2002-11-23,62077300.0
2002-11-24,80331000.0
2002-11-25,65475900.0
2002-11-26,64196200.0
2002-11-27,81307900.0
2002-11-28,72821400.0
2002-11-29,64132100.0
2002-11-30,59933500.0
2002-12-01,71223400.0
2002-12-02,58597500.0
2002-12-03,63048800.0
2002-12-04,52459900.0
2002-12-05,66223800.0
2002-12-06,68706000.0
2002-12-07,56836200.0
2002-12-08,63247000.0
2002-12-09,67489900.0
2002-12-10,69893500.0
2002-12-11,64145300.0
2002-12-12,56636100.0
2002-12-13,73965600.0
2002-12-14,73420100.0
2002-12-15,113471500.0
2002-12-16,104974300.0
2002-12-17,139935100.0
2002-12-18,144505600.0
2002-12-19,95356000.0
2002-12-20,91713700.0
2002-12-21,85806400.0
2002-12-22,71856700.0
2002-12-23,60424300.0
2002-12-24,60372700.0
2002-12-25,48553300.0
2002-12-26,58347000.0
2002-12-27,66438900.0
2002-12-28,53557400.0
2002-12-29,59063900.0
2002-12-30,51715400.0
2002-12-31,51861800.0
2003-01-01,45515500.0
2003-01-02,46236700.0
2003-01-03,43356200.0
2003-01-04,39060700.0
2003-01-05,39981400.0
2003-01-06,42009900.0
2003-01-07,38872900.0
2003-01-08,35610500.0
2003-01-09,35554100.0
2003-01-10,33640100.0
2003-01-11,35179500.0
2003-01-12,33240200.0
2003-01-13,36464500.0
2003-01-14,35173700.0
2003-01-15,37256600.0
2003-01-16,38374500.0
2003-01-17,35112200.0
2003-01-18,39922900.0
2003-01-19,52130500.0
2003-01-20,51716600.0
2003-01-21,37336200.0
2003-01-22,34317900.0
2003-01-23,32316500.0
2003-01-24,34656700.0
2003-01-25,35129000.0
2003-01-26,32576700.0
2003-01-27,34953300.0
2003-01-28,35125900.0
2003-01-29,28821400.0
2003-01-30,35699700.0
2003-01-31,37571100.0
2003-02-01,37606100.0
2003-02-02,36103100.0
2003-02-03,31838500.0
2003-02-04,28673600.0
2003-02-05,30166500.0
2003-02-06,48323600.0
2003-02-07,32265900.0
2003-02-08,64892500.0
2003-02-09,47438400.0
2003-02-10,51158700.0
2003-02-11,47823500.0
2003-02-12,43347700.0
2003-02-13,44416200.0
2003-02-14,49121000.0
2003-02-15,48830100.0
2003-02-16,35027600.0
2003-02-17,48711600.0
2003-02-18,52174200.0
2003-02-19,43870700.0
2003-02-20,38802200.0
2003-02-21,32172300.0
2003-02-22,28844800.0
2003-02-23,32108700.0
2003-02-24,39758700.0
2003-02-25,38001400.0
2003-02-26,63824300.0
2003-02-27,45670300.0
2003-02-28,44182400.0
2003-03-01,41698300.0
2003-03-02,40126100.0
2003-03-03,44579700.0
2003-03-04,33621400.0
2003-03-05,37510900.0
2003-03-06,31312700.0
2003-03-07,32924300.0
2003-03-08,32252700.0
2003-03-09,26445600.0
2003-03-10,37130400.0
2003-03-11,37731900.0
2003-03-12,31679200.0
2003-03-13,45112200.0
2003-03-14,52127700.0
2003-03-15,57214000.0
2003-03-16,46309100.0
2003-03-17,81036000.0
2003-03-18,79348100.0
2003-03-19,77457600.0
2003-03-20,72483700.0
2003-03-21,96325800.0
2003-03-22,88283100.0
2003-03-23,76490100.0
2003-03-24,63365700.0
2003-03-25,66001100.0
2003-03-26,80459100.0
2003-03-27,88684100.0
2003-03-28,119555000.0
2003-03-29,142048500.0
2003-03-30,101952200.0
2003-03-31,91887400.0
2003-04-01,77805200.0
2003-04-02,67204200.0
2003-04-03,50958800.0
2003-04-04,88310200.0
2003-04-05,66131900.0
2003-04-06,68346400.0
2003-04-07,51532800.0
2003-04-08,60242800.0
2003-04-09,63734400.0
2003-04-10,69695200.0
2003-04-11,70693200.0
2003-04-12,132438100.0
2003-04-13,136892200.0
2003-04-14,220597900.0
2003-04-15,245275100.0
2003-04-16,165475700.0
2003-04-17,138334900.0
2003-04-18,124370800.0
2003-04-19,145720700.0
2003-04-20,122292400.0
2003-04-21,163113700.0
2003-04-22,164492100.0
2003-04-23,165237600.0
2003-04-24,140404700.0
2003-04-25,151783700.0
2003-04-26,139963000.0
2003-04-27,205407300.0
2003-04-28,137674600.0
2003-04-29,150619400.0
2003-04-30,111458700.0
2003-05-01,116995800.0
2003-05-02,94841900.0
2003-05-03,101096900.0
2003-05-04,115621100.0
2003-05-05,114950900.0
2003-05-06,106119700.0
2003-05-07,133780600.0
2003-05-08,125235000.0
2003-05-09,183953400.0
2003-05-10,149106200.0
2003-05-11,160256300.0
2003-05-12,194732100.0
2003-05-13,273637200.0
2003-05-14,188102200.0
2003-05-15,190800900.0
2003-05-16,176547600.0
2003-05-17,181130300.0
2003-05-18,405957300.0
2003-05-19,265123500.0
2003-05-20,198053900.0
2003-05-21,171178600.0
2003-05-22,177092400.0
2003-05-23,152090400.0
2003-05-24,183181200.0
2003-05-25,221350200.0
2003-05-26,165132800.0
2003-05-27,135784200.0
2003-05-28,116710900.0
2003-05-29,130055100.0
2003-05-30,183522500.0
2003-05-31,143229000.0
2003-06-01,130732800.0
2003-06-02,140908500.0
2003-06-03,156214000.0
2003-06-04,124221800.0
2003-06-05,137917700.0
2003-06-06,142534100.0
2003-06-07,168546200.0
2003-06-08,110878200.0
2003-06-09,100062000.0
2003-06-10,87434200.0
2003-06-11,162088600.0
2003-06-12,136690600.0
2003-06-13,214690200.0
2003-06-14,187435200.0
2003-06-15,212450800.0
2003-06-16,147430500.0
2003-06-17,205972700.0
2003-06-18,269450600.0
2003-06-19,196921200.0
2003-06-20,164246900.0
2003-06-21,184666600.0
2003-06-22,188223900.0
2003-06-23,165480000.0
2003-06-24,188164000.0
2003-06-25,213681100.0
2003-06-26,136466100.0
2003-06-27,138641500.0
2003-06-28,128742900.0
2003-06-29,141219100.0
2003-06-30,134484500.0
2003-07-01,162216500.0
2003-07-02,118704000.0
2003-07-03,98730600.0
2003-07-04,105300900.0
2003-07-05,119205800.0
2003-07-06,125293700.0
2003-07-07,128730100.0
2003-07-08,126825500.0
2003-07-09,155865000.0
2003-07-10,121382200.0
2003-07-11,196002200.0
2003-07-12,150569900.0
2003-07-13,163842500.0
2003-07-14,143236400.0
2003-07-15,111937100.0
2003-07-16,105086200.0
2003-07-17,158793800.0
2003-07-18,143066600.0
2003-07-19,117596900.0
2003-07-20,113937000.0
2003-07-21,139167800.0
2003-07-22,179123500.0
2003-07-23,162072000.0
2003-07-24,143037700.0
2003-07-25,164390700.0
2003-07-26,178477200.0
2003-07-27,180830000.0
2003-07-28,146478600.0
2003-07-29,116147900.0
2003-07-30,174909300.0
2003-07-31,206726200.0
2003-08-01,194400200.0
2003-08-02,186567700.0
2003-08-03,243301800.0
2003-08-04,141649700.0
2003-08-05,114506800.0
2003-08-06,105171900.0
2003-08-07,102489800.0
2003-08-08,124779300.0
2003-08-09,106325700.0
2003-08-10,90481600.0
2003-08-11,83087200.0
2003-08-12,79341600.0
2003-08-13,114138700.0
2003-08-14,120892700.0
2003-08-15,111949500.0
2003-08-16,91576500.0
2003-08-17,130560800.0
2003-08-18,107073200.0
2003-08-19,103525300.0
2003-08-20,139993500.0
2003-08-21,111788200.0
2003-08-22,126149400.0
2003-08-23,120838300.0
2003-08-24,118997800.0
2003-08-25,84586100.0
2003-08-26,157109800.0
2003-08-27,189889900.0
2003-08-28,165051900.0
2003-08-29,153473900.0
2003-08-30,114710800.0
2003-08-31,91966500.0
2003-09-01,87783600.0
2003-09-02,108374800.0
2003-09-03,102995900.0
2003-09-04,93897900.0
2003-09-05,122802200.0
2003-09-06,144710900.0
2003-09-07,128170300.0
2003-09-08,128966100.0
2003-09-09,132776300.0
2003-09-10,132526300.0
2003-09-11,180572100.0
2003-09-12,123352300.0
2003-09-13,118046700.0
2003-09-14,94142500.0
2003-09-15,102428500.0
2003-09-16,98707400.0
2003-09-17,104797100.0
2003-09-18,113726300.0
2003-09-19,98587500.0
2003-09-20,128103900.0
2003-09-21,102115200.0
2003-09-22,104052000.0
2003-09-23,104820600.0
2003-09-24,114105600.0
2003-09-25,113285000.0
2003-09-26,126905500.0
2003-09-27,132667500.0
2003-09-28,121780800.0
2003-09-29,111507100.0
2003-09-30,134952800.0
2003-10-01,188345400.0
2003-10-02,108227600.0
2003-10-03,100736800.0
2003-10-04,110283600.0
2003-10-05,128905800.0
2003-10-06,120736500.0
2003-10-07,111983900.0
2003-10-08,115400600.0
2003-10-09,150494500.0
2003-10-10,163581600.0
2003-10-11,201242900.0
2003-10-12,120604900.0
2003-10-13,130496700.0
2003-10-14,160291500.0
2003-10-15,164336600.0
2003-10-16,168406200.0
2003-10-17,132831800.0
2003-10-18,127039600.0
2003-10-19,120392900.0
2003-10-20,193884400.0
2003-10-21,204484600.0
2003-10-22,130470500.0
2003-10-23,114576600.0
2003-10-24,130943200.0
2003-10-25,125448200.0
2003-10-26,112785800.0
2003-10-27,131952800.0
2003-10-28,155586400.0
2003-10-29,177395900.0
2003-10-30,215969200.0
2003-10-31,202696700.0
2003-11-01,158322900.0
2003-11-02,163596500.0
2003-11-03,144616600.0
2003-11-04,117148800.0
2003-11-05,107975500.0
2003-11-06,126121800.0
2003-11-07,122928600.0
2003-11-08,140265800.0
2003-11-09,123161000.0
2003-11-10,138786800.0
2003-11-11,155775700.0
2003-11-12,150416500.0
2003-11-13,127602200.0
2003-11-14,130584600.0
2003-11-15,184119400.0
2003-11-16,117386900.0
2003-11-17,102015000.0
2003-11-18,108378600.0
2003-11-19,98138300.0
2003-11-20,126259800.0
2003-11-21,116399600.0
2003-11-22,133986700.0
2003-11-23,126224600.0
2003-11-24,159615500.0
2003-11-25,136132300.0
2003-11-26,120218800.0
2003-11-27,117534900.0
2003-11-28,125833700.0
2003-11-29,141966000.0
2003-11-30,136784000.0
2003-12-01,210099800.0
2003-12-02,203994500.0
2003-12-03,218294400.0
2003-12-04,168582900.0
2003-12-05,179379600.0
2003-12-06,174078100.0
2003-12-07,143509300.0
2003-12-08,141159300.0
2003-12-09,112537600.0
2003-12-10,111448700.0
2003-12-11,108979900.0
2003-12-12,95932300.0
2003-12-13,94663500.0
2003-12-14,98113500.0
2003-12-15,97588600.0
2003-12-16,76017000.0
2003-12-17,79733500.0
2003-12-18,81144400.0
2003-12-19,73104200.0
2003-12-20,79777200.0
2003-12-21,95664000.0
2003-12-22,93903900.0
2003-12-23,73160600.0
2003-12-24,72549700.0
2003-12-25,84721100.0
2003-12-26,70602400.0
2003-12-27,97812900.0
2003-12-28,115008200.0
2003-12-29,72770700.0
2003-12-30,70484100.0
2003-12-31,60600900.0
2004-01-01,65224000.0
2004-01-02,62486500.0
2004-01-03,53287900.0
2004-01-04,58656200.0
2004-01-05,65423800.0
2004-01-06,69899700.0
2004-01-07,87806100.0
2004-01-08,87658900.0
2004-01-09,95571700.0
2004-01-10,124714700.0
2004-01-11,100985400.0
2004-01-12,87317100.0
2004-01-13,74336200.0
2004-01-14,69797300.0
2004-01-15,69450500.0
2004-01-16,76158100.0
2004-01-17,87440000.0
2004-01-18,73525300.0
2004-01-19,65448900.0
2004-01-20,66452400.0
2004-01-21,56881000.0
2004-01-22,67654500.0
2004-01-23,66635600.0
2004-01-24,52416900.0
2004-01-25,50505600.0
2004-01-26,48085900.0
2004-01-27,54994300.0
2004-01-28,42571700.0
2004-01-29,45617700.0
2004-01-30,41597400.0
2004-01-31,41232600.0
2004-02-01,40897600.0
2004-02-02,41612600.0
2004-02-03,37252700.0
2004-02-04,40639900.0
2004-02-05,40485200.0
2004-02-06,37203200.0
2004-02-07,33535200.0
2004-02-08,34154400.0
2004-02-09,36655200.0
2004-02-10,38033300.0
2004-02-11,36674100.0
2004-02-12,46779000.0
2004-02-13,55688000.0
2004-02-14,45197400.0
2004-02-15,38587700.0
2004-02-16,37255600.0
2004-02-17,37162700.0
2004-02-18,38459600.0
2004-02-19,54265800.0
2004-02-20,52779200.0
2004-02-21,52844300.0
2004-02-22,80910600.0
2004-02-23,84512000.0
2004-02-24,109831400.0
2004-02-25,89748300.0
2004-02-26,81632400.0
2004-02-27,68032300.0
2004-02-28,90890200.0
2004-02-29,81495600.0
2004-03-01,148007200.0
2004-03-02,110918700.0
2004-03-03,112368100.0
2004-03-04,72984900.0
2004-03-05,57327500.0
2004-03-06,70205600.0
2004-03-07,61894900.0
2004-03-08,55259800.0
2004-03-09,53776200.0
2004-03-10,55905000.0
2004-03-11,131319000.0
2004-03-12,96912100.0
2004-03-13,65409800.0
2004-03-14,70718300.0
2004-03-15,99216400.0
2004-03-16,55507500.0
2004-03-17,56711800.0
2004-03-18,44573000.0
2004-03-19,47943800.0
2004-03-20,45485900.0
2004-03-21,45580900.0
2004-03-22,43777200.0
2004-03-23,49608800.0
2004-03-24,86882400.0
2004-03-25,95279000.0
2004-03-26,87221100.0
2004-03-27,105126400.0
2004-03-28,106909500.0
2004-03-29,75263600.0
2004-03-30,69630200.0
2004-03-31,78152500.0
2004-04-01,75369200.0
2004-04-02,80554000.0
2004-04-03,166976800.0
2004-04-04,113312800.0
2004-04-05,87159000.0
2004-04-06,76609100.0
2004-04-07,60069300.0
2004-04-08,70866600.0
2004-04-09,62342800.0
2004-04-10,82120100.0
2004-04-11,74040600.0
2004-04-12,78147800.0
2004-04-13,84722500.0
2004-04-14,106692600.0
2004-04-15,171986400.0
2004-04-16,122088700.0
2004-04-17,120945700.0
2004-04-18,110098100.0
2004-04-19,128408100.0
2004-04-20,129225000.0
2004-04-21,136901000.0
2004-04-22,146170800.0
2004-04-23,258639200.0
2004-04-24,185721600.0
2004-04-25,177977400.0
2004-04-26,154475200.0
2004-04-27,166367100.0
2004-04-28,177561400.0
2004-04-29,128580000.0
2004-04-30,153890300.0
2004-05-01,153417100.0
2004-05-02,173016300.0
2004-05-03,169380900.0
2004-05-04,179455200.0
2004-05-05,182723500.0
2004-05-06,192084200.0
2004-05-07,181463400.0
2004-05-08,188861600.0
2004-05-09,377657300.0
2004-05-10,283170600.0
2004-05-11,175994100.0
2004-05-12,176119800.0
2004-05-13,166613800.0
2004-05-14,202882500.0
2004-05-15,141781000.0
2004-05-16,137898800.0
2004-05-17,190938500.0
2004-05-18,141771800.0
2004-05-19,226511000.0
2004-05-20,302824600.0
2004-05-21,194894000.0
2004-05-22,190141800.0
2004-05-23,182081900.0
2004-05-24,184556300.0
2004-05-25,144762900.0
2004-05-26,159255600.0
2004-05-27,204511900.0
2004-05-28,170403000.0
2004-05-29,196042700.0
2004-05-30,199402700.0
2004-05-31,166210000.0
2004-06-01,214245900.0
2004-06-02,209057700.0
2004-06-03,271409100.0
2004-06-04,353093500.0
2004-06-05,322486800.0
2004-06-06,356444600.0
2004-06-07,229372100.0
2004-06-08,188128900.0
2004-06-09,251602200.0
2004-06-10,167335300.0
2004-06-11,138723300.0
2004-06-12,215339100.0
2004-06-13,188601300.0
2004-06-14,162145100.0
2004-06-15,254150100.0
2004-06-16,365462600.0
2004-06-17,246647100.0
2004-06-18,207389400.0
2004-06-19,216824600.0
2004-06-20,196306200.0
2004-06-21,179990300.0
2004-06-22,156409500.0
2004-06-23,160985900.0
2004-06-24,246644300.0
2004-06-25,172077300.0
2004-06-26,140509300.0
2004-06-27,135069500.0
2004-06-28,251265800.0
2004-06-29,155637900.0
2004-06-30,142842800.0
2004-07-01,144322800.0
2004-07-02,145020800.0
2004-07-03,118167400.0
2004-07-04,195716400.0
2004-07-05,192443700.0
2004-07-06,142092600.0
2004-07-07,162604800.0
2004-07-08,143290300.0
2004-07-09,126025600.0
2004-07-10,113615400.0
2004-07-11,150800400.0
2004-07-12,242001200.0
2004-07-13,250468100.0
2004-07-14,171449900.0
2004-07-15,171819000.0
2004-07-16,206060400.0
2004-07-17,128579600.0
2004-07-18,109856600.0
2004-07-19,186130200.0
2004-07-20,136019800.0
2004-07-21,201281900.0
2004-07-22,234577500.0
2004-07-23,142755000.0
2004-07-24,151776600.0
2004-07-25,130535400.0
2004-07-26,122721700.0
2004-07-27,168736600.0
2004-07-28,192580000.0
2004-07-29,163077900.0
2004-07-30,136177100.0
2004-07-31,306357700.0
2004-08-01,183999100.0
2004-08-02,127142500.0
2004-08-03,116838200.0
2004-08-04,225917600.0
2004-08-05,186511900.0
2004-08-06,183247100.0
2004-08-07,145083200.0
2004-08-08,164965600.0
2004-08-09,164737300.0
2004-08-10,131086000.0
2004-08-11,155957700.0
2004-08-12,171080100.0
2004-08-13,148024300.0
2004-08-14,182226400.0
2004-08-15,137629200.0
2004-08-16,119431400.0
2004-08-17,107569500.0
2004-08-18,188128200.0
2004-08-19,139773300.0
2004-08-20,191820700.0
2004-08-21,159555600.0
2004-08-22,132091900.0
2004-08-23,104940400.0
2004-08-24,100261400.0
2004-08-25,180119800.0
2004-08-26,147134800.0
2004-08-27,148274800.0
2004-08-28,124155500.0
2004-08-29,113251000.0
2004-08-30,129132700.0
2004-08-31,175216500.0
2004-09-01,173525400.0
2004-09-02,112282500.0
2004-09-03,88377400.0
2004-09-04,139562700.0
2004-09-05,220260800.0
2004-09-06,128726600.0
2004-09-07,116369700.0
2004-09-08,126533500.0
2004-09-09,129029000.0
2004-09-10,156417300.0
2004-09-11,164556100.0
2004-09-12,144866800.0
2004-09-13,121615300.0
2004-09-14,136414800.0
2004-09-15,133437800.0
2004-09-16,121280100.0
2004-09-17,140653600.0
2004-09-18,133022500.0
2004-09-19,130081600.0
2004-09-20,139248500.0
2004-09-21,124100500.0
2004-09-22,113587100.0
2004-09-23,106570600.0
2004-09-24,119285900.0
2004-09-25,121892000.0
2004-09-26,147834700.0
2004-09-27,174978300.0
2004-09-28,155313500.0
2004-09-29,137351800.0
2004-09-30,143108600.0
2004-10-01,174576300.0
2004-10-02,118373100.0
2004-10-03,107912000.0
2004-10-04,139676400.0
2004-10-05,106958500.0
2004-10-06,139992200.0
2004-10-07,154802700.0
2004-10-08,121892400.0
2004-10-09,109126700.0
2004-10-10,102177400.0
2004-10-11,118536700.0
2004-10-12,119567100.0
2004-10-13,116328900.0
2004-10-14,106985600.0
2004-10-15,85787600.0
2004-10-16,92716800.0
2004-10-17,134208100.0
2004-10-18,192717500.0
2004-10-19,146947800.0
2004-10-20,161767400.0
2004-10-21,176001800.0
2004-10-22,137069800.0
2004-10-23,157926700.0
2004-10-24,150888900.0
2004-10-25,234658900.0
2004-10-26,153438500.0
2004-10-27,179148500.0
2004-10-28,190793200.0
2004-10-29,193101600.0
2004-10-30,194422900.0
2004-10-31,207546700.0
2004-11-01,165439500.0
2004-11-02,172115500.0
2004-11-03,167814500.0
2004-11-04,153843500.0
2004-11-05,154245400.0
2004-11-06,187121100.0
2004-11-07,208578200.0
2004-11-08,218592300.0
2004-11-09,182323200.0
2004-11-10,179098300.0
2004-11-11,135450600.0
2004-11-12,133870000.0
2004-11-13,149701000.0
2004-11-14,218018300.0
2004-11-15,211720200.0
2004-11-16,180851900.0
2004-11-17,209934100.0
2004-11-18,231230300.0
2004-11-19,225193600.0
2004-11-20,217307400.0
2004-11-21,158072800.0
2004-11-22,142101200.0
2004-11-23,138850700.0
2004-11-24,141767200.0
2004-11-25,145206000.0
2004-11-26,152602100.0
2004-11-27,135618700.0
2004-11-28,116440100.0
2004-11-29,116136000.0
2004-11-30,112886400.0
2004-12-01,118425400.0
2004-12-02,132423400.0
2004-12-03,116409900.0
2004-12-04,95776700.0
2004-12-05,96171800.0
2004-12-06,98558100.0
2004-12-07,127273200.0
2004-12-08,123949400.0
2004-12-09,106723800.0
2004-12-10,101359100.0
2004-12-11,111316400.0
2004-12-12,120229600.0
2004-12-13,108320000.0
2004-12-14,102098000.0
2004-12-15,121232500.0
2004-12-16,109611500.0
2004-12-17,96834200.0
2004-12-18,102675400.0
2004-12-19,85989700.0
2004-12-20,87426600.0
2004-12-21,81415700.0
2004-12-22,75105700.0
2004-12-23,74302300.0
2004-12-24,68696300.0
2004-12-25,77786900.0
2004-12-26,81281300.0
2004-12-27,71979500.0
2004-12-28,69484800.0
2004-12-29,73476000.0
2004-12-30,68734100.0
2004-12-31,62239300.0
2005-01-01,68310700.0
2005-01-02,69843300.0
2005-01-03,68684300.0
2005-01-04,72951200.0
2005-01-05,69390300.0
2005-01-06,82688000.0
2005-01-07,75437000.0
2005-01-08,75250600.0
2005-01-09,83113100.0
2005-01-10,94106500.0
2005-01-11,89373700.0
2005-01-12,93738000.0
2005-01-13,76274100.0
2005-01-14,70751700.0
2005-01-15,89621800.0
2005-01-16,77847900.0
2005-01-17,77327300.0
2005-01-18,67628400.0
2005-01-19,69683200.0
2005-01-20,74555400.0
2005-01-21,67991400.0
2005-01-22,63319900.0
2005-01-23,57941300.0
2005-01-24,59383000.0
2005-01-25,63651500.0
2005-01-26,57915600.0
2005-01-27,48974400.0
2005-01-28,59608300.0
2005-01-29,66188900.0
2005-01-30,75520900.0
2005-01-31,58602500.0
2005-02-01,62593100.0
2005-02-02,56558600.0
2005-02-03,64481400.0
2005-02-04,55017200.0
2005-02-05,69732600.0
2005-02-06,69636900.0
2005-02-07,66709100.0
2005-02-08,73810200.0
2005-02-09,75141400.0
2005-02-10,97582400.0
2005-02-11,108671700.0
2005-02-12,181242500.0
2005-02-13,114101800.0
2005-02-14,76057200.0
2005-02-15,70756900.0
2005-02-16,71749000.0
2005-02-17,68886000.0
2005-02-18,73186000.0
2005-02-19,60697500.0
2005-02-20,65808500.0
2005-02-21,60034700.0
2005-02-22,53887900.0
2005-02-23,51516400.0
2005-02-24,54047500.0
2005-02-25,46756200.0
2005-02-26,57546500.0
2005-02-27,47441200.0
2005-02-28,51657800.0
2005-03-01,57804800.0
2005-03-02,54844100.0
2005-03-03,65191300.0
2005-03-04,78406500.0
2005-03-05,74470000.0
2005-03-06,63834400.0
2005-03-07,64311700.0
2005-03-08,54252000.0
2005-03-09,60610100.0
2005-03-10,62723300.0
2005-03-11,52554100.0
2005-03-12,53459700.0
2005-03-13,50864200.0
2005-03-14,45531000.0
2005-03-15,44936000.0
2005-03-16,47815800.0
2005-03-17,49884800.0
2005-03-18,61562200.0
2005-03-19,64403900.0
2005-03-20,76770200.0
2005-03-21,65482200.0
2005-03-22,47450400.0
2005-03-23,48229700.0
2005-03-24,109431500.0
2005-03-25,65818100.0
2005-03-26,60248100.0
2005-03-27,79093200.0
2005-03-28,58691500.0
2005-03-29,63743800.0
2005-03-30,55819800.0
2005-03-31,66686000.0
2005-04-01,63813600.0
2005-04-02,71087300.0
2005-04-03,106866200.0
2005-04-04,74044700.0
2005-04-05,87059300.0
2005-04-06,103758100.0
2005-04-07,99058900.0
2005-04-08,125461700.0
2005-04-09,153524200.0
2005-04-10,97471700.0
2005-04-11,99256600.0
2005-04-12,93831100.0
2005-04-13,94912500.0
2005-04-14,104314300.0
2005-04-15,185467800.0
2005-04-16,95629600.0
2005-04-17,170325800.0
2005-04-18,100788700.0
2005-04-19,101796800.0
2005-04-20,118858300.0
2005-04-21,104424600.0
2005-04-22,153595600.0
2005-04-23,156351200.0
2005-04-24,150011900.0
2005-04-25,164995900.0
2005-04-26,166283900.0
2005-04-27,136360800.0
2005-04-28,112654800.0
2005-04-29,104545300.0
2005-04-30,92372000.0
2005-05-01,105107900.0
2005-05-02,150827800.0
2005-05-03,148444700.0
2005-05-04,189271300.0
2005-05-05,164120600.0
2005-05-06,196052200.0
2005-05-07,173230000.0
2005-05-08,190743200.0
2005-05-09,153340700.0
2005-05-10,156963300.0
2005-05-11,136604200.0
2005-05-12,205142100.0
2005-05-13,145336200.0
2005-05-14,291506900.0
2005-05-15,201043300.0
2005-05-16,245708600.0
2005-05-17,261872100.0
2005-05-18,204216100.0
2005-05-19,228577800.0
2005-05-20,156878400.0
2005-05-21,142285800.0
2005-05-22,168383800.0
2005-05-23,300825600.0
2005-05-24,199222700.0
2005-05-25,155875200.0
2005-05-26,166784100.0
2005-05-27,203951100.0
2005-05-28,153536200.0
2005-05-29,129375400.0
2005-05-30,123692800.0
2005-05-31,169032800.0
2005-06-01,189560000.0
2005-06-02,207061900.0
2005-06-03,182944100.0
2005-06-04,144700400.0
2005-06-05,257922900.0
2005-06-06,292425800.0
2005-06-07,317865500.0
2005-06-08,201936000.0
2005-06-09,205732200.0
2005-06-10,159811100.0
2005-06-11,210155700.0
2005-06-12,189160800.0
2005-06-13,138313700.0
2005-06-14,129817100.0
2005-06-15,192319400.0
2005-06-16,127701500.0
2005-06-17,111194900.0
2005-06-18,112297700.0
2005-06-19,103974800.0
2005-06-20,129330400.0
2005-06-21,106906000.0
2005-06-22,109568300.0
2005-06-23,104928000.0
2005-06-24,135146900.0
2005-06-25,118513500.0
2005-06-26,100991600.0
2005-06-27,104842800.0
2005-06-28,109804100.0
2005-06-29,203237000.0
2005-06-30,146320900.0
2005-07-01,119465600.0
2005-07-02,98145000.0
2005-07-03,115209500.0
2005-07-04,101380000.0
2005-07-05,131469400.0
2005-07-06,133138300.0
2005-07-07,130267500.0
2005-07-08,97676000.0
2005-07-09,98250600.0
2005-07-10,79072800.0
2005-07-11,71243000.0
2005-07-12,78381200.0
2005-07-13,83830100.0
2005-07-14,103931800.0
2005-07-15,114739900.0
2005-07-16,90726600.0
2005-07-17,108371600.0
2005-07-18,137391000.0
2005-07-19,186432300.0
2005-07-20,134925300.0
2005-07-21,131920400.0
2005-07-22,124076600.0
2005-07-23,120210800.0
2005-07-24,130197400.0
2005-07-25,128306300.0
2005-07-26,100788400.0
2005-07-27,124957400.0
2005-07-28,133161600.0
2005-07-29,119716900.0
2005-07-30,108137900.0
2005-07-31,104541900.0
2005-08-01,157730700.0
2005-08-02,130517200.0
2005-08-03,136462500.0
2005-08-04,153797700.0
2005-08-05,133272400.0
2005-08-06,108237500.0
2005-08-07,103067100.0
2005-08-08,114357500.0
2005-08-09,136846800.0
2005-08-10,120300900.0
2005-08-11,109381800.0
2005-08-12,99453000.0
2005-08-13,89238600.0
2005-08-14,99049200.0
2005-08-15,125130800.0
2005-08-16,128526100.0
2005-08-17,160788700.0
2005-08-18,143582400.0
2005-08-19,164220900.0
2005-08-20,136743900.0
2005-08-21,134516200.0
2005-08-22,142899500.0
2005-08-23,132919900.0
2005-08-24,160548500.0
2005-08-25,139239500.0
2005-08-26,102889800.0
2005-08-27,110350200.0
2005-08-28,124388800.0
2005-08-29,96201200.0
2005-08-30,104972800.0
2005-08-31,110071700.0
2005-09-01,133427400.0
2005-09-02,130465800.0
2005-09-03,159116900.0
2005-09-04,114409300.0
2005-09-05,97119500.0
2005-09-06,133622000.0
2005-09-07,215211200.0
2005-09-08,119878000.0
2005-09-09,101781700.0
2005-09-10,96614400.0
2005-09-11,182020200.0
2005-09-12,129074900.0
2005-09-13,121099500.0
2005-09-14,190278400.0
2005-09-15,157898600.0
2005-09-16,188804700.0
2005-09-17,124641100.0
2005-09-18,107577000.0
2005-09-19,103325000.0
2005-09-20,102659900.0
2005-09-21,122176400.0
2005-09-22,97351100.0
2005-09-23,135540100.0
2005-09-24,117182800.0
2005-09-25,122252600.0
2005-09-26,142295800.0
2005-09-27,148886900.0
2005-09-28,237079400.0
2005-09-29,125930500.0
2005-09-30,154394800.0
2005-10-01,165824200.0
2005-10-02,112482300.0
2005-10-03,130719600.0
2005-10-04,113807300.0
2005-10-05,109953300.0
2005-10-06,115059700.0
2005-10-07,117524500.0
2005-10-08,97716500.0
2005-10-09,121617200.0
2005-10-10,122146300.0
2005-10-11,137441200.0
2005-10-12,135309100.0
2005-10-13,112356700.0
2005-10-14,132870600.0
2005-10-15,169410500.0
2005-10-16,179183400.0
2005-10-17,175117000.0
2005-10-18,141157200.0
2005-10-19,126936500.0
2005-10-20,196664800.0
2005-10-21,132493400.0
2005-10-22,138530600.0
2005-10-23,147137400.0
2005-10-24,202624100.0
2005-10-25,257717000.0
2005-10-26,190176300.0
2005-10-27,175890300.0
2005-10-28,247102700.0
2005-10-29,238196700.0
2005-10-30,189954200.0
2005-10-31,167878100.0
2005-11-01,292976500.0
2005-11-02,245541000.0
2005-11-03,164992400.0
2005-11-04,190673100.0
2005-11-05,141374800.0
2005-11-06,159969200.0
2005-11-07,148654400.0
2005-11-08,151004000.0
2005-11-09,190770100.0
2005-11-10,257808200.0
2005-11-11,229701100.0
2005-11-12,195097600.0
2005-11-13,253315200.0
2005-11-14,186988200.0
2005-11-15,263726800.0
2005-11-16,227222600.0
2005-11-17,195396200.0
2005-11-18,183669100.0
2005-11-19,168219200.0
2005-11-20,145851000.0
2005-11-21,191580600.0
2005-11-22,252983900.0
2005-11-23,211467600.0
2005-11-24,185074600.0
2005-11-25,156381900.0
2005-11-26,149506800.0
2005-11-27,135025600.0
2005-11-28,118641800.0
2005-11-29,116620800.0
2005-11-30,103671900.0
2005-12-01,105098000.0
2005-12-02,103434500.0
2005-12-03,97935900.0
2005-12-04,95035700.0
2005-12-05,110210100.0
2005-12-06,114115000.0
2005-12-07,96656000.0
2005-12-08,102827800.0
2005-12-09,101052400.0
2005-12-10,85468200.0
2005-12-11,84398500.0
2005-12-12,99846200.0
2005-12-13,86865500.0
2005-12-14,97304700.0
2005-12-15,90166300.0
2005-12-16,97993100.0
2005-12-17,97333200.0
2005-12-18,95004600.0
2005-12-19,91117400.0
2005-12-20,95927200.0
2005-12-21,110157700.0
2005-12-22,92381900.0
2005-12-23,91233400.0
2005-12-24,90989400.0
2005-12-25,116165000.0
2005-12-26,95602500.0
2005-12-27,79028500.0
2005-12-28,66004900.0
2005-12-29,68407000.0
2005-12-30,60551500.0
2005-12-31,51706900.0
2006-01-01,55184600.0
2006-01-02,59730700.0
2006-01-03,61142900.0
2006-01-04,79214300.0
2006-01-05,88597700.0
2006-01-06,94461100.0
2006-01-07,108657300.0
2006-01-08,112494400.0
2006-01-09,94557000.0
2006-01-10,86498700.0
2006-01-11,87764200.0
2006-01-12,83160200.0
2006-01-13,74247100.0
2006-01-14,65785500.0
2006-01-15,74290900.0
2006-01-16,70511700.0
2006-01-17,66102500.0
2006-01-18,68670800.0
2006-01-19,67291900.0
2006-01-20,57585000.0
2006-01-21,58336300.0
2006-01-22,53935400.0
2006-01-23,57463600.0
2006-01-24,58991300.0
2006-01-25,58849700.0
2006-01-26,53252400.0
2006-01-27,82678200.0
2006-01-28,75381400.0
2006-01-29,137833800.0
2006-01-30,81688900.0
2006-01-31,89446000.0
2006-02-01,92574700.0
2006-02-02,111215400.0
2006-02-03,145992300.0
2006-02-04,116591600.0
2006-02-05,90908700.0
2006-02-06,77668000.0
2006-02-07,66393600.0
2006-02-08,72276900.0
2006-02-09,62708000.0
2006-02-10,55334000.0
2006-02-11,55415700.0
2006-02-12,63232400.0
2006-02-13,55996700.0
2006-02-14,53014800.0
2006-02-15,51493600.0
2006-02-16,45488700.0
2006-02-17,51237100.0
2006-02-18,51364400.0
2006-02-19,50746200.0
2006-02-20,50540100.0
2006-02-21,50167500.0
2006-02-22,49690200.0
2006-02-23,45319000.0
2006-02-24,43406800.0
2006-02-25,44449400.0
2006-02-26,50416000.0
2006-02-27,64705800.0
2006-02-28,59917000.0
2006-03-01,47732300.0
2006-03-02,53955500.0
2006-03-03,48762700.0
2006-03-04,52549900.0
2006-03-05,55229600.0
2006-03-06,79366500.0
2006-03-07,147680400.0
2006-03-08,101659200.0
2006-03-09,152793900.0
2006-03-10,114814400.0
2006-03-11,93084600.0
2006-03-12,90305400.0
2006-03-13,87012000.0
2006-03-14,86938600.0
2006-03-15,91716200.0
2006-03-16,87115200.0
2006-03-17,130058300.0
2006-03-18,131595300.0
2006-03-19,115234200.0
2006-03-20,102444000.0
2006-03-21,122144800.0
2006-03-22,152047500.0
2006-03-23,153851100.0
2006-03-24,178170100.0
2006-03-25,164378600.0
2006-03-26,171770700.0
2006-03-27,144041400.0
2006-03-28,167514400.0
2006-03-29,118396700.0
2006-03-30,111046000.0
2006-03-31,106724800.0
2006-04-01,83276200.0
2006-04-02,84847100.0
2006-04-03,109002400.0
2006-04-04,122930500.0
2006-04-05,112838700.0
2006-04-06,186889800.0
2006-04-07,245296100.0
2006-04-08,198040800.0
2006-04-09,158351500.0
2006-04-10,131603700.0
2006-04-11,164284300.0
2006-04-12,184442200.0
2006-04-13,231461400.0
2006-04-14,255580600.0
2006-04-15,171777000.0
2006-04-16,157497000.0
2006-04-17,162958600.0
2006-04-18,217483500.0
2006-04-19,204908300.0
2006-04-20,201854000.0
2006-04-21,161937100.0
2006-04-22,129676100.0
2006-04-23,226330900.0
2006-04-24,173848000.0
2006-04-25,157020200.0
2006-04-26,255465500.0
2006-04-27,254155800.0
2006-04-28,195379500.0
2006-04-29,189636300.0
2006-04-30,258292200.0
2006-05-01,208984300.0
2006-05-02,228691300.0
2006-05-03,232204500.0
2006-05-04,266222800.0
2006-05-05,279967900.0
2006-05-06,280529100.0
2006-05-07,277254300.0
2006-05-08,248354400.0
2006-05-09,296665000.0
2006-05-10,344231700.0
2006-05-11,313688300.0
2006-05-12,270499700.0
2006-05-13,237424300.0
2006-05-14,192308700.0
2006-05-15,185379300.0
2006-05-16,185943500.0
2006-05-17,277953800.0
2006-05-18,224133400.0
2006-05-19,292297000.0
2006-05-20,204264400.0
2006-05-21,171947300.0
2006-05-22,166439100.0
2006-05-23,145130200.0
2006-05-24,169098200.0
2006-05-25,157643000.0
2006-05-26,225369400.0
2006-05-27,170711200.0
2006-05-28,172369800.0
2006-05-29,168901000.0
2006-05-30,137567200.0
2006-05-31,141182100.0
2006-06-01,249083200.0
2006-06-02,230734500.0
2006-06-03,283916400.0
2006-06-04,189666500.0
2006-06-05,209948700.0
2006-06-06,223416600.0
2006-06-07,241036100.0
2006-06-08,248144400.0
2006-06-09,216503000.0
2006-06-10,245966500.0
2006-06-11,210729700.0
2006-06-12,255099500.0
2006-06-13,217188100.0
2006-06-14,192569900.0
2006-06-15,229496500.0
2006-06-16,205808200.0
2006-06-17,171233900.0
2006-06-18,204259100.0
2006-06-19,184472800.0
2006-06-20,202968500.0
2006-06-21,257563000.0
2006-06-22,190360300.0
2006-06-23,174818900.0
2006-06-24,153132200.0
2006-06-25,137501700.0
2006-06-26,128199700.0
2006-06-27,188571700.0
2006-06-28,158088200.0
2006-06-29,166333400.0
2006-06-30,152418700.0
2006-07-01,194566200.0
2006-07-02,169168900.0
2006-07-03,197630800.0
2006-07-04,203534200.0
2006-07-05,155506600.0
2006-07-06,177239800.0
2006-07-07,160137200.0
2006-07-08,134567700.0
2006-07-09,130353500.0
2006-07-10,129784500.0
2006-07-11,125291800.0
2006-07-12,134094200.0
2006-07-13,148358600.0
2006-07-14,192455200.0
2006-07-15,208236600.0
2006-07-16,196563500.0
2006-07-17,144707700.0
2006-07-18,153846400.0
2006-07-19,158906000.0
2006-07-20,129147000.0
2006-07-21,151597600.0
2006-07-22,142346300.0
2006-07-23,151067600.0
2006-07-24,162959500.0
2006-07-25,129506100.0
2006-07-26,115159800.0
2006-07-27,136388500.0
2006-07-28,189490300.0
2006-07-29,130363100.0
2006-07-30,124249000.0
2006-07-31,133928200.0
2006-08-01,98876900.0
2006-08-02,137923500.0
2006-08-03,106420600.0
2006-08-04,95356500.0
2006-08-05,94665700.0
2006-08-06,90042000.0
2006-08-07,97490100.0
2006-08-08,137094000.0
2006-08-09,128813000.0
2006-08-10,91512500.0
2006-08-11,159012400.0
2006-08-12,113254500.0
2006-08-13,83751900.0
2006-08-14,80883600.0
2006-08-15,115380900.0
2006-08-16,129652300.0
2006-08-17,144748400.0
2006-08-18,180729000.0
2006-08-19,123228200.0
2006-08-20,116212400.0
2006-08-21,152374100.0
2006-08-22,104884900.0
2006-08-23,104949500.0
2006-08-24,118501000.0
2006-08-25,125272700.0
2006-08-26,150799400.0
2006-08-27,121082200.0
2006-08-28,119452700.0
2006-08-29,98474900.0
2006-08-30,119822100.0
2006-08-31,99818800.0
2006-09-01,99870800.0
2006-09-02,88192900.0
2006-09-03,87705300.0
2006-09-04,90212400.0
2006-09-05,89441900.0
2006-09-06,81908300.0
2006-09-07,107796600.0
2006-09-08,165408900.0
2006-09-09,116493900.0
2006-09-10,93934800.0
2006-09-11,137197100.0
2006-09-12,100630100.0
2006-09-13,148065200.0
2006-09-14,105105500.0
2006-09-15,112850000.0
2006-09-16,105696900.0
2006-09-17,100783500.0
2006-09-18,149886600.0
2006-09-19,142626100.0
2006-09-20,126279600.0
2006-09-21,130649100.0
2006-09-22,124302300.0
2006-09-23,93844400.0
2006-09-24,96738000.0
2006-09-25,91221600.0
2006-09-26,134718800.0
2006-09-27,84001600.0
2006-09-28,75765000.0
2006-09-29,85711200.0
2006-09-30,91656400.0
2006-10-01,103328900.0
2006-10-02,123632300.0
2006-10-03,86382000.0
2006-10-04,122222900.0
2006-10-05,124589000.0
2006-10-06,90895200.0
2006-10-07,84736700.0
2006-10-08,97160300.0
2006-10-09,115183500.0
2006-10-10,109807100.0
2006-10-11,142924300.0
2006-10-12,118631400.0
2006-10-13,155978000.0
2006-10-14,188372200.0
2006-10-15,262495300.0
2006-10-16,210991000.0
2006-10-17,177704700.0
2006-10-18,153085400.0
2006-10-19,177310600.0
2006-10-20,156600500.0
2006-10-21,179194400.0
2006-10-22,177326100.0
2006-10-23,192192100.0
2006-10-24,148678000.0
2006-10-25,182832900.0
2006-10-26,177621600.0
2006-10-27,154071000.0
2006-10-28,191929300.0
2006-10-29,200881600.0
2006-10-30,186312000.0
2006-10-31,241867600.0
2006-11-01,163006000.0
2006-11-02,119650400.0
2006-11-03,111696600.0
2006-11-04,102683700.0
2006-11-05,100661800.0
2006-11-06,105459000.0
2006-11-07,114307800.0
2006-11-08,160650200.0
2006-11-09,152483500.0
2006-11-10,131764600.0
2006-11-11,187820800.0
2006-11-12,227242600.0
2006-11-13,198063700.0
2006-11-14,244500000.0
2006-11-15,406477000.0
2006-11-16,314181600.0
2006-11-17,209596600.0
2006-11-18,181976800.0
2006-11-19,186051900.0
2006-11-20,190435000.0
2006-11-21,184291800.0
2006-11-22,166423800.0
2006-11-23,152254700.0
2006-11-24,167701000.0
2006-11-25,172781500.0
2006-11-26,164184500.0
2006-11-27,137332000.0
2006-11-28,147131600.0
2006-11-29,142399200.0
2006-11-30,116227700.0
2006-12-01,111048600.0
2006-12-02,108666600.0
2006-12-03,114124000.0
2006-12-04,99193900.0
2006-12-05,128306700.0
2006-12-06,140429800.0
2006-12-07,160804600.0
2006-12-08,121016400.0
2006-12-09,149040100.0
2006-12-10,130243800.0
2006-12-11,125050200.0
2006-12-12,159597700.0
2006-12-13,120287200.0
2006-12-14,109165900.0
2006-12-15,143990600.0
2006-12-16,108888300.0
2006-12-17,88601400.0
2006-12-18,97376900.0
2006-12-19,91686900.0
2006-12-20,112304700.0
2006-12-21,90334000.0
2006-12-22,95540800.0
2006-12-23,93874500.0
2006-12-24,80417500.0
2006-12-25,83802900.0
2006-12-26,102897400.0
2006-12-27,109449200.0
2006-12-28,94809100.0
2006-12-29,74309100.0
2006-12-30,73916100.0
2006-12-31,68517600.0
2007-01-01,59371200.0
2007-01-02,70427900.0
2007-01-03,62263500.0
2007-01-04,62285000.0
2007-01-05,65301600.0
2007-01-06,66151700.0
2007-01-07,61555100.0
2007-01-08,69489100.0
2007-01-09,81921700.0
2007-01-10,73605800.0
2007-01-11,58739000.0
2007-01-12,66614500.0
2007-01-13,66372000.0
2007-01-14,77170200.0
2007-01-15,64949600.0
2007-01-16,91489300.0
2007-01-17,110931500.0
2007-01-18,79671700.0
2007-01-19,86596100.0
2007-01-20,78537600.0
2007-01-21,83947500.0
2007-01-22,70957000.0
2007-01-23,71185900.0
2007-01-24,57903300.0
2007-01-25,84385800.0
2007-01-26,84653400.0
2007-01-27,82795100.0
2007-01-28,61802500.0
2007-01-29,53380200.0
2007-01-30,52485400.0
2007-01-31,52916300.0
2007-02-01,50951900.0
2007-02-02,45663200.0
2007-02-03,45890400.0
2007-02-04,42031300.0
2007-02-05,44428500.0
2007-02-06,40314300.0
2007-02-07,40860700.0
2007-02-08,41289000.0
2007-02-09,43929400.0
2007-02-10,45486200.0
2007-02-11,41722200.0
2007-02-12,39095800.0
2007-02-13,38839400.0
2007-02-14,40471800.0
2007-02-15,45380200.0
2007-02-16,52723300.0
2007-02-17,46494000.0
2007-02-18,41846500.0
2007-02-19,47960900.0
2007-02-20,44707400.0
2007-02-21,40634200.0
2007-02-22,39078200.0
2007-02-23,40417100.0
2007-02-24,36574400.0
2007-02-25,48798700.0
2007-02-26,53333100.0
2007-02-27,43220300.0
2007-02-28,40499300.0
2007-03-01,36449100.0
2007-03-02,34987700.0
2007-03-03,34959100.0
2007-03-04,62927600.0
2007-03-05,60440400.0
2007-03-06,47839000.0
2007-03-07,51094900.0
2007-03-08,84348700.0
2007-03-09,94900500.0
2007-03-10,60823300.0
2007-03-11,58033800.0
2007-03-12,47615700.0
2007-03-13,42485600.0
2007-03-14,54779900.0
2007-03-15,51957300.0
2007-03-16,61919200.0
2007-03-17,54859900.0
2007-03-18,61908100.0
2007-03-19,72792500.0
2007-03-20,66623300.0
2007-03-21,55169900.0
2007-03-22,76805800.0
2007-03-23,97691200.0
2007-03-24,81953000.0
2007-03-25,98571700.0
2007-03-26,86544100.0
2007-03-27,97934800.0
2007-03-28,100365700.0
2007-03-29,120092900.0
2007-03-30,108350400.0
2007-03-31,113044600.0
2007-04-01,92665800.0
2007-04-02,155936200.0
2007-04-03,146079900.0
2007-04-04,149354900.0
2007-04-05,144014200.0
2007-04-06,207015500.0
2007-04-07,232124100.0
2007-04-08,184160000.0
2007-04-09,220818800.0
2007-04-10,110196800.0
2007-04-11,95957100.0
2007-04-12,84302700.0
2007-04-13,76899400.0
2007-04-14,81249700.0
2007-04-15,77731500.0
2007-04-16,90636000.0
2007-04-17,75294700.0
2007-04-18,85601900.0
2007-04-19,92451700.0
2007-04-20,132504700.0
2007-04-21,174617000.0
2007-04-22,171250900.0
2007-04-23,138976200.0
2007-04-24,173409100.0
2007-04-25,188784000.0
2007-04-26,173646900.0
2007-04-27,165722900.0
2007-04-28,137930300.0
2007-04-29,219539500.0
2007-04-30,130077500.0
2007-05-01,142259100.0
2007-05-02,116780700.0
2007-05-03,200835300.0
2007-05-04,179955300.0
2007-05-05,152034100.0
2007-05-06,142248600.0
2007-05-07,162305700.0
2007-05-08,278942200.0
2007-05-09,191179200.0
2007-05-10,291442200.0
2007-05-11,156343700.0
2007-05-12,127043700.0
2007-05-13,140679700.0
2007-05-14,132287800.0
2007-05-15,126922900.0
2007-05-16,133733400.0
2007-05-17,169120000.0
2007-05-18,223298400.0
2007-05-19,196428600.0
2007-05-20,195513000.0
2007-05-21,240139000.0
2007-05-22,182622500.0
2007-05-23,159101100.0
2007-05-24,149725700.0
2007-05-25,185355200.0
2007-05-26,217656000.0
2007-05-27,176109900.0
2007-05-28,194651700.0
2007-05-29,241330800.0
2007-05-30,190752900.0
2007-05-31,205242500.0
2007-06-01,219355600.0
2007-06-02,205059100.0
2007-06-03,259603900.0
2007-06-04,192026900.0
2007-06-05,267201300.0
2007-06-06,182731500.0
2007-06-07,173867100.0
2007-06-08,149397300.0
2007-06-09,241182200.0
2007-06-10,162422800.0
2007-06-11,143080600.0
2007-06-12,135234200.0
2007-06-13,133263900.0
2007-06-14,152789500.0
2007-06-15,180121800.0
2007-06-16,184542700.0
2007-06-17,150549200.0
2007-06-18,149872500.0
2007-06-19,184300700.0
2007-06-20,182752900.0
2007-06-21,161436100.0
2007-06-22,230385800.0
2007-06-23,211450400.0
2007-06-24,241019800.0
2007-06-25,237036300.0
2007-06-26,372896100.0
2007-06-27,256460200.0
2007-06-28,227344400.0
2007-06-29,226262700.0
2007-06-30,211526600.0
2007-07-01,194266500.0
2007-07-02,200198500.0
2007-07-03,151615800.0
2007-07-04,127757700.0
2007-07-05,117439700.0
2007-07-06,120966900.0
2007-07-07,122578600.0
2007-07-08,149709200.0
2007-07-09,175996800.0
2007-07-10,177625500.0
2007-07-11,172124900.0
2007-07-12,141113200.0
2007-07-13,142670600.0
2007-07-14,130062500.0
2007-07-15,114393300.0
2007-07-16,142042200.0
2007-07-17,182227700.0
2007-07-18,141873400.0
2007-07-19,116048800.0
2007-07-20,120437800.0
2007-07-21,121891800.0
2007-07-22,145071800.0
2007-07-23,138922700.0
2007-07-24,176079800.0
2007-07-25,115385600.0
2007-07-26,104658100.0
2007-07-27,109193600.0
2007-07-28,137159500.0
2007-07-29,106810300.0
2007-07-30,83819300.0
2007-07-31,74015100.0
2007-08-01,92878100.0
2007-08-02,74485500.0
2007-08-03,95892200.0
2007-08-04,107174600.0
2007-08-05,146392500.0
2007-08-06,115160500.0
2007-08-07,94772300.0
2007-08-08,129808200.0
2007-08-09,122228800.0
2007-08-10,109877400.0
2007-08-11,163684000.0
2007-08-12,137294000.0
2007-08-13,147262100.0
2007-08-14,175959200.0
2007-08-15,160152200.0
2007-08-16,160426300.0
2007-08-17,163362100.0
2007-08-18,189596700.0
2007-08-19,155945700.0
2007-08-20,274734700.0
2007-08-21,192445800.0
2007-08-22,174836200.0
2007-08-23,136591900.0
2007-08-24,143010100.0
2007-08-25,180656200.0
2007-08-26,200036300.0
2007-08-27,165509300.0
2007-08-28,136850000.0
2007-08-29,225152100.0
2007-08-30,190391400.0
2007-08-31,178191700.0
2007-09-01,179193400.0
2007-09-02,133905300.0
2007-09-03,166184400.0
2007-09-04,151406100.0
2007-09-05,133087100.0
2007-09-06,127984600.0
2007-09-07,187442500.0
2007-09-08,136062600.0
2007-09-09,184723900.0
2007-09-10,128134100.0
2007-09-11,149768100.0
2007-09-12,132620700.0
2007-09-13,111638400.0
2007-09-14,136086200.0
2007-09-15,179812200.0
2007-09-16,149483800.0
2007-09-17,116487500.0
2007-09-18,115111000.0
2007-09-19,160870700.0
2007-09-20,142972300.0
2007-09-21,167540000.0
2007-09-22,144954100.0
2007-09-23,127342500.0
2007-09-24,124884000.0
2007-09-25,146636200.0
2007-09-26,140703200.0
2007-09-27,123946700.0
2007-09-28,153169300.0
2007-09-29,99186200.0
2007-09-30,105311800.0
2007-10-01,156024800.0
2007-10-02,109205700.0
2007-10-03,142056300.0
2007-10-04,143781500.0
2007-10-05,147042200.0
2007-10-06,125458600.0
2007-10-07,134778000.0
2007-10-08,178721000.0
2007-10-09,275145400.0
2007-10-10,188255600.0
2007-10-11,183579200.0
2007-10-12,169644500.0
2007-10-13,150262700.0
2007-10-14,193769600.0
2007-10-15,179623100.0
2007-10-16,160839500.0
2007-10-17,145169800.0
2007-10-18,291485900.0
2007-10-19,247335200.0
2007-10-20,248199400.0
2007-10-21,201023200.0
2007-10-22,197036300.0
2007-10-23,176094900.0
2007-10-24,165178200.0
2007-10-25,175360000.0
2007-10-26,223916400.0
2007-10-27,226534000.0
2007-10-28,248974500.0
2007-10-29,260210800.0
2007-10-30,211148000.0
2007-10-31,194089300.0
2007-11-01,217667200.0
2007-11-02,233348600.0
2007-11-03,193446200.0
2007-11-04,196333400.0
2007-11-05,182950800.0
2007-11-06,186503600.0
2007-11-07,171865900.0
2007-11-08,194698700.0
2007-11-09,240125300.0
2007-11-10,185321800.0
2007-11-11,196639600.0
2007-11-12,161936400.0
2007-11-13,160679700.0
2007-11-14,150479100.0
2007-11-15,136671400.0
2007-11-16,139771400.0
2007-11-17,222089500.0
2007-11-18,159364400.0
2007-11-19,123935100.0
2007-11-20,108542400.0
2007-11-21,110465600.0
2007-11-22,128789700.0
2007-11-23,161277100.0
2007-11-24,142314200.0
2007-11-25,135746800.0
2007-11-26,102278900.0
2007-11-27,108326500.0
2007-11-28,121178700.0
2007-11-29,109964700.0
2007-11-30,112217400.0
2007-12-01,112395400.0
2007-12-02,108860000.0
2007-12-03,114517500.0
2007-12-04,107978800.0
2007-12-05,95068000.0
2007-12-06,85259400.0
2007-12-07,95077400.0
2007-12-08,100923700.0
2007-12-09,102875800.0
2007-12-10,96572400.0
2007-12-11,105430600.0
2007-12-12,101674200.0
2007-12-13,106700500.0
2007-12-14,107202400.0
2007-12-15,105471500.0
2007-12-16,129541700.0
2007-12-17,147283300.0
2007-12-18,152742500.0
2007-12-19,151521000.0
2007-12-20,130532100.0
2007-12-21,118031300.0
2007-12-22,124947200.0
2007-12-23,196086700.0
2007-12-24,180143500.0
2007-12-25,143946000.0
2007-12-26,154327500.0
2007-12-27,153604400.0
2007-12-28,154875600.0
2007-12-29,127556100.0
2007-12-30,101854900.0
2007-12-31,90685100.0
2008-01-01,78840700.0
2008-01-02,81239400.0
2008-01-03,77681200.0
2008-01-04,75557500.0
2008-01-05,66150400.0
2008-01-06,91061900.0
2008-01-07,89734300.0
2008-01-08,75706400.0
2008-01-09,116671400.0
2008-01-10,125076100.0
2008-01-11,114852600.0
2008-01-12,92930300.0
2008-01-13,81827300.0
2008-01-14,93505100.0
2008-01-15,114984400.0
2008-01-16,99219600.0
2008-01-17,88665000.0
2008-01-18,86503500.0
2008-01-19,74769200.0
2008-01-20,70634300.0
2008-01-21,85666900.0
2008-01-22,71883100.0
2008-01-23,74896600.0
2008-01-24,71256800.0
2008-01-25,84433600.0
2008-01-26,81833100.0
2008-01-27,82994900.0
2008-01-28,71543200.0
2008-01-29,70566900.0
2008-01-30,66889500.0
2008-01-31,65888900.0
2008-02-01,67095100.0
2008-02-02,62948800.0
2008-02-03,62780000.0
2008-02-04,58121800.0
2008-02-05,54113600.0
2008-02-06,55402700.0
2008-02-07,65112900.0
2008-02-08,80449800.0
2008-02-09,71126900.0
2008-02-10,92630100.0
2008-02-11,67396100.0
2008-02-12,57677300.0
2008-02-13,99642800.0
2008-02-14,85734100.0
2008-02-15,81260200.0
2008-02-16,107802100.0
2008-02-17,96718500.0
2008-02-18,101961300.0
2008-02-19,129614700.0
2008-02-20,145047500.0
2008-02-21,154676500.0
2008-02-22,138141300.0
2008-02-23,114556700.0
2008-02-24,102256300.0
2008-02-25,89815600.0
2008-02-26,75607900.0
2008-02-27,77136100.0
2008-02-28,81063100.0
2008-02-29,75450800.0
2008-03-01,60479600.0
2008-03-02,62017200.0
2008-03-03,73348700.0
2008-03-04,102743400.0
2008-03-05,103129300.0
2008-03-06,106242600.0
2008-03-07,100836600.0
2008-03-08,85462200.0
2008-03-09,88249000.0
2008-03-10,86513500.0
2008-03-11,108369700.0
2008-03-12,105832700.0
2008-03-13,122959000.0
2008-03-14,165453300.0
2008-03-15,150654700.0
2008-03-16,98404200.0
2008-03-17,93094300.0
2008-03-18,85498400.0
2008-03-19,79760300.0
2008-03-20,71748400.0
2008-03-21,75931000.0
2008-03-22,88361900.0
2008-03-23,96363000.0
2008-03-24,111976400.0
2008-03-25,83257000.0
2008-03-26,80264100.0
2008-03-27,74542300.0
2008-03-28,78202100.0
2008-03-29,77390200.0
2008-03-30,86784100.0
2008-03-31,110310600.0
2008-04-01,116476600.0
2008-04-02,102456600.0
2008-04-03,102839700.0
2008-04-04,91234700.0
2008-04-05,110140900.0
2008-04-06,90753000.0
2008-04-07,88428100.0
2008-04-08,89273300.0
2008-04-09,101102200.0
2008-04-10,88635000.0
2008-04-11,83737100.0
2008-04-12,88420600.0
2008-04-13,108164600.0
2008-04-14,118229800.0
2008-04-15,116921500.0
2008-04-16,100335700.0
2008-04-17,77470100.0
2008-04-18,73133900.0
2008-04-19,77314600.0
2008-04-20,88608600.0
2008-04-21,90480200.0
2008-04-22,73776600.0
2008-04-23,120419400.0
2008-04-24,129852700.0
2008-04-25,148929600.0
2008-04-26,177622600.0
2008-04-27,195199500.0
2008-04-28,132891400.0
2008-04-29,129253000.0
2008-04-30,124252600.0
2008-05-01,129544100.0
2008-05-02,176153400.0
2008-05-03,185866500.0
2008-05-04,151428900.0
2008-05-05,167932300.0
2008-05-06,155356600.0
2008-05-07,125691800.0
2008-05-08,127604700.0
2008-05-09,171384900.0
2008-05-10,113848900.0
2008-05-11,97500900.0
2008-05-12,93199900.0
2008-05-13,82255200.0
2008-05-14,88020300.0
2008-05-15,110243500.0
2008-05-16,144617600.0
2008-05-17,105452500.0
2008-05-18,117672500.0
2008-05-19,166546800.0
2008-05-20,219576800.0
2008-05-21,261700900.0
2008-05-22,206171900.0
2008-05-23,222265900.0
2008-05-24,268147200.0
2008-05-25,333586300.0
2008-05-26,303691500.0
2008-05-27,282335700.0
2008-05-28,307155500.0
2008-05-29,321194900.0
2008-05-30,210737800.0
2008-05-31,204836300.0
2008-06-01,222978300.0
2008-06-02,232940000.0
2008-06-03,263290400.0
2008-06-04,177077600.0
2008-06-05,184936700.0
2008-06-06,187298500.0
2008-06-07,290755000.0
2008-06-08,304155500.0
2008-06-09,214510800.0
2008-06-10,244731900.0
2008-06-11,227163600.0
2008-06-12,168736600.0
2008-06-13,155085600.0
2008-06-14,155468300.0
2008-06-15,178343100.0
2008-06-16,199515900.0
2008-06-17,230975600.0
2008-06-18,231652600.0
2008-06-19,170907700.0
2008-06-20,147919400.0
2008-06-21,161473400.0
2008-06-22,192676800.0
2008-06-23,214214300.0
2008-06-24,293361400.0
2008-06-25,371048400.0
2008-06-26,217174700.0
2008-06-27,219553500.0
2008-06-28,282471800.0
2008-06-29,273992200.0
2008-06-30,226311500.0
2008-07-01,213490600.0
2008-07-02,236848700.0
2008-07-03,307802200.0
2008-07-04,355743100.0
2008-07-05,234402900.0
2008-07-06,182549100.0
2008-07-07,178766100.0
2008-07-08,238011000.0
2008-07-09,324567900.0
2008-07-10,297085400.0
2008-07-11,233507400.0
2008-07-12,233060700.0
2008-07-13,201858000.0
2008-07-14,250079500.0
2008-07-15,260821400.0
2008-07-16,276723800.0
2008-07-17,237930700.0
2008-07-18,236405300.0
2008-07-19,291743500.0
2008-07-20,207040100.0
2008-07-21,192145500.0
2008-07-22,187614500.0
2008-07-23,156348900.0
2008-07-24,149146300.0
2008-07-25,193996000.0
2008-07-26,249345300.0
2008-07-27,193538000.0
2008-07-28,297515400.0
2008-07-29,240571400.0
2008-07-30,206143500.0
2008-07-31,227418100.0
2008-08-01,156917400.0
2008-08-02,171867400.0
2008-08-03,150249200.0
2008-08-04,135727700.0
2008-08-05,158362400.0
2008-08-06,170619300.0
2008-08-07,124333400.0
2008-08-08,114210900.0
2008-08-09,107467400.0
2008-08-10,113733700.0
2008-08-11,279326900.0
2008-08-12,152281900.0
2008-08-13,137569700.0
2008-08-14,176086300.0
2008-08-15,198655900.0
2008-08-16,189479900.0
2008-08-17,149601300.0
2008-08-18,200341100.0
2008-08-19,230358700.0
2008-08-20,168958600.0
2008-08-21,150561400.0
2008-08-22,214151400.0
2008-08-23,208037200.0
2008-08-24,260652700.0
2008-08-25,240548900.0
2008-08-26,224716200.0
2008-08-27,185923300.0
2008-08-28,182884100.0
2008-08-29,183172300.0
2008-08-30,279257700.0
2008-08-31,215964100.0
2008-09-01,225206000.0
2008-09-02,201833100.0
2008-09-03,215765000.0
2008-09-04,191491700.0
2008-09-05,188553700.0
2008-09-06,154138400.0
2008-09-07,172800900.0
2008-09-08,135929100.0
2008-09-09,163427700.0
2008-09-10,133678700.0
2008-09-11,121332200.0
2008-09-12,108758700.0
2008-09-13,113253300.0
2008-09-14,126480200.0
2008-09-15,209364600.0
2008-09-16,147904500.0
2008-09-17,124489300.0
2008-09-18,110198800.0
2008-09-19,119754900.0
2008-09-20,122481800.0
2008-09-21,139417900.0
2008-09-22,162254600.0
2008-09-23,200698800.0
2008-09-24,141211100.0
2008-09-25,128808000.0
2008-09-26,122360200.0
2008-09-27,163113000.0
2008-09-28,172929200.0
2008-09-29,179284500.0
2008-09-30,148210000.0
2008-10-01,236744900.0
2008-10-02,133495300.0
2008-10-03,163693700.0
2008-10-04,132517000.0
2008-10-05,142123300.0
2008-10-06,163301500.0
2008-10-07,166461300.0
2008-10-08,138222400.0
2008-10-09,161409700.0
2008-10-10,215994100.0
2008-10-11,182323900.0
2008-10-12,266086200.0
2008-10-13,213030600.0
2008-10-14,229855400.0
2008-10-15,187528400.0
2008-10-16,185926200.0
2008-10-17,209768100.0
2008-10-18,174280200.0
2008-10-19,220417500.0
2008-10-20,173442800.0
2008-10-21,180521000.0
2008-10-22,214863500.0
2008-10-23,140080400.0
2008-10-24,161166100.0
2008-10-25,133581500.0
2008-10-26,118467000.0
2008-10-27,135634000.0
2008-10-28,194377000.0
2008-10-29,170380600.0
2008-10-30,143958300.0
2008-10-31,126941600.0
2008-11-01,207043100.0
2008-11-02,259848800.0
2008-11-03,286306600.0
2008-11-04,369789500.0
2008-11-05,253753900.0
2008-11-06,263211900.0
2008-11-07,168199900.0
2008-11-08,160574400.0
2008-11-09,146911400.0
2008-11-10,121942600.0
2008-11-11,128799300.0
2008-11-12,133561200.0
2008-11-13,151825800.0
2008-11-14,174416800.0
2008-11-15,209703800.0
2008-11-16,214633000.0
2008-11-17,194055200.0
2008-11-18,196999300.0
2008-11-19,229054500.0
2008-11-20,309356800.0
2008-11-21,341664300.0
2008-11-22,230732400.0
2008-11-23,209837000.0
2008-11-24,264700200.0
2008-11-25,231344900.0
2008-11-26,325162300.0
2008-11-27,246299800.0
2008-11-28,298577900.0
2008-11-29,336780200.0
2008-11-30,238730700.0
2008-12-01,222016300.0
2008-12-02,225738000.0
2008-12-03,190105800.0
2008-12-04,172121500.0
2008-12-05,155181800.0
2008-12-06,138336700.0
2008-12-07,149056200.0
2008-12-08,153091400.0
2008-12-09,125985700.0
2008-12-10,110879900.0
2008-12-11,107135700.0
2008-12-12,128006000.0
2008-12-13,118282900.0
2008-12-14,137255400.0
2008-12-15,135216700.0
2008-12-16,117457000.0
2008-12-17,106596100.0
2008-12-18,104986700.0
2008-12-19,108561800.0
2008-12-20,108315700.0
2008-12-21,107768100.0
2008-12-22,119972800.0
2008-12-23,119311600.0
2008-12-24,105013600.0
2008-12-25,97460700.0
2008-12-26,87525000.0
2008-12-27,83136300.0
2008-12-28,85927900.0
2008-12-29,87556300.0
2008-12-30,87181100.0
2008-12-31,86636500.0
2009-01-01,91364000.0
2009-01-02,80433400.0
2009-01-03,158685500.0
2009-01-04,167996500.0
2009-01-05,95229800.0
2009-01-06,101487700.0
2009-01-07,91636300.0
2009-01-08,89503000.0
2009-01-09,90137800.0
2009-01-10,94320500.0
2009-01-11,88615100.0
2009-01-12,110478500.0
2009-01-13,113982200.0
2009-01-14,122193900.0
2009-01-15,99680800.0
2009-01-16,111391500.0
2009-01-17,154875100.0
2009-01-18,106889000.0
2009-01-19,146702200.0
2009-01-20,179010000.0
2009-01-21,119845500.0
2009-01-22,123881900.0
2009-01-23,122796400.0
2009-01-24,112033800.0
2009-01-25,107929600.0
2009-01-26,94200800.0
2009-01-27,79738500.0
2009-01-28,74401500.0
2009-01-29,86860900.0
2009-01-30,104629200.0
2009-01-31,79471900.0
2009-02-01,82280100.0
2009-02-02,83085700.0
2009-02-03,74763000.0
2009-02-04,103913800.0
2009-02-05,83735800.0
2009-02-06,75691300.0
2009-02-07,72395500.0
2009-02-08,76924700.0
2009-02-09,111344300.0
2009-02-10,95421900.0
2009-02-11,118140100.0
2009-02-12,190718600.0
2009-02-13,115840700.0
2009-02-14,108103200.0
2009-02-15,109865900.0
2009-02-16,110246600.0
2009-02-17,93012300.0
2009-02-18,96290700.0
2009-02-19,115413300.0
2009-02-20,103898300.0
2009-02-21,85192300.0
2009-02-22,77427000.0
2009-02-23,75238800.0
2009-02-24,70742100.0
2009-02-25,79933500.0
2009-02-26,83856300.0
2009-02-27,84739500.0
2009-02-28,74537700.0
2009-03-01,78678300.0
2009-03-02,89426900.0
2009-03-03,157829600.0
2009-03-04,105860900.0
2009-03-05,86384400.0
2009-03-06,93989000.0
2009-03-07,91607600.0
2009-03-08,69396100.0
2009-03-09,94611100.0
2009-03-10,80136300.0
2009-03-11,71689600.0
2009-03-12,81130300.0
2009-03-13,85486600.0
2009-03-14,76025300.0
2009-03-15,82639400.0
2009-03-16,106703100.0
2009-03-17,103212700.0
2009-03-18,115422800.0
2009-03-19,148596600.0
2009-03-20,149647800.0
2009-03-21,119375600.0
2009-03-22,155206800.0
2009-03-23,147397100.0
2009-03-24,160970000.0
2009-03-25,137763500.0
2009-03-26,137751600.0
2009-03-27,134524600.0
2009-03-28,129703100.0
2009-03-29,129393100.0
2009-03-30,109402300.0
2009-03-31,141671400.0
2009-04-01,181187900.0
2009-04-02,208712100.0
2009-04-03,172789900.0
2009-04-04,162108600.0
2009-04-05,112368000.0
2009-04-06,98901500.0
2009-04-07,91072200.0
2009-04-08,186112400.0
2009-04-09,117551200.0
2009-04-10,143119600.0
2009-04-11,135389100.0
2009-04-12,132938400.0
2009-04-13,122326300.0
2009-04-14,115299300.0
2009-04-15,106507200.0
2009-04-16,99842700.0
2009-04-17,97108200.0
2009-04-18,90133300.0
2009-04-19,94354700.0
2009-04-20,158672700.0
2009-04-21,204301600.0
2009-04-22,120887200.0
2009-04-23,154241300.0
2009-04-24,123440700.0
2009-04-25,94845400.0
2009-04-26,136682700.0
2009-04-27,98350700.0
2009-04-28,127099600.0
2009-04-29,191805000.0
2009-04-30,179072100.0
2009-05-01,118566200.0
2009-05-02,133896400.0
2009-05-03,161958500.0
2009-05-04,209215600.0
2009-05-05,186230000.0
2009-05-06,178796500.0
2009-05-07,175920900.0
2009-05-08,188909800.0
2009-05-09,153982100.0
2009-05-10,130676400.0
2009-05-11,159969400.0
2009-05-12,122694100.0
2009-05-13,186981800.0
2009-05-14,98448400.0
2009-05-15,119885100.0
2009-05-16,113192300.0
2009-05-17,127929700.0
2009-05-18,100052800.0
2009-05-19,97268400.0
2009-05-20,84710900.0
2009-05-21,134762000.0
2009-05-22,96858300.0
2009-05-23,107954900.0
2009-05-24,122557700.0
2009-05-25,127860200.0
2009-05-26,89379600.0
2009-05-27,83623300.0
2009-05-28,102378200.0
2009-05-29,133560500.0
2009-05-30,99954700.0
2009-05-31,101861500.0
2009-06-01,69438700.0
2009-06-02,65752800.0
2009-06-03,94791200.0
2009-06-04,107577300.0
2009-06-05,207206600.0
2009-06-06,188052500.0
2009-06-07,234697700.0
2009-06-08,162244100.0
2009-06-09,164485400.0
2009-06-10,237317900.0
2009-06-11,147624800.0
2009-06-12,205525700.0
2009-06-13,282431600.0
2009-06-14,200609000.0
2009-06-15,143536300.0
2009-06-16,137475000.0
2009-06-17,147520900.0
2009-06-18,107625700.0
2009-06-19,107392100.0
2009-06-20,109248900.0
2009-06-21,140175600.0
2009-06-22,238646300.0
2009-06-23,151246600.0
2009-06-24,133036900.0
2009-06-25,159575800.0
2009-06-26,103814200.0
2009-06-27,120101600.0
2009-06-28,120779400.0
2009-06-29,155585300.0
2009-06-30,198523900.0
2009-07-01,219720900.0
2009-07-02,237898800.0
2009-07-03,213871000.0
2009-07-04,216121900.0
2009-07-05,152711600.0
2009-07-06,147994800.0
2009-07-07,129333000.0
2009-07-08,254929400.0
2009-07-09,233314900.0
2009-07-10,283613000.0
2009-07-11,275836800.0
2009-07-12,164357800.0
2009-07-13,131318700.0
2009-07-14,172881400.0
2009-07-15,162007100.0
2009-07-16,134916800.0
2009-07-17,129736700.0
2009-07-18,126865100.0
2009-07-19,128428000.0
2009-07-20,125018200.0
2009-07-21,131881000.0
2009-07-22,122352700.0
2009-07-23,122695100.0
2009-07-24,164837900.0
2009-07-25,110029500.0
2009-07-26,121058200.0
2009-07-27,130289500.0
2009-07-28,126250000.0
2009-07-29,136969900.0
2009-07-30,129545500.0
2009-07-31,147892100.0
2009-08-01,134191700.0
2009-08-02,112752300.0
2009-08-03,97845900.0
2009-08-04,119104800.0
2009-08-05,151989400.0
2009-08-06,215308900.0
2009-08-07,210389200.0
2009-08-08,197156000.0
2009-08-09,200498500.0
2009-08-10,138517100.0
2009-08-11,153169900.0
2009-08-12,131348400.0
2009-08-13,167159900.0
2009-08-14,275075500.0
2009-08-15,151533100.0
2009-08-16,129274200.0
2009-08-17,175006000.0
2009-08-18,123202500.0
2009-08-19,109743300.0
2009-08-20,113603600.0
2009-08-21,172298400.0
2009-08-22,120315800.0
2009-08-23,117304700.0
2009-08-24,94979600.0
2009-08-25,117201500.0
2009-08-26,108156100.0
2009-08-27,88531600.0
2009-08-28,96330700.0
2009-08-29,107450800.0
2009-08-30,187148700.0
2009-08-31,157428800.0
2009-09-01,99865200.0
2009-09-02,83822700.0
2009-09-03,84269300.0
2009-09-04,127666200.0
2009-09-05,114038300.0
2009-09-06,83374900.0
2009-09-07,77769500.0
2009-09-08,86966800.0
2009-09-09,109134400.0
2009-09-10,155210800.0
2009-09-11,89162800.0
2009-09-12,87951300.0
2009-09-13,93660100.0
2009-09-14,84599500.0
2009-09-15,124708700.0
2009-09-16,152013400.0
2009-09-17,144531400.0
2009-09-18,112496800.0
2009-09-19,124280600.0
2009-09-20,103574600.0
2009-09-21,83649500.0
2009-09-22,108154000.0
2009-09-23,77168800.0
2009-09-24,66096500.0
2009-09-25,67680800.0
2009-09-26,70631600.0
2009-09-27,69593000.0
2009-09-28,72281600.0
2009-09-29,66991500.0
2009-09-30,60238400.0
2009-10-01,58076600.0
2009-10-02,62454900.0
2009-10-03,93092000.0
2009-10-04,109989100.0
2009-10-05,65278100.0
2009-10-06,61233500.0
2009-10-07,75578200.0
2009-10-08,86648100.0
2009-10-09,61865100.0
2009-10-10,68000700.0
2009-10-11,91492700.0
2009-10-12,112986200.0
2009-10-13,81309000.0
2009-10-14,128234000.0
2009-10-15,142235400.0
2009-10-16,97617400.0
2009-10-17,91721000.0
2009-10-18,148084300.0
2009-10-19,135880600.0
2009-10-20,153451200.0
2009-10-21,118683200.0
2009-10-22,110434500.0
2009-10-23,108949200.0
2009-10-24,144473800.0
2009-10-25,172347200.0
2009-10-26,97401900.0
2009-10-27,85440800.0
2009-10-28,96663500.0
2009-10-29,108235000.0
2009-10-30,122064700.0
2009-10-31,109555000.0
2009-11-01,118641300.0
2009-11-02,122299700.0
2009-11-03,125779900.0
2009-11-04,123789500.0
2009-11-05,160295200.0
2009-11-06,163805700.0
2009-11-07,153664800.0
2009-11-08,174544300.0
2009-11-09,160940600.0
2009-11-10,125070700.0
2009-11-11,103327400.0
2009-11-12,104281900.0
2009-11-13,102301600.0
2009-11-14,111268600.0
2009-11-15,94016700.0
2009-11-16,114116700.0
2009-11-17,110243100.0
2009-11-18,123935000.0
2009-11-19,98087700.0
2009-11-20,77170600.0
2009-11-21,76071200.0
2009-11-22,85172300.0
2009-11-23,87864300.0
2009-11-24,84665900.0
2009-11-25,78323500.0
2009-11-26,69756000.0
2009-11-27,69557800.0
2009-11-28,90509600.0
2009-11-29,85588900.0
2009-11-30,77498100.0
2009-12-01,67851200.0
2009-12-02,62444500.0
2009-12-03,59483000.0
2009-12-04,59378100.0
2009-12-05,57987800.0
2009-12-06,56855300.0
2009-12-07,49122900.0
2009-12-08,55513400.0
2009-12-09,65648500.0
2009-12-10,63995200.0
2009-12-11,67573500.0
2009-12-12,71800200.0
2009-12-13,56256600.0
2009-12-14,52852200.0
2009-12-15,52082700.0
2009-12-16,46070100.0
2009-12-17,52023600.0
2009-12-18,75463300.0
2009-12-19,86934500.0
2009-12-20,64895700.0
2009-12-21,59820200.0
2009-12-22,65343700.0
2009-12-23,92713300.0
2009-12-24,62628900.0
2009-12-25,68513100.0
2009-12-26,87400500.0
2009-12-27,74383100.0
2009-12-28,66665500.0
2009-12-29,53913800.0
2009-12-30,49227200.0
2009-12-31,47745100.0
2010-01-01,45616100.0
2010-01-02,43097100.0
2010-01-03,43400400.0
2010-01-04,40410400.0
2010-01-05,41190600.0
2010-01-06,41733100.0
2010-01-07,39732000.0
2010-01-08,37078100.0
2010-01-09,46893900.0
2010-01-10,44906900.0
2010-01-11,42546900.0
2010-01-12,39807200.0
2010-01-13,39987000.0
2010-01-14,34998300.0
2010-01-15,34303900.0
2010-01-16,35344500.0
2010-01-17,36487400.0
2010-01-18,36928400.0
2010-01-19,40295600.0
2010-01-20,40389000.0
2010-01-21,35779400.0
2010-01-22,34106500.0
2010-01-23,34997900.0
2010-01-24,39007400.0
2010-01-25,38347000.0
2010-01-26,44399500.0
2010-01-27,37230100.0
2010-01-28,40529900.0
2010-01-29,37489200.0
2010-01-30,42679200.0
2010-01-31,31863500.0
2010-02-01,32256000.0
2010-02-02,30175300.0
2010-02-03,32331600.0
2010-02-04,29032100.0
2010-02-05,31084900.0
2010-02-06,44297100.0
2010-02-07,36255100.0
2010-02-08,38084800.0
2010-02-09,55865100.0
2010-02-10,36460600.0
2010-02-11,40258400.0
2010-02-12,38195600.0
2010-02-13,31612700.0
2010-02-14,44193700.0
2010-02-15,36817400.0
2010-02-16,42134100.0
2010-02-17,34225400.0
2010-02-18,36769300.0
2010-02-19,32688100.0
2010-02-20,46927500.0
2010-02-21,40743200.0
2010-02-22,40714300.0
2010-02-23,44952500.0
2010-02-24,44226500.0
2010-02-25,47596200.0
2010-02-26,57595500.0
2010-02-27,48765200.0
2010-02-28,48248500.0
2010-03-01,40017800.0
2010-03-02,48475200.0
2010-03-03,66027600.0
2010-03-04,57273800.0
2010-03-05,48339600.0
2010-03-06,50472700.0
2010-03-07,70579900.0
2010-03-08,72387600.0
2010-03-09,80283400.0
2010-03-10,59561500.0
2010-03-11,89582700.0
2010-03-12,53568400.0
2010-03-13,48370000.0
2010-03-14,47121200.0
2010-03-15,46493600.0
2010-03-16,46047300.0
2010-03-17,62859900.0
2010-03-18,61221300.0
2010-03-19,71749800.0
2010-03-20,52252400.0
2010-03-21,56321400.0
2010-03-22,48971400.0
2010-03-23,46231700.0
2010-03-24,36673500.0
2010-03-25,37353000.0
2010-03-26,50422800.0
2010-03-27,47516100.0
2010-03-28,42027700.0
2010-03-29,44650100.0
2010-03-30,121381500.0
2010-03-31,94225400.0
2010-04-01,67559800.0
2010-04-02,59437400.0
2010-04-03,76933800.0
2010-04-04,83419400.0
2010-04-05,74895100.0
2010-04-06,107021800.0
2010-04-07,145150200.0
2010-04-08,109767900.0
2010-04-09,121148000.0
2010-04-10,124110500.0
2010-04-11,161754200.0
2010-04-12,147601200.0
2010-04-13,141464500.0
2010-04-14,197027800.0
2010-04-15,139994900.0
2010-04-16,132758700.0
2010-04-17,105984700.0
2010-04-18,98714700.0
2010-04-19,154935100.0
2010-04-20,116497700.0
2010-04-21,103900100.0
2010-04-22,75254100.0
2010-04-23,82230500.0
2010-04-24,83342000.0
2010-04-25,89103300.0
2010-04-26,139824800.0
2010-04-27,138149900.0
2010-04-28,145393900.0
2010-04-29,145369600.0
2010-04-30,120754500.0
2010-05-01,101559500.0
2010-05-02,105467600.0
2010-05-03,147309300.0
2010-05-04,149693800.0
2010-05-05,155382600.0
2010-05-06,177550300.0
2010-05-07,133046100.0
2010-05-08,149329000.0
2010-05-09,124581600.0
2010-05-10,116585600.0
2010-05-11,174631800.0
2010-05-12,149457600.0
2010-05-13,116946500.0
2010-05-14,139673300.0
2010-05-15,114447000.0
2010-05-16,143425700.0
2010-05-17,109443500.0
2010-05-18,101644600.0
2010-05-19,130305700.0
2010-05-20,190319400.0
2010-05-21,160977200.0
2010-05-22,143309200.0
2010-05-23,173911900.0
2010-05-24,154859900.0
2010-05-25,177427600.0
2010-05-26,161181700.0
2010-05-27,254144400.0
2010-05-28,184376300.0
2010-05-29,175418400.0
2010-05-30,174147900.0
2010-05-31,303375200.0
2010-06-01,209098700.0
2010-06-02,208927700.0
2010-06-03,300319200.0
2010-06-04,210578700.0
2010-06-05,157824200.0
2010-06-06,161033500.0
2010-06-07,134484000.0
2010-06-08,139519100.0
2010-06-09,173621800.0
2010-06-10,146734400.0
2010-06-11,163240400.0
2010-06-12,126887100.0
2010-06-13,164700100.0
2010-06-14,200111200.0
2010-06-15,142302600.0
2010-06-16,191739000.0
2010-06-17,170639300.0
2010-06-18,170883200.0
2010-06-19,172010800.0
2010-06-20,260809700.0
2010-06-21,215951200.0
2010-06-22,167894300.0
2010-06-23,145695800.0
2010-06-24,184290500.0
2010-06-25,179247500.0
2010-06-26,164851900.0
2010-06-27,158444600.0
2010-06-28,195026900.0
2010-06-29,245192400.0
2010-06-30,164404200.0
2010-07-01,145419600.0
2010-07-02,160066300.0
2010-07-03,166921300.0
2010-07-04,194630600.0
2010-07-05,185113900.0
2010-07-06,192504200.0
2010-07-07,240590400.0
2010-07-08,194214700.0
2010-07-09,211856400.0
2010-07-10,231252000.0
2010-07-11,286666400.0
2010-07-12,185146400.0
2010-07-13,179379800.0
2010-07-14,200877900.0
2010-07-15,226849600.0
2010-07-16,285440500.0
2010-07-17,329154300.0
2010-07-18,274715000.0
2010-07-19,230873300.0
2010-07-20,256484800.0
2010-07-21,234269900.0
2010-07-22,172731200.0
2010-07-23,183358700.0
2010-07-24,178282600.0
2010-07-25,160813200.0
2010-07-26,257197700.0
2010-07-27,260796800.0
2010-07-28,213958000.0
2010-07-29,189543800.0
2010-07-30,174297000.0
2010-07-31,213433400.0
2010-08-01,247461700.0
2010-08-02,187954100.0
2010-08-03,193769500.0
2010-08-04,191863500.0
2010-08-05,151075900.0
2010-08-06,140977600.0
2010-08-07,125269100.0
2010-08-08,127456600.0
2010-08-09,172718300.0
2010-08-10,115962400.0
2010-08-11,104355600.0
2010-08-12,105516000.0
2010-08-13,135828000.0
2010-08-14,179229300.0
2010-08-15,149333100.0
2010-08-16,139918400.0
2010-08-17,134121500.0
2010-08-18,155785200.0
2010-08-19,121218000.0
2010-08-20,138423700.0
2010-08-21,101698200.0
2010-08-22,92823000.0
2010-08-23,93907200.0
2010-08-24,141206400.0
2010-08-25,170335900.0
2010-08-26,135597500.0
2010-08-27,148972300.0
2010-08-28,272264400.0
2010-08-29,224927100.0
2010-08-30,153360700.0
2010-08-31,143206600.0
2010-09-01,138963000.0
2010-09-02,200853300.0
2010-09-03,225872300.0
2010-09-04,179542200.0
2010-09-05,171876100.0
2010-09-06,166682700.0
2010-09-07,264365600.0
2010-09-08,191905700.0
2010-09-09,166932600.0
2010-09-10,135303200.0
2010-09-11,150576300.0
2010-09-12,166047500.0
2010-09-13,148471600.0
2010-09-14,138270400.0
2010-09-15,130920300.0
2010-09-16,123375800.0
2010-09-17,130021800.0
2010-09-18,129496200.0
2010-09-19,118311200.0
2010-09-20,163762200.0
2010-09-21,171081700.0
2010-09-22,147549500.0
2010-09-23,157212100.0
2010-09-24,136206500.0
2010-09-25,151072100.0
2010-09-26,179235300.0
2010-09-27,260841600.0
2010-09-28,163930400.0
2010-09-29,165860900.0
2010-09-30,161252300.0
2010-10-01,134779800.0
2010-10-02,150608500.0
2010-10-03,148982800.0
2010-10-04,244500100.0
2010-10-05,247337800.0
2010-10-06,235219800.0
2010-10-07,199517800.0
2010-10-08,268199400.0
2010-10-09,174927600.0
2010-10-10,147907700.0
2010-10-11,140053500.0
2010-10-12,124077000.0
2010-10-13,113862700.0
2010-10-14,125378400.0
2010-10-15,133365600.0
2010-10-16,153535400.0
2010-10-17,133805900.0
2010-10-18,136255500.0
2010-10-19,166650200.0
2010-10-20,149194000.0
2010-10-21,131952000.0
2010-10-22,143027400.0
2010-10-23,175130800.0
2010-10-24,147733600.0
2010-10-25,131578500.0
2010-10-26,124354800.0
2010-10-27,128552200.0
2010-10-28,143400600.0
2010-10-29,179846800.0
2010-10-30,184312100.0
2010-10-31,199196800.0
2010-11-01,209744800.0
2010-11-02,249172700.0
2010-11-03,210786500.0
2010-11-04,164179800.0
2010-11-05,162088900.0
2010-11-06,217453600.0
2010-11-07,230762000.0
2010-11-08,271039900.0
2010-11-09,240831700.0
2010-11-10,307674700.0
2010-11-11,262106700.0
2010-11-12,261760000.0
2010-11-13,288554400.0
2010-11-14,325664500.0
2010-11-15,314210200.0
2010-11-16,313492000.0
2010-11-17,369563200.0
2010-11-18,255188900.0
2010-11-19,235226600.0
2010-11-20,243137100.0
2010-11-21,224581100.0
2010-11-22,210837900.0
2010-11-23,211061900.0
2010-11-24,265808000.0
2010-11-25,219902200.0
2010-11-26,202510600.0
2010-11-27,227826800.0
2010-11-28,249023300.0
2010-11-29,262528500.0
2010-11-30,236195900.0
2010-12-01,225677600.0
2010-12-02,288960600.0
2010-12-03,289254200.0
2010-12-04,297713000.0
2010-12-05,231484300.0
2010-12-06,197063400.0
2010-12-07,207093200.0
2010-12-08,257635700.0
2010-12-09,248747200.0
2010-12-10,235773900.0
2010-12-11,185583600.0
2010-12-12,159832900.0
2010-12-13,182631600.0
2010-12-14,184034900.0
2010-12-15,211844900.0
2010-12-16,187681800.0
2010-12-17,163817100.0
2010-12-18,162944500.0
2010-12-19,159405000.0
2010-12-20,157769500.0
2010-12-21,132282000.0
2010-12-22,124890600.0
2010-12-23,127858400.0
2010-12-24,135659900.0
2010-12-25,126878200.0
2010-12-26,245341500.0
2010-12-27,159361500.0
2010-12-28,131048900.0
2010-12-29,116609200.0
2010-12-30,112859600.0
2010-12-31,95050500.0
2011-01-01,104596800.0
2011-01-02,106861600.0
2011-01-03,105245700.0
2011-01-04,144518500.0
2011-01-05,157489600.0
2011-01-06,124619000.0
2011-01-07,136840400.0
2011-01-08,132770000.0
2011-01-09,156838800.0
2011-01-10,129095700.0
2011-01-11,113014100.0
2011-01-12,102323500.0
2011-01-13,101246800.0
2011-01-14,92691400.0
2011-01-15,100576200.0
2011-01-16,121981700.0
2011-01-17,96955900.0
2011-01-18,89703600.0
2011-01-19,85654400.0
2011-01-20,80894300.0
2011-01-21,77292500.0
2011-01-22,70565700.0
2011-01-23,71362000.0
2011-01-24,73267800.0
2011-01-25,68661600.0
2011-01-26,89536100.0
2011-01-27,102560000.0
2011-01-28,95150100.0
2011-01-29,85726100.0
2011-01-30,76218500.0
2011-01-31,95121800.0
2011-02-01,74728900.0
2011-02-02,70736000.0
2011-02-03,72301800.0
2011-02-04,69394100.0
2011-02-05,66812500.0
2011-02-06,84476700.0
2011-02-07,118322800.0
2011-02-08,94012100.0
2011-02-09,95509500.0
2011-02-10,108770000.0
2011-02-11,111236800.0
2011-02-12,106068900.0
2011-02-13,117947800.0
2011-02-14,119398100.0
2011-02-15,99256000.0
2011-02-16,118320300.0
2011-02-17,135258500.0
2011-02-18,120716800.0
2011-02-19,114677400.0
2011-02-20,95938800.0
2011-02-21,84601700.0
2011-02-22,84079500.0
2011-02-23,106326600.0
2011-02-24,112941800.0
2011-02-25,112346000.0
2011-02-26,108998000.0
2011-02-27,100775900.0
2011-02-28,101960000.0
2011-03-01,147549300.0
2011-03-02,181265200.0
2011-03-03,175840900.0
2011-03-04,178101000.0
2011-03-05,171163600.0
2011-03-06,162443900.0
2011-03-07,170535400.0
2011-03-08,150871700.0
2011-03-09,237943800.0
2011-03-10,251684500.0
2011-03-11,161067400.0
2011-03-12,138377300.0
2011-03-13,117457000.0
2011-03-14,111047400.0
2011-03-15,98403200.0
2011-03-16,94984300.0
2011-03-17,101544400.0
2011-03-18,149250100.0
2011-03-19,165284300.0
2011-03-20,236238300.0
2011-03-21,216971000.0
2011-03-22,209752700.0
2011-03-23,284227600.0
2011-03-24,249119900.0
2011-03-25,318911000.0
2011-03-26,293247000.0
2011-03-27,177846400.0
2011-03-28,169727800.0
2011-03-29,151652300.0
2011-03-30,138871500.0
2011-03-31,124423600.0
2011-04-01,115184500.0
2011-04-02,124526500.0
2011-04-03,111120300.0
2011-04-04,116240000.0
2011-04-05,128825500.0
2011-04-06,180343200.0
2011-04-07,158923900.0
2011-04-08,167817500.0
2011-04-09,185531100.0
2011-04-10,295892700.0
2011-04-11,256545300.0
2011-04-12,374940400.0
2011-04-13,385627900.0
2011-04-14,313821800.0
2011-04-15,414910700.0
2011-04-16,425822800.0
2011-04-17,460315100.0
2011-04-18,376759300.0
2011-04-19,455758000.0
2011-04-20,479942900.0
2011-04-21,501525500.0
2011-04-22,538753100.0
2011-04-23,591245300.0
2011-04-24,445144300.0
2011-04-25,407778200.0
2011-04-26,374309900.0
2011-04-27,386359500.0
2011-04-28,406474200.0
2011-04-29,311739000.0
2011-04-30,296890900.0
2011-05-01,350200400.0
2011-05-02,333059200.0
2011-05-03,419134400.0
2011-05-04,326491300.0
2011-05-05,270704600.0
2011-05-06,242393800.0
2011-05-07,288351400.0
2011-05-08,249430200.0
2011-05-09,230997900.0
2011-05-10,221984800.0
2011-05-11,224145500.0
2011-05-12,250215400.0
2011-05-13,318319300.0
2011-05-14,464266000.0
2011-05-15,303624900.0
2011-05-16,293535500.0
2011-05-17,272934700.0
2011-05-18,262815400.0
2011-05-19,244490600.0
2011-05-20,222010200.0
2011-05-21,266648200.0
2011-05-22,335713000.0
2011-05-23,241641400.0
2011-05-24,252001500.0
2011-05-25,297795800.0
2011-05-26,306464900.0
2011-05-27,274585700.0
2011-05-28,324341900.0
2011-05-29,295398900.0
2011-05-30,268433600.0
2011-05-31,260936200.0
2011-06-01,293980300.0
2011-06-02,385694700.0
2011-06-03,339061200.0
2011-06-04,366687200.0
2011-06-05,279902400.0
2011-06-06,262316600.0
2011-06-07,242960500.0
2011-06-08,202201100.0
2011-06-09,179418500.0
2011-06-10,175763000.0
2011-06-11,157822700.0
2011-06-12,155204200.0
2011-06-13,180610300.0
2011-06-14,212447500.0
2011-06-15,176127600.0
2011-06-16,165018700.0
2011-06-17,231913100.0
2011-06-18,219151900.0
2011-06-19,151016900.0
2011-06-20,161140700.0
2011-06-21,152723000.0
2011-06-22,176590700.0
2011-06-23,262706100.0
2011-06-24,230998300.0
2011-06-25,308965500.0
2011-06-26,266452600.0
2011-06-27,386723800.0
2011-06-28,198978700.0
2011-06-29,163357800.0
2011-06-30,187953700.0
2011-07-01,185155800.0
2011-07-02,154736300.0
2011-07-03,191235900.0
2011-07-04,169976800.0
2011-07-05,136419900.0
2011-07-06,191808100.0
2011-07-07,178179000.0
2011-07-08,133442200.0
2011-07-09,135075700.0
2011-07-10,133530800.0
2011-07-11,151468200.0
2011-07-12,169144600.0
2011-07-13,256197400.0
2011-07-14,304804600.0
2011-07-15,219059400.0
2011-07-16,198375000.0
2011-07-17,147387700.0
2011-07-18,251106200.0
2011-07-19,174872200.0
2011-07-20,173806100.0
2011-07-21,136688400.0
2011-07-22,144746400.0
2011-07-23,197516300.0
2011-07-24,162700100.0
2011-07-25,157019200.0
2011-07-26,144303900.0
2011-07-27,163278500.0
2011-07-28,194475300.0
2011-07-29,249696000.0
2011-07-30,245524200.0
2011-07-31,198164400.0
2011-08-01,174742000.0
2011-08-02,174481500.0
2011-08-03,174351500.0
2011-08-04,154038900.0
2011-08-05,130531700.0
2011-08-06,115764300.0
2011-08-07,136954500.0
2011-08-08,116213100.0
2011-08-09,117299100.0
2011-08-10,119700700.0
2011-08-11,153910700.0
2011-08-12,196891000.0
2011-08-13,151246700.0
2011-08-14,151795700.0
2011-08-15,169097800.0
2011-08-16,216812800.0
2011-08-17,194370600.0
2011-08-18,189517800.0
2011-08-19,237041600.0
2011-08-20,159472800.0
2011-08-21,143053200.0
2011-08-22,170599900.0
2011-08-23,205196700.0
2011-08-24,227103500.0
2011-08-25,151908500.0
2011-08-26,122512400.0
2011-08-27,125519600.0
2011-08-28,171620300.0
2011-08-29,128391400.0
2011-08-30,119716100.0
2011-08-31,109313500.0
2011-09-01,99410700.0
2011-09-02,94873900.0
2011-09-03,103734700.0
2011-09-04,107550400.0
2011-09-05,101335700.0
2011-09-06,122959700.0
2011-09-07,163225600.0
2011-09-08,147941600.0
2011-09-09,183853800.0
2011-09-10,141766800.0
2011-09-11,195992400.0
2011-09-12,286958900.0
2011-09-13,174913800.0
2011-09-14,150271000.0
2011-09-15,163322300.0
2011-09-16,154419500.0
2011-09-17,132959400.0
2011-09-18,220717100.0
2011-09-19,152559000.0
2011-09-20,238488400.0
2011-09-21,160759500.0
2011-09-22,133567300.0
2011-09-23,140329400.0
2011-09-24,124177600.0
2011-09-25,203015400.0
2011-09-26,217094500.0
2011-09-27,137386100.0
2011-09-28,137813500.0
2011-09-29,119097100.0
2011-09-30,128976700.0
2011-10-01,106680300.0
2011-10-02,106996000.0
2011-10-03,112261000.0
2011-10-04,158616100.0
2011-10-05,155087000.0
2011-10-06,144832500.0
2011-10-07,233563100.0
2011-10-08,175786600.0
2011-10-09,159260300.0
2011-10-10,211811200.0
2011-10-11,179534600.0
2011-10-12,209791900.0
2011-10-13,247917500.0
2011-10-14,227157700.0
2011-10-15,286110500.0
2011-10-16,272500600.0
2011-10-17,333990100.0
2011-10-18,287039300.0
2011-10-19,239471900.0
2011-10-20,245010300.0
2011-10-21,200035400.0
2011-10-22,222005800.0
2011-10-23,188231900.0
2011-10-24,231866500.0
2011-10-25,261215700.0
2011-10-26,208100100.0
2011-10-27,221307800.0
2011-10-28,255110100.0
2011-10-29,217620500.0
2011-10-30,257463700.0
2011-10-31,196454300.0
2011-11-01,150266100.0
2011-11-02,139466100.0
2011-11-03,144757800.0
2011-11-04,137385300.0
2011-11-05,173763500.0
2011-11-06,214984300.0
2011-11-07,175036400.0
2011-11-08,205145700.0
2011-11-09,207022600.0
2011-11-10,165441000.0
2011-11-11,190079700.0
2011-11-12,251889600.0
2011-11-13,230310500.0
2011-11-14,223581600.0
2011-11-15,261170600.0
2011-11-16,250781600.0
2011-11-17,325605600.0
2011-11-18,410669900.0
2011-11-19,364873200.0
2011-11-20,377126100.0
2011-11-21,342793400.0
2011-11-22,303750400.0
2011-11-23,304398400.0
2011-11-24,316016000.0
2011-11-25,261157200.0
2011-11-26,245993300.0
2011-11-27,265695700.0
2011-11-28,274933100.0
2011-11-29,350100700.0
2011-11-30,311130300.0
2011-12-01,305872800.0
2011-12-02,277081500.0
2011-12-03,267172900.0
2011-12-04,252054800.0
2011-12-05,322036200.0
2011-12-06,313289700.0
2011-12-07,350570100.0
2011-12-08,397120000.0
2011-12-09,270057200.0
2011-12-10,248039000.0
2011-12-11,243693600.0
2011-12-12,312908200.0
2011-12-13,288230500.0
2011-12-14,243219200.0
2011-12-15,299070700.0
2011-12-16,266956400.0
2011-12-17,249323900.0
2011-12-18,221774900.0
2011-12-19,237324800.0
2011-12-20,235769300.0
2011-12-21,168614200.0
2011-12-22,147285200.0
2011-12-23,137684600.0
2011-12-24,152967500.0
2011-12-25,141262600.0
2011-12-26,162291400.0
2011-12-27,166536800.0
2011-12-28,134495800.0
2011-12-29,191831300.0
2011-12-30,132673400.0
2011-12-31,127604400.0
2012-01-01,108042700.0
2012-01-02,109264400.0
2012-01-03,174760900.0
2012-01-04,142499900.0
2012-01-05,179569100.0
2012-01-06,161272400.0
2012-01-07,137063000.0
2012-01-08,120584600.0
2012-01-09,111341400.0
2012-01-10,107789900.0
2012-01-11,110041500.0
2012-01-12,97810500.0
2012-01-13,97113900.0
2012-01-14,143165100.0
2012-01-15,136531800.0
2012-01-16,106554800.0
2012-01-17,108005900.0
2012-01-18,167215700.0
2012-01-19,141091100.0
2012-01-20,130799100.0
2012-01-21,141831500.0
2012-01-22,157061700.0
2012-01-23,139456800.0
2012-01-24,136526700.0
2012-01-25,126647800.0
2012-01-26,119893500.0
2012-01-27,112594900.0
2012-01-28,103310800.0
2012-01-29,119169800.0
2012-01-30,128273700.0
2012-01-31,130429000.0
2012-02-01,101132500.0
2012-02-02,94353900.0
2012-02-03,79193300.0
2012-02-04,83905300.0
2012-02-05,92843600.0
2012-02-06,181087400.0
2012-02-07,136276400.0
2012-02-08,170751300.0
2012-02-09,124943400.0
2012-02-10,103065500.0
2012-02-11,100797800.0
2012-02-12,95060100.0
2012-02-13,82555000.0
2012-02-14,89463600.0
2012-02-15,83980100.0
2012-02-16,74392800.0
2012-02-17,73601800.0
2012-02-18,72777800.0
2012-02-19,64941500.0
2012-02-20,65883700.0
2012-02-21,63478800.0
2012-02-22,62000800.0
2012-02-23,58568100.0
2012-02-24,59902300.0
2012-02-25,69450900.0
2012-02-26,71778300.0
2012-02-27,72599900.0
2012-02-28,85199800.0
2012-02-29,81800300.0
2012-03-01,85996200.0
2012-03-02,70383400.0
2012-03-03,111029200.0
2012-03-04,136037200.0
2012-03-05,143828200.0
2012-03-06,89705200.0
2012-03-07,76605300.0
2012-03-08,71098400.0
2012-03-09,99936800.0
2012-03-10,95004600.0
2012-03-11,91855500.0
2012-03-12,126843300.0
2012-03-13,101740000.0
2012-03-14,81766800.0
2012-03-15,77877100.0
2012-03-16,88769900.0
2012-03-17,153772100.0
2012-03-18,109068300.0
2012-03-19,137890900.0
2012-03-20,141234300.0
2012-03-21,133300600.0
2012-03-22,187388100.0
2012-03-23,120752300.0
2012-03-24,160988800.0
2012-03-25,158330500.0
2012-03-26,167183800.0
2012-03-27,162742900.0
2012-03-28,156036800.0
2012-03-29,122451800.0
2012-03-30,205486900.0
2012-03-31,156569700.0
2012-04-01,129805100.0
2012-04-02,169693300.0
2012-04-03,183119500.0
2012-04-04,136570700.0
2012-04-05,130568100.0
2012-04-06,126299500.0
2012-04-07,250077500.0
2012-04-08,207730800.0
2012-04-09,194523500.0
2012-04-10,247069500.0
2012-04-11,333093000.0
2012-04-12,517632300.0
2012-04-13,347106800.0
2012-04-14,288330100.0
2012-04-15,269047800.0
2012-04-16,275769300.0
2012-04-17,244082200.0
2012-04-18,255631000.0
2012-04-19,303444500.0
2012-04-20,252274900.0
2012-04-21,292257200.0
2012-04-22,396714200.0
2012-04-23,252105800.0
2012-04-24,273472800.0
2012-04-25,244455700.0
2012-04-26,230005700.0
2012-04-27,222704300.0
2012-04-28,270542300.0
2012-04-29,209622600.0
2012-04-30,198442700.0
2012-05-01,493823300.0
2012-05-02,366513000.0
2012-05-03,303038700.0
2012-05-04,253536000.0
2012-05-05,241433300.0
2012-05-06,237151600.0
2012-05-07,278265100.0
2012-05-08,269634000.0
2012-05-09,281482600.0
2012-05-10,235138900.0
2012-05-11,241724000.0
2012-05-12,388008400.0
2012-05-13,282367300.0
2012-05-14,234603100.0
2012-05-15,176028800.0
2012-05-16,170656500.0
2012-05-17,157832600.0
2012-05-18,191446500.0
2012-05-19,239484200.0
2012-05-20,196336800.0
2012-05-21,255090000.0
2012-05-22,335508100.0
2012-05-23,297073600.0
2012-05-24,238047100.0
2012-05-25,215836400.0
2012-05-26,278002700.0
2012-05-27,172127500.0
2012-05-28,179533600.0
2012-05-29,159485600.0
2012-05-30,149675000.0
2012-05-31,135685200.0
2012-06-01,203347500.0
2012-06-02,216237300.0
2012-06-03,178986800.0
2012-06-04,136241100.0
2012-06-05,131390900.0
2012-06-06,119287500.0
2012-06-07,182170100.0
2012-06-08,182679400.0
2012-06-09,139678000.0
2012-06-10,190228800.0
2012-06-11,228414800.0
2012-06-12,233707400.0
2012-06-13,230759000.0
2012-06-14,195019500.0
2012-06-15,192950000.0
2012-06-16,234041100.0
2012-06-17,156293500.0
2012-06-18,147981400.0
2012-06-19,122012300.0
2012-06-20,117720200.0
2012-06-21,163490800.0
2012-06-22,108840000.0
2012-06-23,97607000.0
2012-06-24,98978100.0
2012-06-25,120920700.0
2012-06-26,141042000.0
2012-06-27,157888500.0
2012-06-28,164857000.0
2012-06-29,137958100.0
2012-06-30,191842900.0
2012-07-01,225362000.0
2012-07-02,150618200.0
2012-07-03,162165600.0
2012-07-04,171056100.0
2012-07-05,164933800.0
2012-07-06,185875600.0
2012-07-07,157701900.0
2012-07-08,117847100.0
2012-07-09,115895400.0
2012-07-10,142991200.0
2012-07-11,171130300.0
2012-07-12,206509200.0
2012-07-13,159275100.0
2012-07-14,203663200.0
2012-07-15,273469600.0
2012-07-16,172327200.0
2012-07-17,136939300.0
2012-07-18,144287800.0
2012-07-19,162168200.0
2012-07-20,133453500.0
2012-07-21,110247300.0
2012-07-22,137048700.0
2012-07-23,200737100.0
2012-07-24,221837800.0
2012-07-25,163263500.0
2012-07-26,221985700.0
2012-07-27,218549600.0
2012-07-28,259354800.0
2012-07-29,226648500.0
2012-07-30,360709900.0
2012-07-31,256313200.0
2012-08-01,256830300.0
2012-08-02,194137700.0
2012-08-03,155118900.0
2012-08-04,183108600.0
2012-08-05,185969200.0
2012-08-06,163052300.0
2012-08-07,131157200.0
2012-08-08,173131200.0
2012-08-09,183343500.0
2012-08-10,161412500.0
2012-08-11,143134600.0
2012-08-12,135227100.0
2012-08-13,185946800.0
2012-08-14,186905800.0
2012-08-15,194965900.0
2012-08-16,141063700.0
2012-08-17,239951400.0
2012-08-18,175520200.0
2012-08-19,185039600.0
2012-08-20,222618500.0
2012-08-21,139657200.0
2012-08-22,150480900.0
2012-08-23,212065700.0
2012-08-24,153040900.0
2012-08-25,161077700.0
2012-08-26,277058700.0
2012-08-27,170212900.0
2012-08-28,137313400.0
2012-08-29,192033100.0
2012-08-30,158847200.0
2012-08-31,146297000.0
2012-09-01,136246900.0
2012-09-02,109425200.0
2012-09-03,146170200.0
2012-09-04,126105500.0
2012-09-05,151042800.0
2012-09-06,121496500.0
2012-09-07,101914400.0
2012-09-08,113574000.0
2012-09-09,119575900.0
2012-09-10,133600700.0
2012-09-11,134232000.0
2012-09-12,117321600.0
2012-09-13,122150400.0
2012-09-14,103228200.0
2012-09-15,112082900.0
2012-09-16,94164800.0
2012-09-17,106934300.0
2012-09-18,115414600.0
2012-09-19,109204300.0
2012-09-20,109513900.0
2012-09-21,116898800.0
2012-09-22,136321000.0
2012-09-23,97782700.0
2012-09-24,90092200.0
2012-09-25,94250900.0
2012-09-26,79096500.0
2012-09-27,87595100.0
2012-09-28,75189800.0
2012-09-29,85749100.0
2012-09-30,94726200.0
2012-10-01,90150600.0
2012-10-02,115976500.0
2012-10-03,85608100.0
2012-10-04,124853400.0
2012-10-05,128563800.0
2012-10-06,142871700.0
2012-10-07,158978800.0
2012-10-08,115410700.0
2012-10-09,93993900.0
2012-10-10,97783600.0
2012-10-11,81495300.0
2012-10-12,105146600.0
2012-10-13,154980600.0
2012-10-14,137712800.0
2012-10-15,159414300.0
2012-10-16,173724500.0
2012-10-17,148186400.0
2012-10-18,232560200.0
2012-10-19,199561100.0
2012-10-20,232783700.0
2012-10-21,220926500.0
2012-10-22,211700200.0
2012-10-23,146427200.0
2012-10-24,165870400.0
2012-10-25,221560200.0
2012-10-26,138948000.0
2012-10-27,125526600.0
2012-10-28,104965100.0
2012-10-29,118771600.0
2012-10-30,158182700.0
2012-10-31,154843800.0
2012-11-01,182468900.0
2012-11-02,113942800.0
2012-11-03,128560600.0
2012-11-04,113254600.0
2012-11-05,144757200.0
2012-11-06,113118100.0
2012-11-07,107466700.0
2012-11-08,104596000.0
2012-11-09,99604100.0
2012-11-10,128496800.0
2012-11-11,98693600.0
2012-11-12,92829400.0
2012-11-13,99214900.0
2012-11-14,146558900.0
2012-11-15,164324300.0
2012-11-16,240626600.0
2012-11-17,224264600.0
2012-11-18,242931600.0
2012-11-19,156116500.0
2012-11-20,118792300.0
2012-11-21,116542100.0
2012-11-22,130975000.0
2012-11-23,110299800.0
2012-11-24,100149100.0
2012-11-25,91942500.0
2012-11-26,113799300.0
2012-11-27,114275600.0
2012-11-28,92861600.0
2012-11-29,101829300.0
2012-11-30,124544400.0
2012-12-01,127672600.0
2012-12-02,116565100.0
2012-12-03,122686400.0
2012-12-04,109250000.0
2012-12-05,118117600.0
2012-12-06,116034700.0
2012-12-07,98351700.0
2012-12-08,90802800.0
2012-12-09,82509200.0
2012-12-10,85006600.0
2012-12-11,77826100.0
2012-12-12,79902700.0
2012-12-13,89864600.0
2012-12-14,90849800.0
2012-12-15,88301100.0
2012-12-16,87919800.0
2012-12-17,87067900.0
2012-12-18,89312100.0
2012-12-19,90741800.0
2012-12-20,105892600.0
2012-12-21,98529300.0
2012-12-22,104570700.0
2012-12-23,137584900.0
2012-12-24,90966700.0
2012-12-25,86908600.0
2012-12-26,106222500.0
2012-12-27,97885500.0
2012-12-28,81750400.0
2012-12-29,71543800.0
2012-12-30,66456800.0
2012-12-31,60619700.0
2013-01-01,64981500.0
2013-01-02,69612400.0
2013-01-03,63955500.0
2013-01-04,56189600.0
2013-01-05,57780600.0
2013-01-06,58862700.0
2013-01-07,51303300.0
2013-01-08,46439200.0
2013-01-09,44430300.0
2013-01-10,49541500.0
2013-01-11,50423500.0
2013-01-12,49584000.0
2013-01-13,50434000.0
2013-01-14,63631300.0
2013-01-15,58503800.0
2013-01-16,62942300.0
2013-01-17,67561900.0
2013-01-18,62179100.0
2013-01-19,55944300.0
2013-01-20,54348000.0
2013-01-21,56556500.0
2013-01-22,59661000.0
2013-01-23,61387900.0
2013-01-24,59527800.0
2013-01-25,53829000.0
2013-01-26,63564700.0
2013-01-27,52968300.0
2013-01-28,49967400.0
2013-01-29,52890200.0
2013-01-30,49391600.0
2013-01-31,59295000.0
2013-02-01,54685700.0
2013-02-02,52831400.0
2013-02-03,62402000.0
2013-02-04,80293800.0
2013-02-05,80917200.0
2013-02-06,78357100.0
2013-02-07,70820200.0
2013-02-08,79222200.0
2013-02-09,112982200.0
2013-02-10,113988200.0
2013-02-11,115274500.0
2013-02-12,103952300.0
2013-02-13,78069700.0
2013-02-14,94160800.0
2013-02-15,76513100.0
2013-02-16,65212700.0
2013-02-17,86171200.0
2013-02-18,75890500.0
2013-02-19,70278600.0
2013-02-20,73483400.0
2013-02-21,72144600.0
2013-02-22,97843700.0
2013-02-23,58461100.0
2013-02-24,112103900.0
2013-02-25,71095700.0
2013-02-26,74801200.0
2013-02-27,84806400.0
2013-02-28,87868500.0
2013-03-01,124454700.0
2013-03-02,73544700.0
2013-03-03,84621900.0
2013-03-04,81752100.0
2013-03-05,75281900.0
2013-03-06,74481200.0
2013-03-07,70824400.0
2013-03-08,61004500.0
2013-03-09,59246900.0
2013-03-10,72648500.0
2013-03-11,66600400.0
2013-03-12,83648500.0
2013-03-13,101692400.0
2013-03-14,89371100.0
2013-03-15,160895900.0
2013-03-16,108797700.0
2013-03-17,158305100.0
2013-03-18,175814200.0
2013-03-19,146071500.0
2013-03-20,107393000.0
2013-03-21,139430700.0
2013-03-22,145514200.0
2013-03-23,105954900.0
2013-03-24,89292500.0
2013-03-25,94757900.0
2013-03-26,73665000.0
2013-03-27,70591100.0
2013-03-28,72607400.0
2013-03-29,79215300.0
2013-03-30,90734200.0
2013-03-31,80483400.0
2013-04-01,72005400.0
2013-04-02,75691900.0
2013-04-03,63653600.0
2013-04-04,55368000.0
2013-04-05,54329300.0
2013-04-06,58398900.0
2013-04-07,56840800.0
2013-04-08,59847700.0
2013-04-09,55767800.0
2013-04-10,67709800.0
2013-04-11,57083700.0
2013-04-12,69551600.0
2013-04-13,75783300.0
2013-04-14,78774900.0
2013-04-15,120409700.0
2013-04-16,102298100.0
2013-04-17,90788300.0
2013-04-18,113103500.0
2013-04-19,180479900.0
2013-04-20,170258200.0
2013-04-21,159787100.0
2013-04-22,144722300.0
2013-04-23,151735600.0
2013-04-24,120171300.0
2013-04-25,115144100.0
2013-04-26,127671600.0
2013-04-27,153888700.0
2013-04-28,126633900.0
2013-04-29,170689300.0
2013-04-30,139930400.0
2013-05-01,136055000.0
2013-05-02,146386500.0
2013-05-03,161741700.0
2013-05-04,152688400.0
2013-05-05,214848400.0
2013-05-06,171489100.0
2013-05-07,221029000.0
2013-05-08,191502900.0
2013-05-09,190001300.0
2013-05-10,214489200.0
2013-05-11,157068000.0
2013-05-12,140954200.0
2013-05-13,129915900.0
2013-05-14,125510600.0
2013-05-15,195745200.0
2013-05-16,167000600.0
2013-05-17,426319400.0
2013-05-18,199703400.0
2013-05-19,180643900.0
2013-05-20,198267200.0
2013-05-21,235506300.0
2013-05-22,374163200.0
2013-05-23,339136500.0
2013-05-24,466501400.0
2013-05-25,302180100.0
2013-05-26,283826900.0
2013-05-27,209506700.0
2013-05-28,182911600.0
2013-05-29,171339000.0
2013-05-30,187404300.0
2013-05-31,227539800.0
2013-06-01,181999400.0
2013-06-02,171718200.0
2013-06-03,186196800.0
2013-06-04,154704100.0
2013-06-05,130178000.0
2013-06-06,124524200.0
2013-06-07,138854300.0
2013-06-08,149680000.0
2013-06-09,133769000.0
2013-06-10,126830800.0
2013-06-11,136686600.0
2013-06-12,217547600.0
2013-06-13,175846500.0
2013-06-14,145611700.0
2013-06-15,157855300.0
2013-06-16,236152400.0
2013-06-17,157538700.0
2013-06-18,167295600.0
2013-06-19,139510700.0
2013-06-20,140558700.0
2013-06-21,146426000.0
2013-06-22,112314000.0
2013-06-23,126490000.0
2013-06-24,211348700.0
2013-06-25,165923800.0
2013-06-26,106150300.0
2013-06-27,104389400.0
2013-06-28,181815900.0
2013-06-29,124590500.0
2013-06-30,153725800.0
2013-07-01,177558300.0
2013-07-02,119885300.0
2013-07-03,118560500.0
2013-07-04,99075700.0
2013-07-05,117113100.0
2013-07-06,97921800.0
2013-07-07,101389600.0
2013-07-08,157818500.0
2013-07-09,184721900.0
2013-07-10,141138800.0
2013-07-11,195060200.0
2013-07-12,166479700.0
2013-07-13,121379400.0
2013-07-14,109993600.0
2013-07-15,158683400.0
2013-07-16,182269500.0
2013-07-17,208996700.0
2013-07-18,190714500.0
2013-07-19,161193500.0
2013-07-20,141004300.0
2013-07-21,202311200.0
2013-07-22,155264200.0
2013-07-23,150027700.0
2013-07-24,123968700.0
2013-07-25,109193200.0
2013-07-26,144961300.0
2013-07-27,122647300.0
2013-07-28,118125100.0
2013-07-29,168928100.0
2013-07-30,140381600.0
2013-07-31,171504800.0
2013-08-01,162395300.0
2013-08-02,202018000.0
2013-08-03,202427000.0
2013-08-04,154192500.0
2013-08-05,144689800.0
2013-08-06,114367400.0
2013-08-07,120450700.0
2013-08-08,183382400.0
2013-08-09,183949600.0
2013-08-10,175166200.0
2013-08-11,202659600.0
2013-08-12,199328100.0
2013-08-13,244811700.0
2013-08-14,175701600.0
2013-08-15,155071000.0
2013-08-16,198261400.0
2013-08-17,165942000.0
2013-08-18,199188900.0
2013-08-19,169952900.0
2013-08-20,241837000.0
2013-08-21,208553200.0
2013-08-22,232110900.0
2013-08-23,150988700.0
2013-08-24,167370800.0
2013-08-25,183697600.0
2013-08-26,190186300.0
2013-08-27,173458300.0
2013-08-28,141380800.0
2013-08-29,225839900.0
2013-08-30,148121800.0
2013-08-31,149422400.0
2013-09-01,204759700.0
2013-09-02,161442000.0
2013-09-03,177260300.0
2013-09-04,133749900.0
2013-09-05,125614200.0
2013-09-06,224124900.0
2013-09-07,184088700.0
2013-09-08,125997300.0
2013-09-09,153211400.0
2013-09-10,165111300.0
2013-09-11,160895200.0
2013-09-12,166616700.0
2013-09-13,134598300.0
2013-09-14,118502700.0
2013-09-15,167001300.0
2013-09-16,133645100.0
2013-09-17,136451800.0
2013-09-18,148741000.0
2013-09-19,163975400.0
2013-09-20,130172600.0
2013-09-21,107327500.0
2013-09-22,104768200.0
2013-09-23,96845100.0
2013-09-24,112177900.0
2013-09-25,96092900.0
2013-09-26,99857100.0
2013-09-27,117597600.0
2013-09-28,157260100.0
2013-09-29,171061400.0
2013-09-30,160252300.0
2013-10-01,142710800.0
2013-10-02,126028500.0
2013-10-03,153994800.0
2013-10-04,341075900.0
2013-10-05,167324800.0
2013-10-06,117864100.0
2013-10-07,111009400.0
2013-10-08,138792300.0
2013-10-09,110939700.0
2013-10-10,131353600.0
2013-10-11,115620500.0
2013-10-12,119930300.0
2013-10-13,184222800.0
2013-10-14,185433300.0
2013-10-15,176271900.0
2013-10-16,147337400.0
2013-10-17,137358200.0
2013-10-18,111852800.0
2013-10-19,112704000.0
2013-10-20,104630300.0
2013-10-21,138068000.0
2013-10-22,171875100.0
2013-10-23,125021600.0
2013-10-24,117575900.0
2013-10-25,103939300.0
2013-10-26,88980300.0
2013-10-27,111235100.0
2013-10-28,101564200.0
2013-10-29,92261000.0
2013-10-30,109519200.0
2013-10-31,113110000.0
2013-11-01,99757100.0
2013-11-02,102229700.0
2013-11-03,109057300.0
2013-11-04,239554900.0
2013-11-05,247247400.0
2013-11-06,211818400.0
2013-11-07,287644600.0
2013-11-08,191409900.0
2013-11-09,200467200.0
2013-11-10,189542900.0
2013-11-11,144811300.0
2013-11-12,171691600.0
2013-11-13,150993500.0
2013-11-14,168654100.0
2013-11-15,181773300.0
2013-11-16,131620700.0
2013-11-17,122112900.0
2013-11-18,115151500.0
2013-11-19,152323300.0
2013-11-20,163751000.0
2013-11-21,203184100.0
2013-11-22,125324600.0
2013-11-23,126926100.0
2013-11-24,152402000.0
2013-11-25,163024000.0
2013-11-26,183827100.0
2013-11-27,208114700.0
2013-11-28,173382700.0
2013-11-29,155796100.0
2013-11-30,207950400.0
2013-12-01,241419600.0
2013-12-02,307981000.0
2013-12-03,230454500.0
2013-12-04,178563600.0
2013-12-05,150430400.0
2013-12-06,148671800.0
2013-12-07,149918500.0
2013-12-08,155604300.0
2013-12-09,155477000.0
2013-12-10,126537700.0
2013-12-11,128473800.0
2013-12-12,118091700.0
2013-12-13,122017600.0
2013-12-14,107984900.0
2013-12-15,140453400.0
2013-12-16,108622200.0
2013-12-17,133993700.0
2013-12-18,130314200.0
2013-12-19,128047900.0
2013-12-20,105801700.0
2013-12-21,102728700.0
2013-12-22,140329800.0
2013-12-23,207421400.0
2013-12-24,169007800.0
2013-12-25,125060500.0
2013-12-26,107493400.0
2013-12-27,105179500.0
2013-12-28,96532500.0
2013-12-29,95752000.0
2013-12-30,93471200.0
2013-12-31,94627300.0
2014-01-01,89094000.0
2014-01-02,81609800.0
2014-01-03,99441100.0
2014-01-04,85628200.0
2014-01-05,84257000.0
2014-01-06,143822100.0
2014-01-07,125296400.0
2014-01-08,107233400.0
2014-01-09,109524700.0
2014-01-10,100415500.0
2014-01-11,104300700.0
2014-01-12,99699500.0
2014-01-13,81682600.0
2014-01-14,74681600.0
2014-01-15,76955400.0
2014-01-16,80294000.0
2014-01-17,78621700.0
2014-01-18,66511600.0
2014-01-19,69223200.0
2014-01-20,89087900.0
2014-01-21,71040900.0
2014-01-22,85855200.0
2014-01-23,75266500.0
2014-01-24,65346900.0
2014-01-25,72031600.0
2014-01-26,71354100.0
2014-01-27,63433900.0
2014-01-28,72737800.0
2014-01-29,79543700.0
2014-01-30,74227300.0
2014-01-31,71509600.0
2014-02-01,69645600.0
2014-02-02,82775200.0
2014-02-03,95573100.0
2014-02-04,72070300.0
2014-02-05,74947600.0
2014-02-06,80222600.0
2014-02-07,73708700.0
2014-02-08,67339800.0
2014-02-09,65764500.0
2014-02-10,75057700.0
2014-02-11,72545000.0
2014-02-12,67532800.0
2014-02-13,79273000.0
2014-02-14,73229200.0
2014-02-15,61790600.0
2014-02-16,65958500.0
2014-02-17,62897600.0
2014-02-18,78499600.0
2014-02-19,91609300.0
2014-02-20,89439800.0
2014-02-21,125822600.0
2014-02-22,102312900.0
2014-02-23,85774400.0
2014-02-24,90300700.0
2014-02-25,119493600.0
2014-02-26,95006200.0
2014-02-27,213615200.0
2014-02-28,191383000.0
2014-03-01,147330500.0
2014-03-02,117119600.0
2014-03-03,148495300.0
2014-03-04,144455100.0
2014-03-05,123216400.0
2014-03-06,114789800.0
2014-03-07,127391400.0
2014-03-08,134183900.0
2014-03-09,127773300.0
2014-03-10,110611400.0
2014-03-11,106454200.0
2014-03-12,126364300.0
2014-03-13,117136100.0
2014-03-14,114584100.0
2014-03-15,134841800.0
2014-03-16,123695400.0
2014-03-17,105985400.0
2014-03-18,116999300.0
2014-03-19,105806700.0
2014-03-20,87417100.0
2014-03-21,77422700.0
2014-03-22,77133100.0
2014-03-23,88300400.0
2014-03-24,78525000.0
2014-03-25,90280600.0
2014-03-26,117572600.0
2014-03-27,77280600.0
2014-03-28,70026100.0
2014-03-29,63229800.0
2014-03-30,59487600.0
2014-03-31,59446400.0
2014-04-01,57369000.0
2014-04-02,61384000.0
2014-04-03,66032700.0
2014-04-04,70191700.0
2014-04-05,84798600.0
2014-04-06,65077000.0
2014-04-07,107901000.0
2014-04-08,125918700.0
2014-04-09,100895800.0
2014-04-10,76677900.0
2014-04-11,62038700.0
2014-04-12,64845100.0
2014-04-13,64144000.0
2014-04-14,67979800.0
2014-04-15,77356500.0
2014-04-16,78656000.0
2014-04-17,102748400.0
2014-04-18,77071100.0
2014-04-19,135172800.0
2014-04-20,121907600.0
2014-04-21,112322300.0
2014-04-22,116194600.0
2014-04-23,122473600.0
2014-04-24,261231000.0
2014-04-25,136708700.0
2014-04-26,272950400.0
2014-04-27,170822400.0
2014-04-28,156261700.0
2014-04-29,214199100.0
2014-04-30,147495600.0
2014-05-01,130606400.0
2014-05-02,124148100.0
2014-05-03,120864300.0
2014-05-04,108432800.0
2014-05-05,99166200.0
2014-05-06,133482900.0
2014-05-07,120926900.0
2014-05-08,122918800.0
2014-05-09,240963200.0
2014-05-10,206183400.0
2014-05-11,277162300.0
2014-05-12,206725800.0
2014-05-13,201207100.0
2014-05-14,158142000.0
2014-05-15,159757800.0
2014-05-16,145058600.0
2014-05-17,169542300.0
2014-05-18,176809400.0
2014-05-19,125596800.0
2014-05-20,122327200.0
2014-05-21,126503700.0
2014-05-22,124780100.0
2014-05-23,126805200.0
2014-05-24,131448400.0
2014-05-25,98528300.0
2014-05-26,92739400.0
2014-05-27,106735400.0
2014-05-28,110363700.0
2014-05-29,141169700.0
2014-05-30,132678000.0
2014-05-31,169962300.0
2014-06-01,132627400.0
2014-06-02,155542500.0
2014-06-03,143742700.0
2014-06-04,146372800.0
2014-06-05,123449900.0
2014-06-06,167767800.0
2014-06-07,361607300.0
2014-06-08,267990000.0
2014-06-09,164342400.0
2014-06-10,231228900.0
2014-06-11,170137100.0
2014-06-12,123284900.0
2014-06-13,132308100.0
2014-06-14,334948100.0
2014-06-15,277932200.0
2014-06-16,172650900.0
2014-06-17,179313100.0
2014-06-18,197638100.0
2014-06-19,270479800.0
2014-06-20,234896400.0
2014-06-21,180299800.0
2014-06-22,194777200.0
2014-06-23,251179000.0
2014-06-24,328425200.0
2014-06-25,398212700.0
2014-06-26,304803800.0
2014-06-27,209085600.0
2014-06-28,172803300.0
2014-06-29,153225700.0
2014-06-30,161934300.0
2014-07-01,216575900.0
2014-07-02,237436500.0
2014-07-03,177461400.0
2014-07-04,165312900.0
2014-07-05,183686100.0
2014-07-06,143898600.0
2014-07-07,267748000.0
2014-07-08,235571500.0
2014-07-09,223144800.0
2014-07-10,178390000.0
2014-07-11,214540500.0
2014-07-12,212839800.0
2014-07-13,262607200.0
2014-07-14,291113500.0
2014-07-15,249558000.0
2014-07-16,195849400.0
2014-07-17,188246300.0
2014-07-18,228722500.0
2014-07-19,166991800.0
2014-07-20,174812100.0
2014-07-21,144116900.0
2014-07-22,169709900.0
2014-07-23,213821900.0
2014-07-24,179371300.0
2014-07-25,158195600.0
2014-07-26,148152800.0
2014-07-27,141572500.0
2014-07-28,115943600.0
2014-07-29,107614700.0
2014-07-30,110097600.0
2014-07-31,115135000.0
2014-08-01,90668900.0
2014-08-02,197635000.0
2014-08-03,134254400.0
2014-08-04,109790400.0
2014-08-05,98184900.0
2014-08-06,155326700.0
2014-08-07,202101500.0
2014-08-08,172913900.0
2014-08-09,187137100.0
2014-08-10,183870700.0
2014-08-11,165895400.0
2014-08-12,195856800.0
2014-08-13,150492000.0
2014-08-14,173795900.0
2014-08-15,123293200.0
2014-08-16,131755100.0
2014-08-17,170020500.0
2014-08-18,209467100.0
2014-08-19,179968500.0
2014-08-20,121131300.0
2014-08-21,110278100.0
2014-08-22,95641200.0
2014-08-23,121947200.0
2014-08-24,109874900.0
2014-08-25,137816900.0
2014-08-26,184272700.0
2014-08-27,151276100.0
2014-08-28,172094300.0
2014-08-29,141173400.0
2014-08-30,98290700.0
2014-08-31,95982400.0
2014-09-01,78333700.0
2014-09-02,100369700.0
2014-09-03,127964100.0
2014-09-04,135976700.0
2014-09-05,97346000.0
2014-09-06,132940100.0
2014-09-07,187380600.0
2014-09-08,141779100.0
2014-09-09,118095300.0
2014-09-10,106342000.0
2014-09-11,172936800.0
2014-09-12,166613600.0
2014-09-13,242150900.0
2014-09-14,211561000.0
2014-09-15,171183700.0
2014-09-16,138323500.0
2014-09-17,147638600.0
2014-09-18,117857500.0
2014-09-19,111815500.0
2014-09-20,193047100.0
2014-09-21,139166600.0
2014-09-22,137599600.0
2014-09-23,135126400.0
2014-09-24,119595600.0
2014-09-25,128536400.0
2014-09-26,145688600.0
2014-09-27,119122600.0
2014-09-28,95860700.0
2014-09-29,96881200.0
2014-09-30,79532900.0
2014-10-01,79814500.0
2014-10-02,74860000.0
2014-10-03,89225800.0
2014-10-04,89648300.0
2014-10-05,91505500.0
2014-10-06,110195900.0
2014-10-07,200208900.0
2014-10-08,192831500.0
2014-10-09,277464200.0
2014-10-10,196813500.0
2014-10-11,183867000.0
2014-10-12,184559100.0
2014-10-13,229583500.0
2014-10-14,174551500.0
2014-10-15,167037600.0
2014-10-16,160418100.0
2014-10-17,147283800.0
2014-10-18,185270700.0
2014-10-19,166375800.0
2014-10-20,138649500.0
2014-10-21,118235000.0
2014-10-22,157336800.0
2014-10-23,143216100.0
2014-10-24,159735900.0
2014-10-25,132772700.0
2014-10-26,193654300.0
2014-10-27,134630400.0
2014-10-28,129520300.0
2014-10-29,146805300.0
2014-10-30,172093200.0
2014-10-31,189329200.0
2014-11-01,154701500.0
2014-11-02,126003500.0
2014-11-03,105207200.0
2014-11-04,117523100.0
2014-11-05,125959000.0
2014-11-06,160879000.0
2014-11-07,170572800.0
2014-11-08,156647900.0
2014-11-09,150704500.0
2014-11-10,202737400.0
2014-11-11,248896300.0
2014-11-12,244472900.0
2014-11-13,219527700.0
2014-11-14,224720100.0
2014-11-15,152625200.0
2014-11-16,177367100.0
2014-11-17,141132100.0
2014-11-18,135096900.0
2014-11-19,168774300.0
2014-11-20,131240800.0
2014-11-21,138596000.0
2014-11-22,155251100.0
2014-11-23,157266900.0
2014-11-24,179765300.0
2014-11-25,137970800.0
2014-11-26,130080300.0
2014-11-27,119981200.0
2014-11-28,103624400.0
2014-11-29,92038800.0
2014-11-30,119050700.0
2014-12-01,153483900.0
2014-12-02,117519600.0
2014-12-03,88442000.0
2014-12-04,96075500.0
2014-12-05,101775900.0
2014-12-06,107908800.0
2014-12-07,132769000.0
2014-12-08,134714700.0
2014-12-09,155101000.0
2014-12-10,172244600.0
2014-12-11,179236400.0
2014-12-12,161817500.0
2014-12-13,150543800.0
2014-12-14,180879300.0
2014-12-15,158055900.0
2014-12-16,154940800.0
2014-12-17,125810300.0
2014-12-18,122526000.0
2014-12-19,116538700.0
2014-12-20,127402400.0
2014-12-21,119748400.0
2014-12-22,109013000.0
2014-12-23,95349700.0
2014-12-24,87819800.0
2014-12-25,95790600.0
2014-12-26,83608500.0
2014-12-27,77374300.0
2014-12-28,80865500.0
2014-12-29,73122700.0
2014-12-30,76878600.0
2014-12-31,80933400.0
2015-01-01,66256200.0
2015-01-02,64876900.0
2015-01-03,64367700.0
2015-01-04,57184800.0
2015-01-05,55485100.0
2015-01-06,59272500.0
2015-01-07,53695100.0
2015-01-08,49434400.0
2015-01-09,57623300.0
2015-01-10,52979000.0
2015-01-11,60622400.0
2015-01-12,61696900.0
2015-01-13,75203000.0
2015-01-14,55014500.0
2015-01-15,65634000.0
2015-01-16,64313100.0
2015-01-17,74673700.0
2015-01-18,75820700.0
2015-01-19,86441500.0
2015-01-20,78870100.0
2015-01-21,102883700.0
2015-01-22,123201900.0
2015-01-23,132902700.0
2015-01-24,100096200.0
2015-01-25,82292400.0
2015-01-26,62613900.0
2015-01-27,75961900.0
2015-01-28,76108500.0
2015-01-29,71313000.0
2015-01-30,79387800.0
2015-01-31,101992600.0
2015-02-01,144963500.0
2015-02-02,104001500.0
2015-02-03,99763800.0
2015-02-04,78639000.0
2015-02-05,68296800.0
2015-02-06,97878500.0
2015-02-07,87883900.0
2015-02-08,117325500.0
2015-02-09,120050700.0
2015-02-10,141358300.0
2015-02-11,119889700.0
2015-02-12,89347500.0
2015-02-13,199669600.0
2015-02-14,116989300.0
2015-02-15,98369300.0
2015-02-16,83986400.0
2015-02-17,76701200.0
2015-02-18,67561900.0
2015-02-19,69970700.0
2015-02-20,65398200.0
2015-02-21,74903500.0
2015-02-22,59733500.0
2015-02-23,61677100.0
2015-02-24,64503600.0
2015-02-25,55304700.0
2015-02-26,64442700.0
2015-02-27,84751200.0
2015-02-28,77426600.0
2015-03-01,79243500.0
2015-03-02,79793700.0
2015-03-03,68135700.0
2015-03-04,79272800.0
2015-03-05,82330700.0
2015-03-06,87331400.0
2015-03-07,73397300.0
2015-03-08,69376300.0
2015-03-09,56007200.0
2015-03-10,77641400.0
2015-03-11,70690600.0
2015-03-12,71985500.0
2015-03-13,75620800.0
2015-03-14,73308500.0
2015-03-15,69796000.0
2015-03-16,68357100.0
2015-03-17,65770500.0
2015-03-18,98356500.0
2015-03-19,129427100.0
2015-03-20,131916600.0
2015-03-21,147206900.0
2015-03-22,109872200.0
2015-03-23,108048700.0
2015-03-24,79572300.0
2015-03-25,80777700.0
2015-03-26,89239600.0
2015-03-27,64020300.0
2015-03-28,85117300.0
2015-03-29,141460700.0
2015-03-30,106647200.0
2015-03-31,116603200.0
2015-04-01,98458600.0
2015-04-02,92779200.0
2015-04-03,187411700.0
2015-04-04,156874200.0
2015-04-05,131050400.0
2015-04-06,121713700.0
2015-04-07,145517300.0
2015-04-08,161032600.0
2015-04-09,127916800.0
2015-04-10,108434800.0
2015-04-11,177843900.0
2015-04-12,176243800.0
2015-04-13,139693300.0
2015-04-14,181815000.0
2015-04-15,179420000.0
2015-04-16,188983600.0
2015-04-17,183989300.0
2015-04-18,186283700.0
2015-04-19,212995700.0
2015-04-20,197870100.0
2015-04-21,185934400.0
2015-04-22,144293300.0
2015-04-23,119358400.0
2015-04-24,120562900.0
2015-04-25,161931500.0
2015-04-26,144896800.0
2015-04-27,138872600.0
2015-04-28,150363800.0
2015-04-29,112375300.0
2015-04-30,90002500.0
2015-05-01,107814900.0
2015-05-02,82366400.0
2015-05-03,83727400.0
2015-05-04,91553500.0
2015-05-05,76426500.0
2015-05-06,79758700.0
2015-05-07,95403700.0
2015-05-08,119189900.0
2015-05-09,80022400.0
2015-05-10,93679400.0
2015-05-11,76843300.0
2015-05-12,79771300.0
2015-05-13,79189400.0
2015-05-14,81572600.0
2015-05-15,136425500.0
2015-05-16,156026900.0
2015-05-17,172167000.0
2015-05-18,231342600.0
2015-05-19,148858900.0
2015-05-20,130925600.0
2015-05-21,258627900.0
2015-05-22,175894100.0
2015-05-23,151348800.0
2015-05-24,131153700.0
2015-05-25,215707200.0
2015-05-26,165648100.0
2015-05-27,153409600.0
2015-05-28,167650000.0
2015-05-29,310244700.0
2015-05-30,374661300.0
2015-05-31,251701600.0
2015-06-01,216049100.0
2015-06-02,190737000.0
2015-06-03,175703300.0
2015-06-04,231686400.0
2015-06-05,288224200.0
2015-06-06,207413400.0
2015-06-07,164478600.0
2015-06-08,162205600.0
2015-06-09,219222500.0
2015-06-10,213343400.0
2015-06-11,223610200.0
2015-06-12,150166400.0
2015-06-13,217689900.0
2015-06-14,181757000.0
2015-06-15,194014400.0
2015-06-16,181747400.0
2015-06-17,139151700.0
2015-06-18,178118500.0
2015-06-19,230610300.0
2015-06-20,197822600.0
2015-06-21,184172000.0
2015-06-22,392439400.0
2015-06-23,311764100.0
2015-06-24,254269400.0
2015-06-25,373037200.0
2015-06-26,383943000.0
2015-06-27,351553900.0
2015-06-28,306491400.0
2015-06-29,272840100.0
2015-06-30,193338100.0
2015-07-01,170228000.0
2015-07-02,153734900.0
2015-07-03,127077200.0
2015-07-04,132608600.0
2015-07-05,144509100.0
2015-07-06,141880800.0
2015-07-07,130428000.0
2015-07-08,151243700.0
2015-07-09,119098000.0
2015-07-10,169008200.0
2015-07-11,126055900.0
2015-07-12,146546000.0
2015-07-13,112283600.0
2015-07-14,97539700.0
2015-07-15,253126100.0
2015-07-16,268375900.0
2015-07-17,213083400.0
2015-07-18,247222400.0
2015-07-19,220847800.0
2015-07-20,263658700.0
2015-07-21,234908300.0
2015-07-22,346033000.0
2015-07-23,290965800.0
2015-07-24,221080400.0
2015-07-25,163823600.0
2015-07-26,138264200.0
2015-07-27,249290900.0
2015-07-28,217176700.0
2015-07-29,291454900.0
2015-07-30,363354400.0
2015-07-31,274388200.0
2015-08-01,221549300.0
2015-08-02,171593700.0
2015-08-03,152523900.0
2015-08-04,162040900.0
2015-08-05,142181000.0
2015-08-06,128783800.0
2015-08-07,123202500.0
2015-08-08,168936500.0
2015-08-09,206798100.0
2015-08-10,162080800.0
2015-08-11,160656500.0
2015-08-12,120309000.0
2015-08-13,152250700.0
2015-08-14,215768100.0
2015-08-15,239440500.0
2015-08-16,362046800.0
2015-08-17,234800100.0
2015-08-18,288312800.0
2015-08-19,175605600.0
2015-08-20,209482600.0
2015-08-21,206935700.0
2015-08-22,141983000.0
2015-08-23,138079200.0
2015-08-24,158777000.0
2015-08-25,165312300.0
2015-08-26,200681800.0
2015-08-27,158618500.0
2015-08-28,169616200.0
2015-08-29,123699800.0
2015-08-30,106541200.0
2015-08-31,129038800.0
2015-09-01,114305500.0
2015-09-02,145008100.0
2015-09-03,110335500.0
2015-09-04,96276100.0
2015-09-05,108311600.0
2015-09-06,218494200.0
2015-09-07,166597300.0
2015-09-08,155447100.0
2015-09-09,122899600.0
2015-09-10,172606900.0
2015-09-11,183007000.0
2015-09-12,115675100.0
2015-09-13,95111900.0
2015-09-14,87564000.0
2015-09-15,97038800.0
2015-09-16,82330100.0
2015-09-17,98318200.0
2015-09-18,103427300.0
2015-09-19,126421200.0
2015-09-20,202841500.0
2015-09-21,120686100.0
2015-09-22,89430400.0
2015-09-23,82359900.0
2015-09-24,94910700.0
2015-09-25,84172600.0
2015-09-26,66697100.0
2015-09-27,62441400.0
2015-09-28,62757100.0
2015-09-29,70961600.0
2015-09-30,77565500.0
2015-10-01,69590700.0
2015-10-02,80785000.0
2015-10-03,117405300.0
2015-10-04,82203000.0
2015-10-05,83325300.0
2015-10-06,67007300.0
2015-10-07,77681000.0
2015-10-08,95323500.0
2015-10-09,97909900.0
2015-10-10,72267300.0
2015-10-11,140259800.0
2015-10-12,89441900.0
2015-10-13,126518600.0
2015-10-14,127661400.0
2015-10-15,183840900.0
2015-10-16,162056400.0
2015-10-17,111655200.0
2015-10-18,110333300.0
2015-10-19,88643600.0
2015-10-20,77174000.0
2015-10-21,80410400.0
2015-10-22,74995400.0
2015-10-23,73858500.0
2015-10-24,103230200.0
2015-10-25,111325300.0
2015-10-26,111095100.0
2015-10-27,90316300.0
2015-10-28,88038400.0
2015-10-29,94778700.0
2015-10-30,95136700.0
2015-10-31,79092700.0
2015-11-01,117961200.0
2015-11-02,135306700.0
2015-11-03,94030500.0
2015-11-04,118170200.0
2015-11-05,169316000.0
2015-11-06,178009000.0
2015-11-07,201556200.0
2015-11-08,174690500.0
2015-11-09,130712100.0
2015-11-10,187076200.0
2015-11-11,119484100.0
2015-11-12,98627500.0
2015-11-13,83850800.0
2015-11-14,91693500.0
2015-11-15,133541300.0
2015-11-16,104609500.0
2015-11-17,145771300.0
2015-11-18,136924600.0
2015-11-19,123891500.0
2015-11-20,139544400.0
2015-11-21,136506800.0
2015-11-22,131889100.0
2015-11-23,136625300.0
2015-11-24,115923700.0
2015-11-25,129066800.0
2015-11-26,102865700.0
2015-11-27,110591900.0
2015-11-28,100262500.0
2015-11-29,92186100.0
2015-11-30,100634800.0
2015-12-01,101300700.0
2015-12-02,85251200.0
2015-12-03,103717700.0
2015-12-04,150994700.0
2015-12-05,113007000.0
2015-12-06,103469300.0
2015-12-07,79830600.0
2015-12-08,77463700.0
2015-12-09,74951800.0
2015-12-10,81365600.0
2015-12-11,68619700.0
2015-12-12,64359800.0
2015-12-13,59705900.0
2015-12-14,66715200.0
2015-12-15,79295900.0
2015-12-16,72914900.0
2015-12-17,90540200.0
2015-12-18,85102500.0
2015-12-19,92825700.0
2015-12-20,72876400.0
2015-12-21,65812000.0
2015-12-22,59530400.0
2015-12-23,56954000.0
2015-12-24,56427300.0
2015-12-25,58402800.0
2015-12-26,53911100.0
2015-12-27,46685300.0
2015-12-28,50068500.0
2015-12-29,49963700.0
2015-12-30,52488500.0
2015-12-31,60080700.0
2016-01-01,63496200.0
2016-01-02,55776100.0
2016-01-03,61744800.0
2016-01-04,70137500.0
2016-01-05,64121400.0
2016-01-06,66516300.0
2016-01-07,66291100.0
2016-01-08,56916800.0
2016-01-09,58531700.0
2016-01-10,55702100.0
2016-01-11,55021300.0
2016-01-12,51698900.0
2016-01-13,57472800.0
2016-01-14,47998200.0
2016-01-15,49197100.0
2016-01-16,48121500.0
2016-01-17,45333900.0
2016-01-18,41216600.0
2016-01-19,42112100.0
2016-01-20,42335600.0
2016-01-21,43189600.0
2016-01-22,47088800.0
2016-01-23,48413500.0
2016-01-24,47465300.0
2016-01-25,46310500.0
2016-01-26,45038600.0
2016-01-27,44929900.0
2016-01-28,43688500.0
2016-01-29,47299500.0
2016-01-30,42957700.0
2016-01-31,39773100.0
2016-02-01,43195600.0
2016-02-02,40868300.0
2016-02-03,43866100.0
2016-02-04,36780700.0
2016-02-05,47097800.0
2016-02-06,43320300.0
2016-02-07,40647300.0
2016-02-08,55001700.0
2016-02-09,52366900.0
2016-02-10,50756000.0
2016-02-11,57174700.0
2016-02-12,56716300.0
2016-02-13,48221200.0
2016-02-14,52675600.0
2016-02-15,47824400.0
2016-02-16,43779400.0
2016-02-17,79696800.0
2016-02-18,52527100.0
2016-02-19,45676900.0
2016-02-20,57065100.0
2016-02-21,99150400.0
2016-02-22,65537600.0
2016-02-23,67758700.0
2016-02-24,54552300.0
2016-02-25,68173600.0
2016-02-26,60108800.0
2016-02-27,61497800.0
2016-02-28,48180300.0
2016-02-29,45490900.0
2016-03-01,45421100.0
2016-03-02,46482500.0
2016-03-03,56271800.0
2016-03-04,59948800.0
2016-03-05,54530100.0
2016-03-06,67143400.0
2016-03-07,55494000.0
2016-03-08,61398600.0
2016-03-09,57312300.0
2016-03-10,52917900.0
2016-03-11,59680800.0
2016-03-12,72388700.0
2016-03-13,60744300.0
2016-03-14,65546700.0
2016-03-15,58702900.0
2016-03-16,52825100.0
2016-03-17,95579000.0
2016-03-18,87299900.0
2016-03-19,77517400.0
2016-03-20,92679400.0
2016-03-21,77882300.0
2016-03-22,69651800.0
2016-03-23,67624500.0
2016-03-24,61607000.0
2016-03-25,50287600.0
2016-03-26,47210800.0
2016-03-27,59224300.0
2016-03-28,52809100.0
2016-03-29,51652100.0
2016-03-30,68065400.0
2016-03-31,75202700.0
2016-04-01,79204600.0
2016-04-02,120171800.0
2016-04-03,135858700.0
2016-04-04,204128300.0
2016-04-05,129696500.0
2016-04-06,103478900.0
2016-04-07,83440000.0
2016-04-08,103965500.0
2016-04-09,156104200.0
2016-04-10,143040800.0
2016-04-11,122859800.0
2016-04-12,189941600.0
2016-04-13,166204000.0
2016-04-14,124023100.0
2016-04-15,96632800.0
2016-04-16,109635300.0
2016-04-17,134080400.0
2016-04-18,125799500.0
2016-04-19,89351600.0
2016-04-20,90806900.0
2016-04-21,98139400.0
2016-04-22,136457000.0
2016-04-23,112807300.0
2016-04-24,142878400.0
2016-04-25,146437400.0
2016-04-26,135476300.0
2016-04-27,158126100.0
2016-04-28,193568400.0
2016-04-29,241197800.0
2016-04-30,177291900.0
2016-05-01,185507800.0
2016-05-02,165512200.0
2016-05-03,143929800.0
2016-05-04,171186600.0
2016-05-05,120457400.0
2016-05-06,167895700.0
2016-05-07,176526900.0
2016-05-08,155034200.0
2016-05-09,209489000.0
2016-05-10,237395600.0
2016-05-11,168105200.0
2016-05-12,141137600.0
2016-05-13,170825300.0
2016-05-14,138885700.0
2016-05-15,152320500.0
2016-05-16,138333400.0
2016-05-17,197087400.0
2016-05-18,173510600.0
2016-05-19,186624500.0
2016-05-20,130545000.0
2016-05-21,131291900.0
2016-05-22,124727000.0
2016-05-23,127945900.0
2016-05-24,264127700.0
2016-05-25,188570700.0
2016-05-26,225189500.0
2016-05-27,166167300.0
2016-05-28,227129800.0
2016-05-29,247366300.0
2016-05-30,181035300.0
2016-05-31,233845100.0
2016-06-01,165887100.0
2016-06-02,157670800.0
2016-06-03,169882200.0
2016-06-04,173583500.0
2016-06-05,129929300.0
2016-06-06,117353700.0
2016-06-07,142174900.0
2016-06-08,129499000.0
2016-06-09,135102000.0
2016-06-10,168895700.0
2016-06-11,145810400.0
2016-06-12,132744800.0
2016-06-13,146477400.0
2016-06-14,134838600.0
2016-06-15,146408900.0
2016-06-16,163522400.0
2016-06-17,140199400.0
2016-06-18,129380500.0
2016-06-19,194671700.0
2016-06-20,230031400.0
2016-06-21,222677600.0
2016-06-22,182730300.0
2016-06-23,165300300.0
2016-06-24,234183800.0
2016-06-25,220869100.0
2016-06-26,257890100.0
2016-06-27,167423200.0
2016-06-28,159123900.0
2016-06-29,186254900.0
2016-06-30,202257900.0
2016-07-01,270475900.0
2016-07-02,252916600.0
2016-07-03,310386700.0
2016-07-04,226895900.0
2016-07-05,233257900.0
2016-07-06,420360000.0
2016-07-07,276528300.0
2016-07-08,189154800.0
2016-07-09,146997700.0
2016-07-10,135733200.0
2016-07-11,196364700.0
2016-07-12,185136000.0
2016-07-13,157183600.0
2016-07-14,140719700.0
2016-07-15,230678700.0
2016-07-16,188119700.0
2016-07-17,143704800.0
2016-07-18,245110800.0
2016-07-19,159966800.0
2016-07-20,216180200.0
2016-07-21,204192900.0
2016-07-22,188165600.0
2016-07-23,206690000.0
2016-07-24,173920100.0
2016-07-25,174508900.0
2016-07-26,145972700.0
2016-07-27,278487400.0
2016-07-28,198097600.0
2016-07-29,167891600.0
2016-07-30,145505600.0
2016-07-31,163276300.0
2016-08-01,171970200.0
2016-08-02,159901100.0
2016-08-03,160489000.0
2016-08-04,166811300.0
2016-08-05,137900200.0
2016-08-06,111103900.0
2016-08-07,112838000.0
2016-08-08,150549700.0
2016-08-09,140457400.0
2016-08-10,146498100.0
2016-08-11,147846000.0
2016-08-12,129797600.0
2016-08-13,161967000.0
2016-08-14,125894000.0
2016-08-15,179469900.0
2016-08-16,149797300.0
2016-08-17,214276700.0
2016-08-18,389964200.0
2016-08-19,207228400.0
2016-08-20,145103800.0
2016-08-21,125063100.0
2016-08-22,151298000.0
2016-08-23,137491500.0
2016-08-24,138815900.0
2016-08-25,118214500.0
2016-08-26,153039000.0
2016-08-27,201372100.0
2016-08-28,165531300.0
2016-08-29,117343900.0
2016-08-30,190736600.0
2016-08-31,129762900.0
2016-09-01,299613500.0
2016-09-02,178463300.0
2016-09-03,142739200.0
2016-09-04,156677300.0
2016-09-05,174046500.0
2016-09-06,190731700.0
2016-09-07,244958700.0
2016-09-08,159469000.0
2016-09-09,146247200.0
2016-09-10,184830600.0
2016-09-11,312604400.0
2016-09-12,242960100.0
2016-09-13,161423300.0
2016-09-14,243086200.0
2016-09-15,305630200.0
2016-09-16,169530600.0
2016-09-17,135034500.0
2016-09-18,140970200.0
2016-09-19,174844100.0
2016-09-20,136291500.0
2016-09-21,225426900.0
2016-09-22,143850800.0
2016-09-23,141625000.0
2016-09-24,244156900.0
2016-09-25,263594300.0
2016-09-26,173784000.0
2016-09-27,223134600.0
2016-09-28,172355000.0
2016-09-29,136163700.0
2016-09-30,136820000.0
2016-10-01,159320100.0
2016-10-02,157556400.0
2016-10-03,131443400.0
2016-10-04,144858600.0
2016-10-05,133841100.0
2016-10-06,135045800.0
2016-10-07,147554800.0
2016-10-08,166013400.0
2016-10-09,155518000.0
2016-10-10,220313700.0
2016-10-11,185672100.0
2016-10-12,250333700.0
2016-10-13,157388100.0
2016-10-14,213314300.0
2016-10-15,163244600.0
2016-10-16,182678800.0
2016-10-17,171848200.0
2016-10-18,182254300.0
2016-10-19,135022700.0
2016-10-20,159211900.0
2016-10-21,141863500.0
2016-10-22,160811100.0
2016-10-23,130310100.0
2016-10-24,124458200.0
2016-10-25,177883400.0
2016-10-26,174324500.0
2016-10-27,213537500.0
2016-10-28,208827000.0
2016-10-29,255176400.0
2016-10-30,151494400.0
2016-10-31,155200500.0
2016-11-01,185193900.0
2016-11-02,169294200.0
2016-11-03,149788500.0
2016-11-04,155472300.0
2016-11-05,168315000.0
2016-11-06,175302300.0
2016-11-07,182802100.0
2016-11-08,167120200.0
2016-11-09,161926800.0
2016-11-10,180065500.0
2016-11-11,390974400.0
2016-11-12,201022600.0
2016-11-13,179800600.0
2016-11-14,218716100.0
2016-11-15,233685000.0
2016-11-16,225051800.0
2016-11-17,216222000.0
2016-11-18,213298900.0
2016-11-19,293362400.0
2016-11-20,261685400.0
2016-11-21,180129300.0
2016-11-22,152803800.0
2016-11-23,141663600.0
2016-11-24,168826900.0
2016-11-25,215634600.0
2016-11-26,203954800.0
2016-11-27,227973100.0
2016-11-28,220790700.0
2016-11-29,284336400.0
2016-11-30,176552600.0
2016-12-01,223131100.0
2016-12-02,241633200.0
2016-12-03,274260100.0
2016-12-04,243945400.0
2016-12-05,225212100.0
2016-12-06,201937100.0
2016-12-07,173638300.0
2016-12-08,201255900.0
2016-12-09,165729500.0
2016-12-10,206746100.0
2016-12-11,198350900.0
2016-12-12,144757000.0
2016-12-13,136499400.0
2016-12-14,157340200.0
2016-12-15,127089300.0
2016-12-16,120757400.0
2016-12-17,125069000.0
2016-12-18,125634800.0
2016-12-19,110082800.0
2016-12-20,111084500.0
2016-12-21,173572600.0
2016-12-22,148265700.0
2016-12-23,139872400.0
2016-12-24,141269500.0
2016-12-25,124486600.0
2016-12-26,124650400.0
2016-12-27,139561600.0
2016-12-28,122065900.0
2016-12-29,105104000.0
2016-12-30,132706300.0
2016-12-31,158507200.0
2017-01-01,137712300.0
2017-01-02,125385900.0
2017-01-03,100514800.0
2017-01-04,99264800.0
2017-01-05,122459500.0
2017-01-06,110019300.0
2017-01-07,116773800.0
2017-01-08,183269000.0
2017-01-09,162421800.0
2017-01-10,149167100.0
2017-01-11,145275600.0
2017-01-12,135559900.0
2017-01-13,144937400.0
2017-01-14,130270300.0
2017-01-15,116190000.0
2017-01-16,115480400.0
2017-01-17,129944800.0
2017-01-18,154202600.0
2017-01-19,153341500.0
2017-01-20,141442800.0
2017-01-21,156895500.0
2017-01-22,123140300.0
2017-01-23,100860500.0
2017-01-24,90869900.0
2017-01-25,87623800.0
2017-01-26,116456700.0
2017-01-27,130582700.0
2017-01-28,121760400.0
2017-01-29,110837400.0
2017-01-30,146414800.0
2017-01-31,100985000.0
2017-02-01,104966400.0
2017-02-02,90912600.0
2017-02-03,88538500.0
2017-02-04,86882500.0
2017-02-05,87321100.0
2017-02-06,79784700.0
2017-02-07,64335100.0
2017-02-08,66050100.0
2017-02-09,68591500.0
2017-02-10,71713600.0
2017-02-11,83742100.0
2017-02-12,94658700.0
2017-02-13,94827300.0
2017-02-14,73603700.0
2017-02-15,62891100.0
2017-02-16,64218900.0
2017-02-17,73935000.0
2017-02-18,68433100.0
2017-02-19,61301600.0
2017-02-20,65021500.0
2017-02-21,66489300.0
2017-02-22,74993000.0
2017-02-23,74542700.0
2017-02-24,102071800.0
2017-02-25,98606000.0
2017-02-26,108636100.0
2017-02-27,107894700.0
2017-02-28,88872800.0
2017-03-01,93428600.0
2017-03-02,113600500.0
2017-03-03,108144400.0
2017-03-04,95416400.0
2017-03-05,95774900.0
2017-03-06,107194700.0
2017-03-07,132223400.0
2017-03-08,181674400.0
2017-03-09,161911700.0
2017-03-10,153855800.0
2017-03-11,136685700.0
2017-03-12,205372600.0
2017-03-13,168616300.0
2017-03-14,171053800.0
2017-03-15,187964800.0
2017-03-16,146478200.0
2017-03-17,120678500.0
2017-03-18,118478400.0
2017-03-19,123952700.0
2017-03-20,120465700.0
2017-03-21,124542300.0
2017-03-22,165707300.0
2017-03-23,262529100.0
2017-03-24,236481400.0
2017-03-25,203072000.0
2017-03-26,390408000.0
2017-03-27,311152200.0
2017-03-28,293971600.0
2017-03-29,313686300.0
2017-03-30,304941800.0
2017-03-31,369797100.0
2017-04-01,332978600.0
2017-04-02,212079700.0
2017-04-03,176137400.0
2017-04-04,139033700.0
2017-04-05,120222100.0
2017-04-06,107375600.0
2017-04-07,116145900.0
2017-04-08,110043200.0
2017-04-09,173155000.0
2017-04-10,146022300.0
2017-04-11,149818700.0
2017-04-12,186876900.0
2017-04-13,174073400.0
2017-04-14,191073100.0
2017-04-15,140037600.0
2017-04-16,134762700.0
2017-04-17,176112800.0
2017-04-18,150147000.0
2017-04-19,207481100.0
2017-04-20,173865200.0
2017-04-21,248721900.0
2017-04-22,161804300.0
2017-04-23,130706200.0
2017-04-24,133173600.0
2017-04-25,151140600.0
2017-04-26,253914900.0
2017-04-27,141909800.0
2017-04-28,120844900.0
2017-04-29,123726000.0
2017-04-30,197552100.0
2017-05-01,194943000.0
2017-05-02,257640400.0
2017-05-03,189159100.0
2017-05-04,229559400.0
2017-05-05,226551700.0
2017-05-06,429693500.0
2017-05-07,287031600.0
2017-05-08,408884000.0
2017-05-09,295138200.0
2017-05-10,395071200.0
2017-05-11,338703700.0
2017-05-12,322806600.0
2017-05-13,370098500.0
2017-05-14,415122100.0
2017-05-15,476524100.0
2017-05-16,449796000.0
2017-05-17,377421500.0
2017-05-18,427235800.0
2017-05-19,288668800.0
2017-05-20,275886300.0
2017-05-21,276843300.0
2017-05-22,300706300.0
2017-05-23,212639100.0
2017-05-24,199643300.0
2017-05-25,184868200.0
2017-05-26,157230900.0
2017-05-27,167270500.0
2017-05-28,142167900.0
2017-05-29,147341200.0
2017-05-30,217131700.0
2017-05-31,204148900.0
2017-06-01,228931300.0
2017-06-02,214589900.0
2017-06-03,133265300.0
2017-06-04,171610500.0
2017-06-05,230468400.0
2017-06-06,146013300.0
2017-06-07,342984300.0
2017-06-08,251505600.0
2017-06-09,212628000.0
2017-06-10,183305300.0
2017-06-11,209698200.0
2017-06-12,304566200.0
2017-06-13,426481000.0
2017-06-14,283089700.0
2017-06-15,435645400.0
2017-06-16,256178600.0
2017-06-17,264925900.0
2017-06-18,232335200.0
2017-06-19,244818900.0
2017-06-20,241540600.0
2017-06-21,287800400.0
2017-06-22,215058400.0
2017-06-23,229859800.0
2017-06-24,178548000.0
2017-06-25,178094400.0
2017-06-26,240972500.0
2017-06-27,255747700.0
2017-06-28,218411600.0
2017-06-29,169380100.0
2017-06-30,250635500.0
2017-07-01,217551600.0
2017-07-02,226858600.0
2017-07-03,194828400.0
2017-07-04,182070500.0
2017-07-05,165339000.0
2017-07-06,226339000.0
2017-07-07,160919200.0
2017-07-08,166017600.0
2017-07-09,200636100.0
2017-07-10,206828300.0
2017-07-11,217354200.0
2017-07-12,235427600.0
2017-07-13,182437600.0
2017-07-14,165476100.0
2017-07-15,180551500.0
2017-07-16,164438400.0
2017-07-17,168989600.0
2017-07-18,260352500.0
2017-07-19,254682800.0
2017-07-20,249389800.0
2017-07-21,161713800.0
2017-07-22,144023400.0
2017-07-23,181630800.0
2017-07-24,155177000.0
2017-07-25,284845100.0
2017-07-26,235209700.0
2017-07-27,200910100.0
2017-07-28,223248600.0
2017-07-29,182237700.0
2017-07-30,217075300.0
2017-07-31,199376200.0
2017-08-01,168874900.0
2017-08-02,142458100.0
2017-08-03,131181700.0
2017-08-04,216288500.0
2017-08-05,143252900.0
2017-08-06,124430700.0
2017-08-07,152152300.0
2017-08-08,183823300.0
2017-08-09,245790600.0
2017-08-10,154577400.0
2017-08-11,167184500.0
2017-08-12,201512200.0
2017-08-13,123764800.0
2017-08-14,110762900.0
2017-08-15,116981700.0
2017-08-16,158409100.0
2017-08-17,122308800.0
2017-08-18,124662500.0
2017-08-19,171935100.0
2017-08-20,159547700.0
2017-08-21,136030800.0
2017-08-22,146627300.0
2017-08-23,121202200.0
2017-08-24,165668400.0
2017-08-25,123340700.0
2017-08-26,127955200.0
2017-08-27,155211100.0
2017-08-28,127059000.0
2017-08-29,176842500.0
2017-08-30,218395700.0
2017-08-31,180923500.0
2017-09-01,122891100.0
2017-09-02,178647900.0
2017-09-03,133610200.0
2017-09-04,117428100.0
2017-09-05,140068900.0
2017-09-06,138019600.0
2017-09-07,147571400.0
2017-09-08,169446500.0
2017-09-09,173653300.0
2017-09-10,220404300.0
2017-09-11,144243100.0
2017-09-12,158061300.0
2017-09-13,169292500.0
2017-09-14,146422400.0
2017-09-15,192609800.0
2017-09-16,267197200.0
2017-09-17,248365300.0
2017-09-18,159267900.0
2017-09-19,155055100.0
2017-09-20,165199900.0
2017-09-21,114036900.0
2017-09-22,139344500.0
2017-09-23,216524700.0
2017-09-24,164795100.0
2017-09-25,142973400.0
2017-09-26,129098900.0
2017-09-27,107756700.0
2017-09-28,150788900.0
2017-09-29,181372000.0
2017-09-30,199565900.0
2017-10-01,151196200.0
2017-10-02,210218300.0
2017-10-03,196502600.0
2017-10-04,222693900.0
2017-10-05,176212500.0
2017-10-06,155016300.0
2017-10-07,134532500.0
2017-10-08,119787100.0
2017-10-09,133159200.0
2017-10-10,142745400.0
2017-10-11,170186000.0
2017-10-12,120959000.0
2017-10-13,122915600.0
2017-10-14,126740000.0
2017-10-15,124114200.0
2017-10-16,134960100.0
2017-10-17,109308600.0
2017-10-18,107337000.0
2017-10-19,110521900.0
2017-10-20,117886000.0
2017-10-21,130178800.0
2017-10-22,162601500.0
2017-10-23,128488900.0
2017-10-24,116491200.0
2017-10-25,108687800.0
2017-10-26,158733700.0
2017-10-27,124747800.0
2017-10-28,184425600.0
2017-10-29,250481800.0
2017-10-30,169404800.0
2017-10-31,167505600.0
2017-11-01,162629100.0
2017-11-02,151647100.0
2017-11-03,173983700.0
2017-11-04,263967400.0
2017-11-05,160632300.0
2017-11-06,146183800.0
2017-11-07,121453700.0
2017-11-08,174323500.0
2017-11-09,162087300.0
2017-11-10,167527200.0
2017-11-11,177263300.0
2017-11-12,144301500.0
2017-11-13,131133200.0
2017-11-14,156915700.0
2017-11-15,263955100.0
2017-11-16,287076200.0
2017-11-17,255313800.0
2017-11-18,273367500.0
2017-11-19,296386200.0
2017-11-20,273846100.0
2017-11-21,230998800.0
2017-11-22,173817100.0
2017-11-23,167400800.0
2017-11-24,196866700.0
2017-11-25,186948600.0
2017-11-26,152949000.0
2017-11-27,145020000.0
2017-11-28,140168600.0
2017-11-29,133569800.0
2017-11-30,132219200.0
2017-12-01,152276700.0
2017-12-02,175970900.0
2017-12-03,157071000.0
2017-12-04,149354000.0
2017-12-05,171097400.0
2017-12-06,119471000.0
2017-12-07,119040900.0
2017-12-08,144137600.0
2017-12-09,223473400.0
2017-12-10,173874000.0
2017-12-11,169560300.0
2017-12-12,181025800.0
2017-12-13,131653400.0
2017-12-14,107138000.0
2017-12-15,99727200.0
2017-12-16,102782700.0
2017-12-17,85988700.0
2017-12-18,85949200.0
2017-12-19,74522000.0
2017-12-20,81518800.0
2017-12-21,79946600.0
2017-12-22,77291800.0
2017-12-23,80408600.0
2017-12-24,88952500.0
2017-12-25,94647000.0
2017-12-26,99156700.0
2017-12-27,132154000.0
2017-12-28,115223300.0
2017-12-29,127512000.0
2017-12-30,131999700.0
2017-12-31,131455800.0
2018-01-01,130937300.0
2018-01-02,136647500.0
2018-01-03,150155200.0
2018-01-04,142374700.0
2018-01-05,148188600.0
2018-01-06,118149000.0
2018-01-07,104971100.0
2018-01-08,92414800.0
2018-01-09,140787400.0
2018-01-10,154571600.0
2018-01-11,137369700.0
2018-01-12,157083500.0
2018-01-13,111845900.0
2018-01-14,113172000.0
2018-01-15,120374200.0
2018-01-16,121159500.0
2018-01-17,141942200.0
2018-01-18,166318700.0
2018-01-19,190171700.0
2018-01-20,148490100.0
2018-01-21,118957000.0
2018-01-22,96125900.0
2018-01-23,96965300.0
2018-01-24,90643300.0
2018-01-25,74860500.0
2018-01-26,78383000.0
2018-01-27,80990200.0
2018-01-28,88601000.0
2018-01-29,77127400.0
2018-01-30,89635400.0
2018-01-31,77319500.0
2018-02-01,69382700.0
2018-02-02,85310400.0
2018-02-03,105648500.0
2018-02-04,80024900.0
2018-02-05,75811200.0
2018-02-06,82111200.0
2018-02-07,77758300.0
2018-02-08,68023900.0
2018-02-09,62851500.0
2018-02-10,70651400.0
2018-02-11,80385200.0
2018-02-12,85690700.0
2018-02-13,76566100.0
2018-02-14,77987200.0
2018-02-15,83664500.0
2018-02-16,83143800.0
2018-02-17,84769000.0
2018-02-18,85537100.0
2018-02-19,94410600.0
2018-02-20,80935000.0
2018-02-21,89111200.0
2018-02-22,82434900.0
2018-02-23,96245100.0
2018-02-24,106583400.0
2018-02-25,93549100.0
2018-02-26,85032200.0
2018-02-27,75621700.0
2018-02-28,66988100.0
2018-03-01,61643600.0
2018-03-02,76266400.0
2018-03-03,74986600.0
2018-03-04,80048200.0
2018-03-05,102049400.0
2018-03-06,103958000.0
2018-03-07,91086100.0
2018-03-08,126731200.0
2018-03-09,98650100.0
2018-03-10,74144500.0
2018-03-11,63848800.0
2018-03-12,58482800.0
2018-03-13,74704000.0
2018-03-14,72346400.0
2018-03-15,71257500.0
2018-03-16,74197200.0
2018-03-17,67028800.0
2018-03-18,80018400.0
2018-03-19,84940900.0
2018-03-20,90859500.0
2018-03-21,89824400.0
2018-03-22,80685800.0
2018-03-23,95402400.0
2018-03-24,114871900.0
2018-03-25,133571700.0
2018-03-26,119812700.0
2018-03-27,122606500.0
2018-03-28,121542200.0
2018-03-29,163300200.0
2018-03-30,117222400.0
2018-03-31,184017900.0
2018-04-01,251685600.0
2018-04-02,238055600.0
2018-04-03,242118500.0
2018-04-04,282791200.0
2018-04-05,243287100.0
2018-04-06,292819600.0
2018-04-07,207917200.0
2018-04-08,201764200.0
2018-04-09,178990000.0
2018-04-10,191405800.0
2018-04-11,205811600.0
2018-04-12,251590600.0
2018-04-13,262653600.0
2018-04-14,327239900.0
2018-04-15,231429800.0
2018-04-16,200909300.0
2018-04-17,175565500.0
2018-04-18,172473800.0
2018-04-19,234605500.0
2018-04-20,166393500.0
2018-04-21,129983800.0
2018-04-22,169114100.0
2018-04-23,185726700.0
2018-04-24,167296200.0
2018-04-25,202658200.0
2018-04-26,290419600.0
2018-04-27,444703600.0
2018-04-28,271298400.0
2018-04-29,271323700.0
2018-04-30,203711200.0
2018-05-01,186389600.0
2018-05-02,278404000.0
2018-05-03,205393500.0
2018-05-04,313134800.0
2018-05-05,226215700.0
2018-05-06,228383000.0
2018-05-07,340099700.0
2018-05-08,513359500.0
2018-05-09,420366700.0
2018-05-10,409945700.0
2018-05-11,365723500.0
2018-05-12,304190100.0
2018-05-13,358701000.0
2018-05-14,371264000.0
2018-05-15,409439700.0
2018-05-16,319320200.0
2018-05-17,313513000.0
2018-05-18,284756900.0
2018-05-19,309065900.0
2018-05-20,443458800.0
2018-05-21,346147000.0
2018-05-22,259053500.0
2018-05-23,417164800.0
2018-05-24,285547200.0
2018-05-25,266010000.0
2018-05-26,334720300.0
2018-05-27,378836900.0
2018-05-28,398742900.0
2018-05-29,262310400.0
2018-05-30,263457700.0
2018-05-31,251839100.0
2018-06-01,339723800.0
2018-06-02,351648500.0
2018-06-03,356082500.0
2018-06-04,418493200.0
2018-06-05,327420200.0
2018-06-06,295188600.0
2018-06-07,266548400.0
2018-06-08,250551900.0
2018-06-09,255841900.0
2018-06-10,242776300.0
2018-06-11,257522100.0
2018-06-12,239952700.0
2018-06-13,188035200.0
2018-06-14,257655100.0
2018-06-15,246512000.0
2018-06-16,264167100.0
2018-06-17,295758200.0
2018-06-18,238270400.0
2018-06-19,239850000.0
2018-06-20,250705200.0
2018-06-21,234393100.0
2018-06-22,202359200.0
2018-06-23,238979900.0
2018-06-24,315960600.0
2018-06-25,236514300.0
2018-06-26,257695400.0
2018-06-27,235287600.0
2018-06-28,406591200.0
2018-06-29,270587100.0
2018-06-30,226857900.0
2018-07-01,232225400.0
2018-07-02,270353500.0
2018-07-03,230454000.0
2018-07-04,193670200.0
2018-07-05,212210800.0
2018-07-06,191756200.0
2018-07-07,246833500.0
2018-07-08,184348600.0
2018-07-09,197469400.0
2018-07-10,251854000.0
2018-07-11,209420600.0
2018-07-12,211109500.0
2018-07-13,253412100.0
2018-07-14,223690800.0
2018-07-15,233990500.0
2018-07-16,297973400.0
2018-07-17,285048100.0
2018-07-18,225436900.0
2018-07-19,205438100.0
2018-07-20,214470300.0
2018-07-21,225658300.0
2018-07-22,212214100.0
2018-07-23,165724300.0
2018-07-24,292216800.0
2018-07-25,197134800.0
2018-07-26,192030900.0
2018-07-27,268047800.0
2018-07-28,326347200.0
2018-07-29,216180500.0
2018-07-30,212040500.0
2018-07-31,213053900.0
2018-08-01,198821300.0
2018-08-02,180108900.0
2018-08-03,215898500.0
2018-08-04,226192700.0
2018-08-05,355246800.0
2018-08-06,165349000.0
2018-08-07,170998600.0
2018-08-08,159561200.0
2018-08-09,227628800.0
2018-08-10,174278100.0
2018-08-11,136333400.0
2018-08-12,155888000.0
2018-08-13,181287400.0
2018-08-14,238844100.0
2018-08-15,163851300.0
2018-08-16,132031800.0
2018-08-17,156135200.0
2018-08-18,172242100.0
2018-08-19,202321500.0
2018-08-20,132356200.0
2018-08-21,143104000.0
2018-08-22,238693100.0
2018-08-23,139667100.0
2018-08-24,175583500.0
2018-08-25,123022100.0
2018-08-26,178200200.0
2018-08-27,287169200.0
2018-08-28,165741400.0
2018-08-29,179809200.0
2018-08-30,174101600.0
2018-08-31,142197600.0
2018-09-01,125886000.0
2018-09-02,136483800.0
2018-09-03,122255200.0
2018-09-04,161418400.0
2018-09-05,163726100.0
2018-09-06,222535300.0
2018-09-07,203574200.0
2018-09-08,255039400.0
2018-09-09,185192000.0
2018-09-10,132488100.0
2018-09-11,127089400.0
2018-09-12,129342000.0
2018-09-13,125660500.0
2018-09-14,173564900.0
2018-09-15,212112300.0
2018-09-16,226991500.0
2018-09-17,140499600.0
2018-09-18,149346000.0
2018-09-19,193263600.0
2018-09-20,148393500.0
2018-09-21,120404000.0
2018-09-22,146250200.0
2018-09-23,101898300.0
2018-09-24,105523200.0
2018-09-25,97748400.0
2018-09-26,101860200.0
2018-09-27,193706600.0
2018-09-28,149812700.0
2018-09-29,194421700.0
2018-09-30,164808700.0
2018-10-01,144560300.0
2018-10-02,153732400.0
2018-10-03,126370600.0
2018-10-04,145293900.0
2018-10-05,197717600.0
2018-10-06,221293200.0
2018-10-07,177416900.0
2018-10-08,191044400.0
2018-10-09,186615500.0
2018-10-10,206072900.0
2018-10-11,410010700.0
2018-10-12,217306100.0
2018-10-13,174820000.0
2018-10-14,185288000.0
2018-10-15,176096200.0
2018-10-16,195352900.0
2018-10-17,178202600.0
2018-10-18,150548900.0
2018-10-19,173727100.0
2018-10-20,188906500.0
2018-10-21,199799300.0
2018-10-22,167473600.0
2018-10-23,179203700.0
2018-10-24,211841500.0
2018-10-25,205413100.0
2018-10-26,199021300.0
2018-10-27,195250900.0
2018-10-28,165107300.0
2018-10-29,174306500.0
2018-10-30,163231300.0
2018-10-31,155078400.0
2018-11-01,143082800.0
2018-11-02,171213800.0
2018-11-03,215332700.0
2018-11-04,201953100.0
2018-11-05,254081000.0
2018-11-06,213825200.0
2018-11-07,194186900.0
2018-11-08,156753900.0
2018-11-09,212043700.0
2018-11-10,196375900.0
2018-11-11,179369900.0
2018-11-12,170478200.0
2018-11-13,169807200.0
2018-11-14,161713600.0
2018-11-15,161864400.0
2018-11-16,144845200.0
2018-11-17,168299700.0
2018-11-18,215660500.0
2018-11-19,188221800.0
2018-11-20,151582300.0
2018-11-21,152170500.0
2018-11-22,151519600.0
2018-11-23,187644600.0
2018-11-24,173192500.0
2018-11-25,230460300.0
2018-11-26,194884000.0
2018-11-27,171635800.0
2018-11-28,171253400.0
2018-11-29,152830200.0
2018-11-30,162907000.0
2018-12-01,158757800.0
2018-12-02,136740500.0
2018-12-03,126140800.0
2018-12-04,121562900.0
2018-12-05,127130600.0
2018-12-06,123136900.0
2018-12-07,106084900.0
2018-12-08,110600200.0
2018-12-09,99452700.0
2018-12-10,88591600.0
2018-12-11,93653100.0
2018-12-12,104048100.0
2018-12-13,105883800.0
2018-12-14,101473600.0
2018-12-15,98936700.0
2018-12-16,84282400.0
2018-12-17,86468600.0
2018-12-18,81091600.0
2018-12-19,99799700.0
2018-12-20,83393100.0
2018-12-21,82133700.0
2018-12-22,82591300.0
2018-12-23,82179100.0
2018-12-24,77617800.0
2018-12-25,80895000.0
2018-12-26,68050300.0
2018-12-27,75836500.0
2018-12-28,69145600.0
2018-12-29,62922200.0
2018-12-30,71202900.0
2018-12-31,66390600.0
2019-01-01,63035900.0
2019-01-02,60901300.0
2019-01-03,64058000.0
2019-01-04,62531300.0
2019-01-05,62769100.0
2019-01-06,68701100.0
2019-01-07,73105400.0
2019-01-08,67340400.0
2019-01-09,78001100.0
2019-01-10,74148600.0
2019-01-11,64123700.0
2019-01-12,67859800.0
2019-01-13,69245800.0
2019-01-14,75249400.0
2019-01-15,76075600.0
2019-01-16,74866300.0
2019-01-17,71206200.0
2019-01-18,74096100.0
2019-01-19,70487500.0
2019-01-20,84715100.0
2019-01-21,99163400.0
2019-01-22,73821300.0
2019-01-23,60833700.0
2019-01-24,59325000.0
2019-01-25,67777100.0
2019-01-26,61176300.0
2019-01-27,63514900.0
2019-01-28,71523500.0
2019-01-29,82082100.0
2019-01-30,63806100.0
2019-01-31,71622300.0
2019-02-01,72548500.0
2019-02-02,72581500.0
2019-02-03,68872600.0
2019-02-04,57683900.0
2019-02-05,67261500.0
2019-02-06,72305600.0
2019-02-07,71710100.0
2019-02-08,84816900.0
2019-02-09,80308600.0
2019-02-10,74978100.0
2019-02-11,65427200.0
2019-02-12,74117300.0
2019-02-13,61372900.0
2019-02-14,67370200.0
2019-02-15,56349400.0
2019-02-16,55495100.0
2019-02-17,66607400.0
2019-02-18,65849000.0
2019-02-19,83709700.0
2019-02-20,81827900.0
2019-02-21,75715300.0
2019-02-22,74940500.0
2019-02-23,87375400.0
2019-02-24,87179100.0
2019-02-25,88485100.0
2019-02-26,84367800.0
2019-02-27,93936600.0
2019-02-28,91820500.0
2019-03-01,80952600.0
2019-03-02,102977300.0
2019-03-03,72481300.0
2019-03-04,74048300.0
2019-03-05,71337100.0
2019-03-06,90965900.0
2019-03-07,71695400.0
2019-03-08,88646000.0
2019-03-09,73123100.0
2019-03-10,100111700.0
2019-03-11,101163800.0
2019-03-12,96258700.0
2019-03-13,78366300.0
2019-03-14,90310000.0
2019-03-15,101980300.0
2019-03-16,83550100.0
2019-03-17,88578800.0
2019-03-18,90007000.0
2019-03-19,142849300.0
2019-03-20,117920900.0
2019-03-21,112401100.0
2019-03-22,141974100.0
2019-03-23,147417300.0
2019-03-24,132084000.0
2019-03-25,114393000.0
2019-03-26,122911200.0
2019-03-27,103777600.0
2019-03-28,109044800.0
2019-03-29,122211400.0
2019-03-30,128964500.0
2019-03-31,100677800.0
2019-04-01,166306600.0
2019-04-02,220839000.0
2019-04-03,132915900.0
2019-04-04,133291000.0
2019-04-05,176725800.0
2019-04-06,202339400.0
2019-04-07,175546600.0
2019-04-08,138754100.0
2019-04-09,138237500.0
2019-04-10,129049200.0
2019-04-11,126166000.0
2019-04-12,138178300.0
2019-04-13,126648600.0
2019-04-14,137831200.0
2019-04-15,231763500.0
2019-04-16,141620600.0
2019-04-17,145394300.0
2019-04-18,173020700.0
2019-04-19,175040600.0
2019-04-20,205677100.0
2019-04-21,252147900.0
2019-04-22,325834500.0
2019-04-23,268829100.0
2019-04-24,293884100.0
2019-04-25,241468200.0
2019-04-26,244059400.0
2019-04-27,194148800.0
2019-04-28,187142700.0
2019-04-29,154055100.0
2019-04-30,126197100.0
2019-05-01,106024600.0
2019-05-02,102251800.0
2019-05-03,98057600.0
2019-05-04,108285100.0
2019-05-05,103885400.0
2019-05-06,106883300.0
2019-05-07,117041500.0
2019-05-08,155376300.0
2019-05-09,185244900.0
2019-05-10,230108500.0
2019-05-11,286151700.0
2019-05-12,237626900.0
2019-05-13,308549900.0
2019-05-14,339965600.0
2019-05-15,269666300.0
2019-05-16,211268800.0
2019-05-17,245991000.0
2019-05-18,214290100.0
2019-05-19,256912000.0
2019-05-20,244695700.0
2019-05-21,260891700.0
2019-05-22,269400900.0
2019-05-23,285674500.0
2019-05-24,334169200.0
2019-05-25,297776600.0
2019-05-26,241603500.0
2019-05-27,326039000.0
2019-05-28,242070400.0
2019-05-29,261505700.0
2019-05-30,298506900.0
2019-05-31,278916700.0
2019-06-01,352801100.0
2019-06-02,293743400.0
2019-06-03,248943500.0
2019-06-04,208728500.0
2019-06-05,257710600.0
2019-06-06,230489200.0
2019-06-07,268013700.0
2019-06-08,212450900.0
2019-06-09,185736700.0
2019-06-10,324148500.0
2019-06-11,276450900.0
2019-06-12,322149400.0
2019-06-13,242207900.0
2019-06-14,272658800.0
2019-06-15,267772100.0
2019-06-16,223636000.0
2019-06-17,232507700.0
2019-06-18,247467600.0
2019-06-19,200615700.0
2019-06-20,318587900.0
2019-06-21,367168400.0
2019-06-22,342664300.0
2019-06-23,316022900.0
2019-06-24,300708700.0
2019-06-25,245270300.0
2019-06-26,196138900.0
2019-06-27,160084300.0
2019-06-28,160804200.0
2019-06-29,200406500.0
2019-06-30,219137100.0
2019-07-01,255283100.0
2019-07-02,238181100.0
2019-07-03,232981700.0
2019-07-04,172502000.0
2019-07-05,198126700.0
2019-07-06,192267600.0
2019-07-07,146858900.0
2019-07-08,161731400.0
2019-07-09,152042100.0
2019-07-10,140789200.0
2019-07-11,155620000.0
2019-07-12,136799400.0
2019-07-13,217924200.0
2019-07-14,294211800.0
2019-07-15,294956900.0
2019-07-16,185197100.0
2019-07-17,151981400.0
2019-07-18,141125300.0
2019-07-19,244327800.0
2019-07-20,265828300.0
2019-07-21,276396900.0
2019-07-22,279440300.0
2019-07-23,368347300.0
2019-07-24,240510900.0
2019-07-25,195991100.0
2019-07-26,221173800.0
2019-07-27,208175900.0
2019-07-28,266803400.0
2019-07-29,184757500.0
2019-07-30,160524600.0
2019-07-31,144930200.0
2019-08-01,134614700.0
2019-08-02,150309300.0
2019-08-03,211800800.0
2019-08-04,179116500.0
2019-08-05,179459400.0
2019-08-06,140936200.0
2019-08-07,119959700.0
2019-08-08,166475200.0
2019-08-09,137772600.0
2019-08-10,127310600.0
2019-08-11,171071200.0
2019-08-12,159735300.0
2019-08-13,255500200.0
2019-08-14,295795600.0
2019-08-15,212284900.0
2019-08-16,161796800.0
2019-08-17,164197700.0
2019-08-18,138895000.0
2019-08-19,199507400.0
2019-08-20,148259200.0
2019-08-21,137154000.0
2019-08-22,112492600.0
2019-08-23,112145400.0
2019-08-24,109857400.0
2019-08-25,98939500.0
2019-08-26,89465600.0
2019-08-27,91196300.0
2019-08-28,137548900.0
2019-08-29,112013100.0
2019-08-30,89144300.0
2019-08-31,88923400.0
2019-09-01,104324600.0
2019-09-02,155531600.0
2019-09-03,103026700.0
2019-09-04,123856100.0
2019-09-05,110635100.0
2019-09-06,132414300.0
2019-09-07,121283400.0
2019-09-08,84545200.0
2019-09-09,82309500.0
2019-09-10,92756000.0
2019-09-11,101181500.0
2019-09-12,103287700.0
2019-09-13,133617800.0
2019-09-14,139305900.0
2019-09-15,108245100.0
2019-09-16,136699700.0
2019-09-17,98257800.0
2019-09-18,134994700.0
2019-09-19,157191800.0
2019-09-20,143569700.0
2019-09-21,172040000.0
2019-09-22,139209300.0
2019-09-23,177902200.0
2019-09-24,118885000.0
2019-09-25,149067100.0
2019-09-26,165258300.0
2019-09-27,101324500.0
2019-09-28,110206800.0
2019-09-29,135755200.0
2019-09-30,124942100.0
2019-10-01,145151500.0
2019-10-02,129060400.0
2019-10-03,244505600.0
2019-10-04,133646900.0
2019-10-05,133793600.0
2019-10-06,125556600.0
2019-10-07,142865400.0
2019-10-08,133269700.0
2019-10-09,115095600.0
2019-10-10,134738600.0
2019-10-11,152155100.0
2019-10-12,193466400.0
2019-10-13,240778100.0
2019-10-14,165998600.0
2019-10-15,123706500.0
2019-10-16,116771600.0
2019-10-17,140716000.0
2019-10-18,149436600.0
2019-10-19,204902700.0
2019-10-20,193603600.0
2019-10-21,187577100.0
2019-10-22,165576100.0
2019-10-23,209076300.0
2019-10-24,219235300.0
2019-10-25,188406300.0
2019-10-26,200956600.0
2019-10-27,208099100.0
2019-10-28,151826500.0
2019-10-29,162223500.0
2019-10-30,214642100.0
2019-10-31,143941300.0
2019-11-01,127273300.0
2019-11-02,136790400.0
2019-11-03,128333400.0
2019-11-04,136499500.0
2019-11-05,139297100.0
2019-11-06,121258300.0
2019-11-07,108349900.0
2019-11-08,107930700.0
2019-11-09,158841600.0
2019-11-10,120978500.0
2019-11-11,188108300.0
2019-11-12,223217100.0
2019-11-13,256892000.0
2019-11-14,214883300.0
2019-11-15,204894000.0
2019-11-16,176766000.0
2019-11-17,152166700.0
2019-11-18,147482500.0
2019-11-19,149741900.0
2019-11-20,172795200.0
2019-11-21,143321400.0
2019-11-22,164796400.0
2019-11-23,165558100.0
2019-11-24,140485800.0
2019-11-25,117825100.0
2019-11-26,113612800.0
2019-11-27,127042700.0
2019-11-28,130363900.0
2019-11-29,121237400.0
2019-11-30,119853100.0
2019-12-01,135310000.0
2019-12-02,111271900.0
2019-12-03,103004900.0
2019-12-04,96924600.0
2019-12-05,107149300.0
2019-12-06,96681900.0
2019-12-07,103530400.0
2019-12-08,104862700.0
2019-12-09,96843100.0
2019-12-10,92750700.0
2019-12-11,94794100.0
2019-12-12,95886900.0
2019-12-13,109342900.0
2019-12-14,142265200.0
2019-12-15,165208400.0
2019-12-16,104899800.0
2019-12-17,99887100.0
2019-12-18,104178500.0
2019-12-19,98396600.0
2019-12-20,128975700.0
2019-12-21,111043300.0
2019-12-22,112722200.0
2019-12-23,101964300.0
2019-12-24,93022200.0
2019-12-25,114856700.0
2019-12-26,138427500.0
2019-12-27,100258700.0
2019-12-28,80900300.0
2019-12-29,78761300.0
2019-12-30,110619000.0
2019-12-31,167514200.0
2020-01-01,132549100.0
2020-01-02,111798800.0
2020-01-03,91956000.0
2020-01-04,80850900.0
2020-01-05,71334200.0
2020-01-06,69173700.0
2020-01-07,62817500.0
2020-01-08,62052500.0
2020-01-09,58060600.0
2020-01-10,57525300.0
2020-01-11,57948000.0
2020-01-12,58463200.0
2020-01-13,54337400.0
2020-01-14,54031500.0
2020-01-15,53971200.0
2020-01-16,56301500.0
2020-01-17,66271700.0
2020-01-18,64616100.0
2020-01-19,64253200.0
2020-01-20,72607300.0
2020-01-21,74845000.0
2020-01-22,77070400.0
2020-01-23,65665600.0
2020-01-24,69704000.0
2020-01-25,61718500.0
2020-01-26,77286700.0
2020-01-27,79614900.0
2020-01-28,68631900.0
2020-01-29,64302300.0
2020-01-30,60120300.0
2020-01-31,66411000.0
2020-02-01,56411900.0
2020-02-02,59721300.0
2020-02-03,60460200.0
2020-02-04,53207000.0
2020-02-05,50240700.0
2020-02-06,48763200.0
2020-02-07,49339400.0
2020-02-08,51898700.0
2020-02-09,56452500.0
2020-02-10,49588000.0
2020-02-11,47073900.0
2020-02-12,45214800.0
2020-02-13,45050200.0
2020-02-14,48703300.0
2020-02-15,65114600.0
2020-02-16,54080500.0
2020-02-17,61892500.0
2020-02-18,46671300.0
2020-02-19,49734100.0
2020-02-20,56027800.0
2020-02-21,65334900.0
2020-02-22,88381200.0
2020-02-23,98808200.0
2020-02-24,91902700.0
2020-02-25,92768300.0
2020-02-26,113985400.0
2020-02-27,88470200.0
2020-02-28,85220600.0
2020-02-29,70620500.0
2020-03-01,69932600.0
2020-03-02,72024300.0
2020-03-03,72521700.0
2020-03-04,67175800.0
2020-03-05,54989000.0
2020-03-06,55370100.0
2020-03-07,61419100.0
2020-03-08,55798800.0
2020-03-09,61948100.0
2020-03-10,71702200.0
2020-03-11,91350500.0
2020-03-12,73337400.0
2020-03-13,77213200.0
2020-03-14,130672500.0
2020-03-15,105885200.0
2020-03-16,98102000.0
2020-03-17,100658900.0
2020-03-18,83358900.0
2020-03-19,80686900.0
2020-03-20,74533000.0
2020-03-21,71023200.0
2020-03-22,61870900.0
2020-03-23,62344000.0
2020-03-24,61616700.0
2020-03-25,66773500.0
2020-03-26,67472600.0
2020-03-27,64527600.0
2020-03-28,75053500.0
2020-03-29,81772500.0
2020-03-30,85677900.0
2020-03-31,104488800.0
2020-04-01,162127000.0
2020-04-02,115655800.0
2020-04-03,89676300.0
2020-04-04,104145500.0
2020-04-05,87589300.0
2020-04-06,85762400.0
2020-04-07,142637400.0
2020-04-08,92432400.0
2020-04-09,106719400.0
2020-04-10,98317600.0
2020-04-11,172942400.0
2020-04-12,109035100.0
2020-04-13,93076200.0
2020-04-14,91573500.0
2020-04-15,89952600.0
2020-04-16,79432100.0
2020-04-17,86393400.0
2020-04-18,101451800.0
2020-04-19,93499600.0
2020-04-20,87560600.0
2020-04-21,106716400.0
2020-04-22,90621200.0
2020-04-23,143997600.0
2020-04-24,105797300.0
2020-04-25,77425700.0
2020-04-26,82890700.0
2020-04-27,80143900.0
2020-04-28,101676400.0
2020-04-29,81601800.0
2020-04-30,94748300.0
2020-05-01,161569500.0
2020-05-02,120002800.0
2020-05-03,141273000.0
2020-05-04,117375300.0
2020-05-05,122828900.0
2020-05-06,110025300.0
2020-05-07,200041200.0
2020-05-08,139352900.0
2020-05-09,122627100.0
2020-05-10,108688100.0
2020-05-11,111210300.0
2020-05-12,98049600.0
2020-05-13,138137000.0
2020-05-14,112494600.0
2020-05-15,99181200.0
2020-05-16,163575900.0
2020-05-17,127879200.0
2020-05-18,144412900.0
2020-05-19,182814900.0
2020-05-20,129017600.0
2020-05-21,101587600.0
2020-05-22,95862600.0
2020-05-23,97326100.0
2020-05-24,87702500.0
2020-05-25,110120900.0
2020-05-26,136214600.0
2020-05-27,181336100.0
2020-05-28,156629800.0
2020-05-29,132673400.0
2020-05-30,211778200.0
2020-05-31,184203400.0
2020-06-01,195460600.0
2020-06-02,141855700.0
2020-06-03,136690400.0
2020-06-04,161251600.0
2020-06-05,118699300.0
2020-06-06,223466800.0
2020-06-07,151538700.0
2020-06-08,116908100.0
2020-06-09,105413300.0
2020-06-10,147294100.0
2020-06-11,186785300.0
2020-06-12,241029100.0
2020-06-13,165017500.0
2020-06-14,188209300.0
2020-06-15,200772500.0
2020-06-16,153450100.0
2020-06-17,196181900.0
2020-06-18,166611200.0
2020-06-19,157580500.0
2020-06-20,271136500.0
2020-06-21,293630600.0
2020-06-22,257702800.0
2020-06-23,220680100.0
2020-06-24,161631200.0
2020-06-25,135565700.0
2020-06-26,201168100.0
2020-06-27,197898500.0
2020-06-28,242064800.0
2020-06-29,163172400.0
2020-06-30,155789800.0
2020-07-01,159877100.0
2020-07-02,311876000.0
2020-07-03,212216700.0
2020-07-04,399617000.0
2020-07-05,330466000.0
2020-07-06,251440500.0
2020-07-07,237366500.0
2020-07-08,225963000.0
2020-07-09,275541400.0
2020-07-10,199545500.0
2020-07-11,282068800.0
2020-07-12,198480400.0
2020-07-13,206281700.0
2020-07-14,228923100.0
2020-07-15,176700600.0
2020-07-16,187038300.0
2020-07-17,177964500.0
2020-07-18,145331000.0
2020-07-19,153052900.0
2020-07-20,149993000.0
2020-07-21,164859300.0
2020-07-22,176404200.0
2020-07-23,159494000.0
2020-07-24,253606300.0
2020-07-25,406771700.0
2020-07-26,252169200.0
2020-07-27,309559700.0
2020-07-28,222173900.0
2020-07-29,169735200.0
2020-07-30,213239200.0
2020-07-31,176809900.0
2020-08-01,150127400.0
2020-08-02,122048000.0
2020-08-03,120048000.0
2020-08-04,111033200.0
2020-08-05,117882100.0
2020-08-06,123520800.0
2020-08-07,117119000.0
2020-08-08,149512000.0
2020-08-09,133786400.0
2020-08-10,119278600.0
2020-08-11,121467500.0
2020-08-12,133098800.0
2020-08-13,176684900.0
2020-08-14,214910200.0
2020-08-15,181124800.0
2020-08-16,156314600.0
2020-08-17,183202700.0
2020-08-18,126682400.0
2020-08-19,137564800.0
2020-08-20,223341200.0
2020-08-21,197603200.0
2020-08-22,249882900.0
2020-08-23,194179800.0
2020-08-24,156193300.0
2020-08-25,201203600.0
2020-08-26,170122600.0
2020-08-27,136580800.0
2020-08-28,158004900.0
2020-08-29,118282300.0
2020-08-30,122199300.0
2020-08-31,103637700.0
2020-09-01,130795000.0
2020-09-02,164581800.0
2020-09-03,152479400.0
2020-09-04,201821500.0
2020-09-05,181666600.0
2020-09-06,182868900.0
2020-09-07,158710200.0
2020-09-08,284757700.0
2020-09-09,154200700.0
2020-09-10,146455500.0
2020-09-11,137946700.0
2020-09-12,151238200.0
2020-09-13,140593700.0
2020-09-14,126561500.0
2020-09-15,114063900.0
2020-09-16,137488500.0
2020-09-17,130897300.0
2020-09-18,171307000.0
2020-09-19,182653600.0
2020-09-20,186952800.0
2020-09-21,173098100.0
2020-09-22,148477300.0
2020-09-23,171955300.0
2020-09-24,146579300.0
2020-09-25,151378900.0
2020-09-26,149071300.0
2020-09-27,155595600.0
2020-09-28,128584400.0
2020-09-29,126456700.0
2020-09-30,162990700.0
2020-10-01,148834700.0
2020-10-02,162975000.0
2020-10-03,138412400.0
2020-10-04,222928700.0
2020-10-05,184936200.0
2020-10-06,185441100.0
2020-10-07,127586400.0
2020-10-08,161030600.0
2020-10-09,156432500.0
2020-10-10,121592800.0
2020-10-11,106579000.0
2020-10-12,110910000.0
2020-10-13,151529700.0
2020-10-14,147393600.0
2020-10-15,125820000.0
2020-10-16,125092900.0
2020-10-17,102504400.0
2020-10-18,111313500.0
2020-10-19,126193600.0
2020-10-20,102767000.0
2020-10-21,109548600.0
2020-10-22,158585400.0
2020-10-23,132428700.0
2020-10-24,165145000.0
2020-10-25,121732000.0
2020-10-26,124268600.0
2020-10-27,115727500.0
2020-10-28,136653800.0
2020-10-29,132910800.0
2020-10-30,123474500.0
2020-10-31,225570600.0
2020-11-01,299422300.0
2020-11-02,161847900.0
2020-11-03,167550600.0
2020-11-04,145199500.0
2020-11-05,168628300.0
2020-11-06,178034600.0
2020-11-07,160700000.0
2020-11-08,162463400.0
2020-11-09,148154000.0
2020-11-10,196817400.0
2020-11-11,340459000.0
2020-11-12,235138000.0
2020-11-13,347165100.0
2020-11-14,319776900.0
2020-11-15,263185400.0
2020-11-16,341885600.0
2020-11-17,304024700.0
2020-11-18,319981900.0
2020-11-19,290866600.0
2020-11-20,256009500.0
2020-11-21,252825400.0
2020-11-22,201531700.0
2020-11-23,164124900.0
2020-11-24,167752700.0
2020-11-25,173871500.0
2020-11-26,155006600.0
2020-11-27,173322200.0
2020-11-28,326329100.0
2020-11-29,253159300.0
2020-11-30,212961600.0
2020-12-01,206814400.0
2020-12-02,214685800.0
2020-12-03,247142300.0
2020-12-04,167728800.0
2020-12-05,136721900.0
2020-12-06,145426600.0
2020-12-07,132720700.0
2020-12-08,126160900.0
2020-12-09,125320300.0
2020-12-10,120945800.0
2020-12-11,118342000.0
2020-12-12,104898800.0
2020-12-13,101317400.0
2020-12-14,94263400.0
2020-12-15,113518500.0
2020-12-16,96024500.0
2020-12-17,94301000.0
2020-12-18,105170300.0
2020-12-19,97892000.0
2020-12-20,111412000.0
2020-12-21,100393600.0
2020-12-22,145066100.0
2020-12-23,90033600.0
2020-12-24,110013600.0
2020-12-25,150976400.0
2020-12-26,158717900.0
2020-12-27,130769400.0
2020-12-28,122458600.0
2020-12-29,102497300.0
2020-12-30,109266600.0
2020-12-31,118487100.0
2021-01-01,118451100.0
2021-01-02,124709800.0
2021-01-03,131498600.0
2021-01-04,106455800.0
2021-01-05,107990400.0
2021-01-06,105518000.0
2021-01-07,114033600.0
2021-01-08,130286600.0
2021-01-09,125306100.0
2021-01-10,158407000.0
2021-01-11,196950900.0
2021-01-12,141894600.0
2021-01-13,112185600.0
2021-01-14,95066700.0
2021-01-15,82731900.0
2021-01-16,80062100.0
2021-01-17,78437000.0
2021-01-18,71148800.0
2021-01-19,69680100.0
2021-01-20,66833500.0
2021-01-21,65241700.0
2021-01-22,69996100.0
2021-01-23,91246800.0
2021-01-24,90703000.0
2021-01-25,98796900.0
2021-01-26,89479800.0
2021-01-27,74969000.0
2021-01-28,70277700.0
2021-01-29,69269300.0
2021-01-30,63417100.0
2021-01-31,59110400.0
2021-02-01,63613700.0
2021-02-02,76721900.0
2021-02-03,72099200.0
2021-02-04,67104300.0
2021-02-05,93256200.0
2021-02-06,79874800.0
2021-02-07,63448100.0
2021-02-08,68338600.0
2021-02-09,95009700.0
2021-02-10,103057000.0
2021-02-11,86800200.0
2021-02-12,80753500.0
2021-02-13,77298000.0
2021-02-14,71545200.0
2021-02-15,90637800.0
2021-02-16,68827100.0
2021-02-17,70141100.0
2021-02-18,77605500.0
2021-02-19,95217600.0
2021-02-20,87289900.0
2021-02-21,94798300.0
2021-02-22,104986900.0
2021-02-23,94829100.0
2021-02-24,85309800.0
2021-02-25,125429700.0
2021-02-26,146257200.0
2021-02-27,145644200.0
2021-02-28,121691900.0
2021-03-01,124888000.0
2021-03-02,152607600.0
2021-03-03,142934100.0
2021-03-04,122691400.0
2021-03-05,132537300.0
2021-03-06,110991100.0
2021-03-07,157203100.0
2021-03-08,220368900.0
2021-03-09,130314900.0
2021-03-10,138726900.0
2021-03-11,130905300.0
2021-03-12,186183200.0
2021-03-13,188023900.0
2021-03-14,154374800.0
2021-03-15,186588400.0
2021-03-16,240826900.0
2021-03-17,223747000.0
2021-03-18,284712000.0
2021-03-19,238723600.0
2021-03-20,258157300.0
2021-03-21,226947200.0
2021-03-22,228389300.0
2021-03-23,191603000.0
2021-03-24,262208400.0
2021-03-25,176126900.0
2021-03-26,209585200.0
2021-03-27,221096900.0
2021-03-28,160840900.0
2021-03-29,181057100.0
2021-03-30,235340100.0
2021-03-31,185224100.0
2021-04-01,165142600.0
2021-04-02,147127400.0
2021-04-03,186739900.0
2021-04-04,186127500.0
2021-04-05,210868100.0
2021-04-06,248188300.0
2021-04-07,180791500.0
2021-04-08,171802300.0
2021-04-09,274840300.0
2021-04-10,178109100.0
2021-04-11,164436400.0
2021-04-12,320440300.0
2021-04-13,172922800.0
2021-04-14,153852400.0
2021-04-15,179066500.0
2021-04-16,176952600.0
2021-04-17,214545900.0
2021-04-18,176192000.0
2021-04-19,155951100.0
2021-04-20,121863600.0
2021-04-21,131160900.0
2021-04-22,118236500.0
2021-04-23,151982200.0
2021-04-24,142221300.0
2021-04-25,115081200.0
2021-04-26,124914300.0
2021-04-27,181931800.0
2021-04-28,184193000.0
2021-04-29,255185500.0
2021-04-30,394116500.0
2021-05-01,238794500.0
2021-05-02,318338200.0
2021-05-03,413002500.0
2021-05-04,389111200.0
2021-05-05,373481000.0
2021-05-06,310874800.0
2021-05-07,315277400.0
2021-05-08,344730700.0
2021-05-09,324538400.0
2021-05-10,423027300.0
2021-05-11,290984000.0
2021-05-12,258973700.0
2021-05-13,251796600.0
2021-05-14,213505300.0
2021-05-15,223701600.0
2021-05-16,277293800.0
2021-05-17,415210700.0
2021-05-18,416804000.0
2021-05-19,260360700.0
2021-05-20,200318600.0
2021-05-21,169094200.0
2021-05-22,210799000.0
2021-05-23,248160800.0
2021-05-24,241125800.0
2021-05-25,379451700.0
2021-05-26,310165600.0
2021-05-27,276601500.0
2021-05-28,228624300.0
2021-05-29,265452400.0
2021-05-30,294317300.0
2021-05-31,330455100.0
2021-06-01,495085800.0
2021-06-02,360504700.0
2021-06-03,301682400.0
2021-06-04,250671600.0
2021-06-05,210397800.0
2021-06-06,264662000.0
2021-06-07,261730800.0
2021-06-08,372582000.0
2021-06-09,413167600.0
2021-06-10,305358000.0
2021-06-11,305537100.0
2021-06-12,392888100.0
2021-06-13,386417500.0
2021-06-14,398939500.0
2021-06-15,335255100.0
2021-06-16,288228700.0
2021-06-17,273455000.0
2021-06-18,261060900.0
2021-06-19,280750400.0
2021-06-20,491489800.0
2021-06-21,438657900.0
2021-06-22,332859800.0
2021-06-23,253871000.0
2021-06-24,351956500.0
2021-06-25,253162600.0
2021-06-26,241930000.0
2021-06-27,207340100.0
2021-06-28,224299100.0
2021-06-29,231579700.0
2021-06-30,214422200.0
2021-07-01,197918400.0
2021-07-02,207278500.0
2021-07-03,156499600.0
2021-07-04,148197900.0
2021-07-05,142015600.0
2021-07-06,143195800.0
2021-07-07,156465200.0
2021-07-08,237628500.0
2021-07-09,314788500.0
2021-07-10,252886900.0
2021-07-11,339362800.0
2021-07-12,230036300.0
2021-07-13,240867000.0
2021-07-14,218346500.0
2021-07-15,191417800.0
2021-07-16,239533800.0
2021-07-17,304519000.0
2021-07-18,301257300.0
2021-07-19,214382100.0
2021-07-20,185629800.0
2021-07-21,285257400.0
2021-07-22,351614700.0
2021-07-23,346129700.0
2021-07-24,240741700.0
2021-07-25,255597500.0
2021-07-26,239717600.0
2021-07-27,264457900.0
2021-07-28,203686200.0
2021-07-29,194363900.0
2021-07-30,276035300.0
2021-07-31,191016600.0
2021-08-01,150829400.0
2021-08-02,185757500.0
2021-08-03,216041400.0
2021-08-04,165093600.0
2021-08-05,147583200.0
2021-08-06,142773000.0
2021-08-07,131220400.0
2021-08-08,135398700.0
2021-08-09,158552700.0
2021-08-10,265655200.0
2021-08-11,220418300.0
2021-08-12,242486500.0
2021-08-13,274388500.0
2021-08-14,264914100.0
2021-08-15,275841900.0
2021-08-16,242812500.0
2021-08-17,372379600.0
2021-08-18,279113500.0
2021-08-19,260574900.0
2021-08-20,270091400.0
2021-08-21,224470000.0
2021-08-22,227227700.0
2021-08-23,258696300.0
2021-08-24,223885100.0
2021-08-25,231147600.0
2021-08-26,216751200.0
2021-08-27,166860800.0
2021-08-28,255766300.0
2021-08-29,176085300.0
2021-08-30,244806600.0
2021-08-31,231338900.0
2021-09-01,219686500.0
2021-09-02,185706400.0
2021-09-03,146556200.0
2021-09-04,161733100.0
2021-09-05,225050200.0
2021-09-06,203234700.0
2021-09-07,206801100.0
2021-09-08,210644900.0
2021-09-09,164966800.0
2021-09-10,177181100.0
2021-09-11,258141200.0
2021-09-12,270809500.0
2021-09-13,171929000.0
2021-09-14,172875600.0
2021-09-15,195160300.0
2021-09-16,152281500.0
2021-09-17,140056900.0
2021-09-18,125659800.0
2021-09-19,149604700.0
2021-09-20,132816900.0
2021-09-21,214464200.0
2021-09-22,250009400.0
2021-09-23,414496100.0
2021-09-24,237871100.0
2021-09-25,195213700.0
2021-09-26,152424900.0
2021-09-27,146059600.0
2021-09-28,145577200.0
2021-09-29,173746500.0
2021-09-30,216791600.0
2021-10-01,198180700.0
2021-10-02,217762500.0
2021-10-03,181168300.0
2021-10-04,159049600.0
2021-10-05,177346800.0
2021-10-06,219478200.0
2021-10-07,239594200.0
2021-10-08,178830500.0
2021-10-09,166009700.0
2021-10-10,180441000.0
2021-10-11,203797800.0
2021-10-12,164624600.0
2021-10-13,181725400.0
2021-10-14,192454300.0
2021-10-15,175689800.0
2021-10-16,228049100.0
2021-10-17,236080400.0
2021-10-18,181250400.0
2021-10-19,190353200.0
2021-10-20,191866200.0
2021-10-21,191410500.0
2021-10-22,188532800.0
2021-10-23,166732700.0
2021-10-24,162148700.0
2021-10-25,158551700.0
2021-10-26,239594100.0
2021-10-27,301161900.0
2021-10-28,245522800.0
2021-10-29,238199300.0
2021-10-30,256409300.0
2021-10-31,291624400.0
2021-11-01,248568500.0
2021-11-02,233758000.0
2021-11-03,259292400.0
2021-11-04,359005800.0
2021-11-05,231565900.0
2021-11-06,204941900.0
2021-11-07,222172700.0
2021-11-08,196615800.0
2021-11-09,220238500.0
2021-11-10,212062000.0
2021-11-11,201281800.0
2021-11-12,171868900.0
2021-11-13,215287000.0
2021-11-14,182435100.0
2021-11-15,167926100.0
2021-11-16,149059900.0
2021-11-17,132817400.0
2021-11-18,128099300.0
2021-11-19,146955200.0
2021-11-20,151197700.0
2021-11-21,165320900.0
2021-11-22,165373600.0
2021-11-23,197140900.0
2021-11-24,250198100.0
2021-11-25,288826900.0
2021-11-26,276333900.0
2021-11-27,247320100.0
2021-11-28,174195800.0
2021-11-29,170879100.0
2021-11-30,185204700.0
2021-12-01,198512100.0
2021-12-02,145582700.0
2021-12-03,146743500.0
2021-12-04,158840100.0
2021-12-05,138916000.0
2021-12-06,128198000.0
2021-12-07,124269800.0
2021-12-08,108085600.0
2021-12-09,111412600.0
2021-12-10,106606400.0
2021-12-11,118908700.0
2021-12-12,135822300.0
2021-12-13,123367700.0
2021-12-14,105473700.0
2021-12-15,101498900.0
2021-12-16,101219900.0
2021-12-17,108352600.0
2021-12-18,123990700.0
2021-12-19,112657400.0
2021-12-20,115027700.0
2021-12-21,110888800.0
2021-12-22,119245100.0
2021-12-23,109941300.0
2021-12-24,97441800.0
2021-12-25,96678700.0
2021-12-26,113860700.0
2021-12-27,117856000.0
2021-12-28,115400200.0
2021-12-29,123309700.0
2021-12-30,122235600.0
2021-12-31,101657300.0
2022-01-01,109542700.0
2022-01-02,110856500.0
2022-01-03,103965400.0
2022-01-04,98656700.0
2022-01-05,94045700.0
2022-01-06,107799700.0
2022-01-07,125021100.0
2022-01-08,96123500.0
2022-01-09,92590900.0
2022-01-10,88306100.0
2022-01-11,87214700.0
2022-01-12,85559300.0
2022-01-13,93526400.0
2022-01-14,138276600.0
2022-01-15,93670800.0
2022-01-16,80107100.0
2022-01-17,86878600.0
2022-01-18,80503800.0
2022-01-19,73509800.0
2022-01-20,70591500.0
2022-01-21,69991700.0
2022-01-22,78442600.0
2022-01-23,81404500.0
2022-01-24,72713300.0
2022-01-25,100534300.0
2022-01-26,84264600.0
2022-01-27,80751600.0
2022-01-28,78237000.0
2022-01-29,68831900.0
2022-01-30,60646100.0
2022-01-31,65574300.0
2022-02-01,67311200.0
2022-02-02,65225200.0
2022-02-03,60657500.0
2022-02-04,67663700.0
2022-02-05,82453400.0
2022-02-06,99937900.0
2022-02-07,102317800.0
2022-02-08,123436800.0
2022-02-09,126465900.0
2022-02-10,97974100.0
2022-02-11,89009700.0
2022-02-12,87759800.0
2022-02-13,87702300.0
2022-02-14,98782000.0
2022-02-15,87908200.0
2022-02-16,87230400.0
2022-02-17,84244800.0
2022-02-18,113849000.0
2022-02-19,110971200.0
2022-02-20,124574000.0
2022-02-21,144007500.0
2022-02-22,123426300.0
2022-02-23,104020800.0
2022-02-24,97870900.0
2022-02-25,117126300.0
2022-02-26,131340700.0
2022-02-27,142197600.0
2022-02-28,208761200.0
2022-03-01,203766800.0
2022-03-02,196463800.0
2022-03-03,179842900.0
2022-03-04,167591900.0
2022-03-05,174151600.0
2022-03-06,253846200.0
2022-03-07,217749300.0
2022-03-08,168131300.0
2022-03-09,138747500.0
2022-03-10,147625200.0
2022-03-11,123390400.0
2022-03-12,164553000.0
2022-03-13,140274200.0
2022-03-14,158870400.0
2022-03-15,159930900.0
2022-03-16,140889900.0
2022-03-17,142196700.0
2022-03-18,134008000.0
2022-03-19,121594900.0
2022-03-20,149096700.0
2022-03-21,132884600.0
2022-03-22,149084400.0
2022-03-23,135921400.0
2022-03-24,125808600.0
2022-03-25,139400300.0
2022-03-26,141114200.0
2022-03-27,204717700.0
2022-03-28,172080000.0
2022-03-29,192119400.0
2022-03-30,200455400.0
2022-03-31,206861900.0
2022-04-01,225581800.0
2022-04-02,202339300.0
2022-04-03,153307500.0
2022-04-04,179551800.0
2022-04-05,178507100.0
2022-04-06,183756200.0
2022-04-07,293834700.0
2022-04-08,219136400.0
2022-04-09,188980200.0
2022-04-10,176408100.0
2022-04-11,148013400.0
2022-04-12,187926300.0
2022-04-13,159298500.0
2022-04-14,116408400.0
2022-04-15,120370900.0
2022-04-16,139807600.0
2022-04-17,162293700.0
2022-04-18,196029900.0
2022-04-19,261139900.0
2022-04-20,290583700.0
2022-04-21,337084700.0
2022-04-22,357076400.0
2022-04-23,332588400.0
2022-04-24,261389700.0
2022-04-25,338927200.0
2022-04-26,227214300.0
2022-04-27,288220600.0
2022-04-28,255656900.0
2022-04-29,290732800.0
2022-04-30,194231300.0
2022-05-01,174192300.0
2022-05-02,187858200.0
2022-05-03,147314700.0
2022-05-04,131157600.0
2022-05-05,210729800.0
2022-05-06,173206800.0
2022-05-07,326448300.0
2022-05-08,257491500.0
2022-05-09,221127000.0
2022-05-10,199562400.0
2022-05-11,249240800.0
2022-05-12,229459700.0
2022-05-13,228817900.0
2022-05-14,285264500.0
2022-05-15,214094400.0
2022-05-16,266958800.0
2022-05-17,255317400.0
2022-05-18,298984600.0
2022-05-19,338835500.0
2022-05-20,308069300.0
2022-05-21,256764500.0
2022-05-22,207927800.0
2022-05-23,208554400.0
2022-05-24,200976300.0
2022-05-25,239230400.0
2022-05-26,206791800.0
2022-05-27,260671300.0
2022-05-28,189498300.0
2022-05-29,225531500.0
2022-05-30,265737100.0
2022-05-31,231761700.0
2022-06-01,228449900.0
2022-06-02,241540000.0
2022-06-03,224002600.0
2022-06-04,249715400.0
2022-06-05,266367700.0
2022-06-06,268801400.0
2022-06-07,355576500.0
2022-06-08,294184500.0
2022-06-09,272834100.0
2022-06-10,268195000.0
2022-06-11,380243500.0
2022-06-12,314935600.0
2022-06-13,274979000.0
2022-06-14,303233800.0
2022-06-15,329657100.0
2022-06-16,306639500.0
2022-06-17,229887100.0
2022-06-18,238159500.0
2022-06-19,283990300.0
2022-06-20,239484800.0
2022-06-21,211135100.0
2022-06-22,213931600.0
2022-06-23,249432200.0
2022-06-24,232942000.0
2022-06-25,280134000.0
2022-06-26,387988100.0
2022-06-27,296093400.0
2022-06-28,373362100.0
2022-06-29,340702600.0
2022-06-30,310627500.0
2022-07-01,274798100.0
2022-07-02,322610600.0
2022-07-03,266497700.0
2022-07-04,389877300.0
2022-07-05,306229100.0
2022-07-06,278760200.0
2022-07-07,238885400.0
2022-07-08,325752300.0
2022-07-09,246784600.0
2022-07-10,232248500.0
2022-07-11,313014800.0
2022-07-12,234732200.0
2022-07-13,348681100.0
2022-07-14,219316900.0
2022-07-15,185209600.0
2022-07-16,172446100.0
2022-07-17,198929400.0
2022-07-18,226951800.0
2022-07-19,157234500.0
2022-07-20,221535200.0
2022-07-21,201027000.0
2022-07-22,193894900.0
2022-07-23,226972500.0
2022-07-24,208810800.0
2022-07-25,258025900.0
2022-07-26,267056200.0
2022-07-27,254371300.0
2022-07-28,427548400.0
2022-07-29,331963600.0
2022-07-30,201585400.0
2022-07-31,233584400.0
2022-08-01,329221800.0
2022-08-02,385510900.0
2022-08-03,254115400.0
2022-08-04,236446800.0
2022-08-05,345647900.0
2022-08-06,530223600.0
2022-08-07,259763700.0
2022-08-08,205722100.0
2022-08-09,239081600.0
2022-08-10,240429700.0
2022-08-11,219977300.0
2022-08-12,173489400.0
2022-08-13,204593000.0
2022-08-14,267369500.0
2022-08-15,291235100.0
2022-08-16,253954200.0
2022-08-17,185618500.0
2022-08-18,162249900.0
2022-08-19,148249300.0
2022-08-20,209094400.0
2022-08-21,182447400.0
2022-08-22,230951700.0
2022-08-23,160499000.0
2022-08-24,134112700.0
2022-08-25,127816700.0
2022-08-26,134410900.0
2022-08-27,137110600.0
2022-08-28,185323500.0
2022-08-29,244302000.0
2022-08-30,141220700.0
2022-08-31,188388500.0
2022-09-01,175417500.0
2022-09-02,191209600.0
2022-09-03,266409800.0
2022-09-04,206071800.0
2022-09-05,157615300.0
2022-09-06,176173400.0
2022-09-07,182263800.0
2022-09-08,163948600.0
2022-09-09,183642000.0
2022-09-10,161199000.0
2022-09-11,159815800.0
2022-09-12,191077100.0
2022-09-13,210105600.0
2022-09-14,210409600.0
2022-09-15,161003100.0
2022-09-16,333333000.0
2022-09-17,192058800.0
2022-09-18,234278200.0
2022-09-19,211290900.0
2022-09-20,212259500.0
2022-09-21,206740400.0
2022-09-22,228694000.0
2022-09-23,218195700.0
2022-09-24,256583700.0
2022-09-25,249303100.0
2022-09-26,197102100.0
2022-09-27,173432500.0
2022-09-28,188754100.0
2022-09-29,200941100.0
2022-09-30,217697200.0
2022-10-01,299561800.0
2022-10-02,226644100.0
2022-10-03,183919400.0
2022-10-04,193830200.0
2022-10-05,208041300.0
2022-10-06,229817800.0
2022-10-07,252293200.0
2022-10-08,326159600.0
2022-10-09,277904200.0
2022-10-10,257549500.0
2022-10-11,238960400.0
2022-10-12,214840400.0
2022-10-13,232935200.0
2022-10-14,227150200.0
2022-10-15,233389200.0
2022-10-16,256456900.0
2022-10-17,290880600.0
2022-10-18,293032300.0
2022-10-19,343793400.0
2022-10-20,416096400.0
2022-10-21,344629600.0
2022-10-22,374956400.0
2022-10-23,406211000.0
2022-10-24,432529900.0
2022-10-25,362645100.0
2022-10-26,365048700.0
2022-10-27,394334600.0
2022-10-28,515631000.0
2022-10-29,494867900.0
2022-10-30,373592900.0
2022-10-31,302889400.0
2022-11-01,307274900.0
2022-11-02,348079500.0
2022-11-03,332567500.0
2022-11-04,311195600.0
2022-11-05,306616500.0
2022-11-06,316393500.0
2022-11-07,301924500.0
2022-11-08,376649900.0
2022-11-09,407427800.0
2022-11-10,465741200.0
2022-11-11,390542800.0
2022-11-12,417662500.0
2022-11-13,465314800.0
2022-11-14,423366500.0
2022-11-15,411617400.0
2022-11-16,370642300.0
2022-11-17,330953200.0
2022-11-18,369990600.0
2022-11-19,354257700.0
2022-11-20,339016100.0
2022-11-21,319311200.0
2022-11-22,329058900.0
2022-11-23,338380700.0
2022-11-24,331161100.0
2022-11-25,302257700.0
2022-11-26,318847400.0
2022-11-27,286709900.0
2022-11-28,357561400.0
2022-11-29,381692400.0
2022-11-30,365213800.0
2022-12-01,282858700.0
2022-12-02,254802800.0
2022-12-03,254468000.0
2022-12-04,263972300.0
2022-12-05,257163100.0
2022-12-06,260823200.0
2022-12-07,267603200.0
2022-12-08,293667700.0
2022-12-09,272430800.0
2022-12-10,236265800.0
2022-12-11,235789100.0
2022-12-12,261509600.0
2022-12-13,243430800.0
2022-12-14,225725500.0
2022-12-15,197938200.0
2022-12-16,174970200.0
2022-12-17,167411000.0
2022-12-18,174303000.0
2022-12-19,166675200.0
2022-12-20,162115400.0
2022-12-21,151360700.0
2022-12-22,151086000.0
2022-12-23,137307400.0
2022-12-24,168991100.0
2022-12-25,146689300.0
2022-12-26,154726600.0
2022-12-27,175602800.0
2022-12-28,165145200.0
2022-12-29,150015500.0
2022-12-30,139240800.0
2022-12-31,148239400.0
2023-01-01,142847700.0
2023-01-02,163493400.0
2023-01-03,184021000.0
2023-01-04,191394200.0
2023-01-05,163372500.0
2023-01-06,175842500.0
2023-01-07,221568300.0
2023-01-08,226152700.0
2023-01-09,192047200.0
2023-01-10,255572300.0
2023-01-11,276497100.0
2023-01-12,312106000.0
2023-01-13,264443800.0
2023-01-14,256437400.0
2023-01-15,251215000.0
2023-01-16,229148700.0
2023-01-17,206281200.0
2023-01-18,228772200.0
2023-01-19,216215700.0
2023-01-20,214879000.0
2023-01-21,190639100.0
2023-01-22,186458100.0
2023-01-23,166823900.0
2023-01-24,169846200.0
2023-01-25,146088500.0
2023-01-26,138365500.0
2023-01-27,128990900.0
2023-01-28,122232800.0
2023-01-29,112973800.0
2023-01-30,114639900.0
2023-01-31,113089200.0
2023-02-01,108748100.0
2023-02-02,115232100.0
2023-02-03,103327400.0
2023-02-04,111042300.0
2023-02-05,97571000.0
2023-02-06,96460400.0
2023-02-07,105904500.0
2023-02-08,98308100.0
2023-02-09,103018000.0
2023-02-10,102571100.0
2023-02-11,119279400.0
2023-02-12,110899400.0
2023-02-13,134699200.0
2023-02-14,117526000.0
2023-02-15,166247700.0
2023-02-16,137976900.0
2023-02-17,135420300.0
2023-02-18,145090400.0
2023-02-19,141246000.0
2023-02-20,150108700.0
2023-02-21,141867700.0
2023-02-22,154688400.0
2023-02-23,127940700.0
2023-02-24,117347000.0
2023-02-25,103051400.0
2023-02-26,98637900.0
2023-02-27,104251300.0
2023-02-28,128096400.0
2023-03-01,120285400.0
2023-03-02,117150000.0
2023-03-03,111983200.0
2023-03-04,164811800.0
2023-03-05,229219100.0
2023-03-06,225738900.0
2023-03-07,175753800.0
2023-03-08,217605400.0
2023-03-09,300303700.0
2023-03-10,229763800.0
2023-03-11,419039800.0
2023-03-12,393971000.0
2023-03-13,429097400.0
2023-03-14,356516000.0
2023-03-15,338754600.0
2023-03-16,343005800.0
2023-03-17,316159300.0
2023-03-18,293558100.0
2023-03-19,298618600.0
2023-03-20,253868100.0
2023-03-21,220786700.0
2023-03-22,210519500.0
2023-03-23,222426900.0
2023-03-24,234934900.0
2023-03-25,263948700.0
2023-03-26,250908800.0
2023-03-27,226733300.0
2023-03-28,234826900.0
2023-03-29,231877000.0
2023-03-30,210929400.0
2023-03-31,241545600.0
2023-04-01,218428700.0
2023-04-02,282850800.0
2023-04-03,228322600.0
2023-04-04,199025700.0
2023-04-05,277640500.0
2023-04-06,210957300.0
2023-04-07,236723800.0
2023-04-08,243666500.0
2023-04-09,214593500.0
2023-04-10,192860600.0
2023-04-11,196672000.0
2023-04-12,204180900.0
2023-04-13,185054000.0
2023-04-14,173535300.0
2023-04-15,167672900.0
2023-04-16,223889000.0
2023-04-17,306636700.0
2023-04-18,328164200.0
2023-04-19,236903200.0
2023-04-20,224119000.0
2023-04-21,247599100.0
2023-04-22,269963100.0
2023-04-23,254949300.0
2023-04-24,263754000.0
2023-04-25,251792900.0
2023-04-26,296921900.0
2023-04-27,250069200.0
2023-04-28,383676800.0
2023-04-29,316950700.0
2023-04-30,316421200.0
2023-05-01,230242400.0
2023-05-02,201541000.0
2023-05-03,168147200.0
2023-05-04,155503600.0
2023-05-05,143755800.0
2023-05-06,146650200.0
2023-05-07,139669000.0
2023-05-08,129155700.0
2023-05-09,137735800.0
2023-05-10,156657000.0
2023-05-11,149819600.0
2023-05-12,147461000.0
2023-05-13,145898200.0
2023-05-14,153485800.0
2023-05-15,164250100.0
2023-05-16,165729100.0
2023-05-17,224512100.0
2023-05-18,149003400.0
2023-05-19,160043900.0
2023-05-20,191268400.0
2023-05-21,187750800.0
2023-05-22,209835800.0
2023-05-23,328834000.0
2023-05-24,306732800.0
2023-05-25,358326100.0
2023-05-26,419272700.0
2023-05-27,313100700.0
2023-05-28,394446300.0
2023-05-29,359458300.0
2023-05-30,387696700.0
2023-05-31,279411700.0
2023-06-01,416910500.0
2023-06-02,313118000.0
2023-06-03,228706900.0
2023-06-04,203731800.0
2023-06-05,327646700.0
2023-06-06,306745400.0
2023-06-07,241193900.0
2023-06-08,304568600.0
2023-06-09,275006500.0
2023-06-10,224947800.0
2023-06-11,281671600.0
2023-06-12,197468200.0
2023-06-13,171309800.0
2023-06-14,197738100.0
2023-06-15,232138500.0
2023-06-16,254403700.0
2023-06-17,236722500.0
2023-06-18,220116400.0
2023-06-19,181048600.0
2023-06-20,157632100.0
2023-06-21,179236600.0
2023-06-22,182284600.0
2023-06-23,196282400.0
2023-06-24,217829900.0
2023-06-25,251871800.0
2023-06-26,301184000.0
2023-06-27,202788200.0
2023-06-28,184649800.0
2023-06-29,186971200.0
2023-06-30,185590800.0
2023-07-01,171930300.0
2023-07-02,252161600.0
2023-07-03,198024500.0
2023-07-04,220187500.0
2023-07-05,188517000.0
2023-07-06,229346300.0
2023-07-07,285535100.0
2023-07-08,267945300.0
2023-07-09,218014100.0
2023-07-10,261589000.0
2023-07-11,208253200.0
2023-07-12,198475800.0
2023-07-13,174755200.0
2023-07-14,316912200.0
2023-07-15,247842300.0
2023-07-16,293350000.0
2023-07-17,416582300.0
2023-07-18,347120300.0
2023-07-19,326595600.0
2023-07-20,238666600.0
2023-07-21,285761600.0
2023-07-22,249806100.0
2023-07-23,197942800.0
2023-07-24,228166700.0
2023-07-25,181156400.0
2023-07-26,172010100.0
2023-07-27,177617100.0
2023-07-28,168113600.0
2023-07-29,158348700.0
2023-07-30,190912100.0
2023-07-31,182625200.0
2023-08-01,227428900.0
2023-08-02,212522200.0
2023-08-03,175461800.0
2023-08-04,163923800.0
2023-08-05,207044200.0
2023-08-06,164069000.0
2023-08-07,212013300.0
2023-08-08,180375300.0
2023-08-09,238025300.0
2023-08-10,163878100.0
2023-08-11,184908100.0
2023-08-12,186933700.0
2023-08-13,217963000.0
2023-08-14,158915400.0
2023-08-15,213850500.0
2023-08-16,173644000.0
2023-08-17,161976300.0
2023-08-18,175250300.0
2023-08-19,140062400.0
2023-08-20,187934300.0
2023-08-21,206127500.0
2023-08-22,375312900.0
2023-08-23,234772900.0
2023-08-24,171894000.0
2023-08-25,185460000.0
2023-08-26,169506900.0
2023-08-27,136779500.0
2023-08-28,123887300.0
2023-08-29,138639400.0
2023-08-30,115190700.0
2023-08-31,104870700.0
2023-09-01,100682400.0
2023-09-02,109126600.0
2023-09-03,113907400.0
2023-09-04,147459100.0
2023-09-05,116205600.0
2023-09-06,102887500.0
2023-09-07,102239700.0
2023-09-08,93472000.0
2023-09-09,99637800.0
2023-09-10,144414800.0
2023-09-11,257719600.0
2023-09-12,184432700.0
2023-09-13,145250900.0
2023-09-14,154430100.0
2023-09-15,131765300.0
2023-09-16,106244700.0
2023-09-17,139213000.0
2023-09-18,110984500.0
2023-09-19,98849700.0
2023-09-20,91026800.0
2023-09-21,92310400.0
2023-09-22,89183800.0
2023-09-23,110373900.0
2023-09-24,106848600.0
2023-09-25,121783800.0
2023-09-26,109356600.0
2023-09-27,90123600.0
2023-09-28,97915700.0
2023-09-29,94587100.0
2023-09-30,95516200.0
2023-10-01,133592200.0
2023-10-02,108191000.0
2023-10-03,111514700.0
2023-10-04,141186600.0
2023-10-05,138291400.0
2023-10-06,145521100.0
2023-10-07,167508200.0
2023-10-08,192667800.0
2023-10-09,132328600.0
2023-10-10,151279300.0
2023-10-11,152332500.0
2023-10-12,123821100.0
2023-10-13,130237900.0
2023-10-14,136905400.0
2023-10-15,122586000.0
2023-10-16,121181200.0
2023-10-17,117279300.0
2023-10-18,114512000.0
2023-10-19,110457800.0
2023-10-20,107596900.0
2023-10-21,107637500.0
2023-10-22,109938800.0
2023-10-23,142620800.0
2023-10-24,176910800.0
2023-10-25,151725600.0
2023-10-26,198403400.0
2023-10-27,213429900.0
2023-10-28,192232600.0
2023-10-29,200557400.0
2023-10-30,224367300.0
2023-10-31,255453900.0
2023-11-01,277452900.0
2023-11-02,307949700.0
2023-11-03,320780500.0
2023-11-04,335223600.0
2023-11-05,258901600.0
2023-11-06,254434000.0
2023-11-07,254713900.0
2023-11-08,194528700.0
2023-11-09,180131400.0
2023-11-10,179984600.0
2023-11-11,173417500.0
2023-11-12,200048800.0
2023-11-13,157673900.0
2023-11-14,171275400.0
2023-11-15,236144600.0
2023-11-16,169161800.0
2023-11-17,190025500.0
2023-11-18,255306500.0
2023-11-19,224611200.0
2023-11-20,230550000.0
2023-11-21,201524400.0
2023-11-22,179596300.0
2023-11-23,157365300.0
2023-11-24,161836800.0
2023-11-25,195511000.0
2023-11-26,152664200.0
2023-11-27,137450900.0
2023-11-28,141683000.0
2023-11-29,123860300.0
2023-11-30,123425500.0
2023-12-01,108495100.0
2023-12-02,103745600.0
2023-12-03,99176900.0
2023-12-04,94368000.0
2023-12-05,92831000.0
2023-12-06,100020300.0
2023-12-07,99421800.0
2023-12-08,97761000.0
2023-12-09,93219200.0
2023-12-10,120214600.0
2023-12-11,97549400.0
2023-12-12,102382900.0
2023-12-13,87054600.0
2023-12-14,86964800.0
2023-12-15,104253000.0
2023-12-16,125122000.0
2023-12-17,165246900.0
2023-12-18,136981000.0
2023-12-19,128133100.0
2023-12-20,128970800.0
2023-12-21,129094600.0
2023-12-22,118873900.0
2023-12-23,114149000.0
2023-12-24,112797900.0
2023-12-25,111480400.0
2023-12-26,134280100.0
2023-12-27,134147400.0
2023-12-28,170441000.0
2023-12-29,159570600.0
2023-12-30,143238700.0
2023-12-31,143653100.0
2024-01-01,113920600.0
2024-01-02,107403100.0
2024-01-03,104678600.0
2024-01-04,96482900.0
2024-01-05,94187500.0
2024-01-06,92609600.0
2024-01-07,84153800.0
2024-01-08,79833100.0
2024-01-09,77352000.0
2024-01-10,80227200.0
2024-01-11,79487900.0
2024-01-12,84475700.0
2024-01-13,81639300.0
2024-01-14,75214400.0
2024-01-15,72792900.0
2024-01-16,71404900.0
2024-01-17,69511700.0
2024-01-18,65270100.0
2024-01-19,65073200.0
2024-01-20,63207400.0
2024-01-21,64040000.0
2024-01-22,65258500.0
2024-01-23,63341800.0
2024-01-24,59375800.0
2024-01-25,57291200.0
2024-01-26,57758100.0
2024-01-27,61805300.0
2024-01-28,58319000.0
2024-01-29,55795000.0
2024-01-30,56629500.0
2024-01-31,63806400.0
2024-02-01,73483300.0
2024-02-02,78755200.0
2024-02-03,117464500.0
2024-02-04,119685000.0
2024-02-05,122631400.0
2024-02-06,128823700.0
2024-02-07,114190800.0
2024-02-08,96296300.0
2024-02-09,91575300.0
2024-02-10,96304700.0
2024-02-11,82606700.0
2024-02-12,77330600.0
2024-02-13,68208100.0
2024-02-14,75580000.0
2024-02-15,67610800.0
2024-02-16,73212900.0
2024-02-17,71203100.0
2024-02-18,72081100.0
2024-02-19,61686100.0
2024-02-20,63650300.0
2024-02-21,65201400.0
2024-02-22,70196600.0
2024-02-23,67642500.0
2024-02-24,59337400.0
2024-02-25,63093800.0
2024-02-26,63723400.0
2024-02-27,62636200.0
2024-02-28,60267200.0
2024-02-29,60390000.0
2024-03-01,61700200.0
2024-03-02,62997900.0
2024-03-03,64702500.0
2024-03-04,73074500.0
2024-03-05,70410700.0
2024-03-06,67105000.0
2024-03-07,60912100.0
2024-03-08,69219300.0
2024-03-09,80500000.0
2024-03-10,67746500.0
2024-03-11,92741200.0
2024-03-12,83417800.0
2024-03-13,63769400.0
2024-03-14,88097400.0
2024-03-15,66325900.0
2024-03-16,60039300.0
2024-03-17,66873100.0
2024-03-18,61342100.0
2024-03-19,75314600.0
2024-03-20,68652700.0
2024-03-21,77459300.0
2024-03-22,77231800.0
2024-03-23,63933300.0
2024-03-24,56026500.0
2024-03-25,70322000.0
2024-03-26,77786800.0
2024-03-27,72671100.0
2024-03-28,65788000.0
2024-03-29,67536200.0
2024-03-30,66325400.0
2024-03-31,77753500.0
2024-04-01,92959300.0
2024-04-02,139587000.0
2024-04-03,123699600.0
2024-04-04,169207300.0
2024-04-05,148310000.0
2024-04-06,138302900.0
2024-04-07,103178600.0
2024-04-08,96336100.0
2024-04-09,91761000.0
2024-04-10,78419500.0
2024-04-11,70603300.0
2024-04-12,68491400.0
2024-04-13,65123600.0
2024-04-14,62775800.0
2024-04-15,65482700.0
2024-04-16,63658600.0
2024-04-17,67759700.0
2024-04-18,84288900.0
2024-04-19,123197300.0
2024-04-20,140632700.0
2024-04-21,173795200.0
2024-04-22,214521300.0
2024-04-23,192121300.0
2024-04-24,165093400.0
2024-04-25,168236800.0
2024-04-26,175129600.0
2024-04-27,190810300.0
2024-04-28,206055600.0
2024-04-29,303136900.0
2024-04-30,204792600.0
2024-05-01,211931100.0
2024-05-02,230087500.0
2024-05-03,199873900.0
2024-05-04,316351100.0
2024-05-05,350443700.0
2024-05-06,257474700.0
2024-05-07,205654200.0
2024-05-08,315560300.0
2024-05-09,468623000.0
2024-05-10,394650700.0
2024-05-11,293224100.0
2024-05-12,288884500.0
2024-05-13,335011000.0
2024-05-14,261226700.0
2024-05-15,374039800.0
2024-05-16,337569400.0
2024-05-17,249055900.0
2024-05-18,244896100.0
2024-05-19,222394700.0
2024-05-20,207412700.0
2024-05-21,217344700.0
2024-05-22,206327500.0
2024-05-23,202752600.0
2024-05-24,226765000.0
2024-05-25,242506200.0
2024-05-26,198204300.0
2024-05-27,197121600.0
2024-05-28,269527200.0
2024-05-29,447075400.0
2024-05-30,359762100.0
2024-05-31,398088000.0
2024-06-01,274489600.0
2024-06-02,218156300.0
2024-06-03,236058500.0
2024-06-04,571543700.0
2024-06-05,336719900.0
2024-06-06,275420800.0
2024-06-07,230638600.0
2024-06-08,243168000.0
2024-06-09,281829000.0
2024-06-10,277259700.0
2024-06-11,327798400.0
2024-06-12,229812500.0
2024-06-13,223387600.0
2024-06-14,248244500.0
2024-06-15,413942300.0
2024-06-16,643075500.0
2024-06-17,364669800.0
2024-06-18,324115400.0
2024-06-19,341293900.0
2024-06-20,364440800.0
2024-06-21,307817100.0
2024-06-22,263817900.0
2024-06-23,388407300.0
2024-06-24,300537800.0
2024-06-25,333312500.0
2024-06-26,470935600.0
2024-06-27,375134300.0
2024-06-28,383455100.0
2024-06-29,333306500.0
2024-06-30,282145300.0
2024-07-01,279099800.0
2024-07-02,291513900.0
2024-07-03,336579100.0
2024-07-04,340355900.0
2024-07-05,455596300.0
2024-07-06,370375100.0
2024-07-07,294871300.0
2024-07-08,255422800.0
2024-07-09,256366700.0
2024-07-10,220486100.0
2024-07-11,197292600.0
2024-07-12,195542800.0
2024-07-13,222646300.0
2024-07-14,201499500.0
2024-07-15,209886500.0
2024-07-16,190123100.0
2024-07-17,178176200.0
2024-07-18,170824600.0
2024-07-19,161852800.0
2024-07-20,156745300.0
2024-07-21,239559300.0
2024-07-22,223517400.0
2024-07-23,204896200.0
2024-07-24,171912900.0
2024-07-25,180766500.0
2024-07-26,162816100.0
2024-07-27,194457900.0
2024-07-28,286230700.0
2024-07-29,177967300.0
2024-07-30,209157700.0
2024-07-31,233344100.0
2024-08-01,180084400.0
2024-08-02,163205500.0
2024-08-03,146618100.0
2024-08-04,140538900.0
2024-08-05,180772900.0
2024-08-06,199777400.0
2024-08-07,188170400.0
2024-08-08,139797000.0
2024-08-09,173115100.0
2024-08-10,177449800.0
2024-08-11,192003900.0
2024-08-12,165760100.0
2024-08-13,217941800.0
2024-08-14,163461200.0
2024-08-15,127215400.0
2024-08-16,150356100.0
2024-08-17,137453400.0
2024-08-18,108248000.0
2024-08-19,113238500.0
2024-08-20,107005600.0
2024-08-21,101835600.0
2024-08-22,114792200.0
2024-08-23,150687700.0
2024-08-24,146055300.0
2024-08-25,153761700.0
2024-08-26,122551000.0
2024-08-27,113435700.0
2024-08-28,108756200.0
2024-08-29,132260600.0
2024-08-30,105509300.0
2024-08-31,94708600.0
2024-09-01,150267800.0
2024-09-02,142711000.0
2024-09-03,129594400.0
2024-09-04,128129700.0
2024-09-05,224118100.0
2024-09-06,111225300.0
2024-09-07,135594700.0
2024-09-08,101773300.0
2024-09-09,94560900.0
2024-09-10,108729300.0
2024-09-11,90695500.0
2024-09-12,94524300.0
2024-09-13,128362300.0
2024-09-14,98190300.0
2024-09-15,94692200.0
2024-09-16,94155800.0
2024-09-17,148472200.0
2024-09-18,93739700.0
2024-09-19,88334200.0
2024-09-20,90990400.0
2024-09-21,108241200.0
2024-09-22,127174500.0
2024-09-23,168657800.0
2024-09-24,99796300.0
2024-09-25,109283500.0
2024-09-26,126101500.0
2024-09-27,120300800.0
2024-09-28,125812600.0
2024-09-29,196328100.0
2024-09-30,169336400.0
2024-10-01,151630500.0
2024-10-02,149793900.0
2024-10-03,144885000.0
2024-10-04,128179600.0
2024-10-05,150600000.0
2024-10-06,140374000.0
2024-10-07,155012300.0
2024-10-08,192935300.0
2024-10-09,195952600.0
2024-10-10,251414500.0
2024-10-11,171505200.0
2024-10-12,142167400.0
2024-10-13,172882800.0
2024-10-14,119848500.0
2024-10-15,122605600.0
2024-10-16,122375800.0
2024-10-17,125299300.0
2024-10-18,108667400.0
2024-10-19,136515900.0
2024-10-20,149017000.0
2024-10-21,164730700.0
2024-10-22,182892200.0
2024-10-23,186751300.0
2024-10-24,198957600.0
2024-10-25,157988800.0
2024-10-26,132677400.0
2024-10-27,180745900.0
2024-10-28,147287000.0
2024-10-29,120943500.0
2024-10-30,125661300.0
2024-10-31,161148800.0
2024-11-01,155365200.0
2024-11-02,161394400.0
2024-11-03,143955000.0
2024-11-04,184664000.0
2024-11-05,181479100.0
2024-11-06,170383800.0
2024-11-07,190772700.0
2024-11-08,226586300.0
2024-11-09,267735700.0
2024-11-10,365055400.0
2024-11-11,342313300.0
2024-11-12,293030800.0
2024-11-13,284650200.0
2024-11-14,331592800.0
2024-11-15,285256600.0
2024-11-16,279777600.0
2024-11-17,251288700.0
2024-11-18,236537100.0
2024-11-19,268033400.0
2024-11-20,253912000.0
2024-11-21,317475500.0
2024-11-22,344604400.0
2024-11-23,320869300.0
2024-11-24,299106000.0
2024-11-25,225671500.0
2024-11-26,220343900.0
2024-11-27,232804600.0
2024-11-28,207581400.0
2024-11-29,190909500.0
2024-11-30,161292300.0
2024-12-01,148655900.0
2024-12-02,152283700.0
2024-12-03,149645800.0
2024-12-04,137022900.0
2024-12-05,137700400.0
2024-12-06,141209700.0
2024-12-07,139769100.0
2024-12-08,131715900.0
2024-12-09,117727100.0
2024-12-10,116413000.0
2024-12-11,111711400.0
2024-12-12,109013100.0
2024-12-13,119718300.0
2024-12-14,117349100.0
2024-12-15,152347000.0
2024-12-16,154501100.0
2024-12-17,124958700.0
2024-12-18,119181600.0
2024-12-19,124709700.0
2024-12-20,111819500.0
2024-12-21,139730900.0
2024-12-22,154410700.0
2024-12-23,197199300.0
2024-12-24,154740000.0
2024-12-25,128490600.0
2024-12-26,171605400.0
2024-12-27,184164600.0
2024-12-28,181283400.0
2024-12-29,199054900.0
2024-12-30,208840500.0
2024-12-31,209463300.0
2025-01-01,192407100.0
2025-01-02,175262400.0
2025-01-03,216529700.0
2025-01-04,232149400.0
2025-01-05,273468600.0
2025-01-06,212045100.0
2025-01-07,174892700.0
2025-01-08,169687900.0
2025-01-09,160641000.0
2025-01-10,152241500.0
2025-01-11,138083900.0
2025-01-12,121099600.0
2025-01-13,109806000.0
2025-01-14,105379700.0
2025-01-15,107163700.0
2025-01-16,99736200.0
2025-01-17,101284100.0
2025-01-18,95483300.0
2025-01-19,98472900.0
2025-01-20,89213900.0
2025-01-21,83491300.0
2025-01-22,82340000.0
2025-01-23,81743000.0
2025-01-24,79432400.0
2025-01-25,80714900.0
2025-01-26,105645600.0
2025-01-27,99303900.0
2025-01-28,102386400.0
2025-01-29,108835800.0
2025-01-30,112833400.0
2025-01-31,115944700.0
2025-02-01,96475700.0
2025-02-02,88744300.0
2025-02-03,95498700.0
2025-02-04,102524000.0
2025-02-05,127014100.0
2025-02-06,105180000.0
2025-02-07,112369500.0
2025-02-08,132728800.0
2025-02-09,147124100.0
2025-02-10,127635900.0
2025-02-11,136083700.0
2025-02-12,137303400.0
2025-02-13,141577500.0
2025-02-14,190829000.0
2025-02-15,184963600.0
2025-02-16,209454500.0
2025-02-17,260590900.0
2025-02-18,262239500.0
2025-02-19,212445700.0
2025-02-20,204789700.0
2025-02-21,196519500.0
2025-02-22,235845900.0
2025-02-23,214781000.0
2025-02-24,188143400.0
2025-02-25,214336000.0
2025-02-26,186421700.0
2025-02-27,178290300.0
2025-02-28,186223300.0
2025-03-01,178027600.0
2025-03-02,166990700.0
2025-03-03,176973100.0
2025-03-04,205579700.0
2025-03-05,208054900.0
2025-03-06,231643200.0
2025-03-07,232718100.0
2025-03-08,203195100.0
2025-03-09,167461700.0
2025-03-10,164106400.0
2025-03-11,168251300.0
2025-03-12,212865000.0
2025-03-13,203594500.0
2025-03-14,222711800.0
2025-03-15,201038900.0
2025-03-16,216781200.0
2025-03-17,293400600.0
2025-03-18,315408700.0
2025-03-19,232048100.0
2025-03-20,221573000.0
2025-03-21,244967600.0
2025-03-22,226464100.0
2025-03-23,179768900.0
2025-03-24,154644600.0
2025-03-25,145013800.0
2025-03-26,140025600.0
2025-03-27,164770400.0
2025-03-28,181003700.0
2025-03-29,212165100.0
2025-03-30,207294000.0
2025-03-31,265388100.0
2025-04-01,277631600.0
2025-04-02,269027500.0
2025-04-03,257955300.0
2025-04-04,278794100.0
2025-04-05,310091700.0
2025-04-06,285329900.0
2025-04-07,302733300.0
2025-04-08,352690100.0
2025-04-09,298723500.0
2025-04-10,443231000.0
2025-04-11,575179500.0
2025-04-12,404037600.0
2025-04-13,292317600.0
2025-04-14,257272400.0
2025-04-15,221586100.0
2025-04-16,196603300.0
2025-04-17,219475400.0
2025-04-18,186713900.0
2025-04-19,230697400.0
2025-04-20,348529100.0
2025-04-21,267838100.0
2025-04-22,257950400.0
2025-04-23,273229600.0
2025-04-24,333816700.0
2025-04-25,329561700.0
2025-04-26,402682100.0
2025-04-27,383496300.0
2025-04-28,493998900.0
2025-04-29,420996600.0
2025-04-30,536594600.0
2025-05-01,437566000.0
2025-05-02,376079300.0
2025-05-03,442795900.0
2025-05-04,369618600.0
2025-05-05,526870000.0
2025-05-06,571998300.0
2025-05-07,558629100.0
2025-05-08,433033400.0
2025-05-09,437508500.0
2025-05-10,349757600.0
2025-05-11,340525800.0
2025-05-12,315750400.0
2025-05-13,316483500.0
2025-05-14,315160500.0
2025-05-15,375864600.0
2025-05-16,338090900.0
2025-05-17,557849800.0
2025-05-18,479933200.0
2025-05-19,514884000.0
2025-05-20,620082900.0
2025-05-21,477487500.0
2025-05-22,507990800.0
2025-05-23,380424500.0
2025-05-24,376735400.0
2025-05-25,302763400.0
2025-05-26,294453400.0
2025-05-27,339928300.0
2025-05-28,285772800.0
2025-05-29,250408900.0
2025-05-30,324721800.0
2025-05-31,317094200.0
2025-06-01,309081100.0
2025-06-02,353543600.0
2025-06-03,307802600.0
2025-06-04,354994200.0
2025-06-05,337495600.0
2025-06-06,506892200.0
2025-06-07,397939700.0
2025-06-08,284044900.0
2025-06-09,417422500.0
2025-06-10,448133000.0
2025-06-11,404924700.0
2025-06-12,348478200.0
2025-06-13,475181200.0
2025-06-14,482588300.0
2025-06-15,427127400.0
2025-06-16,348828000.0
2025-06-17,495597200.0
2025-06-18,464264700.0
2025-06-19,319213000.0
2025-06-20,343627100.0
2025-06-21,283149000.0
2025-06-22,304809500.0
2025-06-23,414856200.0
2025-06-24,502889700.0
2025-06-25,361868800.0
2025-06-26,285287800.0
2025-06-27,371446600.0
2025-06-28,452691300.0
2025-06-29,326654100.0
2025-06-30,352758800.0
2025-07-01,428730100.0
2025-07-02,389961800.0
2025-07-03,468365100.0
2025-07-04,355214500.0
2025-07-05,350508300.0
2025-07-06,276294100.0
2025-07-07,244976900.0
2025-07-08,230533900.0
2025-07-09,232628200.0
2025-07-10,255818200.0
2025-07-11,450516700.0
2025-07-12,375483600.0
2025-07-13,343682300.0
2025-07-14,368270700.0
2025-07-15,274408800.0
2025-07-16,246086400.0
2025-07-17,223094900.0
2025-07-18,308428500.0
2025-07-19,375503800.0
2025-07-20,269971400.0
2025-07-21,305171300.0
2025-07-22,260874900.0
2025-07-23,269583400.0
2025-07-24,243023900.0
2025-07-25,239393100.0
2025-07-26,245901800.0
2025-07-27,256342200.0
2025-07-28,277276600.0
2025-07-29,305335900.0
2025-07-30,291520300.0
2025-07-31,193029929.97
2025-08-01,213081788.4
2025-08-02,231455565.75
2025-08-03,278106456.92
2025-08-04,286376431.11
2025-08-05,200897427.12
2025-08-06,166556411.73
2025-08-07,196151547.39
2025-08-08,251073229.82
2025-08-09,296473845.02
2025-08-10,230864655.21
2025-08-11,255288359.52
2025-08-12,221953338.9
2025-08-13,199565133.57
2025-08-14,171473573.39
2025-08-15,202830439.37
2025-08-16,243321179.14
2025-08-17,193840308.3
2025-08-18,303837998.79
2025-08-19,226187207.0
2025-08-20,171281563.45
2025-08-21,238992788.64
2025-08-22,211364254.95
2025-08-23,211717509.47
2025-08-24,195444309.57
2025-08-25,205534630.47
2025-08-26,179958087.21
2025-08-27,234763388.97
2025-08-28,226395806.76
2025-08-29,174968300.58
2025-08-30,167381987.24
2025-08-31,187002863.38
2025-09-01,235608389.85
2025-09-02,253362148.44
2025-09-03,284758708.14
2025-09-04,293696358.86
2025-09-05,266822580.85
2025-09-06,237519959.16
2025-09-07,353180879.08
2025-09-08,273690855.66
2025-09-09,223531326.86
2025-09-10,169203002.44
2025-09-11,207266753.15
2025-09-12,157576309.56
2025-09-13,142531372.25
2025-09-14,171915795.7
2025-09-15,168325764.64
2025-09-16,144773970.92
2025-09-17,151511387.8
2025-09-18,204968156.14
2025-09-19,190817119.59
2025-09-20,209864775.3
2025-09-21,160698995.8
2025-09-22,142384230.0
2025-09-23,141590015.39
2025-09-24,141280912.49
2025-09-25,170258247.18
2025-09-26,147082276.77
2025-09-27,152480299.33
2025-09-28,181023829.58
2025-09-29,167890942.26
2025-09-30,214052708.16
2025-10-01,181626640.81
2025-10-02,199094696.73
2025-10-03,201794507.36
2025-10-04,163295349.17
2025-10-05,184984108.04
2025-10-06,200728497.25
2025-10-07,189479693.16
2025-10-08,231721630.85
2025-10-09,183005356.15
2025-10-10,244505611.31
2025-10-11,224385297.32
2025-10-12,316992876.89
2025-10-13,234532081.2
2025-10-14,217464801.82
2025-10-15,191372376.09
2025-10-16,249469772.03
2025-10-17,256471144.79
2025-10-18,278359990.07
2025-10-19,212951189.07
2025-10-20,226272569.23
2025-10-21,228660132.53
2025-10-22,241970350.36
2025-10-23,255172076.69
2025-10-24,274297914.82
2025-10-25,262579658.75
2025-10-26,277753576.43
2025-10-27,320381514.68
2025-10-28,248170700.15
2025-10-29,239055566.03
2025-10-30,221310869.47
2025-10-31,234113463.83
2025-11-01,196692476.45
2025-11-02,199530571.49
2025-11-03,219675798.08
2025-11-04,200041633.9
2025-11-05,197414155.71
2025-11-06,242868557.15
2025-11-07,184432451.03
2025-11-08,152996677.12
2025-11-09,186846425.23
2025-11-10,228754966.24
2025-11-11,183036423.42
2025-11-12,173042649.67
2025-11-13,214410635.87
2025-11-14,314075140.31
2025-11-15,255970906.21
2025-11-16,409729581.3
2025-11-17,402053071.72
2025-11-18,265739014.05
2025-11-19,261670060.16
2025-11-20,258258168.01
2025-11-21,237325082.93
2025-11-22,205831826.6
2025-11-23,220916931.93
2025-11-24,219827226.61
2025-11-25,207378130.44
2025-11-26,190550646.81
2025-11-27,204498602.69
2025-11-28,240041449.93
2025-11-29,234505451.26
2025-11-30,250211912.57
2025-12-01,290789849.89
2025-12-02,265370397.9
2025-12-03,235149018.92
2025-12-04,247318399.29
2025-12-05,277809517.37
2025-12-06,237614660.3
2025-12-07,245469515.08
2025-12-08,220976982.06
2025-12-09,200227341.92
2025-12-10,176387351.4
2025-12-11,167021360.15
2025-12-12,192032685.3
2025-12-13,164385368.03
2025-12-14,151196930.57
2025-12-15,165654541.92
2025-12-16,177721274.42
2025-12-17,173479711.81
2025-12-18,169810193.98
2025-12-19,164136293.12
2025-12-20,171267953.17
2025-12-21,148881993.06
2025-12-22,165037405.24
2025-12-23,144202999.03
2025-12-24,142643124.76
2025-12-25,166714871.21
2025-12-26,141617363.77
2025-12-27,145684161.27
2025-12-28,140438964.06
2025-12-29,128299297.85
2025-12-30,128236549.77
2025-12-31,132433113.89
2026-01-01,127540466.07
2026-01-02,137375394.29
2026-01-03,148733684.28
2026-01-04,148347840.24
2026-01-05,169197493.94
2026-01-06,210890752.13
2026-01-07,235278948.14
2026-01-08,177504130.84
2026-01-09,178429467.71
2026-01-10,186974627.74
2026-01-11,225121507.4
2026-01-12,285385764.67
2026-01-13,289505994.85
2026-01-14,275173694.94
2026-01-15,258044915.68
2026-01-16,240404148.28
2026-01-17,197797400.11
2026-01-18,170133649.03
2026-01-19,156772032.38
2026-01-20,152412481.89
2026-01-21,147555989.63
2026-01-22,156254769.68
2026-01-23,152734205.58
2026-01-24,150008917.37
2026-01-25,141896793.74
2026-01-26,176472100.17
2026-01-27,192200639.59
2026-01-28,208181550.94
2026-01-29,223751652.24
2026-01-30,184963028.69
2026-01-31,239688755.45
2026-02-01,290307744.84
2026-02-02,344062501.79
2026-02-03,273373156.33
2026-02-04,240488928.93
2026-02-05,204989101.81
2026-02-06,261926077.0
2026-02-07,227951882.55
2026-02-08,210941484.47
2026-02-09,213452295.69
2026-02-10,186632193.47
2026-02-11,180744224.7
2026-02-12,175590806.5
2026-02-13,177779490.49
2026-02-14,184528956.96
2026-02-15,197966209.15
2026-02-16,213447970.19
2026-02-17,225917079.7
2026-02-18,282564352.88
2026-02-19,214610219.11
2026-02-20,232284892.95
2026-02-21,214704701.56
2026-02-22,213367917.69
2026-02-23,263317853.8
2026-02-24,286055852.16
2026-02-25,297275558.25
2026-02-26,246005024.72
2026-02-27,207475783.96
2026-02-28,193505453.63
2026-03-01,181589856.42
2026-03-02,181046019.52
2026-03-03,173927608.32
2026-03-04,178193998.62
2026-03-05,178442937.14
2026-03-06,174080616.59
2026-03-07,162405939.62
2026-03-08,196239580.18
2026-03-09,188649042.75
2026-03-10,180292091.97
2026-03-11,189416914.38
2026-03-12,177490646.73
2026-03-13,165007925.7
2026-03-14,144614256.44
2026-03-15,134235138.52
2026-03-16,135896868.92
2026-03-17,137482357.29
2026-03-18,198978918.28
2026-03-19,165271882.78
2026-03-20,140029529.98
2026-03-21,136314267.97
2026-03-22,156176167.83
2026-03-23,154989030.93
2026-03-24,162046090.78
2026-03-25,160260266.32
2026-03-26,155606686.01
2026-03-27,177725598.21
2026-03-28,166003497.59
2026-03-29,163597215.25
2026-03-30,194563331.22
2026-03-31,189476125.8
2026-04-01,174185569.36
2026-04-02,198529806.5
2026-04-03,165767733.64
2026-04-04,162502209.02
2026-04-05,194344939.45
2026-04-06,151863703.17
2026-04-07,174255727.74
2026-04-08,218966915.23
2026-04-09,172446576.75
2026-04-10,152133690.26
2026-04-11,169276562.95
2026-04-12,130916264.43
2026-04-13,143640299.82
2026-04-14,153486932.89
2026-04-15,213006762.24
2026-04-16,285575805.34
2026-04-17,377186595.89
2026-04-18,284905037.56
2026-04-19,224597493.65
2026-04-20,206013925.41
2026-04-21,200415166.11
2026-04-22,191955399.88
2026-04-23,211225253.34
2026-04-24,217914810.57
2026-04-25,262547265.28
2026-04-26,263911102.96
2026-04-27,250727637.77
2026-04-28,258023850.16
2026-04-29,286760705.0
2026-04-30,197998442.49
2026-05-01,175542023.56
2026-05-02,287976447.26
2026-05-03,206265907.34
2026-05-04,268636101.21
2026-05-05,230630422.13
2026-05-06,261650988.15
2026-05-07,204388388.67
2026-05-08,173271362.59
2026-05-09,155125101.72
2026-05-10,144444935.54
2026-05-11,172058710.74
2026-05-12,196204430.74
2026-05-13,192073339.48
2026-05-14,188508592.67
2026-05-15,163134354.11
2026-05-16,178650718.81
2026-05-17,185067421.92
2026-05-18,164089657.19
2026-05-19,254106952.71
2026-05-20,160887205.04
2026-05-21,170569352.67
2026-05-22,272841917.93
2026-05-23,231301363.02
2026-05-24,218433536.82
2026-05-25,203991051.63
2026-05-26,237782330.8
2026-05-27,325845446.62
2026-05-28,274801305.52
2026-05-29,308047340.5
2026-05-30,233769080.3
2026-05-31,214956164.58
2026-06-01,201994717.47
2026-06-02,205691418.67
2026-06-03,219265295.29
2026-06-04,222875452.47
2026-06-05,315474764.85
2026-06-06,266868502.79
2026-06-07,273925327.82
2026-06-08,325614344.65
2026-06-09,320421474.48
2026-06-10,257102408.01
2026-06-11,193261522.55
2026-06-12,159422736.4
2026-06-13,148974795.86
2026-06-14,197825155.31
2026-06-15,185297142.14
2026-06-16,193203365.96
2026-06-17,193028573.49
2026-06-18,213377771.6
2026-06-19,198159302.14
2026-06-20,177575878.42
2026-06-21,199563004.96
2026-06-22,186782112.44
2026-06-23,280449739.58
2026-06-24,161497536.08
2026-06-25,139218476.87
2026-06-26,139134352.21
2026-06-27,143490876.12
2026-06-28,217602691.39
2026-06-29,202328933.03
2026-06-30,251807886.74
2026-07-01,182314683.99
2026-07-02,244517298.46
2026-07-03,279175064.36
2026-07-04,258157993.72
2026-07-05,205937639.26
2026-07-06,184796085.86
2026-07-07,171750961.89
2026-07-08,150970906.44
2026-07-09,243141702.93
2026-07-10,206700764.86
2026-07-11,169204922.29
2026-07-12,200008676.28
2026-07-13,168368600.52
2026-07-14,152319693.63
2026-07-15,197815999.38
2026-07-16,171619880.16
2026-07-17,147932894.92
2026-07-18,172915407.06
2026-07-19,267556123.88
2026-07-20,228965934.8
2026-07-21,180851715.95
2026-07-22,156550498.75
2026-07-23,400903790.95
2026-07-24,296525732.47
2026-07-25,171474111.06
2026-07-26,199804116.05
2026-07-27,158436776.91
2026-07-28,136875147.86
2026-07-29,145490543.37
2026-07-30,178255425.43
2026-07-31,154704874.91
