date,demanda_kwh
2000-01-01,88141869.56
2000-01-02,89124366.89
2000-01-03,106186254.6
2000-01-04,109554603.09
2000-01-05,109348213.18
2000-01-06,110607542.43
2000-01-07,110696878.78
2000-01-08,104153335.13
2000-01-09,91441682.38
2000-01-10,93270676.39
2000-01-11,110490942.4
2000-01-12,113476839.3
2000-01-13,113625422.55
2000-01-14,114219279.89
2000-01-15,107875092.3
2000-01-16,94422180.54
2000-01-17,113448703.02
2000-01-18,114470766.72
2000-01-19,115794232.77
2000-01-20,115932359.05
2000-01-21,115752497.95
2000-01-22,109056096.87
2000-01-23,96088512.2
2000-01-24,114748681.22
2000-01-25,116928802.62
2000-01-26,118082921.43
2000-01-27,117088392.34
2000-01-28,117417775.82
2000-01-29,110649169.14
2000-01-30,97439937.71
2000-01-31,114703337.19
2000-02-01,115992430.38
2000-02-02,115980619.62
2000-02-03,115882965.18
2000-02-04,116588363.21
2000-02-05,109095315.28
2000-02-06,95702105.18
2000-02-07,115120488.23
2000-02-08,117811747.63
2000-02-09,118308769.37
2000-02-10,118641841.29
2000-02-11,116699522.54
2000-02-12,110733452.92
2000-02-13,97654373.19
2000-02-14,116257236.32
2000-02-15,117977307.94
2000-02-16,117684513.98
2000-02-17,117995296.09
2000-02-18,117151145.93
2000-02-19,109654621.91
2000-02-20,96307426.93
2000-02-21,115614200.75
2000-02-22,117632574.92
2000-02-23,118321388.23
2000-02-24,118447513.55
2000-02-25,116552548.19
2000-02-26,109193576.36
2000-02-27,96149598.16
2000-02-28,113125691.01
2000-02-29,115990101.49
2000-03-01,116433353.34
2000-03-02,117179433.85
2000-03-03,116135075.24
2000-03-04,108187202.21
2000-03-05,95988690.74
2000-03-06,114292840.23
2000-03-07,115186378.43
2000-03-08,116722906.43
2000-03-09,117190823.71
2000-03-10,116921195.95
2000-03-11,109623278.09
2000-03-12,96428551.88
2000-03-13,116085526.84
2000-03-14,118303184.94
2000-03-15,117723667.2
2000-03-16,118620773.2
2000-03-17,118503333.06
2000-03-18,111003679.76
2000-03-19,96124733.16
2000-03-20,96996729.9
2000-03-21,115233047.24
2000-03-22,117974798.27
2000-03-23,117312305.51
2000-03-24,116720844.52
2000-03-25,109513860.56
2000-03-26,96397568.79
2000-03-27,115792865.96
2000-03-28,117099830.32
2000-03-29,118720267.22
2000-03-30,118766866.45
2000-03-31,118019584.7
2000-04-01,110573567.74
2000-04-02,96414383.55
2000-04-03,115879790.06
2000-04-04,116828467.22
2000-04-05,115939762.93
2000-04-06,117477284.68
2000-04-07,118080032.52
2000-04-08,110215965.18
2000-04-09,97613142.1
2000-04-10,115097768.14
2000-04-11,117682150.0
2000-04-12,119268566.61
2000-04-13,118133845.44
2000-04-14,117166203.33
2000-04-15,110700541.03
2000-04-16,97211888.2
2000-04-17,113859746.75
2000-04-18,114833261.68
2000-04-19,112404384.25
2000-04-20,92393704.37
2000-04-21,86794068.28
2000-04-22,96900640.57
2000-04-23,93719616.24
2000-04-24,114209380.55
2000-04-25,117172617.1
2000-04-26,118320799.91
2000-04-27,118200476.41
2000-04-28,118225512.86
2000-04-29,110629156.35
2000-04-30,96439006.83
2000-05-01,96590336.0
2000-05-02,115084747.45
2000-05-03,118500420.04
2000-05-04,118805518.06
2000-05-05,117745039.07
2000-05-06,110111477.02
2000-05-07,96849315.38
2000-05-08,115619643.61
2000-05-09,117069086.32
2000-05-10,118040715.05
2000-05-11,117940528.49
2000-05-12,117965408.57
2000-05-13,110279924.45
2000-05-14,93314946.42
2000-05-15,113925162.11
2000-05-16,117856814.59
2000-05-17,118571102.56
2000-05-18,119380441.79
2000-05-19,118614378.17
2000-05-20,110065626.77
2000-05-21,96889238.86
2000-05-22,114834391.48
2000-05-23,117496634.81
2000-05-24,118087189.41
2000-05-25,117156811.98
2000-05-26,117637516.98
2000-05-27,111075778.62
2000-05-28,97382900.38
2000-05-29,115002785.8
2000-05-30,117567064.23
2000-05-31,116666179.95
2000-06-01,116756585.22
2000-06-02,117468875.59
2000-06-03,110859347.42
2000-06-04,96952877.93
2000-06-05,96922201.39
2000-06-06,115896423.47
2000-06-07,117978529.23
2000-06-08,118594702.17
2000-06-09,117862807.04
2000-06-10,110105558.48
2000-06-11,95907010.23
2000-06-12,115724015.44
2000-06-13,119060301.84
2000-06-14,117773981.28
2000-06-15,118021099.49
2000-06-16,118921042.98
2000-06-17,110816566.14
2000-06-18,95264918.9
2000-06-19,113852222.51
2000-06-20,117783416.39
2000-06-21,118074774.25
2000-06-22,118182497.14
2000-06-23,117409176.82
2000-06-24,108624142.4
2000-06-25,94248157.48
2000-06-26,96198011.13
2000-06-27,115653300.37
2000-06-28,118989950.93
2000-06-29,117765437.38
2000-06-30,120218026.24
2000-07-01,110119642.68
2000-07-02,96213455.53
2000-07-03,96254430.52
2000-07-04,114934416.58
2000-07-05,116642033.57
2000-07-06,117072480.91
2000-07-07,115872256.27
2000-07-08,109633707.8
2000-07-09,96491021.88
2000-07-10,116445030.5
2000-07-11,118418145.75
2000-07-12,118907239.8
2000-07-13,119014354.5
2000-07-14,119001148.22
2000-07-15,110505502.04
2000-07-16,96421389.66
2000-07-17,115771953.42
2000-07-18,118244996.23
2000-07-19,118428285.69
2000-07-20,102856582.7
2000-07-21,114928894.56
2000-07-22,107820872.65
2000-07-23,97027870.15
2000-07-24,117585107.22
2000-07-25,119392548.62
2000-07-26,119801145.33
2000-07-27,119439624.36
2000-07-28,117610531.57
2000-07-29,108586638.43
2000-07-30,95855263.33
2000-07-31,114066166.07
2000-08-01,117033947.23
2000-08-02,117396670.96
2000-08-03,117063994.7
2000-08-04,117159670.01
2000-08-05,109250895.86
2000-08-06,95331447.3
2000-08-07,96155196.34
2000-08-08,114430147.22
2000-08-09,117488203.04
2000-08-10,118001569.92
2000-08-11,118458465.52
2000-08-12,111708465.8
2000-08-13,97708413.13
2000-08-14,116441872.51
2000-08-15,119203140.3
2000-08-16,120574439.32
2000-08-17,120341537.06
2000-08-18,119404073.77
2000-08-19,111816738.04
2000-08-20,97855263.39
2000-08-21,100218918.65
2000-08-22,118380088.08
2000-08-23,120282385.69
2000-08-24,120627768.15
2000-08-25,120094817.73
2000-08-26,111571890.96
2000-08-27,98976147.52
2000-08-28,117082467.67
2000-08-29,119003776.17
2000-08-30,119958017.57
2000-08-31,119498642.44
2000-09-01,119827263.16
2000-09-02,112624299.6
2000-09-03,99533561.45
2000-09-04,116143538.63
2000-09-05,117073897.33
2000-09-06,117414272.62
2000-09-07,120466316.12
2000-09-08,120676925.51
2000-09-09,112402422.57
2000-09-10,98218340.96
2000-09-11,116549585.3
2000-09-12,119618323.58
2000-09-13,121623081.36
2000-09-14,120646351.74
2000-09-15,120200243.75
2000-09-16,113002958.13
2000-09-17,98589762.24
2000-09-18,116898255.83
2000-09-19,120421636.49
2000-09-20,120695455.95
2000-09-21,120245036.9
2000-09-22,120083112.83
2000-09-23,112795704.19
2000-09-24,97039524.59
2000-09-25,116269423.03
2000-09-26,118859101.52
2000-09-27,119522032.65
2000-09-28,119234389.6
2000-09-29,118561333.33
2000-09-30,110969638.74
2000-10-01,97853768.82
2000-10-02,116439924.0
2000-10-03,118907163.95
2000-10-04,119030364.59
2000-10-05,120754380.33
2000-10-06,121028022.42
2000-10-07,113410163.45
2000-10-08,99835518.56
2000-10-09,118331471.05
2000-10-10,120017467.36
2000-10-11,122114583.84
2000-10-12,121437774.43
2000-10-13,120992890.16
2000-10-14,112821444.56
2000-10-15,98903316.56
2000-10-16,100230319.97
2000-10-17,119717389.98
2000-10-18,122262156.62
2000-10-19,122227094.88
2000-10-20,122316709.58
2000-10-21,114540907.05
2000-10-22,99994371.29
2000-10-23,119695603.19
2000-10-24,120987152.84
2000-10-25,120546867.03
2000-10-26,120796270.5
2000-10-27,120156504.74
2000-10-28,113608813.27
2000-10-29,98852351.93
2000-10-30,118663086.53
2000-10-31,119593794.52
2000-11-01,121418855.11
2000-11-02,122177794.53
2000-11-03,121108432.2
2000-11-04,114678438.48
2000-11-05,101296177.25
2000-11-06,102614144.04
2000-11-07,119993942.96
2000-11-08,122130759.41
2000-11-09,122416391.17
2000-11-10,123292536.14
2000-11-11,115934554.4
2000-11-12,101457870.99
2000-11-13,102930753.96
2000-11-14,120135365.64
2000-11-15,122660847.64
2000-11-16,124015428.53
2000-11-17,124258541.68
2000-11-18,116164175.77
2000-11-19,102536826.42
2000-11-20,120288917.49
2000-11-21,122642515.54
2000-11-22,122375164.31
2000-11-23,122429031.8
2000-11-24,123115707.59
2000-11-25,116552188.91
2000-11-26,103335363.75
2000-11-27,122018790.28
2000-11-28,124257337.24
2000-11-29,124434177.65
2000-11-30,124955214.97
2000-12-01,124985005.23
2000-12-02,117114696.52
2000-12-03,102725654.25
2000-12-04,120690118.46
2000-12-05,125805760.69
2000-12-06,127747189.87
2000-12-07,126593250.67
2000-12-08,108162681.15
2000-12-09,115406061.93
2000-12-10,106458595.93
2000-12-11,124995992.5
2000-12-12,128451045.86
2000-12-13,128111477.27
2000-12-14,125964083.43
2000-12-15,124772238.73
2000-12-16,117182657.59
2000-12-17,105322077.58
2000-12-18,122926692.61
2000-12-19,125855536.01
2000-12-20,124714521.26
2000-12-21,124377164.5
2000-12-22,123288169.97
2000-12-23,114271184.44
2000-12-24,105377589.99
2000-12-25,96016144.51
2000-12-26,115429752.5
2000-12-27,118983957.24
2000-12-28,118294165.8
2000-12-29,116567826.41
2000-12-30,107379354.71
2000-12-31,100988008.07
2001-01-01,91221085.97
2001-01-02,108172786.36
2001-01-03,113887533.0
2001-01-04,113498321.78
2001-01-05,114981866.36
2001-01-06,108973341.25
2001-01-07,97778714.25
2001-01-08,97538976.85
2001-01-09,114636274.93
2001-01-10,115482393.45
2001-01-11,116500341.37
2001-01-12,116549294.75
2001-01-13,110750301.11
2001-01-14,98838328.59
2001-01-15,116082161.72
2001-01-16,119012630.82
2001-01-17,119682505.27
2001-01-18,120466318.89
2001-01-19,120072539.65
2001-01-20,114285847.81
2001-01-21,101255395.05
2001-01-22,118681484.53
2001-01-23,120622719.06
2001-01-24,120756024.73
2001-01-25,121227485.71
2001-01-26,121398408.8
2001-01-27,114146445.72
2001-01-28,101456700.02
2001-01-29,119498144.98
2001-01-30,122226311.1
2001-01-31,123073282.25
2001-02-01,121850646.17
2001-02-02,121611495.6
2001-02-03,113695851.34
2001-02-04,100762697.05
2001-02-05,119017672.09
2001-02-06,120916550.52
2001-02-07,122083709.72
2001-02-08,122332516.55
2001-02-09,123094847.78
2001-02-10,114693099.58
2001-02-11,101549555.8
2001-02-12,119828935.22
2001-02-13,122956495.3
2001-02-14,122961880.72
2001-02-15,123362187.31
2001-02-16,122951746.11
2001-02-17,116673293.72
2001-02-18,102726909.55
2001-02-19,121436071.97
2001-02-20,123715235.45
2001-02-21,123269021.39
2001-02-22,122190817.51
2001-02-23,121607815.46
2001-02-24,114527051.96
2001-02-25,102084297.74
2001-02-26,118785568.18
2001-02-27,120282435.23
2001-02-28,119316932.16
2001-03-01,118715144.41
2001-03-02,121040428.38
2001-03-03,114850123.92
2001-03-04,100968252.26
2001-03-05,120493005.12
2001-03-06,122801633.96
2001-03-07,122218930.56
2001-03-08,122236146.95
2001-03-09,121842885.23
2001-03-10,115488157.5
2001-03-11,102363464.7
2001-03-12,121547851.3
2001-03-13,124419707.16
2001-03-14,124991670.17
2001-03-15,125071326.08
2001-03-16,125331500.96
2001-03-17,116841865.73
2001-03-18,101239372.23
2001-03-19,102981490.93
2001-03-20,121419734.61
2001-03-21,122581894.42
2001-03-22,122672854.84
2001-03-23,122762477.39
2001-03-24,115553540.79
2001-03-25,102938824.64
2001-03-26,120660883.9
2001-03-27,124130129.35
2001-03-28,124369518.71
2001-03-29,125391091.04
2001-03-30,124659184.53
2001-03-31,116792765.77
2001-04-01,103084988.78
2001-04-02,121924412.36
2001-04-03,123582704.32
2001-04-04,123894811.83
2001-04-05,124185129.92
2001-04-06,124152585.7
2001-04-07,118265206.7
2001-04-08,104460332.38
2001-04-09,122009019.53
2001-04-10,122969234.09
2001-04-11,120383443.79
2001-04-12,98469641.19
2001-04-13,91171405.94
2001-04-14,102795390.32
2001-04-15,98538335.48
2001-04-16,120140844.3
2001-04-17,122725232.13
2001-04-18,122825491.82
2001-04-19,123669878.52
2001-04-20,124522708.39
2001-04-21,116431761.46
2001-04-22,102913248.54
2001-04-23,122288866.83
2001-04-24,124990675.09
2001-04-25,124701710.56
2001-04-26,124411001.03
2001-04-27,126274020.35
2001-04-28,118441960.63
2001-04-29,104407451.55
2001-04-30,120247721.71
2001-05-01,104165504.25
2001-05-02,121057919.17
2001-05-03,124121638.92
2001-05-04,121379821.59
2001-05-05,114089899.39
2001-05-06,103332502.2
2001-05-07,122809726.35
2001-05-08,125139696.91
2001-05-09,123268691.13
2001-05-10,123354890.94
2001-05-11,124423203.19
2001-05-12,117561829.57
2001-05-13,102060701.02
2001-05-14,121357960.64
2001-05-15,124665371.75
2001-05-16,122593971.31
2001-05-17,123619656.13
2001-05-18,124511004.37
2001-05-19,116640092.06
2001-05-20,103435487.94
2001-05-21,121274083.57
2001-05-22,122906309.12
2001-05-23,124069096.35
2001-05-24,124905160.84
2001-05-25,124251291.92
2001-05-26,115690400.39
2001-05-27,100684574.87
2001-05-28,101686163.69
2001-05-29,122058139.64
2001-05-30,123113585.18
2001-05-31,122124321.55
2001-06-01,120230516.1
2001-06-02,114124009.26
2001-06-03,100252779.9
2001-06-04,119661365.81
2001-06-05,120543918.25
2001-06-06,120916267.45
2001-06-07,121024223.57
2001-06-08,120998093.41
2001-06-09,115611434.96
2001-06-10,101307903.45
2001-06-11,117898778.47
2001-06-12,121644279.77
2001-06-13,119317887.86
2001-06-14,120044307.61
2001-06-15,118086304.18
2001-06-16,112286184.13
2001-06-17,96216282.57
2001-06-18,98710033.03
2001-06-19,119935059.18
2001-06-20,123058171.29
2001-06-21,121840708.23
2001-06-22,120429827.6
2001-06-23,113011413.05
2001-06-24,98275783.43
2001-06-25,97914078.34
2001-06-26,117085066.29
2001-06-27,121197548.11
2001-06-28,121153493.9
2001-06-29,124049176.79
2001-06-30,115110684.96
2001-07-01,99150795.06
2001-07-02,101116641.67
2001-07-03,120070792.24
2001-07-04,121743473.86
2001-07-05,122775119.19
2001-07-06,121412798.34
2001-07-07,114884217.65
2001-07-08,101335599.97
2001-07-09,120983290.5
2001-07-10,122812270.58
2001-07-11,122231565.73
2001-07-12,123872044.17
2001-07-13,122616848.84
2001-07-14,115592481.64
2001-07-15,101458960.35
2001-07-16,119779141.86
2001-07-17,123057698.04
2001-07-18,122054004.06
2001-07-19,123671945.01
2001-07-20,107264847.92
2001-07-21,110152689.23
2001-07-22,100312323.15
2001-07-23,120516973.29
2001-07-24,122693112.06
2001-07-25,124279189.09
2001-07-26,123005754.15
2001-07-27,122001736.6
2001-07-28,114613629.8
2001-07-29,100752603.41
2001-07-30,120198955.71
2001-07-31,121199837.37
2001-08-01,123718551.61
2001-08-02,123542882.2
2001-08-03,123207428.32
2001-08-04,116571094.37
2001-08-05,101571126.76
2001-08-06,119026752.16
2001-08-07,107887809.43
2001-08-08,121890432.5
2001-08-09,125475351.25
2001-08-10,125399932.44
2001-08-11,118487549.98
2001-08-12,104951807.38
2001-08-13,124516919.17
2001-08-14,127254384.76
2001-08-15,126965759.05
2001-08-16,127504477.21
2001-08-17,127452154.82
2001-08-18,120479715.17
2001-08-19,103401332.74
2001-08-20,104699187.97
2001-08-21,125084696.08
2001-08-22,127528333.13
2001-08-23,126679983.28
2001-08-24,126441260.37
2001-08-25,118517876.65
2001-08-26,104030192.2
2001-08-27,122407315.48
2001-08-28,125642296.26
2001-08-29,126880031.12
2001-08-30,126908789.87
2001-08-31,126385080.23
2001-09-01,118510768.73
2001-09-02,103239706.43
2001-09-03,122671678.89
2001-09-04,125380723.7
2001-09-05,126108442.34
2001-09-06,125471363.65
2001-09-07,125490358.46
2001-09-08,117541608.4
2001-09-09,104315998.13
2001-09-10,124602193.03
2001-09-11,126829967.99
2001-09-12,125079236.32
2001-09-13,123690364.54
2001-09-14,123099889.17
2001-09-15,115165284.57
2001-09-16,100656602.51
2001-09-17,122740436.32
2001-09-18,124166440.37
2001-09-19,124450656.14
2001-09-20,125068779.33
2001-09-21,126239272.73
2001-09-22,116975426.92
2001-09-23,103357512.17
2001-09-24,122521363.41
2001-09-25,126283756.57
2001-09-26,126624806.34
2001-09-27,125552917.53
2001-09-28,123037332.69
2001-09-29,116856429.93
2001-09-30,103043776.02
2001-10-01,121627355.92
2001-10-02,126150332.53
2001-10-03,127139654.54
2001-10-04,126726125.82
2001-10-05,127321033.89
2001-10-06,119802525.49
2001-10-07,104561388.24
2001-10-08,124721699.71
2001-10-09,125953662.29
2001-10-10,125419337.73
2001-10-11,124817318.78
2001-10-12,126259501.89
2001-10-13,119824004.41
2001-10-14,104760683.68
2001-10-15,105025369.04
2001-10-16,124132342.98
2001-10-17,124671329.28
2001-10-18,124473437.68
2001-10-19,125179994.41
2001-10-20,117709914.45
2001-10-21,105125867.48
2001-10-22,123353395.0
2001-10-23,126115315.13
2001-10-24,124088641.77
2001-10-25,124410276.69
2001-10-26,125987624.13
2001-10-27,117836159.08
2001-10-28,103587779.12
2001-10-29,122198327.38
2001-10-30,124832199.93
2001-10-31,122542420.59
2001-11-01,121922953.36
2001-11-02,121968874.7
2001-11-03,115296878.48
2001-11-04,103246668.51
2001-11-05,105757973.28
2001-11-06,123831045.08
2001-11-07,126465146.65
2001-11-08,126078578.9
2001-11-09,125244763.51
2001-11-10,119031834.67
2001-11-11,106131791.83
2001-11-12,106745349.62
2001-11-13,124894529.93
2001-11-14,125769602.44
2001-11-15,124789385.01
2001-11-16,125264330.28
2001-11-17,119189913.81
2001-11-18,106454221.22
2001-11-19,123908712.06
2001-11-20,126030824.43
2001-11-21,125879039.53
2001-11-22,126244554.52
2001-11-23,126948494.71
2001-11-24,119956899.62
2001-11-25,106357578.99
2001-11-26,123684065.75
2001-11-27,126248614.49
2001-11-28,126643008.17
2001-11-29,127075541.91
2001-11-30,126491952.39
2001-12-01,118478523.5
2001-12-02,105482637.15
2001-12-03,124370926.85
2001-12-04,126844202.09
2001-12-05,129492883.54
2001-12-06,130766781.04
2001-12-07,128987913.73
2001-12-08,114200792.16
2001-12-09,108508925.87
2001-12-10,127766702.69
2001-12-11,130816605.57
2001-12-12,132067247.87
2001-12-13,128822417.9
2001-12-14,129049897.46
2001-12-15,121928103.5
2001-12-16,110840533.99
2001-12-17,129292001.97
2001-12-18,131383959.45
2001-12-19,130983681.71
2001-12-20,128579676.86
2001-12-21,128987091.52
2001-12-22,120910509.2
2001-12-23,110768771.93
2001-12-24,114554907.6
2001-12-25,99222241.8
2001-12-26,117945946.19
2001-12-27,120952947.68
2001-12-28,121185499.86
2001-12-29,116834577.13
2001-12-30,107105123.96
2001-12-31,110082379.3
2002-01-01,96475880.75
2002-01-02,112440047.98
2002-01-03,116790328.07
2002-01-04,120367894.4
2002-01-05,115077869.29
2002-01-06,103620224.57
2002-01-07,103372058.28
2002-01-08,117349051.55
2002-01-09,120750527.96
2002-01-10,121235748.38
2002-01-11,120639904.46
2002-01-12,116106986.65
2002-01-13,103840183.76
2002-01-14,122170758.3
2002-01-15,124063308.89
2002-01-16,125492753.49
2002-01-17,125428306.97
2002-01-18,126053331.74
2002-01-19,117669330.74
2002-01-20,104479553.41
2002-01-21,123900275.14
2002-01-22,126169510.81
2002-01-23,126526197.04
2002-01-24,126680712.99
2002-01-25,127076199.75
2002-01-26,119787214.09
2002-01-27,105873246.65
2002-01-28,124404705.42
2002-01-29,125914087.89
2002-01-30,125696884.15
2002-01-31,126138027.62
2002-02-01,127003111.11
2002-02-02,119074209.61
2002-02-03,105375838.73
2002-02-04,123137807.22
2002-02-05,126479687.87
2002-02-06,126932324.58
2002-02-07,127155873.26
2002-02-08,126188968.74
2002-02-09,119392053.52
2002-02-10,106431981.68
2002-02-11,125162339.38
2002-02-12,126850236.62
2002-02-13,128568696.8
2002-02-14,130024466.65
2002-02-15,129720591.98
2002-02-16,122018047.84
2002-02-17,108145302.96
2002-02-18,127196935.79
2002-02-19,130147684.18
2002-02-20,128304917.45
2002-02-21,128110549.27
2002-02-22,128481343.72
2002-02-23,121183886.47
2002-02-24,108132877.63
2002-02-25,126673923.76
2002-02-26,129788657.54
2002-02-27,129907821.69
2002-02-28,127071805.28
2002-03-01,127096739.31
2002-03-02,117641502.13
2002-03-03,105420252.84
2002-03-04,125104881.28
2002-03-05,125490402.14
2002-03-06,125084380.7
2002-03-07,125709124.14
2002-03-08,126813890.92
2002-03-09,120744699.05
2002-03-10,106990726.9
2002-03-11,128097948.07
2002-03-12,128992995.71
2002-03-13,129050959.35
2002-03-14,130709590.07
2002-03-15,130079738.51
2002-03-16,121834588.45
2002-03-17,105114704.17
2002-03-18,127209040.0
2002-03-19,129551535.27
2002-03-20,128515872.43
2002-03-21,129125094.68
2002-03-22,128113369.16
2002-03-23,120957278.79
2002-03-24,106095849.96
2002-03-25,108490255.28
2002-03-26,119922446.96
2002-03-27,118356185.73
2002-03-28,100876341.45
2002-03-29,95340941.15
2002-03-30,105419401.63
2002-03-31,103062741.8
2002-04-01,125258496.18
2002-04-02,127632173.18
2002-04-03,128165789.69
2002-04-04,128010289.86
2002-04-05,125152251.87
2002-04-06,119651708.02
2002-04-07,105294253.12
2002-04-08,125087839.68
2002-04-09,124049224.75
2002-04-10,123615018.7
2002-04-11,124550094.86
2002-04-12,124049318.9
2002-04-13,117150349.65
2002-04-14,104785581.35
2002-04-15,124317981.46
2002-04-16,126560241.73
2002-04-17,127663926.15
2002-04-18,126533494.75
2002-04-19,126766185.46
2002-04-20,120337001.66
2002-04-21,107108895.54
2002-04-22,126599855.02
2002-04-23,128301479.98
2002-04-24,128825843.46
2002-04-25,128429972.28
2002-04-26,126674202.06
2002-04-27,119380921.66
2002-04-28,107066005.02
2002-04-29,126172461.56
2002-04-30,127033250.77
2002-05-01,109476748.21
2002-05-02,125995531.57
2002-05-03,127871047.61
2002-05-04,119536851.38
2002-05-05,106056323.53
2002-05-06,127984248.26
2002-05-07,129720050.44
2002-05-08,129922818.0
2002-05-09,129767604.6
2002-05-10,129543365.52
2002-05-11,122292511.66
2002-05-12,105251192.03
2002-05-13,108404902.92
2002-05-14,127078375.69
2002-05-15,131413465.59
2002-05-16,130395096.63
2002-05-17,131169724.7
2002-05-18,122152043.87
2002-05-19,108127940.62
2002-05-20,128037611.0
2002-05-21,128963270.95
2002-05-22,127738084.53
2002-05-23,127265358.18
2002-05-24,127337220.05
2002-05-25,121592660.35
2002-05-26,100603521.77
2002-05-27,123110940.15
2002-05-28,126944891.49
2002-05-29,127271619.37
2002-05-30,125938959.67
2002-05-31,126057198.72
2002-06-01,118205011.16
2002-06-02,105537342.8
2002-06-03,106823379.47
2002-06-04,123736749.08
2002-06-05,123533447.39
2002-06-06,123902501.42
2002-06-07,124589630.18
2002-06-08,118715282.81
2002-06-09,103532336.45
2002-06-10,104320514.6
2002-06-11,123481349.53
2002-06-12,126008415.44
2002-06-13,126003861.87
2002-06-14,125999895.59
2002-06-15,119942073.08
2002-06-16,104750533.61
2002-06-17,124772133.52
2002-06-18,125981264.83
2002-06-19,126553145.87
2002-06-20,128368149.73
2002-06-21,128703694.01
2002-06-22,120633645.93
2002-06-23,106382728.25
2002-06-24,124489342.67
2002-06-25,127657238.99
2002-06-26,128508973.58
2002-06-27,128508625.15
2002-06-28,128352744.88
2002-06-29,119736694.19
2002-06-30,104300208.69
2002-07-01,104652028.65
2002-07-02,122948565.86
2002-07-03,126359377.49
2002-07-04,127451052.98
2002-07-05,127270644.12
2002-07-06,117076849.54
2002-07-07,103162700.56
2002-07-08,123681408.56
2002-07-09,127057082.15
2002-07-10,127484612.04
2002-07-11,126326074.63
2002-07-12,125722731.01
2002-07-13,118413417.98
2002-07-14,105132415.58
2002-07-15,123995750.98
2002-07-16,126781272.89
2002-07-17,127616702.35
2002-07-18,125599817.83
2002-07-19,125214090.94
2002-07-20,109158548.03
2002-07-21,103009999.26
2002-07-22,123567356.53
2002-07-23,127649050.69
2002-07-24,127477430.9
2002-07-25,126729875.92
2002-07-26,127910407.51
2002-07-27,120745307.7
2002-07-28,106169039.07
2002-07-29,126634082.51
2002-07-30,128600495.34
2002-07-31,126838964.55
2002-08-01,127438762.04
2002-08-02,129457230.15
2002-08-03,121310019.78
2002-08-04,106306076.62
2002-08-05,125401879.76
2002-08-06,125734095.07
2002-08-07,110030312.51
2002-08-08,127406284.23
2002-08-09,128645340.79
2002-08-10,120779105.34
2002-08-11,105992959.74
2002-08-12,127041063.23
2002-08-13,128922290.17
2002-08-14,129566717.84
2002-08-15,131420985.62
2002-08-16,130266953.94
2002-08-17,122700899.81
2002-08-18,107716410.92
2002-08-19,108875678.13
2002-08-20,127417310.75
2002-08-21,129903578.36
2002-08-22,131574770.53
2002-08-23,131304203.18
2002-08-24,123512227.46
2002-08-25,109335535.79
2002-08-26,127076990.47
2002-08-27,128849766.89
2002-08-28,129762190.26
2002-08-29,129191026.19
2002-08-30,128507889.66
2002-08-31,120860844.84
2002-09-01,107048010.98
2002-09-02,126464552.41
2002-09-03,128017693.73
2002-09-04,128612960.83
2002-09-05,130128817.16
2002-09-06,130523505.49
2002-09-07,124610485.29
2002-09-08,110856270.0
2002-09-09,129432698.08
2002-09-10,130964891.14
2002-09-11,130934085.89
2002-09-12,131672927.87
2002-09-13,133429810.5
2002-09-14,126247112.34
2002-09-15,110643562.02
2002-09-16,127927935.69
2002-09-17,130701631.29
2002-09-18,130412798.98
2002-09-19,130326750.25
2002-09-20,131575418.4
2002-09-21,123225987.83
2002-09-22,110157091.08
2002-09-23,131340728.75
2002-09-24,131227644.06
2002-09-25,129742737.37
2002-09-26,127667596.44
2002-09-27,128702393.36
2002-09-28,121272616.34
2002-09-29,106853202.2
2002-09-30,127072218.22
2002-10-01,129358820.59
2002-10-02,128857735.81
2002-10-03,129189261.41
2002-10-04,131602269.16
2002-10-05,125088713.46
2002-10-06,110483018.22
2002-10-07,128688825.16
2002-10-08,129105307.33
2002-10-09,131063113.26
2002-10-10,131697111.8
2002-10-11,130263893.84
2002-10-12,122870747.07
2002-10-13,108414750.16
2002-10-14,111337256.82
2002-10-15,129313295.85
2002-10-16,130214150.74
2002-10-17,130616327.45
2002-10-18,131500233.27
2002-10-19,124106081.06
2002-10-20,109411568.44
2002-10-21,128511171.99
2002-10-22,130832684.26
2002-10-23,129806944.63
2002-10-24,129804755.64
2002-10-25,129066799.33
2002-10-26,121954807.98
2002-10-27,106836826.62
2002-10-28,125302705.41
2002-10-29,126386773.05
2002-10-30,127317071.82
2002-10-31,127195857.73
2002-11-01,128765008.22
2002-11-02,120853049.73
2002-11-03,105900174.45
2002-11-04,109270254.46
2002-11-05,127624559.99
2002-11-06,127144918.49
2002-11-07,128370441.44
2002-11-08,127943626.45
2002-11-09,120141740.06
2002-11-10,107475213.62
2002-11-11,110992049.07
2002-11-12,128351092.26
2002-11-13,128689921.76
2002-11-14,130103704.02
2002-11-15,131191354.11
2002-11-16,124684873.07
2002-11-17,109809805.71
2002-11-18,127914473.74
2002-11-19,131330549.32
2002-11-20,131928092.99
2002-11-21,134220382.04
2002-11-22,132254402.85
2002-11-23,124371625.79
2002-11-24,110582419.28
2002-11-25,130943053.53
2002-11-26,134217111.53
2002-11-27,133284841.0
2002-11-28,134843971.63
2002-11-29,133782167.3
2002-11-30,126669450.89
2002-12-01,113501211.35
2002-12-02,133136074.6
2002-12-03,134345711.02
2002-12-04,135635535.91
2002-12-05,135771559.37
2002-12-06,137161668.26
2002-12-07,129486538.93
2002-12-08,114913944.51
2002-12-09,134169009.56
2002-12-10,134560602.66
2002-12-11,135262864.82
2002-12-12,135963264.16
2002-12-13,136920217.23
2002-12-14,128047494.92
2002-12-15,114543048.51
2002-12-16,129311997.7
2002-12-17,130463078.12
2002-12-18,131677327.55
2002-12-19,130679966.85
2002-12-20,131373061.66
2002-12-21,123201944.37
2002-12-22,112863509.45
2002-12-23,125007215.03
2002-12-24,120467517.72
2002-12-25,102470054.0
2002-12-26,121787636.23
2002-12-27,125089886.83
2002-12-28,119571380.24
2002-12-29,110306501.62
2002-12-30,120490378.15
2002-12-31,115984624.28
2003-01-01,98824093.06
2003-01-02,114957471.76
2003-01-03,120123338.93
2003-01-04,117121081.42
2003-01-05,107120490.9
2003-01-06,106609704.73
2003-01-07,122550336.2
2003-01-08,124895159.77
2003-01-09,125537043.79
2003-01-10,127362270.56
2003-01-11,120266558.28
2003-01-12,109004873.13
2003-01-13,127266868.68
2003-01-14,129918786.04
2003-01-15,130130515.59
2003-01-16,130190338.32
2003-01-17,129606874.46
2003-01-18,123538340.79
2003-01-19,109465178.42
2003-01-20,127389200.53
2003-01-21,128845355.38
2003-01-22,130078039.34
2003-01-23,132514965.12
2003-01-24,130665329.35
2003-01-25,122586181.09
2003-01-26,110612563.09
2003-01-27,128409058.39
2003-01-28,130976106.88
2003-01-29,131365876.94
2003-01-30,131547421.72
2003-01-31,131462631.31
2003-02-01,122804969.53
2003-02-02,107834519.86
2003-02-03,127950139.3
2003-02-04,129097570.09
2003-02-05,131455705.01
2003-02-06,131770182.49
2003-02-07,132141308.51
2003-02-08,123865291.34
2003-02-09,110011371.0
2003-02-10,130490866.83
2003-02-11,131155696.38
2003-02-12,131540120.52
2003-02-13,132322768.48
2003-02-14,132876343.54
2003-02-15,124042615.05
2003-02-16,109883263.1
2003-02-17,129706479.46
2003-02-18,130780575.42
2003-02-19,131076266.68
2003-02-20,131314330.56
2003-02-21,131738020.02
2003-02-22,125790940.46
2003-02-23,110339590.26
2003-02-24,130084144.02
2003-02-25,133085108.66
2003-02-26,129464426.74
2003-02-27,129137162.48
2003-02-28,128387719.36
2003-03-01,121447331.24
2003-03-02,108565189.18
2003-03-03,128045640.87
2003-03-04,130116935.78
2003-03-05,132450387.01
2003-03-06,132921796.47
2003-03-07,133854961.59
2003-03-08,125325998.86
2003-03-09,110637173.77
2003-03-10,130801333.06
2003-03-11,133303701.58
2003-03-12,132778395.89
2003-03-13,134055075.86
2003-03-14,131967841.88
2003-03-15,124615066.6
2003-03-16,107440709.45
2003-03-17,127694428.86
2003-03-18,129613027.89
2003-03-19,131470507.29
2003-03-20,130531006.43
2003-03-21,131041651.04
2003-03-22,123285389.3
2003-03-23,108117721.89
2003-03-24,109044554.38
2003-03-25,128903999.94
2003-03-26,129352973.35
2003-03-27,131229133.54
2003-03-28,131052687.05
2003-03-29,123528826.08
2003-03-30,110545754.91
2003-03-31,127233861.57
2003-04-01,128779860.29
2003-04-02,130528901.25
2003-04-03,131095524.32
2003-04-04,132294576.89
2003-04-05,125795950.6
2003-04-06,110398625.71
2003-04-07,130796744.04
2003-04-08,134869974.34
2003-04-09,132937827.29
2003-04-10,132380572.21
2003-04-11,131815606.96
2003-04-12,123115690.97
2003-04-13,106687185.08
2003-04-14,123946717.41
2003-04-15,125563308.6
2003-04-16,122031388.28
2003-04-17,103215746.27
2003-04-18,96355981.94
2003-04-19,107504733.82
2003-04-20,104018863.07
2003-04-21,125526379.6
2003-04-22,127580598.53
2003-04-23,128116033.42
2003-04-24,129675778.6
2003-04-25,129239057.33
2003-04-26,121989248.08
2003-04-27,109002668.52
2003-04-28,128593146.24
2003-04-29,130955840.79
2003-04-30,129009482.41
2003-05-01,112439655.94
2003-05-02,128963829.03
2003-05-03,122802847.77
2003-05-04,109522476.45
2003-05-05,128588035.73
2003-05-06,131046000.37
2003-05-07,130831415.15
2003-05-08,129565948.04
2003-05-09,130094077.64
2003-05-10,122349628.36
2003-05-11,107113311.41
2003-05-12,127162770.42
2003-05-13,129340788.4
2003-05-14,130580798.83
2003-05-15,129718707.93
2003-05-16,130145797.9
2003-05-17,123366474.46
2003-05-18,109576626.16
2003-05-19,126762300.67
2003-05-20,130530534.18
2003-05-21,130685216.07
2003-05-22,130677763.04
2003-05-23,130829669.56
2003-05-24,122886247.74
2003-05-25,108947272.08
2003-05-26,127704981.27
2003-05-27,130242755.39
2003-05-28,131258710.74
2003-05-29,131396835.94
2003-05-30,130180766.98
2003-05-31,121899803.92
2003-06-01,107552557.65
2003-06-02,107417084.23
2003-06-03,125467185.65
2003-06-04,128219460.5
2003-06-05,128757705.16
2003-06-06,129970577.61
2003-06-07,121816305.83
2003-06-08,109006694.9
2003-06-09,127902778.99
2003-06-10,129616269.76
2003-06-11,128129455.73
2003-06-12,127231615.83
2003-06-13,128838634.48
2003-06-14,121568365.43
2003-06-15,107262360.99
2003-06-16,125897160.15
2003-06-17,127517440.53
2003-06-18,123752219.68
2003-06-19,124531291.48
2003-06-20,127663931.35
2003-06-21,120502234.98
2003-06-22,105845442.15
2003-06-23,108847687.74
2003-06-24,125618028.9
2003-06-25,129632283.36
2003-06-26,129408818.05
2003-06-27,129513123.15
2003-06-28,122091458.5
2003-06-29,106243167.45
2003-06-30,106286371.74
2003-07-01,124617019.74
2003-07-02,127896841.71
2003-07-03,129144093.85
2003-07-04,128419925.4
2003-07-05,120405985.07
2003-07-06,107968045.91
2003-07-07,127460875.19
2003-07-08,129342564.15
2003-07-09,129823567.51
2003-07-10,129248216.74
2003-07-11,129049959.8
2003-07-12,121521669.99
2003-07-13,106938010.16
2003-07-14,126223278.92
2003-07-15,129417652.2
2003-07-16,129268313.89
2003-07-17,129847470.15
2003-07-18,129673722.19
2003-07-19,122941253.68
2003-07-20,110195879.45
2003-07-21,130020384.03
2003-07-22,131949511.18
2003-07-23,132683837.21
2003-07-24,131816033.1
2003-07-25,131374181.61
2003-07-26,124235018.4
2003-07-27,108837424.09
2003-07-28,128491869.94
2003-07-29,132580630.32
2003-07-30,131746677.6
2003-07-31,129757149.54
2003-08-01,129382044.02
2003-08-02,121156468.33
2003-08-03,107591060.31
2003-08-04,127205749.99
2003-08-05,130461967.87
2003-08-06,130047183.31
2003-08-07,115708280.72
2003-08-08,129069257.46
2003-08-09,121288724.67
2003-08-10,109528556.51
2003-08-11,129386730.74
2003-08-12,131932000.45
2003-08-13,130942684.55
2003-08-14,131545820.34
2003-08-15,132757026.42
2003-08-16,123912041.76
2003-08-17,110507153.47
2003-08-18,110536622.7
2003-08-19,131029642.18
2003-08-20,133869066.8
2003-08-21,133791615.41
2003-08-22,131680577.21
2003-08-23,124064938.91
2003-08-24,112566742.48
2003-08-25,130734583.04
2003-08-26,133655128.45
2003-08-27,132978996.86
2003-08-28,133056397.93
2003-08-29,131558096.21
2003-08-30,124408190.3
2003-08-31,110539358.24
2003-09-01,130921339.42
2003-09-02,133965954.01
2003-09-03,131947378.56
2003-09-04,132231575.79
2003-09-05,132090618.48
2003-09-06,125242567.14
2003-09-07,111200947.49
2003-09-08,130322923.81
2003-09-09,131848850.55
2003-09-10,132837495.21
2003-09-11,131666416.01
2003-09-12,133472880.36
2003-09-13,125521975.66
2003-09-14,111993679.91
2003-09-15,131712170.52
2003-09-16,132659995.37
2003-09-17,132465603.21
2003-09-18,131644340.45
2003-09-19,132732941.44
2003-09-20,124232440.66
2003-09-21,109740969.16
2003-09-22,129085997.64
2003-09-23,132059432.58
2003-09-24,131679051.05
2003-09-25,131176750.5
2003-09-26,130851206.58
2003-09-27,122789339.41
2003-09-28,108455327.02
2003-09-29,128703144.3
2003-09-30,130779902.98
2003-10-01,129423996.82
2003-10-02,131616742.65
2003-10-03,133340477.84
2003-10-04,126562669.7
2003-10-05,111952038.5
2003-10-06,128961992.55
2003-10-07,131660780.83
2003-10-08,131638331.6
2003-10-09,130700296.44
2003-10-10,131358344.7
2003-10-11,123367761.25
2003-10-12,110147260.16
2003-10-13,111663708.9
2003-10-14,129785970.76
2003-10-15,131680836.39
2003-10-16,132637908.36
2003-10-17,132927594.72
2003-10-18,126234529.94
2003-10-19,111854941.0
2003-10-20,130477568.66
2003-10-21,130613958.34
2003-10-22,131714114.95
2003-10-23,133070036.98
2003-10-24,132555168.4
2003-10-25,119629115.9
2003-10-26,107985028.5
2003-10-27,130711349.53
2003-10-28,133258801.13
2003-10-29,132468067.54
2003-10-30,131681612.78
2003-10-31,130020157.46
2003-11-01,122823906.36
2003-11-02,109489917.0
2003-11-03,110373915.19
2003-11-04,129135404.02
2003-11-05,130983246.83
2003-11-06,131771930.15
2003-11-07,131895188.86
2003-11-08,124695163.32
2003-11-09,111802380.71
2003-11-10,129935238.01
2003-11-11,132719457.28
2003-11-12,133377143.01
2003-11-13,133288863.55
2003-11-14,132832701.4
2003-11-15,126620585.8
2003-11-16,112114671.29
2003-11-17,114810637.42
2003-11-18,133086988.58
2003-11-19,135634374.82
2003-11-20,135410469.65
2003-11-21,135639029.57
2003-11-22,126649125.76
2003-11-23,113269068.37
2003-11-24,132214622.11
2003-11-25,134829519.72
2003-11-26,134061178.04
2003-11-27,135854926.13
2003-11-28,135211329.44
2003-11-29,126473262.68
2003-11-30,112497515.09
2003-12-01,131714385.33
2003-12-02,133685143.0
2003-12-03,132784768.43
2003-12-04,133426787.94
2003-12-05,134105571.3
2003-12-06,126866001.91
2003-12-07,114855737.21
2003-12-08,115535804.29
2003-12-09,135450640.84
2003-12-10,139235779.6
2003-12-11,139006109.27
2003-12-12,138670069.07
2003-12-13,129957369.99
2003-12-14,118142927.72
2003-12-15,135145279.66
2003-12-16,137780831.69
2003-12-17,136909458.19
2003-12-18,139719306.86
2003-12-19,138791561.96
2003-12-20,127721333.01
2003-12-21,117203486.81
2003-12-22,131226591.51
2003-12-23,132366730.61
2003-12-24,123458749.47
2003-12-25,104423218.85
2003-12-26,122324337.97
2003-12-27,121042549.79
2003-12-28,110803923.67
2003-12-29,124040979.72
2003-12-30,122270793.2
2003-12-31,115302436.18
2004-01-01,97655389.8
2004-01-02,114157216.33
2004-01-03,114502477.37
2004-01-04,107809710.96
2004-01-05,122273315.38
2004-01-06,124509549.01
2004-01-07,124431653.9
2004-01-08,125000353.63
2004-01-09,125292204.91
2004-01-10,121144755.68
2004-01-11,107480973.38
2004-01-12,108375149.07
2004-01-13,125621630.5
2004-01-14,129131736.0
2004-01-15,130976771.54
2004-01-16,131271041.86
2004-01-17,122708222.77
2004-01-18,110814941.01
2004-01-19,128712924.83
2004-01-20,130776580.75
2004-01-21,130672006.59
2004-01-22,131279349.45
2004-01-23,130866337.38
2004-01-24,122449103.57
2004-01-25,108894702.46
2004-01-26,128178880.51
2004-01-27,130914948.7
2004-01-28,132439715.08
2004-01-29,133288538.51
2004-01-30,133077051.65
2004-01-31,125653275.86
2004-02-01,112222949.72
2004-02-02,129864845.1
2004-02-03,135138993.96
2004-02-04,133705324.2
2004-02-05,134674768.59
2004-02-06,134649359.08
2004-02-07,127140526.17
2004-02-08,112164493.05
2004-02-09,131518753.69
2004-02-10,135277181.34
2004-02-11,134899375.37
2004-02-12,135541995.85
2004-02-13,135400301.76
2004-02-14,127504556.8
2004-02-15,113101563.19
2004-02-16,132742483.99
2004-02-17,135169803.15
2004-02-18,136722024.56
2004-02-19,136290615.36
2004-02-20,133943145.79
2004-02-21,125977281.3
2004-02-22,111383989.51
2004-02-23,129856201.56
2004-02-24,130939519.83
2004-02-25,132884568.37
2004-02-26,134189890.53
2004-02-27,133860623.38
2004-02-28,125498894.04
2004-02-29,111470120.37
2004-03-01,130180027.44
2004-03-02,132944859.44
2004-03-03,132332458.95
2004-03-04,133389411.2
2004-03-05,134029051.99
2004-03-06,124953326.62
2004-03-07,111223339.23
2004-03-08,131723670.39
2004-03-09,135017187.72
2004-03-10,134740709.69
2004-03-11,134821899.78
2004-03-12,134727041.47
2004-03-13,125402418.94
2004-03-14,112727394.66
2004-03-15,133332739.22
2004-03-16,135004442.01
2004-03-17,137232682.36
2004-03-18,138383434.39
2004-03-19,137482819.19
2004-03-20,128805487.41
2004-03-21,113550797.21
2004-03-22,114216521.93
2004-03-23,132578256.29
2004-03-24,136111564.99
2004-03-25,135620621.57
2004-03-26,135287461.58
2004-03-27,126499361.87
2004-03-28,112393092.56
2004-03-29,131803770.95
2004-03-30,134780510.12
2004-03-31,136210056.36
2004-04-01,133742133.3
2004-04-02,133881301.76
2004-04-03,125221249.74
2004-04-04,111072308.64
2004-04-05,131279463.35
2004-04-06,134621649.77
2004-04-07,131815116.72
2004-04-08,109516051.88
2004-04-09,101502085.58
2004-04-10,113640473.58
2004-04-11,110017460.23
2004-04-12,133264903.38
2004-04-13,135427436.21
2004-04-14,132616597.79
2004-04-15,130909758.5
2004-04-16,130605642.33
2004-04-17,124024935.82
2004-04-18,112045157.03
2004-04-19,130673700.12
2004-04-20,132053255.77
2004-04-21,131229045.74
2004-04-22,133373171.28
2004-04-23,130675142.18
2004-04-24,122913145.29
2004-04-25,110232921.43
2004-04-26,129632458.96
2004-04-27,132556640.24
2004-04-28,132759273.68
2004-04-29,135637571.67
2004-04-30,133666710.21
2004-05-01,114235793.42
2004-05-02,108350018.37
2004-05-03,129736907.54
2004-05-04,133347828.02
2004-05-05,132152353.33
2004-05-06,134098705.21
2004-05-07,135771205.84
2004-05-08,127192952.19
2004-05-09,112389358.4
2004-05-10,132589882.2
2004-05-11,135291887.01
2004-05-12,135372459.41
2004-05-13,135338499.5
2004-05-14,135806364.01
2004-05-15,128092776.8
2004-05-16,112485931.62
2004-05-17,130282429.31
2004-05-18,131247060.2
2004-05-19,131196957.08
2004-05-20,130368773.8
2004-05-21,131658311.26
2004-05-22,124340719.68
2004-05-23,109488527.64
2004-05-24,110662100.33
2004-05-25,131103704.62
2004-05-26,132302877.75
2004-05-27,131997961.62
2004-05-28,131225824.02
2004-05-29,123022158.29
2004-05-30,110380594.52
2004-05-31,129566240.64
2004-06-01,130912112.97
2004-06-02,129981689.96
2004-06-03,133442583.49
2004-06-04,133872689.8
2004-06-05,124911995.75
2004-06-06,110308378.96
2004-06-07,130311111.53
2004-06-08,134101577.98
2004-06-09,132230740.77
2004-06-10,133508210.4
2004-06-11,133940028.54
2004-06-12,125035584.36
2004-06-13,111157171.81
2004-06-14,111653307.78
2004-06-15,131614232.6
2004-06-16,133475078.92
2004-06-17,134872710.2
2004-06-18,135000375.31
2004-06-19,127843767.75
2004-06-20,110367077.73
2004-06-21,110382336.21
2004-06-22,131644511.93
2004-06-23,134239600.08
2004-06-24,134909429.9
2004-06-25,135420431.43
2004-06-26,127970894.65
2004-06-27,113765656.16
2004-06-28,131538437.17
2004-06-29,133161717.24
2004-06-30,134019598.55
2004-07-01,132569496.83
2004-07-02,132160913.29
2004-07-03,124116924.43
2004-07-04,108432539.25
2004-07-05,110086876.49
2004-07-06,129286633.58
2004-07-07,131007867.51
2004-07-08,130764898.38
2004-07-09,131927981.81
2004-07-10,125237567.65
2004-07-11,111994378.61
2004-07-12,132158177.8
2004-07-13,133138093.21
2004-07-14,132039532.42
2004-07-15,132633454.41
2004-07-16,131941338.97
2004-07-17,124713774.47
2004-07-18,109975807.93
2004-07-19,127035409.32
2004-07-20,116371387.15
2004-07-21,133640711.57
2004-07-22,133388588.15
2004-07-23,133545161.56
2004-07-24,125991273.58
2004-07-25,112754343.66
2004-07-26,132195003.5
2004-07-27,134727198.57
2004-07-28,133838708.32
2004-07-29,132473935.76
2004-07-30,132824599.41
2004-07-31,124477575.61
2004-08-01,110569633.47
2004-08-02,130777815.15
2004-08-03,133869102.12
2004-08-04,135279906.98
2004-08-05,135097717.53
2004-08-06,133925068.39
2004-08-07,117543126.25
2004-08-08,111231715.04
2004-08-09,132931023.52
2004-08-10,134919747.22
2004-08-11,134629436.42
2004-08-12,136226465.43
2004-08-13,136339182.6
2004-08-14,127939522.15
2004-08-15,113538413.87
2004-08-16,113944328.12
2004-08-17,135368824.11
2004-08-18,137156405.87
2004-08-19,139627643.6
2004-08-20,138742663.8
2004-08-21,129942504.87
2004-08-22,115754001.41
2004-08-23,136245294.04
2004-08-24,136911108.94
2004-08-25,136828140.65
2004-08-26,137315066.41
2004-08-27,137602999.39
2004-08-28,127689613.5
2004-08-29,112621041.2
2004-08-30,132067850.71
2004-08-31,134581850.29
2004-09-01,134629262.42
2004-09-02,136940090.47
2004-09-03,137562266.72
2004-09-04,128147342.16
2004-09-05,112742851.71
2004-09-06,131366005.91
2004-09-07,135024557.94
2004-09-08,133222012.1
2004-09-09,134059753.81
2004-09-10,134167669.45
2004-09-11,126179673.11
2004-09-12,111402318.09
2004-09-13,132214879.27
2004-09-14,135036460.09
2004-09-15,135006762.28
2004-09-16,134743289.95
2004-09-17,134147425.58
2004-09-18,127274089.43
2004-09-19,111917269.05
2004-09-20,130860155.94
2004-09-21,133346204.21
2004-09-22,134429925.86
2004-09-23,137170100.18
2004-09-24,134045298.23
2004-09-25,124700387.73
2004-09-26,110892696.43
2004-09-27,131298168.65
2004-09-28,133330703.22
2004-09-29,131938826.62
2004-09-30,132257743.76
2004-10-01,131270182.65
2004-10-02,124079895.0
2004-10-03,112659137.67
2004-10-04,132087791.9
2004-10-05,131674455.73
2004-10-06,132693030.72
2004-10-07,133010474.61
2004-10-08,131872515.15
2004-10-09,125942567.54
2004-10-10,113495387.64
2004-10-11,133257673.89
2004-10-12,134884353.23
2004-10-13,136108718.61
2004-10-14,137819438.48
2004-10-15,138456809.25
2004-10-16,130708718.47
2004-10-17,114033991.45
2004-10-18,114816484.86
2004-10-19,133419452.65
2004-10-20,135792268.88
2004-10-21,134571139.22
2004-10-22,134271841.34
2004-10-23,125565734.51
2004-10-24,112155452.36
2004-10-25,132459268.31
2004-10-26,134097081.9
2004-10-27,136307730.31
2004-10-28,136557725.61
2004-10-29,135075988.51
2004-10-30,127602080.56
2004-10-31,112747828.84
2004-11-01,114351408.69
2004-11-02,133103462.65
2004-11-03,134233498.57
2004-11-04,134719172.93
2004-11-05,134470468.51
2004-11-06,127206151.87
2004-11-07,113590320.71
2004-11-08,132528210.28
2004-11-09,134821108.33
2004-11-10,133738331.95
2004-11-11,134659960.97
2004-11-12,135787174.0
2004-11-13,129096170.48
2004-11-14,113541676.26
2004-11-15,114005690.0
2004-11-16,133921628.6
2004-11-17,135142428.9
2004-11-18,135737894.33
2004-11-19,136667041.22
2004-11-20,130612698.43
2004-11-21,116730273.71
2004-11-22,136594643.91
2004-11-23,139437577.33
2004-11-24,138750198.02
2004-11-25,139362229.5
2004-11-26,138048663.21
2004-11-27,130427122.52
2004-11-28,116477268.21
2004-11-29,135572699.67
2004-11-30,137540665.33
2004-12-01,138230094.0
2004-12-02,138510918.96
2004-12-03,138514269.19
2004-12-04,131438063.97
2004-12-05,119214711.46
2004-12-06,138321518.26
2004-12-07,139144486.95
2004-12-08,122973508.84
2004-12-09,140374341.51
2004-12-10,142250142.18
2004-12-11,134221250.7
2004-12-12,120512217.46
2004-12-13,139003876.77
2004-12-14,141130334.35
2004-12-15,140748679.46
2004-12-16,140376621.64
2004-12-17,138530319.57
2004-12-18,130724029.64
2004-12-19,119306505.73
2004-12-20,137659199.38
2004-12-21,138538212.47
2004-12-22,139111355.76
2004-12-23,137468600.69
2004-12-24,126393574.13
2004-12-25,107374591.81
2004-12-26,109554577.58
2004-12-27,128320555.37
2004-12-28,130344286.45
2004-12-29,129929347.95
2004-12-30,128868927.06
2004-12-31,120016361.07
2005-01-01,102576713.33
2005-01-02,104405914.38
2005-01-03,124666932.96
2005-01-04,130080030.05
2005-01-05,129149720.83
2005-01-06,131111112.83
2005-01-07,130253439.39
2005-01-08,124157231.97
2005-01-09,111558261.06
2005-01-10,112316977.17
2005-01-11,130739692.76
2005-01-12,133974355.8
2005-01-13,136542213.83
2005-01-14,136107021.44
2005-01-15,126775231.64
2005-01-16,112749576.42
2005-01-17,131550277.16
2005-01-18,133294889.6
2005-01-19,133693918.4
2005-01-20,135568138.27
2005-01-21,135481137.77
2005-01-22,127439750.36
2005-01-23,114233157.98
2005-01-24,133573992.77
2005-01-25,135970603.67
2005-01-26,136446813.36
2005-01-27,137027389.64
2005-01-28,137196565.42
2005-01-29,129229220.47
2005-01-30,114692245.93
2005-01-31,134227339.22
2005-02-01,135849573.13
2005-02-02,136411223.45
2005-02-03,134923592.18
2005-02-04,134658927.67
2005-02-05,126400497.04
2005-02-06,114539690.23
2005-02-07,134199862.57
2005-02-08,136481906.48
2005-02-09,135811812.01
2005-02-10,138035589.11
2005-02-11,137506181.06
2005-02-12,127113411.84
2005-02-13,113425386.75
2005-02-14,134690527.89
2005-02-15,136537114.72
2005-02-16,138899369.15
2005-02-17,138980357.52
2005-02-18,137465103.72
2005-02-19,129471056.13
2005-02-20,114001232.2
2005-02-21,135269797.13
2005-02-22,138097409.79
2005-02-23,137325507.76
2005-02-24,137022573.37
2005-02-25,138133298.01
2005-02-26,131966314.11
2005-02-27,117935487.98
2005-02-28,137527694.56
2005-03-01,138809817.87
2005-03-02,139652424.2
2005-03-03,141428149.13
2005-03-04,140152713.14
2005-03-05,130964995.88
2005-03-06,115926986.54
2005-03-07,136744337.13
2005-03-08,137641770.95
2005-03-09,139142721.41
2005-03-10,139774337.51
2005-03-11,140780503.43
2005-03-12,133737248.59
2005-03-13,118238213.38
2005-03-14,139244348.74
2005-03-15,140853159.42
2005-03-16,141480963.03
2005-03-17,141774616.36
2005-03-18,142184264.43
2005-03-19,132101814.55
2005-03-20,116377427.99
2005-03-21,119272255.76
2005-03-22,132652587.52
2005-03-23,130730519.81
2005-03-24,111334055.37
2005-03-25,103270173.97
2005-03-26,115648204.48
2005-03-27,113329807.27
2005-03-28,136866253.27
2005-03-29,139377528.25
2005-03-30,139329117.42
2005-03-31,140187874.81
2005-04-01,139328020.56
2005-04-02,132218966.98
2005-04-03,116342671.03
2005-04-04,136906154.37
2005-04-05,139657172.56
2005-04-06,138327914.18
2005-04-07,139060312.46
2005-04-08,140859163.14
2005-04-09,132085943.8
2005-04-10,117019788.62
2005-04-11,137284864.15
2005-04-12,139677340.07
2005-04-13,138778883.84
2005-04-14,139598334.73
2005-04-15,139229284.63
2005-04-16,132171393.48
2005-04-17,117889882.0
2005-04-18,138838223.19
2005-04-19,141426331.95
2005-04-20,141145507.91
2005-04-21,140112894.34
2005-04-22,139855881.24
2005-04-23,131887292.73
2005-04-24,116497143.31
2005-04-25,138034091.04
2005-04-26,140043194.3
2005-04-27,141254602.69
2005-04-28,139969856.69
2005-04-29,139623623.82
2005-04-30,130895053.97
2005-05-01,114237710.63
2005-05-02,135399951.97
2005-05-03,136132509.24
2005-05-04,138711281.72
2005-05-05,139386828.86
2005-05-06,138017157.5
2005-05-07,131703053.28
2005-05-08,113662688.73
2005-05-09,116920025.56
2005-05-10,137851357.5
2005-05-11,140943777.78
2005-05-12,140639359.56
2005-05-13,141517228.34
2005-05-14,131721724.96
2005-05-15,118028565.81
2005-05-16,136760755.73
2005-05-17,138829137.0
2005-05-18,137643387.49
2005-05-19,137726535.59
2005-05-20,138916608.03
2005-05-21,130538189.95
2005-05-22,116287353.68
2005-05-23,135356711.11
2005-05-24,137546390.91
2005-05-25,139508084.43
2005-05-26,141086928.12
2005-05-27,140553402.36
2005-05-28,131695613.29
2005-05-29,117562351.8
2005-05-30,118890933.87
2005-05-31,137033815.41
2005-06-01,136848265.93
2005-06-02,137913555.31
2005-06-03,139585016.76
2005-06-04,131818494.97
2005-06-05,113326087.3
2005-06-06,114767898.99
2005-06-07,135461850.1
2005-06-08,138267458.29
2005-06-09,137568146.76
2005-06-10,138680907.06
2005-06-11,129758917.63
2005-06-12,114008698.46
2005-06-13,135785753.72
2005-06-14,137132532.76
2005-06-15,139476750.18
2005-06-16,141063089.18
2005-06-17,141152997.47
2005-06-18,133368254.15
2005-06-19,116351049.69
2005-06-20,136799370.37
2005-06-21,139494099.75
2005-06-22,139000046.01
2005-06-23,138809181.42
2005-06-24,140011750.13
2005-06-25,129844619.11
2005-06-26,115769536.8
2005-06-27,137123415.15
2005-06-28,140723719.2
2005-06-29,138650402.78
2005-06-30,135064253.09
2005-07-01,134096600.56
2005-07-02,128236454.39
2005-07-03,112482126.09
2005-07-04,114286780.3
2005-07-05,135768058.55
2005-07-06,136748352.3
2005-07-07,136627449.47
2005-07-08,139797413.64
2005-07-09,132431275.07
2005-07-10,117577565.83
2005-07-11,136044479.66
2005-07-12,137497050.17
2005-07-13,137975491.71
2005-07-14,138937703.7
2005-07-15,138027264.22
2005-07-16,130942531.49
2005-07-17,116699435.9
2005-07-18,136647281.58
2005-07-19,137651712.55
2005-07-20,121372539.14
2005-07-21,138010042.62
2005-07-22,138919613.21
2005-07-23,130124673.3
2005-07-24,117329435.92
2005-07-25,136977302.03
2005-07-26,140605688.38
2005-07-27,140745859.96
2005-07-28,139714169.25
2005-07-29,140802137.96
2005-07-30,130944097.51
2005-07-31,116428168.06
2005-08-01,137011648.06
2005-08-02,139516625.37
2005-08-03,140538864.14
2005-08-04,140907997.06
2005-08-05,140567702.36
2005-08-06,132375447.95
2005-08-07,118292850.71
2005-08-08,140075850.41
2005-08-09,140964354.06
2005-08-10,141103354.44
2005-08-11,141150252.9
2005-08-12,142676442.32
2005-08-13,133777672.5
2005-08-14,116473235.22
2005-08-15,116342238.77
2005-08-16,136927780.94
2005-08-17,139207469.89
2005-08-18,138598203.54
2005-08-19,140689009.31
2005-08-20,134038453.5
2005-08-21,117498328.7
2005-08-22,138253023.72
2005-08-23,140467122.87
2005-08-24,139952680.52
2005-08-25,139211842.3
2005-08-26,141319808.65
2005-08-27,131927453.33
2005-08-28,117183769.61
2005-08-29,139237854.35
2005-08-30,140989886.05
2005-08-31,138382565.19
2005-09-01,140691525.37
2005-09-02,140999739.22
2005-09-03,132659237.61
2005-09-04,118239725.02
2005-09-05,139542120.87
2005-09-06,141012862.29
2005-09-07,143108794.23
2005-09-08,143432523.3
2005-09-09,143055636.68
2005-09-10,135277740.07
2005-09-11,120743009.85
2005-09-12,140219190.24
2005-09-13,142776777.14
2005-09-14,144383694.68
2005-09-15,144082124.52
2005-09-16,144077428.12
2005-09-17,135958601.9
2005-09-18,120712099.93
2005-09-19,142085751.1
2005-09-20,144360907.11
2005-09-21,143472522.02
2005-09-22,142256798.36
2005-09-23,141435598.42
2005-09-24,131952266.57
2005-09-25,118847596.81
2005-09-26,139611789.7
2005-09-27,141917047.91
2005-09-28,140313436.92
2005-09-29,140273182.45
2005-09-30,138535141.01
2005-10-01,131413034.44
2005-10-02,117900154.75
2005-10-03,138119137.76
2005-10-04,138684299.31
2005-10-05,139556267.88
2005-10-06,141277420.41
2005-10-07,141347271.65
2005-10-08,134189836.06
2005-10-09,117263582.98
2005-10-10,137584421.6
2005-10-11,138971676.45
2005-10-12,139662240.28
2005-10-13,139755665.94
2005-10-14,140812245.99
2005-10-15,131823053.6
2005-10-16,116048096.72
2005-10-17,118218139.79
2005-10-18,139164603.62
2005-10-19,141702506.21
2005-10-20,141556317.22
2005-10-21,141638767.03
2005-10-22,133094115.3
2005-10-23,118379750.16
2005-10-24,137241930.44
2005-10-25,137673687.46
2005-10-26,139474336.89
2005-10-27,141253119.55
2005-10-28,141283390.41
2005-10-29,133262725.65
2005-10-30,119652874.3
2005-10-31,139130187.39
2005-11-01,140925012.11
2005-11-02,141829459.01
2005-11-03,141000869.71
2005-11-04,139494511.71
2005-11-05,133703776.96
2005-11-06,118669969.74
2005-11-07,120726893.46
2005-11-08,141154024.42
2005-11-09,141560218.91
2005-11-10,141829448.51
2005-11-11,140923297.76
2005-11-12,133464247.67
2005-11-13,119082198.5
2005-11-14,120507394.91
2005-11-15,140132300.35
2005-11-16,139796713.16
2005-11-17,140782351.2
2005-11-18,141080012.17
2005-11-19,133904750.89
2005-11-20,120015830.27
2005-11-21,141589463.43
2005-11-22,140760649.98
2005-11-23,140674882.7
2005-11-24,141129578.97
2005-11-25,142473617.61
2005-11-26,135238878.15
2005-11-27,121416555.02
2005-11-28,141761187.73
2005-11-29,143906229.0
2005-11-30,144362872.51
2005-12-01,143903461.28
2005-12-02,143720219.6
2005-12-03,136431652.74
2005-12-04,122723698.03
2005-12-05,143306775.14
2005-12-06,143475063.35
2005-12-07,143393095.45
2005-12-08,126573606.28
2005-12-09,143674678.67
2005-12-10,136738023.92
2005-12-11,124308219.33
2005-12-12,145296712.3
2005-12-13,146514117.09
2005-12-14,145659323.7
2005-12-15,146309252.48
2005-12-16,145431944.8
2005-12-17,134709727.24
2005-12-18,121326485.41
2005-12-19,143484358.82
2005-12-20,144673735.54
2005-12-21,144139007.14
2005-12-22,142469097.52
2005-12-23,140783426.62
2005-12-24,126423986.71
2005-12-25,109453643.47
2005-12-26,131389088.07
2005-12-27,136966443.57
2005-12-28,137584831.47
2005-12-29,137227236.97
2005-12-30,132472816.07
2005-12-31,120256198.36
2006-01-01,103969449.13
2006-01-02,124859700.69
2006-01-03,131987472.58
2006-01-04,131996306.47
2006-01-05,131109277.95
2006-01-06,130348366.63
2006-01-07,124483981.72
2006-01-08,111550126.58
2006-01-09,112691880.33
2006-01-10,131741627.74
2006-01-11,135909463.86
2006-01-12,136359168.67
2006-01-13,136702179.2
2006-01-14,129395416.96
2006-01-15,115965679.0
2006-01-16,137108986.75
2006-01-17,140312624.98
2006-01-18,140635675.56
2006-01-19,140157483.84
2006-01-20,140252824.1
2006-01-21,132607104.09
2006-01-22,118124021.6
2006-01-23,140451074.01
2006-01-24,143000512.89
2006-01-25,145114559.04
2006-01-26,145511227.94
2006-01-27,144943811.27
2006-01-28,135207475.98
2006-01-29,118479739.96
2006-01-30,141056573.67
2006-01-31,144550221.48
2006-02-01,142772491.14
2006-02-02,142015775.62
2006-02-03,143832568.97
2006-02-04,135464910.95
2006-02-05,119088690.73
2006-02-06,139296386.57
2006-02-07,142345231.07
2006-02-08,141942338.34
2006-02-09,143077902.83
2006-02-10,143818835.09
2006-02-11,135673758.64
2006-02-12,120917861.59
2006-02-13,142880306.69
2006-02-14,143654774.99
2006-02-15,143065430.88
2006-02-16,144932812.58
2006-02-17,144958186.03
2006-02-18,135644024.41
2006-02-19,120611150.02
2006-02-20,141049466.93
2006-02-21,143269306.92
2006-02-22,143129190.53
2006-02-23,144985100.9
2006-02-24,145194888.25
2006-02-25,136184892.03
2006-02-26,120801199.08
2006-02-27,138798145.64
2006-02-28,141443958.94
2006-03-01,144122240.58
2006-03-02,145904066.84
2006-03-03,145695791.0
2006-03-04,136575403.04
2006-03-05,120991824.55
2006-03-06,142051517.85
2006-03-07,142052265.08
2006-03-08,140700687.87
2006-03-09,141569468.41
2006-03-10,142159381.93
2006-03-11,133224346.23
2006-03-12,114873412.07
2006-03-13,137831238.44
2006-03-14,140376166.63
2006-03-15,141851475.25
2006-03-16,142861877.95
2006-03-17,142377943.47
2006-03-18,134270373.68
2006-03-19,117682039.18
2006-03-20,120115843.29
2006-03-21,140579502.34
2006-03-22,142305866.48
2006-03-23,142500050.13
2006-03-24,142189632.9
2006-03-25,134545930.99
2006-03-26,120225663.66
2006-03-27,141291104.83
2006-03-28,142923315.05
2006-03-29,144870547.05
2006-03-30,145129627.65
2006-03-31,144678570.94
2006-04-01,136117156.51
2006-04-02,120205000.93
2006-04-03,141679407.14
2006-04-04,144293252.77
2006-04-05,141796213.53
2006-04-06,142333335.9
2006-04-07,143163989.2
2006-04-08,136443520.31
2006-04-09,121826636.58
2006-04-10,138591597.47
2006-04-11,139649147.28
2006-04-12,136851613.27
2006-04-13,113266490.69
2006-04-14,104775343.38
2006-04-15,118098864.72
2006-04-16,116525216.49
2006-04-17,141201467.34
2006-04-18,143325628.28
2006-04-19,142741619.03
2006-04-20,142626422.26
2006-04-21,143659268.65
2006-04-22,137970757.32
2006-04-23,123723131.21
2006-04-24,142415531.17
2006-04-25,143963937.45
2006-04-26,143013218.53
2006-04-27,143041054.2
2006-04-28,143217303.94
2006-04-29,134490188.69
2006-04-30,118560883.92
2006-05-01,118006260.18
2006-05-02,138683239.79
2006-05-03,142441533.3
2006-05-04,143692608.35
2006-05-05,143813093.78
2006-05-06,136022286.2
2006-05-07,120279783.14
2006-05-08,139404997.77
2006-05-09,141944394.32
2006-05-10,142539796.34
2006-05-11,143576025.93
2006-05-12,144763109.64
2006-05-13,137493756.83
2006-05-14,118720365.64
2006-05-15,143370227.11
2006-05-16,145770490.66
2006-05-17,145509147.18
2006-05-18,146091090.28
2006-05-19,144779616.29
2006-05-20,137814933.55
2006-05-21,121941997.73
2006-05-22,142842195.76
2006-05-23,145061137.15
2006-05-24,146843608.15
2006-05-25,145593901.1
2006-05-26,145928405.11
2006-05-27,135878603.57
2006-05-28,118182812.14
2006-05-29,120980678.41
2006-05-30,143065096.08
2006-05-31,146458755.62
2006-06-01,142874314.38
2006-06-02,141541940.15
2006-06-03,137061951.11
2006-06-04,121924159.76
2006-06-05,141388304.86
2006-06-06,142990297.63
2006-06-07,142708958.41
2006-06-08,142504882.2
2006-06-09,143168018.4
2006-06-10,134952844.5
2006-06-11,119212271.01
2006-06-12,139362683.7
2006-06-13,143329333.12
2006-06-14,143736891.48
2006-06-15,144387729.57
2006-06-16,145099166.08
2006-06-17,136424226.64
2006-06-18,119212445.34
2006-06-19,123657288.0
2006-06-20,143725780.72
2006-06-21,143813486.8
2006-06-22,144431135.74
2006-06-23,144875909.84
2006-06-24,136911452.54
2006-06-25,123006343.43
2006-06-26,124279853.81
2006-06-27,145504908.0
2006-06-28,145581519.02
2006-06-29,146775588.8
2006-06-30,147984227.55
2006-07-01,138797907.23
2006-07-02,122962300.33
2006-07-03,123607227.31
2006-07-04,143149519.88
2006-07-05,143041312.1
2006-07-06,145752531.48
2006-07-07,147011010.47
2006-07-08,138180194.49
2006-07-09,124572431.64
2006-07-10,144143075.84
2006-07-11,147138757.75
2006-07-12,147793666.41
2006-07-13,147502824.09
2006-07-14,146175814.82
2006-07-15,137577172.38
2006-07-16,122435209.2
2006-07-17,144581694.78
2006-07-18,145722327.24
2006-07-19,145686371.98
2006-07-20,130184880.12
2006-07-21,146272568.93
2006-07-22,138430635.95
2006-07-23,123384680.42
2006-07-24,144980365.99
2006-07-25,147990251.83
2006-07-26,147580577.23
2006-07-27,144850813.67
2006-07-28,143449171.86
2006-07-29,135441662.44
2006-07-30,122338840.46
2006-07-31,143767649.35
2006-08-01,145385490.55
2006-08-02,146466842.39
2006-08-03,147936775.47
2006-08-04,148634236.3
2006-08-05,138228369.74
2006-08-06,122103372.04
2006-08-07,124643222.28
2006-08-08,146160072.55
2006-08-09,146841395.6
2006-08-10,148990500.59
2006-08-11,146736262.51
2006-08-12,139425001.56
2006-08-13,125601782.12
2006-08-14,147278822.54
2006-08-15,149576261.66
2006-08-16,144861066.38
2006-08-17,145209458.81
2006-08-18,143487905.02
2006-08-19,135987289.74
2006-08-20,119588637.36
2006-08-21,122215766.56
2006-08-22,144905809.12
2006-08-23,146147486.43
2006-08-24,146404532.68
2006-08-25,146366663.95
2006-08-26,137824017.59
2006-08-27,123406431.87
2006-08-28,145147442.63
2006-08-29,147476537.84
2006-08-30,147259667.32
2006-08-31,148841486.05
2006-09-01,148497558.87
2006-09-02,140218015.82
2006-09-03,123909077.83
2006-09-04,144056216.13
2006-09-05,145068741.67
2006-09-06,145573873.53
2006-09-07,145482251.51
2006-09-08,144097619.77
2006-09-09,137068676.44
2006-09-10,121791764.19
2006-09-11,143703506.61
2006-09-12,147034735.74
2006-09-13,147730717.28
2006-09-14,148911104.65
2006-09-15,147328598.07
2006-09-16,139406567.26
2006-09-17,123351283.89
2006-09-18,143918413.27
2006-09-19,143814209.35
2006-09-20,147563148.14
2006-09-21,149889133.54
2006-09-22,148983209.72
2006-09-23,140766002.9
2006-09-24,125360202.89
2006-09-25,145596901.17
2006-09-26,148455352.38
2006-09-27,150753728.03
2006-09-28,151491962.37
2006-09-29,150722638.4
2006-09-30,141388797.67
2006-10-01,124986084.4
2006-10-02,146446430.46
2006-10-03,148007423.94
2006-10-04,148567518.43
2006-10-05,151659339.62
2006-10-06,152990394.21
2006-10-07,143782088.62
2006-10-08,127880473.53
2006-10-09,148721794.87
2006-10-10,150956203.62
2006-10-11,148078031.82
2006-10-12,149172274.56
2006-10-13,148993297.92
2006-10-14,139667093.43
2006-10-15,121159013.52
2006-10-16,123484339.93
2006-10-17,143575059.77
2006-10-18,146678416.52
2006-10-19,147488656.61
2006-10-20,145788893.13
2006-10-21,139125661.78
2006-10-22,124743457.86
2006-10-23,146233538.2
2006-10-24,148928197.24
2006-10-25,151041494.58
2006-10-26,150754934.44
2006-10-27,150023858.9
2006-10-28,142392927.55
2006-10-29,125762574.59
2006-10-30,146025845.61
2006-10-31,145104298.08
2006-11-01,146848855.91
2006-11-02,149454039.5
2006-11-03,149413815.76
2006-11-04,142153186.43
2006-11-05,123866748.73
2006-11-06,125522943.62
2006-11-07,145818789.97
2006-11-08,147023563.51
2006-11-09,147626064.01
2006-11-10,147624438.87
2006-11-11,140244273.24
2006-11-12,123207201.27
2006-11-13,126985445.56
2006-11-14,145170203.83
2006-11-15,143754838.1
2006-11-16,145909645.66
2006-11-17,147748878.76
2006-11-18,140559457.08
2006-11-19,124620940.11
2006-11-20,145601989.28
2006-11-21,146725516.74
2006-11-22,147608227.04
2006-11-23,149524661.46
2006-11-24,150215337.57
2006-11-25,142001751.07
2006-11-26,126737675.77
2006-11-27,148196611.07
2006-11-28,150352803.69
2006-11-29,150577969.32
2006-11-30,151126618.02
2006-12-01,151264349.94
2006-12-02,142742704.17
2006-12-03,129071130.26
2006-12-04,148429393.36
2006-12-05,151299091.32
2006-12-06,151846149.09
2006-12-07,150737668.06
2006-12-08,133603133.04
2006-12-09,139846239.45
2006-12-10,128382205.54
2006-12-11,150602402.42
2006-12-12,151523063.39
2006-12-13,151138237.87
2006-12-14,152259663.24
2006-12-15,151844304.07
2006-12-16,142338845.14
2006-12-17,129510400.91
2006-12-18,149229295.69
2006-12-19,151231504.38
2006-12-20,151743017.94
2006-12-21,150216651.84
2006-12-22,149649727.1
2006-12-23,139261260.89
2006-12-24,125416850.45
2006-12-25,114400972.75
2006-12-26,139590666.16
2006-12-27,143488294.74
2006-12-28,143446850.91
2006-12-29,142717338.81
2006-12-30,133562472.91
2006-12-31,122773419.16
2007-01-01,109866187.39
2007-01-02,132310955.46
2007-01-03,138819727.54
2007-01-04,140569251.76
2007-01-05,141068726.03
2007-01-06,134515115.68
2007-01-07,120763115.21
2007-01-08,120386421.37
2007-01-09,139574964.33
2007-01-10,141793312.04
2007-01-11,142821413.73
2007-01-12,144461148.96
2007-01-13,137988520.01
2007-01-14,123170907.6
2007-01-15,144004490.76
2007-01-16,146433121.6
2007-01-17,145848054.49
2007-01-18,147445422.17
2007-01-19,147281828.09
2007-01-20,138962203.3
2007-01-21,124881081.35
2007-01-22,146142695.34
2007-01-23,148620775.51
2007-01-24,148677310.81
2007-01-25,148957833.47
2007-01-26,147667793.25
2007-01-27,139264273.16
2007-01-28,122983962.3
2007-01-29,145958159.4
2007-01-30,149468669.35
2007-01-31,148781357.35
2007-02-01,149845918.13
2007-02-02,149843831.5
2007-02-03,140223082.36
2007-02-04,124258480.73
2007-02-05,146461120.63
2007-02-06,149655178.98
2007-02-07,149740255.73
2007-02-08,150077687.12
2007-02-09,149194100.03
2007-02-10,141385621.88
2007-02-11,126432812.76
2007-02-12,149032733.86
2007-02-13,151866443.19
2007-02-14,151193460.49
2007-02-15,150800331.03
2007-02-16,150596897.27
2007-02-17,140535120.31
2007-02-18,124940836.95
2007-02-19,145141553.97
2007-02-20,147627614.07
2007-02-21,149996983.37
2007-02-22,150864473.09
2007-02-23,150633578.12
2007-02-24,143365165.98
2007-02-25,127952156.9
2007-02-26,149834103.91
2007-02-27,152879678.2
2007-02-28,152567203.89
2007-03-01,151635298.34
2007-03-02,151957559.95
2007-03-03,144713997.71
2007-03-04,128437568.07
2007-03-05,149121011.71
2007-03-06,151178885.13
2007-03-07,151562656.12
2007-03-08,151844551.54
2007-03-09,151791448.22
2007-03-10,143877295.51
2007-03-11,128449787.6
2007-03-12,150155371.69
2007-03-13,151989110.16
2007-03-14,149988903.38
2007-03-15,149586320.21
2007-03-16,150753900.22
2007-03-17,142026126.6
2007-03-18,125928028.62
2007-03-19,128534337.1
2007-03-20,149161371.49
2007-03-21,151796687.71
2007-03-22,150753331.77
2007-03-23,150343335.11
2007-03-24,142311315.81
2007-03-25,126443058.67
2007-03-26,146476674.3
2007-03-27,148774523.89
2007-03-28,149911578.23
2007-03-29,148910713.68
2007-03-30,150511191.31
2007-03-31,142392116.21
2007-04-01,127893160.22
2007-04-02,145825293.11
2007-04-03,146270639.19
2007-04-04,142732314.92
2007-04-05,119465908.8
2007-04-06,110815530.8
2007-04-07,124720163.19
2007-04-08,120868484.47
2007-04-09,145129095.01
2007-04-10,149582981.13
2007-04-11,151114626.14
2007-04-12,151666400.9
2007-04-13,152770788.78
2007-04-14,143743235.26
2007-04-15,129135020.75
2007-04-16,150700814.96
2007-04-17,152274911.35
2007-04-18,150405727.64
2007-04-19,151227116.0
2007-04-20,149653621.6
2007-04-21,140618102.17
2007-04-22,126041977.68
2007-04-23,147961003.67
2007-04-24,149665074.27
2007-04-25,150126423.39
2007-04-26,146423514.29
2007-04-27,149964936.54
2007-04-28,142796726.09
2007-04-29,127629773.98
2007-04-30,145463431.19
2007-05-01,127912479.04
2007-05-02,146255095.57
2007-05-03,148317964.95
2007-05-04,148554570.4
2007-05-05,140209255.51
2007-05-06,127012695.02
2007-05-07,148012819.56
2007-05-08,149934486.71
2007-05-09,150835085.92
2007-05-10,151565028.95
2007-05-11,152742105.76
2007-05-12,145428569.1
2007-05-13,123149339.22
2007-05-14,149409260.88
2007-05-15,154104000.06
2007-05-16,154404977.91
2007-05-17,153068311.59
2007-05-18,151053201.72
2007-05-19,140748919.77
2007-05-20,125436597.55
2007-05-21,127619870.48
2007-05-22,146648205.73
2007-05-23,150085755.39
2007-05-24,150468808.1
2007-05-25,150717386.53
2007-05-26,141761647.7
2007-05-27,126555545.68
2007-05-28,147472623.34
2007-05-29,147959637.61
2007-05-30,148796924.01
2007-05-31,148504125.16
2007-06-01,147784511.23
2007-06-02,140120519.76
2007-06-03,123265788.67
2007-06-04,146775521.16
2007-06-05,148538280.4
2007-06-06,149364420.17
2007-06-07,150614739.1
2007-06-08,148997589.79
2007-06-09,140612505.26
2007-06-10,124454916.72
2007-06-11,127865201.18
2007-06-12,149436274.62
2007-06-13,151791987.6
2007-06-14,152192090.74
2007-06-15,150838758.64
2007-06-16,143114940.58
2007-06-17,123071645.24
2007-06-18,125829246.85
2007-06-19,149265768.29
2007-06-20,151276738.32
2007-06-21,152163321.04
2007-06-22,152666588.81
2007-06-23,143510249.51
2007-06-24,126735497.0
2007-06-25,149790962.09
2007-06-26,152055762.8
2007-06-27,151262324.75
2007-06-28,151138127.78
2007-06-29,150362868.21
2007-06-30,139851144.72
2007-07-01,120909107.17
2007-07-02,125352899.44
2007-07-03,147992074.76
2007-07-04,150230782.15
2007-07-05,150877859.38
2007-07-06,152077199.79
2007-07-07,143069755.25
2007-07-08,126545958.31
2007-07-09,148638792.76
2007-07-10,152371302.76
2007-07-11,152313618.29
2007-07-12,152791156.39
2007-07-13,153648741.52
2007-07-14,144920129.36
2007-07-15,127861620.77
2007-07-16,149211830.03
2007-07-17,151021507.5
2007-07-18,151904743.09
2007-07-19,151773147.95
2007-07-20,132800616.83
2007-07-21,135917152.59
2007-07-22,123359013.68
2007-07-23,147445566.49
2007-07-24,150134445.03
2007-07-25,150723907.27
2007-07-26,152281890.7
2007-07-27,152147982.05
2007-07-28,142719491.71
2007-07-29,126943029.41
2007-07-30,149181083.9
2007-07-31,151384470.09
2007-08-01,151868547.29
2007-08-02,153698059.23
2007-08-03,153532093.12
2007-08-04,143697263.29
2007-08-05,126671868.77
2007-08-06,146640123.31
2007-08-07,132176117.75
2007-08-08,151004167.35
2007-08-09,151702056.1
2007-08-10,152096119.8
2007-08-11,142117874.83
2007-08-12,126342395.11
2007-08-13,150194420.28
2007-08-14,151255612.96
2007-08-15,151627060.65
2007-08-16,152083680.93
2007-08-17,152214088.97
2007-08-18,142592858.86
2007-08-19,126117242.88
2007-08-20,126760555.42
2007-08-21,148372940.08
2007-08-22,150063587.53
2007-08-23,151981524.3
2007-08-24,152706804.83
2007-08-25,142495899.45
2007-08-26,125199026.95
2007-08-27,148063962.06
2007-08-28,152305689.98
2007-08-29,151563807.91
2007-08-30,150354974.29
2007-08-31,150317938.65
2007-09-01,140923054.49
2007-09-02,126666267.93
2007-09-03,148667692.0
2007-09-04,150552615.63
2007-09-05,152070947.26
2007-09-06,151908987.0
2007-09-07,153880478.35
2007-09-08,144734850.84
2007-09-09,128499464.51
2007-09-10,150986571.76
2007-09-11,153420366.3
2007-09-12,154316611.25
2007-09-13,154543590.21
2007-09-14,154471681.69
2007-09-15,144062649.92
2007-09-16,125894044.94
2007-09-17,148615329.29
2007-09-18,153457334.42
2007-09-19,155334885.96
2007-09-20,153779886.71
2007-09-21,154624930.22
2007-09-22,146046984.68
2007-09-23,130054322.65
2007-09-24,151693765.39
2007-09-25,153119610.5
2007-09-26,152192929.27
2007-09-27,152346362.57
2007-09-28,154104841.16
2007-09-29,145074919.03
2007-09-30,128611589.8
2007-10-01,148419506.11
2007-10-02,151717631.25
2007-10-03,152800823.48
2007-10-04,153701478.42
2007-10-05,153513996.23
2007-10-06,145060267.14
2007-10-07,129246449.31
2007-10-08,150941978.92
2007-10-09,151841837.36
2007-10-10,151469953.29
2007-10-11,152016895.23
2007-10-12,152317381.03
2007-10-13,144014200.27
2007-10-14,127029293.95
2007-10-15,127544907.73
2007-10-16,150049842.29
2007-10-17,153719587.54
2007-10-18,153466791.71
2007-10-19,151270495.11
2007-10-20,143297117.95
2007-10-21,127536804.06
2007-10-22,149361076.45
2007-10-23,152487861.06
2007-10-24,151999462.83
2007-10-25,150220652.95
2007-10-26,151456106.89
2007-10-27,141948943.89
2007-10-28,123596283.86
2007-10-29,148314904.48
2007-10-30,151857319.1
2007-10-31,149629378.42
2007-11-01,147849982.72
2007-11-02,149745270.82
2007-11-03,142368162.44
2007-11-04,127400218.5
2007-11-05,130331105.52
2007-11-06,150859692.22
2007-11-07,152972505.01
2007-11-08,152230893.4
2007-11-09,151381923.42
2007-11-10,142664461.86
2007-11-11,126549675.23
2007-11-12,130818957.8
2007-11-13,152623261.98
2007-11-14,153106517.92
2007-11-15,154986272.23
2007-11-16,156267037.55
2007-11-17,148829645.33
2007-11-18,131348742.42
2007-11-19,154370467.48
2007-11-20,156729424.9
2007-11-21,157062008.55
2007-11-22,156996629.01
2007-11-23,157464315.05
2007-11-24,148680488.98
2007-11-25,132986241.86
2007-11-26,156118602.48
2007-11-27,158156990.69
2007-11-28,157968633.02
2007-11-29,157181107.74
2007-11-30,157526145.77
2007-12-01,145848356.61
2007-12-02,128722945.38
2007-12-03,152993126.19
2007-12-04,154843191.78
2007-12-05,156045611.64
2007-12-06,156737133.49
2007-12-07,155159054.92
2007-12-08,137814878.07
2007-12-09,132312309.12
2007-12-10,156165395.28
2007-12-11,159636426.77
2007-12-12,159593055.7
2007-12-13,159806896.21
2007-12-14,158096497.25
2007-12-15,147027330.54
2007-12-16,132868505.83
2007-12-17,154169854.11
2007-12-18,156606149.57
2007-12-19,155468547.47
2007-12-20,155227958.99
2007-12-21,155057035.93
2007-12-22,146144031.56
2007-12-23,132565259.18
2007-12-24,136587478.18
2007-12-25,117992963.93
2007-12-26,144854161.67
2007-12-27,149376515.05
2007-12-28,148402245.1
2007-12-29,140801894.64
2007-12-30,128827751.34
2007-12-31,131218454.16
2008-01-01,112414295.64
2008-01-02,135481693.26
2008-01-03,141009781.68
2008-01-04,142967228.8
2008-01-05,137873106.16
2008-01-06,124960142.58
2008-01-07,125463673.76
2008-01-08,143815863.53
2008-01-09,145669209.18
2008-01-10,144114771.08
2008-01-11,146187375.26
2008-01-12,138930706.69
2008-01-13,125290920.41
2008-01-14,147348807.8
2008-01-15,150734943.05
2008-01-16,150295753.32
2008-01-17,149931589.86
2008-01-18,150452548.97
2008-01-19,142890259.39
2008-01-20,127689266.55
2008-01-21,149495067.42
2008-01-22,152594906.9
2008-01-23,153793632.99
2008-01-24,152655901.12
2008-01-25,153885775.67
2008-01-26,143259169.02
2008-01-27,127342732.18
2008-01-28,149321911.73
2008-01-29,151267549.07
2008-01-30,151459423.76
2008-01-31,149863687.35
2008-02-01,149840640.17
2008-02-02,139417563.0
2008-02-03,124343900.35
2008-02-04,147952055.05
2008-02-05,151244239.68
2008-02-06,154435590.7
2008-02-07,154479181.97
2008-02-08,155892239.82
2008-02-09,147259685.33
2008-02-10,131423170.81
2008-02-11,151631918.61
2008-02-12,154734961.28
2008-02-13,155647843.6
2008-02-14,156137566.74
2008-02-15,156278351.97
2008-02-16,146757285.17
2008-02-17,129314411.76
2008-02-18,152008136.3
2008-02-19,152958443.58
2008-02-20,152781241.23
2008-02-21,152833545.77
2008-02-22,153361544.6
2008-02-23,146406375.63
2008-02-24,130728870.45
2008-02-25,152729497.0
2008-02-26,155117737.26
2008-02-27,156057678.38
2008-02-28,152300481.9
2008-02-29,150769542.46
2008-03-01,141517464.52
2008-03-02,127012075.53
2008-03-03,149056082.34
2008-03-04,151081529.15
2008-03-05,150706237.43
2008-03-06,149842050.13
2008-03-07,150139337.32
2008-03-08,142224968.83
2008-03-09,125596645.56
2008-03-10,147376256.93
2008-03-11,149492479.0
2008-03-12,149005219.8
2008-03-13,149286086.08
2008-03-14,149296956.56
2008-03-15,140498324.47
2008-03-16,127212367.16
2008-03-17,146195153.14
2008-03-18,146499709.92
2008-03-19,144595055.47
2008-03-20,120496403.98
2008-03-21,111541436.52
2008-03-22,124363288.38
2008-03-23,120421317.04
2008-03-24,125737812.33
2008-03-25,148653858.03
2008-03-26,152041251.54
2008-03-27,152948705.08
2008-03-28,152508311.4
2008-03-29,144545730.11
2008-03-30,126484400.29
2008-03-31,147134883.76
2008-04-01,147160141.96
2008-04-02,148754576.03
2008-04-03,150558378.74
2008-04-04,151973735.56
2008-04-05,144570874.14
2008-04-06,128899306.06
2008-04-07,151120596.46
2008-04-08,154001923.66
2008-04-09,153990512.98
2008-04-10,153422041.64
2008-04-11,153059083.46
2008-04-12,145485342.28
2008-04-13,126302446.61
2008-04-14,149483356.13
2008-04-15,151982461.9
2008-04-16,152677232.57
2008-04-17,155054508.92
2008-04-18,156500431.24
2008-04-19,148606739.38
2008-04-20,129792434.63
2008-04-21,152896815.23
2008-04-22,155555143.17
2008-04-23,155060347.52
2008-04-24,154066500.59
2008-04-25,153454884.73
2008-04-26,146502048.92
2008-04-27,129791557.69
2008-04-28,151235811.15
2008-04-29,153579761.98
2008-04-30,153052477.41
2008-05-01,133258576.15
2008-05-02,146480469.4
2008-05-03,139900380.52
2008-05-04,124326570.71
2008-05-05,127924553.98
2008-05-06,149454714.05
2008-05-07,152521693.75
2008-05-08,153333324.35
2008-05-09,153084454.4
2008-05-10,146164113.32
2008-05-11,126528527.3
2008-05-12,152131154.99
2008-05-13,156026918.98
2008-05-14,156798955.65
2008-05-15,155918317.05
2008-05-16,156138966.87
2008-05-17,146589631.51
2008-05-18,128799916.09
2008-05-19,151190216.8
2008-05-20,151381348.27
2008-05-21,152536356.82
2008-05-22,153678776.13
2008-05-23,153007453.55
2008-05-24,144159256.66
2008-05-25,125787903.66
2008-05-26,127750229.61
2008-05-27,148978297.01
2008-05-28,150173975.77
2008-05-29,150991471.36
2008-05-30,153349962.46
2008-05-31,144769348.07
2008-06-01,126509103.25
2008-06-02,127596062.15
2008-06-03,149528287.91
2008-06-04,152915406.85
2008-06-05,153545312.0
2008-06-06,154547518.81
2008-06-07,147296070.63
2008-06-08,129470149.04
2008-06-09,151802321.94
2008-06-10,152738206.11
2008-06-11,154031472.67
2008-06-12,154085723.62
2008-06-13,155679657.72
2008-06-14,147793748.09
2008-06-15,126660123.46
2008-06-16,151293727.91
2008-06-17,154880018.41
2008-06-18,154793534.72
2008-06-19,154773307.14
2008-06-20,155205351.45
2008-06-21,145803029.04
2008-06-22,126701459.79
2008-06-23,149506915.26
2008-06-24,152516612.83
2008-06-25,149823452.21
2008-06-26,150698022.69
2008-06-27,152898940.1
2008-06-28,143390533.87
2008-06-29,124267078.48
2008-06-30,127149353.04
2008-07-01,148572463.7
2008-07-02,149887976.6
2008-07-03,150233303.26
2008-07-04,152128019.74
2008-07-05,144702807.04
2008-07-06,127868577.01
2008-07-07,150444187.12
2008-07-08,153256288.29
2008-07-09,152505704.42
2008-07-10,151582376.63
2008-07-11,153133943.03
2008-07-12,144641073.12
2008-07-13,127697281.44
2008-07-14,150423126.17
2008-07-15,152311733.88
2008-07-16,150497526.04
2008-07-17,149726268.0
2008-07-18,151116769.83
2008-07-19,143547185.54
2008-07-20,127724130.25
2008-07-21,151734635.34
2008-07-22,153416877.89
2008-07-23,154290646.29
2008-07-24,156138185.28
2008-07-25,156086112.58
2008-07-26,146597492.19
2008-07-27,129794139.87
2008-07-28,151867710.95
2008-07-29,154620051.03
2008-07-30,154271860.62
2008-07-31,154551223.39
2008-08-01,153805586.33
2008-08-02,143726329.19
2008-08-03,127779392.19
2008-08-04,152354741.08
2008-08-05,154951264.93
2008-08-06,153065459.33
2008-08-07,134792440.25
2008-08-08,153072323.09
2008-08-09,144637361.42
2008-08-10,128350364.86
2008-08-11,149498001.95
2008-08-12,152906602.52
2008-08-13,154317273.64
2008-08-14,153560111.08
2008-08-15,152975215.05
2008-08-16,144075271.59
2008-08-17,125916234.52
2008-08-18,128820861.54
2008-08-19,150404977.94
2008-08-20,154518846.39
2008-08-21,154245011.23
2008-08-22,154556197.73
2008-08-23,144400496.73
2008-08-24,128374384.01
2008-08-25,151446830.76
2008-08-26,153995610.46
2008-08-27,155701233.52
2008-08-28,155498891.26
2008-08-29,155833261.08
2008-08-30,146958780.99
2008-08-31,132076706.0
2008-09-01,152112636.81
2008-09-02,155154774.28
2008-09-03,153877507.67
2008-09-04,154719982.14
2008-09-05,155514134.67
2008-09-06,149464760.26
2008-09-07,132383620.69
2008-09-08,153089341.57
2008-09-09,156504710.06
2008-09-10,155791424.69
2008-09-11,158860724.12
2008-09-12,160144893.11
2008-09-13,151167082.13
2008-09-14,134681840.8
2008-09-15,154760702.56
2008-09-16,155485457.25
2008-09-17,152420144.23
2008-09-18,153501537.07
2008-09-19,155259306.38
2008-09-20,145556312.16
2008-09-21,130959215.03
2008-09-22,153984338.27
2008-09-23,155286559.7
2008-09-24,155847283.44
2008-09-25,157138748.33
2008-09-26,159003994.88
2008-09-27,149028446.61
2008-09-28,133031994.44
2008-09-29,153775965.18
2008-09-30,155477916.49
2008-10-01,154385088.85
2008-10-02,155380529.19
2008-10-03,156293792.03
2008-10-04,146157287.5
2008-10-05,129172599.92
2008-10-06,153423274.31
2008-10-07,155004762.74
2008-10-08,153846117.68
2008-10-09,155973787.85
2008-10-10,154623384.85
2008-10-11,145126681.32
2008-10-12,127581537.86
2008-10-13,130774561.7
2008-10-14,152091878.62
2008-10-15,156057247.23
2008-10-16,155750988.51
2008-10-17,157136476.23
2008-10-18,148683418.31
2008-10-19,131308251.31
2008-10-20,155782630.45
2008-10-21,158994500.85
2008-10-22,159297428.51
2008-10-23,159107837.11
2008-10-24,160015648.66
2008-10-25,150969129.01
2008-10-26,133069331.43
2008-10-27,156478952.76
2008-10-28,157831598.35
2008-10-29,157362781.78
2008-10-30,158643564.8
2008-10-31,156179947.4
2008-11-01,146481807.61
2008-11-02,126827420.87
2008-11-03,130707495.0
2008-11-04,151564620.72
2008-11-05,153430255.32
2008-11-06,155917359.81
2008-11-07,158442008.56
2008-11-08,148963741.16
2008-11-09,131829178.96
2008-11-10,155988974.79
2008-11-11,158211894.4
2008-11-12,159251835.47
2008-11-13,159087662.11
2008-11-14,157546915.15
2008-11-15,147665280.34
2008-11-16,129729084.59
2008-11-17,132515946.09
2008-11-18,154337872.22
2008-11-19,155876082.29
2008-11-20,157125391.26
2008-11-21,157306865.95
2008-11-22,149723851.31
2008-11-23,132090256.9
2008-11-24,154921284.11
2008-11-25,155671444.65
2008-11-26,152699740.88
2008-11-27,153245869.13
2008-11-28,155049144.14
2008-11-29,146024217.47
2008-11-30,131314800.38
2008-12-01,154471457.89
2008-12-02,156665959.42
2008-12-03,158230850.82
2008-12-04,158965293.25
2008-12-05,158370586.17
2008-12-06,149451531.22
2008-12-07,134186794.48
2008-12-08,132710558.58
2008-12-09,157194501.49
2008-12-10,160398428.58
2008-12-11,160702622.46
2008-12-12,161201225.9
2008-12-13,151295906.29
2008-12-14,135345427.83
2008-12-15,156501686.48
2008-12-16,156346169.92
2008-12-17,155794161.23
2008-12-18,154273093.47
2008-12-19,153971066.83
2008-12-20,145997417.34
2008-12-21,132263953.85
2008-12-22,150405834.34
2008-12-23,150301602.13
2008-12-24,141459159.94
2008-12-25,119914546.21
2008-12-26,142354445.56
2008-12-27,139983953.62
2008-12-28,128833438.18
2008-12-29,144803203.24
2008-12-30,145790304.43
2008-12-31,135315458.0
2009-01-01,113164161.04
2009-01-02,131972651.04
2009-01-03,133164774.75
2009-01-04,124939105.09
2009-01-05,144292256.86
2009-01-06,147566433.52
2009-01-07,148519178.06
2009-01-08,148874323.47
2009-01-09,147915452.89
2009-01-10,140836399.74
2009-01-11,125120936.32
2009-01-12,126914717.66
2009-01-13,149640833.33
2009-01-14,151824181.33
2009-01-15,153735729.3
2009-01-16,153549235.25
2009-01-17,144217433.43
2009-01-18,126047823.94
2009-01-19,149671849.78
2009-01-20,152795713.77
2009-01-21,153230201.66
2009-01-22,154179380.52
2009-01-23,154140976.29
2009-01-24,144955721.26
2009-01-25,126520026.7
2009-01-26,151132728.16
2009-01-27,154678465.78
2009-01-28,155271577.86
2009-01-29,155850698.22
2009-01-30,155126750.87
2009-01-31,144882711.03
2009-02-01,125850692.31
2009-02-02,151089751.2
2009-02-03,154727753.09
2009-02-04,154778962.42
2009-02-05,153439800.08
2009-02-06,154035789.91
2009-02-07,145156218.82
2009-02-08,128262349.55
2009-02-09,153041231.46
2009-02-10,156062787.59
2009-02-11,155490906.17
2009-02-12,155297256.08
2009-02-13,155223704.81
2009-02-14,146203895.83
2009-02-15,127137284.31
2009-02-16,151527753.99
2009-02-17,153849770.79
2009-02-18,155066964.39
2009-02-19,154631474.43
2009-02-20,154981582.71
2009-02-21,144899814.53
2009-02-22,128952626.59
2009-02-23,151539584.07
2009-02-24,153080610.31
2009-02-25,155590887.21
2009-02-26,155380603.61
2009-02-27,155749172.99
2009-02-28,146150304.15
2009-03-01,127014038.96
2009-03-02,147455796.6
2009-03-03,150844200.36
2009-03-04,152459071.72
2009-03-05,152851396.35
2009-03-06,153774180.15
2009-03-07,145531865.79
2009-03-08,128246990.32
2009-03-09,151879974.28
2009-03-10,153183630.29
2009-03-11,154649273.7
2009-03-12,154424209.7
2009-03-13,154365977.1
2009-03-14,146433163.55
2009-03-15,128047259.27
2009-03-16,153376788.75
2009-03-17,154824919.85
2009-03-18,154349722.19
2009-03-19,154034265.55
2009-03-20,153290505.32
2009-03-21,145167227.04
2009-03-22,125550317.79
2009-03-23,127555559.79
2009-03-24,151421527.86
2009-03-25,153610286.85
2009-03-26,153545575.94
2009-03-27,154222455.6
2009-03-28,145121574.31
2009-03-29,127578315.18
2009-03-30,152185954.62
2009-03-31,153090108.97
2009-04-01,151502307.31
2009-04-02,151362487.74
2009-04-03,152543135.75
2009-04-04,145686150.36
2009-04-05,129591302.11
2009-04-06,150418344.93
2009-04-07,153245195.71
2009-04-08,148249212.44
2009-04-09,121280187.39
2009-04-10,112791891.09
2009-04-11,127239693.22
2009-04-12,123146823.65
2009-04-13,150737903.06
2009-04-14,155656691.56
2009-04-15,156051730.72
2009-04-16,156059052.32
2009-04-17,156699812.41
2009-04-18,148193453.61
2009-04-19,131120356.74
2009-04-20,153328046.96
2009-04-21,156212348.7
2009-04-22,157033918.29
2009-04-23,155910531.02
2009-04-24,156201975.79
2009-04-25,149306761.73
2009-04-26,131664995.54
2009-04-27,156186705.47
2009-04-28,157814644.38
2009-04-29,157414265.72
2009-04-30,153469859.74
2009-05-01,131374741.02
2009-05-02,136894567.13
2009-05-03,124112386.02
2009-05-04,147166611.13
2009-05-05,152439357.78
2009-05-06,154854086.23
2009-05-07,156430396.66
2009-05-08,155748799.44
2009-05-09,148166052.61
2009-05-10,129675013.1
2009-05-11,154446017.06
2009-05-12,157968533.18
2009-05-13,155827278.83
2009-05-14,156839506.87
2009-05-15,155576175.78
2009-05-16,147281580.82
2009-05-17,130262919.33
2009-05-18,153545828.94
2009-05-19,155833175.62
2009-05-20,154050752.85
2009-05-21,154717679.34
2009-05-22,156732244.98
2009-05-23,149160545.71
2009-05-24,129462599.72
2009-05-25,131127861.31
2009-05-26,155261695.62
2009-05-27,158599845.18
2009-05-28,158153107.73
2009-05-29,156469145.29
2009-05-30,147511060.76
2009-05-31,130950433.95
2009-06-01,154142500.72
2009-06-02,158212909.43
2009-06-03,158733265.41
2009-06-04,158679254.3
2009-06-05,156921265.9
2009-06-06,146899363.11
2009-06-07,128973417.48
2009-06-08,152243511.69
2009-06-09,156573212.79
2009-06-10,154608511.49
2009-06-11,154881858.96
2009-06-12,155200597.12
2009-06-13,143720954.97
2009-06-14,125574913.85
2009-06-15,129298894.9
2009-06-16,152737222.33
2009-06-17,155391864.24
2009-06-18,155986456.14
2009-06-19,155874812.57
2009-06-20,147240789.04
2009-06-21,127329531.86
2009-06-22,127123612.62
2009-06-23,150800507.96
2009-06-24,153793974.65
2009-06-25,153360500.35
2009-06-26,154634817.89
2009-06-27,145025483.83
2009-06-28,125965909.27
2009-06-29,126455067.63
2009-06-30,147880234.58
2009-07-01,150253141.42
2009-07-02,151744960.66
2009-07-03,152592353.88
2009-07-04,143770647.3
2009-07-05,126105630.24
2009-07-06,150061702.71
2009-07-07,154742778.9
2009-07-08,154252925.22
2009-07-09,153668228.4
2009-07-10,154818368.38
2009-07-11,145915342.31
2009-07-12,128328397.04
2009-07-13,153898548.93
2009-07-14,158052912.8
2009-07-15,156811818.64
2009-07-16,158179964.5
2009-07-17,158402248.86
2009-07-18,148532261.32
2009-07-19,130457988.25
2009-07-20,131066386.19
2009-07-21,153854787.04
2009-07-22,154794433.43
2009-07-23,156227447.69
2009-07-24,158447007.51
2009-07-25,149203157.09
2009-07-26,132407510.62
2009-07-27,156827326.38
2009-07-28,159404643.05
2009-07-29,158273967.84
2009-07-30,156199391.18
2009-07-31,156119689.8
2009-08-01,145948076.39
2009-08-02,130992400.97
2009-08-03,157102043.5
2009-08-04,159373176.39
2009-08-05,158610747.95
2009-08-06,156282332.56
2009-08-07,137615651.02
2009-08-08,142597980.42
2009-08-09,127190800.89
2009-08-10,152249411.03
2009-08-11,157786046.13
2009-08-12,158156407.89
2009-08-13,159474790.21
2009-08-14,157067736.95
2009-08-15,148142371.12
2009-08-16,128740218.9
2009-08-17,131456898.19
2009-08-18,153355220.48
2009-08-19,157156722.53
2009-08-20,158170557.81
2009-08-21,157596601.06
2009-08-22,149545564.18
2009-08-23,132834605.66
2009-08-24,156444785.09
2009-08-25,158912676.81
2009-08-26,160290641.22
2009-08-27,160553114.31
2009-08-28,160639721.81
2009-08-29,149331024.15
2009-08-30,130695882.62
2009-08-31,155117894.53
2009-09-01,157931250.99
2009-09-02,160324578.46
2009-09-03,162332903.17
2009-09-04,160522607.77
2009-09-05,152345512.04
2009-09-06,136122683.32
2009-09-07,161283323.85
2009-09-08,162337572.31
2009-09-09,161047302.92
2009-09-10,162689995.1
2009-09-11,162778316.02
2009-09-12,151077445.11
2009-09-13,134519872.95
2009-09-14,160433644.59
2009-09-15,159730763.2
2009-09-16,157259178.15
2009-09-17,156143702.13
2009-09-18,159230735.9
2009-09-19,151647920.77
2009-09-20,133994688.04
2009-09-21,157418271.21
2009-09-22,159478424.63
2009-09-23,160725840.93
2009-09-24,162227732.37
2009-09-25,164535155.93
2009-09-26,153104709.86
2009-09-27,135070671.12
2009-09-28,158420821.82
2009-09-29,162422815.58
2009-09-30,163790214.67
2009-10-01,162609984.3
2009-10-02,161338479.98
2009-10-03,149132092.59
2009-10-04,131378486.68
2009-10-05,157680081.91
2009-10-06,161858465.47
2009-10-07,162450666.57
2009-10-08,161770035.31
2009-10-09,162765293.34
2009-10-10,153480220.43
2009-10-11,132488429.59
2009-10-12,132164038.78
2009-10-13,156078455.06
2009-10-14,156208078.6
2009-10-15,153977045.12
2009-10-16,156348295.87
2009-10-17,148939255.09
2009-10-18,132472744.09
2009-10-19,154060872.37
2009-10-20,156253305.03
2009-10-21,157031602.33
2009-10-22,156689179.72
2009-10-23,158844849.07
2009-10-24,148315882.52
2009-10-25,131777358.25
2009-10-26,156834088.3
2009-10-27,160443932.03
2009-10-28,159038734.02
2009-10-29,160563906.99
2009-10-30,158129076.51
2009-10-31,146182741.12
2009-11-01,128314792.53
2009-11-02,131413045.43
2009-11-03,154250869.2
2009-11-04,157592162.25
2009-11-05,158322583.16
2009-11-06,157364261.41
2009-11-07,149410299.52
2009-11-08,134537075.75
2009-11-09,157463904.25
2009-11-10,161074769.53
2009-11-11,161784002.22
2009-11-12,161784765.97
2009-11-13,161609066.69
2009-11-14,151079411.22
2009-11-15,133688730.43
2009-11-16,137555770.8
2009-11-17,158939682.96
2009-11-18,160853108.6
2009-11-19,162735522.06
2009-11-20,164001397.89
2009-11-21,156089783.57
2009-11-22,139157421.47
2009-11-23,160233476.61
2009-11-24,162989251.3
2009-11-25,163590917.97
2009-11-26,164195798.44
2009-11-27,164457898.07
2009-11-28,154487501.0
2009-11-29,137713333.99
2009-11-30,160862932.6
2009-12-01,163819777.93
2009-12-02,162946089.27
2009-12-03,165286381.62
2009-12-04,167073811.79
2009-12-05,158524327.46
2009-12-06,142909318.35
2009-12-07,160575745.4
2009-12-08,143228063.78
2009-12-09,163858253.52
2009-12-10,164239234.26
2009-12-11,165257727.32
2009-12-12,155116319.7
2009-12-13,139296678.55
2009-12-14,161777509.02
2009-12-15,163596202.71
2009-12-16,163657998.98
2009-12-17,164094476.54
2009-12-18,162158577.15
2009-12-19,152343365.35
2009-12-20,136882795.04
2009-12-21,155902563.97
2009-12-22,156931476.33
2009-12-23,155450920.76
2009-12-24,144606685.22
2009-12-25,122613303.18
2009-12-26,135707645.53
2009-12-27,131457125.08
2009-12-28,148500109.95
2009-12-29,149839972.05
2009-12-30,147848800.87
2009-12-31,135670939.15
2010-01-01,115437747.19
2010-01-02,127695172.79
2010-01-03,123659352.78
2010-01-04,144491723.49
2010-01-05,149124817.14
2010-01-06,150325131.24
2010-01-07,151064033.75
2010-01-08,152649821.37
2010-01-09,145537983.68
2010-01-10,129009317.77
2010-01-11,130973485.78
2010-01-12,150842496.75
2010-01-13,155033576.13
2010-01-14,156953204.15
2010-01-15,157550298.72
2010-01-16,149669459.43
2010-01-17,133874813.79
2010-01-18,155022661.23
2010-01-19,157750236.11
2010-01-20,158890777.4
2010-01-21,160296844.35
2010-01-22,159933531.29
2010-01-23,151325027.22
2010-01-24,134286132.27
2010-01-25,156165213.96
2010-01-26,157789762.46
2010-01-27,158590339.18
2010-01-28,158947025.78
2010-01-29,159202040.25
2010-01-30,150170751.06
2010-01-31,134677737.08
2010-02-01,158565864.89
2010-02-02,160940604.45
2010-02-03,162894343.76
2010-02-04,165373311.84
2010-02-05,165933199.5
2010-02-06,155213662.91
2010-02-07,136429242.1
2010-02-08,161003265.3
2010-02-09,161604021.69
2010-02-10,161277532.12
2010-02-11,161600748.95
2010-02-12,161988243.14
2010-02-13,153262852.5
2010-02-14,136519210.7
2010-02-15,158968527.73
2010-02-16,161728883.47
2010-02-17,164023411.47
2010-02-18,164608658.2
2010-02-19,164938487.12
2010-02-20,155377061.96
2010-02-21,138816898.01
2010-02-22,163900253.03
2010-02-23,163290202.61
2010-02-24,162398448.29
2010-02-25,161315071.05
2010-02-26,160044226.46
2010-02-27,151595758.65
2010-02-28,135847588.86
2010-03-01,158949924.52
2010-03-02,162081329.24
2010-03-03,161138493.48
2010-03-04,161261487.26
2010-03-05,162642429.45
2010-03-06,153232599.51
2010-03-07,135689643.46
2010-03-08,159270439.37
2010-03-09,161822690.46
2010-03-10,165120792.44
2010-03-11,163726410.64
2010-03-12,164820602.06
2010-03-13,155730491.4
2010-03-14,136187459.05
2010-03-15,162682579.9
2010-03-16,165555565.98
2010-03-17,162374628.48
2010-03-18,160850313.35
2010-03-19,162782789.01
2010-03-20,155485804.62
2010-03-21,138822458.27
2010-03-22,141573118.06
2010-03-23,163324037.59
2010-03-24,165755739.09
2010-03-25,166739010.91
2010-03-26,166704902.86
2010-03-27,157080305.54
2010-03-28,140610564.64
2010-03-29,161273733.67
2010-03-30,161343211.75
2010-03-31,155487813.22
2010-04-01,130396275.4
2010-04-02,122564649.45
2010-04-03,135596666.3
2010-04-04,132021369.58
2010-04-05,157151288.3
2010-04-06,159491256.41
2010-04-07,160476492.18
2010-04-08,158950331.86
2010-04-09,160415768.76
2010-04-10,151717237.02
2010-04-11,135730951.35
2010-04-12,156531533.15
2010-04-13,159782515.9
2010-04-14,158187565.37
2010-04-15,159284118.01
2010-04-16,160368010.32
2010-04-17,152206757.96
2010-04-18,136886232.61
2010-04-19,160037853.04
2010-04-20,161086423.3
2010-04-21,162954205.65
2010-04-22,165626595.54
2010-04-23,166827808.64
2010-04-24,157737413.0
2010-04-25,140460566.1
2010-04-26,160716248.36
2010-04-27,163300929.12
2010-04-28,162194051.45
2010-04-29,161905549.01
2010-04-30,160147864.04
2010-05-01,139331538.26
2010-05-02,131537697.55
2010-05-03,155781980.25
2010-05-04,157613486.95
2010-05-05,158978308.58
2010-05-06,160857137.57
2010-05-07,162898617.45
2010-05-08,153836184.74
2010-05-09,134856107.85
2010-05-10,161371620.37
2010-05-11,163764264.83
2010-05-12,162771151.33
2010-05-13,162933058.87
2010-05-14,164222309.78
2010-05-15,155807139.39
2010-05-16,138534174.17
2010-05-17,140917733.73
2010-05-18,165049806.56
2010-05-19,166058864.14
2010-05-20,165076316.09
2010-05-21,161322151.11
2010-05-22,153447995.54
2010-05-23,136042037.98
2010-05-24,158743770.18
2010-05-25,160831481.17
2010-05-26,160900855.36
2010-05-27,158359554.15
2010-05-28,156722187.1
2010-05-29,149486650.18
2010-05-30,133055266.81
2010-05-31,157088442.27
2010-06-01,158218489.21
2010-06-02,157342380.73
2010-06-03,158495779.1
2010-06-04,160224352.2
2010-06-05,152675092.64
2010-06-06,136272625.78
2010-06-07,137096016.73
2010-06-08,158225356.79
2010-06-09,157729193.14
2010-06-10,159388268.17
2010-06-11,158500819.02
2010-06-12,151353140.72
2010-06-13,133745208.52
2010-06-14,136252763.26
2010-06-15,157806871.94
2010-06-16,159263069.41
2010-06-17,161325865.33
2010-06-18,161071316.6
2010-06-19,150504439.5
2010-06-20,130153760.19
2010-06-21,155220125.62
2010-06-22,157438490.95
2010-06-23,160380833.26
2010-06-24,160301539.77
2010-06-25,160908323.51
2010-06-26,150469979.85
2010-06-27,132161055.08
2010-06-28,155451105.02
2010-06-29,159417711.05
2010-06-30,159680205.46
2010-07-01,158424322.71
2010-07-02,155847009.09
2010-07-03,148522743.21
2010-07-04,130799810.7
2010-07-05,132419533.49
2010-07-06,153710582.19
2010-07-07,155540853.49
2010-07-08,155001903.0
2010-07-09,156005437.63
2010-07-10,148806319.61
2010-07-11,132222621.4
2010-07-12,155751666.25
2010-07-13,159624817.49
2010-07-14,160898425.65
2010-07-15,158222354.67
2010-07-16,156052533.7
2010-07-17,147737800.73
2010-07-18,131334935.23
2010-07-19,151047546.42
2010-07-20,138540525.88
2010-07-21,158675943.37
2010-07-22,159912151.89
2010-07-23,160820118.69
2010-07-24,153148867.08
2010-07-25,137601542.05
2010-07-26,159059763.03
2010-07-27,161750614.54
2010-07-28,159171015.99
2010-07-29,160724765.29
2010-07-30,160062619.7
2010-07-31,149312098.08
2010-08-01,132125477.45
2010-08-02,155935037.79
2010-08-03,160468829.48
2010-08-04,160428625.95
2010-08-05,160690625.83
2010-08-06,159299917.86
2010-08-07,140329287.8
2010-08-08,132631234.4
2010-08-09,158621445.76
2010-08-10,163547615.69
2010-08-11,161664917.21
2010-08-12,160216151.13
2010-08-13,159680451.05
2010-08-14,151265410.88
2010-08-15,132875193.29
2010-08-16,134622040.35
2010-08-17,159185464.25
2010-08-18,160095347.12
2010-08-19,161420292.05
2010-08-20,161639997.37
2010-08-21,153251470.43
2010-08-22,135927968.57
2010-08-23,161563468.44
2010-08-24,163337819.75
2010-08-25,162509698.15
2010-08-26,159559073.39
2010-08-27,159145274.56
2010-08-28,150790146.34
2010-08-29,136165270.13
2010-08-30,161039317.37
2010-08-31,161777345.98
2010-09-01,160116883.3
2010-09-02,158706062.9
2010-09-03,160166387.82
2010-09-04,151949502.85
2010-09-05,133232685.91
2010-09-06,157682908.91
2010-09-07,159512923.32
2010-09-08,158656409.23
2010-09-09,159177622.7
2010-09-10,159995854.06
2010-09-11,151996241.49
2010-09-12,135448045.11
2010-09-13,159370764.14
2010-09-14,161389287.35
2010-09-15,163544328.71
2010-09-16,162027589.41
2010-09-17,162431143.78
2010-09-18,151956017.33
2010-09-19,133892898.72
2010-09-20,156161547.3
2010-09-21,159204205.86
2010-09-22,160607466.58
2010-09-23,160986014.48
2010-09-24,159685254.44
2010-09-25,151425174.2
2010-09-26,134802572.16
2010-09-27,156331159.71
2010-09-28,160237160.2
2010-09-29,162151663.72
2010-09-30,161999421.12
2010-10-01,159864752.2
2010-10-02,151508110.18
2010-10-03,133057856.2
2010-10-04,156026261.95
2010-10-05,158048467.51
2010-10-06,160377882.03
2010-10-07,161051748.81
2010-10-08,161961480.78
2010-10-09,154352288.66
2010-10-10,137516963.42
2010-10-11,162883958.58
2010-10-12,167097018.21
2010-10-13,168695056.32
2010-10-14,167293601.47
2010-10-15,165377076.36
2010-10-16,154491470.85
2010-10-17,134431119.78
2010-10-18,134538445.16
2010-10-19,159300715.78
2010-10-20,160176650.04
2010-10-21,162038491.62
2010-10-22,162758654.89
2010-10-23,153762617.86
2010-10-24,136730614.86
2010-10-25,158415490.39
2010-10-26,162239341.3
2010-10-27,163179161.39
2010-10-28,161471642.72
2010-10-29,162556261.35
2010-10-30,153160885.4
2010-10-31,134332380.27
2010-11-01,136833489.6
2010-11-02,158131911.33
2010-11-03,157288987.59
2010-11-04,159151997.05
2010-11-05,161215174.09
2010-11-06,150434448.68
2010-11-07,133304238.78
2010-11-08,156557827.07
2010-11-09,159679210.5
2010-11-10,159954617.45
2010-11-11,160431071.57
2010-11-12,160473504.82
2010-11-13,151295285.09
2010-11-14,134364630.96
2010-11-15,136742352.45
2010-11-16,158172393.02
2010-11-17,158312722.87
2010-11-18,159695651.54
2010-11-19,160545821.07
2010-11-20,152571058.91
2010-11-21,136155369.68
2010-11-22,158113406.36
2010-11-23,161164597.73
2010-11-24,161829823.64
2010-11-25,161379868.95
2010-11-26,162109055.02
2010-11-27,154124596.21
2010-11-28,136814316.44
2010-11-29,158117184.81
2010-11-30,160770640.81
2010-12-01,161594619.11
2010-12-02,159667070.2
2010-12-03,157669097.96
2010-12-04,149872713.66
2010-12-05,135311296.27
2010-12-06,157896691.56
2010-12-07,159945873.72
2010-12-08,141162765.7
2010-12-09,159789710.12
2010-12-10,161244647.37
2010-12-11,154314179.76
2010-12-12,139736069.52
2010-12-13,159220530.99
2010-12-14,157764058.17
2010-12-15,159610709.65
2010-12-16,160199547.77
2010-12-17,161603658.28
2010-12-18,152023083.76
2010-12-19,137572778.83
2010-12-20,156662292.54
2010-12-21,157049955.11
2010-12-22,158154885.19
2010-12-23,157261056.15
2010-12-24,143636863.91
2010-12-25,123941280.63
2010-12-26,129505282.12
2010-12-27,151763269.11
2010-12-28,154440091.56
2010-12-29,154778469.94
2010-12-30,153758108.81
2010-12-31,140081283.76
2011-01-01,118587856.93
2011-01-02,121465610.09
2011-01-03,145489942.3
2011-01-04,148929544.09
2011-01-05,149966869.39
2011-01-06,152288601.31
2011-01-07,151974788.29
2011-01-08,144115002.95
2011-01-09,129364285.98
2011-01-10,131838984.47
2011-01-11,154685923.32
2011-01-12,158047176.35
2011-01-13,159020354.07
2011-01-14,160380045.18
2011-01-15,152295786.59
2011-01-16,136693589.17
2011-01-17,156847621.32
2011-01-18,160524708.21
2011-01-19,161509477.38
2011-01-20,160915574.95
2011-01-21,162302075.41
2011-01-22,153877101.49
2011-01-23,138060874.11
2011-01-24,159646396.26
2011-01-25,162640137.81
2011-01-26,162913707.34
2011-01-27,162329342.37
2011-01-28,161625545.32
2011-01-29,151838336.13
2011-01-30,136250512.79
2011-01-31,160204151.4
2011-02-01,162683161.14
2011-02-02,163779646.34
2011-02-03,164429824.62
2011-02-04,163858417.74
2011-02-05,154792901.81
2011-02-06,136635311.38
2011-02-07,158720539.86
2011-02-08,160204015.51
2011-02-09,160466808.72
2011-02-10,160543417.87
2011-02-11,161116322.13
2011-02-12,152191975.76
2011-02-13,136611058.3
2011-02-14,157677877.26
2011-02-15,161192195.83
2011-02-16,159511872.19
2011-02-17,157743722.46
2011-02-18,157538825.09
2011-02-19,150497306.21
2011-02-20,134081886.65
2011-02-21,157628177.41
2011-02-22,161756047.36
2011-02-23,161782684.18
2011-02-24,160510811.57
2011-02-25,159424557.35
2011-02-26,151783854.73
2011-02-27,134423267.79
2011-02-28,157413949.59
2011-03-01,157725758.48
2011-03-02,157605190.0
2011-03-03,157131457.81
2011-03-04,157924299.43
2011-03-05,149221754.46
2011-03-06,133394783.65
2011-03-07,155675658.25
2011-03-08,158223192.49
2011-03-09,159825653.82
2011-03-10,157934523.92
2011-03-11,159052079.83
2011-03-12,151599864.8
2011-03-13,135308099.34
2011-03-14,159458569.48
2011-03-15,162137706.88
2011-03-16,163211407.57
2011-03-17,162724540.94
2011-03-18,162398888.67
2011-03-19,152136802.16
2011-03-20,132771182.11
2011-03-21,134442899.63
2011-03-22,155528644.51
2011-03-23,158593194.89
2011-03-24,158988006.6
2011-03-25,161059071.03
2011-03-26,152743692.62
2011-03-27,137204751.93
2011-03-28,162600337.96
2011-03-29,165693594.89
2011-03-30,165185821.27
2011-03-31,163704030.31
2011-04-01,165141174.65
2011-04-02,156604224.93
2011-04-03,138150739.36
2011-04-04,161967817.55
2011-04-05,163575745.28
2011-04-06,161488876.2
2011-04-07,163262160.01
2011-04-08,163319900.81
2011-04-09,155080809.5
2011-04-10,135756522.87
2011-04-11,157781120.33
2011-04-12,160201480.45
2011-04-13,160075290.56
2011-04-14,161831665.0
2011-04-15,161563569.58
2011-04-16,151335602.32
2011-04-17,136059891.94
2011-04-18,156501170.78
2011-04-19,157578561.86
2011-04-20,153499640.93
2011-04-21,129046126.22
2011-04-22,119139256.71
2011-04-23,132760502.53
2011-04-24,129670366.65
2011-04-25,155440455.12
2011-04-26,159632001.83
2011-04-27,162380380.93
2011-04-28,160974730.04
2011-04-29,163734805.54
2011-04-30,153898194.05
2011-05-01,136705593.59
2011-05-02,159634633.16
2011-05-03,161124979.16
2011-05-04,161883018.56
2011-05-05,163191805.42
2011-05-06,165300243.83
2011-05-07,156562250.26
2011-05-08,136498910.65
2011-05-09,162033010.95
2011-05-10,164284485.11
2011-05-11,165189314.32
2011-05-12,165905514.98
2011-05-13,163119698.87
2011-05-14,151745549.63
2011-05-15,135534761.61
2011-05-16,156360559.55
2011-05-17,159805078.09
2011-05-18,160674395.5
2011-05-19,161737009.15
2011-05-20,161876846.48
2011-05-21,153512588.21
2011-05-22,134802679.63
2011-05-23,158224009.67
2011-05-24,163024335.22
2011-05-25,162032190.67
2011-05-26,163355520.37
2011-05-27,162352868.33
2011-05-28,151025080.55
2011-05-29,135049205.86
2011-05-30,160289701.71
2011-05-31,162641281.12
2011-06-01,160029472.41
2011-06-02,160260091.63
2011-06-03,159474509.04
2011-06-04,151072487.36
2011-06-05,132270021.82
2011-06-06,136479689.56
2011-06-07,159472328.03
2011-06-08,163126943.83
2011-06-09,164381741.17
2011-06-10,166740587.73
2011-06-11,156817479.73
2011-06-12,140580643.14
2011-06-13,165369455.7
2011-06-14,166433234.76
2011-06-15,165658352.34
2011-06-16,163515033.33
2011-06-17,163704697.34
2011-06-18,155513005.64
2011-06-19,134688225.83
2011-06-20,161566471.72
2011-06-21,164464429.74
2011-06-22,165402701.83
2011-06-23,164565793.08
2011-06-24,161779454.61
2011-06-25,151966344.89
2011-06-26,133478932.87
2011-06-27,136522492.04
2011-06-28,161719383.64
2011-06-29,164961722.56
2011-06-30,161711222.41
2011-07-01,159160213.14
2011-07-02,150761955.98
2011-07-03,131264376.35
2011-07-04,134630748.02
2011-07-05,158920536.5
2011-07-06,163175045.57
2011-07-07,161839468.87
2011-07-08,163417021.45
2011-07-09,155010782.69
2011-07-10,138143125.18
2011-07-11,161806817.84
2011-07-12,163436984.98
2011-07-13,160831442.65
2011-07-14,159334808.35
2011-07-15,159852788.79
2011-07-16,151917250.51
2011-07-17,136386907.77
2011-07-18,160065058.98
2011-07-19,163207199.57
2011-07-20,146459694.31
2011-07-21,165137401.49
2011-07-22,166943189.6
2011-07-23,156577107.29
2011-07-24,141121222.93
2011-07-25,165028502.47
2011-07-26,165722796.82
2011-07-27,167372734.99
2011-07-28,164684780.97
2011-07-29,160717549.36
2011-07-30,149556410.98
2011-07-31,134559894.81
2011-08-01,158897342.11
2011-08-02,163719355.88
2011-08-03,164372027.29
2011-08-04,164218396.07
2011-08-05,165544717.16
2011-08-06,157764748.73
2011-08-07,140547090.64
2011-08-08,166912817.56
2011-08-09,168588749.31
2011-08-10,168678857.01
2011-08-11,168788632.58
2011-08-12,165024845.07
2011-08-13,157029544.33
2011-08-14,136897038.07
2011-08-15,138676581.34
2011-08-16,162441564.48
2011-08-17,165863355.43
2011-08-18,166963654.84
2011-08-19,166481696.23
2011-08-20,156748105.61
2011-08-21,140351598.08
2011-08-22,165718842.91
2011-08-23,167474593.86
2011-08-24,165719358.88
2011-08-25,166847298.04
2011-08-26,168483579.55
2011-08-27,157660797.95
2011-08-28,140467527.28
2011-08-29,164384234.83
2011-08-30,168203427.96
2011-08-31,169245756.48
2011-09-01,164820741.16
2011-09-02,161761505.99
2011-09-03,154745704.72
2011-09-04,137057689.84
2011-09-05,164247209.5
2011-09-06,165651226.1
2011-09-07,166349044.83
2011-09-08,163830981.02
2011-09-09,162455454.58
2011-09-10,155939683.24
2011-09-11,138025054.23
2011-09-12,150912624.7
2011-09-13,154707961.09
2011-09-14,156504924.71
2011-09-15,155027432.21
2011-09-16,154612938.61
2011-09-17,141430999.82
2011-09-18,122538166.6
2011-09-19,145669016.66
2011-09-20,152878964.0
2011-09-21,156126845.04
2011-09-22,150283667.25
2011-09-23,151889616.77
2011-09-24,134975222.87
2011-09-25,132270184.54
2011-09-26,155344586.86
2011-09-27,160795191.63
2011-09-28,164900537.46
2011-09-29,163285891.82
2011-09-30,162655235.88
2011-10-01,152869909.81
2011-10-02,132970182.06
2011-10-03,155554535.12
2011-10-04,154736571.6
2011-10-05,161358897.78
2011-10-06,162721141.85
2011-10-07,164405285.31
2011-10-08,155738846.66
2011-10-09,137561887.83
2011-10-10,159730986.95
2011-10-11,164181040.76
2011-10-12,165189801.29
2011-10-13,162083884.32
2011-10-14,152619015.56
2011-10-15,143763349.05
2011-10-16,122643401.17
2011-10-17,121478937.58
2011-10-18,144214649.25
2011-10-19,137481784.28
2011-10-20,142283341.55
2011-10-21,144695811.49
2011-10-22,140588622.65
2011-10-23,124939880.67
2011-10-24,144451469.64
2011-10-25,144420352.81
2011-10-26,150229067.36
2011-10-27,153820967.47
2011-10-28,151632822.31
2011-10-29,154202739.85
2011-10-30,132927098.89
2011-10-31,137704184.76
2011-11-01,162252910.81
2011-11-02,164578041.61
2011-11-03,166555656.47
2011-11-04,165914018.51
2011-11-05,158930557.16
2011-11-06,140887854.53
2011-11-07,144418761.66
2011-11-08,165738740.57
2011-11-09,166620853.92
2011-11-10,167304410.48
2011-11-11,166853208.44
2011-11-12,155870718.91
2011-11-13,136459815.01
2011-11-14,141971735.19
2011-11-15,163899582.55
2011-11-16,165619512.47
2011-11-17,166245544.07
2011-11-18,164919399.94
2011-11-19,155999402.7
2011-11-20,140138047.55
2011-11-21,165368995.49
2011-11-22,167768909.75
2011-11-23,167504500.04
2011-11-24,166782852.44
2011-11-25,167732396.58
2011-11-26,159820709.07
2011-11-27,141977981.76
2011-11-28,165320476.21
2011-11-29,165101627.42
2011-11-30,162266641.8
2011-12-01,161975814.56
2011-12-02,164562053.68
2011-12-03,156800596.96
2011-12-04,142617741.21
2011-12-05,165117606.24
2011-12-06,166748199.27
2011-12-07,165260554.5
2011-12-08,145803228.88
2011-12-09,165371148.48
2011-12-10,158546154.86
2011-12-11,143387442.41
2011-12-12,163923268.11
2011-12-13,166489026.0
2011-12-14,166499334.2
2011-12-15,164767928.9
2011-12-16,163440722.49
2011-12-17,152293392.91
2011-12-18,140184780.36
2011-12-19,161897068.74
2011-12-20,164128601.52
2011-12-21,165904930.56
2011-12-22,165960501.8
2011-12-23,162206998.28
2011-12-24,144335157.85
2011-12-25,126827470.69
2011-12-26,153813494.94
2011-12-27,159445899.98
2011-12-28,160454033.96
2011-12-29,159859066.52
2011-12-30,156348513.77
2011-12-31,141320819.41
2012-01-01,122915475.53
2012-01-02,147001748.39
2012-01-03,155067574.57
2012-01-04,156470373.83
2012-01-05,157082320.8
2012-01-06,157353875.1
2012-01-07,151756227.04
2012-01-08,135236552.5
2012-01-09,136928020.55
2012-01-10,160076239.31
2012-01-11,163860242.36
2012-01-12,165183276.32
2012-01-13,165450726.75
2012-01-14,157382064.9
2012-01-15,139200665.92
2012-01-16,162822585.33
2012-01-17,166516108.83
2012-01-18,163535215.97
2012-01-19,163241349.1
2012-01-20,162407035.56
2012-01-21,153121376.0
2012-01-22,136110258.32
2012-01-23,160645976.77
2012-01-24,161701762.27
2012-01-25,162763953.08
2012-01-26,162291060.98
2012-01-27,163716283.25
2012-01-28,154955828.25
2012-01-29,138420428.71
2012-01-30,161108121.35
2012-01-31,162591561.24
2012-02-01,161879905.32
2012-02-02,163445177.4
2012-02-03,163377585.83
2012-02-04,155254555.86
2012-02-05,137545567.54
2012-02-06,161905140.46
2012-02-07,163738091.5
2012-02-08,164102314.2
2012-02-09,163743659.18
2012-02-10,164177390.0
2012-02-11,155541269.73
2012-02-12,138253340.86
2012-02-13,161858959.69
2012-02-14,163229496.61
2012-02-15,163792298.98
2012-02-16,164841772.39
2012-02-17,164252442.99
2012-02-18,154953970.24
2012-02-19,136900323.8
2012-02-20,160376558.97
2012-02-21,164523600.75
2012-02-22,165937525.52
2012-02-23,166275103.98
2012-02-24,168199734.04
2012-02-25,159305769.81
2012-02-26,142220370.27
2012-02-27,165743441.87
2012-02-28,168249200.38
2012-02-29,168074929.19
2012-03-01,168434520.57
2012-03-02,169306550.94
2012-03-03,160191147.76
2012-03-04,143162261.97
2012-03-05,166458006.96
2012-03-06,168612700.66
2012-03-07,169965913.91
2012-03-08,168965835.62
2012-03-09,169862542.8
2012-03-10,159310321.67
2012-03-11,141849411.37
2012-03-12,166351945.85
2012-03-13,166949629.31
2012-03-14,167988178.98
2012-03-15,170745614.41
2012-03-16,170315893.91
2012-03-17,159077467.75
2012-03-18,140108349.13
2012-03-19,141976429.39
2012-03-20,164606426.2
2012-03-21,166866810.72
2012-03-22,166000043.29
2012-03-23,167444946.96
2012-03-24,158597106.17
2012-03-25,140894300.12
2012-03-26,165078246.12
2012-03-27,167389637.97
2012-03-28,167997677.94
2012-03-29,169581757.42
2012-03-30,169391567.44
2012-03-31,160381100.52
2012-04-01,143510836.8
2012-04-02,165027022.6
2012-04-03,164310509.58
2012-04-04,161634861.39
2012-04-05,136211264.73
2012-04-06,125412417.69
2012-04-07,139125059.29
2012-04-08,134606795.44
2012-04-09,161622413.55
2012-04-10,166388128.2
2012-04-11,166317792.08
2012-04-12,164413180.78
2012-04-13,165460535.66
2012-04-14,157025954.1
2012-04-15,140700688.25
2012-04-16,165006532.67
2012-04-17,166766754.14
2012-04-18,166198078.43
2012-04-19,166392285.69
2012-04-20,167799172.3
2012-04-21,158018155.79
2012-04-22,142231290.76
2012-04-23,165001712.45
2012-04-24,167731855.58
2012-04-25,168494406.3
2012-04-26,169588464.95
2012-04-27,168277560.14
2012-04-28,158295279.26
2012-04-29,140366259.86
2012-04-30,162755079.39
2012-05-01,140228511.05
2012-05-02,161465707.93
2012-05-03,166454790.79
2012-05-04,164157851.32
2012-05-05,155424223.02
2012-05-06,140650213.52
2012-05-07,163035652.66
2012-05-08,167131786.95
2012-05-09,168365171.02
2012-05-10,170119208.49
2012-05-11,170283892.63
2012-05-12,159873247.33
2012-05-13,139210226.56
2012-05-14,165239834.24
2012-05-15,169654163.34
2012-05-16,172425442.24
2012-05-17,172120498.65
2012-05-18,172031176.63
2012-05-19,160323282.94
2012-05-20,138378909.33
2012-05-21,143116303.57
2012-05-22,167524843.59
2012-05-23,170318121.8
2012-05-24,172556063.29
2012-05-25,171402496.07
2012-05-26,160931650.75
2012-05-27,144649879.66
2012-05-28,170020895.38
2012-05-29,172325356.01
2012-05-30,171356395.38
2012-05-31,171932946.52
2012-06-01,169770831.63
2012-06-02,161367845.83
2012-06-03,144763123.01
2012-06-04,169474785.84
2012-06-05,172352811.01
2012-06-06,175148056.87
2012-06-07,176178713.97
2012-06-08,173478988.27
2012-06-09,164206744.2
2012-06-10,146152737.63
2012-06-11,147622880.56
2012-06-12,167026504.3
2012-06-13,169626032.61
2012-06-14,169565518.77
2012-06-15,170789494.55
2012-06-16,157340491.78
2012-06-17,136152949.3
2012-06-18,142981709.28
2012-06-19,169246137.66
2012-06-20,171532141.16
2012-06-21,167851917.29
2012-06-22,170393532.75
2012-06-23,161300492.14
2012-06-24,141755354.49
2012-06-25,165709714.27
2012-06-26,167431624.2
2012-06-27,168485307.75
2012-06-28,170188646.5
2012-06-29,169236924.56
2012-06-30,156568366.89
2012-07-01,136080664.18
2012-07-02,140482729.03
2012-07-03,165241379.01
2012-07-04,167187023.87
2012-07-05,169377152.45
2012-07-06,168755192.47
2012-07-07,159876279.82
2012-07-08,142445621.79
2012-07-09,168619339.77
2012-07-10,172871447.18
2012-07-11,170460761.32
2012-07-12,170291402.46
2012-07-13,168538432.51
2012-07-14,157148545.23
2012-07-15,140602486.48
2012-07-16,166369335.03
2012-07-17,171167672.64
2012-07-18,169206431.64
2012-07-19,171323080.8
2012-07-20,152193842.26
2012-07-21,155624136.43
2012-07-22,142735891.33
2012-07-23,169415276.66
2012-07-24,169969584.33
2012-07-25,173818197.36
2012-07-26,174179467.28
2012-07-27,174340380.0
2012-07-28,163919009.82
2012-07-29,146001870.73
2012-07-30,167167364.81
2012-07-31,168568350.48
2012-08-01,167821995.09
2012-08-02,170028412.89
2012-08-03,171063070.23
2012-08-04,161738070.98
2012-08-05,142490233.35
2012-08-06,164215826.99
2012-08-07,150922547.05
2012-08-08,172075287.36
2012-08-09,171530981.04
2012-08-10,173520009.95
2012-08-11,163712750.1
2012-08-12,146248719.31
2012-08-13,168209000.69
2012-08-14,167478024.84
2012-08-15,169360998.85
2012-08-16,171219036.17
2012-08-17,169560461.21
2012-08-18,158447176.05
2012-08-19,142382621.46
2012-08-20,143649097.89
2012-08-21,169661646.41
2012-08-22,173490880.73
2012-08-23,171791876.96
2012-08-24,171564159.18
2012-08-25,162635046.89
2012-08-26,144494542.56
2012-08-27,170192039.39
2012-08-28,173043302.93
2012-08-29,175611947.52
2012-08-30,173541583.97
2012-08-31,172609656.28
2012-09-01,161833908.39
2012-09-02,144788563.83
2012-09-03,169551229.12
2012-09-04,171251308.4
2012-09-05,171274288.99
2012-09-06,173433554.15
2012-09-07,177314197.67
2012-09-08,165184763.61
2012-09-09,146537969.61
2012-09-10,173603903.05
2012-09-11,175039615.15
2012-09-12,175599672.67
2012-09-13,174474233.97
2012-09-14,175022835.17
2012-09-15,167007200.29
2012-09-16,147543682.54
2012-09-17,170409535.36
2012-09-18,173582264.39
2012-09-19,176375318.02
2012-09-20,177121816.7
2012-09-21,176736388.6
2012-09-22,163797393.37
2012-09-23,147394088.92
2012-09-24,170124375.83
2012-09-25,170395244.4
2012-09-26,173351446.85
2012-09-27,173693088.05
2012-09-28,173367928.23
2012-09-29,163692289.7
2012-09-30,145112293.83
2012-10-01,170473287.35
2012-10-02,173003804.89
2012-10-03,174590645.36
2012-10-04,174772845.38
2012-10-05,170877294.15
2012-10-06,159682768.31
2012-10-07,142200809.8
2012-10-08,165921964.79
2012-10-09,169815142.82
2012-10-10,170712515.02
2012-10-11,172562688.82
2012-10-12,172946973.0
2012-10-13,160535164.2
2012-10-14,140405490.01
2012-10-15,143527078.98
2012-10-16,165787169.18
2012-10-17,166149968.92
2012-10-18,165674090.26
2012-10-19,164320905.55
2012-10-20,156748055.83
2012-10-21,140793040.42
2012-10-22,164332314.7
2012-10-23,165824771.36
2012-10-24,167092133.11
2012-10-25,167889950.23
2012-10-26,169643342.49
2012-10-27,161991741.3
2012-10-28,145798855.5
2012-10-29,168624417.66
2012-10-30,169139280.07
2012-10-31,167686666.01
2012-11-01,170889141.22
2012-11-02,171656011.19
2012-11-03,162798323.5
2012-11-04,144493981.36
2012-11-05,146643048.27
2012-11-06,170062101.57
2012-11-07,172292102.64
2012-11-08,172711080.41
2012-11-09,174039764.47
2012-11-10,165360546.94
2012-11-11,145540899.33
2012-11-12,147854396.71
2012-11-13,170857678.29
2012-11-14,173628976.4
2012-11-15,172044315.73
2012-11-16,171432514.37
2012-11-17,162150678.41
2012-11-18,144279409.15
2012-11-19,170897212.89
2012-11-20,174444718.69
2012-11-21,173052349.21
2012-11-22,172339873.14
2012-11-23,171273420.94
2012-11-24,162447935.59
2012-11-25,147152074.81
2012-11-26,171858575.97
2012-11-27,174831050.39
2012-11-28,174496698.31
2012-11-29,174588750.24
2012-11-30,173499827.83
2012-12-01,161041685.11
2012-12-02,144726503.24
2012-12-03,168879391.96
2012-12-04,173531692.53
2012-12-05,173777462.15
2012-12-06,175067246.27
2012-12-07,172670560.1
2012-12-08,154077177.48
2012-12-09,150220936.19
2012-12-10,175324637.5
2012-12-11,178027016.24
2012-12-12,177615364.35
2012-12-13,175936493.58
2012-12-14,172583970.42
2012-12-15,161337927.57
2012-12-16,147594546.47
2012-12-17,169756938.05
2012-12-18,170427462.91
2012-12-19,173748547.91
2012-12-20,173399231.25
2012-12-21,170600468.62
2012-12-22,160288837.85
2012-12-23,145036064.01
2012-12-24,147565944.88
2012-12-25,131777093.53
2012-12-26,160614844.71
2012-12-27,162983724.02
2012-12-28,163891761.3
2012-12-29,155519127.7
2012-12-30,143156920.26
2012-12-31,143094810.76
2013-01-01,125699526.59
2013-01-02,151121722.99
2013-01-03,159894472.3
2013-01-04,162060675.55
2013-01-05,155376640.39
2013-01-06,140617215.46
2013-01-07,141644440.93
2013-01-08,163377986.19
2013-01-09,166924031.9
2013-01-10,168636767.25
2013-01-11,169499111.32
2013-01-12,160009891.98
2013-01-13,143688119.23
2013-01-14,166195575.82
2013-01-15,168798205.48
2013-01-16,169999205.02
2013-01-17,171355809.62
2013-01-18,170832762.88
2013-01-19,160644666.94
2013-01-20,145194589.4
2013-01-21,170498489.89
2013-01-22,172892638.55
2013-01-23,173464150.68
2013-01-24,171964222.89
2013-01-25,172185103.74
2013-01-26,162587559.41
2013-01-27,146446067.2
2013-01-28,171099196.74
2013-01-29,173951457.16
2013-01-30,173810564.86
2013-01-31,174731582.16
2013-02-01,172440864.92
2013-02-02,161049767.63
2013-02-03,143817482.79
2013-02-04,167757195.73
2013-02-05,169502201.58
2013-02-06,171315724.25
2013-02-07,170660246.34
2013-02-08,170722601.56
2013-02-09,157265050.42
2013-02-10,140528934.22
2013-02-11,164514773.42
2013-02-12,165800138.81
2013-02-13,167776146.18
2013-02-14,170465327.49
2013-02-15,171650480.72
2013-02-16,162466999.42
2013-02-17,142897477.96
2013-02-18,164002908.33
2013-02-19,168540542.99
2013-02-20,171847182.11
2013-02-21,171106996.53
2013-02-22,171688407.23
2013-02-23,161634981.72
2013-02-24,143086172.92
2013-02-25,169332387.68
2013-02-26,173233910.41
2013-02-27,173437214.58
2013-02-28,171143685.24
2013-03-01,168423820.32
2013-03-02,159690516.57
2013-03-03,143194165.29
2013-03-04,166302802.16
2013-03-05,172929396.33
2013-03-06,174869071.27
2013-03-07,174571389.94
2013-03-08,175642498.37
2013-03-09,166167967.35
2013-03-10,147496330.8
2013-03-11,170075290.99
2013-03-12,173497095.02
2013-03-13,173138030.13
2013-03-14,173251824.27
2013-03-15,170099855.49
2013-03-16,162147566.24
2013-03-17,146381181.64
2013-03-18,169488169.59
2013-03-19,173508687.07
2013-03-20,173957146.19
2013-03-21,172998941.57
2013-03-22,173086513.33
2013-03-23,163195888.35
2013-03-24,147238685.9
2013-03-25,150691348.59
2013-03-26,166409442.49
2013-03-27,163426221.89
2013-03-28,141531681.36
2013-03-29,132093047.17
2013-03-30,145188407.59
2013-03-31,142343832.59
2013-04-01,172764345.62
2013-04-02,174496028.36
2013-04-03,175966535.92
2013-04-04,177024780.4
2013-04-05,176362327.06
2013-04-06,167871008.97
2013-04-07,151260937.11
2013-04-08,175596916.87
2013-04-09,177007581.13
2013-04-10,176445460.92
2013-04-11,177267883.46
2013-04-12,178735571.03
2013-04-13,170010420.52
2013-04-14,151387957.06
2013-04-15,174982069.7
2013-04-16,178212565.56
2013-04-17,177019819.62
2013-04-18,176048662.46
2013-04-19,172655628.5
2013-04-20,163273348.13
2013-04-21,145056896.2
2013-04-22,170621494.39
2013-04-23,172641437.62
2013-04-24,173806015.18
2013-04-25,174992297.73
2013-04-26,173785817.08
2013-04-27,162975513.05
2013-04-28,146016589.8
2013-04-29,169646400.63
2013-04-30,172288735.12
2013-05-01,150217232.72
2013-05-02,167217949.73
2013-05-03,170177813.7
2013-05-04,162972688.0
2013-05-05,143828865.8
2013-05-06,168579985.46
2013-05-07,169581323.69
2013-05-08,173627454.05
2013-05-09,173730558.85
2013-05-10,173280917.55
2013-05-11,165202173.8
2013-05-12,143612924.72
2013-05-13,149656038.81
2013-05-14,174046375.03
2013-05-15,174993558.23
2013-05-16,175223894.12
2013-05-17,175132309.74
2013-05-18,167563649.67
2013-05-19,148667229.88
2013-05-20,171316851.3
2013-05-21,172085068.38
2013-05-22,172144186.0
2013-05-23,171911879.57
2013-05-24,172996142.45
2013-05-25,166740389.62
2013-05-26,148727000.16
2013-05-27,170951412.17
2013-05-28,173939795.93
2013-05-29,170812924.23
2013-05-30,173316421.47
2013-05-31,171092687.52
2013-06-01,159906282.25
2013-06-02,145575492.69
2013-06-03,148328823.02
2013-06-04,172445640.93
2013-06-05,171256538.5
2013-06-06,173205333.72
2013-06-07,175533224.78
2013-06-08,167109844.96
2013-06-09,146870125.44
2013-06-10,150400775.8
2013-06-11,170714652.32
2013-06-12,171493240.3
2013-06-13,173830508.2
2013-06-14,173073326.55
2013-06-15,163131123.22
2013-06-16,145854614.3
2013-06-17,172690461.31
2013-06-18,176795121.61
2013-06-19,174219062.87
2013-06-20,174228761.1
2013-06-21,174522626.55
2013-06-22,165893299.93
2013-06-23,147778065.7
2013-06-24,169908835.87
2013-06-25,172043744.24
2013-06-26,174344238.18
2013-06-27,175128766.67
2013-06-28,169537215.08
2013-06-29,158346983.75
2013-06-30,140846064.19
2013-07-01,140506915.14
2013-07-02,164313312.62
2013-07-03,172412056.78
2013-07-04,175100248.33
2013-07-05,173883870.23
2013-07-06,164380973.75
2013-07-07,147571049.28
2013-07-08,172750608.87
2013-07-09,172517265.38
2013-07-10,170209113.83
2013-07-11,169578028.77
2013-07-12,172570140.93
2013-07-13,164212625.55
2013-07-14,148399930.21
2013-07-15,173827637.09
2013-07-16,176069387.31
2013-07-17,176534021.55
2013-07-18,176503032.47
2013-07-19,174409110.25
2013-07-20,152880822.64
2013-07-21,146210015.32
2013-07-22,173349836.28
2013-07-23,175933600.99
2013-07-24,178506210.01
2013-07-25,179268903.35
2013-07-26,176229196.9
2013-07-27,164760738.17
2013-07-28,149639136.54
2013-07-29,172516923.93
2013-07-30,174735389.04
2013-07-31,175720265.23
2013-08-01,174376949.48
2013-08-02,174559860.89
2013-08-03,165868525.73
2013-08-04,149381924.21
2013-08-05,175573410.32
2013-08-06,178577963.55
2013-08-07,158639181.23
2013-08-08,173755604.81
2013-08-09,174073858.82
2013-08-10,162761727.88
2013-08-11,144934498.07
2013-08-12,166974234.63
2013-08-13,170683632.14
2013-08-14,174288724.25
2013-08-15,177302470.39
2013-08-16,176319210.64
2013-08-17,166708918.63
2013-08-18,147596057.62
2013-08-19,150653835.59
2013-08-20,173985787.98
2013-08-21,176472191.89
2013-08-22,177291611.98
2013-08-23,177082742.92
2013-08-24,164790093.73
2013-08-25,147923976.73
2013-08-26,170735404.07
2013-08-27,169559041.68
2013-08-28,172649806.68
2013-08-29,171079161.96
2013-08-30,169134400.53
2013-08-31,162741293.58
2013-09-01,144609221.61
2013-09-02,170868978.24
2013-09-03,172024861.39
2013-09-04,173013588.49
2013-09-05,175583267.41
2013-09-06,173994684.86
2013-09-07,164645817.62
2013-09-08,148957990.1
2013-09-09,173276038.21
2013-09-10,175151315.34
2013-09-11,172526322.11
2013-09-12,173519331.27
2013-09-13,175870829.43
2013-09-14,167014120.69
2013-09-15,151522570.06
2013-09-16,175586593.98
2013-09-17,178043798.8
2013-09-18,175729293.15
2013-09-19,173585276.41
2013-09-20,177776570.23
2013-09-21,169643610.87
2013-09-22,152485372.06
2013-09-23,178527570.67
2013-09-24,181029476.11
2013-09-25,181548276.26
2013-09-26,176675008.9
2013-09-27,176300109.37
2013-09-28,162174053.65
2013-09-29,145170634.81
2013-09-30,167750172.26
2013-10-01,170653599.45
2013-10-02,173140071.36
2013-10-03,177865752.04
2013-10-04,171838308.3
2013-10-05,165308256.39
2013-10-06,150018763.81
2013-10-07,173710627.73
2013-10-08,175300248.57
2013-10-09,176924546.33
2013-10-10,178076231.0
2013-10-11,175430292.31
2013-10-12,165972596.82
2013-10-13,145779923.71
2013-10-14,148363898.24
2013-10-15,170962434.38
2013-10-16,169418459.82
2013-10-17,169887967.08
2013-10-18,174985982.0
2013-10-19,166447746.22
2013-10-20,149655119.96
2013-10-21,172479158.45
2013-10-22,172384907.29
2013-10-23,176023551.12
2013-10-24,175455937.24
2013-10-25,177080788.63
2013-10-26,168035615.91
2013-10-27,151926604.8
2013-10-28,176222553.33
2013-10-29,178915966.63
2013-10-30,177437773.63
2013-10-31,173347251.77
2013-11-01,172533310.05
2013-11-02,163964739.84
2013-11-03,145209464.68
2013-11-04,148440661.71
2013-11-05,171170716.2
2013-11-06,172689966.78
2013-11-07,171423253.94
2013-11-08,173294082.22
2013-11-09,166186505.56
2013-11-10,148412504.54
2013-11-11,153667305.0
2013-11-12,177852113.52
2013-11-13,178652886.2
2013-11-14,179528576.8
2013-11-15,180676917.56
2013-11-16,172087626.06
2013-11-17,155132408.84
2013-11-18,176917848.47
2013-11-19,178457603.88
2013-11-20,176132963.73
2013-11-21,178380931.92
2013-11-22,178235003.6
2013-11-23,169650817.38
2013-11-24,151052914.9
2013-11-25,173556648.17
2013-11-26,177462382.74
2013-11-27,177091464.96
2013-11-28,177474911.88
2013-11-29,176007944.75
2013-11-30,164354815.06
2013-12-01,146616623.28
2013-12-02,170703232.56
2013-12-03,172922823.1
2013-12-04,174126649.0
2013-12-05,178116266.5
2013-12-06,178262280.82
2013-12-07,167112311.04
2013-12-08,149084525.45
2013-12-09,173740875.07
2013-12-10,177467332.71
2013-12-11,179122081.4
2013-12-12,179855920.64
2013-12-13,178575630.59
2013-12-14,168139879.71
2013-12-15,153782717.01
2013-12-16,177982489.47
2013-12-17,179630952.97
2013-12-18,178914240.18
2013-12-19,179034495.53
2013-12-20,176114402.57
2013-12-21,165970543.24
2013-12-22,151913729.65
2013-12-23,167636709.01
2013-12-24,154775124.43
2013-12-25,133711566.67
2013-12-26,162703697.09
2013-12-27,168428899.79
2013-12-28,162826415.98
2013-12-29,151355118.31
2013-12-30,164875961.54
2013-12-31,152937083.0
2014-01-01,129772795.67
2014-01-02,153474119.4
2014-01-03,162368017.2
2014-01-04,157250885.0
2014-01-05,143641164.2
2014-01-06,145292689.45
2014-01-07,163894092.2
2014-01-08,167057768.14
2014-01-09,167867003.27
2014-01-10,168430791.35
2014-01-11,160746346.53
2014-01-12,144942035.32
2014-01-13,169813157.92
2014-01-14,174587507.42
2014-01-15,176258228.07
2014-01-16,176028818.17
2014-01-17,176599591.3
2014-01-18,167739673.18
2014-01-19,150246059.42
2014-01-20,175795203.01
2014-01-21,178816925.29
2014-01-22,178923489.08
2014-01-23,178295852.84
2014-01-24,179503443.67
2014-01-25,169873064.36
2014-01-26,151410829.44
2014-01-27,177322495.8
2014-01-28,181060588.98
2014-01-29,182280077.4
2014-01-30,180109070.11
2014-01-31,177488047.15
2014-02-01,168147850.17
2014-02-02,151375306.44
2014-02-03,176233156.31
2014-02-04,179248098.78
2014-02-05,178005504.38
2014-02-06,177822932.13
2014-02-07,180011690.36
2014-02-08,170424751.59
2014-02-09,153933026.75
2014-02-10,179279302.51
2014-02-11,181563387.34
2014-02-12,182803080.67
2014-02-13,182208484.28
2014-02-14,181537012.99
2014-02-15,173230404.59
2014-02-16,154276053.04
2014-02-17,179955261.47
2014-02-18,180819739.49
2014-02-19,181011958.01
2014-02-20,181895706.54
2014-02-21,180995625.63
2014-02-22,171442350.68
2014-02-23,154291972.99
2014-02-24,178825301.14
2014-02-25,180764948.99
2014-02-26,181220247.54
2014-02-27,181276952.3
2014-02-28,179478012.84
2014-03-01,166773539.09
2014-03-02,147638823.56
2014-03-03,171371831.55
2014-03-04,175358494.55
2014-03-05,179198109.05
2014-03-06,179449308.25
2014-03-07,180569056.76
2014-03-08,169882325.14
2014-03-09,148175014.4
2014-03-10,174178103.65
2014-03-11,178216004.68
2014-03-12,177269141.32
2014-03-13,177105396.96
2014-03-14,177680256.64
2014-03-15,166453680.4
2014-03-16,148922227.77
2014-03-17,176557264.03
2014-03-18,179405777.28
2014-03-19,180199848.05
2014-03-20,181962505.74
2014-03-21,182395307.58
2014-03-22,173114062.83
2014-03-23,152084874.15
2014-03-24,154670612.37
2014-03-25,176149918.81
2014-03-26,179283264.31
2014-03-27,179592489.72
2014-03-28,181251038.82
2014-03-29,172642351.14
2014-03-30,153129878.36
2014-03-31,176049489.98
2014-04-01,178946015.69
2014-04-02,180436348.23
2014-04-03,180284096.69
2014-04-04,181475975.88
2014-04-05,171547400.16
2014-04-06,155003214.15
2014-04-07,178838417.01
2014-04-08,181873891.53
2014-04-09,181444024.76
2014-04-10,181829801.23
2014-04-11,184165421.42
2014-04-12,173945045.13
2014-04-13,156997608.0
2014-04-14,179171351.77
2014-04-15,177292817.44
2014-04-16,171930299.02
2014-04-17,147125472.8
2014-04-18,138707478.51
2014-04-19,152346514.18
2014-04-20,148792752.57
2014-04-21,177474313.23
2014-04-22,179356440.98
2014-04-23,180673763.55
2014-04-24,177064346.85
2014-04-25,181558701.96
2014-04-26,170191532.87
2014-04-27,154669023.02
2014-04-28,181136829.25
2014-04-29,183275376.54
2014-04-30,181449515.09
2014-05-01,158729750.04
2014-05-02,177248461.8
2014-05-03,170644459.1
2014-05-04,153792933.62
2014-05-05,178891439.52
2014-05-06,181498356.23
2014-05-07,179422878.61
2014-05-08,181280984.9
2014-05-09,179635031.06
2014-05-10,170269135.86
2014-05-11,149810681.14
2014-05-12,178660235.95
2014-05-13,182620401.46
2014-05-14,183411908.23
2014-05-15,180708775.3
2014-05-16,180657790.22
2014-05-17,171541120.67
2014-05-18,154156773.6
2014-05-19,178063597.4
2014-05-20,180011318.8
2014-05-21,178898425.81
2014-05-22,181016510.1
2014-05-23,181202902.26
2014-05-24,171610851.82
2014-05-25,154316327.36
2014-05-26,178853345.52
2014-05-27,180366587.01
2014-05-28,180520383.47
2014-05-29,179984340.63
2014-05-30,180572407.87
2014-05-31,172476648.71
2014-06-01,152855847.82
2014-06-02,155550252.87
2014-06-03,180321131.62
2014-06-04,184124612.78
2014-06-05,186043545.8
2014-06-06,186730248.33
2014-06-07,174724510.61
2014-06-08,155519223.61
2014-06-09,182552290.88
2014-06-10,183760373.39
2014-06-11,184174864.43
2014-06-12,187233193.4
2014-06-13,186921644.25
2014-06-14,171347114.58
2014-06-15,153731324.86
2014-06-16,182214443.49
2014-06-17,185154155.67
2014-06-18,185596687.39
2014-06-19,183862195.47
2014-06-20,183340710.54
2014-06-21,173728901.1
2014-06-22,154021014.43
2014-06-23,158700715.26
2014-06-24,179161875.47
2014-06-25,177460548.99
2014-06-26,178418194.59
2014-06-27,178426124.55
2014-06-28,167107975.79
2014-06-29,151271646.07
2014-06-30,154019070.78
2014-07-01,175442740.75
2014-07-02,178265505.54
2014-07-03,182418665.8
2014-07-04,176020197.54
2014-07-05,170526327.63
2014-07-06,153290172.46
2014-07-07,178272096.06
2014-07-08,181738441.97
2014-07-09,182840824.24
2014-07-10,180702044.1
2014-07-11,181924679.04
2014-07-12,174068122.15
2014-07-13,156912737.18
2014-07-14,180169925.49
2014-07-15,181615933.64
2014-07-16,182471887.0
2014-07-17,184415930.55
2014-07-18,185241856.35
2014-07-19,175860852.71
2014-07-20,156374727.79
2014-07-21,180146948.36
2014-07-22,186606508.94
2014-07-23,187802674.79
2014-07-24,187734524.63
2014-07-25,187459819.68
2014-07-26,175855012.11
2014-07-27,153964431.41
2014-07-28,182251942.05
2014-07-29,185220133.15
2014-07-30,183460413.99
2014-07-31,184514451.39
2014-08-01,183781388.02
2014-08-02,170708860.72
2014-08-03,151065192.75
2014-08-04,178198202.86
2014-08-05,181995913.08
2014-08-06,182102594.35
2014-08-07,161041243.06
2014-08-08,180186980.89
2014-08-09,170846424.69
2014-08-10,152833852.16
2014-08-11,180121500.11
2014-08-12,182776444.15
2014-08-13,182323217.87
2014-08-14,182715606.87
2014-08-15,186448769.74
2014-08-16,178090967.37
2014-08-17,154479580.01
2014-08-18,156810094.84
2014-08-19,180544240.82
2014-08-20,183550817.15
2014-08-21,184603026.77
2014-08-22,185404492.66
2014-08-23,173509750.9
2014-08-24,155886768.08
2014-08-25,181073600.61
2014-08-26,180669476.31
2014-08-27,181114094.25
2014-08-28,179181304.05
2014-08-29,182448333.71
2014-08-30,175366792.99
2014-08-31,159001615.17
2014-09-01,184828563.21
2014-09-02,185792891.74
2014-09-03,182531402.9
2014-09-04,183010044.24
2014-09-05,186911234.39
2014-09-06,175132322.27
2014-09-07,156641573.52
2014-09-08,182738016.53
2014-09-09,187551897.36
2014-09-10,188148833.99
2014-09-11,185722097.08
2014-09-12,183395233.81
2014-09-13,173667785.53
2014-09-14,155645955.64
2014-09-15,177897542.2
2014-09-16,181993548.66
2014-09-17,180115055.15
2014-09-18,181111517.5
2014-09-19,182573544.16
2014-09-20,172252177.78
2014-09-21,151773106.31
2014-09-22,176492091.34
2014-09-23,179914364.11
2014-09-24,183913687.88
2014-09-25,184446701.51
2014-09-26,182217624.63
2014-09-27,173096092.9
2014-09-28,155595457.9
2014-09-29,182590319.19
2014-09-30,188073669.98
2014-10-01,184454298.37
2014-10-02,186266408.79
2014-10-03,187981771.93
2014-10-04,177395030.21
2014-10-05,156260263.77
2014-10-06,180934818.51
2014-10-07,184229981.11
2014-10-08,182007052.65
2014-10-09,177342683.41
2014-10-10,178928760.6
2014-10-11,169485227.92
2014-10-12,148495207.34
2014-10-13,153155923.87
2014-10-14,178669639.15
2014-10-15,181746174.54
2014-10-16,184578820.47
2014-10-17,184851936.49
2014-10-18,172491237.81
2014-10-19,153564122.39
2014-10-20,176429931.31
2014-10-21,182015929.66
2014-10-22,183622779.63
2014-10-23,184061963.93
2014-10-24,184028685.92
2014-10-25,173282595.13
2014-10-26,152397092.28
2014-10-27,176406498.13
2014-10-28,182237197.72
2014-10-29,184261491.38
2014-10-30,182920655.27
2014-10-31,176776085.82
2014-11-01,169287108.71
2014-11-02,152635879.64
2014-11-03,157516175.27
2014-11-04,181450216.36
2014-11-05,183618397.13
2014-11-06,184362842.7
2014-11-07,184403991.31
2014-11-08,175514195.7
2014-11-09,157337265.19
2014-11-10,178931150.89
2014-11-11,178785986.18
2014-11-12,178465589.79
2014-11-13,177651902.72
2014-11-14,179009194.38
2014-11-15,170973528.5
2014-11-16,151695451.53
2014-11-17,158278076.7
2014-11-18,183494838.38
2014-11-19,182267612.97
2014-11-20,183638677.63
2014-11-21,184993593.17
2014-11-22,174568142.81
2014-11-23,158447756.46
2014-11-24,184846152.71
2014-11-25,186527144.57
2014-11-26,184885477.48
2014-11-27,184524464.48
2014-11-28,186025077.21
2014-11-29,177411887.18
2014-11-30,159147743.3
2014-12-01,183829117.34
2014-12-02,187179106.88
2014-12-03,187799226.99
2014-12-04,187150307.09
2014-12-05,184635878.06
2014-12-06,174520898.98
2014-12-07,157167702.48
2014-12-08,158158359.63
2014-12-09,180941197.34
2014-12-10,182319276.28
2014-12-11,181255476.17
2014-12-12,183573329.61
2014-12-13,172231392.44
2014-12-14,154364909.1
2014-12-15,179661723.18
2014-12-16,183562576.67
2014-12-17,185486285.02
2014-12-18,185878541.07
2014-12-19,184656010.84
2014-12-20,174460665.77
2014-12-21,159816648.16
2014-12-22,178934361.64
2014-12-23,178756131.38
2014-12-24,166324937.16
2014-12-25,142998227.49
2014-12-26,170062418.94
2014-12-27,168816424.89
2014-12-28,157706857.14
2014-12-29,173677826.52
2014-12-30,173036729.4
2014-12-31,158427361.57
2015-01-01,135497872.81
2015-01-02,157184369.2
2015-01-03,157588426.45
2015-01-04,148230033.41
2015-01-05,169400529.85
2015-01-06,172672920.35
2015-01-07,174365674.47
2015-01-08,174756240.01
2015-01-09,175853733.81
2015-01-10,168105443.22
2015-01-11,152259208.85
2015-01-12,155328081.47
2015-01-13,177572208.25
2015-01-14,180868418.47
2015-01-15,180611289.47
2015-01-16,182462964.48
2015-01-17,171703166.92
2015-01-18,153875311.54
2015-01-19,179068655.07
2015-01-20,181119941.92
2015-01-21,180734794.51
2015-01-22,179590226.58
2015-01-23,180120311.32
2015-01-24,171656237.26
2015-01-25,155457530.42
2015-01-26,181631885.41
2015-01-27,185036978.04
2015-01-28,184190405.73
2015-01-29,184650584.51
2015-01-30,185044072.05
2015-01-31,173018578.91
2015-02-01,154861964.34
2015-02-02,180603273.47
2015-02-03,183139670.52
2015-02-04,186048383.17
2015-02-05,187310638.98
2015-02-06,186336308.5
2015-02-07,174480918.23
2015-02-08,154603590.01
2015-02-09,179343592.85
2015-02-10,182971633.71
2015-02-11,183151744.38
2015-02-12,183639378.94
2015-02-13,186982101.99
2015-02-14,175975770.87
2015-02-15,157288718.01
2015-02-16,183426052.11
2015-02-17,186425508.07
2015-02-18,189117359.71
2015-02-19,188217535.75
2015-02-20,187828056.37
2015-02-21,178402643.83
2015-02-22,161124161.64
2015-02-23,185674086.08
2015-02-24,188684117.34
2015-02-25,188195393.64
2015-02-26,187336904.56
2015-02-27,188530281.94
2015-02-28,178613932.36
2015-03-01,158212666.12
2015-03-02,182514903.4
2015-03-03,186547724.25
2015-03-04,187348366.47
2015-03-05,188029002.17
2015-03-06,186590594.84
2015-03-07,175496611.98
2015-03-08,157438093.41
2015-03-09,185107712.43
2015-03-10,188202573.1
2015-03-11,190684586.42
2015-03-12,190652307.69
2015-03-13,189263846.99
2015-03-14,178038241.79
2015-03-15,158588266.42
2015-03-16,182815620.23
2015-03-17,184337085.74
2015-03-18,180960635.19
2015-03-19,179712202.09
2015-03-20,179324152.61
2015-03-21,171181692.73
2015-03-22,153687955.27
2015-03-23,158230341.14
2015-03-24,182774757.51
2015-03-25,184836940.36
2015-03-26,186689757.27
2015-03-27,189296030.08
2015-03-28,180053186.63
2015-03-29,158023222.28
2015-03-30,178171046.82
2015-03-31,180567280.25
2015-04-01,176783930.69
2015-04-02,150698670.05
2015-04-03,140446568.84
2015-04-04,154013446.2
2015-04-05,150685496.37
2015-04-06,180245410.42
2015-04-07,183822859.3
2015-04-08,183433435.35
2015-04-09,185114471.56
2015-04-10,188419974.16
2015-04-11,176395420.32
2015-04-12,158300648.59
2015-04-13,183119081.54
2015-04-14,185944777.08
2015-04-15,185495583.3
2015-04-16,182753991.65
2015-04-17,180522407.5
2015-04-18,172315966.29
2015-04-19,152522547.56
2015-04-20,178988282.76
2015-04-21,181494282.41
2015-04-22,185257552.36
2015-04-23,185579899.06
2015-04-24,187458000.42
2015-04-25,176857411.08
2015-04-26,159248392.58
2015-04-27,186982888.14
2015-04-28,189623159.48
2015-04-29,189273733.55
2015-04-30,186267835.53
2015-05-01,162125058.97
2015-05-02,168781386.61
2015-05-03,157909240.09
2015-05-04,184964336.09
2015-05-05,191179568.8
2015-05-06,191955217.69
2015-05-07,192618861.67
2015-05-08,192735609.97
2015-05-09,182886347.16
2015-05-10,162459148.71
2015-05-11,192658287.11
2015-05-12,197408270.14
2015-05-13,196449898.04
2015-05-14,193925344.33
2015-05-15,190142179.45
2015-05-16,179462898.38
2015-05-17,157344589.84
2015-05-18,161876120.91
2015-05-19,186395637.81
2015-05-20,190493819.97
2015-05-21,189949406.63
2015-05-22,188744284.62
2015-05-23,180713308.3
2015-05-24,163367354.02
2015-05-25,184923561.51
2015-05-26,189572792.93
2015-05-27,189432053.92
2015-05-28,186277054.59
2015-05-29,184239424.09
2015-05-30,174094792.01
2015-05-31,157817601.38
2015-06-01,183717835.23
2015-06-02,185733191.83
2015-06-03,187823749.42
2015-06-04,190011277.04
2015-06-05,187955223.35
2015-06-06,179042031.4
2015-06-07,157367973.59
2015-06-08,158320451.91
2015-06-09,181601731.0
2015-06-10,185381418.3
2015-06-11,186852646.06
2015-06-12,190108345.27
2015-06-13,179411006.35
2015-06-14,159995739.64
2015-06-15,162173484.34
2015-06-16,188188427.73
2015-06-17,191202041.66
2015-06-18,192508380.17
2015-06-19,192749874.57
2015-06-20,181834448.27
2015-06-21,161933841.16
2015-06-22,186487586.72
2015-06-23,189497249.25
2015-06-24,191113753.55
2015-06-25,191333447.27
2015-06-26,190387998.43
2015-06-27,178442388.63
2015-06-28,157723363.73
2015-06-29,160928487.33
2015-06-30,184098146.65
2015-07-01,188125395.41
2015-07-02,188377110.11
2015-07-03,189924332.18
2015-07-04,181132661.29
2015-07-05,161771544.21
2015-07-06,185495769.72
2015-07-07,186304445.45
2015-07-08,187790966.5
2015-07-09,190041877.53
2015-07-10,190526824.23
2015-07-11,180965586.88
2015-07-12,162308096.62
2015-07-13,188659894.75
2015-07-14,191246924.35
2015-07-15,188193662.16
2015-07-16,188318074.72
2015-07-17,189080883.72
2015-07-18,177031082.12
2015-07-19,156534275.87
2015-07-20,158706091.51
2015-07-21,184306607.81
2015-07-22,187693516.08
2015-07-23,186681198.53
2015-07-24,188472344.14
2015-07-25,179990889.44
2015-07-26,163033425.42
2015-07-27,188247458.42
2015-07-28,190763618.08
2015-07-29,191441049.91
2015-07-30,189148496.08
2015-07-31,188914365.92
2015-08-01,179232579.01
2015-08-02,162497327.32
2015-08-03,188696884.46
2015-08-04,191416990.7
2015-08-05,193943431.15
2015-08-06,193642835.31
2015-08-07,174411931.09
2015-08-08,173706830.34
2015-08-09,155626322.17
2015-08-10,185028461.71
2015-08-11,187751174.47
2015-08-12,193066747.49
2015-08-13,191571854.19
2015-08-14,192036383.43
2015-08-15,180830134.81
2015-08-16,160103490.96
2015-08-17,163501003.69
2015-08-18,187294147.21
2015-08-19,193463952.36
2015-08-20,194573925.35
2015-08-21,194076595.27
2015-08-22,184220285.02
2015-08-23,165119711.18
2015-08-24,190032158.94
2015-08-25,192631671.31
2015-08-26,190880851.1
2015-08-27,193128604.84
2015-08-28,194656806.9
2015-08-29,186605536.35
2015-08-30,165937169.49
2015-08-31,191668104.15
2015-09-01,193180567.54
2015-09-02,195368382.67
2015-09-03,194930671.9
2015-09-04,197431032.58
2015-09-05,188205671.59
2015-09-06,166151567.06
2015-09-07,193319545.66
2015-09-08,198364619.3
2015-09-09,197295873.87
2015-09-10,195267746.76
2015-09-11,188499099.58
2015-09-12,180657768.22
2015-09-13,165209166.73
2015-09-14,194549214.5
2015-09-15,198271938.1
2015-09-16,199068989.01
2015-09-17,195142121.49
2015-09-18,193065650.8
2015-09-19,182369927.85
2015-09-20,163248515.53
2015-09-21,191756312.22
2015-09-22,197422875.57
2015-09-23,197170570.45
2015-09-24,195387748.46
2015-09-25,197779541.22
2015-09-26,186350168.77
2015-09-27,169062088.3
2015-09-28,196383946.51
2015-09-29,197881155.89
2015-09-30,192408150.64
2015-10-01,188370629.45
2015-10-02,189647953.36
2015-10-03,182669557.39
2015-10-04,164454760.88
2015-10-05,193982333.51
2015-10-06,197731459.02
2015-10-07,196191665.52
2015-10-08,196208431.18
2015-10-09,196162519.24
2015-10-10,183531341.72
2015-10-11,160000562.27
2015-10-12,163128240.86
2015-10-13,190239206.4
2015-10-14,188234782.67
2015-10-15,189410002.55
2015-10-16,191309450.29
2015-10-17,183781168.83
2015-10-18,165952702.59
2015-10-19,191648416.72
2015-10-20,195411989.27
2015-10-21,194981898.42
2015-10-22,197243753.55
2015-10-23,195564776.39
2015-10-24,179488741.48
2015-10-25,155971319.85
2015-10-26,183533318.29
2015-10-27,189456890.47
2015-10-28,192459874.57
2015-10-29,193237112.14
2015-10-30,192398882.36
2015-10-31,180323060.12
2015-11-01,159112433.99
2015-11-02,158958622.97
2015-11-03,184051497.2
2015-11-04,187329458.55
2015-11-05,186094447.41
2015-11-06,189404321.19
2015-11-07,179881346.56
2015-11-08,161404783.44
2015-11-09,185689608.2
2015-11-10,188704793.04
2015-11-11,189129078.86
2015-11-12,191897983.45
2015-11-13,191365309.32
2015-11-14,181069447.79
2015-11-15,161698972.78
2015-11-16,163213576.33
2015-11-17,183678625.73
2015-11-18,184639676.49
2015-11-19,187076185.98
2015-11-20,189440617.52
2015-11-21,179867908.98
2015-11-22,163714292.33
2015-11-23,187876334.5
2015-11-24,190539707.98
2015-11-25,192742580.95
2015-11-26,194306804.01
2015-11-27,193355718.93
2015-11-28,179995845.62
2015-11-29,164449082.14
2015-11-30,190503756.77
2015-12-01,193409601.06
2015-12-02,195406480.6
2015-12-03,195774068.09
2015-12-04,194091269.88
2015-12-05,185219786.79
2015-12-06,168938236.96
2015-12-07,187683193.06
2015-12-08,170783343.12
2015-12-09,195728474.17
2015-12-10,196252037.82
2015-12-11,197929099.95
2015-12-12,185826222.03
2015-12-13,170156477.51
2015-12-14,191925875.5
2015-12-15,192387720.96
2015-12-16,194260611.64
2015-12-17,193570952.93
2015-12-18,193894554.08
2015-12-19,182825990.21
2015-12-20,169166997.89
2015-12-21,190256851.95
2015-12-22,191897371.7
2015-12-23,190816363.22
2015-12-24,174873939.93
2015-12-25,150232158.4
2015-12-26,168101670.97
2015-12-27,162763385.57
2015-12-28,182124493.7
2015-12-29,184491585.83
2015-12-30,183968574.14
2015-12-31,168046410.83
2016-01-01,143210319.23
2016-01-02,154423132.89
2016-01-03,152851698.04
2016-01-04,175539128.78
2016-01-05,181763094.31
2016-01-06,183416377.32
2016-01-07,184174617.83
2016-01-08,186399084.91
2016-01-09,177592998.71
2016-01-10,158644525.66
2016-01-11,160876742.72
2016-01-12,184301660.6
2016-01-13,188414115.66
2016-01-14,190001690.2
2016-01-15,191616727.31
2016-01-16,180409491.88
2016-01-17,163656659.23
2016-01-18,188489325.14
2016-01-19,191535006.39
2016-01-20,192685493.61
2016-01-21,193053129.57
2016-01-22,195951353.19
2016-01-23,184129735.27
2016-01-24,164903793.47
2016-01-25,189065790.27
2016-01-26,192060169.17
2016-01-27,194375008.28
2016-01-28,195858653.63
2016-01-29,195931116.55
2016-01-30,183946145.8
2016-01-31,164457079.37
2016-02-01,190360745.92
2016-02-02,194921158.31
2016-02-03,195971465.61
2016-02-04,194786505.35
2016-02-05,191807679.87
2016-02-06,181975028.96
2016-02-07,164839000.64
2016-02-08,189032606.2
2016-02-09,192714479.92
2016-02-10,192541508.17
2016-02-11,193593428.23
2016-02-12,194004140.48
2016-02-13,183140778.35
2016-02-14,164746621.33
2016-02-15,192093024.86
2016-02-16,196549433.57
2016-02-17,197060642.56
2016-02-18,197509486.24
2016-02-19,195577865.12
2016-02-20,185873932.42
2016-02-21,164544604.24
2016-02-22,189663425.73
2016-02-23,195049409.64
2016-02-24,196455757.46
2016-02-25,194416857.47
2016-02-26,193646445.48
2016-02-27,183512626.6
2016-02-28,166484276.6
2016-02-29,192051018.93
2016-03-01,193415568.54
2016-03-02,191792969.23
2016-03-03,194335456.95
2016-03-04,193751961.83
2016-03-05,185104905.18
2016-03-06,165773080.51
2016-03-07,190558370.91
2016-03-08,190882801.37
2016-03-09,188221719.07
2016-03-10,188025783.75
2016-03-11,187118415.26
2016-03-12,178438739.21
2016-03-13,159380817.89
2016-03-14,183998798.44
2016-03-15,186024868.3
2016-03-16,188594257.59
2016-03-17,187500749.86
2016-03-18,187560353.28
2016-03-19,179674724.73
2016-03-20,161652507.07
2016-03-21,164560336.26
2016-03-22,180219927.25
2016-03-23,178000791.01
2016-03-24,155690557.3
2016-03-25,146908053.06
2016-03-26,160351727.86
2016-03-27,156523114.21
2016-03-28,183218444.0
2016-03-29,188186279.34
2016-03-30,186372959.72
2016-03-31,185214826.73
2016-04-01,183303444.45
2016-04-02,171977100.37
2016-04-03,154467048.02
2016-04-04,180148493.04
2016-04-05,184097227.53
2016-04-06,184796276.9
2016-04-07,186686884.81
2016-04-08,188485955.09
2016-04-09,175635865.75
2016-04-10,159223509.35
2016-04-11,184123738.59
2016-04-12,182510167.42
2016-04-13,181197138.71
2016-04-14,184385880.28
2016-04-15,187887617.85
2016-04-16,179045474.73
2016-04-17,158439882.52
2016-04-18,184671040.46
2016-04-19,186992789.35
2016-04-20,188183982.29
2016-04-21,189709243.49
2016-04-22,190115154.16
2016-04-23,179397131.13
2016-04-24,157168651.6
2016-04-25,181077733.14
2016-04-26,186507657.88
2016-04-27,185574057.87
2016-04-28,183421683.2
2016-04-29,183861429.58
2016-04-30,173848254.69
2016-05-01,152514098.48
2016-05-02,176680457.47
2016-05-03,180137761.39
2016-05-04,184259946.33
2016-05-05,187340010.13
2016-05-06,186401327.78
2016-05-07,174006920.3
2016-05-08,150713769.07
2016-05-09,154323551.73
2016-05-10,174680789.46
2016-05-11,182389356.52
2016-05-12,187661248.84
2016-05-13,189985403.95
2016-05-14,180500615.33
2016-05-15,163030814.67
2016-05-16,187796558.81
2016-05-17,190890507.46
2016-05-18,190355243.63
2016-05-19,192160825.3
2016-05-20,194499599.73
2016-05-21,184434032.44
2016-05-22,165879668.66
2016-05-23,190645638.94
2016-05-24,192727954.26
2016-05-25,190613722.83
2016-05-26,185947542.51
2016-05-27,186682313.99
2016-05-28,177778289.51
2016-05-29,154747966.13
2016-05-30,160619745.0
2016-05-31,179598584.08
2016-06-01,183194350.7
2016-06-02,183868664.37
2016-06-03,183967420.24
2016-06-04,176970094.09
2016-06-05,159645123.06
2016-06-06,161898205.05
2016-06-07,182480771.98
2016-06-08,184489343.22
2016-06-09,185807293.82
2016-06-10,185426349.3
2016-06-11,177455823.64
2016-06-12,161524439.94
2016-06-13,183253627.61
2016-06-14,182045354.24
2016-06-15,183562965.53
2016-06-16,187515553.61
2016-06-17,188950295.3
2016-06-18,179026987.41
2016-06-19,157086124.81
2016-06-20,180793001.06
2016-06-21,182849359.25
2016-06-22,187491706.78
2016-06-23,187832514.97
2016-06-24,185502041.81
2016-06-25,174693384.24
2016-06-26,155614239.11
2016-06-27,185588493.65
2016-06-28,190306277.06
2016-06-29,191335767.05
2016-06-30,190467370.04
2016-07-01,185404774.16
2016-07-02,174537434.96
2016-07-03,154452353.14
2016-07-04,156337831.03
2016-07-05,182835851.25
2016-07-06,184520907.14
2016-07-07,186445142.44
2016-07-08,188941067.87
2016-07-09,179995543.49
2016-07-10,160441878.07
2016-07-11,184095723.91
2016-07-12,184478655.85
2016-07-13,184518686.6
2016-07-14,183824321.22
2016-07-15,181631832.19
2016-07-16,168621388.69
2016-07-17,152405887.3
2016-07-18,177219443.75
2016-07-19,182106221.37
2016-07-20,164462752.49
2016-07-21,181876995.81
2016-07-22,182732289.66
2016-07-23,175368166.57
2016-07-24,157297931.91
2016-07-25,180827919.08
2016-07-26,188999246.51
2016-07-27,188355040.56
2016-07-28,186255174.05
2016-07-29,187968374.8
2016-07-30,179434783.47
2016-07-31,161899087.3
2016-08-01,186696485.38
2016-08-02,188868611.16
2016-08-03,188710269.22
2016-08-04,186217577.22
2016-08-05,188145310.12
2016-08-06,183593820.14
2016-08-07,166549052.27
2016-08-08,191777936.98
2016-08-09,194858452.79
2016-08-10,192180565.57
2016-08-11,193037717.81
2016-08-12,192141431.55
2016-08-13,183755365.91
2016-08-14,162353857.54
2016-08-15,165431094.05
2016-08-16,190978596.73
2016-08-17,194726725.38
2016-08-18,194074492.7
2016-08-19,193795067.79
2016-08-20,185097506.15
2016-08-21,165394897.15
2016-08-22,191038876.97
2016-08-23,194715924.63
2016-08-24,195240425.95
2016-08-25,194194217.33
2016-08-26,187153038.41
2016-08-27,179246793.55
2016-08-28,161598302.84
2016-08-29,190648909.06
2016-08-30,191525977.94
2016-08-31,188444045.93
2016-09-01,184704132.7
2016-09-02,184730955.22
2016-09-03,178253838.89
2016-09-04,161443546.12
2016-09-05,184606033.65
2016-09-06,189409324.65
2016-09-07,186351605.68
2016-09-08,188563217.27
2016-09-09,191279651.64
2016-09-10,180827909.99
2016-09-11,161504864.38
2016-09-12,184267197.76
2016-09-13,188056031.61
2016-09-14,187819447.01
2016-09-15,187378823.58
2016-09-16,189850284.8
2016-09-17,182708645.73
2016-09-18,164713048.86
2016-09-19,188425230.92
2016-09-20,193464559.79
2016-09-21,189558562.55
2016-09-22,189140080.56
2016-09-23,190326344.97
2016-09-24,182342567.56
2016-09-25,163883641.54
2016-09-26,190215900.44
2016-09-27,193963488.06
2016-09-28,195601847.58
2016-09-29,195893276.48
2016-09-30,192583487.88
2016-10-01,171291065.71
2016-10-02,148796847.63
2016-10-03,180386967.9
2016-10-04,188835642.76
2016-10-05,188042692.87
2016-10-06,190714853.86
2016-10-07,188100962.68
2016-10-08,177670154.54
2016-10-09,159238087.1
2016-10-10,185683598.3
2016-10-11,189541173.5
2016-10-12,185959114.76
2016-10-13,188222740.45
2016-10-14,187393105.7
2016-10-15,180601417.23
2016-10-16,157174948.16
2016-10-17,161784142.02
2016-10-18,184369643.84
2016-10-19,190275421.3
2016-10-20,192263169.67
2016-10-21,193451077.57
2016-10-22,183987364.21
2016-10-23,163297967.5
2016-10-24,186616343.08
2016-10-25,186802677.45
2016-10-26,185340495.58
2016-10-27,187362671.61
2016-10-28,187346976.57
2016-10-29,174657237.68
2016-10-30,158784236.92
2016-10-31,183353152.67
2016-11-01,184574290.47
2016-11-02,183215126.74
2016-11-03,186978660.09
2016-11-04,188170192.43
2016-11-05,177711467.09
2016-11-06,158152236.59
2016-11-07,159716498.12
2016-11-08,184739574.3
2016-11-09,191932708.47
2016-11-10,193466263.41
2016-11-11,188646702.31
2016-11-12,178341778.75
2016-11-13,160514325.67
2016-11-14,162635435.0
2016-11-15,183309349.44
2016-11-16,187265262.39
2016-11-17,188874801.71
2016-11-18,189428287.14
2016-11-19,178579610.21
2016-11-20,156172594.43
2016-11-21,185182553.36
2016-11-22,189091943.56
2016-11-23,190234276.58
2016-11-24,192444237.91
2016-11-25,190372538.41
2016-11-26,179603342.35
2016-11-27,159826897.42
2016-11-28,184860130.33
2016-11-29,185951919.38
2016-11-30,188495354.28
2016-12-01,188188476.9
2016-12-02,186313700.69
2016-12-03,174295337.83
2016-12-04,159770897.38
2016-12-05,185300376.59
2016-12-06,189232375.37
2016-12-07,187863079.28
2016-12-08,167517585.32
2016-12-09,185739685.07
2016-12-10,178311009.19
2016-12-11,162655039.77
2016-12-12,188598453.62
2016-12-13,190598036.68
2016-12-14,193344712.66
2016-12-15,193853083.62
2016-12-16,191609012.49
2016-12-17,178982927.29
2016-12-18,163915476.11
2016-12-19,187546480.91
2016-12-20,187973415.55
2016-12-21,184721008.73
2016-12-22,184330955.53
2016-12-23,181611215.7
2016-12-24,163499585.45
2016-12-25,145859102.42
2016-12-26,174700683.96
2016-12-27,179090486.59
2016-12-28,180376020.87
2016-12-29,180015488.69
2016-12-30,174532412.82
2016-12-31,157634868.77
2017-01-01,139436497.67
2017-01-02,163705691.66
2017-01-03,174789369.69
2017-01-04,177216280.91
2017-01-05,177468401.18
2017-01-06,178746128.44
2017-01-07,171611350.43
2017-01-08,154409192.39
2017-01-09,154437184.49
2017-01-10,176844077.59
2017-01-11,180220035.33
2017-01-12,181888938.04
2017-01-13,182368547.46
2017-01-14,172553254.45
2017-01-15,154493265.44
2017-01-16,179771409.58
2017-01-17,183352154.54
2017-01-18,181450395.78
2017-01-19,183177483.15
2017-01-20,185417476.35
2017-01-21,174773085.36
2017-01-22,155956086.43
2017-01-23,180737262.85
2017-01-24,184601866.43
2017-01-25,186101465.16
2017-01-26,187663795.61
2017-01-27,188964953.77
2017-01-28,178606288.52
2017-01-29,162823531.63
2017-01-30,186650605.85
2017-01-31,187896558.52
2017-02-01,188245564.3
2017-02-02,190172644.45
2017-02-03,190260698.14
2017-02-04,181772647.35
2017-02-05,164925332.59
2017-02-06,190060700.37
2017-02-07,193815406.66
2017-02-08,195590109.99
2017-02-09,195571292.54
2017-02-10,192352764.61
2017-02-11,180098752.93
2017-02-12,163145845.82
2017-02-13,188235997.09
2017-02-14,189321758.65
2017-02-15,190549355.68
2017-02-16,192612019.63
2017-02-17,190278590.49
2017-02-18,180795236.85
2017-02-19,164731901.95
2017-02-20,189557828.0
2017-02-21,191690385.56
2017-02-22,190378013.55
2017-02-23,190601330.11
2017-02-24,191215096.27
2017-02-25,180751034.63
2017-02-26,161520369.89
2017-02-27,183774038.2
2017-02-28,186545141.68
2017-03-01,187504803.29
2017-03-02,189548887.29
2017-03-03,190361758.41
2017-03-04,177732821.29
2017-03-05,161458652.79
2017-03-06,186802766.73
2017-03-07,187494455.31
2017-03-08,184432331.41
2017-03-09,186639238.86
2017-03-10,187236750.55
2017-03-11,178476013.3
2017-03-12,156677367.74
2017-03-13,182301309.17
2017-03-14,185514548.91
2017-03-15,184730200.32
2017-03-16,186730823.05
2017-03-17,188940313.07
2017-03-18,178549426.44
2017-03-19,157387160.67
2017-03-20,160384700.73
2017-03-21,186138273.15
2017-03-22,188304972.36
2017-03-23,185455914.23
2017-03-24,183809675.48
2017-03-25,177686415.22
2017-03-26,157987167.95
2017-03-27,183824208.99
2017-03-28,188581518.23
2017-03-29,187006916.7
2017-03-30,185785916.25
2017-03-31,184270895.25
2017-04-01,176569713.04
2017-04-02,162597844.3
2017-04-03,189805549.62
2017-04-04,193251335.41
2017-04-05,195190480.63
2017-04-06,196176416.06
2017-04-07,196378334.46
2017-04-08,185609844.16
2017-04-09,165295940.17
2017-04-10,185238277.05
2017-04-11,187427804.63
2017-04-12,183593271.59
2017-04-13,159228787.33
2017-04-14,148456545.23
2017-04-15,161754990.9
2017-04-16,159429852.6
2017-04-17,185081349.17
2017-04-18,192222963.59
2017-04-19,189281581.07
2017-04-20,185905612.92
2017-04-21,188378412.65
2017-04-22,184513869.35
2017-04-23,168644303.48
2017-04-24,190404077.46
2017-04-25,192802757.23
2017-04-26,190764639.23
2017-04-27,193906338.64
2017-04-28,195594546.93
2017-04-29,185439915.1
2017-04-30,162286730.55
2017-05-01,162163179.82
2017-05-02,186459655.84
2017-05-03,189598808.26
2017-05-04,193683034.97
2017-05-05,192208896.32
2017-05-06,179602302.57
2017-05-07,160454276.39
2017-05-08,183994707.17
2017-05-09,186049402.9
2017-05-10,186002243.59
2017-05-11,185908351.04
2017-05-12,184681720.5
2017-05-13,178499814.43
2017-05-14,159402557.27
2017-05-15,186118853.47
2017-05-16,187862881.99
2017-05-17,189787210.57
2017-05-18,192848382.78
2017-05-19,196112790.56
2017-05-20,184054613.44
2017-05-21,165093781.63
2017-05-22,187665234.89
2017-05-23,191365568.39
2017-05-24,193710864.72
2017-05-25,196526359.29
2017-05-26,194110772.18
2017-05-27,182132174.08
2017-05-28,162627417.37
2017-05-29,162744996.15
2017-05-30,188784771.97
2017-05-31,191655510.34
2017-06-01,191049455.38
2017-06-02,194432070.35
2017-06-03,186906489.67
2017-06-04,167919394.63
2017-06-05,190528546.97
2017-06-06,194717250.25
2017-06-07,193039270.76
2017-06-08,188061179.06
2017-06-09,189810823.14
2017-06-10,184453335.34
2017-06-11,166418914.92
2017-06-12,185147861.89
2017-06-13,187077478.53
2017-06-14,189039380.92
2017-06-15,186963840.68
2017-06-16,189234461.77
2017-06-17,178300334.97
2017-06-18,156750861.79
2017-06-19,160254582.04
2017-06-20,186131736.79
2017-06-21,185746444.11
2017-06-22,188600634.09
2017-06-23,189642728.35
2017-06-24,181699855.32
2017-06-25,161206456.14
2017-06-26,161289392.95
2017-06-27,186574456.3
2017-06-28,190011918.65
2017-06-29,191443974.1
2017-06-30,190413921.92
2017-07-01,180967054.32
2017-07-02,161607183.99
2017-07-03,158537732.37
2017-07-04,186284974.02
2017-07-05,188961389.55
2017-07-06,189285937.59
2017-07-07,193105617.62
2017-07-08,184297605.43
2017-07-09,165302375.27
2017-07-10,190769675.88
2017-07-11,190015275.02
2017-07-12,185507123.9
2017-07-13,190513044.65
2017-07-14,191269626.5
2017-07-15,179963227.27
2017-07-16,159828027.66
2017-07-17,188089578.62
2017-07-18,192432627.36
2017-07-19,190259422.09
2017-07-20,167859557.6
2017-07-21,186508032.96
2017-07-22,181909229.91
2017-07-23,164038238.47
2017-07-24,192482219.46
2017-07-25,194133947.97
2017-07-26,193687260.41
2017-07-27,195468507.83
2017-07-28,194348789.68
2017-07-29,183647097.31
2017-07-30,161944589.98
2017-07-31,181985548.37
2017-08-01,186983236.72
2017-08-02,191801725.27
2017-08-03,195905010.27
2017-08-04,192175503.23
2017-08-05,178990959.11
2017-08-06,163651589.01
2017-08-07,169151898.75
2017-08-08,194457529.42
2017-08-09,192222291.06
2017-08-10,192151930.98
2017-08-11,192622644.59
2017-08-12,181626417.84
2017-08-13,165317655.11
2017-08-14,193964723.27
2017-08-15,197388542.39
2017-08-16,193851582.42
2017-08-17,198289105.73
2017-08-18,197539198.07
2017-08-19,183173472.67
2017-08-20,161516954.78
2017-08-21,164862519.82
2017-08-22,190941913.89
2017-08-23,192943466.51
2017-08-24,192062772.98
2017-08-25,192548802.3
2017-08-26,183877469.26
2017-08-27,165886212.55
2017-08-28,189057627.43
2017-08-29,190662724.53
2017-08-30,190895009.42
2017-08-31,192798974.26
2017-09-01,194972503.16
2017-09-02,186164762.94
2017-09-03,165691847.49
2017-09-04,193267256.93
2017-09-05,196535470.46
2017-09-06,195867914.06
2017-09-07,192821553.62
2017-09-08,189508960.47
2017-09-09,176490803.09
2017-09-10,159909974.64
2017-09-11,188432491.1
2017-09-12,193075543.35
2017-09-13,192540271.4
2017-09-14,193207633.04
2017-09-15,193736421.07
2017-09-16,185141061.86
2017-09-17,161427759.14
2017-09-18,188976343.15
2017-09-19,194252416.87
2017-09-20,196671463.47
2017-09-21,197009019.22
2017-09-22,196814168.53
2017-09-23,183565087.81
2017-09-24,166287353.22
2017-09-25,190124381.57
2017-09-26,192214632.08
2017-09-27,195598050.52
2017-09-28,193624211.87
2017-09-29,191150116.93
2017-09-30,178499551.35
2017-10-01,161490152.51
2017-10-02,186530235.29
2017-10-03,190188440.99
2017-10-04,187698153.26
2017-10-05,186684500.71
2017-10-06,186473702.33
2017-10-07,181180530.24
2017-10-08,166653153.27
2017-10-09,190037803.89
2017-10-10,193142492.88
2017-10-11,191911479.55
2017-10-12,195123519.98
2017-10-13,196421746.96
2017-10-14,184362719.79
2017-10-15,164654428.07
2017-10-16,171836302.14
2017-10-17,198427889.13
2017-10-18,200785868.68
2017-10-19,199088555.26
2017-10-20,199889336.56
2017-10-21,189299802.04
2017-10-22,166748594.65
2017-10-23,188900787.26
2017-10-24,189457072.2
2017-10-25,188446820.06
2017-10-26,189745194.56
2017-10-27,189380487.97
2017-10-28,178231985.96
2017-10-29,157773302.41
2017-10-30,183622151.49
2017-10-31,186158211.09
2017-11-01,189833960.04
2017-11-02,193261215.66
2017-11-03,193461394.21
2017-11-04,182696844.08
2017-11-05,161990186.53
2017-11-06,164935337.08
2017-11-07,190120192.69
2017-11-08,191909410.11
2017-11-09,191870131.85
2017-11-10,192299836.54
2017-11-11,182445231.51
2017-11-12,164966476.55
2017-11-13,169244791.27
2017-11-14,188643864.88
2017-11-15,188252921.13
2017-11-16,191103695.68
2017-11-17,190911307.0
2017-11-18,179342439.57
2017-11-19,162100797.4
2017-11-20,188245074.96
2017-11-21,192798568.25
2017-11-22,193669624.45
2017-11-23,194887236.28
2017-11-24,193268911.87
2017-11-25,183778453.3
2017-11-26,167933854.04
2017-11-27,195011230.05
2017-11-28,197276440.55
2017-11-29,198385128.91
2017-11-30,198102724.88
2017-12-01,193867755.62
2017-12-02,184410423.48
2017-12-03,167347997.76
2017-12-04,193020683.37
2017-12-05,196944345.6
2017-12-06,197102035.16
2017-12-07,195157628.45
2017-12-08,173667318.41
2017-12-09,179626389.69
2017-12-10,167235973.82
2017-12-11,190846461.86
2017-12-12,192678162.97
2017-12-13,190813959.71
2017-12-14,193025223.99
2017-12-15,193830392.88
2017-12-16,183468074.43
2017-12-17,166920144.58
2017-12-18,191051822.6
2017-12-19,194905297.67
2017-12-20,194270481.08
2017-12-21,194812145.31
2017-12-22,192144587.11
2017-12-23,180864559.69
2017-12-24,162496294.44
2017-12-25,149592028.02
2017-12-26,179631414.31
2017-12-27,183483662.05
2017-12-28,183511898.83
2017-12-29,180374845.74
2017-12-30,169260812.15
2017-12-31,155203676.64
2018-01-01,139833781.18
2018-01-02,163233839.1
2018-01-03,173741589.65
2018-01-04,178113406.47
2018-01-05,180863676.26
2018-01-06,173082407.05
2018-01-07,158041957.03
2018-01-08,161586254.95
2018-01-09,181733238.74
2018-01-10,183708309.78
2018-01-11,188315713.26
2018-01-12,188678035.28
2018-01-13,178845517.23
2018-01-14,163656338.8
2018-01-15,187413460.73
2018-01-16,189488797.71
2018-01-17,189486617.53
2018-01-18,188881551.55
2018-01-19,191043918.09
2018-01-20,182522767.86
2018-01-21,165617985.15
2018-01-22,191494032.27
2018-01-23,194183295.25
2018-01-24,193277817.95
2018-01-25,195085926.78
2018-01-26,195243150.9
2018-01-27,185789762.12
2018-01-28,167495642.28
2018-01-29,194175053.62
2018-01-30,196781820.68
2018-01-31,197163419.17
2018-02-01,195841302.23
2018-02-02,194678078.57
2018-02-03,183889868.47
2018-02-04,165716754.15
2018-02-05,189024891.75
2018-02-06,192691747.03
2018-02-07,193863284.68
2018-02-08,195208520.51
2018-02-09,194976959.63
2018-02-10,184091799.81
2018-02-11,166997955.34
2018-02-12,188740249.28
2018-02-13,189781110.12
2018-02-14,191318554.8
2018-02-15,191593796.19
2018-02-16,194239229.47
2018-02-17,185168276.17
2018-02-18,166743329.98
2018-02-19,190075440.91
2018-02-20,192667872.12
2018-02-21,193511465.25
2018-02-22,191880099.49
2018-02-23,191109693.77
2018-02-24,180696271.96
2018-02-25,164069841.6
2018-02-26,188796144.96
2018-02-27,191470782.85
2018-02-28,190356916.18
2018-03-01,191669193.39
2018-03-02,192232319.16
2018-03-03,183070907.44
2018-03-04,164854108.96
2018-03-05,187460417.77
2018-03-06,190109416.95
2018-03-07,194625038.65
2018-03-08,195667524.86
2018-03-09,197501739.03
2018-03-10,189129927.67
2018-03-11,169828653.19
2018-03-12,198047441.18
2018-03-13,201763459.6
2018-03-14,202185847.78
2018-03-15,200732531.98
2018-03-16,200736742.44
2018-03-17,190721949.74
2018-03-18,170788551.04
2018-03-19,172841151.62
2018-03-20,194846697.16
2018-03-21,197113766.96
2018-03-22,198245113.65
2018-03-23,198174680.43
2018-03-24,185106110.27
2018-03-25,170159785.5
2018-03-26,193279883.46
2018-03-27,194349252.56
2018-03-28,188145520.84
2018-03-29,162415445.61
2018-03-30,151598397.94
2018-03-31,162844723.71
2018-04-01,157121781.52
2018-04-02,185720026.4
2018-04-03,188910504.97
2018-04-04,191176857.81
2018-04-05,191072434.29
2018-04-06,188945482.64
2018-04-07,182846650.04
2018-04-08,167443149.68
2018-04-09,191807747.56
2018-04-10,192362871.49
2018-04-11,190616613.62
2018-04-12,191765548.04
2018-04-13,193333689.0
2018-04-14,184500534.17
2018-04-15,167648823.07
2018-04-16,193214948.46
2018-04-17,192804851.81
2018-04-18,195442255.52
2018-04-19,195689134.48
2018-04-20,193369338.18
2018-04-21,185759317.97
2018-04-22,167712221.24
2018-04-23,193966203.95
2018-04-24,196663805.1
2018-04-25,197356321.9
2018-04-26,197831296.12
2018-04-27,193113949.93
2018-04-28,185179824.39
2018-04-29,165235563.43
2018-04-30,188693125.79
2018-05-01,171169821.53
2018-05-02,193694397.45
2018-05-03,196710325.79
2018-05-04,192687823.7
2018-05-05,184524590.8
2018-05-06,167273570.19
2018-05-07,190382089.98
2018-05-08,189359138.03
2018-05-09,190878112.01
2018-05-10,193543701.72
2018-05-11,194477138.6
2018-05-12,186612833.26
2018-05-13,161814822.17
2018-05-14,163336150.72
2018-05-15,188675049.33
2018-05-16,195034026.19
2018-05-17,197131114.09
2018-05-18,195185433.96
2018-05-19,184366541.32
2018-05-20,166860224.92
2018-05-21,188630215.39
2018-05-22,193368236.62
2018-05-23,194129198.15
2018-05-24,194060433.54
2018-05-25,196588853.41
2018-05-26,185553377.21
2018-05-27,164390349.84
2018-05-28,189446023.86
2018-05-29,194965839.81
2018-05-30,196418856.87
2018-05-31,197848081.42
2018-06-01,195401780.25
2018-06-02,185142023.24
2018-06-03,168235813.08
2018-06-04,172174074.55
2018-06-05,195790626.67
2018-06-06,199455294.67
2018-06-07,200901704.38
2018-06-08,202741105.87
2018-06-09,191886897.62
2018-06-10,169397492.56
2018-06-11,169807660.46
2018-06-12,194671571.05
2018-06-13,200079420.62
2018-06-14,198128782.64
2018-06-15,197051082.18
2018-06-16,189696691.97
2018-06-17,171129239.3
2018-06-18,194955820.4
2018-06-19,195476291.67
2018-06-20,194844192.43
2018-06-21,194692455.85
2018-06-22,197580030.07
2018-06-23,188191759.5
2018-06-24,169002218.19
2018-06-25,192937338.97
2018-06-26,197222084.68
2018-06-27,196455155.41
2018-06-28,195433459.65
2018-06-29,194226809.48
2018-06-30,184231306.58
2018-07-01,162972812.77
2018-07-02,165417076.84
2018-07-03,186812705.25
2018-07-04,193725995.11
2018-07-05,197094526.52
2018-07-06,198277717.24
2018-07-07,188964418.33
2018-07-08,171488046.46
2018-07-09,197252447.39
2018-07-10,200082911.98
2018-07-11,199875119.58
2018-07-12,202182092.25
2018-07-13,203634042.21
2018-07-14,192953568.19
2018-07-15,174867604.61
2018-07-16,197150521.63
2018-07-17,199822340.69
2018-07-18,200361112.72
2018-07-19,202050595.06
2018-07-20,183803701.7
2018-07-21,187125972.53
2018-07-22,171067309.43
2018-07-23,196607103.08
2018-07-24,196948524.69
2018-07-25,198539932.38
2018-07-26,200415371.59
2018-07-27,197751875.82
2018-07-28,190530494.71
2018-07-29,172406542.64
2018-07-30,195662094.07
2018-07-31,192470291.53
2018-08-01,195163839.06
2018-08-02,198344085.26
2018-08-03,198050320.3
2018-08-04,188344469.33
2018-08-05,168993874.26
2018-08-06,192258717.94
2018-08-07,180437240.13
2018-08-08,201661754.25
2018-08-09,203923686.0
2018-08-10,203066989.22
2018-08-11,194256419.34
2018-08-12,176990818.27
2018-08-13,201759669.44
2018-08-14,199015799.18
2018-08-15,192596713.49
2018-08-16,199186161.07
2018-08-17,202700291.63
2018-08-18,192679138.2
2018-08-19,169718497.47
2018-08-20,175321385.38
2018-08-21,201047819.78
2018-08-22,203311419.2
2018-08-23,202144779.45
2018-08-24,201676118.28
2018-08-25,194150349.14
2018-08-26,172475774.14
2018-08-27,197986968.83
2018-08-28,202544022.67
2018-08-29,202951137.23
2018-08-30,202231381.68
2018-08-31,203765437.93
2018-09-01,193563315.49
2018-09-02,174608488.24
2018-09-03,199887410.83
2018-09-04,199933636.08
2018-09-05,198684043.54
2018-09-06,196888936.01
2018-09-07,197434647.97
2018-09-08,190243872.66
2018-09-09,173400899.01
2018-09-10,199185125.37
2018-09-11,201910992.7
2018-09-12,202735051.59
2018-09-13,201327806.47
2018-09-14,199249773.73
2018-09-15,187535549.85
2018-09-16,164827048.82
2018-09-17,193203462.05
2018-09-18,201425741.81
2018-09-19,202312173.52
2018-09-20,202852092.72
2018-09-21,205878217.41
2018-09-22,192979465.56
2018-09-23,174568087.93
2018-09-24,197512078.38
2018-09-25,201616689.83
2018-09-26,200509247.46
2018-09-27,198114009.85
2018-09-28,198093552.08
2018-09-29,190462932.88
2018-09-30,172245153.61
2018-10-01,196172759.93
2018-10-02,198243802.94
2018-10-03,196939024.52
2018-10-04,196074040.78
2018-10-05,196017324.53
2018-10-06,183912982.46
2018-10-07,168394452.33
2018-10-08,194361889.77
2018-10-09,194369923.55
2018-10-10,194434104.84
2018-10-11,192392540.53
2018-10-12,193852731.46
2018-10-13,185909555.93
2018-10-14,167359012.24
2018-10-15,171784458.62
2018-10-16,195851361.4
2018-10-17,199912201.82
2018-10-18,201057569.48
2018-10-19,198842502.01
2018-10-20,190060645.79
2018-10-21,170258969.08
2018-10-22,192038788.08
2018-10-23,195134496.02
2018-10-24,195867935.82
2018-10-25,199901287.12
2018-10-26,200370047.55
2018-10-27,192366101.46
2018-10-28,174194895.85
2018-10-29,197325366.31
2018-10-30,200497525.45
2018-10-31,199797393.24
2018-11-01,201559522.32
2018-11-02,196850034.24
2018-11-03,187119518.35
2018-11-04,167740186.33
2018-11-05,169648331.86
2018-11-06,194077466.64
2018-11-07,198566234.86
2018-11-08,201998431.47
2018-11-09,199619069.84
2018-11-10,191425769.58
2018-11-11,172968567.31
2018-11-12,176906054.86
2018-11-13,198928761.71
2018-11-14,199844644.94
2018-11-15,202030808.54
2018-11-16,204093981.19
2018-11-17,195779651.15
2018-11-18,177130850.1
2018-11-19,199520994.46
2018-11-20,202701358.91
2018-11-21,202082463.49
2018-11-22,202859440.7
2018-11-23,202939551.14
2018-11-24,193750631.15
2018-11-25,177096196.57
2018-11-26,200999392.01
2018-11-27,199864181.31
2018-11-28,199539390.29
2018-11-29,200708954.51
2018-11-30,200903223.83
2018-12-01,190045357.33
2018-12-02,173981639.25
2018-12-03,199380182.93
2018-12-04,201483846.22
2018-12-05,199764846.43
2018-12-06,199347208.24
2018-12-07,197856751.1
2018-12-08,179880619.21
2018-12-09,174803145.74
2018-12-10,200625860.97
2018-12-11,204261650.67
2018-12-12,204517622.84
2018-12-13,204564421.3
2018-12-14,202770112.1
2018-12-15,191235106.36
2018-12-16,175454217.8
2018-12-17,197755032.9
2018-12-18,201414640.55
2018-12-19,201009973.03
2018-12-20,200227345.13
2018-12-21,197692767.13
2018-12-22,187498723.8
2018-12-23,172157633.28
2018-12-24,174219323.7
2018-12-25,155064890.18
2018-12-26,185263896.67
2018-12-27,191087630.16
2018-12-28,190577913.74
2018-12-29,182453693.05
2018-12-30,168313898.53
2018-12-31,167426419.1
2019-01-01,147133355.57
2019-01-02,175004542.39
2019-01-03,185494839.04
2019-01-04,189627672.85
2019-01-05,183584870.45
2019-01-06,167766365.43
2019-01-07,167915875.89
2019-01-08,189410656.41
2019-01-09,188327619.12
2019-01-10,188454727.05
2019-01-11,190028692.68
2019-01-12,183886497.67
2019-01-13,168124009.02
2019-01-14,190301110.02
2019-01-15,193198351.39
2019-01-16,195237361.1
2019-01-17,198415520.45
2019-01-18,198577418.96
2019-01-19,189887632.39
2019-01-20,171033502.41
2019-01-21,194918497.74
2019-01-22,197327984.84
2019-01-23,199615829.07
2019-01-24,203029009.86
2019-01-25,204192014.62
2019-01-26,193698698.77
2019-01-27,175877172.19
2019-01-28,199164873.94
2019-01-29,200792064.57
2019-01-30,201262471.2
2019-01-31,201136882.79
2019-02-01,200288675.7
2019-02-02,191342168.14
2019-02-03,173291149.7
2019-02-04,200324736.74
2019-02-05,203684273.1
2019-02-06,204270493.48
2019-02-07,204702310.66
2019-02-08,202217618.23
2019-02-09,191508346.58
2019-02-10,173102996.62
2019-02-11,199998844.17
2019-02-12,202830663.81
2019-02-13,205016817.82
2019-02-14,205678727.75
2019-02-15,207081452.37
2019-02-16,197037098.91
2019-02-17,177389653.3
2019-02-18,200613198.42
2019-02-19,200078566.04
2019-02-20,198995755.53
2019-02-21,200314595.41
2019-02-22,202472145.64
2019-02-23,193561455.97
2019-02-24,173681316.02
2019-02-25,197063049.8
2019-02-26,199887911.78
2019-02-27,201149467.51
2019-02-28,201587794.99
2019-03-01,202355216.04
2019-03-02,190578025.83
2019-03-03,172168107.59
2019-03-04,198481327.42
2019-03-05,200837292.08
2019-03-06,203799254.86
2019-03-07,202492114.3
2019-03-08,202800092.37
2019-03-09,194578311.82
2019-03-10,174381440.92
2019-03-11,196239774.26
2019-03-12,198907869.78
2019-03-13,200353655.91
2019-03-14,201423686.58
2019-03-15,201521863.92
2019-03-16,192820802.24
2019-03-17,174616123.84
2019-03-18,198145074.03
2019-03-19,197896817.23
2019-03-20,200859177.11
2019-03-21,200875291.58
2019-03-22,200148787.23
2019-03-23,190078873.57
2019-03-24,172620213.46
2019-03-25,176491787.35
2019-03-26,200967125.54
2019-03-27,202966371.94
2019-03-28,204462617.1
2019-03-29,199696521.46
2019-03-30,192060740.31
2019-03-31,176550362.42
2019-04-01,196355442.77
2019-04-02,198008130.42
2019-04-03,199929430.47
2019-04-04,202136750.82
2019-04-05,203106005.41
2019-04-06,193351005.82
2019-04-07,177624543.84
2019-04-08,201372818.41
2019-04-09,205044415.57
2019-04-10,203953714.73
2019-04-11,204174565.76
2019-04-12,205950546.09
2019-04-13,197234504.68
2019-04-14,181216933.44
2019-04-15,199388394.03
2019-04-16,201191844.17
2019-04-17,197616181.26
2019-04-18,170535233.77
2019-04-19,163123908.65
2019-04-20,172225637.12
2019-04-21,169218193.58
2019-04-22,194223462.46
2019-04-23,200521306.69
2019-04-24,201372786.42
2019-04-25,203195126.1
2019-04-26,205697928.13
2019-04-27,196462319.9
2019-04-28,179851564.29
2019-04-29,204429977.69
2019-04-30,206638533.71
2019-05-01,187297251.34
2019-05-02,206790866.23
2019-05-03,208768928.38
2019-05-04,199124668.65
2019-05-05,180691986.75
2019-05-06,207613663.26
2019-05-07,210087973.85
2019-05-08,205066083.34
2019-05-09,200326777.85
2019-05-10,197924357.55
2019-05-11,190353058.2
2019-05-12,172057186.25
2019-05-13,200974061.58
2019-05-14,203980545.69
2019-05-15,202863132.64
2019-05-16,204789927.38
2019-05-17,205381272.18
2019-05-18,194201482.26
2019-05-19,174013519.51
2019-05-20,198307879.42
2019-05-21,200045249.39
2019-05-22,203371262.57
2019-05-23,199932845.92
2019-05-24,201025312.76
2019-05-25,190310845.75
2019-05-26,171503932.94
2019-05-27,195458150.58
2019-05-28,197253372.17
2019-05-29,199680264.87
2019-05-30,197541927.91
2019-05-31,197676636.84
2019-06-01,186822629.65
2019-06-02,170998373.54
2019-06-03,176095381.28
2019-06-04,201511067.73
2019-06-05,204925640.85
2019-06-06,201361130.84
2019-06-07,197591988.16
2019-06-08,192265314.81
2019-06-09,178736865.01
2019-06-10,200554912.66
2019-06-11,201878237.18
2019-06-12,202421604.02
2019-06-13,205362545.67
2019-06-14,206589509.14
2019-06-15,196939984.04
2019-06-16,175344888.32
2019-06-17,204238280.14
2019-06-18,210424346.25
2019-06-19,209727640.34
2019-06-20,208727700.88
2019-06-21,208968842.12
2019-06-22,198488169.15
2019-06-23,178334163.49
2019-06-24,177027729.17
2019-06-25,196859769.3
2019-06-26,204199917.0
2019-06-27,208350834.6
2019-06-28,207564665.28
2019-06-29,195401557.14
2019-06-30,175052604.97
2019-07-01,175750068.97
2019-07-02,197546506.38
2019-07-03,202937679.08
2019-07-04,203553822.08
2019-07-05,205050426.19
2019-07-06,196700778.02
2019-07-07,178606623.91
2019-07-08,199218290.42
2019-07-09,199077864.6
2019-07-10,203542278.78
2019-07-11,204078549.05
2019-07-12,205560467.85
2019-07-13,195154165.28
2019-07-14,176739907.3
2019-07-15,198637166.68
2019-07-16,202450815.42
2019-07-17,204082072.43
2019-07-18,207861272.49
2019-07-19,207750465.12
2019-07-20,188834280.65
2019-07-21,179558346.46
2019-07-22,205816002.41
2019-07-23,202291906.96
2019-07-24,203730659.96
2019-07-25,204091210.24
2019-07-26,203659885.8
2019-07-27,195422634.23
2019-07-28,179305328.78
2019-07-29,204429011.73
2019-07-30,207032455.36
2019-07-31,208346126.09
2019-08-01,206039731.09
2019-08-02,208682379.65
2019-08-03,197041189.29
2019-08-04,178036141.85
2019-08-05,202087107.31
2019-08-06,206274827.93
2019-08-07,188665087.86
2019-08-08,207479080.36
2019-08-09,210667681.05
2019-08-10,201771778.12
2019-08-11,183609878.11
2019-08-12,210381458.73
2019-08-13,213164927.44
2019-08-14,208882917.84
2019-08-15,206211662.76
2019-08-16,200321463.05
2019-08-17,191744510.02
2019-08-18,176657582.05
2019-08-19,181355442.91
2019-08-20,203505837.12
2019-08-21,208903397.66
2019-08-22,211938025.63
2019-08-23,212354030.6
2019-08-24,200305316.63
2019-08-25,180507972.9
2019-08-26,210039435.01
2019-08-27,213970412.07
2019-08-28,209777916.98
2019-08-29,210325019.57
2019-08-30,213119966.95
2019-08-31,202976186.18
2019-09-01,181258097.1
2019-09-02,203242922.57
2019-09-03,205908472.85
2019-09-04,210774556.16
2019-09-05,211949251.39
2019-09-06,209926617.0
2019-09-07,203125606.18
2019-09-08,182702235.97
2019-09-09,210691586.11
2019-09-10,215909149.99
2019-09-11,217020823.3
2019-09-12,214161921.62
2019-09-13,214302484.29
2019-09-14,203348551.87
2019-09-15,184427845.57
2019-09-16,208613132.23
2019-09-17,208523574.16
2019-09-18,205429319.24
2019-09-19,199521521.2
2019-09-20,200324793.65
2019-09-21,188812499.0
2019-09-22,174812126.45
2019-09-23,199937573.4
2019-09-24,202781037.25
2019-09-25,205433183.56
2019-09-26,203399180.21
2019-09-27,206095553.87
2019-09-28,199171719.33
2019-09-29,178081305.48
2019-09-30,200457769.97
2019-10-01,199923414.65
2019-10-02,201855314.52
2019-10-03,199821039.99
2019-10-04,201796897.9
2019-10-05,194509493.08
2019-10-06,175991143.83
2019-10-07,200660635.37
2019-10-08,203527884.52
2019-10-09,201456228.43
2019-10-10,201988138.38
2019-10-11,200432561.79
2019-10-12,190680290.93
2019-10-13,173369680.92
2019-10-14,176527088.96
2019-10-15,201844408.24
2019-10-16,202267655.53
2019-10-17,202103709.67
2019-10-18,202444909.15
2019-10-19,191781300.89
2019-10-20,175036801.48
2019-10-21,197814412.44
2019-10-22,198961804.6
2019-10-23,200100031.09
2019-10-24,200214284.5
2019-10-25,202518268.35
2019-10-26,195479700.28
2019-10-27,174457432.01
2019-10-28,203735993.88
2019-10-29,208345606.77
2019-10-30,207834547.5
2019-10-31,204958196.92
2019-11-01,205763109.67
2019-11-02,195034480.66
2019-11-03,177959481.79
2019-11-04,182135003.03
2019-11-05,202910386.98
2019-11-06,205979640.85
2019-11-07,206615757.13
2019-11-08,210636936.2
2019-11-09,198532699.99
2019-11-10,179749509.69
2019-11-11,181532319.26
2019-11-12,202736124.11
2019-11-13,201937937.35
2019-11-14,203541561.46
2019-11-15,205056865.47
2019-11-16,195847851.06
2019-11-17,180565043.21
2019-11-18,204099853.25
2019-11-19,205509152.81
2019-11-20,205713888.13
2019-11-21,198901963.15
2019-11-22,200118221.71
2019-11-23,192562334.96
2019-11-24,178616808.35
2019-11-25,206533065.2
2019-11-26,211997344.28
2019-11-27,213404322.26
2019-11-28,215155104.42
2019-11-29,210663697.24
2019-11-30,199533282.54
2019-12-01,184187658.15
2019-12-02,209994521.84
2019-12-03,213646641.26
2019-12-04,212523211.4
2019-12-05,214445638.19
2019-12-06,214735193.63
2019-12-07,200284339.12
2019-12-08,179995422.23
2019-12-09,208081151.83
2019-12-10,212006725.96
2019-12-11,211900278.22
2019-12-12,210474694.39
2019-12-13,208004824.3
2019-12-14,198120060.5
2019-12-15,183569254.65
2019-12-16,208720843.28
2019-12-17,210157079.67
2019-12-18,210313724.06
2019-12-19,211629996.64
2019-12-20,210694066.87
2019-12-21,199103246.66
2019-12-22,185926820.74
2019-12-23,203637113.28
2019-12-24,191548030.88
2019-12-25,170572418.93
2019-12-26,199421684.61
2019-12-27,200773323.53
2019-12-28,195393421.51
2019-12-29,182336925.04
2019-12-30,193351757.68
2019-12-31,177812758.45
2020-01-01,155506551.19
2020-01-02,181754934.08
2020-01-03,192032421.25
2020-01-04,188232611.46
2020-01-05,173195844.11
2020-01-06,174463788.69
2020-01-07,195751211.75
2020-01-08,200798718.57
2020-01-09,200626186.29
2020-01-10,201052946.99
2020-01-11,193696119.5
2020-01-12,178483315.58
2020-01-13,202296771.45
2020-01-14,205745862.26
2020-01-15,206766294.17
2020-01-16,208987492.68
2020-01-17,209933656.1
2020-01-18,200929424.68
2020-01-19,183115429.4
2020-01-20,207741666.88
2020-01-21,208249232.86
2020-01-22,205500422.94
2020-01-23,205344810.73
2020-01-24,208244482.99
2020-01-25,199314327.9
2020-01-26,182188427.31
2020-01-27,206926839.05
2020-01-28,209150767.47
2020-01-29,209998581.83
2020-01-30,210879364.75
2020-01-31,212383953.45
2020-02-01,204001507.25
2020-02-02,184693050.0
2020-02-03,210806879.68
2020-02-04,212116447.3
2020-02-05,212094362.96
2020-02-06,213236263.0
2020-02-07,214000672.04
2020-02-08,204151780.5
2020-02-09,183760816.65
2020-02-10,208765349.89
2020-02-11,212591294.45
2020-02-12,213899829.77
2020-02-13,215017572.9
2020-02-14,214601451.97
2020-02-15,204475214.23
2020-02-16,185556375.27
2020-02-17,211523041.36
2020-02-18,215356881.61
2020-02-19,217078889.92
2020-02-20,215988093.25
2020-02-21,214429408.99
2020-02-22,199564678.46
2020-02-23,179787218.77
2020-02-24,203266465.67
2020-02-25,207681768.88
2020-02-26,208447858.69
2020-02-27,208719084.2
2020-02-28,210395986.83
2020-02-29,201988075.55
2020-03-01,182932186.42
2020-03-02,209080625.43
2020-03-03,212751902.73
2020-03-04,215135776.65
2020-03-05,216132524.11
2020-03-06,216916220.13
2020-03-07,204165752.85
2020-03-08,182458765.69
2020-03-09,208255371.53
2020-03-10,212627388.14
2020-03-11,210061453.51
2020-03-12,211008204.95
2020-03-13,209858686.32
2020-03-14,199219726.45
2020-03-15,182316657.82
2020-03-16,206674136.34
2020-03-17,205345715.73
2020-03-18,204881483.7
2020-03-19,205747362.97
2020-03-20,191784406.21
2020-03-21,175859490.87
2020-03-22,167207727.83
2020-03-23,171057900.63
2020-03-24,179073157.14
2020-03-25,175219843.46
2020-03-26,176307149.03
2020-03-27,176227417.8
2020-03-28,172529200.33
2020-03-29,164911308.19
2020-03-30,173924828.78
2020-03-31,173287738.13
2020-04-01,171194754.25
2020-04-02,173160886.58
2020-04-03,176262300.49
2020-04-04,172757847.76
2020-04-05,166879197.69
2020-04-06,176771791.39
2020-04-07,175186781.86
2020-04-08,176585188.11
2020-04-09,165531131.11
2020-04-10,160716729.79
2020-04-11,163235634.17
2020-04-12,161131800.12
2020-04-13,173980835.78
2020-04-14,175349205.47
2020-04-15,173605879.88
2020-04-16,175402725.54
2020-04-17,177436771.99
2020-04-18,170672379.61
2020-04-19,159749694.11
2020-04-20,175712684.46
2020-04-21,176358701.62
2020-04-22,176987751.48
2020-04-23,177152632.31
2020-04-24,178330688.11
2020-04-25,174499553.92
2020-04-26,165594586.84
2020-04-27,181621093.95
2020-04-28,181818754.09
2020-04-29,183368973.11
2020-04-30,183751740.33
2020-05-01,170262403.99
2020-05-02,173299552.69
2020-05-03,164097542.6
2020-05-04,181966317.7
2020-05-05,186422548.68
2020-05-06,187943583.63
2020-05-07,187593797.69
2020-05-08,187199604.36
2020-05-09,181027861.76
2020-05-10,168946867.76
2020-05-11,188765317.75
2020-05-12,189058013.57
2020-05-13,184835252.26
2020-05-14,187588502.54
2020-05-15,188035493.36
2020-05-16,183363816.73
2020-05-17,167638948.47
2020-05-18,186571421.2
2020-05-19,186111923.44
2020-05-20,190229191.7
2020-05-21,193806593.42
2020-05-22,191652298.08
2020-05-23,184549746.47
2020-05-24,170828173.26
2020-05-25,175005482.14
2020-05-26,192707795.58
2020-05-27,188060608.1
2020-05-28,186659317.12
2020-05-29,186531641.7
2020-05-30,173867932.36
2020-05-31,157544868.07
2020-06-01,181977687.06
2020-06-02,187347171.99
2020-06-03,188381177.51
2020-06-04,192115641.71
2020-06-05,194769249.51
2020-06-06,181983135.7
2020-06-07,167937419.72
2020-06-08,191643976.46
2020-06-09,192562135.43
2020-06-10,184500846.27
2020-06-11,187362362.21
2020-06-12,188451468.59
2020-06-13,183144982.95
2020-06-14,168890982.84
2020-06-15,170564728.55
2020-06-16,192336065.07
2020-06-17,192958332.75
2020-06-18,194155257.79
2020-06-19,195398340.16
2020-06-20,186187152.22
2020-06-21,167616795.49
2020-06-22,173162162.88
2020-06-23,194400594.1
2020-06-24,194047827.66
2020-06-25,196403404.95
2020-06-26,195039452.46
2020-06-27,186769120.12
2020-06-28,168387413.25
2020-06-29,174159483.18
2020-06-30,195702409.11
2020-07-01,197539726.23
2020-07-02,194361717.93
2020-07-03,195226563.88
2020-07-04,187194407.78
2020-07-05,168362239.36
2020-07-06,193251541.01
2020-07-07,194083933.51
2020-07-08,192428742.3
2020-07-09,194923632.39
2020-07-10,198283546.6
2020-07-11,184012616.09
2020-07-12,167053729.44
2020-07-13,193704343.04
2020-07-14,195139838.04
2020-07-15,199629818.51
2020-07-16,198194100.55
2020-07-17,199074716.91
2020-07-18,190766146.87
2020-07-19,175870456.88
2020-07-20,176613450.15
2020-07-21,195274993.75
2020-07-22,195647351.03
2020-07-23,196928699.53
2020-07-24,193929979.7
2020-07-25,182462326.94
2020-07-26,170904346.19
2020-07-27,193836394.9
2020-07-28,199785826.05
2020-07-29,201458126.02
2020-07-30,200399134.56
2020-07-31,200228284.23
2020-08-01,191589967.16
2020-08-02,178505297.39
2020-08-03,198587565.82
2020-08-04,199104452.21
2020-08-05,201156317.92
2020-08-06,200773726.16
2020-08-07,187931173.8
2020-08-08,189196517.01
2020-08-09,177848895.76
2020-08-10,201237077.45
2020-08-11,204685689.03
2020-08-12,205391427.13
2020-08-13,205462088.46
2020-08-14,202430866.98
2020-08-15,192470465.74
2020-08-16,173475108.83
2020-08-17,176349929.47
2020-08-18,198428502.05
2020-08-19,198359000.39
2020-08-20,198609320.83
2020-08-21,198860956.9
2020-08-22,188714602.18
2020-08-23,170432421.67
2020-08-24,193923526.52
2020-08-25,195746300.37
2020-08-26,197118788.13
2020-08-27,199722152.9
2020-08-28,202195431.89
2020-08-29,193660876.84
2020-08-30,171856293.77
2020-08-31,196220265.36
2020-09-01,199585913.56
2020-09-02,196362645.1
2020-09-03,199896657.09
2020-09-04,200961237.27
2020-09-05,195596973.49
2020-09-06,175497617.61
2020-09-07,197852968.2
2020-09-08,196328131.78
2020-09-09,197692176.86
2020-09-10,202093205.37
2020-09-11,204861095.73
2020-09-12,196002568.09
2020-09-13,176404543.39
2020-09-14,200781316.18
2020-09-15,203735166.59
2020-09-16,197176085.12
2020-09-17,202961018.24
2020-09-18,201666723.63
2020-09-19,192272674.52
2020-09-20,173952906.13
2020-09-21,198369783.62
2020-09-22,203462592.93
2020-09-23,203999129.46
2020-09-24,199199417.47
2020-09-25,199423910.32
2020-09-26,193341882.78
2020-09-27,171881812.5
2020-09-28,197965844.04
2020-09-29,202207104.1
2020-09-30,199281090.45
2020-10-01,201980328.95
2020-10-02,202183797.25
2020-10-03,190809041.59
2020-10-04,170572102.55
2020-10-05,197022384.52
2020-10-06,200848009.7
2020-10-07,202569593.08
2020-10-08,199551784.99
2020-10-09,202992988.08
2020-10-10,196671780.6
2020-10-11,179600608.95
2020-10-12,183681179.8
2020-10-13,201212170.97
2020-10-14,202013893.28
2020-10-15,205419885.14
2020-10-16,209434542.9
2020-10-17,198349558.38
2020-10-18,176702311.33
2020-10-19,195638852.0
2020-10-20,200257954.29
2020-10-21,203685345.9
2020-10-22,206383078.29
2020-10-23,206264814.19
2020-10-24,193274108.01
2020-10-25,176075662.39
2020-10-26,202705224.69
2020-10-27,208908897.93
2020-10-28,206856495.85
2020-10-29,205887140.34
2020-10-30,205827460.48
2020-10-31,191342459.26
2020-11-01,168924100.08
2020-11-02,178076140.6
2020-11-03,202405609.74
2020-11-04,205606264.59
2020-11-05,203887605.65
2020-11-06,202469090.02
2020-11-07,194484919.03
2020-11-08,178542185.78
2020-11-09,200682172.71
2020-11-10,204521055.3
2020-11-11,202011388.72
2020-11-12,201558608.59
2020-11-13,200429274.35
2020-11-14,188162611.68
2020-11-15,173657653.4
2020-11-16,180511379.17
2020-11-17,197462347.91
2020-11-18,199106808.9
2020-11-19,201015569.04
2020-11-20,204299101.18
2020-11-21,195849719.06
2020-11-22,180302291.43
2020-11-23,205149563.88
2020-11-24,208537000.3
2020-11-25,208208569.37
2020-11-26,207106867.95
2020-11-27,204281380.92
2020-11-28,193807790.25
2020-11-29,178937201.7
2020-11-30,203778844.02
2020-12-01,205355564.8
2020-12-02,204719532.48
2020-12-03,205801778.95
2020-12-04,207230898.05
2020-12-05,199081199.31
2020-12-06,185289242.46
2020-12-07,202265547.1
2020-12-08,187590443.01
2020-12-09,206560802.69
2020-12-10,209115220.26
2020-12-11,210250899.51
2020-12-12,200570027.18
2020-12-13,184022615.98
2020-12-14,205497538.65
2020-12-15,208242080.74
2020-12-16,209638233.87
2020-12-17,208916906.93
2020-12-18,207870244.41
2020-12-19,200225485.41
2020-12-20,184089631.51
2020-12-21,205404536.22
2020-12-22,207202528.68
2020-12-23,205284415.6
2020-12-24,187729792.1
2020-12-25,162170065.93
2020-12-26,179413695.12
2020-12-27,175378461.57
2020-12-28,194044927.84
2020-12-29,195731416.53
2020-12-30,193231243.63
2020-12-31,176711963.29
2021-01-01,155622818.6
2021-01-02,168376857.62
2021-01-03,168100044.16
2021-01-04,189714308.11
2021-01-05,193626157.23
2021-01-06,195555485.71
2021-01-07,197060869.17
2021-01-08,194388270.37
2021-01-09,184853594.41
2021-01-10,172196967.11
2021-01-11,176172774.05
2021-01-12,196088978.67
2021-01-13,200045610.2
2021-01-14,201563946.99
2021-01-15,202307067.05
2021-01-16,193214700.99
2021-01-17,176491568.81
2021-01-18,200422740.93
2021-01-19,203036412.99
2021-01-20,203102006.8
2021-01-21,204070972.56
2021-01-22,204301826.74
2021-01-23,193899345.99
2021-01-24,176693996.47
2021-01-25,200091093.35
2021-01-26,203196820.24
2021-01-27,204440910.89
2021-01-28,204801728.1
2021-01-29,203605181.87
2021-01-30,193232010.31
2021-01-31,176608382.77
2021-02-01,202416344.93
2021-02-02,205775693.82
2021-02-03,207211999.45
2021-02-04,207876743.4
2021-02-05,209723483.05
2021-02-06,200568451.02
2021-02-07,182210368.39
2021-02-08,207136275.8
2021-02-09,208964808.6
2021-02-10,207012130.19
2021-02-11,208228919.02
2021-02-12,208183735.91
2021-02-13,199037270.7
2021-02-14,180546015.05
2021-02-15,203474190.33
2021-02-16,206492597.23
2021-02-17,205305512.37
2021-02-18,207593622.19
2021-02-19,207104276.41
2021-02-20,198876530.9
2021-02-21,180931891.32
2021-02-22,203697599.08
2021-02-23,208336278.86
2021-02-24,210670877.88
2021-02-25,211148542.02
2021-02-26,211267803.2
2021-02-27,198848883.47
2021-02-28,179343764.19
2021-03-01,201189055.44
2021-03-02,203046322.13
2021-03-03,204119680.89
2021-03-04,206369641.81
2021-03-05,207387392.26
2021-03-06,199324342.07
2021-03-07,181383354.3
2021-03-08,203168157.85
2021-03-09,206154944.43
2021-03-10,206930492.79
2021-03-11,206877695.77
2021-03-12,206129061.94
2021-03-13,197257560.55
2021-03-14,178765070.63
2021-03-15,203133468.27
2021-03-16,204231199.21
2021-03-17,206014013.82
2021-03-18,206381463.54
2021-03-19,207387936.77
2021-03-20,198023553.29
2021-03-21,181492888.11
2021-03-22,183163814.53
2021-03-23,203216767.26
2021-03-24,207519010.4
2021-03-25,209137701.8
2021-03-26,208465427.32
2021-03-27,199866343.59
2021-03-28,183456152.28
2021-03-29,206944701.94
2021-03-30,210748059.86
2021-03-31,206016833.17
2021-04-01,181351143.41
2021-04-02,169135803.26
2021-04-03,179356202.3
2021-04-04,176495112.11
2021-04-05,204935608.74
2021-04-06,206925811.72
2021-04-07,205269875.53
2021-04-08,209117390.79
2021-04-09,205616858.49
2021-04-10,197370874.75
2021-04-11,184128632.37
2021-04-12,205344172.02
2021-04-13,210463984.8
2021-04-14,209213088.47
2021-04-15,209596857.87
2021-04-16,207473651.93
2021-04-17,200705790.12
2021-04-18,181776817.88
2021-04-19,208510473.68
2021-04-20,213722644.43
2021-04-21,212380121.96
2021-04-22,213599764.77
2021-04-23,211168516.13
2021-04-24,202960378.49
2021-04-25,187622482.97
2021-04-26,209814907.6
2021-04-27,207809834.56
2021-04-28,198178877.4
2021-04-29,199638655.65
2021-04-30,194741501.34
2021-05-01,177470441.84
2021-05-02,171428101.32
2021-05-03,189442795.63
2021-05-04,191277314.31
2021-05-05,188880064.78
2021-05-06,190584886.48
2021-05-07,191562918.62
2021-05-08,185939238.21
2021-05-09,172029532.0
2021-05-10,193669778.98
2021-05-11,199280953.68
2021-05-12,199616143.49
2021-05-13,203375358.15
2021-05-14,205852146.86
2021-05-15,198104379.96
2021-05-16,180287092.87
2021-05-17,181005430.56
2021-05-18,196180810.52
2021-05-19,200323013.15
2021-05-20,206197729.05
2021-05-21,208670596.58
2021-05-22,200194442.56
2021-05-23,181945993.34
2021-05-24,204743544.52
2021-05-25,206577365.2
2021-05-26,207561210.49
2021-05-27,206699850.89
2021-05-28,202515852.43
2021-05-29,193292329.01
2021-05-30,178487258.08
2021-05-31,202012868.15
2021-06-01,203329511.48
2021-06-02,204189301.45
2021-06-03,208147634.58
2021-06-04,208614763.07
2021-06-05,200509005.79
2021-06-06,181871911.53
2021-06-07,182040376.28
2021-06-08,199881776.15
2021-06-09,199734084.77
2021-06-10,203734160.87
2021-06-11,209501715.46
2021-06-12,199640355.68
2021-06-13,181285576.21
2021-06-14,184305404.04
2021-06-15,203529672.88
2021-06-16,207581585.25
2021-06-17,212360416.6
2021-06-18,209987773.67
2021-06-19,202155467.66
2021-06-20,185440619.41
2021-06-21,205323919.94
2021-06-22,207261240.3
2021-06-23,208887047.29
2021-06-24,203518670.31
2021-06-25,203418527.41
2021-06-26,195620938.51
2021-06-27,179657649.31
2021-06-28,204716834.22
2021-06-29,211403102.37
2021-06-30,210181856.85
2021-07-01,206649880.89
2021-07-02,208449778.01
2021-07-03,199097845.72
2021-07-04,177926628.9
2021-07-05,184078402.02
2021-07-06,207353774.01
2021-07-07,211823947.42
2021-07-08,212912988.34
2021-07-09,211891575.73
2021-07-10,200782299.94
2021-07-11,183934832.01
2021-07-12,209078629.39
2021-07-13,212702872.64
2021-07-14,214080432.43
2021-07-15,215900586.65
2021-07-16,215077451.23
2021-07-17,205939576.88
2021-07-18,188680256.4
2021-07-19,209704730.73
2021-07-20,199611812.13
2021-07-21,217113750.95
2021-07-22,218142224.92
2021-07-23,220189744.91
2021-07-24,205334183.04
2021-07-25,180261367.97
2021-07-26,206049207.54
2021-07-27,208530056.45
2021-07-28,210914011.08
2021-07-29,214367119.26
2021-07-30,213332166.48
2021-07-31,207235445.6
2021-08-01,189212208.16
2021-08-02,206566202.75
2021-08-03,207611489.23
2021-08-04,210219696.24
2021-08-05,214861585.25
2021-08-06,214795441.69
2021-08-07,198132492.58
2021-08-08,186927270.49
2021-08-09,212705024.13
2021-08-10,214550528.22
2021-08-11,214217646.92
2021-08-12,213862621.21
2021-08-13,213737382.0
2021-08-14,203348654.75
2021-08-15,181673831.07
2021-08-16,185973634.07
2021-08-17,205388357.92
2021-08-18,210428961.75
2021-08-19,210882429.0
2021-08-20,209005486.07
2021-08-21,202648571.37
2021-08-22,187667755.0
2021-08-23,212008423.35
2021-08-24,209694677.39
2021-08-25,208351781.02
2021-08-26,209582613.71
2021-08-27,211983308.7
2021-08-28,206110456.66
2021-08-29,189416657.25
2021-08-30,203016122.6
2021-08-31,202325261.01
2021-09-01,207282997.81
2021-09-02,215561643.69
2021-09-03,219741366.26
2021-09-04,205595662.59
2021-09-05,185107826.41
2021-09-06,206494528.98
2021-09-07,208791150.32
2021-09-08,213384299.96
2021-09-09,217138219.27
2021-09-10,219054511.19
2021-09-11,204409700.78
2021-09-12,186449436.08
2021-09-13,209722494.83
2021-09-14,213604736.45
2021-09-15,214993443.05
2021-09-16,214825059.8
2021-09-17,220133739.57
2021-09-18,211200753.69
2021-09-19,190229530.28
2021-09-20,215564271.73
2021-09-21,218058291.67
2021-09-22,215296384.08
2021-09-23,213769210.59
2021-09-24,215414960.78
2021-09-25,210055146.04
2021-09-26,193541649.07
2021-09-27,219348837.8
2021-09-28,216317552.64
2021-09-29,215329672.27
2021-09-30,211327438.7
2021-10-01,212172524.1
2021-10-02,207326727.01
2021-10-03,191603017.38
2021-10-04,216288289.43
2021-10-05,216283590.23
2021-10-06,217006428.36
2021-10-07,220475464.16
2021-10-08,220000563.16
2021-10-09,208897767.33
2021-10-10,190676130.86
2021-10-11,211916819.78
2021-10-12,217478175.23
2021-10-13,215101247.9
2021-10-14,218357220.76
2021-10-15,219366089.79
2021-10-16,204725284.09
2021-10-17,185061823.66
2021-10-18,190568230.86
2021-10-19,214173535.59
2021-10-20,216618576.12
2021-10-21,216312435.65
2021-10-22,216636978.6
2021-10-23,209579979.75
2021-10-24,191930168.2
2021-10-25,214689366.23
2021-10-26,217026756.97
2021-10-27,216368620.35
2021-10-28,218107962.43
2021-10-29,210799688.77
2021-10-30,202475949.39
2021-10-31,182058596.21
2021-11-01,184131235.84
2021-11-02,208513918.19
2021-11-03,212885839.16
2021-11-04,213170067.37
2021-11-05,218329759.98
2021-11-06,211943962.84
2021-11-07,195168730.2
2021-11-08,216251975.06
2021-11-09,217764707.7
2021-11-10,216443297.77
2021-11-11,218054909.22
2021-11-12,218503595.66
2021-11-13,208779416.06
2021-11-14,190157335.34
2021-11-15,194123324.76
2021-11-16,217188795.32
2021-11-17,218983011.35
2021-11-18,219344586.09
2021-11-19,219749558.52
2021-11-20,211407214.25
2021-11-21,193090836.84
2021-11-22,214688121.42
2021-11-23,212981372.76
2021-11-24,212952631.28
2021-11-25,212096288.26
2021-11-26,211659946.11
2021-11-27,203321490.33
2021-11-28,189743704.0
2021-11-29,212939004.1
2021-11-30,215367112.1
2021-12-01,214778468.53
2021-12-02,216453950.62
2021-12-03,219009012.49
2021-12-04,210420524.51
2021-12-05,193762619.62
2021-12-06,216744823.22
2021-12-07,216117871.22
2021-12-08,198427035.25
2021-12-09,217298717.54
2021-12-10,217112560.9
2021-12-11,206890379.2
2021-12-12,189898986.39
2021-12-13,211432546.91
2021-12-14,213909741.97
2021-12-15,217194164.01
2021-12-16,219130462.15
2021-12-17,217129783.96
2021-12-18,207433680.42
2021-12-19,192122606.91
2021-12-20,214755305.19
2021-12-21,216557741.6
2021-12-22,216461811.43
2021-12-23,213080134.82
2021-12-24,197263727.32
2021-12-25,175769793.31
2021-12-26,184367295.65
2021-12-27,208977010.39
2021-12-28,209586419.72
2021-12-29,207256813.61
2021-12-30,203614873.8
2021-12-31,186399882.01
2022-01-01,165336259.4
2022-01-02,173827993.35
2022-01-03,196037743.34
2022-01-04,202268953.5
2022-01-05,203458349.15
2022-01-06,204476066.24
2022-01-07,205311305.71
2022-01-08,199685371.62
2022-01-09,183313638.29
2022-01-10,184680174.93
2022-01-11,202950267.01
2022-01-12,207120426.61
2022-01-13,208434438.22
2022-01-14,208713703.95
2022-01-15,200750814.96
2022-01-16,187312388.38
2022-01-17,210114905.9
2022-01-18,213032447.17
2022-01-19,214180771.31
2022-01-20,215926734.11
2022-01-21,218244259.96
2022-01-22,208072350.12
2022-01-23,190127910.66
2022-01-24,213020198.39
2022-01-25,215079528.93
2022-01-26,215331663.78
2022-01-27,216269881.48
2022-01-28,216321545.8
2022-01-29,205766154.76
2022-01-30,184552458.7
2022-01-31,208188913.09
2022-02-01,213647304.04
2022-02-02,216270784.12
2022-02-03,218032400.7
2022-02-04,218325120.49
2022-02-05,206844450.53
2022-02-06,186799522.17
2022-02-07,211023797.38
2022-02-08,212276340.32
2022-02-09,212780379.29
2022-02-10,213031430.84
2022-02-11,215995023.25
2022-02-12,208769770.82
2022-02-13,191537842.09
2022-02-14,213340459.2
2022-02-15,213255339.6
2022-02-16,213718442.79
2022-02-17,217117464.51
2022-02-18,215257596.53
2022-02-19,205956913.75
2022-02-20,186987449.81
2022-02-21,211940532.58
2022-02-22,216470123.4
2022-02-23,218250212.02
2022-02-24,217909663.65
2022-02-25,217791371.64
2022-02-26,207796263.11
2022-02-27,188351506.5
2022-02-28,208874493.49
2022-03-01,212583786.53
2022-03-02,213031570.79
2022-03-03,214088116.15
2022-03-04,215628300.85
2022-03-05,207032566.02
2022-03-06,184764789.66
2022-03-07,210254180.96
2022-03-08,216013744.91
2022-03-09,215963889.09
2022-03-10,215944006.8
2022-03-11,215918602.69
2022-03-12,207050714.53
2022-03-13,186868384.65
2022-03-14,214555408.17
2022-03-15,217067724.01
2022-03-16,218784857.35
2022-03-17,218567844.1
2022-03-18,219387987.27
2022-03-19,209379118.34
2022-03-20,190225547.83
2022-03-21,193407954.04
2022-03-22,216306274.74
2022-03-23,218965698.43
2022-03-24,221903412.25
2022-03-25,222200913.84
2022-03-26,210577160.55
2022-03-27,189482117.18
2022-03-28,211456175.17
2022-03-29,214188316.02
2022-03-30,216126745.37
2022-03-31,217579422.64
2022-04-01,217029263.27
2022-04-02,209673274.76
2022-04-03,191640494.3
2022-04-04,211623895.29
2022-04-05,217393202.8
2022-04-06,221836684.05
2022-04-07,221120874.77
2022-04-08,220183699.15
2022-04-09,212850431.73
2022-04-10,196683888.78
2022-04-11,219158717.37
2022-04-12,221196526.23
2022-04-13,216989629.48
2022-04-14,193197746.76
2022-04-15,183628991.9
2022-04-16,193411744.78
2022-04-17,185701266.91
2022-04-18,212993614.1
2022-04-19,211841367.59
2022-04-20,210136620.3
2022-04-21,212409847.97
2022-04-22,212251732.89
2022-04-23,205462322.86
2022-04-24,191584382.46
2022-04-25,210924022.77
2022-04-26,215730203.08
2022-04-27,217594449.76
2022-04-28,214297414.54
2022-04-29,215185064.63
2022-04-30,208626932.08
2022-05-01,187339092.36
2022-05-02,216437780.72
2022-05-03,222838238.32
2022-05-04,225878832.99
2022-05-05,218226800.44
2022-05-06,212480683.83
2022-05-07,204774363.74
2022-05-08,188484131.46
2022-05-09,218430710.05
2022-05-10,218321308.55
2022-05-11,216143096.13
2022-05-12,218797680.71
2022-05-13,221722065.08
2022-05-14,212323944.5
2022-05-15,195427423.43
2022-05-16,218468084.84
2022-05-17,219102013.74
2022-05-18,217177494.81
2022-05-19,218124991.46
2022-05-20,219706274.78
2022-05-21,210358650.18
2022-05-22,195579752.12
2022-05-23,217187319.69
2022-05-24,220857431.78
2022-05-25,220131529.69
2022-05-26,218427209.52
2022-05-27,219331795.79
2022-05-28,210671856.48
2022-05-29,187146896.18
2022-05-30,193865221.08
2022-05-31,213862638.8
2022-06-01,215766858.92
2022-06-02,215458271.65
2022-06-03,211891069.97
2022-06-04,203915953.66
2022-06-05,186396662.43
2022-06-06,211260956.37
2022-06-07,210641554.44
2022-06-08,212109452.84
2022-06-09,214195376.72
2022-06-10,217525285.16
2022-06-11,206952207.94
2022-06-12,186874114.08
2022-06-13,211293796.78
2022-06-14,211664722.38
2022-06-15,215003951.41
2022-06-16,217078937.38
2022-06-17,215045149.56
2022-06-18,203970429.17
2022-06-19,179085673.35
2022-06-20,188938884.86
2022-06-21,211473472.86
2022-06-22,217247902.45
2022-06-23,219377958.85
2022-06-24,215152227.8
2022-06-25,203060631.79
2022-06-26,182163454.24
2022-06-27,186261976.8
2022-06-28,209599906.4
2022-06-29,214483208.52
2022-06-30,213809497.84
2022-07-01,214004989.04
2022-07-02,205838950.55
2022-07-03,187246240.59
2022-07-04,192822124.84
2022-07-05,214647532.45
2022-07-06,216948630.48
2022-07-07,219935324.62
2022-07-08,219437340.68
2022-07-09,212025801.93
2022-07-10,194900150.87
2022-07-11,215081952.31
2022-07-12,219369577.27
2022-07-13,220196475.75
2022-07-14,222225664.94
2022-07-15,222078393.8
2022-07-16,213450631.07
2022-07-17,194583517.33
2022-07-18,215698575.55
2022-07-19,220046924.66
2022-07-20,206884325.8
2022-07-21,219743646.95
2022-07-22,220760351.36
2022-07-23,210636608.99
2022-07-24,191429116.42
2022-07-25,214916266.54
2022-07-26,217316311.86
2022-07-27,218239206.06
2022-07-28,214608967.75
2022-07-29,220786351.69
2022-07-30,214496029.53
2022-07-31,194407461.2
2022-08-01,216142223.14
2022-08-02,214832093.02
2022-08-03,215838586.52
2022-08-04,219524350.27
2022-08-05,218684067.02
2022-08-06,206610709.64
2022-08-07,191165308.31
2022-08-08,218964239.2
2022-08-09,222024192.27
2022-08-10,219331098.61
2022-08-11,220586034.7
2022-08-12,221158685.01
2022-08-13,208496528.87
2022-08-14,187994941.16
2022-08-15,190695842.93
2022-08-16,213660919.15
2022-08-17,222073945.74
2022-08-18,225816800.78
2022-08-19,228621213.17
2022-08-20,216091541.84
2022-08-21,190874873.3
2022-08-22,214414890.51
2022-08-23,216970245.49
2022-08-24,221467163.73
2022-08-25,221832252.88
2022-08-26,220184628.16
2022-08-27,212094611.84
2022-08-28,193241591.0
2022-08-29,212188669.36
2022-08-30,220851807.25
2022-08-31,222051020.65
2022-09-01,218406810.79
2022-09-02,220644144.79
2022-09-03,212892169.97
2022-09-04,193343406.27
2022-09-05,219169928.03
2022-09-06,223583897.03
2022-09-07,223759699.73
2022-09-08,221655145.74
2022-09-09,222579606.81
2022-09-10,215825543.98
2022-09-11,192679293.29
2022-09-12,215715730.83
2022-09-13,217105818.86
2022-09-14,220485365.0
2022-09-15,223291694.89
2022-09-16,221765402.06
2022-09-17,210020070.95
2022-09-18,189371876.86
2022-09-19,209400062.36
2022-09-20,213041525.91
2022-09-21,214602438.77
2022-09-22,214185888.8
2022-09-23,216368211.78
2022-09-24,207334840.58
2022-09-25,186404402.93
2022-09-26,216282708.55
2022-09-27,219110578.22
2022-09-28,217948990.01
2022-09-29,217107394.99
2022-09-30,215753492.59
2022-10-01,202309342.56
2022-10-02,188439162.97
2022-10-03,221522383.24
2022-10-04,225419805.45
2022-10-05,219467745.97
2022-10-06,218376684.72
2022-10-07,214583992.74
2022-10-08,205748651.46
2022-10-09,188083408.99
2022-10-10,216927652.23
2022-10-11,222983546.36
2022-10-12,222001306.64
2022-10-13,218163280.51
2022-10-14,218921944.36
2022-10-15,210628262.65
2022-10-16,188805050.84
2022-10-17,191887364.28
2022-10-18,217345234.7
2022-10-19,219511945.31
2022-10-20,221249586.49
2022-10-21,221786773.04
2022-10-22,212491921.49
2022-10-23,192008188.82
2022-10-24,215862531.28
2022-10-25,217105863.74
2022-10-26,216999830.95
2022-10-27,219012038.53
2022-10-28,218643029.37
2022-10-29,207688379.68
2022-10-30,190488020.81
2022-10-31,213778022.72
2022-11-01,220715625.55
2022-11-02,223339547.33
2022-11-03,218015613.21
2022-11-04,216965853.53
2022-11-05,202967501.91
2022-11-06,179381247.63
2022-11-07,187654818.91
2022-11-08,210963281.26
2022-11-09,210416854.08
2022-11-10,212866506.93
2022-11-11,215905817.49
2022-11-12,205714972.51
2022-11-13,183642268.47
2022-11-14,190301228.01
2022-11-15,215500951.11
2022-11-16,219448022.79
2022-11-17,219522562.19
2022-11-18,216516696.6
2022-11-19,210947593.27
2022-11-20,194559874.61
2022-11-21,218217032.04
2022-11-22,221760147.13
2022-11-23,220758140.45
2022-11-24,220085203.16
2022-11-25,220836517.72
2022-11-26,212512791.91
2022-11-27,189704500.4
2022-11-28,213931153.14
2022-11-29,214088365.53
2022-11-30,214592025.79
2022-12-01,213021243.43
2022-12-02,214644615.07
2022-12-03,206452052.18
2022-12-04,190200451.76
2022-12-05,213088483.5
2022-12-06,215550425.06
2022-12-07,212175840.52
2022-12-08,192838500.45
2022-12-09,214691514.48
2022-12-10,208379208.09
2022-12-11,190769247.51
2022-12-12,213955316.3
2022-12-13,217931743.86
2022-12-14,219400079.97
2022-12-15,219565706.0
2022-12-16,221010134.72
2022-12-17,209288755.9
2022-12-18,192673236.38
2022-12-19,213728281.42
2022-12-20,216492152.06
2022-12-21,218896788.46
2022-12-22,220127985.89
2022-12-23,216044581.6
2022-12-24,193980616.73
2022-12-25,173641314.35
2022-12-26,203153632.92
2022-12-27,211175523.54
2022-12-28,212215528.22
2022-12-29,210197204.15
2022-12-30,204711244.12
2022-12-31,188706287.41
2023-01-01,168120696.93
2023-01-02,192255380.55
2023-01-03,201591099.63
2023-01-04,205939247.84
2023-01-05,207000469.21
2023-01-06,209745770.78
2023-01-07,201557703.76
2023-01-08,182952543.46
2023-01-09,187381158.76
2023-01-10,205902054.24
2023-01-11,211267840.1
2023-01-12,211886671.6
2023-01-13,216352082.38
2023-01-14,207314905.51
2023-01-15,188374361.84
2023-01-16,211024947.88
2023-01-17,215152030.1
2023-01-18,214632261.42
2023-01-19,216044287.41
2023-01-20,215872207.95
2023-01-21,206168990.56
2023-01-22,189262790.71
2023-01-23,215094380.73
2023-01-24,219437745.95
2023-01-25,220972753.39
2023-01-26,221005608.79
2023-01-27,219671692.85
2023-01-28,209188667.9
2023-01-29,189454530.38
2023-01-30,215049619.63
2023-01-31,217744721.61
2023-02-01,217261418.13
2023-02-02,216175284.05
2023-02-03,218281485.7
2023-02-04,209186329.41
2023-02-05,189287701.05
2023-02-06,217419763.92
2023-02-07,219375862.66
2023-02-08,220713389.82
2023-02-09,222953663.92
2023-02-10,223060557.41
2023-02-11,214958157.75
2023-02-12,196206785.96
2023-02-13,218539373.98
2023-02-14,222260043.18
2023-02-15,223006736.39
2023-02-16,221909194.16
2023-02-17,220824067.71
2023-02-18,209736223.74
2023-02-19,189612190.58
2023-02-20,213106663.69
2023-02-21,215671072.05
2023-02-22,216203569.27
2023-02-23,218669448.35
2023-02-24,220102902.19
2023-02-25,210862579.03
2023-02-26,192364075.92
2023-02-27,218980048.46
2023-02-28,222972462.14
2023-03-01,222382576.11
2023-03-02,224915265.17
2023-03-03,225699306.66
2023-03-04,216075420.11
2023-03-05,192937302.67
2023-03-06,219068710.05
2023-03-07,220115578.05
2023-03-08,218469773.68
2023-03-09,214762580.16
2023-03-10,215915174.73
2023-03-11,207240425.57
2023-03-12,189210754.7
2023-03-13,212636981.53
2023-03-14,216433121.98
2023-03-15,215127296.84
2023-03-16,216330633.27
2023-03-17,217472974.37
2023-03-18,210318088.53
2023-03-19,190009061.13
2023-03-20,196710170.45
2023-03-21,220994005.1
2023-03-22,222201131.9
2023-03-23,222494344.68
2023-03-24,224520280.39
2023-03-25,214308939.23
2023-03-26,195589146.46
2023-03-27,219174188.42
2023-03-28,222351801.08
2023-03-29,221947056.46
2023-03-30,222550562.69
2023-03-31,223018370.37
2023-04-01,213686335.84
2023-04-02,194232237.29
2023-04-03,218295604.97
2023-04-04,221063177.58
2023-04-05,217499496.07
2023-04-06,187272831.96
2023-04-07,175975356.83
2023-04-08,190231253.5
2023-04-09,189892600.44
2023-04-10,219155579.64
2023-04-11,223033726.06
2023-04-12,223723899.38
2023-04-13,224446787.54
2023-04-14,227985081.9
2023-04-15,217446931.59
2023-04-16,193168166.64
2023-04-17,214950485.32
2023-04-18,221624087.45
2023-04-19,223489251.74
2023-04-20,225014824.91
2023-04-21,221012910.91
2023-04-22,211457579.0
2023-04-23,191992359.08
2023-04-24,216841541.42
2023-04-25,220823133.93
2023-04-26,223916961.07
2023-04-27,225977178.97
2023-04-28,225126188.48
2023-04-29,215557543.06
2023-04-30,190992274.12
2023-05-01,193756873.17
2023-05-02,225022596.95
2023-05-03,231256009.31
2023-05-04,233440273.02
2023-05-05,238038922.91
2023-05-06,225853351.79
2023-05-07,203038688.87
2023-05-08,227940490.79
2023-05-09,232954857.73
2023-05-10,227630849.71
2023-05-11,230579596.29
2023-05-12,233056719.11
2023-05-13,224070408.62
2023-05-14,199443040.08
2023-05-15,224455356.14
2023-05-16,226491209.61
2023-05-17,224740345.22
2023-05-18,232443147.45
2023-05-19,235189046.11
2023-05-20,220759078.42
2023-05-21,193876853.09
2023-05-22,194439915.07
2023-05-23,220828062.67
2023-05-24,224942179.8
2023-05-25,224133912.54
2023-05-26,222914007.06
2023-05-27,213894018.54
2023-05-28,194302542.86
2023-05-29,219964244.34
2023-05-30,221889666.01
2023-05-31,224160866.05
2023-06-01,220593970.28
2023-06-02,223335870.05
2023-06-03,218503689.06
2023-06-04,193562487.43
2023-06-05,218907191.34
2023-06-06,225743674.94
2023-06-07,229461470.17
2023-06-08,222958648.83
2023-06-09,224095212.74
2023-06-10,215251511.18
2023-06-11,194805528.48
2023-06-12,202332175.58
2023-06-13,227985926.2
2023-06-14,230784698.88
2023-06-15,227450940.86
2023-06-16,226792457.64
2023-06-17,212276915.1
2023-06-18,191612258.7
2023-06-19,200685158.11
2023-06-20,230730278.41
2023-06-21,235657614.64
2023-06-22,234480542.73
2023-06-23,231260971.66
2023-06-24,217425942.0
2023-06-25,195520484.66
2023-06-26,215774709.59
2023-06-27,223516536.05
2023-06-28,227666038.57
2023-06-29,231767258.99
2023-06-30,230522951.75
2023-07-01,217543951.27
2023-07-02,189582904.74
2023-07-03,193560687.85
2023-07-04,218558404.66
2023-07-05,223624740.75
2023-07-06,223128015.26
2023-07-07,221924308.38
2023-07-08,212381253.87
2023-07-09,195977418.6
2023-07-10,222864649.37
2023-07-11,226385419.05
2023-07-12,224549580.98
2023-07-13,230297938.67
2023-07-14,230005809.59
2023-07-15,218708859.27
2023-07-16,196340676.17
2023-07-17,222966684.08
2023-07-18,227849946.96
2023-07-19,229921936.64
2023-07-20,214797570.53
2023-07-21,231674224.98
2023-07-22,218232801.87
2023-07-23,200633860.84
2023-07-24,229187526.85
2023-07-25,233165777.3
2023-07-26,230771918.38
2023-07-27,229484803.48
2023-07-28,232298630.23
2023-07-29,224266744.04
2023-07-30,204855403.4
2023-07-31,225766910.09
2023-08-01,229452780.65
2023-08-02,232348539.81
2023-08-03,236293842.11
2023-08-04,237653207.61
2023-08-05,225707371.76
2023-08-06,204561307.94
2023-08-07,207139511.39
2023-08-08,233396320.14
2023-08-09,235565963.22
2023-08-10,233985414.16
2023-08-11,237484780.13
2023-08-12,227075001.9
2023-08-13,205214357.95
2023-08-14,228227659.59
2023-08-15,229751933.2
2023-08-16,230121982.32
2023-08-17,233440547.43
2023-08-18,235095570.98
2023-08-19,227605341.39
2023-08-20,201562568.17
2023-08-21,202408216.52
2023-08-22,219181625.68
2023-08-23,224726224.4
2023-08-24,228531491.71
2023-08-25,233268691.87
2023-08-26,222899565.16
2023-08-27,201761440.95
2023-08-28,230862321.61
2023-08-29,236739482.44
2023-08-30,240833156.42
2023-08-31,239500163.45
2023-09-01,240238366.23
2023-09-02,225274613.08
2023-09-03,200773348.75
2023-09-04,225647642.01
2023-09-05,235292984.96
2023-09-06,239518184.69
2023-09-07,239598292.56
2023-09-08,239592552.73
2023-09-09,225367564.45
2023-09-10,199333711.94
2023-09-11,230019693.26
2023-09-12,237487784.81
2023-09-13,236899800.22
2023-09-14,237605144.36
2023-09-15,233916372.85
2023-09-16,221964583.18
2023-09-17,202638148.8
2023-09-18,226645593.33
2023-09-19,233327361.53
2023-09-20,236481585.65
2023-09-21,239480606.09
2023-09-22,240307366.79
2023-09-23,224308808.28
2023-09-24,204280688.34
2023-09-25,233463295.32
2023-09-26,236705942.24
2023-09-27,238999389.2
2023-09-28,235953856.61
2023-09-29,236281792.99
2023-09-30,228931328.5
2023-10-01,206469498.15
2023-10-02,233192449.17
2023-10-03,233647455.75
2023-10-04,228134535.04
2023-10-05,231401344.65
2023-10-06,231045581.79
2023-10-07,222008432.08
2023-10-08,198245810.15
2023-10-09,226214164.43
2023-10-10,232537136.08
2023-10-11,233082573.11
2023-10-12,237421162.45
2023-10-13,235880457.44
2023-10-14,220539893.44
2023-10-15,199067656.92
2023-10-16,199687483.17
2023-10-17,228311520.91
2023-10-18,233625556.67
2023-10-19,237384633.44
2023-10-20,231044931.57
2023-10-21,218767556.12
2023-10-22,198554668.05
2023-10-23,229220989.52
2023-10-24,230111343.53
2023-10-25,226704660.29
2023-10-26,222320654.2
2023-10-27,221226099.56
2023-10-28,210935388.01
2023-10-29,189534113.24
2023-10-30,220841534.38
2023-10-31,222307161.48
2023-11-01,220482177.53
2023-11-02,219961039.58
2023-11-03,222621732.05
2023-11-04,215234645.04
2023-11-05,197324197.52
2023-11-06,200605970.33
2023-11-07,224638917.75
2023-11-08,232929997.34
2023-11-09,237717722.03
2023-11-10,235366605.18
2023-11-11,225264597.34
2023-11-12,203276800.62
2023-11-13,208387046.43
2023-11-14,233241721.75
2023-11-15,230760537.37
2023-11-16,233449227.19
2023-11-17,235876210.13
2023-11-18,219636568.92
2023-11-19,196975236.49
2023-11-20,224712386.73
2023-11-21,230482490.53
2023-11-22,231105133.61
2023-11-23,233520703.51
2023-11-24,233306036.02
2023-11-25,219136490.92
2023-11-26,201703572.47
2023-11-27,229600975.93
2023-11-28,233820067.73
2023-11-29,233522591.55
2023-11-30,233996831.76
2023-12-01,231985067.47
2023-12-02,220747053.71
2023-12-03,202890666.68
2023-12-04,232224939.54
2023-12-05,237208242.3
2023-12-06,235673766.94
2023-12-07,229771327.34
2023-12-08,211239994.02
2023-12-09,220541144.32
2023-12-10,207738669.5
2023-12-11,233520730.73
2023-12-12,238309520.87
2023-12-13,237109254.69
2023-12-14,237150208.5
2023-12-15,233568379.22
2023-12-16,220493737.72
2023-12-17,202533133.73
2023-12-18,228428295.92
2023-12-19,230545532.59
2023-12-20,230532177.79
2023-12-21,229030315.8
2023-12-22,228916773.9
2023-12-23,216041927.49
2023-12-24,198776679.84
2023-12-25,188366790.83
2023-12-26,217929336.42
2023-12-27,222296751.41
2023-12-28,221209497.75
2023-12-29,216284431.2
2023-12-30,204557024.34
2023-12-31,191312108.54
2024-01-01,176268815.03
2024-01-02,203896156.39
2024-01-03,214864759.5
2024-01-04,219407971.0
2024-01-05,221263435.49
2024-01-06,211669045.88
2024-01-07,196821462.33
2024-01-08,200526057.82
2024-01-09,223693219.66
2024-01-10,229886158.11
2024-01-11,232204648.52
2024-01-12,233466707.7
2024-01-13,221761563.05
2024-01-14,202796662.12
2024-01-15,230238563.14
2024-01-16,233566232.27
2024-01-17,235347351.12
2024-01-18,235516542.96
2024-01-19,236210358.82
2024-01-20,225580319.27
2024-01-21,205741318.17
2024-01-22,230957712.83
2024-01-23,234950058.69
2024-01-24,235090091.59
2024-01-25,234704849.42
2024-01-26,236133774.71
2024-01-27,224913911.8
2024-01-28,205376086.28
2024-01-29,231719210.49
2024-01-30,236742608.73
2024-01-31,235122287.27
2024-02-01,232421915.06
2024-02-02,228785114.22
2024-02-03,216827809.92
2024-02-04,198635778.22
2024-02-05,223231306.28
2024-02-06,225763155.64
2024-02-07,222803596.42
2024-02-08,222767893.68
2024-02-09,226098551.35
2024-02-10,219272711.22
2024-02-11,203155554.01
2024-02-12,230458240.61
2024-02-13,234521427.87
2024-02-14,236297242.39
2024-02-15,237749585.1
2024-02-16,239236802.81
2024-02-17,228970389.61
2024-02-18,209583830.87
2024-02-19,234036663.34
2024-02-20,235617467.98
2024-02-21,230906735.3
2024-02-22,229025765.65
2024-02-23,230444855.21
2024-02-24,222317815.32
2024-02-25,202921249.77
2024-02-26,228197446.84
2024-02-27,233711924.77
2024-02-28,234742942.37
2024-02-29,236246634.33
2024-03-01,233279665.22
2024-03-02,221452689.33
2024-03-03,201958835.77
2024-03-04,230318692.86
2024-03-05,234964950.42
2024-03-06,238781235.11
2024-03-07,240474177.16
2024-03-08,241263760.82
2024-03-09,229232667.95
2024-03-10,211143228.58
2024-03-11,238464008.06
2024-03-12,241692095.55
2024-03-13,243336158.5
2024-03-14,244045937.88
2024-03-15,243340904.08
2024-03-16,233230858.34
2024-03-17,212567036.72
2024-03-18,241336180.43
2024-03-19,242093522.0
2024-03-20,240349715.19
2024-03-21,238682333.75
2024-03-22,241013666.13
2024-03-23,230674187.8
2024-03-24,210670568.14
2024-03-25,215529406.77
2024-03-26,230153758.74
2024-03-27,223176740.78
2024-03-28,200279145.57
2024-03-29,191487614.04
2024-03-30,203364382.41
2024-03-31,199040079.42
2024-04-01,225816448.51
2024-04-02,227770956.23
2024-04-03,230110307.8
2024-04-04,229243602.24
2024-04-05,232203270.17
2024-04-06,225429076.28
2024-04-07,208858251.46
2024-04-08,234325762.84
2024-04-09,235609356.32
2024-04-10,237418757.26
2024-04-11,241226212.38
2024-04-12,241353453.7
2024-04-13,229401389.77
2024-04-14,208784731.25
2024-04-15,235632397.39
2024-04-16,239645768.09
2024-04-17,239419435.42
2024-04-18,236750629.38
2024-04-19,232559720.85
2024-04-20,221976315.86
2024-04-21,201005759.17
2024-04-22,220482073.71
2024-04-23,225161540.61
2024-04-24,230917450.61
2024-04-25,232321344.83
2024-04-26,224543379.21
2024-04-27,217171197.48
2024-04-28,195060843.52
2024-04-29,223038656.59
2024-04-30,228329949.25
2024-05-01,210979989.61
2024-05-02,228433178.03
2024-05-03,229144417.14
2024-05-04,216743785.41
2024-05-05,197988964.81
2024-05-06,229448510.53
2024-05-07,232090596.27
2024-05-08,229046263.94
2024-05-09,225636372.6
2024-05-10,228574220.75
2024-05-11,221669520.84
2024-05-12,199476895.56
2024-05-13,207286478.63
2024-05-14,231119344.12
2024-05-15,230881433.75
2024-05-16,233129087.23
2024-05-17,232876148.37
2024-05-18,224469410.93
2024-05-19,208662289.96
2024-05-20,233373057.53
2024-05-21,227395969.39
2024-05-22,226813051.04
2024-05-23,229508806.12
2024-05-24,231109616.88
2024-05-25,219034567.87
2024-05-26,202979321.97
2024-05-27,224589413.37
2024-05-28,230516829.06
2024-05-29,228616255.25
2024-05-30,227939768.19
2024-05-31,227888837.5
2024-06-01,222327618.57
2024-06-02,205854543.84
2024-06-03,206356764.06
2024-06-04,224796149.98
2024-06-05,226080091.29
2024-06-06,227250986.03
2024-06-07,227629255.72
2024-06-08,221156851.99
2024-06-09,197083887.06
2024-06-10,202111371.35
2024-06-11,221660256.84
2024-06-12,226034653.06
2024-06-13,227388698.63
2024-06-14,226723978.94
2024-06-15,210209244.91
2024-06-16,191064210.3
2024-06-17,223534395.17
2024-06-18,227811070.56
2024-06-19,223723502.03
2024-06-20,223471937.35
2024-06-21,226899542.65
2024-06-22,217128654.81
2024-06-23,198043958.84
2024-06-24,224614569.91
2024-06-25,226950007.86
2024-06-26,225061911.68
2024-06-27,223672339.09
2024-06-28,224473104.65
2024-06-29,214908315.63
2024-06-30,198659310.37
2024-07-01,200774435.93
2024-07-02,224645989.66
2024-07-03,226540339.55
2024-07-04,227900342.43
2024-07-05,220570374.86
2024-07-06,213773308.88
2024-07-07,200059189.19
2024-07-08,227183897.93
2024-07-09,231166782.33
2024-07-10,231932894.52
2024-07-11,232483116.28
2024-07-12,230821247.73
2024-07-13,219987018.62
2024-07-14,203123839.9
2024-07-15,227318470.9
2024-07-16,230377021.31
2024-07-17,233822758.01
2024-07-18,230335711.21
2024-07-19,227135617.2
2024-07-20,209353914.68
2024-07-21,202289165.65
2024-07-22,229463460.36
2024-07-23,231829546.72
2024-07-24,232745949.02
2024-07-25,233661287.06
2024-07-26,232946903.35
2024-07-27,222160474.55
2024-07-28,205438127.94
2024-07-29,233999587.38
2024-07-30,235638114.22
2024-07-31,234852572.91
2024-08-01,230923156.99
2024-08-02,232234113.8
2024-08-03,223503470.05
2024-08-04,204330190.92
2024-08-05,228973858.98
2024-08-06,227013971.02
2024-08-07,209616683.96
2024-08-08,230021387.7
2024-08-09,231382527.93
2024-08-10,218829626.06
2024-08-11,198791978.03
2024-08-12,226780244.75
2024-08-13,227605080.7
2024-08-14,232161634.93
2024-08-15,236182637.07
2024-08-16,236791867.15
2024-08-17,220883181.23
2024-08-18,200656948.82
2024-08-19,209837248.68
2024-08-20,235050466.65
2024-08-21,236121050.88
2024-08-22,234810938.3
2024-08-23,234654802.87
2024-08-24,221100419.23
2024-08-25,200670458.63
2024-08-26,219016880.48
2024-08-27,227857812.62
2024-08-28,236281729.9
2024-08-29,239298823.03
2024-08-30,236913552.34
2024-08-31,224686147.52
2024-09-01,200065238.5
2024-09-02,228361555.56
2024-09-03,232547387.03
2024-09-04,231617539.08
2024-09-05,232755279.46
2024-09-06,233206893.65
2024-09-07,221369552.81
2024-09-08,206113659.46
2024-09-09,234462917.46
2024-09-10,240649878.34
2024-09-11,242374687.84
2024-09-12,238753194.95
2024-09-13,239216147.1
2024-09-14,232717025.08
2024-09-15,216322586.45
2024-09-16,239396215.58
2024-09-17,236769142.18
2024-09-18,239636924.03
2024-09-19,240983374.01
2024-09-20,235943623.95
2024-09-21,227629702.53
2024-09-22,202838592.13
2024-09-23,230298342.2
2024-09-24,239204349.47
2024-09-25,236546755.3
2024-09-26,233362628.53
2024-09-27,236042363.82
2024-09-28,221450778.48
2024-09-29,196819545.88
2024-09-30,220618497.04
2024-10-01,228749601.72
2024-10-02,232020607.88
2024-10-03,233503068.39
2024-10-04,234723511.09
2024-10-05,221602385.82
2024-10-06,201858493.54
2024-10-07,225288031.18
2024-10-08,225328588.09
2024-10-09,229370798.92
2024-10-10,228354671.21
2024-10-11,229561363.82
2024-10-12,222191900.16
2024-10-13,201765623.0
2024-10-14,205719506.97
2024-10-15,227080140.01
2024-10-16,229510532.45
2024-10-17,235820358.73
2024-10-18,241010236.12
2024-10-19,227834720.71
2024-10-20,205017274.36
2024-10-21,226992371.41
2024-10-22,230095101.35
2024-10-23,231888383.8
2024-10-24,235576843.1
2024-10-25,238904127.36
2024-10-26,231019375.8
2024-10-27,211953204.9
2024-10-28,232926440.1
2024-10-29,236899540.51
2024-10-30,235921026.22
2024-10-31,225561285.71
2024-11-01,222528208.54
2024-11-02,213715647.17
2024-11-03,193760489.88
2024-11-04,197704180.04
2024-11-05,225376485.18
2024-11-06,230392309.54
2024-11-07,229611361.04
2024-11-08,225159506.7
2024-11-09,212881658.76
2024-11-10,193684982.64
2024-11-11,196756728.98
2024-11-12,221692868.79
2024-11-13,226971193.2
2024-11-14,228248347.78
2024-11-15,229893168.27
2024-11-16,217996957.43
2024-11-17,201412201.64
2024-11-18,226523262.94
2024-11-19,230786834.33
2024-11-20,227127780.33
2024-11-21,227736159.02
2024-11-22,225024009.92
2024-11-23,215401280.21
2024-11-24,201155384.76
2024-11-25,230029093.84
2024-11-26,233313137.61
2024-11-27,231233668.08
2024-11-28,232057895.43
2024-11-29,234173195.42
2024-11-30,224010442.8
2024-12-01,208411003.76
2024-12-02,232220490.8
2024-12-03,235459692.63
2024-12-04,237336094.94
2024-12-05,238116055.85
2024-12-06,235810877.01
2024-12-07,220590822.23
2024-12-08,202954408.49
2024-12-09,232421947.65
2024-12-10,238334386.21
2024-12-11,238115262.03
2024-12-12,239011667.83
2024-12-13,236642734.91
2024-12-14,222652801.23
2024-12-15,206162705.78
2024-12-16,232545166.72
2024-12-17,235393886.26
2024-12-18,238335194.4
2024-12-19,236967477.99
2024-12-20,235423470.26
2024-12-21,223361083.49
2024-12-22,206529543.12
2024-12-23,222384394.03
2024-12-24,209472205.79
2024-12-25,187020782.6
2024-12-26,219558889.12
2024-12-27,222904495.08
2024-12-28,213466645.17
2024-12-29,199776119.99
2024-12-30,210812695.3
2024-12-31,197246086.41
2025-01-01,176782080.52
2025-01-02,202358508.12
2025-01-03,209932434.42
2025-01-04,204604614.16
2025-01-05,187896424.11
2025-01-06,192933134.14
2025-01-07,217949046.76
2025-01-08,225020386.27
2025-01-09,226599678.07
2025-01-10,228762353.69
2025-01-11,219455514.56
2025-01-12,201561833.07
2025-01-13,226831815.32
2025-01-14,230651859.13
2025-01-15,230466378.99
2025-01-16,230850595.73
2025-01-17,232853777.69
2025-01-18,220893172.19
2025-01-19,203612542.87
2025-01-20,230549122.95
2025-01-21,234878052.88
2025-01-22,236023969.77
2025-01-23,236904129.67
2025-01-24,236608651.47
2025-01-25,225475347.63
2025-01-26,206044598.73
2025-01-27,234066863.59
2025-01-28,235486244.31
2025-01-29,237550966.22
2025-01-30,238718667.65
2025-01-31,238745089.2
2025-02-01,226388454.89
2025-02-02,205726262.04
2025-02-03,232431181.42
2025-02-04,235227693.56
2025-02-05,236875816.66
2025-02-06,236228382.95
2025-02-07,237406564.38
2025-02-08,224242425.47
2025-02-09,204694069.41
2025-02-10,228534505.76
2025-02-11,231893581.12
2025-02-12,233235356.12
2025-02-13,234706651.09
2025-02-14,233273273.19
2025-02-15,221755528.46
2025-02-16,202677851.24
2025-02-17,228654602.17
2025-02-18,231630632.94
2025-02-19,233654623.49
2025-02-20,235873452.05
2025-02-21,237009272.85
2025-02-22,224970455.92
2025-02-23,205923287.77
2025-02-24,231600337.12
2025-02-25,235168399.79
2025-02-26,233935210.86
2025-02-27,235260612.73
2025-02-28,233597034.87
2025-03-01,223450691.19
2025-03-02,204479789.55
2025-03-03,227991105.25
2025-03-04,232876278.07
2025-03-05,233908758.31
2025-03-06,233370678.18
2025-03-07,234678676.6
2025-03-08,223071372.88
2025-03-09,206160335.12
2025-03-10,231579400.11
2025-03-11,234564421.65
2025-03-12,233269870.01
2025-03-13,234692038.5
2025-03-14,234611106.44
2025-03-15,223387897.1
2025-03-16,204562382.5
2025-03-17,230219747.66
2025-03-18,230683798.34
2025-03-19,232712951.24
2025-03-20,235809934.44
2025-03-21,236444536.37
2025-03-22,228783172.45
2025-03-23,208626782.02
2025-03-24,214877459.74
2025-03-25,238815086.12
2025-03-26,239522721.33
2025-03-27,240137295.27
2025-03-28,237038872.96
2025-03-29,225778663.23
2025-03-30,205808757.56
2025-03-31,229567629.25
2025-04-01,231817345.35
2025-04-02,231715294.56
2025-04-03,234007266.27
2025-04-04,232099795.15
2025-04-05,222631060.78
2025-04-06,203635512.63
2025-04-07,229475937.81
2025-04-08,232339945.05
2025-04-09,234288273.89
2025-04-10,232486793.25
2025-04-11,227473245.72
2025-04-12,222782383.81
2025-04-13,210250904.48
2025-04-14,235965898.02
2025-04-15,239000887.76
2025-04-16,235568456.57
2025-04-17,208828377.41
2025-04-18,197439866.88
2025-04-19,208885528.82
2025-04-20,204568558.54
2025-04-21,230429639.49
2025-04-22,233352747.32
2025-04-23,233750501.78
2025-04-24,236150125.04
2025-04-25,236252101.11
2025-04-26,222706947.97
2025-04-27,203907759.57
2025-04-28,228629509.68
2025-04-29,231783161.64
2025-04-30,229791321.52
2025-05-01,212515295.95
2025-05-02,230903096.97
2025-05-03,217753015.23
2025-05-04,201832601.17
2025-05-05,225414788.88
2025-05-06,230027584.49
2025-05-07,229281378.27
2025-05-08,230338576.61
2025-05-09,233638186.31
2025-05-10,228616428.05
2025-05-11,209859964.13
2025-05-12,239234528.62
2025-05-13,241436978.88
2025-05-14,240310444.78
2025-05-15,234154997.34
2025-05-16,232278695.7
2025-05-17,220001044.65
2025-05-18,203688132.49
2025-05-19,226520966.98
2025-05-20,233698080.43
2025-05-21,237367969.91
2025-05-22,237748388.43
2025-05-23,241822075.65
2025-05-24,232588944.24
2025-05-25,213229430.29
2025-05-26,235492537.08
2025-05-27,236535994.02
2025-05-28,237822738.98
2025-05-29,238907362.41
2025-05-30,241878795.32
2025-05-31,225086847.06
2025-06-01,201740281.93
2025-06-02,210175983.68
2025-06-03,233988126.48
2025-06-04,237485366.76
2025-06-05,238608765.29
2025-06-06,238486232.58
2025-06-07,228927463.05
2025-06-08,214584635.65
2025-06-09,237323332.48
2025-06-10,235182086.04
2025-06-11,231514723.04
2025-06-12,233871911.32
2025-06-13,228892807.56
2025-06-14,215855419.37
2025-06-15,201033923.56
2025-06-16,232847177.99
2025-06-17,236822161.82
2025-06-18,238787196.35
2025-06-19,242344655.11
2025-06-20,244048946.57
2025-06-21,231283675.53
2025-06-22,205025399.45
2025-06-23,206601005.24
2025-06-24,231234145.58
2025-06-25,236507245.02
2025-06-26,240558817.92
2025-06-27,240367607.25
2025-06-28,226770875.45
2025-06-29,208020521.29
2025-06-30,213920549.8
2025-07-01,236290485.64
2025-07-02,240759815.79
2025-07-03,240296070.3
2025-07-04,237505037.67
2025-07-05,221246521.94
2025-07-06,207077309.87
2025-07-07,236296513.53
2025-07-08,240903693.91
2025-07-09,241537087.93
2025-07-10,241369865.34
2025-07-11,241189836.55
2025-07-12,228606403.63
2025-07-13,209188365.48
2025-07-14,234616119.04
2025-07-15,239999590.75
2025-07-16,241921967.66
2025-07-17,243409495.61
2025-07-18,245720904.22
2025-07-19,233767286.23
2025-07-20,214696790.99
2025-07-21,240369100.45
2025-07-22,245727479.33
2025-07-23,243168000.47
2025-07-24,245565939.29
2025-07-25,243107363.68
2025-07-26,229231474.22
2025-07-27,208957906.84
2025-07-28,238234086.22
2025-07-29,240826213.6
2025-07-30,238864193.58
2025-07-31,243844763.88
2025-08-01,246052928.54
2025-08-02,233588970.35
2025-08-03,208783325.42
2025-08-04,233977824.51
2025-08-05,238690139.11
2025-08-06,237671534.74
2025-08-07,221472224.21
2025-08-08,237294054.73
2025-08-09,221993599.29
2025-08-10,202973489.98
2025-08-11,233580473.27
2025-08-12,239624523.41
2025-08-13,243239620.0
2025-08-14,242958762.27
2025-08-15,239205605.49
2025-08-16,222564598.23
2025-08-17,203560122.55
2025-08-18,210525438.85
2025-08-19,237872706.46
2025-08-20,246295299.96
2025-08-21,246835016.03
2025-08-22,244573896.74
2025-08-23,230254506.74
2025-08-24,214548247.62
2025-08-25,241705422.75
2025-08-26,244942085.3
2025-08-27,246031444.91
2025-08-28,245621527.38
2025-08-29,246952941.16
2025-08-30,233997730.85
2025-08-31,214412559.12
2025-09-01,238884784.35
2025-09-02,242284222.94
2025-09-03,243698224.04
2025-09-04,245899335.59
2025-09-05,240618190.64
2025-09-06,226314973.07
2025-09-07,207186623.85
2025-09-08,232462874.79
2025-09-09,243107508.76
2025-09-10,248396148.93
2025-09-11,249800417.67
2025-09-12,242443560.68
2025-09-13,233569476.43
2025-09-14,213518796.66
2025-09-15,244360626.9
2025-09-16,246410869.63
2025-09-17,242843593.2
2025-09-18,239330764.52
2025-09-19,237896611.62
2025-09-20,226353039.92
2025-09-21,211947367.78
2025-09-22,238191662.52
2025-09-23,246576573.28
2025-09-24,247018568.07
2025-09-25,244282448.88
2025-09-26,243833380.23
2025-09-27,230837903.04
2025-09-28,212872840.33
2025-09-29,238806455.87
2025-09-30,235436131.13
2025-10-01,238050243.49
2025-10-02,237712401.48
2025-10-03,238790608.3
2025-10-04,224272026.47
2025-10-05,210838100.33
2025-10-06,238333592.25
2025-10-07,241907012.89
2025-10-08,242180208.33
2025-10-09,241051773.37
2025-10-10,235418843.47
2025-10-11,220353004.68
2025-10-12,199539011.96
2025-10-13,205163443.5
2025-10-14,232764659.28
2025-10-15,235556019.33
2025-10-16,231451246.84
2025-10-17,235155053.47
2025-10-18,228493008.99
2025-10-19,210586578.19
2025-10-20,236585905.61
2025-10-21,238450827.56
2025-10-22,239883009.51
2025-10-23,240271401.89
2025-10-24,241451417.08
2025-10-25,230297676.97
2025-10-26,214781946.13
2025-10-27,237153465.2
2025-10-28,243874047.04
2025-10-29,244927828.5
2025-10-30,242716358.42
2025-10-31,239084406.43
2025-11-01,230237322.43
2025-11-02,213451728.33
2025-11-03,217490492.49
2025-11-04,240103293.3
2025-11-05,242786281.23
2025-11-06,242695384.06
2025-11-07,246744771.1
2025-11-08,238748073.39
2025-11-09,220648613.3
2025-11-10,243474934.44
2025-11-11,243891035.23
2025-11-12,246087088.62
2025-11-13,245468018.62
2025-11-14,245671783.34
2025-11-15,231599922.85
2025-11-16,208263729.56
2025-11-17,213905315.4
2025-11-18,241211070.57
2025-11-19,247490571.12
2025-11-20,246877681.33
2025-11-21,245929777.28
2025-11-22,235647845.15
2025-11-23,217106505.41
2025-11-24,242392320.97
2025-11-25,246749296.54
2025-11-26,249432208.11
2025-11-27,249412053.14
2025-11-28,241627914.32
2025-11-29,223475691.86
2025-11-30,209955252.82
2025-12-01,232517281.66
2025-12-02,237753906.6
2025-12-03,241465355.21
2025-12-04,241859137.63
2025-12-05,241810727.06
2025-12-06,232208654.23
2025-12-07,212209238.0
2025-12-08,213627334.57
2025-12-09,243026921.85
2025-12-10,246252416.88
2025-12-11,247831081.76
2025-12-12,247644793.94
2025-12-13,233751022.35
2025-12-14,216283713.22
2025-12-15,243865552.41
2025-12-16,245360510.99
2025-12-17,245735482.66
2025-12-18,246879124.1
2025-12-19,245619870.77
2025-12-20,230050934.12
2025-12-21,215073609.27
2025-12-22,237321485.94
2025-12-23,238948116.83
2025-12-24,222250245.84
2025-12-25,197106468.05
2025-12-26,224079216.69
2025-12-27,223834624.85
2025-12-28,212246778.76
2025-12-29,230973077.53
2025-12-30,229474925.63
2025-12-31,215154109.94
2026-01-01,192685792.9
2026-01-02,215142392.82
2026-01-03,215014008.04
2026-01-04,204402717.34
2026-01-05,226753399.34
2026-01-06,229335338.65
2026-01-07,232369964.55
2026-01-08,235440635.27
2026-01-09,237905167.81
2026-01-10,227157091.23
2026-01-11,209242058.11
2026-01-12,211815649.49
2026-01-13,232899279.02
2026-01-14,237393761.47
2026-01-15,240306920.78
2026-01-16,240441376.17
2026-01-17,232678481.09
2026-01-18,216596949.81
2026-01-19,242893856.16
2026-01-20,243890423.79
2026-01-21,245789625.72
2026-01-22,246811604.53
2026-01-23,243613150.41
2026-01-24,233255777.54
2026-01-25,215362376.14
2026-01-26,241706060.48
2026-01-27,245466032.6
2026-01-28,243421192.27
2026-01-29,242981736.91
2026-01-30,244229471.06
2026-01-31,229082975.86
2026-02-01,202610580.35
2026-02-02,220643236.38
2026-02-03,231287950.43
2026-02-04,237897260.67
2026-02-05,240684396.82
2026-02-06,238306708.0
2026-02-07,224964186.32
2026-02-08,208919793.17
2026-02-09,238495961.82
2026-02-10,243406174.6
2026-02-11,246011639.16
2026-02-12,247832274.8
2026-02-13,247722894.15
2026-02-14,232650915.91
2026-02-15,210763570.18
2026-02-16,234961165.26
2026-02-17,240733583.28
2026-02-18,242271172.21
2026-02-19,243025912.33
2026-02-20,245882754.27
2026-02-21,236019467.28
2026-02-22,215889421.76
2026-02-23,240756878.1
2026-02-24,240623678.25
2026-02-25,243689340.42
2026-02-26,247892793.17
2026-02-27,250412872.44
2026-02-28,239249721.03
2026-03-01,218340645.81
2026-03-02,244267973.75
2026-03-03,250712405.25
2026-03-04,252240361.59
2026-03-05,250932814.02
2026-03-06,250187261.26
2026-03-07,237783446.95
2026-03-08,215097105.3
2026-03-09,243303723.43
2026-03-10,248885713.28
2026-03-11,248243917.9
2026-03-12,248428996.62
2026-03-13,246723427.04
2026-03-14,235810766.94
2026-03-15,218176867.74
2026-03-16,248120019.31
2026-03-17,252050473.6
2026-03-18,246716010.89
2026-03-19,245204231.57
2026-03-20,246389400.43
2026-03-21,234374065.36
2026-03-22,214471508.45
2026-03-23,222075611.0
2026-03-24,245585460.96
2026-03-25,251102133.17
2026-03-26,253003907.11
2026-03-27,249230018.88
2026-03-28,238649263.76
2026-03-29,221850623.83
2026-03-30,241602274.21
2026-03-31,242219280.3
2026-04-01,236539898.02
2026-04-02,212568053.77
2026-04-03,205389628.34
2026-04-04,219882379.32
2026-04-05,215373337.2
2026-04-06,244352023.05
2026-04-07,252383672.51
2026-04-08,253584920.05
2026-04-09,254893119.49
2026-04-10,254635631.33
2026-04-11,242424917.45
2026-04-12,223997572.69
2026-04-13,249085035.26
2026-04-14,249789566.16
2026-04-15,248255107.71
2026-04-16,249014296.29
2026-04-17,248013103.37
2026-04-18,235839506.76
2026-04-19,218650570.12
2026-04-20,244644259.33
2026-04-21,249086079.75
2026-04-22,249563391.28
2026-04-23,248744340.21
2026-04-24,249016723.75
2026-04-25,237226145.73
2026-04-26,219900568.0
2026-04-27,246852453.01
2026-04-28,252884553.18
2026-04-29,251868604.2
2026-04-30,252784135.84
2026-05-01,235867905.36
2026-05-02,233433117.88
2026-05-03,218433378.97
2026-05-04,247057944.69
2026-05-05,256082195.12
2026-05-06,256435827.25
2026-05-07,258684309.63
2026-05-08,256805678.7
2026-05-09,243737937.42
2026-05-10,224174370.52
2026-05-11,251897694.31
2026-05-12,253626142.42
2026-05-13,255666937.52
2026-05-14,258390477.01
2026-05-15,261866107.39
2026-05-16,249595197.05
2026-05-17,223566798.82
2026-05-18,228707529.23
2026-05-19,254386602.44
2026-05-20,259223501.18
2026-05-21,257754102.25
2026-05-22,258750938.82
2026-05-23,248041567.91
2026-05-24,225256518.35
2026-05-25,254156157.91
2026-05-26,257360750.53
2026-05-27,257270977.54
2026-05-28,259857716.01
2026-05-29,256408251.63
2026-05-30,240769296.66
2026-05-31,221353369.21
2026-06-01,253012464.4
2026-06-02,257377052.85
2026-06-03,254009802.28
2026-06-04,251223049.05
2026-06-05,247756035.95
2026-06-06,231709833.81
2026-06-07,209870742.18
2026-06-08,213885141.36
2026-06-09,241330824.14
2026-06-10,245768806.87
2026-06-11,254566199.58
2026-06-12,259808964.14
2026-06-13,248236656.59
2026-06-14,223346965.72
2026-06-15,223281390.95
2026-06-16,245263725.73
2026-06-17,250973877.55
2026-06-18,247610242.88
2026-06-19,249065904.37
2026-06-20,239713558.13
2026-06-21,217849950.74
2026-06-22,250942369.66
2026-06-23,254955730.93
2026-06-24,255273467.69
2026-06-25,258780987.82
2026-06-26,256386568.12
2026-06-27,242623751.74
2026-06-28,223509299.03
2026-06-29,232248517.31
2026-06-30,256260476.88
2026-07-01,257160069.12
2026-07-02,258039972.43
2026-07-03,253601655.91
2026-07-04,239080329.0
2026-07-05,223546245.77
2026-07-06,255483738.81
2026-07-07,258694071.03
2026-07-08,262429232.22
2026-07-09,258767741.73
2026-07-10,255712175.07
2026-07-11,245322186.86
2026-07-12,222297354.04
2026-07-13,225552586.52
2026-07-14,253611858.29
2026-07-15,260332317.37
2026-07-16,261293371.38
2026-07-17,262275924.95
2026-07-18,248324291.8
2026-07-19,223761569.73
2026-07-20,221275525.95
2026-07-21,245862520.78
2026-07-22,254931647.32
2026-07-23,251115994.63
2026-07-24,251533702.4
2026-07-25,244332064.96
2026-07-26,222862958.04
2026-07-27,246264224.61
2026-07-28,255300095.25
2026-07-29,260285613.75
2026-07-30,262244923.95
2026-07-31,257773146.92
