date,precio_cop_kwh,precio_real_cop_kwh
2000-01-01,33.00803,131.35842610769998
2000-01-02,33.37731,132.8280091029
2000-01-03,38.49236,153.18381093239998
2000-01-04,42.97892,171.0384802428
2000-01-05,41.48081,165.0766166679
2000-01-06,37.2809,148.36269683100002
2000-01-07,39.45333,157.0080775347
2000-01-08,32.28479,128.4802274361
2000-01-09,32.28479,128.4802274361
2000-01-10,32.28479,128.4802274361
2000-01-11,34.6907,138.054762813
2000-01-12,36.62791,145.7640643569
2000-01-13,36.65613,145.8763683867
2000-01-14,37.50844,149.2682127396
2000-01-15,33.33274,132.6506387766
2000-01-16,32.28479,128.4802274361
2000-01-17,34.29605,136.48421761950001
2000-01-18,39.82492,158.4868533828
2000-01-19,36.85621,146.67260475389998
2000-01-20,39.7529,158.20024331099998
2000-01-21,38.21023,152.06104920570002
2000-01-22,35.51133,141.3205337547
2000-01-23,32.34591,128.72345997690002
2000-01-24,34.6392,137.849813928
2000-01-25,38.17779,151.93195130610002
2000-01-26,45.46438,180.9295920042
2000-01-27,44.4116,176.739959244
2000-01-28,47.26376,188.09038665839998
2000-01-29,37.96297,151.0770557823
2000-01-30,36.07851,143.5776776109
2000-01-31,45.57037,181.3513887483
2000-02-01,41.21091,160.31527402434017
2000-02-02,38.38521,149.32296956392963
2000-02-03,35.23798,137.07987568739003
2000-02-04,35.8576,139.49027017008797
2000-02-05,34.88254,135.69717239354839
2000-02-06,33.92436,131.96973979706746
2000-02-07,38.04693,148.00702068299123
2000-02-08,39.6236,154.1404519296188
2000-02-09,36.59441,142.3565474994135
2000-02-10,38.00549,147.84581422199415
2000-02-11,36.90309,143.55734890821114
2000-02-12,42.97778,167.1886055818182
2000-02-13,39.19372,152.46816830381232
2000-02-14,43.889,170.73335826979473
2000-02-15,50.93614,198.147559513783
2000-02-16,49.83744,193.8734876340176
2000-02-17,49.59526,192.93137902580648
2000-02-18,53.31652,207.4075169372434
2000-02-19,41.21409,160.3276445973607
2000-02-20,38.26051,148.83787193636363
2000-02-21,53.16733,206.82715033695015
2000-02-22,44.60262,173.50942377888563
2000-02-23,48.77029,189.72214895513198
2000-02-24,45.46268,176.85515806568915
2000-02-25,41.5991,161.82537865982405
2000-02-26,36.80936,143.19272821348972
2000-02-27,33.79988,131.48549799530792
2000-02-28,35.00875,136.18814409824046
2000-02-29,36.23887,140.97345519384163
2000-03-01,36.57285,139.88075665237537
2000-03-02,38.38575,146.81458389676817
2000-03-03,34.20134,130.81040492401198
2000-03-04,43.05958,164.690655268416
2000-03-05,34.14417,130.59174592265398
2000-03-06,35.52193,135.861286340898
2000-03-07,35.66956,136.42592913205564
2000-03-08,36.92228,141.21722708869737
2000-03-09,36.57436,139.88653197320886
2000-03-10,35.7209,136.62229004039432
2000-03-11,34.14417,130.59174592265398
2000-03-12,34.14417,130.59174592265398
2000-03-13,36.91397,141.18544370053425
2000-03-14,38.35772,146.70737711334914
2000-03-15,38.61799,147.70283589039042
2000-03-16,44.14304,168.8345818314972
2000-03-17,39.31322,150.36189304473936
2000-03-18,38.877,148.69347552554416
2000-03-19,35.64543,136.33363874019335
2000-03-20,39.32585,150.41019920508836
2000-03-21,40.91938,156.504998547996
2000-03-22,44.77395,171.24763326663418
2000-03-23,53.87125,206.04222016630578
2000-03-24,49.9836,191.17306384954057
2000-03-25,30.69274,117.39100712508397
2000-03-26,38.15448,145.93004187745618
2000-03-27,39.93824,152.75241690390996
2000-03-28,39.47841,150.99369784505998
2000-03-29,38.36824,146.7476131233944
2000-03-30,36.04971,137.87989483725502
2000-03-31,37.82554,144.67193986754356
2000-04-01,37.80828,143.17417390193913
2000-04-02,37.33441,141.37970068636537
2000-04-03,44.08084,166.92739928670528
2000-04-04,46.58681,176.41712440969533
2000-04-05,43.85492,166.0718747992669
2000-04-06,47.59492,180.23468279775963
2000-04-07,54.26383,205.48882501413075
2000-04-08,45.09962,170.78536333288292
2000-04-09,37.86034,143.37131715980047
2000-04-10,53.19021,201.42319027526935
2000-04-11,53.16056,201.31091025998717
2000-04-12,56.48129,213.88600689229594
2000-04-13,55.38232,209.72437558050353
2000-04-14,53.01692,200.76696754851565
2000-04-15,40.55405,153.57198494953838
2000-04-16,38.84678,147.10681457210882
2000-04-17,46.77518,177.13045279009
2000-04-18,50.00721,189.36965608831684
2000-04-19,46.14709,174.75197202116667
2000-04-20,33.87635,128.28455634752373
2000-04-21,29.81158,112.89189402986779
2000-04-22,40.93715,155.0227260576193
2000-04-23,44.71349,169.323148078215
2000-04-24,44.03952,166.77092676625136
2000-04-25,51.7834,196.09581596501278
2000-04-26,59.29493,224.54083124975023
2000-04-27,57.3465,217.16242483571193
2000-04-28,39.32001,148.89886420556516
2000-04-29,46.96602,177.85313468271897
2000-04-30,38.38844,145.37115109135235
2000-05-01,39.9866,150.6397644502884
2000-05-02,46.08449,173.61207800642393
2000-05-03,40.67642,153.23849308220753
2000-05-04,41.84943,157.65752220941096
2000-05-05,46.89077,176.64954128864795
2000-05-06,35.63739,134.25517636465875
2000-05-07,34.95772,131.69468538258155
2000-05-08,34.9008,131.4802531629752
2000-05-09,41.07131,154.72614486014749
2000-05-10,41.68681,157.04489101558838
2000-05-11,39.35812,148.27211931012351
2000-05-12,39.67929,149.48204896527045
2000-05-13,38.83595,146.3049711704215
2000-05-14,34.53301,130.0946940264852
2000-05-15,37.03829,139.53272549407734
2000-05-16,43.94149,165.53884809397906
2000-05-17,40.06797,150.9463060825682
2000-05-18,40.1847,151.38605789203143
2000-05-19,38.34402,144.45174485645558
2000-05-20,35.78808,134.82286419270648
2000-05-21,30.08111,113.32324640762691
2000-05-22,29.54739,111.3125864594841
2000-05-23,33.2518,125.26804778471038
2000-05-24,35.24546,132.77867566489928
2000-05-25,31.936,120.3110921529815
2000-05-26,50.47812,190.1640076098841
2000-05-27,39.05152,147.1170785769664
2000-05-28,37.78377,142.34113960286376
2000-05-29,34.58465,130.28923513366144
2000-05-30,31.67182,119.31585842537082
2000-05-31,36.03601,135.7568800080086
2000-06-01,39.09124,147.29613520743226
2000-06-02,37.26273,140.4062934887213
2000-06-03,35.25475,132.84020723579562
2000-06-04,35.96349,135.51074577248352
2000-06-05,38.93647,146.71296048987267
2000-06-06,47.97061,180.7536792525129
2000-06-07,36.75329,138.48671910018635
2000-06-08,43.2777,163.07075320881845
2000-06-09,41.49823,156.3656946402601
2000-06-10,37.23206,140.29072865970048
2000-06-11,34.18864,128.82309540444936
2000-06-12,38.89265,146.5478463455071
2000-06-13,45.00166,169.56664961047275
2000-06-14,42.25377,159.21257598745257
2000-06-15,48.86367,184.11873716595719
2000-06-16,44.2671,166.7988210873056
2000-06-17,44.31531,166.98047679017793
2000-06-18,38.91143,146.61860955023522
2000-06-19,42.92552,161.74373587968398
2000-06-20,43.09668,162.3886682610079
2000-06-21,47.69543,179.71679859878125
2000-06-22,45.35903,170.91322290513108
2000-06-23,45.80744,172.60283571834358
2000-06-24,42.34309,159.5491345309198
2000-06-25,37.17678,140.08243313481393
2000-06-26,34.1635,128.72836766393473
2000-06-27,37.56271,141.5366207599853
2000-06-28,40.86506,153.9799045264318
2000-06-29,34.48733,129.94856194439816
2000-06-30,43.56337,164.14716027456276
2000-07-01,39.27941,148.06446279480812
2000-07-02,36.31168,136.87754964692644
2000-07-03,38.74203,146.03879894148972
2000-07-04,40.60194,153.04976410101455
2000-07-05,42.18795,159.02825814247785
2000-07-06,40.5349,152.79705558055144
2000-07-07,39.79216,149.99728340738957
2000-07-08,48.07561,181.22190145378215
2000-07-09,41.622,156.89489914551933
2000-07-10,47.82364,180.27209587649858
2000-07-11,49.68774,187.29885531855237
2000-07-12,48.19515,181.67250969567
2000-07-13,53.78222,202.73307344005894
2000-07-14,51.93737,195.77887722919422
2000-07-15,42.9594,161.93625319187026
2000-07-16,45.43162,171.2553322261679
2000-07-17,51.70137,194.8892708624088
2000-07-18,50.25771,189.44736777989428
2000-07-19,45.45856,171.35688305464754
2000-07-20,42.21569,159.13282458576018
2000-07-21,43.78614,165.05266491931167
2000-07-22,41.31805,155.7491539964328
2000-07-23,36.98926,139.43169999441145
2000-07-24,43.43096,163.7138073372996
2000-07-25,48.77707,183.86606790312666
2000-07-26,31.53601,118.87557321613785
2000-07-27,42.17572,158.98215693118215
2000-07-28,37.08865,139.80635243845722
2000-07-29,50.84564,191.66358079355592
2000-07-30,34.08547,128.48580985963252
2000-07-31,41.61946,156.88532456852087
2000-08-01,39.47693,148.33425473011252
2000-08-02,49.50621,186.01919563812191
2000-08-03,46.38644,174.29668434154024
2000-08-04,45.10678,169.48837193204093
2000-08-05,42.20962,158.60231596381107
2000-08-06,38.14123,143.31537246031567
2000-08-07,38.15129,143.35317283138264
2000-08-08,31.78886,119.44639202744196
2000-08-09,49.29738,185.2345185516491
2000-08-10,49.04062,184.26974486624593
2000-08-11,44.13983,165.8550648939485
2000-08-12,51.06417,191.87321811401668
2000-08-13,39.96024,150.15028826295335
2000-08-14,50.58574,190.0755211428863
2000-08-15,66.29931,249.1191371256756
2000-08-16,58.88457,221.25830975339625
2000-08-17,59.35503,223.0260595120611
2000-08-18,51.23895,192.52995259265344
2000-08-19,50.56741,190.0066463117076
2000-08-20,43.16597,162.1957935850735
2000-08-21,52.32114,196.59627302654687
2000-08-22,61.49359,231.06168193243747
2000-08-23,61.85795,232.43076177358685
2000-08-24,58.40805,219.46778959227956
2000-08-25,54.86378,206.15022287642054
2000-08-26,59.32187,222.90146107224191
2000-08-27,41.23585,154.94338282922988
2000-08-28,54.82495,206.00431945608946
2000-08-29,59.16226,222.30172774957796
2000-08-30,58.92432,221.4076700665088
2000-08-31,58.25994,218.91126742938397
2000-09-01,67.14939,251.23304296863097
2000-09-02,63.73511,238.45883974881116
2000-09-03,43.94794,164.4270290229415
2000-09-04,38.31838,143.36456681182554
2000-09-05,69.7221,260.85859223982806
2000-09-06,68.85467,257.61318556580943
2000-09-07,39.04677,146.089768577142
2000-09-08,65.39627,244.67391157087494
2000-09-09,56.90861,212.91814060284187
2000-09-10,45.84107,171.50999449195325
2000-09-11,57.56693,215.38118214122528
2000-09-12,49.49439,185.17854308991014
2000-09-13,72.68871,271.95788082012893
2000-09-14,60.76168,227.33403478849482
2000-09-15,71.82788,268.73716741709296
2000-09-16,62.99883,235.70411830045632
2000-09-17,52.94862,198.10221542726916
2000-09-18,66.83603,250.06063639360997
2000-09-19,76.08009,284.64640587244816
2000-09-20,75.61075,282.8904149932027
2000-09-21,77.33844,289.3544024695815
2000-09-22,77.57943,290.2560435868725
2000-09-23,68.69201,257.0046086782267
2000-09-24,48.99319,183.3033510571027
2000-09-25,77.34673,289.3854187144976
2000-09-26,77.0858,288.4091739876013
2000-09-27,52.9146,197.97493283956743
2000-09-28,68.4704,256.1754759839122
2000-09-29,75.08307,280.916150564089
2000-09-30,43.60486,163.14342790040445
2000-10-01,56.01588,209.26427696715442
2000-10-02,41.13367,153.6672763429858
2000-10-03,68.97038,257.65973332651186
2000-10-04,73.3941,274.18587854292434
2000-10-05,58.23568,217.55701184897165
2000-10-06,63.59222,237.56798856031924
2000-10-07,46.60079,174.0913581193083
2000-10-08,46.16967,172.48077884989257
2000-10-09,59.91397,223.82677219891536
2000-10-10,50.99025,190.48951473447252
2000-10-11,53.69798,200.60505983833008
2000-10-12,56.84961,212.3789277703878
2000-10-13,51.12414,190.98970136089224
2000-10-14,45.66217,170.58485896858693
2000-10-15,44.57156,166.5105551621815
2000-10-16,40.46916,151.18479807633275
2000-10-17,52.70471,196.89439906886318
2000-10-18,51.69554,193.12433903611992
2000-10-19,45.8786,171.39339875166274
2000-10-20,46.01355,171.89754532896757
2000-10-21,43.45665,162.34547134963677
2000-10-22,34.99096,130.71932360585285
2000-10-23,54.97224,205.3654438145912
2000-10-24,53.26256,198.97841661721068
2000-10-25,55.83572,208.59123474879772
2000-10-26,42.68293,159.45500606773763
2000-10-27,38.73334,144.70011699580476
2000-10-28,42.32354,158.1123959275555
2000-10-29,29.32306,109.54516735905045
2000-10-30,49.40709,184.57514129745215
2000-10-31,50.31241,187.9572382175381
2000-11-01,56.21166,209.3048383701684
2000-11-02,48.86349,181.94383294591086
2000-11-03,57.34367,213.51989215230924
2000-11-04,46.68382,173.82780369058722
2000-11-05,38.21468,142.2928520660608
2000-11-06,41.33975,153.92909037045285
2000-11-07,48.37136,180.11138056668722
2000-11-08,67.42853,251.0709979599971
2000-11-09,43.59603,162.33037794526993
2000-11-10,44.9261,167.2829106826239
2000-11-11,47.81655,178.0455384019806
2000-11-12,36.93684,137.53479840489982
2000-11-13,32.12932,119.63393590481795
2000-11-14,49.27981,183.4940058159216
2000-11-15,41.63166,155.0160210067058
2000-11-16,59.96889,223.2949325582701
2000-11-17,42.64026,158.77155606793957
2000-11-18,37.10876,138.17494473419518
2000-11-19,29.97115,111.59796217578476
2000-11-20,49.90029,185.80437106953488
2000-11-21,69.40127,258.4165207011217
2000-11-22,46.63503,173.64613349860073
2000-11-23,48.16361,179.33782077195062
2000-11-24,40.71501,151.60286295209553
2000-11-25,39.21274,146.009141301848
2000-11-26,37.38175,139.19142650731257
2000-11-27,49.90221,185.81152021420823
2000-11-28,51.8421,193.03472555818684
2000-11-29,48.33808,179.98746205901531
2000-11-30,53.77384,200.22758427243204
2000-12-01,70.78892,262.3766082569534
2000-12-02,48.22823,178.75621509180036
2000-12-03,35.63766,132.0897162580598
2000-12-04,49.26309,182.59188678760796
2000-12-05,59.85391,221.84638354020578
2000-12-06,66.5514,246.6703914504107
2000-12-07,58.89255,218.28313697402135
2000-12-08,45.7753,169.66451749715236
2000-12-09,45.96334,170.3614810532659
2000-12-10,42.35192,156.975881575391
2000-12-11,66.54,246.6281377568365
2000-12-12,60.23747,223.26803500576054
2000-12-13,52.34772,194.024957911276
2000-12-14,62.53553,231.78571246673852
2000-12-15,54.7112,202.78511226994036
2000-12-16,55.18886,204.55554203069977
2000-12-17,52.22516,193.57069364070975
2000-12-18,56.66505,210.02698763748162
2000-12-19,52.56555,194.83233704033478
2000-12-20,57.5588,213.3396401490562
2000-12-21,59.59732,220.8953418529947
2000-12-22,58.93834,218.4528559765444
2000-12-23,58.37915,216.38023817744246
2000-12-24,62.87457,233.04235213949292
2000-12-25,55.84367,206.98257195081632
2000-12-26,61.07279,226.36411880544551
2000-12-27,64.49045,239.03155375113278
2000-12-28,69.86738,258.96095310113077
2000-12-29,67.68431,250.8694819756
2000-12-30,67.13274,248.82510743483448
2000-12-31,58.92668,218.40963860223957
2001-01-01,49.36104,181.05382503698283
2001-01-02,57.77077,211.90029391260344
2001-01-03,57.04225,209.22811900267567
2001-01-04,64.28443,235.7920728943752
2001-01-05,55.70041,204.30631701901353
2001-01-06,56.00537,205.42489504093686
2001-01-07,58.65172,215.13157443599457
2001-01-08,53.87331,197.60460563438565
2001-01-09,54.58573,200.21772654984545
2001-01-10,56.70757,208.00052950773434
2001-01-11,59.66346,218.84258613556406
2001-01-12,56.41585,206.93051514337353
2001-01-13,72.17347,264.72867690170074
2001-01-14,62.51107,229.2874771409716
2001-01-15,81.41162,298.61374888894824
2001-01-16,80.93202,296.8546000847955
2001-01-17,83.78835,307.3314756139149
2001-01-18,96.69596,354.6759432869139
2001-01-19,100.20816,367.5585171608617
2001-01-20,66.79759,245.01021803333384
2001-01-21,58.04219,212.89584889263503
2001-01-22,86.79947,318.37611311841965
2001-01-23,89.61821,328.7151104082812
2001-01-24,84.09572,308.4588933952586
2001-01-25,90.80136,333.0548454116868
2001-01-26,89.68174,328.948135269682
2001-01-27,76.60045,280.96661804642184
2001-01-28,58.75918,215.5257323394438
2001-01-29,86.30288,316.5546458443283
2001-01-30,92.99916,341.1162658490658
2001-01-31,98.01701,359.521488590763
2001-02-01,91.97598,331.1056405506084
2001-02-02,95.61503,344.205908481928
2001-02-03,79.04698,284.5623492839232
2001-02-04,62.95837,226.64473297128455
2001-02-05,84.1364,302.88382483798716
2001-02-06,88.1124,317.1970838739791
2001-02-07,82.97028,298.6858928392319
2001-02-08,81.79433,294.4525736834535
2001-02-09,86.60196,311.7596294025698
2001-02-10,82.56899,297.2412832520706
2001-02-11,75.94459,273.3940113310381
2001-02-12,85.7092,308.54576996168134
2001-02-13,91.91616,330.89029368050456
2001-02-14,97.72156,351.78923583532037
2001-02-15,91.79277,330.44610026188
2001-02-16,94.39824,339.8255688284057
2001-02-17,94.6091,340.58464674599355
2001-02-18,71.78697,258.42693586996637
2001-02-19,95.17294,342.6144223935926
2001-02-20,107.96597,388.66823332045794
2001-02-21,103.7085,373.3417064220764
2001-02-22,100.16497,360.5853022993881
2001-02-23,100.87874,363.15481308965974
2001-02-24,91.17758,328.23146901782775
2001-02-25,79.26048,285.3309309751164
2001-02-26,91.82161,330.5499217886904
2001-02-27,85.36183,307.2952677505816
2001-02-28,82.69801,297.7057441878914
2001-03-01,82.91104,294.1196436119943
2001-03-02,87.57961,310.6809862821339
2001-03-03,82.97754,294.35554653035354
2001-03-04,69.43992,246.33202674632227
2001-03-05,97.99079,347.61373433571424
2001-03-06,86.07004,305.32591908713357
2001-03-07,91.39296,324.2085109998048
2001-03-08,90.93228,322.57428909860596
2001-03-09,88.11614,312.5842794067545
2001-03-10,76.95662,272.9968608279871
2001-03-11,68.70137,243.71208538761252
2001-03-12,86.27769,306.0625392525064
2001-03-13,86.48305,306.7910358436981
2001-03-14,85.43223,303.06334404414577
2001-03-15,85.464,303.17604533311226
2001-03-16,82.5621,292.88180956188506
2001-03-17,77.5459,275.08727995175735
2001-03-18,59.55963,211.2825644119558
2001-03-19,58.60236,207.88673303364413
2001-03-20,66.27036,235.08829059723004
2001-03-21,60.26068,213.76947780918482
2001-03-22,52.00746,184.4919036157917
2001-03-23,60.78043,215.61324535530815
2001-03-24,60.98133,216.3259204876144
2001-03-25,56.90026,201.8486825473401
2001-03-26,60.85094,215.86337339701504
2001-03-27,59.10141,209.6570691450301
2001-03-28,61.07457,216.65668121104017
2001-03-29,59.75443,211.97360032919454
2001-03-30,57.44745,203.7897910871443
2001-03-31,63.38229,224.84311553819697
2001-04-01,59.43341,208.437781764737
2001-04-02,59.52625,208.76337916288455
2001-04-03,62.91555,220.6499287270981
2001-04-04,63.95578,224.29809957452431
2001-04-05,66.89991,234.62340189904208
2001-04-06,65.15523,228.5046678555251
2001-04-07,67.1305,235.43209970213178
2001-04-08,64.15705,225.0039697632917
2001-04-09,71.54798,250.92455978796715
2001-04-10,72.18937,253.17396645748326
2001-04-11,71.74323,251.60931734923724
2001-04-12,61.10138,214.28748762630758
2001-04-13,55.45748,194.49387328545114
2001-04-14,59.71977,209.44206947405988
2001-04-15,60.43709,211.95776880235826
2001-04-16,65.42899,229.46476634450485
2001-04-17,68.3048,239.55046489649519
2001-04-18,68.17437,239.09303632432383
2001-04-19,68.73414,241.05619504428364
2001-04-20,67.37595,236.2929127285786
2001-04-21,68.11237,238.87559730358763
2001-04-22,66.74299,234.07307075172068
2001-04-23,69.37539,243.3051107224626
2001-04-24,71.70286,251.46773649009015
2001-04-25,73.02489,256.1042027575723
2001-04-26,79.05197,277.24166038819806
2001-04-27,81.98847,287.54020368484134
2001-04-28,80.52117,282.39426376345034
2001-04-29,76.29641,267.57768832400654
2001-04-30,80.39585,281.9547563750848
2001-05-01,65.98813,230.4577657724994
2001-05-02,69.63722,243.20189306482865
2001-05-03,66.10465,230.8647016694223
2001-05-04,62.36869,217.81718850886708
2001-05-05,47.85343,167.1239139880263
2001-05-06,47.17511,164.75494078513657
2001-05-07,53.50152,186.84937373786306
2001-05-08,56.55021,197.49665660423557
2001-05-09,54.68454,190.98096749668272
2001-05-10,59.74426,208.65159654215546
2001-05-11,54.33554,189.76211555687777
2001-05-12,54.83959,191.52246604472504
2001-05-13,51.74008,180.6976987784073
2001-05-14,54.33243,189.75125415420501
2001-05-15,52.94615,184.90979264385308
2001-05-16,51.40985,179.54439942000673
2001-05-17,47.57197,166.1409395840793
2001-05-18,49.21791,171.88924090729586
2001-05-19,46.61089,162.7844518410771
2001-05-20,45.73817,159.73655366082897
2001-05-21,43.31162,151.2620402667495
2001-05-22,46.82865,163.54495957291647
2001-05-23,49.71135,173.61253689920807
2001-05-24,46.59078,162.71421942700985
2001-05-25,43.0728,150.42798232902967
2001-05-26,43.2284,150.9714017039112
2001-05-27,40.15266,140.2296490811727
2001-05-28,40.82702,142.58479233081994
2001-05-29,43.09063,150.4902520427452
2001-05-30,49.52566,172.96403083415825
2001-05-31,49.84184,174.06826179784747
2001-06-01,50.92758,177.78896663385828
2001-06-02,48.56325,169.53505416675438
2001-06-03,48.19205,168.23918924612616
2001-06-04,46.39018,161.9488333071919
2001-06-05,43.74052,152.6988294128174
2001-06-06,40.88429,142.72768646495643
2001-06-07,39.46438,137.77075877247464
2001-06-08,44.58583,155.64981965003793
2001-06-09,48.27805,168.53941657148724
2001-06-10,48.42538,169.05374787201566
2001-06-11,48.60811,169.69166111809974
2001-06-12,46.01517,160.63966761784707
2001-06-13,45.03426,157.21529569087122
2001-06-14,43.98416,153.54938040759612
2001-06-15,43.48864,151.81951245105057
2001-06-16,43.42598,151.60076542538636
2001-06-17,42.34739,147.83539111304685
2001-06-18,41.69805,145.5685351659544
2001-06-19,42.73486,149.18805485441493
2001-06-20,41.67082,145.47347481630806
2001-06-21,41.32668,144.27207677270624
2001-06-22,37.17753,129.7873301794286
2001-06-23,37.44553,130.72292230962356
2001-06-24,38.75285,135.28679657696117
2001-06-25,40.1077,140.01659880679188
2001-06-26,41.5189,144.94311975504235
2001-06-27,40.94414,142.93662373731524
2001-06-28,45.4886,158.80140363278454
2001-06-29,48.11701,167.97722344967158
2001-06-30,41.03104,143.23999297654638
2001-07-01,39.09173,136.31987370439694
2001-07-02,38.63665,134.7329281247207
2001-07-03,41.05882,143.1794693366491
2001-07-04,43.40512,151.3614382511133
2001-07-05,48.52945,169.23089602184004
2001-07-06,41.53584,144.84292363131635
2001-07-07,41.18046,143.60364983307133
2001-07-08,39.77045,138.68669207443705
2001-07-09,42.18131,147.0937932878902
2001-07-10,40.22045,140.25592278300326
2001-07-11,41.20732,143.69731547047598
2001-07-12,41.7306,145.5220866819838
2001-07-13,39.21031,136.7333834320009
2001-07-14,36.71477,128.03098787098912
2001-07-15,38.64096,134.7479578677294
2001-07-16,40.67129,141.82808272222545
2001-07-17,37.03467,129.14653654581207
2001-07-18,38.76105,135.16673323615544
2001-07-19,41.46866,144.60865492242417
2001-07-20,38.16245,133.07930767582715
2001-07-21,39.46769,137.6309136537137
2001-07-22,35.03259,122.16492450802046
2001-07-23,38.92463,135.73716603461602
2001-07-24,60.05313,209.41603498115154
2001-07-25,42.36169,147.72281069947059
2001-07-26,38.05269,132.6965548701111
2001-07-27,37.59682,131.10685441874648
2001-07-28,44.06216,153.65265457279403
2001-07-29,36.88625,128.6289693863334
2001-07-30,38.98196,135.93708602688736
2001-07-31,39.20168,136.70328907418994
2001-08-01,40.01622,139.18187979422692
2001-08-02,38.44328,133.71097959416977
2001-08-03,40.9417,142.40082566447555
2001-08-04,35.79259,124.49151766218918
2001-08-05,43.41982,151.02006556158904
2001-08-06,41.47191,144.24496847670764
2001-08-07,38.34889,133.3826782795084
2001-08-08,38.59752,134.24744738496713
2001-08-09,39.22133,136.4171437839383
2001-08-10,36.31267,126.3004269505573
2001-08-11,39.39874,137.0342
2001-08-12,35.93109,124.97323958273792
2001-08-13,38.62928,134.35791300371534
2001-08-14,41.93262,145.84738079451273
2001-08-15,45.5178,158.31712660760218
2001-08-16,41.69127,145.00793252357818
2001-08-17,46.15517,160.53398653901115
2001-08-18,42.71095,148.55451886253215
2001-08-19,32.54409,113.19279088310945
2001-08-20,32.93463,114.55114235495856
2001-08-21,40.26493,140.04692715061447
2001-08-22,46.38896,161.3471400971706
2001-08-23,44.86619,156.05073801086024
2001-08-24,44.31094,154.11950265790227
2001-08-25,37.63294,130.8925063732495
2001-08-26,37.80619,131.49509354101173
2001-08-27,39.14278,136.14393615318664
2001-08-28,38.73212,134.71560457273506
2001-08-29,39.54636,137.54764252643614
2001-08-30,39.82168,138.50524309802802
2001-08-31,41.1722,143.2025361531866
2001-09-01,43.69599,151.42029336646328
2001-09-02,48.34065,167.51549523252643
2001-09-03,53.3501,184.8748087211241
2001-09-04,53.01346,183.70824566673662
2001-09-05,59.23038,205.2518209521537
2001-09-06,60.44522,209.4616221076674
2001-09-07,46.38708,160.74576321565436
2001-09-08,44.27633,153.43135326125667
2001-09-09,38.11036,132.06433568621577
2001-09-10,49.66661,172.11036199700976
2001-09-11,53.49119,185.3637297683661
2001-09-12,44.15521,153.01163451973036
2001-09-13,43.65689,151.28479961816672
2001-09-14,41.34276,143.26561425383161
2001-09-15,38.19403,132.35427844631738
2001-09-16,37.96548,131.56228110173484
2001-09-17,42.99027,148.97475249567444
2001-09-18,47.93156,166.0978702327659
2001-09-19,45.51164,157.71208937911385
2001-09-20,49.62586,171.96915048184138
2001-09-21,50.73428,175.81017300068703
2001-09-22,45.88977,159.02242828047895
2001-09-23,40.77445,141.29624207750388
2001-09-24,48.58431,168.35985346040212
2001-09-25,48.43167,167.83090804505719
2001-09-26,44.0277,152.56977242650038
2001-09-27,46.81216,162.218798574373
2001-09-28,42.39543,146.91344555867389
2001-09-29,41.46892,143.70279817416647
2001-09-30,41.35005,143.29087638746543
2001-10-01,41.45291,143.37490286010035
2001-10-02,47.12104,162.97949969415666
2001-10-03,46.91545,162.26841701554596
2001-10-04,51.8268,179.25550740707587
2001-10-05,50.63593,175.1365958380447
2001-10-06,46.38226,160.42425059982324
2001-10-07,47.17202,163.15582633920542
2001-10-08,49.88282,172.53178297706654
2001-10-09,47.47375,164.19943243199788
2001-10-10,47.12769,163.00250032557238
2001-10-11,47.66245,164.85209696555415
2001-10-12,49.47129,171.10840706029697
2001-10-13,50.07124,173.18347906298428
2001-10-14,44.82886,155.05144145077
2001-10-15,46.59437,161.15788427344603
2001-10-16,50.6343,175.13095808929168
2001-10-17,52.44137,181.38114621146212
2001-10-18,45.89845,158.7508768426432
2001-10-19,46.51496,160.88322560566806
2001-10-20,48.79098,168.7553905853437
2001-10-21,46.97545,162.47594150952253
2001-10-22,56.8894,196.76573246050503
2001-10-23,54.94801,190.05096617115234
2001-10-24,53.37009,184.59334867889402
2001-10-25,38.8848,134.49247405633113
2001-10-26,44.61585,154.31469490973754
2001-10-27,46.60135,161.18202628957863
2001-10-28,39.30958,135.96167829885388
2001-10-29,55.5354,192.08259637976724
2001-10-30,46.46647,160.71551122711932
2001-10-31,50.26802,173.86409022839607
2001-11-01,51.03531,176.30648856253947
2001-11-02,50.52056,174.5282341542177
2001-11-03,40.92776,141.38896482318535
2001-11-04,34.93887,120.69975638519787
2001-11-05,39.37177,136.01364461569713
2001-11-06,42.37401,146.38517742743076
2001-11-07,48.30064,166.85930258331607
2001-11-08,47.41296,163.79272487922853
2001-11-09,35.68375,123.27301747052223
2001-11-10,48.36464,167.08039686623513
2001-11-11,39.61447,136.85207559170428
2001-11-12,44.6265,154.1666252607492
2001-11-13,41.48834,143.3255434656662
2001-11-14,42.09811,145.43205379215934
2001-11-15,38.38873,132.6176364300602
2001-11-16,39.08859,135.03537150574365
2001-11-17,39.98609,138.13587336386655
2001-11-18,35.75513,123.5196066879404
2001-11-19,41.07907,141.91168007238042
2001-11-20,42.495,146.80314926009294
2001-11-21,37.81236,130.6265096824654
2001-11-22,37.38324,129.14407251549304
2001-11-23,38.64422,133.50025171666945
2001-11-24,37.77552,130.49924228586013
2001-11-25,32.23197,111.34850459717231
2001-11-26,44.63105,154.18234368242548
2001-11-27,40.98157,141.5748567507459
2001-11-28,31.96431,110.42384685082672
2001-11-29,34.55241,119.36469237618374
2001-11-30,31.67564,109.42660799691659
2001-12-01,30.78189,105.9787051881414
2001-12-02,33.52948,115.4383592440777
2001-12-03,34.37533,118.35052895761346
2001-12-04,35.92938,123.70095437975719
2001-12-05,32.35762,111.40377249642265
2001-12-06,34.13822,117.5341849713553
2001-12-07,35.30663,121.55689374358717
2001-12-08,33.48703,115.29220850300116
2001-12-09,35.02349,120.58207346494379
2001-12-10,41.27491,142.10503378957787
2001-12-11,41.04266,141.30542225565497
2001-12-12,45.07623,155.19256582889665
2001-12-13,44.14837,151.99804458943183
2001-12-14,44.95726,154.78296503582533
2001-12-15,40.9121,140.85591835094465
2001-12-16,43.13761,148.518107650668
2001-12-17,42.76332,147.2294678184527
2001-12-18,39.59637,136.3260028136858
2001-12-19,37.36939,128.65875246356475
2001-12-20,34.10353,117.41475106775236
2001-12-21,31.93352,109.94364224222805
2001-12-22,31.62025,108.86508764488886
2001-12-23,34.68672,119.42261091906988
2001-12-24,31.86622,109.71193564919032
2001-12-25,31.87072,109.72742866061186
2001-12-26,31.71674,109.19729223868099
2001-12-27,31.18981,107.38312945904701
2001-12-28,30.63612,105.47683490482625
2001-12-29,29.73254,102.36590706920926
2001-12-30,30.61079,105.38962646498013
2001-12-31,29.86055,102.8066316007807
2002-01-01,31.94784,109.11999281249437
2002-01-02,29.88096,102.06042538182338
2002-01-03,30.17671,103.07057936638994
2002-01-04,30.33603,103.61474752470319
2002-01-05,31.49368,107.5687788357209
2002-01-06,32.74196,111.83236299752905
2002-01-07,34.57724,118.10088507629602
2002-01-08,35.80085,122.28020719651748
2002-01-09,35.76279,122.15021071079441
2002-01-10,34.88263,119.14396512818709
2002-01-11,35.19069,120.19616474436823
2002-01-12,35.78526,122.2269585046514
2002-01-13,37.6979,128.75970885813035
2002-01-14,38.62595,131.92952595154375
2002-01-15,39.70807,135.62557947573367
2002-01-16,41.07348,140.28922901780314
2002-01-17,40.04512,136.77679638358882
2002-01-18,38.25807,130.67300710845885
2002-01-19,38.30381,130.82923514989275
2002-01-20,39.89553,136.26586169364356
2002-01-21,40.71754,139.0734920464874
2002-01-22,42.345,144.63219096017366
2002-01-23,43.76212,149.47245947956156
2002-01-24,47.5826,162.52156546420022
2002-01-25,51.20348,174.8889242457299
2002-01-26,40.77558,139.2717315638644
2002-01-27,44.47402,151.904001733536
2002-01-28,56.62784,193.41619007066146
2002-01-29,44.11846,150.68956267773723
2002-01-30,46.2324,157.90986669847993
2002-01-31,45.17423,154.29561600752876
2002-02-01,49.36306,166.50483885205634
2002-02-02,51.01219,172.06746250010596
2002-02-03,55.01535,185.5703837270112
2002-02-04,56.31387,189.95037685033407
2002-02-05,51.78367,174.6697151375556
2002-02-06,50.98263,171.9677546814159
2002-02-07,53.48954,180.42372652689323
2002-02-08,54.00888,182.17549440776259
2002-02-09,54.58007,184.10215573920976
2002-02-10,56.24456,189.71658967464364
2002-02-11,56.63816,191.0442282888659
2002-02-12,57.80705,194.98697092041627
2002-02-13,57.46407,193.8300768861024
2002-02-14,54.09969,182.48180249352868
2002-02-15,52.76276,177.9722499210893
2002-02-16,51.7968,174.7140034886855
2002-02-17,52.31445,176.4600708887164
2002-02-18,56.70395,191.2661422736974
2002-02-19,55.19468,186.17527557835388
2002-02-20,52.59266,177.39849146509536
2002-02-21,59.32238,200.09827839320437
2002-02-22,59.28034,199.95647471601458
2002-02-23,78.31915,264.17562950473547
2002-02-24,61.49545,207.42818602381394
2002-02-25,66.48047,224.24298542592308
2002-02-26,60.82382,205.16273398501798
2002-02-27,61.91946,208.85839956247344
2002-02-28,92.53947,312.1417015032031
2002-03-01,52.21134,174.87079217179073
2002-03-02,54.85992,183.74164824884912
2002-03-03,58.19477,194.911019907843
2002-03-04,52.79863,176.83779526986427
2002-03-05,70.21442,235.1682842708658
2002-03-06,53.89057,180.4950163410734
2002-03-07,53.06319,177.72388278987367
2002-03-08,47.6748,159.67661513057675
2002-03-09,51.64882,172.98675092687196
2002-03-10,44.00056,147.37052876257164
2002-03-11,51.49023,172.4555874108518
2002-03-12,52.59961,176.17122005731406
2002-03-13,49.49732,165.78075871603028
2002-03-14,51.97183,174.0686043054562
2002-03-15,71.40313,239.14961590040315
2002-03-16,66.33873,222.18748392151088
2002-03-17,61.07721,204.56514037645496
2002-03-18,68.22652,228.5102355067792
2002-03-19,59.65672,199.8075108735135
2002-03-20,62.59914,209.66252161068516
2002-03-21,63.61888,213.07792411920653
2002-03-22,61.97276,207.5645948614279
2002-03-23,61.26579,205.196749026755
2002-03-24,45.7967,153.38631814187968
2002-03-25,46.41183,155.4465654059536
2002-03-26,43.76084,146.56763754584705
2002-03-27,37.01741,123.98195125518646
2002-03-28,37.95105,127.1089801037713
2002-03-29,38.57021,129.1827249967598
2002-03-30,60.9686,204.20137425327601
2002-03-31,55.2601,185.08196614935324
2002-04-01,59.63439,197.91182390123777
2002-04-02,65.53325,217.48868452709564
2002-04-03,63.22797,209.83802910154262
2002-04-04,64.13332,212.84266233027165
2002-04-05,61.04396,202.58983887911322
2002-04-06,56.04046,185.98445713730547
2002-04-07,51.79714,171.90192521911865
2002-04-08,45.67154,151.572570487907
2002-04-09,38.5361,127.89180600389284
2002-04-10,39.36657,130.6479309914254
2002-04-11,49.16494,163.16630299052142
2002-04-12,48.5095,160.9910593792792
2002-04-13,44.43959,147.48403245716452
2002-04-14,37.45393,124.30035083060773
2002-04-15,50.21364,166.64667949349607
2002-04-16,54.75377,181.7142505552396
2002-04-17,60.85646,201.9675726501557
2002-04-18,55.88317,185.4624504431576
2002-04-19,54.02463,179.29441483160178
2002-04-20,53.55112,177.7229519938755
2002-04-21,40.57691,134.66475076505975
2002-04-22,55.02059,182.5997602896953
2002-04-23,51.67738,171.5044713333589
2002-04-24,55.18398,183.14201137849193
2002-04-25,47.68344,158.2495700934517
2002-04-26,46.62849,154.7484513828451
2002-04-27,37.01998,122.86017787030843
2002-04-28,34.90625,115.84522962425842
2002-04-29,43.56128,144.5691383155342
2002-04-30,43.54221,144.5058496916077
2002-05-01,40.80284,134.606996869477
2002-05-02,41.67762,137.49286238083553
2002-05-03,37.82681,124.7891885773711
2002-05-04,37.90409,125.04413231947515
2002-05-05,36.26685,119.64294064863601
2002-05-06,39.8556,131.48208861028124
2002-05-07,46.68241,154.00347173700754
2002-05-08,49.55242,163.47152413447222
2002-05-09,48.56933,160.228348106715
2002-05-10,42.84849,141.3555173927064
2002-05-11,37.01221,122.10185456704546
2002-05-12,39.07785,128.9163213299832
2002-05-13,43.89692,144.81424756266188
2002-05-14,45.58199,150.37322856042695
2002-05-15,42.34345,139.68940989384208
2002-05-16,44.40745,146.4984663599753
2002-05-17,41.32635,136.3340361866211
2002-05-18,43.19217,142.48930446939275
2002-05-19,40.57975,133.87103155599362
2002-05-20,44.09664,145.4731161466813
2002-05-21,41.13518,135.70337372313722
2002-05-22,39.06634,128.87835028350779
2002-05-23,34.4853,113.7656758486168
2002-05-24,32.47569,107.13604989662743
2002-05-25,33.30166,109.86089309882318
2002-05-26,32.82965,108.30375029718581
2002-05-27,33.80998,111.53782119129649
2002-05-28,37.48695,123.66800353348542
2002-05-29,42.59629,140.5235193109434
2002-05-30,39.7107,131.0040690938361
2002-05-31,37.10891,122.42086414082215
2002-06-01,33.53568,110.15915487790383
2002-06-02,34.4618,113.20130570101294
2002-06-03,33.08174,108.66803715596483
2002-06-04,34.0573,111.87259019120036
2002-06-05,39.56903,129.97771043075383
2002-06-06,38.37732,126.06314044262338
2002-06-07,32.35242,106.27234174034919
2002-06-08,32.06313,105.32207200034009
2002-06-09,31.9551,104.96721134144006
2002-06-10,33.54178,110.17919236766863
2002-06-11,37.70915,123.86831264981379
2002-06-12,40.32324,132.45516537427858
2002-06-13,35.62579,117.0248200799172
2002-06-14,34.61066,113.69028614796156
2002-06-15,34.86463,114.52453553739814
2002-06-16,35.46118,116.4841034913628
2002-06-17,37.1259,121.95243299320515
2002-06-18,36.6155,120.27585352173827
2002-06-19,36.65408,120.40258243241459
2002-06-20,38.20975,125.51270074428149
2002-06-21,37.96058,124.6942185599057
2002-06-22,34.78893,114.27587357425152
2002-06-23,33.73244,110.80547889202181
2002-06-24,37.6161,123.56265881004109
2002-06-25,37.66851,123.73481698029886
2002-06-26,38.49128,126.4374801694423
2002-06-27,36.06249,118.45930725701277
2002-06-28,34.55238,113.49884599984813
2002-06-29,34.13445,112.12601516420912
2002-06-30,34.16072,112.21230776357321
2002-07-01,37.54771,123.31337692792056
2002-07-02,38.82399,127.50490809468323
2002-07-03,39.64066,130.1869980419989
2002-07-04,37.23754,122.29472332369987
2002-07-05,39.16519,128.62546975364475
2002-07-06,38.50429,126.45495627062107
2002-07-07,37.76727,124.0344511302699
2002-07-08,38.62985,126.86731770643352
2002-07-09,39.48376,129.6717104561517
2002-07-10,37.97555,124.7184798006348
2002-07-11,40.51436,133.05638468160822
2002-07-12,42.3912,139.2202620087048
2002-07-13,41.73917,137.07887918780008
2002-07-14,41.0637,134.86051522596318
2002-07-15,41.98638,137.8907609220084
2002-07-16,44.12689,144.920577559241
2002-07-17,44.67929,146.73475768940028
2002-07-18,44.91271,147.50135060392194
2002-07-19,44.89812,147.4534344415414
2002-07-20,44.05818,144.694921663616
2002-07-21,44.02247,144.57764365411563
2002-07-22,44.62226,146.54746099710667
2002-07-23,46.01409,151.118478974224
2002-07-24,44.00492,144.52000632376752
2002-07-25,44.88097,147.39711078254024
2002-07-26,45.28888,148.73675998039192
2002-07-27,44.92502,147.54177883962484
2002-07-28,45.51411,149.47645547408453
2002-07-29,46.27877,151.98773530451103
2002-07-30,48.7783,160.19663765921243
2002-07-31,46.94785,154.18511336658014
2002-08-01,46.51861,152.6381103215109
2002-08-02,47.95894,157.3641597335501
2002-08-03,46.41191,152.28800342082522
2002-08-04,46.78617,153.5160353669416
2002-08-05,49.10918,161.13835806011696
2002-08-06,47.66135,156.3876994469986
2002-08-07,46.96191,154.09267816662765
2002-08-08,47.58608,156.14072150496852
2002-08-09,46.08628,151.2195375345059
2002-08-10,44.1331,144.8107109526762
2002-08-11,43.48115,142.67151513353824
2002-08-12,45.98968,150.90257102460677
2002-08-13,45.86437,150.4914004929768
2002-08-14,44.58925,146.3074425623085
2002-08-15,45.9547,150.78779371077377
2002-08-16,44.19394,145.01034079183003
2002-08-17,45.96975,150.8371761742725
2002-08-18,43.20263,141.7576278422639
2002-08-19,43.9833,144.31918317645582
2002-08-20,47.23852,155.00029831469382
2002-08-21,45.6561,149.80801938514358
2002-08-22,46.27046,151.82387388847295
2002-08-23,44.62997,146.4410541180341
2002-08-24,44.70742,146.69518513451118
2002-08-25,44.2312,145.13259930279114
2002-08-26,44.66647,146.56081889661914
2002-08-27,44.79553,146.98429402878872
2002-08-28,44.54499,146.16221546367356
2002-08-29,45.33584,148.75717368679688
2002-08-30,45.25499,148.49188649916394
2002-08-31,45.27907,148.57089844076197
2002-09-01,45.62546,149.1703720426256
2002-09-02,45.51476,148.80844341362945
2002-09-03,48.37167,158.14898107817677
2002-09-04,45.46999,148.66206992925586
2002-09-05,44.38627,145.1188965433868
2002-09-06,44.32039,144.90350487149638
2002-09-07,44.8999,146.79818653174533
2002-09-08,45.44565,148.5824914032417
2002-09-09,46.91769,153.39525941613684
2002-09-10,47.77422,156.1956454016298
2002-09-11,50.69099,165.7318926211158
2002-09-12,48.79051,159.51835946091163
2002-09-13,50.77201,165.9967838363034
2002-09-14,50.52617,165.19302110683265
2002-09-15,49.83868,162.94530373421688
2002-09-16,50.41068,164.81543179009583
2002-09-17,50.83809,166.21282939912243
2002-09-18,48.23138,157.69030928629
2002-09-19,47.88777,156.56689197635893
2002-09-20,46.70024,152.68431650398497
2002-09-21,48.17862,157.51781285931764
2002-09-22,47.9161,156.6595156263992
2002-09-23,55.33909,180.92864474791799
2002-09-24,50.57367,165.348320202382
2002-09-25,53.83761,176.01962399032865
2002-09-26,55.22681,180.56155038058566
2002-09-27,53.9233,176.29978355869974
2002-09-28,54.85324,179.340180209546
2002-09-29,53.26292,174.14070110145968
2002-09-30,54.59186,178.48561015492075
2002-10-01,51.42499,167.19542421653586
2002-10-02,51.88658,168.6961680351367
2002-10-03,53.82944,175.01288879470007
2002-10-04,53.82627,175.0025823367938
2002-10-05,54.70361,177.85503274042316
2002-10-06,54.51383,177.23801079043707
2002-10-07,55.75242,181.26497473307197
2002-10-08,57.32986,186.39362424717262
2002-10-09,58.50705,190.22096152878345
2002-10-10,59.4866,193.4057220467983
2002-10-11,60.75419,197.5269721974087
2002-10-12,61.89712,201.24292170366638
2002-10-13,62.90037,204.5047368123371
2002-10-14,64.31652,209.10899244766625
2002-10-15,65.17553,211.90184746535795
2002-10-16,64.23742,208.85181868729163
2002-10-17,59.29351,192.77793846410881
2002-10-18,63.19222,205.45361370191148
2002-10-19,66.05084,214.74769783442903
2002-10-20,65.22318,212.05676945880742
2002-10-21,65.74599,213.7565547136932
2002-10-22,65.57731,213.20813410813068
2002-10-23,65.35145,212.47380711042885
2002-10-24,65.74623,213.75733501334537
2002-10-25,65.38327,212.57726183931786
2002-10-26,65.03099,211.43191199981374
2002-10-27,65.35063,212.4711410866171
2002-10-28,63.00003,204.82875624291782
2002-10-29,61.2476,199.13117074489855
2002-10-30,55.78305,181.36456047618543
2002-10-31,52.94729,172.144799885541
2002-11-01,54.11724,174.58687020524238
2002-11-02,52.65196,169.85975091434105
2002-11-03,50.29821,162.26635099694707
2002-11-04,50.83117,163.98572579035093
2002-11-05,51.53343,166.2512769431875
2002-11-06,51.09862,164.84854249047072
2002-11-07,53.82451,173.6424980510974
2002-11-08,49.82535,160.74086397201285
2002-11-09,48.12241,155.2470330828671
2002-11-10,47.83734,154.3273727474655
2002-11-11,49.43836,159.49240095171237
2002-11-12,48.07159,155.08308339245733
2002-11-13,51.24864,165.3325199118653
2002-11-14,52.80405,170.3504063337511
2002-11-15,52.51817,169.42813286869125
2002-11-16,54.52349,175.89746764186108
2002-11-17,54.56809,176.04135107736434
2002-11-18,54.88752,177.0718597276514
2002-11-19,54.34369,175.31741737945114
2002-11-20,54.67555,176.38802627869123
2002-11-21,56.2477,181.45991738018074
2002-11-22,55.78043,179.9524641759744
2002-11-23,53.46932,172.49662456552792
2002-11-24,54.14827,174.68697565375504
2002-11-25,54.81188,176.82783858277548
2002-11-26,58.48869,188.6895438404593
2002-11-27,57.09316,184.18744404790664
2002-11-28,59.97735,193.49208902198993
2002-11-29,56.53302,182.38038423708178
2002-11-30,59.94873,193.399758440732
2002-12-01,63.35802,203.8479702123944
2002-12-02,65.20215,209.781270484527
2002-12-03,64.06677,206.12830108270938
2002-12-04,65.42424,210.49582241819647
2002-12-05,67.01702,215.62042968961845
2002-12-06,68.54947,220.5509313364815
2002-12-07,67.7406,217.9484745730647
2002-12-08,67.92652,218.54665321914433
2002-12-09,69.04082,222.13179986999722
2002-12-10,68.64577,220.86076676901956
2002-12-11,66.52411,214.03454201513946
2002-12-12,66.35083,213.4770312804542
2002-12-13,68.09035,219.07375954222542
2002-12-14,66.01027,212.38131419940385
2002-12-15,66.30868,213.3414179525053
2002-12-16,65.8945,212.00883602676694
2002-12-17,62.85627,202.23364073912379
2002-12-18,63.31791,203.71892037647433
2002-12-19,61.59632,198.1798800617998
2002-12-20,64.40041,207.20175376923055
2002-12-21,63.11639,203.07055032076235
2002-12-22,62.69456,201.71335529991583
2002-12-23,62.23975,200.25005049126966
2002-12-24,62.48247,201.03097734677988
2002-12-25,61.65174,198.3581882619167
2002-12-26,61.25481,197.0811064525987
2002-12-27,61.19008,196.87284427660506
2002-12-28,60.98159,196.2020489564612
2002-12-29,60.83329,195.72490882514873
2002-12-30,59.30165,190.79701327070887
2002-12-31,59.70354,192.09005337437148
2003-01-01,60.52463,192.47976600163503
2003-01-02,62.64529,199.22386572713566
2003-01-03,63.84138,203.0276580562568
2003-01-04,63.66911,202.4798068874169
2003-01-05,63.80426,202.909609438463
2003-01-06,64.10155,203.85504784320213
2003-01-07,66.18287,210.47403893120253
2003-01-08,65.00956,206.74269130879858
2003-01-09,67.2002,213.70934066450423
2003-01-10,67.46069,214.5377481119478
2003-01-11,66.46854,211.3825235391
2003-01-12,67.3889,214.30944233954975
2003-01-13,67.28124,213.96706318567905
2003-01-14,66.1997,210.52756151303095
2003-01-15,67.76234,215.4970521409752
2003-01-16,66.75526,212.29434734550722
2003-01-17,69.67516,221.58018137288045
2003-01-18,70.7603,225.03113172613354
2003-01-19,73.36129,233.30277166135647
2003-01-20,73.40371,233.4376752811521
2003-01-21,74.15751,235.83490179227712
2003-01-22,74.17933,235.9042935174996
2003-01-23,73.6569,234.24286734847993
2003-01-24,73.43413,233.53441663226434
2003-01-25,73.44937,233.58288271349218
2003-01-26,72.80319,231.52790814867558
2003-01-27,73.33434,233.21706556627183
2003-01-28,74.78417,237.82779906670217
2003-01-29,73.91569,235.0658684745267
2003-01-30,75.12168,238.9011446753116
2003-01-31,75.95407,241.54830224442193
2003-02-01,77.30119,243.13365304028665
2003-02-02,76.96533,242.07728031549271
2003-02-03,76.27916,239.91908561361748
2003-02-04,77.28524,243.08348587253678
2003-02-05,76.2547,239.84215213881112
2003-02-06,76.65501,241.1012379646381
2003-02-07,76.1335,239.46094456945178
2003-02-08,76.15451,239.5270268386947
2003-02-09,74.47867,234.25604587305838
2003-02-10,73.18543,230.1884478780234
2003-02-11,72.09923,226.77204802787415
2003-02-12,71.64428,225.34110426813797
2003-02-13,72.16509,226.97919596944186
2003-02-14,64.0214,201.36503532162192
2003-02-15,68.7521,216.24439710683743
2003-02-16,68.14764,214.34320298658218
2003-02-17,69.96558,220.06112781035347
2003-02-18,68.31672,214.87500641750032
2003-02-19,67.97419,213.7976546952837
2003-02-20,68.70511,216.09660054178633
2003-02-21,72.32403,227.4791062918343
2003-02-22,70.4468,221.57469799622052
2003-02-23,70.4965,221.73101826187366
2003-02-24,73.42218,230.93309220183377
2003-02-25,72.21792,227.14536095202646
2003-02-26,69.29672,217.9573778529139
2003-02-27,71.18751,223.9044361043075
2003-02-28,71.00543,223.33174407271557
2003-03-01,70.77068,220.28048344147717
2003-03-02,71.1018,221.311125985496
2003-03-03,68.45367,213.06856908741509
2003-03-04,69.14833,215.2307645139315
2003-03-05,67.43907,209.9105299319382
2003-03-06,71.47899,222.48516579335558
2003-03-07,68.83235,214.2472466622189
2003-03-08,72.17419,224.64904202131487
2003-03-09,70.89391,220.66404855593552
2003-03-10,75.11034,233.7880886075098
2003-03-11,74.73793,232.6289270050151
2003-03-12,78.01669,242.83437985481925
2003-03-13,79.65944,247.94759572576308
2003-03-14,80.43267,250.35434776222016
2003-03-15,86.24381,268.4420746082262
2003-03-16,86.33684,268.7316393456932
2003-03-17,82.77882,257.65696314229314
2003-03-18,84.33345,262.4958971185192
2003-03-19,84.08705,261.7289536453184
2003-03-20,77.25346,240.4587537710083
2003-03-21,82.20495,255.87073809778937
2003-03-22,79.94464,248.83530789523087
2003-03-23,78.28022,243.65464208490283
2003-03-24,78.58642,244.6077187549275
2003-03-25,78.53717,244.45442343814528
2003-03-26,80.27151,249.85272190937508
2003-03-27,78.9754,245.81845606095683
2003-03-28,78.88694,245.54311588384914
2003-03-29,78.14272,243.22666023601846
2003-03-30,78.69794,244.9548353788372
2003-03-31,83.6068,260.2341297694878
2003-04-01,83.00838,255.43405008030174
2003-04-02,80.16974,246.69896439473666
2003-04-03,84.78499,260.9010485654326
2003-04-04,82.82216,254.8610124086118
2003-04-05,84.5691,260.23671013271246
2003-04-06,81.89666,252.01305641489984
2003-04-07,82.62201,254.24510922963674
2003-04-08,83.0894,255.6833654715611
2003-04-09,84.89825,261.24957314225355
2003-04-10,87.06831,267.9272991106107
2003-04-11,86.43211,265.9695793880828
2003-04-12,88.97097,273.78217966274036
2003-04-13,88.11994,271.1633833479606
2003-04-14,81.82024,251.77789618038935
2003-04-15,77.95073,239.8706090953236
2003-04-16,79.73934,245.37453407632105
2003-04-17,76.94029,236.7612750550359
2003-04-18,78.46797,241.46226415549387
2003-04-19,79.94998,246.02271716709953
2003-04-20,80.03808,246.2938191909202
2003-04-21,79.06503,243.29954195733683
2003-04-22,79.76545,245.45487997691083
2003-04-23,77.84961,239.5594418234877
2003-04-24,75.42611,232.1018282624278
2003-04-25,74.42291,229.0147732079796
2003-04-26,76.37156,235.011174555518
2003-04-27,75.57387,232.55651651486528
2003-04-28,75.49041,232.29969273611303
2003-04-29,75.79851,233.24778051748814
2003-04-30,74.93178,230.5806720372829
2003-05-01,76.63226,234.6635350799948
2003-05-02,78.22309,239.53497944965463
2003-05-03,79.36102,243.01955208882222
2003-05-04,79.40781,243.16283256634426
2003-05-05,78.50442,240.39646901454617
2003-05-06,78.54221,240.5121896652313
2003-05-07,77.15598,236.26727202566357
2003-05-08,78.49321,240.36214171911934
2003-05-09,77.38878,236.98015287984458
2003-05-10,81.22194,248.71806686185732
2003-05-11,79.44766,243.2848613551721
2003-05-12,78.1604,239.34300994472073
2003-05-13,79.45293,243.30099916488658
2003-05-14,75.42669,230.971835031133
2003-05-15,74.41518,227.87438609293434
2003-05-16,73.49355,225.05216795874676
2003-05-17,72.3348,221.5038402534965
2003-05-18,70.96289,217.30277336062923
2003-05-19,68.86806,210.88797868810326
2003-05-20,67.08313,205.42216071966104
2003-05-21,64.30522,196.91563643427435
2003-05-22,63.48509,194.4042319027473
2003-05-23,59.07429,180.89746699028302
2003-05-24,61.78204,189.18914711446124
2003-05-25,59.754,182.97887697909482
2003-05-26,55.022,168.48853246885156
2003-05-27,54.05149,165.51663385290985
2003-05-28,61.61949,188.69138601975706
2003-05-29,52.81165,161.71999210785913
2003-05-30,53.0448,162.43394473308382
2003-05-31,57.70406,176.70154459842533
2003-06-01,55.20288,169.12701432035806
2003-06-02,56.78936,173.98756916240546
2003-06-03,55.95038,171.41715648693466
2003-06-04,59.57654,182.52675102707295
2003-06-05,57.78294,177.03163532142509
2003-06-06,66.2959,203.1130917205955
2003-06-07,69.00209,211.4041416600843
2003-06-08,71.38337,218.69975335028565
2003-06-09,68.42847,209.64672179440987
2003-06-10,67.64059,207.23286599480804
2003-06-11,66.4024,203.439379534295
2003-06-12,65.17304,199.67294585683334
2003-06-13,67.40567,206.5131332887583
2003-06-14,74.68628,228.8189954418007
2003-06-15,71.61077,219.39644676657934
2003-06-16,65.99529,202.19210224006758
2003-06-17,67.29394,206.1708221392311
2003-06-18,71.66392,219.55928429989513
2003-06-19,75.07803,230.01921376120723
2003-06-20,70.40711,215.70875108735314
2003-06-21,65.063,199.33581242003055
2003-06-22,62.35268,191.03210925358792
2003-06-23,63.92845,195.85985149014496
2003-06-24,62.1585,190.43719312528577
2003-06-25,63.50679,194.56799684672197
2003-06-26,63.99167,196.05354083833356
2003-06-27,63.73528,195.26802973453616
2003-06-28,62.19382,190.54540425749113
2003-06-29,62.54375,191.61749716498295
2003-06-30,64.13947,196.50636092157106
2003-07-01,64.57077,198.10501958521826
2003-07-02,67.31319,206.51884472329382
2003-07-03,67.1588,206.04517166699046
2003-07-04,64.72676,198.583601488533
2003-07-05,66.53909,204.14388317860545
2003-07-06,67.54746,207.23759196663983
2003-07-07,71.56747,219.57110076300037
2003-07-08,69.07336,211.91909800079557
2003-07-09,71.03974,217.95200961718146
2003-07-10,70.56833,216.50570988616283
2003-07-11,72.61665,222.7900158301185
2003-07-12,71.8875,220.5529622061558
2003-07-13,72.2149,221.55743502585733
2003-07-14,73.53905,225.6199661321732
2003-07-15,71.79827,220.27920194439048
2003-07-16,71.45995,219.24122624383634
2003-07-17,72.3175,221.87221484046142
2003-07-18,72.7804,223.29240564143836
2003-07-19,72.05145,221.0559656233521
2003-07-20,72.01557,220.94588472912213
2003-07-21,72.58417,222.69036623578768
2003-07-22,71.75433,220.1443927333407
2003-07-23,71.8756,220.51645265650873
2003-07-24,71.9103,220.62291327606783
2003-07-25,71.7871,220.2449320561923
2003-07-26,70.67504,216.83309930152737
2003-07-27,67.60577,207.41648875991044
2003-07-28,69.2944,212.5972552154163
2003-07-29,68.95211,211.54709943821524
2003-07-30,70.38405,215.94033343162832
2003-07-31,67.76435,207.9030168593248
2003-08-01,65.9412,201.68432694481825
2003-08-02,63.47004,194.12616541040643
2003-08-03,61.50049,188.10220215019632
2003-08-04,64.29775,196.65775619515853
2003-08-05,68.29052,208.86983498801433
2003-08-06,59.28134,181.314825303254
2003-08-07,59.61008,182.32029238058715
2003-08-08,59.3578,181.5486818851512
2003-08-09,58.98576,180.41077967838896
2003-08-10,58.99662,180.44399550992708
2003-08-11,62.41662,190.9042297512099
2003-08-12,65.61636,200.69078820477782
2003-08-13,68.04976,208.13345896581222
2003-08-14,65.35533,199.89241541413392
2003-08-15,67.80249,207.37717179597539
2003-08-16,72.41821,221.49457308023676
2003-08-17,69.11576,211.39387115914772
2003-08-18,69.82267,213.5559893426288
2003-08-19,69.9985,214.09377384164776
2003-08-20,74.07029,226.54753909934158
2003-08-21,71.56422,218.88260365342006
2003-08-22,68.42067,209.2679050133076
2003-08-23,68.41301,209.24447653544553
2003-08-24,65.05632,198.9778789695474
2003-08-25,68.90197,210.73998417714662
2003-08-26,77.72847,237.7362583089252
2003-08-27,72.17525,220.75146825238235
2003-08-28,68.34272,209.02949119485496
2003-08-29,64.32264,196.7338834554701
2003-08-30,58.91997,180.20955780390534
2003-08-31,53.55051,163.7868065322099
2003-09-01,62.18534,189.77926166457053
2003-09-02,71.56823,218.414273332592
2003-09-03,71.01599,216.7289291749233
2003-09-04,69.65281,212.56873170851225
2003-09-05,72.32494,220.72362574739262
2003-09-06,64.08658,195.5815282992331
2003-09-07,63.12508,192.6471910407975
2003-09-08,78.58415,239.82568826572083
2003-09-09,76.70088,234.07826306687113
2003-09-10,81.49292,248.7027680236196
2003-09-11,66.1287,201.81373714187112
2003-09-12,62.84196,191.78315613220857
2003-09-13,54.09176,165.0790085723926
2003-09-14,62.70143,191.35428206572084
2003-09-15,65.5124,199.9328925736196
2003-09-16,60.29455,184.00888668289875
2003-09-17,56.83491,173.45064377829752
2003-09-18,56.68707,172.99946081388035
2003-09-19,57.40027,175.176027982592
2003-09-20,58.57905,178.77346747661042
2003-09-21,51.25653,156.42636060023003
2003-09-22,65.02027,198.43099408688647
2003-09-23,68.14816,207.97679145276072
2003-09-24,58.46684,178.43102131564416
2003-09-25,65.33095,199.37913750805214
2003-09-26,62.70001,191.34994846311346
2003-09-27,61.41175,187.4183943117331
2003-09-28,60.22712,183.8031015957055
2003-09-29,60.64536,185.0795001552147
2003-09-30,60.71062,185.27866276518404
2003-10-01,58.19198,177.4857575351285
2003-10-02,56.97594,173.77683096839166
2003-10-03,54.32321,165.68599450628537
2003-10-04,53.85883,164.269633762345
2003-10-05,54.02987,164.79130640467145
2003-10-06,55.91922,170.55383099996783
2003-10-07,61.02539,186.1276686757635
2003-10-08,59.55356,181.63858164842864
2003-10-09,55.1352,168.1625670556461
2003-10-10,56.26504,171.608583298666
2003-10-11,56.72648,173.01597703156546
2003-10-12,55.28105,168.6074101033736
2003-10-13,53.78254,164.03694897584424
2003-10-14,64.28527,196.070314917971
2003-10-15,53.77843,164.0244134604095
2003-10-16,54.12584,165.08401526507876
2003-10-17,51.45901,156.9501737500211
2003-10-18,52.1414,159.0314658126798
2003-10-19,52.45581,159.99041749342038
2003-10-20,53.64502,163.61751245939936
2003-10-21,52.07264,158.82174755445737
2003-10-22,54.56705,166.42970742200615
2003-10-23,54.62927,166.61947865566816
2003-10-24,54.23523,165.4176551758838
2003-10-25,54.73392,166.9386615486725
2003-10-26,54.96302,167.63741740903845
2003-10-27,55.52137,169.34038700587533
2003-10-28,58.54884,178.57418187528646
2003-10-29,59.58565,181.73645626893997
2003-10-30,61.36416,187.16091844798595
2003-10-31,61.05464,186.21688128560942
2003-11-01,60.38642,183.53639340450866
2003-11-02,57.99959,176.28194497273074
2003-11-03,58.80382,178.7262937794278
2003-11-04,61.11353,185.74634635433335
2003-11-05,61.17276,185.9263679648436
2003-11-06,60.92921,185.1861305304392
2003-11-07,59.88241,182.00452286739443
2003-11-08,60.86059,184.9775692791609
2003-11-09,61.94221,188.26500764418046
2003-11-10,61.24789,186.1547154846416
2003-11-11,62.66757,190.4696417046181
2003-11-12,65.88514,200.249012518893
2003-11-13,65.90122,200.29788551394626
2003-11-14,62.47461,189.8831657639789
2003-11-15,62.26244,189.2383036146971
2003-11-16,61.63762,187.3392473479569
2003-11-17,62.51492,190.0056825818021
2003-11-18,63.33572,192.50039367258083
2003-11-19,67.83723,206.1821272523216
2003-11-20,66.66194,202.6099915336553
2003-11-21,73.99193,224.8885092581886
2003-11-22,74.99769,227.94538136669448
2003-11-23,68.24985,207.43623018881902
2003-11-24,68.8223,209.17611489144608
2003-11-25,66.33431,201.614204259445
2003-11-26,65.10761,197.88581476741496
2003-11-27,64.20619,195.14607004098988
2003-11-28,64.9916,197.53321799153628
2003-11-29,65.52939,199.16775829064676
2003-11-30,63.39381,192.6769504065761
2003-12-01,61.48471,185.7414790675272
2003-12-02,55.79103,168.54122644313978
2003-12-03,57.74163,174.43386754153838
2003-12-04,53.63765,162.0359995957751
2003-12-05,49.88295,150.69328477358852
2003-12-06,46.7134,141.11827165279018
2003-12-07,44.1711,133.43814171099856
2003-12-08,42.66509,128.8885793093789
2003-12-09,43.73042,132.10687488066827
2003-12-10,46.85863,141.5570024365082
2003-12-11,48.85766,147.5959475482337
2003-12-12,49.74035,150.26249905604948
2003-12-13,51.42729,155.35863971765744
2003-12-14,52.51044,158.6307683989506
2003-12-15,54.03706,163.24259232678676
2003-12-16,55.06184,166.33838887390914
2003-12-17,53.99253,163.10806997053143
2003-12-18,53.74765,162.36830274394688
2003-12-19,53.60696,161.94328701743518
2003-12-20,50.66638,153.05997800424493
2003-12-21,52.53585,158.7075304261783
2003-12-22,56.92514,171.9673021101678
2003-12-23,56.28068,170.02042859316074
2003-12-24,53.42828,161.40350586729582
2003-12-25,55.62674,168.0449165866567
2003-12-26,56.02351,169.24353404211226
2003-12-27,55.05052,166.30419185902457
2003-12-28,57.82391,174.68243029637085
2003-12-29,58.27977,176.05955496114885
2003-12-30,55.28518,167.01308510220625
2003-12-31,53.81398,162.56868154229446
2004-01-01,54.77915,164.02461705904923
2004-01-02,58.85319,176.22347101868988
2004-01-03,60.12693,180.0374169403187
2004-01-04,58.51936,175.22388745609678
2004-01-05,58.69704,175.7559127605977
2004-01-06,59.17817,177.19655512189064
2004-01-07,59.03068,176.7549274082434
2004-01-08,56.31183,168.61390422531713
2004-01-09,55.42224,165.95021449866823
2004-01-10,51.73649,154.91401309128256
2004-01-11,49.67608,148.7445496871473
2004-01-12,46.73036,139.92421211412577
2004-01-13,50.12763,150.09662097399666
2004-01-14,54.11602,162.03901406392487
2004-01-15,53.83894,161.20935641325448
2004-01-16,60.02098,179.7201719999097
2004-01-17,61.79602,185.03515509593245
2004-01-18,59.6564,178.62851404451263
2004-01-19,63.37545,189.7644252821543
2004-01-20,64.97525,194.5546891393165
2004-01-21,64.40337,192.84231503340703
2004-01-22,65.77419,196.9469465502686
2004-01-23,66.04213,197.74923639767954
2004-01-24,62.34777,186.68725416030875
2004-01-25,59.84211,179.18458349126448
2004-01-26,63.88933,191.3031306146449
2004-01-27,67.63515,202.51919897408692
2004-01-28,64.57473,193.35541643018374
2004-01-29,65.25968,195.40635481558394
2004-01-30,60.80309,182.06203552367836
2004-01-31,60.66791,181.65726751004468
2004-02-01,59.97104,177.44130416495355
2004-02-02,58.29455,172.4809337591793
2004-02-03,58.84856,174.1201292261985
2004-02-04,62.4458,184.76358241617714
2004-02-05,62.24616,184.1728909430346
2004-02-06,67.81683,200.65529561489922
2004-02-07,66.12171,195.63980307856673
2004-02-08,69.81154,206.55721000275832
2004-02-09,69.57183,205.84796008777639
2004-02-10,68.88143,203.80521618346046
2004-02-11,73.38896,217.14202011019998
2004-02-12,73.23686,216.69198918921728
2004-02-13,69.87657,206.74961967265645
2004-02-14,74.29706,219.82889111180668
2004-02-15,74.41396,220.1747728650143
2004-02-16,74.54216,220.5540888681042
2004-02-17,73.9932,218.92983525612095
2004-02-18,80.14784,237.14008053894062
2004-02-19,80.37812,237.8214291285783
2004-02-20,78.38289,231.917976173468
2004-02-21,76.34463,225.88720677831893
2004-02-22,75.58824,223.64921277225653
2004-02-23,75.38066,223.0350285607011
2004-02-24,75.23839,222.61408247833285
2004-02-25,74.71952,221.07885865209823
2004-02-26,67.49557,199.70475693196104
2004-02-27,75.79923,224.2734864344402
2004-02-28,72.90048,215.69671370466665
2004-02-29,65.80842,194.71284589753674
2004-03-01,82.60433,242.03636135202
2004-03-02,81.76794,239.58568119673978
2004-03-03,80.15406,234.85690193227754
2004-03-04,78.65554,230.46613539239726
2004-03-05,77.49756,227.0731744456961
2004-03-06,77.2435,226.32876119320568
2004-03-07,76.05524,222.84707776643918
2004-03-08,76.61808,224.49623763037576
2004-03-09,75.15028,220.19548280078635
2004-03-10,74.27944,217.64386177898527
2004-03-11,72.1596,211.43258495792196
2004-03-12,71.48506,209.4561364208248
2004-03-13,72.47016,212.34254709164406
2004-03-14,70.75259,207.30994900426305
2004-03-15,72.00359,210.97546494091404
2004-03-16,68.32426,200.19477529167497
2004-03-17,68.21489,199.87431367857224
2004-03-18,67.59574,198.06016164645598
2004-03-19,74.17009,217.32345876725645
2004-03-20,72.34859,211.98633864047008
2004-03-21,68.76186,201.47697335232922
2004-03-22,73.12575,214.263470826983
2004-03-23,81.28025,238.15671599518478
2004-03-24,75.2269,220.41998466414864
2004-03-25,74.94738,219.60097186269965
2004-03-26,73.22483,214.5537820332207
2004-03-27,71.37431,209.13163131292382
2004-03-28,69.07349,202.3900706595543
2004-03-29,67.79014,198.62976700064056
2004-03-30,71.13492,208.43020216817973
2004-03-31,72.4839,212.38280623550466
2004-04-01,83.29716,242.94895621007052
2004-04-02,75.24158,219.45362032266786
2004-04-03,83.22301,242.7326863504141
2004-04-04,72.74213,212.16359064339358
2004-04-05,80.17814,233.85185549981418
2004-04-06,68.027,198.41119005861023
2004-04-07,63.15898,184.21286231478624
2004-04-08,67.29054,196.26319139586508
2004-04-09,62.97117,183.6650856142863
2004-04-10,64.50353,188.13444882592597
2004-04-11,64.51758,188.17542780809958
2004-04-12,82.20821,239.77286634260133
2004-04-13,81.15054,236.68800939772228
2004-04-14,78.44745,228.80403239248128
2004-04-15,77.8345,227.0162696079042
2004-04-16,73.74336,215.08383166272972
2004-04-17,69.81353,203.62187909936478
2004-04-18,69.21622,201.87973277608273
2004-04-19,68.51073,199.82206287333162
2004-04-20,73.43048,214.1712691045464
2004-04-21,70.7483,206.34827932473246
2004-04-22,72.19333,210.562931183118
2004-04-23,69.72585,203.36614691737321
2004-04-24,68.02424,198.40314009485232
2004-04-25,65.61664,191.38100504281252
2004-04-26,64.38572,187.79083787291023
2004-04-27,65.67617,191.5546334277801
2004-04-28,67.41238,196.61855646262887
2004-04-29,70.98001,207.02409711544024
2004-04-30,68.72006,200.43260595791523
2004-05-01,69.48852,201.90667155375718
2004-05-02,68.59239,199.30286554983783
2004-05-03,70.4019,204.56059936318198
2004-05-04,72.30816,210.0994511291437
2004-05-05,70.52387,204.9149968482545
2004-05-06,74.16085,215.48264926490668
2004-05-07,75.3641,218.97882679965713
2004-05-08,75.16871,218.41109928790576
2004-05-09,71.27584,207.09992983874386
2004-05-10,79.09961,229.8327691581327
2004-05-11,78.18116,227.1641098963072
2004-05-12,80.08627,232.69962020856852
2004-05-13,80.8509,234.921338245881
2004-05-14,95.05562,276.1947419038246
2004-05-15,86.76044,252.09216807235867
2004-05-16,85.26954,247.76019127073022
2004-05-17,94.78381,275.4049675296542
2004-05-18,88.80794,258.04140846496335
2004-05-19,81.68903,237.35661875882545
2004-05-20,75.58988,219.63485585745556
2004-05-21,71.88627,208.8736025190162
2004-05-22,67.18524,195.21423374595327
2004-05-23,61.46472,178.59262268333893
2004-05-24,61.569,178.8956198936641
2004-05-25,70.7964,205.70686326300253
2004-05-26,69.51651,201.98799963121212
2004-05-27,69.03602,200.59188216296175
2004-05-28,62.21826,180.78211748453225
2004-05-29,54.29013,157.74604850586513
2004-05-30,53.60585,155.75779638579112
2004-05-31,62.35792,181.1879152443521
2004-06-01,58.7112,169.5744820937119
2004-06-02,57.70229,166.66046584588923
2004-06-03,59.88609,172.96789533117055
2004-06-04,54.81952,158.33421412994252
2004-06-05,53.11731,153.41775220845673
2004-06-06,52.3733,151.26884177190388
2004-06-07,56.67215,163.68513137846196
2004-06-08,61.89886,178.78134200444177
2004-06-09,59.37287,171.48557141852467
2004-06-10,59.98837,173.26330877917613
2004-06-11,62.62532,180.87956309789237
2004-06-12,58.3062,168.4047280221216
2004-06-13,51.39524,148.44392901323815
2004-06-14,51.43685,148.5641104130378
2004-06-15,55.39727,160.00291885799516
2004-06-16,51.70938,149.35125381336007
2004-06-17,51.33026,148.2562484710852
2004-06-18,48.71569,140.70463389588053
2004-06-19,43.34789,125.20091561073856
2004-06-20,42.0359,121.41151895793416
2004-06-21,42.31426,122.215501040324
2004-06-22,49.56742,143.16467003265984
2004-06-23,49.02136,141.5874949503571
2004-06-24,49.99954,144.41275430282184
2004-06-25,56.08802,161.99799941342974
2004-06-26,46.42089,134.07660514653372
2004-06-27,44.17316,127.58452781484064
2004-06-28,44.84755,129.5323560823463
2004-06-29,49.27824,142.32943674272775
2004-06-30,57.47435,166.00211092470826
2004-07-01,52.33169,151.19397994020736
2004-07-02,49.55158,143.16183162679403
2004-07-03,49.83953,143.9937616967723
2004-07-04,49.15271,142.00943729787494
2004-07-05,52.60236,151.97598553854394
2004-07-06,51.76603,149.55970467233473
2004-07-07,49.58254,143.25127963848539
2004-07-08,56.70939,163.84180167086893
2004-07-09,53.40142,154.28458787129918
2004-07-10,51.46787,148.69827640470237
2004-07-11,46.10887,133.21533407091627
2004-07-12,55.15137,159.34045182670297
2004-07-13,65.40529,188.96554084615732
2004-07-14,57.77568,166.92247093399504
2004-07-15,57.24988,165.40335709202736
2004-07-16,54.46142,157.34708439561587
2004-07-17,53.38035,154.2237135300092
2004-07-18,50.70042,146.48100002962045
2004-07-19,52.82077,152.60700427993643
2004-07-20,52.50567,151.69663385086832
2004-07-21,54.97556,158.83251077581608
2004-07-22,53.56117,154.746129210695
2004-07-23,55.03314,158.99886789833508
2004-07-24,53.65318,155.01195968730102
2004-07-25,52.7003,152.25894866080017
2004-07-26,59.17222,170.9572812133057
2004-07-27,55.67998,160.86768417360776
2004-07-28,55.79813,161.2090369701625
2004-07-29,54.97082,158.81881621588659
2004-07-30,53.08103,153.3589338510861
2004-07-31,51.21415,147.9652418592782
2004-08-01,51.01767,147.35340050753356
2004-08-02,53.19994,153.65641092187775
2004-08-03,56.37111,162.81564306806308
2004-08-04,59.21088,171.01769867270514
2004-08-05,61.52605,177.70456171943044
2004-08-06,61.89073,178.7578602745602
2004-08-07,57.87082,167.14722795375374
2004-08-08,54.93837,158.67748640502526
2004-08-09,56.77788,163.9905093981885
2004-08-10,58.33005,168.47361353967082
2004-08-11,55.77085,161.08192311988333
2004-08-12,55.16271,159.32544351223655
2004-08-13,55.04584,158.98789003483716
2004-08-14,56.26881,162.52017185442435
2004-08-15,50.88384,146.96686177321027
2004-08-16,51.47857,148.68460952381992
2004-08-17,54.65814,157.86810323593454
2004-08-18,51.39202,148.43462874629859
2004-08-19,52.48266,151.58470425404985
2004-08-20,52.96032,152.96432087092845
2004-08-21,53.88437,155.6332375372322
2004-08-22,51.62404,149.1047678566452
2004-08-23,55.45905,160.18135689884167
2004-08-24,54.8034,158.28765502961159
2004-08-25,55.27754,159.65710489505315
2004-08-26,55.02124,158.91683830604427
2004-08-27,54.13192,156.34823166173143
2004-08-28,51.18301,147.83094899690823
2004-08-29,49.85946,144.0081638081345
2004-08-30,51.56555,148.9358322624543
2004-08-31,56.33378,162.70782351376067
2004-09-01,58.15258,167.45871724136433
2004-09-02,80.75203,232.5370836244268
2004-09-03,65.13599,187.5684506456349
2004-09-04,60.48803,174.18398138581577
2004-09-05,58.62476,168.81842745726578
2004-09-06,58.79044,169.29552684430155
2004-09-07,65.93017,189.85540616951272
2004-09-08,58.33621,167.98750623485407
2004-09-09,49.61185,142.864456933312
2004-09-10,50.32151,144.9080249620651
2004-09-11,49.41507,142.29780062367354
2004-09-12,49.91342,143.7328711181767
2004-09-13,52.5003,151.18216410667935
2004-09-14,55.33542,159.34629987546788
2004-09-15,58.43806,168.28079795726833
2004-09-16,61.84512,178.0919172088022
2004-09-17,55.90723,160.99290900451743
2004-09-18,53.07603,152.84006143947818
2004-09-19,51.90492,149.46768177294345
2004-09-20,57.41379,165.3312651883213
2004-09-21,63.82505,183.79341038464568
2004-09-22,66.47553,191.4258487196928
2004-09-23,72.24917,208.05187542759518
2004-09-24,64.83907,186.7134268045034
2004-09-25,64.44047,185.565600780406
2004-09-26,63.43034,182.65678617498313
2004-09-27,71.68311,206.42182425047375
2004-09-28,70.92649,204.24302814823443
2004-09-29,72.47005,208.68793115314116
2004-09-30,75.68613,217.9490960291554
2004-10-01,73.90981,212.85518225974877
2004-10-02,71.9625,207.24706305383782
2004-10-03,68.73532,197.95300605267633
2004-10-04,74.99632,215.98425652035152
2004-10-05,74.92887,215.79000514772022
2004-10-06,78.0915,224.89816257729754
2004-10-07,79.56044,229.12860900150883
2004-10-08,70.36042,202.63318256362012
2004-10-09,69.92601,201.38211156606977
2004-10-10,68.64615,197.69620257013318
2004-10-11,74.71307,215.16851595255582
2004-10-12,70.57002,203.23681618413195
2004-10-13,79.10128,227.8062597019181
2004-10-14,68.88487,198.3836997928841
2004-10-15,68.33924,196.81232282551824
2004-10-16,67.94979,195.69073354351275
2004-10-17,69.36371,199.7627261423397
2004-10-18,72.38312,208.45841979744324
2004-10-19,75.42259,217.21188487634194
2004-10-20,77.67265,223.69190331226233
2004-10-21,76.1107,219.19359446894887
2004-10-22,75.96672,218.77894194661442
2004-10-23,73.02477,210.30632777741192
2004-10-24,68.04534,195.96591098835967
2004-10-25,71.92036,207.12570274482843
2004-10-26,68.51897,197.32993289524433
2004-10-27,78.25626,225.37266007403196
2004-10-28,74.75354,215.2850667761346
2004-10-29,74.32014,214.03690450929378
2004-10-30,69.47913,200.0951278240166
2004-10-31,69.2052,199.30622821682763
2004-11-01,68.97476,198.08795034754897
2004-11-02,75.61273,217.15147259494088
2004-11-03,70.87397,203.54227329379145
2004-11-04,76.76412,220.45813847026494
2004-11-05,73.68598,211.61805778737738
2004-11-06,70.91626,203.6637255383545
2004-11-07,68.24296,195.9863009606669
2004-11-08,67.34371,193.40375352809835
2004-11-09,68.30214,196.15625943390506
2004-11-10,70.83379,203.42688073794977
2004-11-11,64.25147,184.5231791907218
2004-11-12,69.03809,198.26982716590265
2004-11-13,67.29512,193.26420837408276
2004-11-14,66.85722,192.0066075726129
2004-11-15,67.08227,192.65292650472247
2004-11-16,74.46765,213.8629283479733
2004-11-17,68.39613,196.42618841159438
2004-11-18,65.8563,189.13207504416528
2004-11-19,66.32634,190.4819784027469
2004-11-20,62.42565,179.27962428014928
2004-11-21,59.48685,170.83971280410535
2004-11-22,65.35134,187.68188527318964
2004-11-23,63.52857,182.44708962830447
2004-11-24,65.35787,187.70063871743173
2004-11-25,70.40538,202.19653417627427
2004-11-26,64.77157,186.01684938219128
2004-11-27,66.49176,190.95704651094317
2004-11-28,66.5816,191.21505714351693
2004-11-29,70.28773,201.85865627197438
2004-11-30,77.86664,223.6244550622644
2004-12-01,69.91171,200.17810545140455
2004-12-02,64.01847,183.30399926561054
2004-12-03,66.03039,189.06472710247493
2004-12-04,64.37756,184.33218118086546
2004-12-05,65.17754,186.62276284163462
2004-12-06,72.60062,207.87725784703807
2004-12-07,69.77133,199.77615558573444
2004-12-08,67.98706,194.66725768846118
2004-12-09,70.48405,201.81688580556917
2004-12-10,72.25552,206.88913348001458
2004-12-11,64.57643,184.90160538506703
2004-12-12,65.00284,186.1225445660073
2004-12-13,68.65209,196.5714371952755
2004-12-14,72.81438,208.48931656826363
2004-12-15,65.50863,187.57077239445354
2004-12-16,64.30804,184.13312465813155
2004-12-17,64.4155,184.44081473196619
2004-12-18,63.36937,181.44543210642496
2004-12-19,63.31218,181.28168005614947
2004-12-20,65.29426,186.95696706104633
2004-12-21,68.90184,197.28654603521792
2004-12-22,83.19676,238.2171712935529
2004-12-23,70.09923,200.71503121583297
2004-12-24,69.81141,199.8909165959642
2004-12-25,71.59056,204.9851544041063
2004-12-26,71.91228,205.90633484849576
2004-12-27,69.05022,197.71140229015543
2004-12-28,68.66545,196.60969086535212
2004-12-29,71.06068,203.46794971097853
2004-12-30,70.25424,201.15887114087585
2004-12-31,68.94143,197.39990402910504
2005-01-01,69.96503,198.7015479930891
2005-01-02,73.55072,208.88495181101555
2005-01-03,86.52861,245.74231945145007
2005-01-04,77.98708,221.48426891921406
2005-01-05,80.36754,228.24480467451394
2005-01-06,89.61922,254.5196899641608
2005-01-07,89.13197,253.13589395550287
2005-01-08,87.91395,249.67670213515285
2005-01-09,92.41837,262.469310482652
2005-01-10,92.77936,263.4945265342999
2005-01-11,92.00988,261.3091938452448
2005-01-12,86.59405,245.9281698584415
2005-01-13,86.50678,245.68032198224742
2005-01-14,89.37328,253.82121733128375
2005-01-15,88.93431,252.57453711800397
2005-01-16,86.36706,245.28351545925162
2005-01-17,83.91282,238.3134435941133
2005-01-18,81.84002,232.42666603280767
2005-01-19,79.73289,226.44239084815217
2005-01-20,80.25849,227.93510132973373
2005-01-21,80.4541,228.49063614195245
2005-01-22,82.69938,234.86725903024285
2005-01-23,80.0599,227.3711032807663
2005-01-24,83.55527,237.29799718488673
2005-01-25,75.99109,215.81563270511214
2005-01-26,77.01726,218.72996815961088
2005-01-27,82.04098,232.99739491100144
2005-01-28,78.85833,223.958629663274
2005-01-29,82.69571,234.85683618498524
2005-01-30,86.09946,244.52352815926832
2005-01-31,85.90057,243.95867810660138
2005-02-01,85.78847,241.1802452382853
2005-02-02,82.28691,231.33618228301205
2005-02-03,81.9848,230.48684945438208
2005-02-04,79.58365,223.73640914633242
2005-02-05,80.20608,225.48626923876284
2005-02-06,80.0919,225.16527085283394
2005-02-07,70.17243,197.27830414001332
2005-02-08,74.84214,210.40642966774067
2005-02-09,75.40647,211.99295111748003
2005-02-10,79.87102,224.54430287697156
2005-02-11,76.04441,213.78641503690082
2005-02-12,76.85637,216.0691077102132
2005-02-13,74.25346,208.75145217756196
2005-02-14,72.05084,202.55914647766133
2005-02-15,69.96721,196.70136169159568
2005-02-16,64.73482,181.99135341912793
2005-02-17,73.9943,208.02286624572338
2005-02-18,77.57052,218.0768235738592
2005-02-19,70.20368,197.3661584013575
2005-02-20,74.01502,208.08111713516504
2005-02-21,65.11683,183.06531202316268
2005-02-22,85.60205,240.65615591349234
2005-02-23,74.30099,208.88507499489597
2005-02-24,76.36444,214.686127013156
2005-02-25,70.58259,198.4314018626669
2005-02-26,64.28522,180.7273765903171
2005-02-27,67.49368,189.7474368575911
2005-02-28,72.99528,205.2142849923457
2005-03-01,62.37369,174.0134873101845
2005-03-02,72.20645,201.44545193315437
2005-03-03,70.73719,197.3464310741133
2005-03-04,74.5721,208.04527000156332
2005-03-05,76.86395,214.43919684622887
2005-03-06,75.74213,211.30948285409033
2005-03-07,73.37774,204.71318000169651
2005-03-08,67.03181,187.00896193272672
2005-03-09,70.3086,196.1507275567124
2005-03-10,71.2525,198.78407072868256
2005-03-11,58.57355,163.4116516056282
2005-03-12,67.14788,187.33278028421586
2005-03-13,61.52104,171.63471831391334
2005-03-14,63.00668,175.77943698115112
2005-03-15,66.15481,184.56225999203616
2005-03-16,69.06051,192.66873870248608
2005-03-17,73.69112,205.5874644420313
2005-03-18,73.85657,206.04904578306582
2005-03-19,72.788,203.06789151537626
2005-03-20,70.15695,195.72764620060553
2005-03-21,70.31815,196.17737066222395
2005-03-22,73.26461,204.39756382090937
2005-03-23,70.72455,197.31116731980276
2005-03-24,68.18082,190.2145320545886
2005-03-25,67.91772,189.48052147238147
2005-03-26,67.92457,189.49963197214626
2005-03-27,71.11057,198.38810675326386
2005-03-28,71.26795,198.82717397267763
2005-03-29,71.91492,200.6321258022883
2005-03-30,76.11488,212.3494009252333
2005-03-31,71.0099,198.1072521530708
2005-04-01,72.96074,202.6581695581922
2005-04-02,74.00347,205.55449096534093
2005-04-03,73.50612,204.1730351216945
2005-04-04,75.19328,208.85934665515484
2005-04-05,74.63296,207.30298325249683
2005-04-06,75.47893,209.65277756243867
2005-04-07,74.11373,205.86075279568269
2005-04-08,72.87778,202.42773711265303
2005-04-09,74.47894,206.8751721958196
2005-04-10,70.38565,195.50551422811188
2005-04-11,71.61782,198.92803045786113
2005-04-12,67.41858,187.26408225865782
2005-04-13,65.95373,183.1952663492068
2005-04-14,73.05273,202.9136840310122
2005-04-15,64.67661,179.6478955096819
2005-04-16,63.84411,177.33551591817564
2005-04-17,66.82787,185.62330658478555
2005-04-18,59.65311,165.6944554160702
2005-04-19,67.38088,187.15936548916858
2005-04-20,67.52615,187.562872255845
2005-04-21,67.60163,187.7725280054749
2005-04-22,61.25496,170.1438070661054
2005-04-23,70.29936,195.26583226420667
2005-04-24,65.62764,182.2895079576221
2005-04-25,66.3856,184.39484277465283
2005-04-26,66.12373,183.66746398350838
2005-04-27,67.98174,188.8283341394418
2005-04-28,66.55262,184.85876306218844
2005-04-29,68.0411,188.99321444280733
2005-04-30,68.23223,189.52410346541947
2005-05-01,68.02524,188.1775257170503
2005-05-02,70.91205,196.1632786966096
2005-05-03,77.16117,213.45015544278405
2005-05-04,76.4041,211.35588044434806
2005-05-05,75.40934,208.60408602977057
2005-05-06,71.4937,197.7722911430681
2005-05-07,73.15611,202.37099892458096
2005-05-08,73.17578,202.42541184441563
2005-05-09,73.1322,202.3048569361088
2005-05-10,74.86993,207.11192166332313
2005-05-11,75.05299,207.6183186691663
2005-05-12,72.30405,200.01395406060885
2005-05-13,73.20679,202.51119449027598
2005-05-14,69.47405,192.185354003053
2005-05-15,68.22652,188.7343245225573
2005-05-16,58.86381,162.83435560210538
2005-05-17,70.13922,194.02540697135134
2005-05-18,68.49326,189.47220465660413
2005-05-19,66.94731,185.19565898205343
2005-05-20,64.71286,179.01452279880053
2005-05-21,58.83566,162.75648454499577
2005-05-22,64.03636,177.14312776737418
2005-05-23,66.5511,184.0996273110979
2005-05-24,69.19999,191.4272246278679
2005-05-25,69.37676,191.91622167103898
2005-05-26,72.84247,201.50337980018102
2005-05-27,74.60479,206.3784675929131
2005-05-28,69.84348,193.2073044338879
2005-05-29,71.03969,196.5163679232338
2005-05-30,69.30447,191.71624658334966
2005-05-31,68.69168,190.0210918733604
2005-06-01,68.09677,187.6249518292582
2005-06-02,67.30701,185.44895020749735
2005-06-03,64.35393,177.312419021834
2005-06-04,54.69642,150.70337649983801
2005-06-05,53.08274,146.25725325099907
2005-06-06,52.06055,143.44084434481528
2005-06-07,43.56089,120.02199058618514
2005-06-08,63.3398,174.51821758763077
2005-06-09,64.88747,178.7824654983259
2005-06-10,56.54541,155.7978422091922
2005-06-11,41.65968,114.7836447047681
2005-06-12,44.9629,123.88490594493325
2005-06-13,58.39122,160.88354616161112
2005-06-14,60.89291,167.77637625827705
2005-06-15,60.30124,166.14616596711616
2005-06-16,59.9363,165.14065792436216
2005-06-17,59.70169,164.49424415248043
2005-06-18,57.65771,158.86252844790346
2005-06-19,55.38715,152.606523785341
2005-06-20,58.83229,162.09881286961112
2005-06-21,65.85087,181.43689211198625
2005-06-22,70.65135,194.6635081285362
2005-06-23,78.61326,216.60071572617832
2005-06-24,67.76323,186.70595924806628
2005-06-25,61.20667,168.64086960922378
2005-06-26,59.0369,162.66256855719783
2005-06-27,66.88013,184.2727807733689
2005-06-28,66.26608,182.58090755132395
2005-06-29,67.95276,187.22816547194736
2005-06-30,60.43297,166.50911761525552
2005-07-01,61.0116,168.01941019377503
2005-07-02,60.23347,165.87652353526937
2005-07-03,60.51516,166.65226761766493
2005-07-04,64.32578,177.14630686385095
2005-07-05,63.79633,175.6882582841203
2005-07-06,69.14358,190.4140119302903
2005-07-07,68.61485,188.95794615342564
2005-07-08,67.86466,186.89200326169245
2005-07-09,71.8491,197.86472416644642
2005-07-10,78.95446,217.43212440532622
2005-07-11,87.02214,239.6496508303358
2005-07-12,85.8396,236.39306235649565
2005-07-13,100.1496,275.8012693183344
2005-07-14,105.90548,291.65234620774794
2005-07-15,102.24419,281.569545783757
2005-07-16,95.02644,261.6926355252796
2005-07-17,94.54722,260.37291498438145
2005-07-18,98.62917,271.61416798283557
2005-07-19,87.97692,242.27901266422992
2005-07-20,88.76976,244.46240908684516
2005-07-21,74.93975,206.37604316341404
2005-07-22,73.87491,203.4435878803082
2005-07-23,74.47051,205.083806473353
2005-07-24,74.97402,206.47041907205008
2005-07-25,76.65157,211.09021205519704
2005-07-26,74.0102,203.81616204661617
2005-07-27,73.6291,202.76665347406853
2005-07-28,77.72166,214.03712527586748
2005-07-29,73.1213,201.3682266749615
2005-07-30,74.76374,205.89133047946203
2005-07-31,72.11482,198.5964885797168
2005-08-01,72.44386,199.50262948948085
2005-08-02,77.58705,213.66642375671074
2005-08-03,73.00375,201.04450656815757
2005-08-04,84.65917,233.14228459661004
2005-08-05,92.0896,253.6048927905622
2005-08-06,73.76129,203.13069057248123
2005-08-07,73.18716,201.54959805934354
2005-08-08,74.57868,205.3816950650415
2005-08-09,82.3844,226.87781171396978
2005-08-10,84.48708,232.66836717270627
2005-08-11,98.34923,270.84324321296157
2005-08-12,103.58488,285.2616624149008
2005-08-13,85.43036,235.26605923860166
2005-08-14,88.49438,243.70404206845586
2005-08-15,89.41973,246.252356835202
2005-08-16,94.62759,260.59424535429923
2005-08-17,94.67061,260.712717825543
2005-08-18,87.46217,240.8614463096802
2005-08-19,95.55531,263.149086847146
2005-08-20,88.07184,242.54041217539813
2005-08-21,86.82229,239.0992853403761
2005-08-22,85.28563,234.86748832360607
2005-08-23,99.13174,272.9981919222353
2005-08-24,91.23299,251.24588061966207
2005-08-25,83.50299,229.95828873880856
2005-08-26,84.33249,232.24264287401792
2005-08-27,85.3495,235.0433794611779
2005-08-28,88.58044,243.94104208880074
2005-08-29,89.34946,246.05884078326568
2005-08-30,87.75548,241.66919062721877
2005-08-31,96.37507,265.4066180658068
2005-09-01,92.64625,254.045423000678
2005-09-02,98.34214,269.6641316307125
2005-09-03,94.69369,259.6597113379665
2005-09-04,95.25658,261.20321286288356
2005-09-05,98.30516,269.5627287164816
2005-09-06,92.44076,253.48194855921483
2005-09-07,91.60642,251.19410357653732
2005-09-08,96.27884,264.00635356330775
2005-09-09,96.08923,263.4864236939913
2005-09-10,90.295,247.59805680042336
2005-09-11,90.78902,248.95270979361837
2005-09-12,92.31176,253.12821746306054
2005-09-13,95.44133,261.70981611881
2005-09-14,94.0071,257.7770118549541
2005-09-15,90.45139,248.02689405722626
2005-09-16,87.59424,240.19229869771212
2005-09-17,84.25181,231.0270163122928
2005-09-18,84.80576,232.54600344961594
2005-09-19,93.96586,257.66392758824554
2005-09-20,90.57697,248.3712471661802
2005-09-21,92.75022,254.33051929577232
2005-09-22,86.53115,237.27719799220282
2005-09-23,83.91195,230.09508568950977
2005-09-24,80.02324,219.4318480854301
2005-09-25,77.69572,213.04955195425867
2005-09-26,79.4644,217.8994520716713
2005-09-27,74.35688,203.89411371329822
2005-09-28,82.87273,227.24543894729663
2005-09-29,76.23948,209.0563940359349
2005-09-30,72.566,198.98333894212882
2005-10-01,70.81897,193.74718301031876
2005-10-02,68.9576,188.65483001450542
2005-10-03,74.08355,202.67845070189674
2005-10-04,61.62265,168.5878070117487
2005-10-05,74.58897,204.0611833402996
2005-10-06,75.2782,205.94678505049396
2005-10-07,73.8732,202.10297325642946
2005-10-08,74.25774,203.1550012900875
2005-10-09,76.07493,208.12648623959356
2005-10-10,79.89076,218.56586870090678
2005-10-11,87.8182,240.25383124093415
2005-10-12,103.58636,283.39250695530825
2005-10-13,97.28241,266.1461031409362
2005-10-14,102.12524,279.3951615542097
2005-10-15,106.11339,290.3059786406853
2005-10-16,90.52738,247.66563055498648
2005-10-17,92.78975,253.85504300234425
2005-10-18,88.48816,242.086713909654
2005-10-19,88.66182,242.5618145190186
2005-10-20,89.27126,244.22912602063755
2005-10-21,88.43026,241.9283105624111
2005-10-22,86.94436,237.86317181166348
2005-10-23,86.65763,237.07873326667263
2005-10-24,101.30736,277.1575980025161
2005-10-25,79.00759,216.14968417267622
2005-10-26,76.27359,208.66998207661055
2005-10-27,76.96823,210.5703845140689
2005-10-28,75.96704,207.83131979513692
2005-10-29,72.41012,198.10026566948298
2005-10-30,72.04602,197.10415757395353
2005-10-31,64.52201,176.51990250159835
2005-11-01,74.15001,202.63738440761418
2005-11-02,72.6171,198.44824305844543
2005-11-03,64.27278,175.64485868317504
2005-11-04,62.63203,171.16101183720977
2005-11-05,57.44159,156.97656080983086
2005-11-06,55.14021,150.6873421876352
2005-11-07,57.84508,158.07921957190828
2005-11-08,63.13354,172.53153996868627
2005-11-09,62.18626,169.94281015595064
2005-11-10,63.12393,172.50527772996026
2005-11-11,61.40953,167.82015992851404
2005-11-12,52.32229,142.98652140190768
2005-11-13,39.75969,108.65540795554274
2005-11-14,47.09571,128.70330686697844
2005-11-15,48.02602,131.24566100945594
2005-11-16,56.39071,154.10471258585525
2005-11-17,52.26827,142.83889537318967
2005-11-18,50.68648,138.51617460373706
2005-11-19,48.13893,131.55422181846274
2005-11-20,48.76266,133.25875315671288
2005-11-21,54.60646,149.22870848107786
2005-11-22,66.31256,181.2191759889578
2005-11-23,63.50205,173.53860527492222
2005-11-24,62.90743,171.9136258377454
2005-11-25,58.33492,159.4178558900723
2005-11-26,48.44792,132.3986306783956
2005-11-27,43.31466,118.37044133783813
2005-11-28,73.48636,200.82375956572795
2005-11-29,72.84998,199.084658267032
2005-11-30,72.13307,197.12548432685773
2005-12-01,68.25716,186.4029492313256
2005-12-02,78.98808,215.70793549160095
2005-12-03,79.30981,216.5865454551007
2005-12-04,75.06163,204.98522361772078
2005-12-05,82.98306,226.61779541135385
2005-12-06,78.763,215.0932662640359
2005-12-07,79.3103,216.58788359230306
2005-12-08,78.054,213.15706365899035
2005-12-09,85.37879,233.16027590075547
2005-12-10,82.72927,225.92472226729956
2005-12-11,81.27071,221.94155206756017
2005-12-12,81.7765,223.32281005854182
2005-12-13,77.09216,210.53038225752775
2005-12-14,85.24934,232.80676189903033
2005-12-15,85.00746,232.14621368167005
2005-12-16,81.30597,222.03784332828502
2005-12-17,78.89911,215.46496800814413
2005-12-18,79.46336,217.00587396004389
2005-12-19,83.51806,228.07882276494962
2005-12-20,87.49016,238.9261998700291
2005-12-21,82.87454,226.32143898441515
2005-12-22,89.02351,243.1136135011244
2005-12-23,100.30905,273.93320722093483
2005-12-24,80.91857,220.97989567074674
2005-12-25,77.24789,210.9556641075753
2005-12-26,79.25249,216.4300107113472
2005-12-27,80.48546,219.79711892847416
2005-12-28,80.0314,218.5571299935701
2005-12-29,77.41784,211.4197792454138
2005-12-30,76.22929,208.1739772620191
2005-12-31,75.97752,207.48642052030917
2006-01-01,78.33452,212.77402889922254
2006-01-02,80.98029,219.96053036040078
2006-01-03,83.4738,226.73345969986056
2006-01-04,80.63958,219.03508600475456
2006-01-05,88.02427,239.09355120594302
2006-01-06,86.51187,234.98553546387703
2006-01-07,79.4839,215.89600134937848
2006-01-08,79.87227,216.95090089562694
2006-01-09,82.42887,223.89519674736323
2006-01-10,80.9043,219.75412457076868
2006-01-11,84.63694,229.89280737919583
2006-01-12,83.31751,226.30894119924733
2006-01-13,82.54459,224.20951807880454
2006-01-14,80.29546,218.10037932850508
2006-01-15,81.41156,221.13195587552957
2006-01-16,82.33159,223.63096256897907
2006-01-17,81.97741,222.6689306888383
2006-01-18,81.21173,220.58917302328345
2006-01-19,82.058,222.8878311045042
2006-01-20,79.56745,216.12294178527478
2006-01-21,67.0221,182.0469729346217
2006-01-22,74.29758,201.80879941642968
2006-01-23,81.19423,220.54163911989406
2006-01-24,78.47171,213.14666753956507
2006-01-25,79.55076,216.07760802255655
2006-01-26,84.70286,230.07186080270617
2006-01-27,78.67274,213.6927098594722
2006-01-28,77.93693,211.6940857764455
2006-01-29,68.98649,187.3826943334296
2006-01-30,75.84316,206.006939439322
2006-01-31,61.9915,168.3827412551472
2006-02-01,68.40131,184.5751180935158
2006-02-02,71.13378,191.94845601550867
2006-02-03,68.92912,185.99936849282744
2006-02-04,65.17773,175.87656160119283
2006-02-05,58.70189,158.40205807553357
2006-02-06,62.38569,168.34247910011473
2006-02-07,61.86319,166.9325572842334
2006-02-08,60.77923,164.0075834056827
2006-02-09,59.17371,159.6752242213118
2006-02-10,60.51013,163.28143994031683
2006-02-11,70.96906,191.50397310352403
2006-02-12,74.91511,202.1520534510045
2006-02-13,78.16161,210.91245761417912
2006-02-14,76.22912,205.69779769078673
2006-02-15,85.96874,231.9793339901057
2006-02-16,77.63147,209.48191990801388
2006-02-17,88.73314,239.43883230172744
2006-02-18,83.15952,224.39889272003842
2006-02-19,83.49511,225.3044537960032
2006-02-20,85.25881,230.06364825852935
2006-02-21,85.34843,230.30548020712126
2006-02-22,78.5951,212.08219351459329
2006-02-23,79.27135,213.90699663036312
2006-02-24,89.72914,242.1264536005175
2006-02-25,87.44532,235.96375954971154
2006-02-26,96.56254,260.56580237878256
2006-02-27,92.19127,248.77030202259579
2006-02-28,90.62054,244.53182069463546
2006-03-01,82.95711,222.29655769053107
2006-03-02,86.24113,231.0966031765281
2006-03-03,82.19018,220.24144874339444
2006-03-04,87.31926,233.98562122142977
2006-03-05,91.13854,244.21997963695668
2006-03-06,87.23738,233.76621094853454
2006-03-07,88.33818,236.71597680592438
2006-03-08,85.69851,229.64256797527727
2006-03-09,79.98985,214.34532019234913
2006-03-10,71.48863,191.5649708989625
2006-03-11,78.52844,210.42924341032867
2006-03-12,69.65166,186.6425223278783
2006-03-13,65.37166,175.1735925771255
2006-03-14,62.09128,166.38330104072958
2006-03-15,64.74713,173.50006671328492
2006-03-16,65.83737,176.42153539820566
2006-03-17,65.24149,174.82478169262654
2006-03-18,64.84042,173.75005186666056
2006-03-19,59.03101,158.18282869298747
2006-03-20,47.48092,127.23255513577426
2006-03-21,54.8839,147.0699984923696
2006-03-22,56.86759,152.38560626275998
2006-03-23,54.46816,145.95595810578595
2006-03-24,54.27639,145.44208038188364
2006-03-25,51.90687,139.09258075034072
2006-03-26,47.2223,126.53954237592853
2006-03-27,48.73842,130.60222316417887
2006-03-28,54.3202,145.55947613243984
2006-03-29,58.81971,157.61661727795615
2006-03-30,55.94397,149.91062194117345
2006-03-31,51.40439,137.74610696035046
2006-04-01,60.16062,160.48760167838077
2006-04-02,54.35602,145.00294854976724
2006-04-03,66.9045,178.4779270308588
2006-04-04,72.42581,193.2068610083155
2006-04-05,71.01078,189.43205331845195
2006-04-06,64.54736,172.1898976618101
2006-04-07,65.8406,175.63981200768202
2006-04-08,58.86682,157.03619344735705
2006-04-09,44.14862,117.77315694569296
2006-04-10,51.3069,136.86895731048838
2006-04-11,52.62217,140.3776400311705
2006-04-12,44.21911,117.9611997391733
2006-04-13,40.10586,106.98847991674461
2006-04-14,46.36685,123.69062276753844
2006-04-15,48.4169,129.15944286647965
2006-04-16,41.6667,111.15225795300293
2006-04-17,45.68505,121.871817595246
2006-04-18,45.1307,120.3930046775864
2006-04-19,45.06555,120.21920714608913
2006-04-20,46.65299,124.45394472705702
2006-04-21,51.5581,137.53907150714412
2006-04-22,61.45531,163.94138411973498
2006-04-23,57.5203,153.44414659990147
2006-04-24,70.62307,188.39777793952925
2006-04-25,64.78163,172.81484850914507
2006-04-26,62.27922,166.13928932581223
2006-04-27,63.29278,168.84311474445218
2006-04-28,56.88943,151.76120494685932
2006-04-29,48.37995,129.06087312298274
2006-04-30,57.2034,152.5987676631173
2006-05-01,48.3457,128.5452999583088
2006-05-02,61.68664,164.01722681066173
2006-05-03,68.88364,183.15316907233026
2006-05-04,64.88093,172.51045301700123
2006-05-05,58.30481,155.02535469467196
2006-05-06,51.8754,137.93034030859522
2006-05-07,62.41842,165.96294027852943
2006-05-08,64.48959,171.4699278475304
2006-05-09,63.10973,167.80104896894406
2006-05-10,62.88528,167.20426388618299
2006-05-11,68.70521,182.6787455378368
2006-05-12,57.50085,152.88772343988649
2006-05-13,51.36502,136.57330234673466
2006-05-14,51.82981,137.80912207770604
2006-05-15,59.67928,158.67990222286363
2006-05-16,60.99505,162.17837363451233
2006-05-17,58.2747,154.94529588940603
2006-05-18,42.78961,113.77233657903494
2006-05-19,53.11258,141.21985052775474
2006-05-20,53.94989,143.44615535130868
2006-05-21,44.73249,118.93821673762191
2006-05-22,48.6982,129.48255432085404
2006-05-23,46.36189,123.27059193856158
2006-05-24,46.09897,122.57151983359591
2006-05-25,47.27931,125.70989944859353
2006-05-26,49.67376,132.0764489759594
2006-05-27,48.32968,128.50270473876844
2006-05-28,46.55008,123.77096611866766
2006-05-29,47.57735,126.50235133572258
2006-05-30,61.24437,162.8412850037883
2006-05-31,53.20969,141.47805413384486
2006-06-01,52.75352,139.84563142269425
2006-06-02,49.77584,131.95202470650304
2006-06-03,48.08115,127.45952841211879
2006-06-04,47.80679,126.7322205957469
2006-06-05,52.74804,139.8311043530277
2006-06-06,54.89363,145.51890278475736
2006-06-07,49.04839,130.02360922676937
2006-06-08,46.54796,123.39515652487864
2006-06-09,46.57341,123.46262256922427
2006-06-10,43.24853,114.64861465080124
2006-06-11,37.82882,100.28136925982277
2006-06-12,54.17157,143.60477579142932
2006-06-13,51.38459,136.21670049593396
2006-06-14,56.72684,150.37860522699054
2006-06-15,56.75556,150.45473979648392
2006-06-16,54.35362,144.08737670982302
2006-06-17,53.30647,141.31146046870253
2006-06-18,42.31242,112.16705713518714
2006-06-19,48.64015,128.94139555511296
2006-06-20,64.80803,171.80123481069913
2006-06-21,70.7563,187.56965318396917
2006-06-22,67.06476,177.78365706044735
2006-06-23,61.08766,161.93881251592052
2006-06-24,66.28189,175.70832731047264
2006-06-25,46.91641,124.3718898859452
2006-06-26,51.25357,135.8693762864973
2006-06-27,66.2126,175.5246447087945
2006-06-28,69.78374,184.99146944767148
2006-06-29,66.98014,177.55933577665456
2006-06-30,71.9667,190.77833295119666
2006-07-01,65.31094,172.42745358258097
2006-07-02,40.20725,106.15118589715948
2006-07-03,53.02647,139.99521664476308
2006-07-04,68.16904,179.97312518192365
2006-07-05,71.28036,188.18732306179734
2006-07-06,64.25891,169.64998852094683
2006-07-07,60.69961,160.25307836261072
2006-07-08,68.41295,180.617072125626
2006-07-09,56.81615,150.00035318533094
2006-07-10,66.7739,176.289815194482
2006-07-11,70.68572,186.6174136255169
2006-07-12,78.51116,207.27736266871352
2006-07-13,83.03217,219.21328400013797
2006-07-14,63.15633,166.73906637266538
2006-07-15,62.19522,164.20163925995266
2006-07-16,43.18213,114.00516844761349
2006-07-17,63.55707,167.79706029755275
2006-07-18,61.99248,163.6663852590252
2006-07-19,67.25805,177.56801991258905
2006-07-20,57.13379,150.8389547481927
2006-07-21,61.42751,162.17480760831995
2006-07-22,63.54747,167.77171533154257
2006-07-23,55.3776,146.20243642971204
2006-07-24,62.76975,165.71845627264304
2006-07-25,70.41846,185.91182033219602
2006-07-26,65.35097,172.53313681064216
2006-07-27,71.42113,188.55897002692782
2006-07-28,54.62505,144.21562870357042
2006-07-29,52.15858,137.70389971241167
2006-07-30,41.12532,108.57498307892658
2006-07-31,68.63534,181.20420410385555
2006-08-01,77.37458,203.4830548069641
2006-08-02,78.14221,205.50180175669195
2006-08-03,74.95148,197.11068044185927
2006-08-04,70.78489,186.15319981542942
2006-08-05,71.37404,187.70257225453693
2006-08-06,42.99863,113.07967791119992
2006-08-07,48.75354,128.21419194590158
2006-08-08,59.94547,157.64721898896542
2006-08-09,77.94519,204.98366994314193
2006-08-10,68.04367,178.94421955992502
2006-08-11,73.09548,192.2296904614067
2006-08-12,67.67401,177.97207152319325
2006-08-13,67.03037,176.2793988987221
2006-08-14,70.17556,184.5507571296594
2006-08-15,71.04688,186.84219257673263
2006-08-16,65.01346,170.9752407621517
2006-08-17,64.81291,170.44782560020144
2006-08-18,64.87938,170.62263131356386
2006-08-19,59.25278,155.82555252907335
2006-08-20,60.66375,159.53618315015046
2006-08-21,60.77068,159.8173923412118
2006-08-22,70.85133,186.32792663347965
2006-08-23,59.3188,155.99917481275304
2006-08-24,68.8488,181.06158564988283
2006-08-25,75.81252,199.3750810952908
2006-08-26,72.47417,190.59574224763787
2006-08-27,64.12506,168.6388875840084
2006-08-28,68.12845,179.1671777121571
2006-08-29,75.58795,198.78449708671846
2006-08-30,77.6115,204.1061173857189
2006-08-31,83.13512,218.63237486191898
2006-09-01,81.34579,213.30817948123058
2006-09-02,82.17251,215.47603768434993
2006-09-03,78.78199,206.5852807232988
2006-09-04,102.70732,269.32323662473726
2006-09-05,97.0974,254.61268034105808
2006-09-06,100.66963,263.97992452158957
2006-09-07,91.77476,240.65544114731523
2006-09-08,99.25619,260.2735457009284
2006-09-09,105.43721,276.48166321428806
2006-09-10,100.45962,263.42922791180985
2006-09-11,102.23904,268.0952941056779
2006-09-12,104.67608,274.48579772882715
2006-09-13,90.37543,236.98606213220611
2006-09-14,90.51825,237.36057044042354
2006-09-15,95.74822,251.07480665893533
2006-09-16,97.2534,255.02174977168346
2006-09-17,97.44588,255.52647851531665
2006-09-18,114.17731,299.40030251306314
2006-09-19,113.716,298.1906370063849
2006-09-20,99.80318,261.7078847256578
2006-09-21,102.55784,268.93126419852007
2006-09-22,102.71384,269.34033362914545
2006-09-23,103.1028,270.3602800761714
2006-09-24,98.16969,257.4244820062202
2006-09-25,123.62394,324.1716329965802
2006-09-26,133.1902,349.2566620441082
2006-09-27,134.85279,353.616371945797
2006-09-28,132.77077,348.15681594611334
2006-09-29,136.44109,357.78127564235024
2006-09-30,143.56175,376.4533546928434
2006-10-01,149.85784,393.51421571397
2006-10-02,151.55305,397.96569608777276
2006-10-03,154.77763,406.4331747976417
2006-10-04,162.788,427.4677397435179
2006-10-05,165.55548,434.7349118961666
2006-10-06,164.60366,432.23551179270277
2006-10-07,171.74218,450.98067119950116
2006-10-08,170.23024,447.0104425927991
2006-10-09,168.40412,442.2152034541622
2006-10-10,167.00798,438.54905600984495
2006-10-11,166.70791,437.76109716358576
2006-10-12,168.7132,443.0268218105516
2006-10-13,166.6587,437.6318757991561
2006-10-14,122.78851,322.43240801640377
2006-10-15,131.22555,344.58737287207896
2006-10-16,132.17064,347.06910055565635
2006-10-17,124.94101,328.08469387161375
2006-10-18,147.99772,388.62969540502996
2006-10-19,121.81998,319.88912884365277
2006-10-20,119.03327,312.57146031144737
2006-10-21,107.72648,282.8807707946856
2006-10-22,89.37396,234.68858068854937
2006-10-23,101.21831,265.7908580261365
2006-10-24,101.95362,267.7217208889446
2006-10-25,102.31899,268.68115210052093
2006-10-26,103.12107,270.7873474263035
2006-10-27,108.63599,285.2690683594578
2006-10-28,97.35712,255.65169443901536
2006-10-29,93.23777,244.83462417761737
2006-10-30,93.14824,244.59952584887546
2006-10-31,83.13969,218.3179065242939
2006-11-01,90.221,236.345640756427
2006-11-02,81.53709,213.59700935995454
2006-11-03,83.3405,218.3212763487548
2006-11-04,88.65803,232.25123761155967
2006-11-05,88.72996,232.43966759947395
2006-11-06,89.79057,235.21807340347382
2006-11-07,102.53301,268.5985518574959
2006-11-08,101.17564,265.0427446463859
2006-11-09,97.96537,256.6330249563899
2006-11-10,93.83098,245.80245276491598
2006-11-11,92.73195,242.92340077524025
2006-11-12,89.42043,234.2484435449089
2006-11-13,100.16204,262.38748765000247
2006-11-14,101.64484,266.2718750555248
2006-11-15,84.75451,222.02545940465077
2006-11-16,74.1826,194.33096651530929
2006-11-17,64.09644,167.90895891207012
2006-11-18,61.97698,162.3567578529196
2006-11-19,58.5549,153.39217432669233
2006-11-20,68.65742,179.85703907718963
2006-11-21,71.09462,186.2416013814377
2006-11-22,70.22723,183.9693604914485
2006-11-23,73.01935,191.28368188523524
2006-11-24,78.19969,204.8542561044985
2006-11-25,74.73885,195.78813571838577
2006-11-26,68.11424,178.43410843857913
2006-11-27,80.48142,210.83154452829297
2006-11-28,85.71997,224.55460741148624
2006-11-29,77.32034,202.55068443937435
2006-11-30,81.28538,212.93762228560598
2006-12-01,82.56187,215.78510980181096
2006-12-02,78.08565,204.08598496128758
2006-12-03,74.05974,193.5637980074043
2006-12-04,79.08749,206.70441105076262
2006-12-05,80.61056,210.6851327469384
2006-12-06,79.21986,207.0503755375707
2006-12-07,61.18555,159.91559572274943
2006-12-08,55.90879,146.12416590172182
2006-12-09,67.66505,176.85052729540922
2006-12-10,53.25388,139.18524790163383
2006-12-11,63.04101,164.76505758490043
2006-12-12,66.61703,174.11140437129797
2006-12-13,66.65756,174.21733426969135
2006-12-14,62.85196,164.2709532845977
2006-12-15,59.36898,155.16777742705585
2006-12-16,60.5081,158.14500086297656
2006-12-17,58.03804,151.6892099716479
2006-12-18,69.34837,181.2500811213047
2006-12-19,66.26498,173.1912804944317
2006-12-20,66.67501,174.26294188693694
2006-12-21,65.57838,171.39677103879652
2006-12-22,64.99488,169.87172549938035
2006-12-23,63.61661,166.26945554974694
2006-12-24,63.2212,165.2360052382807
2006-12-25,57.96713,151.50387838775757
2006-12-26,63.36892,165.62208874656272
2006-12-27,62.80648,164.1520859818854
2006-12-28,59.42446,155.31278090010952
2006-12-29,60.37963,157.80922948260158
2006-12-30,58.80447,153.69236447511787
2006-12-31,58.18044,152.06138903730832
2007-01-01,56.68842,147.02972074225036
2007-01-02,59.76264,155.0031606105734
2007-01-03,65.19737,169.09892892109485
2007-01-04,69.07596,179.15862020502345
2007-01-05,71.97404,186.67521518312836
2007-01-06,77.94917,202.17259004908232
2007-01-07,84.07913,218.0715391988587
2007-01-08,85.16601,220.8905216802956
2007-01-09,85.78281,222.4902828264665
2007-01-10,89.45373,232.01135154680026
2007-01-11,94.76938,245.79826843500322
2007-01-12,96.25405,249.64897754798253
2007-01-13,96.87506,251.2596579458159
2007-01-14,96.36193,249.9287801297739
2007-01-15,94.59255,245.33963392871692
2007-01-16,95.76085,248.36979110619993
2007-01-17,94.75983,245.77349911116093
2007-01-18,92.31057,239.42098454425002
2007-01-19,92.50199,239.91746035261588
2007-01-20,92.15948,239.0291104982465
2007-01-21,94.92759,246.20860924391326
2007-01-22,87.80398,227.73248327362333
2007-01-23,97.66176,253.300079628197
2007-01-24,96.55645,250.4332962422142
2007-01-25,95.06832,246.57361311242923
2007-01-26,112.10489,290.76045284981825
2007-01-27,102.50033,265.8496196558046
2007-01-28,100.63351,261.00774854216183
2007-01-29,102.66549,266.2779863077203
2007-01-30,100.1313,259.7051933456338
2007-01-31,94.90856,246.15925215148195
2007-02-01,101.59364,260.4507169672611
2007-02-02,105.18087,269.6471255753833
2007-02-03,101.88516,261.1980727368772
2007-02-04,102.97949,264.00355379945927
2007-02-05,106.89664,274.04576240590654
2007-02-06,104.02565,266.6855437553509
2007-02-07,106.71033,273.5681284410425
2007-02-08,111.69228,286.34011347273395
2007-02-09,108.0919,277.10999284358246
2007-02-10,109.24823,280.07442031710104
2007-02-11,108.33013,277.72073160934684
2007-02-12,106.67382,273.47452951421525
2007-02-13,107.6464,275.96788597145036
2007-02-14,109.2747,280.14228017996373
2007-02-15,108.78929,278.8978579649207
2007-02-16,111.53725,285.9426705358391
2007-02-17,104.8832,268.8840033472631
2007-02-18,109.08175,279.6476235672187
2007-02-19,111.25953,285.2306931609154
2007-02-20,107.38282,275.2921586328273
2007-02-21,111.99232,287.10931155559484
2007-02-22,107.98355,276.83222117221203
2007-02-23,111.30784,285.3545431788563
2007-02-24,112.52129,288.46540644257954
2007-02-25,107.2875,275.04779134427145
2007-02-26,108.72622,278.73616844656976
2007-02-27,107.69348,276.08858269769047
2007-02-28,106.36526,272.6834891181096
2007-03-01,105.79542,267.9800569015515
2007-03-02,100.66613,254.98755282089698
2007-03-03,110.46187,279.8001861333108
2007-03-04,105.71074,267.7655622550118
2007-03-05,100.49344,254.55012862969545
2007-03-06,107.94673,273.4293303787292
2007-03-07,105.79433,267.97729592889294
2007-03-08,107.43539,272.13410491153945
2007-03-09,99.67022,252.46491036181112
2007-03-10,102.26745,259.0437002866152
2007-03-11,104.90763,265.731282666177
2007-03-12,106.83158,270.6046527088096
2007-03-13,92.00158,233.0402265375254
2007-03-14,106.00746,268.51715473873014
2007-03-15,102.75844,260.28737915417
2007-03-16,104.8996,265.7109426565913
2007-03-17,105.38788,266.94775708753633
2007-03-18,102.16958,258.7957953379042
2007-03-19,103.28791,261.62852795558
2007-03-20,105.44636,267.09588707017264
2007-03-21,97.96049,248.1341601016742
2007-03-22,106.71753,270.31576378063465
2007-03-23,100.87171,255.50828746231926
2007-03-24,104.21156,263.9681356584193
2007-03-25,101.02388,255.89373444347132
2007-03-26,96.25347,243.8102742781472
2007-03-27,88.61108,224.45208176788688
2007-03-28,89.15779,225.83689953134626
2007-03-29,97.38813,246.6843708256529
2007-03-30,97.63304,247.3047284530035
2007-03-31,94.34005,238.9635767511979
2007-04-01,96.39788,241.99806165719176
2007-04-02,98.64763,247.64585328096263
2007-04-03,99.27731,249.22660733348224
2007-04-04,97.94862,245.89105260402872
2007-04-05,94.17183,236.40976671593378
2007-04-06,88.17929,221.36604309459287
2007-04-07,93.2043,233.98087113653742
2007-04-08,87.93786,220.7599551596103
2007-04-09,90.89989,228.1958605817052
2007-04-10,93.09269,233.700684438847
2007-04-11,93.00274,233.47487319023796
2007-04-12,93.19139,233.94846176222342
2007-04-13,92.82059,233.01760227379395
2007-04-14,92.73632,232.80605014571967
2007-04-15,94.5091,237.25645220585454
2007-04-16,100.83657,253.14098696112126
2007-04-17,95.59875,239.9919188767477
2007-04-18,93.65701,235.11735818887536
2007-04-19,92.79334,232.94919364094685
2007-04-20,93.88718,235.69517892364294
2007-04-21,92.58965,232.43784852444688
2007-04-22,90.85239,228.07661617582494
2007-04-23,86.03206,215.9756185548398
2007-04-24,92.52894,232.28544162168916
2007-04-25,92.54095,232.31559162831277
2007-04-26,88.85589,223.06458551603674
2007-04-27,88.94891,223.29810371887845
2007-04-28,90.46892,227.11394981113224
2007-04-29,86.90992,218.1794058000197
2007-04-30,89.59677,224.92449699874345
2007-05-01,84.84883,212.36821804632856
2007-05-02,85.71686,214.54081116647828
2007-05-03,74.83826,187.31275278501576
2007-05-04,83.35897,208.63924602233595
2007-05-05,81.15614,203.12578070102282
2007-05-06,79.75997,199.63130546795546
2007-05-07,79.09413,197.9647738928711
2007-05-08,79.79029,199.7071934250571
2007-05-09,82.45799,206.38418231556025
2007-05-10,74.79674,187.20883233716415
2007-05-11,75.70923,189.49270443398737
2007-05-12,76.65471,191.85914723347489
2007-05-13,67.7678,169.61609166466977
2007-05-14,73.63511,184.30138749521223
2007-05-15,72.98197,182.6666427623175
2007-05-16,76.95779,192.61772645637618
2007-05-17,84.00065,210.24530751023116
2007-05-18,80.44424,201.34396550772925
2007-05-19,79.82667,199.79824896197522
2007-05-20,74.03129,185.29298679747242
2007-05-21,73.99256,185.1960494432987
2007-05-22,76.91225,192.5037443466661
2007-05-23,62.77673,157.1239377711572
2007-05-24,82.45614,206.3795519487846
2007-05-25,80.22242,200.78877201682272
2007-05-26,76.63033,191.79812650807457
2007-05-27,67.30154,168.44908906314564
2007-05-28,73.51458,183.9997128425255
2007-05-29,62.83863,157.27886734056986
2007-05-30,65.66978,164.36495539295504
2007-05-31,72.9977,182.7060133944154
2007-06-01,70.88715,177.21086153612762
2007-06-02,61.64009,154.09412642579713
2007-06-03,67.91875,169.79015522498602
2007-06-04,70.79261,176.9745208897675
2007-06-05,73.34854,183.3640930100465
2007-06-06,72.06458,180.15432004304296
2007-06-07,67.60984,169.0179107880588
2007-06-08,68.8324,172.07418982988244
2007-06-09,65.42674,163.56037678056208
2007-06-10,61.93527,154.83204722114908
2007-06-11,67.50391,168.7530962686075
2007-06-12,65.73299,164.32597148066554
2007-06-13,70.01075,175.0199482457744
2007-06-14,78.44037,196.09316423234137
2007-06-15,87.12074,217.7932304100951
2007-06-16,87.51836,218.78724107019352
2007-06-17,90.96638,227.40694992848165
2007-06-18,84.60937,211.51505388111934
2007-06-19,81.76472,204.40371032634607
2007-06-20,71.60305,179.00054070610005
2007-06-21,86.37615,215.93182907866642
2007-06-22,89.68422,224.20167678338888
2007-06-23,92.89399,232.2257842137598
2007-06-24,89.09905,222.73880967919447
2007-06-25,89.49801,223.73617020671537
2007-06-26,89.52982,223.81569205948367
2007-06-27,86.69425,216.7270476063494
2007-06-28,81.05586,202.631630459847
2007-06-29,78.91184,197.27179258583615
2007-06-30,65.43591,163.58330087329662
2007-07-01,66.60294,166.21810904674888
2007-07-02,77.44273,193.27050938018544
2007-07-03,84.18473,210.09623045485844
2007-07-04,81.28856,202.86838284215665
2007-07-05,82.26602,205.30778796254373
2007-07-06,73.662,183.8351032041771
2007-07-07,76.06476,189.83156858082813
2007-07-08,66.06263,164.86968048640227
2007-07-09,67.13504,167.54604826120058
2007-07-10,66.78868,166.68165242147592
2007-07-11,72.07762,179.8810337950566
2007-07-12,65.53304,163.54800537160904
2007-07-13,70.51065,175.9704137783879
2007-07-14,74.32489,185.48944942832273
2007-07-15,75.65364,188.80555397860036
2007-07-16,78.35484,195.54682330030113
2007-07-17,83.5444,208.49818625792201
2007-07-18,86.09652,214.86740299911077
2007-07-19,81.95789,204.53880109889215
2007-07-20,83.46099,208.2900234879964
2007-07-21,87.08924,217.3448918488956
2007-07-22,88.88095,221.81638587243495
2007-07-23,90.78242,226.56180323402774
2007-07-24,91.33814,227.9486898723572
2007-07-25,90.54164,225.96089888511645
2007-07-26,90.13868,224.9552488459218
2007-07-27,90.57861,226.05316333307414
2007-07-28,92.27101,230.2768136366601
2007-07-29,91.79492,229.08865618391002
2007-07-30,89.54831,223.4818876844186
2007-07-31,90.32818,225.42817589185043
2007-08-01,97.39657,243.38485670708238
2007-08-02,99.09087,247.6187528568011
2007-08-03,103.41265,258.4184740997518
2007-08-04,109.06419,272.5411403607335
2007-08-05,109.48019,273.58068518649225
2007-08-06,109.81861,274.4263648978703
2007-08-07,112.75204,281.7567302301428
2007-08-08,108.54649,271.2474568119468
2007-08-09,99.15411,247.7767836615631
2007-08-10,98.26103,245.54506084187898
2007-08-11,101.85121,254.51658257875977
2007-08-12,90.38347,225.85978022263905
2007-08-13,96.6078,241.4137947546456
2007-08-14,84.68241,211.61336814489877
2007-08-15,85.39255,213.38794113183215
2007-08-16,82.4286,205.9813091935929
2007-08-17,68.65658,171.5663281088681
2007-08-18,77.6864,194.13099796110978
2007-08-19,75.33806,188.2627174415852
2007-08-20,68.03271,170.00733572798805
2007-08-21,74.45873,186.06535457707943
2007-08-22,80.54297,201.26929739120007
2007-08-23,80.90855,202.1828473849522
2007-08-24,74.05097,185.04640073536942
2007-08-25,74.1751,185.35658991619013
2007-08-26,67.27724,168.11948733972864
2007-08-27,73.53411,183.7548162674808
2007-08-28,76.03352,190.0006064909173
2007-08-29,74.97282,187.3500170758157
2007-08-30,66.79605,166.91703884283717
2007-08-31,68.49698,171.16750273821643
2007-09-01,68.82547,171.85089045116504
2007-09-02,62.42297,155.8644347667566
2007-09-03,78.71957,196.55555131600002
2007-09-04,71.50685,178.54605055160383
2007-09-05,76.84899,191.88488450238958
2007-09-06,80.49916,200.99902443922008
2007-09-07,93.75048,234.086355940964
2007-09-08,83.53656,208.5831338489541
2007-09-09,78.71538,196.54508927003081
2007-09-10,77.04883,192.38386666622748
2007-09-11,72.1536,180.1609260242928
2007-09-12,82.29573,205.48489506615297
2007-09-13,77.17565,192.70052458265025
2007-09-14,74.24435,185.3813371484126
2007-09-15,62.16922,155.23084427399306
2007-09-16,70.53992,176.13171496473538
2007-09-17,66.31782,165.58951823765364
2007-09-18,75.22383,187.82700893502167
2007-09-19,77.97088,194.6861410065334
2007-09-20,82.75038,206.62011444560105
2007-09-21,69.84206,174.3892225064892
2007-09-22,69.88175,174.4883247987366
2007-09-23,72.35587,180.66597567541115
2007-09-24,71.54214,178.63416644712945
2007-09-25,78.2465,195.37433888482107
2007-09-26,82.4702,205.92053066525625
2007-09-27,83.81994,209.29070773600571
2007-09-28,77.43136,193.3390090157717
2007-09-29,79.76782,199.17293548955428
2007-09-30,70.88683,176.99791743899985
2007-10-01,84.60042,211.2184233715148
2007-10-02,92.87238,231.87068903866205
2007-10-03,92.78681,231.65704990438942
2007-10-04,97.93574,244.51217375188676
2007-10-05,106.66898,266.3160984100037
2007-10-06,109.419,273.18196135300246
2007-10-07,90.725,226.5094128419301
2007-10-08,110.68365,276.3393615067699
2007-10-09,103.32039,257.9558101239926
2007-10-10,99.03339,247.25263180651277
2007-10-11,91.42887,228.26673640673638
2007-10-12,89.97097,224.62685684782483
2007-10-13,89.27285,222.8838890738573
2007-10-14,84.96899,212.13861708097915
2007-10-15,85.83489,214.3004743483236
2007-10-16,86.05416,214.84791682783694
2007-10-17,76.57019,191.16967515122653
2007-10-18,82.30623,205.4906126264299
2007-10-19,79.61216,198.76443776993986
2007-10-20,75.69333,188.98045449821387
2007-10-21,75.02325,187.30749305035363
2007-10-22,71.81495,179.29746109421401
2007-10-23,67.98753,169.74169744693424
2007-10-24,67.05671,167.41775705937263
2007-10-25,67.97151,169.70170096532797
2007-10-26,69.48411,173.4781477866529
2007-10-27,66.43137,165.85649614753387
2007-10-28,61.47564,153.48372687221683
2007-10-29,60.771,151.7244808797678
2007-10-30,53.45033,133.44726221556795
2007-10-31,46.14614,115.21118849624145
2007-11-01,55.11743,136.96567331375533
2007-11-02,53.73195,133.52278417573237
2007-11-03,49.35695,122.65099968310126
2007-11-04,51.08845,126.95374136287059
2007-11-05,52.07682,129.4098203660664
2007-11-06,70.38417,174.9032063846195
2007-11-07,68.31029,169.74965748780173
2007-11-08,68.10776,169.24637462762058
2007-11-09,70.14038,174.2973932780004
2007-11-10,50.68871,125.9603957324513
2007-11-11,41.94854,104.241254093832
2007-11-12,45.90702,114.07799500317836
2007-11-13,65.32317,162.3267260835439
2007-11-14,61.58049,153.02624370985689
2007-11-15,63.0826,156.75895598510857
2007-11-16,69.38245,172.41395290760045
2007-11-17,66.06689,164.17485489791179
2007-11-18,58.54783,145.49014634770316
2007-11-19,66.87749,166.18917912870646
2007-11-20,65.44301,162.62452600436603
2007-11-21,70.17478,174.3828765663539
2007-11-22,63.23274,157.13205077910254
2007-11-23,63.61432,158.08026918520497
2007-11-24,62.92622,156.37035492020397
2007-11-25,58.84391,146.22589902257818
2007-11-26,77.336,192.17836011934125
2007-11-27,87.25503,216.82694447041385
2007-11-28,91.90608,228.38470750228853
2007-11-29,87.12749,216.51001020888464
2007-11-30,82.83725,205.84885256278966
2007-12-01,78.33612,193.714454246274
2007-12-02,73.94416,182.85374102137257
2007-12-03,81.86567,202.44254611481352
2007-12-04,81.00576,200.31610691472403
2007-12-05,85.39358,211.16658248883834
2007-12-06,90.19782,223.04680746893843
2007-12-07,86.81001,214.66921913242052
2007-12-08,86.77531,214.58341080335921
2007-12-09,88.26529,218.2679264844762
2007-12-10,94.32859,233.26163373512168
2007-12-11,95.33927,235.76090641568874
2007-12-12,93.91001,232.2265429461165
2007-12-13,92.98523,229.93968915507006
2007-12-14,93.144,230.3323055356194
2007-12-15,92.58714,228.9552673188737
2007-12-16,95.7827,236.8574478380419
2007-12-17,99.39956,245.80144533223967
2007-12-18,103.22479,255.26071318743183
2007-12-19,99.44892,245.9235058256825
2007-12-20,85.53468,211.51550338885417
2007-12-21,87.50832,216.39604375106023
2007-12-22,90.13819,222.89935067752847
2007-12-23,85.99073,212.64325233607053
2007-12-24,89.19635,220.570309852079
2007-12-25,80.73416,199.64447745728745
2007-12-26,79.27003,196.02388527202737
2007-12-27,69.48481,171.82638159199155
2007-12-28,73.82545,182.5601875129326
2007-12-29,73.4146,181.54421195112172
2007-12-30,68.68751,169.85476831358878
2007-12-31,67.78248,167.61675355709454
2008-01-01,68.46893,167.5384087923176
2008-01-02,75.57627,184.9295442218619
2008-01-03,78.89978,193.06192743575699
2008-01-04,89.49518,218.9880877615883
2008-01-05,93.46684,228.7064460981958
2008-01-06,96.56795,236.2946329574025
2008-01-07,97.08374,237.55673294744165
2008-01-08,98.27687,240.47623383174607
2008-01-09,99.55463,243.6028180681066
2008-01-10,100.78056,246.6025781270233
2008-01-11,92.34819,225.96919226648666
2008-01-12,96.52464,236.1886565899495
2008-01-13,97.17829,237.78808980596585
2008-01-14,96.49361,236.112728474455
2008-01-15,89.62788,219.31279484912042
2008-01-16,99.26955,242.90524838827494
2008-01-17,100.33504,245.51242363088687
2008-01-18,98.73672,241.60145277825433
2008-01-19,97.94371,239.66101594717784
2008-01-20,100.58889,246.13357581001293
2008-01-21,105.53151,258.2278014692292
2008-01-22,105.52581,258.21385399071426
2008-01-23,100.33429,245.5105884363454
2008-01-24,105.10952,257.1952231431729
2008-01-25,104.35623,255.35197821501103
2008-01-26,103.35422,252.90013383838664
2008-01-27,98.31828,240.5775610396941
2008-01-28,102.65268,251.18351733358423
2008-01-29,90.98153,222.62507630381413
2008-01-30,99.51513,243.50616448892407
2008-01-31,92.77295,227.00854857771606
2008-02-01,97.0285,233.88969818985996
2008-02-02,89.72919,216.2945234433244
2008-02-03,88.08488,212.33087183961447
2008-02-04,91.9031,221.53478948672316
2008-02-05,100.88821,243.19362855053114
2008-02-06,104.49861,251.89659073529822
2008-02-07,108.92915,262.57652151252455
2008-02-08,116.10874,279.88310811570744
2008-02-09,118.46141,285.5542797430163
2008-02-10,120.14995,289.6245489008566
2008-02-11,125.42403,302.33785457320215
2008-02-12,124.2028,299.39404820579045
2008-02-13,116.80629,281.5645703558981
2008-02-14,114.4848,275.9685589216208
2008-02-15,114.10669,275.05711502851136
2008-02-16,110.40579,266.136000262944
2008-02-17,107.4101,258.9148123648482
2008-02-18,103.03254,248.3625912421059
2008-02-19,94.91829,228.80298263703554
2008-02-20,82.37643,198.57050609520013
2008-02-21,91.27273,220.01526636673324
2008-02-22,80.27004,193.49299875075866
2008-02-23,91.46168,220.47073520808374
2008-02-24,84.2567,203.10294535598894
2008-02-25,91.77693,221.2306534522527
2008-02-26,99.18519,239.08845497976284
2008-02-27,90.89999,219.11676699692657
2008-02-28,92.43533,222.81774360914687
2008-02-29,93.33562,224.98791584084532
2008-03-01,100.05323,239.24308660350874
2008-03-02,92.49587,221.17224438308375
2008-03-03,92.82814,221.9667544692224
2008-03-04,103.70668,247.97906299079372
2008-03-05,96.97285,231.8774111614294
2008-03-06,94.80328,226.68962638524204
2008-03-07,93.73613,224.137902069406
2008-03-08,98.27724,234.99641381366516
2008-03-09,80.04645,191.40371349983835
2008-03-10,94.13992,225.10342777946687
2008-03-11,94.53469,226.04738524389322
2008-03-12,81.84481,195.70387649531872
2008-03-13,80.09278,191.5144958524155
2008-03-14,86.87599,207.73422306641737
2008-03-15,84.32892,201.64377612537209
2008-03-16,70.23881,167.95209613680035
2008-03-17,96.07858,229.73907024972752
2008-03-18,86.6567,207.2098660170619
2008-03-19,86.34222,206.45789463267909
2008-03-20,84.83665,202.85783880342058
2008-03-21,81.76827,195.52085725797247
2008-03-22,91.29524,218.30134829038622
2008-03-23,63.10531,150.89477016855196
2008-03-24,95.34723,227.9902968079558
2008-03-25,100.55803,240.4501431884631
2008-03-26,100.75091,240.91134975364932
2008-03-27,100.0761,239.2977723881718
2008-03-28,105.07459,251.24995200253082
2008-03-29,96.08661,229.7582712488899
2008-03-30,94.42764,225.791411774362
2008-03-31,92.79114,221.87828162127605
2008-04-01,94.66104,224.75382175012382
2008-04-02,93.57566,222.17680270352187
2008-04-03,90.56516,215.02896891278024
2008-04-04,90.21437,214.19608779155308
2008-04-05,95.68222,227.17841065908564
2008-04-06,93.86181,222.85620899457678
2008-04-07,96.04013,228.02819680492334
2008-04-08,97.74708,232.08101025421962
2008-04-09,96.5322,229.19651920100713
2008-04-10,95.45107,226.6295909345449
2008-04-11,97.30987,231.04294202248067
2008-04-12,100.26423,238.0574825433295
2008-04-13,87.49433,207.73789353007862
2008-04-14,105.91815,251.48159163688544
2008-04-15,100.10885,237.68856362142108
2008-04-16,104.95297,249.18996359564707
2008-04-17,115.73944,274.80029236124125
2008-04-18,119.88158,284.6349803725293
2008-04-19,120.31352,285.660536036895
2008-04-20,83.08415,197.26679782263696
2008-04-21,119.97273,284.85139792776135
2008-04-22,124.01805,294.45620609596034
2008-04-23,127.97453,303.8500813447209
2008-04-24,116.50791,276.6248716115888
2008-04-25,125.92896,298.9932820199152
2008-04-26,135.613,321.986109903288
2008-04-27,140.73722,334.1525516462524
2008-04-28,87.16219,206.9492931264058
2008-04-29,89.47078,212.43058115529413
2008-04-30,113.24573,268.8794736924784
2008-05-01,98.7902,232.3963804520665
2008-05-02,115.4414,271.5670533546768
2008-05-03,118.82695,279.53130047473013
2008-05-04,99.66951,234.4648898922266
2008-05-05,94.28011,221.78673909580786
2008-05-06,124.21044,292.1955484487184
2008-05-07,108.05985,254.2025222359428
2008-05-08,98.63344,232.0276145562624
2008-05-09,106.8983,251.47006480884886
2008-05-10,115.04796,270.641515883095
2008-05-11,94.86644,223.16603552147012
2008-05-12,98.90524,232.66700324265915
2008-05-13,100.1273,235.5418058110845
2008-05-14,114.2337,268.72603158660706
2008-05-15,117.54808,276.52285673163885
2008-05-16,112.95893,265.7272327795505
2008-05-17,113.53846,267.0905327259357
2008-05-18,102.48698,241.09277231408916
2008-05-19,115.07091,270.6955040006549
2008-05-20,114.36137,269.02636548503335
2008-05-21,103.67181,243.8799941584727
2008-05-22,100.35234,236.07119517821738
2008-05-23,108.49903,255.23565955489693
2008-05-24,90.98037,214.02435342969014
2008-05-25,96.2682,226.46356857902532
2008-05-26,44.17307,103.91376453793762
2008-05-27,91.47472,215.18727394889632
2008-05-28,70.48937,165.82084506708642
2008-05-29,68.68887,161.58530669380704
2008-05-30,69.91756,164.47570582952747
2008-05-31,65.01951,152.9534182820456
2008-06-01,78.03818,182.01348383100455
2008-06-02,81.76831,190.71350677416578
2008-06-03,98.18626,229.00615118057354
2008-06-04,100.61092,234.6613421871511
2008-06-05,87.71806,204.59049269853662
2008-06-06,88.21407,205.74736883423094
2008-06-07,89.17615,207.99129011127934
2008-06-08,90.96244,212.15756956618827
2008-06-09,82.82258,193.1724487381956
2008-06-10,81.71018,190.57792642343108
2008-06-11,83.64353,195.08720340765436
2008-06-12,76.24326,177.8270760701118
2008-06-13,79.0461,184.36432069858586
2008-06-14,75.60805,176.34553479039087
2008-06-15,69.37241,161.801749167559
2008-06-16,77.3373,180.37877617191415
2008-06-17,87.06818,203.0747356310077
2008-06-18,88.79994,207.1138312475275
2008-06-19,79.98994,186.565699646417
2008-06-20,75.52023,176.14070653645106
2008-06-21,62.44861,145.6529235625909
2008-06-22,57.63734,134.43128802019874
2008-06-23,100.06912,233.39766707915092
2008-06-24,78.58149,183.2806808094608
2008-06-25,91.91766,214.38549082248937
2008-06-26,61.2717,142.9079404113238
2008-06-27,73.46233,171.34093354871834
2008-06-28,44.14401,102.95992359599754
2008-06-29,46.59911,108.68611177918557
2008-06-30,64.32938,150.0395648192788
2008-07-01,71.36858,165.66236454427894
2008-07-02,70.21914,162.99425837904803
2008-07-03,65.94738,153.07855230270928
2008-07-04,58.14096,134.95811336689536
2008-07-05,45.0781,104.63630683367192
2008-07-06,39.02701,90.59037965577036
2008-07-07,62.03884,144.00596071806663
2008-07-08,63.79356,148.0790565301612
2008-07-09,50.8804,118.10473702795728
2008-07-10,55.04407,127.76954214783045
2008-07-11,60.51846,140.4768202222654
2008-07-12,62.83022,145.84292990048627
2008-07-13,49.24531,114.30932908173354
2008-07-14,54.89615,127.42618689313167
2008-07-15,53.88757,125.08504815067569
2008-07-16,65.16617,151.26518995466148
2008-07-17,75.90215,176.1857899231643
2008-07-18,60.6235,140.72064144964207
2008-07-19,50.20254,116.53127304100413
2008-07-20,47.58504,110.45547274912988
2008-07-21,67.75002,157.26288110429255
2008-07-22,66.33913,153.9878912766698
2008-07-23,86.97162,201.8804944339162
2008-07-24,99.48839,230.93470448905381
2008-07-25,97.08588,225.3579438551548
2008-07-26,68.86062,159.84083098171584
2008-07-27,51.63026,119.8453290458617
2008-07-28,94.4554,219.25201409325626
2008-07-29,88.01524,204.30296881810182
2008-07-30,83.85583,194.64805210672657
2008-07-31,84.5113,196.1695439184992
2008-08-01,77.10058,178.6282639179039
2008-08-02,55.54316,128.68357466719917
2008-08-03,47.50636,110.06374545897
2008-08-04,90.65011,210.02010326338686
2008-08-05,93.77228,217.25361313784643
2008-08-06,97.0589,224.86812427067917
2008-08-07,67.95753,157.44545117622815
2008-08-08,106.53457,246.82155810423745
2008-08-09,79.87768,185.06230827563002
2008-08-10,57.83424,133.9915975497382
2008-08-11,92.42064,214.12210483217618
2008-08-12,96.23919,222.9690027048473
2008-08-13,90.98261,210.79044633671654
2008-08-14,83.14913,192.64167322974873
2008-08-15,77.85849,180.38420592905373
2008-08-16,73.36298,169.96891272729601
2008-08-17,53.92706,124.9393598076258
2008-08-18,58.09117,134.5868584394543
2008-08-19,71.54117,165.74810456361843
2008-08-20,82.2032,190.45012248281708
2008-08-21,96.26214,223.02217375306662
2008-08-22,82.31198,190.70214630091274
2008-08-23,69.77558,161.6575480919186
2008-08-24,59.38046,137.5739129387423
2008-08-25,67.50653,156.40056478202754
2008-08-26,72.1012,167.045593981233
2008-08-27,76.41275,177.03468474157796
2008-08-28,84.04251,194.71147501877516
2008-08-29,78.11204,180.9716359628665
2008-08-30,61.33571,142.10387773311194
2008-08-31,52.90571,122.57307440027154
2008-09-01,68.82462,159.75782606929064
2008-09-02,67.22078,156.0349433020052
2008-09-03,60.02442,139.33053099704802
2008-09-04,51.96227,120.61642029880468
2008-09-05,50.44575,117.09622740285262
2008-09-06,55.70733,129.30956882761689
2008-09-07,62.98786,146.20935912696402
2008-09-08,80.06938,185.85950904655832
2008-09-09,81.79121,189.8562738330677
2008-09-10,88.05416,204.39402611968637
2008-09-11,88.80617,206.13961487531435
2008-09-12,89.04634,206.69710487071225
2008-09-13,83.91044,194.7754957298369
2008-09-14,76.64563,177.91219517828367
2008-09-15,98.14878,227.82596873259996
2008-09-16,87.27192,202.57826655770924
2008-09-17,86.03683,199.71133763896012
2008-09-18,88.29196,204.9460147981459
2008-09-19,91.48917,212.36747704649534
2008-09-20,86.22676,200.15220900018727
2008-09-21,81.9001,190.10903265223274
2008-09-22,78.76026,182.82073941348474
2008-09-23,98.81611,229.37499566614233
2008-09-24,99.54548,231.06803175700864
2008-09-25,108.42145,251.67120648512542
2008-09-26,115.90428,269.040581770395
2008-09-27,94.57837,219.53822315876235
2008-09-28,86.32139,200.37186706849096
2008-09-29,111.93348,259.82343860627816
2008-09-30,94.07854,218.37800238014833
2008-10-01,102.20518,236.41442887055626
2008-10-02,106.57748,246.52815116281906
2008-10-03,94.02784,217.49913352270448
2008-10-04,84.82276,196.2065363088668
2008-10-05,69.42388,160.58684051217398
2008-10-06,85.6945,198.2229890387932
2008-10-07,105.13502,243.1915457474319
2008-10-08,96.63748,223.53558441646308
2008-10-09,96.95322,224.26593381530557
2008-10-10,75.12539,173.7752056258577
2008-10-11,67.62611,156.4283549267015
2008-10-12,63.38367,146.61501640885336
2008-10-13,59.21039,136.96165434132493
2008-10-14,68.27387,157.926711570124
2008-10-15,78.49248,181.56374099466936
2008-10-16,77.09469,178.33046334151152
2008-10-17,62.93658,145.58083666371974
2008-10-18,72.14872,166.8897646140996
2008-10-19,56.44005,130.55348257471528
2008-10-20,84.4725,195.39633747299368
2008-10-21,101.75844,235.38105872284328
2008-10-22,103.16612,238.6372132859731
2008-10-23,108.14067,250.1440214256195
2008-10-24,111.17798,257.1697309733433
2008-10-25,101.2844,234.2845399763199
2008-10-26,79.75372,184.48115999700076
2008-10-27,101.41817,234.59396811049092
2008-10-28,98.84999,228.6534198140466
2008-10-29,94.87527,219.45935392892827
2008-10-30,106.97315,247.44338948118232
2008-10-31,79.88881,184.79364147001536
2008-11-01,87.91699,202.79610481165605
2008-11-02,75.20203,173.46679814594768
2008-11-03,73.86306,170.37822675082074
2008-11-04,87.00504,200.69253065854878
2008-11-05,82.2542,189.7338769718904
2008-11-06,81.20957,187.32425290526345
2008-11-07,86.64209,199.85532221634222
2008-11-08,96.37197,222.29901329681297
2008-11-09,93.28929,215.18826602963745
2008-11-10,135.91271,313.5067315475224
2008-11-11,128.05106,295.37244376773657
2008-11-12,125.90618,290.4248982559029
2008-11-13,130.48544,300.9877722910561
2008-11-14,127.59916,294.33005640023924
2008-11-15,105.64386,243.68626934643598
2008-11-16,96.10382,221.680477840751
2008-11-17,100.68288,232.24289054049038
2008-11-18,118.2843,272.8436824369598
2008-11-19,96.91178,223.5441806454492
2008-11-20,116.58443,268.9226312876178
2008-11-21,95.0882,219.33777047589678
2008-11-22,76.14147,175.63378285168275
2008-11-23,56.61774,130.59884255863503
2008-11-24,90.73896,209.30547830016323
2008-11-25,83.09884,191.68218869148086
2008-11-26,69.38184,160.0414993355158
2008-11-27,72.82804,167.99076985082723
2008-11-28,65.1428,150.26340297278998
2008-11-29,49.08545,113.22428193830683
2008-11-30,39.70135,91.5781936547673
2008-12-01,61.74043,141.7912778004317
2008-12-02,87.53835,201.03803136844718
2008-12-03,116.21061,266.88591067259534
2008-12-04,107.16372,246.1090859368436
2008-12-05,118.55392,272.26748833868106
2008-12-06,55.26062,126.90993441160178
2008-12-07,50.80919,116.68690960048247
2008-12-08,48.40883,111.17431256186379
2008-12-09,83.96169,192.8239779247363
2008-12-10,76.69857,176.14370754732118
2008-12-11,76.05893,174.67472890670808
2008-12-12,83.56414,191.91097614471042
2008-12-13,99.12245,227.6417388769304
2008-12-14,74.00581,169.95959316376585
2008-12-15,99.52033,228.5554985253688
2008-12-16,111.50854,256.0872733192909
2008-12-17,107.61559,247.14683745071676
2008-12-18,101.71806,233.6027413929734
2008-12-19,101.90947,234.04232803796083
2008-12-20,106.14305,243.765044868251
2008-12-21,108.52101,249.22619871765428
2008-12-22,141.88444,325.8476827517833
2008-12-23,152.42013,350.04364231360086
2008-12-24,151.66482,348.3090193115348
2008-12-25,111.99752,257.21025058101156
2008-12-26,151.8036,348.62773742757554
2008-12-27,160.26789,368.0665799295377
2008-12-28,169.91466,390.2210716450452
2008-12-29,176.61984,405.6199932282266
2008-12-30,184.92296,424.688697390642
2008-12-31,175.70515,403.5193427486093
2009-01-01,162.13045,370.1602968541585
2009-01-02,142.10728,324.44536451935477
2009-01-03,135.42706,309.1937432585053
2009-01-04,144.8757,330.7659487712148
2009-01-05,133.78665,305.4485204915141
2009-01-06,140.63015,321.07292658871194
2009-01-07,136.90723,312.5731218181443
2009-01-08,133.43902,304.654845867189
2009-01-09,132.88053,303.37975643031837
2009-01-10,132.82476,303.25242785166114
2009-01-11,132.78761,303.1676106256057
2009-01-12,133.15113,303.99756373504573
2009-01-13,131.04848,299.1970000643695
2009-01-14,137.80027,314.61202290984323
2009-01-15,152.03015,347.1002853244547
2009-01-16,146.67158,334.86612535071885
2009-01-17,134.10313,306.1710764996446
2009-01-18,133.66078,305.16114648764847
2009-01-19,133.67186,305.18644325385833
2009-01-20,123.94916,282.988530904735
2009-01-21,120.86903,275.95628103958376
2009-01-22,122.88346,280.5554294832717
2009-01-23,130.63754,298.25878227499527
2009-01-24,128.7313,293.9066425981161
2009-01-25,117.5777,268.44184010732835
2009-01-26,131.57482,300.398687783402
2009-01-27,136.42083,311.4626211787526
2009-01-28,127.53764,291.1813954903524
2009-01-29,136.48615,311.61175337810516
2009-01-30,136.60126,311.8745612082868
2009-01-31,132.52051,302.55779417663047
2009-02-01,122.50175,277.35412898211024
2009-02-02,128.70042,291.3884323181649
2009-02-03,125.25655,283.5912248155976
2009-02-04,125.48716,284.1133449949793
2009-02-05,127.42413,288.49880583300387
2009-02-06,129.25327,292.64013060172215
2009-02-07,127.06689,287.6899848240177
2009-02-08,133.93887,303.2487178811576
2009-02-09,148.66033,336.57932512264574
2009-02-10,137.10158,310.40935580896684
2009-02-11,134.7977,305.1931802793984
2009-02-12,133.7358,302.78895054744686
2009-02-13,131.8691,298.5625868214519
2009-02-14,129.06847,292.2217280643225
2009-02-15,124.81605,282.5938962564822
2009-02-16,123.77837,280.2445026146595
2009-02-17,130.00486,294.3417927396236
2009-02-18,112.49542,254.69896739088756
2009-02-19,110.48711,250.15198687202917
2009-02-20,111.87142,253.2861796022655
2009-02-21,103.03216,233.27336135153513
2009-02-22,106.1155,240.25429901206405
2009-02-23,104.5315,236.66799154863872
2009-02-24,102.08407,231.1268069051974
2009-02-25,131.24971,297.1602364554348
2009-02-26,121.28982,274.6102188784808
2009-02-27,120.50066,272.8234951424727
2009-02-28,118.8483,269.08241496553745
2009-03-01,120.67462,271.85799159566915
2009-03-02,141.45933,318.6821665257283
2009-03-03,125.24513,282.1545201380248
2009-03-04,124.39722,280.24433297809105
2009-03-05,106.48284,239.88648998275679
2009-03-06,111.97207,252.25272774846673
2009-03-07,120.56482,271.6106321469532
2009-03-08,100.74702,226.9647297538514
2009-03-09,108.33334,244.05533023638912
2009-03-10,106.427,239.76069260920218
2009-03-11,113.61186,255.94687665930365
2009-03-12,129.47662,291.6872982222413
2009-03-13,127.57239,287.39741404165534
2009-03-14,130.65708,294.34666010595
2009-03-15,117.09726,263.79884954231375
2009-03-16,121.24634,273.14597287089566
2009-03-17,133.56941,300.9076104090362
2009-03-18,141.45649,318.67576852177245
2009-03-19,112.48763,253.41419074828443
2009-03-20,110.18641,248.22996023303784
2009-03-21,109.48826,246.6571551408609
2009-03-22,98.43201,221.7494328743262
2009-03-23,96.03665,216.35312204485265
2009-03-24,86.01006,193.76503666324365
2009-03-25,97.89458,220.5387007384118
2009-03-26,92.3265,207.99482825019498
2009-03-27,93.40867,210.43276062375529
2009-03-28,85.38276,192.35184374721905
2009-03-29,71.2773,160.57480540947208
2009-03-30,84.5042,190.3726077065645
2009-03-31,85.58652,192.81087800286892
2009-04-01,92.85861,208.52638313654745
2009-04-02,95.33801,214.09420624254435
2009-04-03,89.53522,201.06326801505068
2009-04-04,80.00346,179.65843072828088
2009-04-05,77.16053,173.2742525631071
2009-04-06,83.59779,187.729977725368
2009-04-07,92.03207,206.6702774214427
2009-04-08,91.20037,204.802584238714
2009-04-09,76.26106,171.25437281431667
2009-04-10,73.68084,165.46014496299966
2009-04-11,75.55641,169.67198733733
2009-04-12,74.18449,166.59115815463286
2009-04-13,80.01018,179.67352138379118
2009-04-14,83.78518,188.15078694204652
2009-04-15,79.87636,179.37301074087577
2009-04-16,89.88294,201.8441196123796
2009-04-17,79.61499,178.78606957558804
2009-04-18,74.96254,168.33837311293766
2009-04-19,77.30382,173.59602935299912
2009-04-20,86.50583,194.26036907213063
2009-04-21,97.4775,218.89871614697662
2009-04-22,100.32577,225.29488599376126
2009-04-23,95.38153,214.19193620203978
2009-04-24,101.20863,227.27746577409536
2009-04-25,102.8795,231.0296270200085
2009-04-26,108.80016,244.3252580399132
2009-04-27,116.31406,261.1987217957211
2009-04-28,121.61252,273.0971198009645
2009-04-29,106.57691,239.3326538935844
2009-04-30,109.51107,245.92170118111036
2009-05-01,97.17912,218.2067467126778
2009-05-02,90.35051,202.87373307075907
2009-05-03,90.765,203.80443211850655
2009-05-04,114.30432,256.65980307708975
2009-05-05,117.85396,264.63019215245066
2009-05-06,114.41888,256.91703698601384
2009-05-07,113.656,255.20406034111147
2009-05-08,100.74446,226.21238868931417
2009-05-09,94.01981,211.11280763443932
2009-05-10,101.51798,227.94925647240572
2009-05-11,110.49747,248.1118726808981
2009-05-12,99.67933,223.8207375596674
2009-05-13,102.64457,230.4789103608031
2009-05-14,99.61259,223.67087904813116
2009-05-15,111.95425,251.38293774586364
2009-05-16,110.25561,247.56879836863916
2009-05-17,111.62915,250.65295569461338
2009-05-18,131.734,295.79654118547177
2009-05-19,145.62774,326.993652304319
2009-05-20,132.07452,296.5611474238345
2009-05-21,137.72252,309.2432102520758
2009-05-22,143.10817,321.33619036378224
2009-05-23,140.16226,314.72142129396207
2009-05-24,129.71932,291.27276315098146
2009-05-25,131.75172,295.8363298103507
2009-05-26,130.34548,292.6787476517838
2009-05-27,138.64624,311.3173382753944
2009-05-28,142.88496,320.83499290558615
2009-05-29,153.27284,344.1600188992532
2009-05-30,140.8522,316.27061789943605
2009-05-31,131.03151,294.21916471305474
2009-06-01,148.87686,334.490059780834
2009-06-02,151.01342,339.29038994715626
2009-06-03,161.55331,362.970956800752
2009-06-04,170.2297,382.46469283052744
2009-06-05,169.91695,381.7620197207073
2009-06-06,126.02281,283.1425733364385
2009-06-07,117.96185,265.0315586878832
2009-06-08,125.0942,281.0562127400833
2009-06-09,124.36697,279.4223039769994
2009-06-10,125.49443,281.9554321125639
2009-06-11,129.63575,291.259969932421
2009-06-12,122.50577,275.2406406932353
2009-06-13,105.26434,236.50334497510246
2009-06-14,103.3857,232.28249825717285
2009-06-15,98.06148,220.32027211883067
2009-06-16,101.41762,227.86070163375223
2009-06-17,103.09318,231.6252770322821
2009-06-18,105.89777,237.92650797415396
2009-06-19,109.82896,246.75893484096065
2009-06-20,115.56879,259.6549354674639
2009-06-21,125.55286,282.08671009755767
2009-06-22,127.73073,286.97985377680294
2009-06-23,139.73953,313.9607037886589
2009-06-24,135.52523,304.4921976760611
2009-06-25,139.96348,314.4638649171776
2009-06-26,137.67887,309.33090244419225
2009-06-27,131.18934,294.7505084350123
2009-06-28,124.72774,280.23286633616743
2009-06-29,117.23072,263.3888875742692
2009-06-30,120.49779,270.7291984836218
2009-07-01,128.45786,288.7289472872867
2009-07-02,128.1258,287.98259097840673
2009-07-03,125.4919,282.0624925565586
2009-07-04,118.18454,265.6380685450639
2009-07-05,110.36992,248.073499074187
2009-07-06,122.28922,274.86397294165886
2009-07-07,124.04229,278.8042694374974
2009-07-08,120.6653,271.21396108501756
2009-07-09,115.67424,259.9957802773372
2009-07-10,90.54712,203.51868416222737
2009-07-11,111.95576,251.6379202296233
2009-07-12,112.38256,252.59721937023028
2009-07-13,122.66157,275.7008872692245
2009-07-14,121.55028,273.2030907791468
2009-07-15,125.9711,283.1395688175213
2009-07-16,122.58974,275.53943821282854
2009-07-17,127.99988,287.6995662647581
2009-07-18,122.85997,276.1468220149987
2009-07-19,133.48378,300.02548134717307
2009-07-20,133.31883,299.6547306600992
2009-07-21,163.02223,366.4177252550052
2009-07-22,136.74349,307.35218472493324
2009-07-23,126.31768,283.9185610765456
2009-07-24,125.93174,283.0511011179564
2009-07-25,125.55812,282.21133226858063
2009-07-26,126.63868,284.64005832147257
2009-07-27,149.84675,336.8037921690523
2009-07-28,155.51554,349.54527617861544
2009-07-29,139.15933,312.78215950432406
2009-07-30,137.98204,310.1360177863175
2009-07-31,132.4792,297.7675321187968
2009-08-01,135.04153,303.4054415346702
2009-08-02,126.91324,285.14315276786016
2009-08-03,130.08328,292.26546088953626
2009-08-04,148.7351,334.17155957284643
2009-08-05,147.58956,331.59781007892684
2009-08-06,131.94801,296.4550552239084
2009-08-07,139.10988,312.546033529352
2009-08-08,136.14027,305.8740428222282
2009-08-09,123.31905,277.06788285711866
2009-08-10,122.05549,274.228971155618
2009-08-11,127.37796,286.1872654700044
2009-08-12,134.72417,302.69241087717216
2009-08-13,125.83766,282.72658636191187
2009-08-14,123.928,278.4360452559195
2009-08-15,119.34339,268.135542726703
2009-08-16,119.74089,269.02862845381253
2009-08-17,114.99423,258.3640390262864
2009-08-18,118.70907,266.7103801143254
2009-08-19,115.45713,259.4040626315165
2009-08-20,117.96255,265.0331314174655
2009-08-21,135.5557,304.56065634802343
2009-08-22,118.95493,267.26276767877107
2009-08-23,121.63815,273.2913097786321
2009-08-24,129.84296,291.72552035635647
2009-08-25,156.28583,351.1362116288405
2009-08-26,126.46612,284.13858298092885
2009-08-27,124.31191,279.29859756156634
2009-08-28,126.12611,283.3746632876596
2009-08-29,144.15194,323.87431484062193
2009-08-30,133.50946,299.96325323295275
2009-08-31,136.14422,305.8829175105856
2009-09-01,128.21744,288.390702397487
2009-09-02,143.89637,323.6562453340877
2009-09-03,126.57698,284.7009281229813
2009-09-04,123.54653,277.88474458289136
2009-09-05,120.77056,271.64094546995983
2009-09-06,128.319,288.61913434664683
2009-09-07,153.88861,346.1311061028277
2009-09-08,136.30804,306.58833461364344
2009-09-09,180.60449,406.2213044281645
2009-09-10,180.0763,405.03328285247767
2009-09-11,182.49058,410.4635574312261
2009-09-12,166.46448,374.4171488015392
2009-09-13,194.45532,437.37502729525795
2009-09-14,201.55591,453.3458978534018
2009-09-15,192.68368,433.39019883513987
2009-09-16,192.3352,432.6063866488142
2009-09-17,192.56844,433.1309973993267
2009-09-18,208.16933,468.22101031118905
2009-09-19,184.68909,415.40851533342646
2009-09-20,184.24829,414.41705409682083
2009-09-21,200.35014,450.6338420111559
2009-09-22,184.71529,415.46744519821567
2009-09-23,213.50216,480.2157794273591
2009-09-24,210.13823,472.64952217315107
2009-09-25,211.38474,475.45321170591274
2009-09-26,215.1543,483.93182472555714
2009-09-27,228.74961,514.5108239647525
2009-09-28,250.36252,563.1232615220276
2009-09-29,265.02673,596.1064642907324
2009-09-30,272.4773,612.8645208824228
2009-10-01,266.62248,600.4762591648836
2009-10-02,285.58364,643.1798092414818
2009-10-03,286.40638,645.0327506643706
2009-10-04,272.86089,614.5261513567827
2009-10-05,277.30221,624.5287108534695
2009-10-06,276.82261,623.448575322904
2009-10-07,239.5695,539.5486425975844
2009-10-08,250.52947,564.2322393676667
2009-10-09,245.58777,553.102744473181
2009-10-10,204.54495,460.6677816779296
2009-10-11,200.89296,452.442918966775
2009-10-12,201.54845,453.91918677105014
2009-10-13,182.50631,411.0332568461091
2009-10-14,178.5231,402.06243397975453
2009-10-15,163.67956,368.632419481486
2009-10-16,160.27687,360.96902004758323
2009-10-17,162.66757,366.35325693858164
2009-10-18,159.68271,359.63087716426213
2009-10-19,148.93678,335.429332539639
2009-10-20,148.65427,334.7930750568616
2009-10-21,157.71842,355.2069834583939
2009-10-22,135.41784,304.98252805760694
2009-10-23,145.15179,326.90493266091727
2009-10-24,152.52418,343.5087282909954
2009-10-25,138.5376,312.0087241018873
2009-10-26,155.02623,349.143743103863
2009-10-27,150.95098,339.96563150891535
2009-10-28,167.37551,376.9562871090786
2009-10-29,162.0555,364.974777884801
2009-10-30,162.29411,365.51216558068967
2009-10-31,144.51095,325.4616589882576
2009-11-01,129.14536,291.0596617700793
2009-11-02,145.0421,326.8867311099835
2009-11-03,142.62811,321.446232799271
2009-11-04,142.25191,320.5983769819354
2009-11-05,143.34747,323.06748096715654
2009-11-06,131.56548,296.51397548791635
2009-11-07,141.60122,319.1318929261616
2009-11-08,135.95662,306.410449687106
2009-11-09,137.56633,310.0383124933881
2009-11-10,146.36816,329.8753214479316
2009-11-11,136.80918,308.33189560849803
2009-11-12,143.938,324.3983802117371
2009-11-13,143.01649,322.32153913190473
2009-11-14,144.80098,326.34331007150405
2009-11-15,144.33341,325.2895303146948
2009-11-16,139.67411,314.78869403156915
2009-11-17,152.3665,343.3940015738141
2009-11-18,148.70664,335.1456400862171
2009-11-19,144.99238,326.77467531190285
2009-11-20,155.87801,351.3080211940486
2009-11-21,166.23768,374.65599162248395
2009-11-22,166.41685,375.0597936607403
2009-11-23,168.07385,378.7942356844647
2009-11-24,163.42821,368.3241854472316
2009-11-25,189.10232,426.18687422558037
2009-11-26,190.6107,429.5863658729826
2009-11-27,206.43857,465.2582203533974
2009-11-28,169.60822,382.25230195359086
2009-11-29,175.22214,394.90460054491683
2009-11-30,194.92502,439.3097080044218
2009-12-01,197.46917,444.68770664355264
2009-12-02,177.73503,400.2477089508354
2009-12-03,169.51821,381.7439655983775
2009-12-04,183.85377,414.0267128234306
2009-12-05,204.42166,460.34426120121975
2009-12-06,207.51513,467.3105541160612
2009-12-07,212.60238,478.76670970542443
2009-12-08,207.4908,467.25576454104737
2009-12-09,238.196,536.401874640318
2009-12-10,221.81817,499.5200684196409
2009-12-11,245.114,551.9807599648481
2009-12-12,246.69393,555.5386593997691
2009-12-13,228.42309,514.3939179798741
2009-12-14,261.67738,589.2804126978073
2009-12-15,226.13182,509.23412720543996
2009-12-16,267.78317,603.0302540140347
2009-12-17,259.8333,585.1276646710279
2009-12-18,231.44757,521.2048499090928
2009-12-19,260.38538,586.370912865588
2009-12-20,215.50828,485.3106071995776
2009-12-21,258.30561,581.6874063129142
2009-12-22,178.13072,401.13877705347534
2009-12-23,199.93593,450.2426894656309
2009-12-24,130.49173,293.85887503173115
2009-12-25,149.68647,337.0841790638455
2009-12-26,146.04198,328.87702500538984
2009-12-27,127.93217,288.0949126551406
2009-12-28,124.27465,279.85841588552876
2009-12-29,139.489,314.12014094150754
2009-12-30,132.64804,298.7147446781806
2009-12-31,140.83515,317.15158304610657
2010-01-01,121.19373,271.05007638650744
2010-01-02,119.96243,268.2962708962836
2010-01-03,124.20435,277.7833354500807
2010-01-04,127.46886,285.08442012553803
2010-01-05,122.26173,273.4386610235245
2010-01-06,128.74334,287.93479779237833
2010-01-07,133.97142,299.6274116211199
2010-01-08,156.20406,349.35076587611087
2010-01-09,154.31747,345.13140268289925
2010-01-10,199.04751,445.17024758660455
2010-01-11,201.01966,449.58096593107376
2010-01-12,178.7142,399.69474956628176
2010-01-13,182.55209,408.27820002748143
2010-01-14,191.63565,428.5936043958545
2010-01-15,170.52724,381.3845933117191
2010-01-16,169.84673,379.8626310164602
2010-01-17,166.11213,371.51018889529564
2010-01-18,176.94888,395.74660702750003
2010-01-19,162.93257,364.3990951045897
2010-01-20,169.76447,379.67865632335065
2010-01-21,151.02866,337.77597099744236
2010-01-22,148.55284,332.23879345435296
2010-01-23,157.93944,353.2319475309672
2010-01-24,154.77184,346.147602309792
2010-01-25,163.72122,366.1629127768589
2010-01-26,155.89598,348.6617441954253
2010-01-27,149.0331,333.3128961301711
2010-01-28,146.3922,327.40651675947987
2010-01-29,133.93394,299.54358750857745
2010-01-30,151.1677,338.0869343007484
2010-01-31,124.7796,279.06988349544025
2010-02-01,133.32828,295.734408943065
2010-02-02,135.38742,300.3017711773263
2010-02-03,128.72716,285.5287008691581
2010-02-04,130.93391,290.42347568313687
2010-02-05,130.97206,290.50809589800184
2010-02-06,163.84777,363.42944960805954
2010-02-07,133.16924,295.38164357027006
2010-02-08,159.56888,353.9384773620935
2010-02-09,178.34634,395.58861366139956
2010-02-10,147.11588,326.3165760327732
2010-02-11,143.08121,317.36730624747094
2010-02-12,166.28065,368.8258015960204
2010-02-13,181.70488,403.03816481297554
2010-02-14,178.1031,395.0490849310259
2010-02-15,241.58577,535.8594958249311
2010-02-16,309.22989,685.9003862247305
2010-02-17,252.47689,560.0170034139286
2010-02-18,201.63803,447.25172800919654
2010-02-19,186.30163,413.2341798242622
2010-02-20,285.11343,632.407856028593
2010-02-21,250.90622,556.5331126437588
2010-02-22,309.80305,687.1717079115458
2010-02-23,296.38658,657.4127413550706
2010-02-24,231.82773,514.2152640697267
2010-02-25,244.94796,543.3171430127916
2010-02-26,232.81702,516.4096004357496
2010-02-27,228.19474,506.15695753231336
2010-02-28,200.25124,444.17570002039963
2010-03-01,206.02844,455.85053084122126
2010-03-02,189.24427,418.7145276553053
2010-03-03,215.04344,475.79676998924185
2010-03-04,221.68275,490.48664963847585
2010-03-05,195.90511,433.4520437470082
2010-03-06,192.59452,426.1271607895988
2010-03-07,182.8502,404.5672565128556
2010-03-08,226.09173,500.24178768382694
2010-03-09,207.54584,459.20787119432237
2010-03-10,190.84844,422.26385194305686
2010-03-11,192.91262,426.83097650484956
2010-03-12,186.24135,412.07038339991163
2010-03-13,181.87801,402.41622664737423
2010-03-14,170.48262,377.2032289629636
2010-03-15,165.39291,365.94193413722076
2010-03-16,187.15026,414.08140239314815
2010-03-17,195.45901,432.46502019915107
2010-03-18,203.8312,450.9890028871895
2010-03-19,215.21688,476.18051660242355
2010-03-20,197.04219,435.96790282747753
2010-03-21,162.69765,359.97850645823087
2010-03-22,171.74241,379.99059142733245
2010-03-23,169.88414,375.87905534063333
2010-03-24,162.89351,360.4118586933425
2010-03-25,157.43528,348.3351908170363
2010-03-26,166.08416,367.4713670613549
2010-03-27,163.47879,361.7068265079352
2010-03-28,184.99998,409.3237763127038
2010-03-29,191.74051,424.2376114058161
2010-03-30,231.2118,511.57025586736614
2010-03-31,289.95375,641.5404147937186
2010-04-01,246.95355,543.8978266445627
2010-04-02,228.59023,503.4539057615519
2010-04-03,229.82313,506.1692813067509
2010-04-04,218.50578,481.24361383456494
2010-04-05,199.64972,439.7144677539378
2010-04-06,158.63936,349.39203394437686
2010-04-07,156.86918,345.4933369838769
2010-04-08,152.97492,336.91650320121266
2010-04-09,154.40596,340.068268162038
2010-04-10,156.06537,343.7230019875378
2010-04-11,284.50252,626.5967924044875
2010-04-12,251.39039,553.6696547198005
2010-04-13,249.62747,549.7869473987345
2010-04-14,245.27727,540.2059378304607
2010-04-15,251.85993,554.7037835489778
2010-04-16,252.40398,555.9020154131724
2010-04-17,252.66872,556.4850866450939
2010-04-18,235.61492,518.9252914689118
2010-04-19,161.2711,355.18825621489515
2010-04-20,155.0865,341.56710965245065
2010-04-21,158.67804,349.4772239241711
2010-04-22,147.7213,325.3457746167627
2010-04-23,156.69752,345.11526790602073
2010-04-24,176.06292,387.76619951685444
2010-04-25,181.45755,399.64749270964944
2010-04-26,173.00358,381.0282183176906
2010-04-27,167.10527,368.03760534664445
2010-04-28,177.49954,390.9302540352613
2010-04-29,183.90535,405.03860006591367
2010-04-30,164.60764,362.5367509197198
2010-05-01,160.63869,353.4419579066586
2010-05-02,156.58204,344.5163975790561
2010-05-03,155.71069,342.59922774891135
2010-05-04,151.38675,333.08556812263504
2010-05-05,154.15781,339.182535620794
2010-05-06,151.25457,332.7947418092724
2010-05-07,181.42105,399.16791600754345
2010-05-08,155.44755,342.02025940197353
2010-05-09,147.02115,323.48024694230605
2010-05-10,153.72775,338.23630499343176
2010-05-11,151.29644,332.88686541148525
2010-05-12,146.14559,321.55381414666533
2010-05-13,154.04193,338.9275730455749
2010-05-14,146.10278,321.4596223288786
2010-05-15,147.30189,324.0979393255215
2010-05-16,147.25577,323.99646474863937
2010-05-17,146.91664,323.25030097461405
2010-05-18,163.68109,360.13593563229387
2010-05-19,180.00861,396.0602240870872
2010-05-20,149.93466,329.8906371090873
2010-05-21,152.54459,335.6330816546655
2010-05-22,166.25988,365.8098650364126
2010-05-23,148.5817,326.9138148294149
2010-05-24,159.92915,351.88080718504176
2010-05-25,138.75324,305.2889488297776
2010-05-26,139.34154,306.58334374694533
2010-05-27,144.60316,318.16011441508783
2010-05-28,144.15914,317.1831685862236
2010-05-29,134.7993,296.58937405706587
2010-05-30,138.09391,303.8382716230187
2010-05-31,138.91802,305.6515026194273
2010-06-01,133.47708,293.35758878293257
2010-06-02,130.03456,285.79157545287603
2010-06-03,124.3872,273.3797373111578
2010-06-04,83.80324,184.18380457976312
2010-06-05,70.76322,155.52428621989776
2010-06-06,74.37556,163.46353206093755
2010-06-07,73.32216,161.14835642161475
2010-06-08,89.19742,196.03920056431056
2010-06-09,92.03072,202.26626259097975
2010-06-10,102.04354,224.2725630892939
2010-06-11,92.3329,202.93039755840954
2010-06-12,79.56839,174.87639850781875
2010-06-13,69.8944,153.6147828033832
2010-06-14,71.67727,157.5331966937187
2010-06-15,88.74033,195.03460246959057
2010-06-16,80.43827,176.78823160553486
2010-06-17,85.02437,186.8676193020398
2010-06-18,74.37709,163.4668947139926
2010-06-19,74.63649,164.03700726462895
2010-06-20,74.18347,163.0413542665978
2010-06-21,108.67436,238.8458618672837
2010-06-22,109.94072,241.6290836468668
2010-06-23,111.79192,245.69767406220228
2010-06-24,96.29594,211.64041622716013
2010-06-25,105.93155,232.81767988960098
2010-06-26,104.49974,229.67083003945976
2010-06-27,90.11107,198.04723191314983
2010-06-28,88.60221,194.73104061340746
2010-06-29,112.39354,247.0199219909372
2010-06-30,116.09099,255.14622364995952
2010-07-01,99.79007,219.4075875223552
2010-07-02,86.17529,189.4728852574143
2010-07-03,86.22251,189.5767074742221
2010-07-04,85.41157,187.79370051746398
2010-07-05,88.80766,195.26065503416885
2010-07-06,97.33957,214.01969378479663
2010-07-07,100.82183,221.67610955568043
2010-07-08,89.24639,196.22528699478062
2010-07-09,83.17602,182.87841553684817
2010-07-10,89.81519,197.4759027703053
2010-07-11,88.45885,194.4937294211928
2010-07-12,85.0996,187.10777470260734
2010-07-13,93.54161,205.66915107943123
2010-07-14,91.83191,201.9100480706151
2010-07-15,83.82561,184.3066636058058
2010-07-16,87.36241,192.082996015925
2010-07-17,79.98952,175.87228479017182
2010-07-18,77.01713,169.3369158995039
2010-07-19,76.01607,167.13589369794488
2010-07-20,69.90483,153.69916171479147
2010-07-21,76.63169,168.48945221364204
2010-07-22,75.21273,165.36959679725916
2010-07-23,74.87223,164.62094231138337
2010-07-24,71.41306,157.01529432927748
2010-07-25,75.31704,165.59894231685305
2010-07-26,84.19594,185.12090506176582
2010-07-27,86.55907,190.31669911523935
2010-07-28,84.01216,184.71682952163584
2010-07-29,86.9424,191.15952356184954
2010-07-30,77.71357,170.8681726693816
2010-07-31,78.18047,171.8947417720407
2010-08-01,73.125,160.60265762936734
2010-08-02,71.83958,157.7795209706331
2010-08-03,81.62399,179.26878250000553
2010-08-04,70.96299,155.8542876899312
2010-08-05,63.84219,140.21504797099513
2010-08-06,66.81367,146.74123716884145
2010-08-07,68.44768,150.32997355985634
2010-08-08,64.07557,140.72761478449996
2010-08-09,68.06661,149.4930387941425
2010-08-10,75.17997,165.11593822216898
2010-08-11,81.99907,180.0925615745166
2010-08-12,93.69355,205.7768633535728
2010-08-13,83.18111,182.68864725553155
2010-08-14,86.24021,189.40727412669733
2010-08-15,76.84854,168.78057789998962
2010-08-16,76.98457,169.0793372780043
2010-08-17,77.22974,169.61779818153923
2010-08-18,88.54388,194.46676847611332
2010-08-19,98.70845,216.79096616034903
2010-08-20,90.32622,198.3812784357595
2010-08-21,88.90164,195.25250805619513
2010-08-22,85.3367,187.4229171052312
2010-08-23,100.67408,221.10803148569624
2010-08-24,100.44692,220.60912550679592
2010-08-25,108.1402,237.50568911550508
2010-08-26,105.81421,232.3971738933604
2010-08-27,104.43678,229.37195791115977
2010-08-28,103.91287,228.22130713018743
2010-08-29,94.28144,207.0680318512648
2010-08-30,115.66883,254.04063593681357
2010-08-31,126.22334,277.22124935186633
2010-09-01,130.65558,287.3580093300947
2010-09-02,121.22791,266.6232157313747
2010-09-03,102.99903,226.5314364968623
2010-09-04,99.73579,219.35441313233136
2010-09-05,98.55557,216.75869031841432
2010-09-06,118.08517,259.71121465004273
2010-09-07,100.66306,221.39380908703546
2010-09-08,97.73133,214.9458939142329
2010-09-09,108.49698,238.62338057913107
2010-09-10,94.00443,206.74911758847375
2010-09-11,91.99293,202.32511491084236
2010-09-12,92.0833,202.52387062646628
2010-09-13,94.60987,208.0806951083073
2010-09-14,96.62154,212.50507167629675
2010-09-15,107.70618,236.88413060773115
2010-09-16,106.71969,234.71448884712632
2010-09-17,111.12478,244.40284577240965
2010-09-18,108.94989,239.61949047360088
2010-09-19,97.56715,214.58480380256822
2010-09-20,120.42127,264.84912797602567
2010-09-21,111.50826,245.24625444594585
2010-09-22,128.95194,283.61110009732323
2010-09-23,138.0764,303.67902725215333
2010-09-24,146.2648,321.6882261214136
2010-09-25,126.27986,277.73424746255046
2010-09-26,113.04829,248.63332719942966
2010-09-27,130.32536,286.6317383063774
2010-09-28,145.66972,320.37943391987005
2010-09-29,152.96961,336.4344838360593
2010-09-30,148.60538,326.83599255800846
2010-10-01,128.97963,283.927457826914
2010-10-02,121.4814,267.4213368053116
2010-10-03,117.16644,257.92266152282843
2010-10-04,146.31152,322.08076519053196
2010-10-05,137.11928,301.84555956205503
2010-10-06,164.19843,361.4558578674051
2010-10-07,168.08477,370.0109966629734
2010-10-08,148.58881,327.093844856171
2010-10-09,132.1915,290.9978617656641
2010-10-10,122.93533,270.62192474899143
2010-10-11,161.67573,355.9025484195492
2010-10-12,147.20558,324.0488913430471
2010-10-13,143.72487,316.3866803277673
2010-10-14,133.10967,293.0190621207352
2010-10-15,153.95303,338.9022935842709
2010-10-16,147.85997,325.4894233799847
2010-10-17,136.15071,299.713411890152
2010-10-18,138.62281,305.1553337540456
2010-10-19,158.64335,349.2272622168738
2010-10-20,144.16449,317.3544315068478
2010-10-21,131.86436,290.27771682065617
2010-10-22,130.72752,287.77515039868746
2010-10-23,129.88418,285.9186759904126
2010-10-24,126.74292,279.0037083620099
2010-10-25,149.64642,329.42199945447715
2010-10-26,145.11454,319.4458104424864
2010-10-27,142.67416,314.073714945456
2010-10-28,131.15768,288.72207694250545
2010-10-29,132.33295,291.30924069355854
2010-10-30,128.43834,282.7358968521529
2010-10-31,120.21141,264.6256625413553
2010-11-01,123.40499,271.14076158506793
2010-11-02,121.89602,267.8253099569853
2010-11-03,118.42717,260.20368435801754
2010-11-04,118.23902,259.7902883171262
2010-11-05,115.27362,253.27482395539855
2010-11-06,115.76829,254.3616941097844
2010-11-07,113.72871,249.88040632301283
2010-11-08,120.60752,264.99426664745334
2010-11-09,121.41376,266.76570658371804
2010-11-10,113.49715,249.3716314772579
2010-11-11,113.32833,249.00070657891467
2010-11-12,117.58402,258.3511471702551
2010-11-13,99.1613,217.87344581256718
2010-11-14,91.09864,200.15847518778563
2010-11-15,88.00272,193.35623723447074
2010-11-16,79.8524,175.44866338383463
2010-11-17,76.5296,168.14793330318827
2010-11-18,78.04058,171.46780122700406
2010-11-19,70.8233,155.61026746137043
2010-11-20,69.39938,152.4816844661754
2010-11-21,52.1034,114.47961348379371
2010-11-22,75.24781,165.33163295105402
2010-11-23,82.52821,181.32785158568078
2010-11-24,99.50493,218.62845660997075
2010-11-25,96.88605,212.8743528439893
2010-11-26,96.91514,212.9382682882068
2010-11-27,81.20128,178.4123713383255
2010-11-28,48.1435,105.77907145708386
2010-11-29,76.67792,168.47381637937747
2010-11-30,82.10838,180.40541703958777
2010-12-01,78.92103,172.28246287614905
2010-12-02,74.73387,163.14200643182113
2010-12-03,62.44421,136.31401276890907
2010-12-04,53.75043,117.33572738536292
2010-12-05,45.32444,98.94202029145141
2010-12-06,51.97039,113.44994845903543
2010-12-07,52.62583,114.88075615968938
2010-12-08,47.23503,103.11278631853622
2010-12-09,53.18226,116.09542772211293
2010-12-10,47.3056,103.26683870996052
2010-12-11,72.31206,157.8552610431955
2010-12-12,41.00876,89.52100818117688
2010-12-13,64.02022,139.75439975216864
2010-12-14,83.38313,182.02310586572563
2010-12-15,85.95224,187.63140314972895
2010-12-16,92.12885,201.11477485718703
2010-12-17,82.5271,180.15441564848103
2010-12-18,73.77322,161.04493359886428
2010-12-19,52.01595,113.54940470040273
2010-12-20,75.47731,164.7649157400327
2010-12-21,82.80572,180.7626355336821
2010-12-22,80.7915,176.3656480339701
2010-12-23,80.80651,176.39841445589556
2010-12-24,69.11102,150.86747774937547
2010-12-25,68.09614,148.65202230076127
2010-12-26,70.19926,153.2430760835627
2010-12-27,86.82568,189.5380989236506
2010-12-28,95.94704,209.44977982264535
2010-12-29,94.41599,206.10753929706516
2010-12-30,83.95007,183.26072047241544
2010-12-31,74.33658,162.274733162883
2011-01-01,69.29533,149.905633122509
2011-01-02,63.8988,138.23139408916268
2011-01-03,86.49915,187.12242001457923
2011-01-04,87.76997,189.8715674201078
2011-01-05,83.78445,181.24974688873257
2011-01-06,88.71229,191.91007529941226
2011-01-07,74.41563,160.9823076008206
2011-01-08,81.76396,176.878848695915
2011-01-09,68.44764,148.0718370190541
2011-01-10,68.38247,147.93085565551064
2011-01-11,74.83198,161.88299182226174
2011-01-12,68.73442,148.69222424380465
2011-01-13,63.7367,137.88072539144295
2011-01-14,66.45954,143.7710076671936
2011-01-15,61.18149,132.35307478625833
2011-01-16,80.02562,173.11832171260772
2011-01-17,91.71632,198.40865202989337
2011-01-18,102.41447,221.55181260059229
2011-01-19,104.46093,225.97889133677683
2011-01-20,101.27019,219.07640743448047
2011-01-21,95.26527,206.08604669227725
2011-01-22,96.12047,207.93608907531186
2011-01-23,101.45006,219.46551772848937
2011-01-24,124.45678,269.2356382787817
2011-01-25,126.8499,274.4126418191089
2011-01-26,129.48422,280.1114299978691
2011-01-27,122.98013,266.0412216687396
2011-01-28,123.50794,267.18302577326426
2011-01-29,109.84368,237.62332028588762
2011-01-30,106.80694,231.05398246285614
2011-01-31,108.23346,234.13995353423888
2011-02-01,126.05349,271.06334356893444
2011-02-02,122.01202,262.37263321150175
2011-02-03,131.86597,283.5624045884077
2011-02-04,129.92636,279.3914992701992
2011-02-05,115.08983,247.48727013095996
2011-02-06,114.667,246.57802348050026
2011-02-07,113.61715,244.32044337505576
2011-02-08,111.92634,240.68455346879622
2011-02-09,109.89408,236.31441512037443
2011-02-10,108.42314,233.15133003174034
2011-02-11,106.53867,229.09899685908997
2011-02-12,108.47363,233.25990289407676
2011-02-13,106.5827,229.19367824409042
2011-02-14,106.10605,228.16869795427746
2011-02-15,104.88735,225.54802559679288
2011-02-16,94.01808,202.17492685630174
2011-02-17,91.96941,197.769500714833
2011-02-18,105.37081,226.58764999816282
2011-02-19,91.97474,197.78096225882692
2011-02-20,93.10477,200.21096011238262
2011-02-21,97.85144,210.41812090593425
2011-02-22,100.27361,215.62671528037296
2011-02-23,96.00485,206.44724425982983
2011-02-24,99.98179,214.99919037074702
2011-02-25,105.9172,227.76259803246654
2011-02-26,95.85467,206.12429966752077
2011-02-27,98.16749,211.09774960748757
2011-02-28,98.73004,212.30744783896614
2011-03-01,89.4773,191.89247488303215
2011-03-02,88.8879,190.62845121785608
2011-03-03,93.25168,199.9869873386943
2011-03-04,85.66376,183.71398012888292
2011-03-05,81.14691,174.02717101444358
2011-03-06,81.70608,175.22636360497037
2011-03-07,91.07677,195.32268854394016
2011-03-08,90.5139,194.11556095585456
2011-03-09,86.21852,184.90371506015723
2011-03-10,84.05286,180.25925375930004
2011-03-11,80.23394,172.06922108978154
2011-03-12,78.5163,168.38558076359723
2011-03-13,82.24141,176.37442907609136
2011-03-14,87.66821,188.01271144150962
2011-03-15,87.2612,187.13984026410327
2011-03-16,88.70067,190.2269188954419
2011-03-17,86.63086,185.7880169232361
2011-03-18,79.34558,170.16404962185513
2011-03-19,76.58558,164.24497036178394
2011-03-20,78.82478,169.04714510060694
2011-03-21,86.02248,184.4832888651774
2011-03-22,101.48405,217.64207810979298
2011-03-23,80.05938,171.6948607725214
2011-03-24,72.71547,155.94515592874257
2011-03-25,68.69943,147.33238090279465
2011-03-26,59.60891,127.83690684654013
2011-03-27,47.62072,102.12710728320934
2011-03-28,73.09315,156.755126166041
2011-03-29,70.84349,151.93051897465995
2011-03-30,73.65709,157.96454846963687
2011-03-31,83.38684,178.83091130683897
2011-04-01,86.80468,185.93764158386105
2011-04-02,85.58633,183.32790757385496
2011-04-03,80.77972,173.03203726578627
2011-04-04,93.74081,200.79499321420016
2011-04-05,96.44837,206.59464964800995
2011-04-06,114.26533,244.7589919691151
2011-04-07,116.83843,250.27063195856536
2011-04-08,113.71955,243.5899185271804
2011-04-09,113.2246,242.52972412634932
2011-04-10,105.98946,227.03188612810942
2011-04-11,107.34627,229.93820467542045
2011-04-12,101.50027,217.41593683572273
2011-04-13,86.45976,185.19881492917946
2011-04-14,77.69778,166.43045017275205
2011-04-15,68.50395,146.73705268170724
2011-04-16,43.21912,92.57635929456661
2011-04-17,38.13547,81.68706286909975
2011-04-18,59.00448,126.38896720870461
2011-04-19,65.36747,140.01863964136254
2011-04-20,57.02924,122.15795723133813
2011-04-21,41.93199,89.8192969263644
2011-04-22,36.23865,77.62403035392776
2011-04-23,35.52222,76.08942064671007
2011-04-24,39.03625,83.61655455993844
2011-04-25,67.44635,144.47164890694427
2011-04-26,69.05345,147.91409445008114
2011-04-27,72.37358,155.0258900577814
2011-04-28,70.15996,150.28426458133396
2011-04-29,69.94549,149.82486485783414
2011-04-30,68.15767,145.99531287542422
2011-05-01,50.87819,108.67796817940524
2011-05-02,63.38891,135.40139584185647
2011-05-03,52.23842,111.58347705573658
2011-05-04,69.32593,148.08312195358513
2011-05-05,68.53861,146.4013730960293
2011-05-06,68.11089,145.48774506504597
2011-05-07,62.0625,132.56812791756818
2011-05-08,42.10234,89.9323809828632
2011-05-09,64.08924,136.89733037598756
2011-05-10,74.78578,159.74559274046504
2011-05-11,78.10208,166.82934996283012
2011-05-12,78.83552,168.39600885894066
2011-05-13,74.823,159.82509623647456
2011-05-14,70.03954,149.60742313003237
2011-05-15,47.47275,101.4038041425778
2011-05-16,67.99257,145.23500853501244
2011-05-17,65.01008,138.8642836071918
2011-05-18,61.52155,131.4126358120776
2011-05-19,64.66737,138.13224053579395
2011-05-20,64.34374,137.4409531523021
2011-05-21,60.14351,128.46908402161597
2011-05-22,48.3402,103.25671407308486
2011-05-23,62.51519,133.53509292585827
2011-05-24,61.60511,131.59112351026562
2011-05-25,55.81126,119.21521458079607
2011-05-26,61.54976,131.47289356657598
2011-05-27,62.42,133.33176305522025
2011-05-28,44.57802,95.22053829078611
2011-05-29,39.82131,85.06000431702134
2011-05-30,68.04298,145.34268642952722
2011-05-31,50.42852,107.71745401899126
2011-06-01,58.34973,124.23991388614088
2011-06-02,61.36337,130.65664236258507
2011-06-03,53.04443,112.94371739748287
2011-06-04,40.21397,85.62473502139348
2011-06-05,38.67879,82.355985860091
2011-06-06,52.98382,112.81466485207025
2011-06-07,70.12721,149.31686113158224
2011-06-08,75.02434,159.74397038280304
2011-06-09,76.60641,163.1125590731337
2011-06-10,69.67366,148.35114950030203
2011-06-11,65.22234,138.8732716510017
2011-06-12,61.83745,131.66606705701196
2011-06-13,82.43565,175.52434359418714
2011-06-14,77.28805,164.56392645566228
2011-06-15,74.7759,159.21498482955587
2011-06-16,78.25898,166.63125837972552
2011-06-17,76.45247,162.78478562253449
2011-06-18,64.08467,136.45091215026628
2011-06-19,42.34694,90.16631574716068
2011-06-20,63.13465,134.4281023962175
2011-06-21,66.66178,141.93816846619288
2011-06-22,74.49916,158.6257421069443
2011-06-23,69.89771,148.82820316800866
2011-06-24,64.52211,137.38232190880933
2011-06-25,56.90674,121.16745830942163
2011-06-26,44.84944,95.4947103172824
2011-06-27,42.15564,89.75899431608606
2011-06-28,68.14446,145.09513312602425
2011-06-29,59.0223,125.67196916527246
2011-06-30,42.72328,90.96762963827743
2011-07-01,42.63097,90.64420972048651
2011-07-02,41.85479,88.9938549971282
2011-07-03,38.79511,82.48820251965516
2011-07-04,44.27153,94.1324546442835
2011-07-05,44.41647,94.44063369244701
2011-07-06,49.1125,104.42557957037792
2011-07-07,48.36467,102.83550410750969
2011-07-08,52.9119,112.50406360233912
2011-07-09,45.11059,95.91650812953311
2011-07-10,54.36709,115.59816508638121
2011-07-11,53.56246,113.88731847727533
2011-07-12,77.09762,163.929013021059
2011-07-13,73.77113,156.85605509415512
2011-07-14,74.1312,157.62165485869383
2011-07-15,75.4492,160.42405575202562
2011-07-16,64.54251,137.23367805908703
2011-07-17,58.96922,125.38345584755655
2011-07-18,68.01048,144.6074582002463
2011-07-19,64.37744,136.88269754659672
2011-07-20,53.51169,113.77936863406255
2011-07-21,66.88996,142.22494966534785
2011-07-22,68.84253,146.3766066549479
2011-07-23,72.47513,154.10043175746466
2011-07-24,48.50167,103.12680071023082
2011-07-25,58.01125,123.34656966866044
2011-07-26,59.68867,126.91318826235744
2011-07-27,67.90242,144.3776953470343
2011-07-28,63.88347,135.83239256231818
2011-07-29,58.6573,124.72023514448519
2011-07-30,50.23227,106.80649341584541
2011-07-31,39.04277,83.01479023228228
2011-08-01,66.55797,141.5614861931907
2011-08-02,83.0969,176.73797235773492
2011-08-03,80.19021,170.5557622286867
2011-08-04,75.56298,160.714152639967
2011-08-05,74.78522,159.05994261070055
2011-08-06,82.41237,175.28205229070423
2011-08-07,89.55838,190.4808300772173
2011-08-08,119.27301,253.6805818797553
2011-08-09,113.37514,241.13646067872958
2011-08-10,111.76873,237.71980318398323
2011-08-11,102.94594,218.95469864773577
2011-08-12,118.28981,251.5894235522831
2011-08-13,119.46511,254.08915746428275
2011-08-14,93.70948,199.30976349175134
2011-08-15,98.11891,208.68813642086621
2011-08-16,118.13959,251.26992212434078
2011-08-17,101.74329,216.3967942920254
2011-08-18,91.11596,193.7936315293167
2011-08-19,69.46827,147.7513743954307
2011-08-20,89.33446,190.00457685031782
2011-08-21,67.47992,143.52237250321207
2011-08-22,83.43858,177.46468816055295
2011-08-23,87.0891,185.22894293842504
2011-08-24,83.48548,177.56443930534388
2011-08-25,90.89042,193.3139327404863
2011-08-26,84.50563,179.73418622130274
2011-08-27,83.05574,176.65042956200793
2011-08-28,75.1274,159.787721858559
2011-08-29,97.62366,207.6347941083351
2011-08-30,104.8021,222.90254694016946
2011-08-31,94.57704,201.15496825027634
2011-09-01,122.02529,258.73235843616334
2011-09-02,100.3914,212.86164276854618
2011-09-03,84.59191,179.3617075519318
2011-09-04,80.7831,171.2858210358232
2011-09-05,106.07746,224.9178953208616
2011-09-06,99.68499,211.36382927985957
2011-09-07,106.55467,225.9297320374088
2011-09-08,117.37134,248.86450678390352
2011-09-09,95.30154,202.06952351269445
2011-09-10,90.53748,191.96820369996226
2011-09-11,87.3666,185.2449313297998
2011-09-12,89.77491,190.35131318019654
2011-09-13,110.22625,233.71464738231023
2011-09-14,96.43565,204.47419679825708
2011-09-15,101.66409,215.56014965394772
2011-09-16,97.2422,206.18433888189145
2011-09-17,97.03603,205.74719302189158
2011-09-18,87.40558,185.32758130614357
2011-09-19,99.78748,211.58114062094407
2011-09-20,105.70142,224.12057112629228
2011-09-21,102.97752,218.34503827450177
2011-09-22,99.90436,211.82896333092506
2011-09-23,100.0956,212.23445285057574
2011-09-24,98.25036,208.32195817770304
2011-09-25,80.60072,170.89911752926656
2011-09-26,98.68471,209.24291808598718
2011-09-27,88.04282,186.6787324330113
2011-09-28,86.81984,184.08562653078187
2011-09-29,86.5909,183.6002010411938
2011-09-30,72.91486,154.60265403051014
2011-10-01,62.70617,132.7048563217847
2011-10-02,60.42466,127.87650439490548
2011-10-03,94.09029,199.122963748624
2011-10-04,96.77562,204.8059185810843
2011-10-05,106.99345,226.42987778749767
2011-10-06,122.03729,258.26710569868914
2011-10-07,113.59562,240.4020279166157
2011-10-08,107.38572,227.2600374669893
2011-10-09,78.09937,165.28143362402614
2011-10-10,89.94195,190.34384578186075
2011-10-11,116.33974,246.2093998280199
2011-10-12,83.68953,177.11187039947885
2011-10-13,74.30091,157.2427655225611
2011-10-14,74.52684,157.7209004204313
2011-10-15,66.66793,141.08911566311255
2011-10-16,45.99966,97.34892549091973
2011-10-17,55.41309,117.2705356872557
2011-10-18,63.14157,133.62629187497674
2011-10-19,58.21196,123.19377483921402
2011-10-20,65.48897,138.5940865868808
2011-10-21,63.48345,134.34981136722593
2011-10-22,66.12156,139.9328346727645
2011-10-23,56.09947,118.72311936892764
2011-10-24,78.97025,167.12447403414075
2011-10-25,89.34241,189.07504129963573
2011-10-26,83.42216,176.54603616921483
2011-10-27,88.37462,187.02691058299874
2011-10-28,82.29775,174.16645107421095
2011-10-29,58.4776,123.75594787630621
2011-10-30,38.62822,81.74877185237575
2011-10-31,40.54735,85.8102202060677
2011-11-01,67.36829,142.37193644735788
2011-11-02,66.98799,141.56823417985294
2011-11-03,83.00281,175.41295452611487
2011-11-04,90.75352,191.79282095202387
2011-11-05,68.67066,145.1242838628993
2011-11-06,66.6294,140.81041247040093
2011-11-07,65.12708,137.63550321318817
2011-11-08,81.94076,173.16848438884531
2011-11-09,77.19445,163.1379292763516
2011-11-10,79.64402,168.31469752092713
2011-11-11,90.95694,192.22271607496856
2011-11-12,76.12781,160.88375891976082
2011-11-13,61.15686,129.2450882342414
2011-11-14,58.99082,124.66751458315964
2011-11-15,80.46318,170.04585910243998
2011-11-16,87.91627,185.796754008878
2011-11-17,81.36606,171.95394930303127
2011-11-18,83.60034,176.67573710802978
2011-11-19,68.75568,145.30395982078326
2011-11-20,54.37888,114.92092863628423
2011-11-21,84.95008,179.5281933229709
2011-11-22,72.81958,153.89235226073413
2011-11-23,74.47867,157.39856944452262
2011-11-24,80.34005,169.78564385080213
2011-11-25,55.45119,117.18708161674233
2011-11-26,69.41901,146.7058000130106
2011-11-27,51.46576,108.76452277377047
2011-11-28,78.78917,166.50811092251377
2011-11-29,81.86167,173.00134052258983
2011-11-30,81.49934,172.23561493072796
2011-12-01,70.51091,148.39011076033108
2011-12-02,76.75377,161.5282008354874
2011-12-03,51.98457,109.40145432994957
2011-12-04,46.80094,98.49251229756656
2011-12-05,59.32434,124.84798995479622
2011-12-06,58.08971,122.24971285912368
2011-12-07,58.9527,124.06587409835684
2011-12-08,45.68922,96.15289912374034
2011-12-09,47.94611,100.90252094926895
2011-12-10,44.20579,93.03102277857337
2011-12-11,44.45261,93.55045512085721
2011-12-12,52.88667,111.29992250908519
2011-12-13,66.36975,139.67504537433263
2011-12-14,66.14724,139.20677339280124
2011-12-15,67.1501,141.31729084998773
2011-12-16,70.68341,148.75313676731577
2011-12-17,51.55654,108.50066579795156
2011-12-18,46.80828,98.5079593172261
2011-12-19,49.11604,103.36463698608983
2011-12-20,55.21469,116.19923731940696
2011-12-21,52.09136,109.62619373450549
2011-12-22,63.03552,132.65816303654378
2011-12-23,59.04294,124.25578405122815
2011-12-24,46.93585,98.77643020250747
2011-12-25,42.04942,88.49294515143374
2011-12-26,62.05703,130.59893221002523
2011-12-27,73.31024,154.28129680167868
2011-12-28,70.10035,147.5260878187216
2011-12-29,71.74354,150.9841788588212
2011-12-30,63.97493,134.63515005811766
2011-12-31,55.6213,117.05494749158113
2012-01-01,43.46312,90.80520839018982
2012-01-02,57.23147,119.57069717560306
2012-01-03,61.26848,128.0050096300076
2012-01-04,59.43111,124.16628922199541
2012-01-05,60.16928,125.70850894016996
2012-01-06,52.08789,108.82448627837312
2012-01-07,53.03743,110.80831020943975
2012-01-08,47.73373,99.72756902613193
2012-01-09,52.39773,109.47181867806316
2012-01-10,58.90185,123.06053416822589
2012-01-11,58.00274,121.18207098114443
2012-01-12,57.11673,119.33097693438036
2012-01-13,51.47416,107.54225250074023
2012-01-14,51.64464,107.89842738938974
2012-01-15,45.27627,94.59332722732512
2012-01-16,53.45167,111.67376003272791
2012-01-17,73.11355,152.75229076735778
2012-01-18,99.08281,207.0084984680249
2012-01-19,93.1277,194.56680066684308
2012-01-20,42.3006,88.37641655799362
2012-01-21,45.31188,94.66772532554667
2012-01-22,50.60134,105.71871562655528
2012-01-23,53.38104,111.52619649222278
2012-01-24,52.74612,110.19969156319101
2012-01-25,62.4258,130.42293737597097
2012-01-26,60.70433,126.82636073611032
2012-01-27,52.00084,108.64261729634039
2012-01-28,41.63365,86.98299303626216
2012-01-29,41.37941,86.45182278936957
2012-01-30,45.71152,95.50267213748873
2012-01-31,41.4692,86.63941630914806
2012-02-01,43.46995,90.26880297414547
2012-02-02,44.24679,91.8819729203367
2012-02-03,47.28711,98.19543882168588
2012-02-04,47.60339,98.85221935639234
2012-02-05,52.04304,108.0715051187216
2012-02-06,50.23658,104.32024748394919
2012-02-07,45.3544,94.18201303683541
2012-02-08,45.98194,95.4851496776274
2012-02-09,45.80994,95.12797801969926
2012-02-10,44.90711,93.2531798340757
2012-02-11,50.61208,105.10000305111207
2012-02-12,57.88294,120.19852119508498
2012-02-13,71.99201,149.4971254027831
2012-02-14,78.49585,163.0028656103372
2012-02-15,79.96431,166.0522394056927
2012-02-16,81.66596,169.58585075286368
2012-02-17,82.55635,171.43481629066963
2012-02-18,83.26733,172.9112227171449
2012-02-19,82.94553,172.24297946411426
2012-02-20,83.28327,172.94432339288545
2012-02-21,115.35399,239.5417200984024
2012-02-22,127.18406,264.1077998385528
2012-02-23,116.31269,241.53253677547045
2012-02-24,106.18693,220.50559208371251
2012-02-25,118.83488,246.77006458889926
2012-02-26,104.66709,217.349523638448
2012-02-27,137.74188,286.03195142870857
2012-02-28,142.82192,296.5810578772041
2012-02-29,136.45218,283.3537869680695
2012-03-01,136.65062,283.4258557658642
2012-03-02,131.2801,272.28690720560377
2012-03-03,125.63141,260.5710086812789
2012-03-04,129.04639,267.6539888311188
2012-03-05,144.77272,300.2718323382055
2012-03-06,142.69906,295.97087226888834
2012-03-07,144.07394,298.8224988518879
2012-03-08,140.88814,292.2148589355897
2012-03-09,141.04297,292.53599048441276
2012-03-10,136.77965,283.69347576033965
2012-03-11,134.52057,279.00793769074613
2012-03-12,139.70221,289.75513189499225
2012-03-13,136.08654,282.2559023714309
2012-03-14,134.40236,278.7627593636366
2012-03-15,140.35463,291.1083105107846
2012-03-16,138.31005,286.86766501512733
2012-03-17,133.07598,276.0117262064455
2012-03-18,130.42517,270.5137043700081
2012-03-19,128.78273,267.1071339311466
2012-03-20,128.23331,265.9675867144938
2012-03-21,123.61414,256.38700661776244
2012-03-22,112.50966,233.3553017719672
2012-03-23,105.21455,218.22457792559084
2012-03-24,96.61644,200.39131317553677
2012-03-25,95.68256,198.454360835455
2012-03-26,87.27701,181.02048309722915
2012-03-27,83.90752,174.03185335852382
2012-03-28,73.35916,152.15359214078174
2012-03-29,69.62699,144.41273098615483
2012-03-30,88.23731,183.01223292823582
2012-03-31,70.62697,146.48678075811156
2012-04-01,60.11664,124.51309194572086
2012-04-02,74.44839,154.1968950573566
2012-04-03,71.16261,147.39141445741936
2012-04-04,64.06573,132.69241477999648
2012-04-05,43.92998,90.98741444820733
2012-04-06,40.47687,83.83536132400265
2012-04-07,52.60355,108.95204152829109
2012-04-08,40.11831,83.09271479139441
2012-04-09,54.37428,112.61956298825702
2012-04-10,49.76035,103.06322899618561
2012-04-11,43.13371,89.33818655184422
2012-04-12,53.45002,110.70524325312626
2012-04-13,58.9339,122.06341055354922
2012-04-14,48.57332,100.60466219118238
2012-04-15,46.62227,96.56366342543801
2012-04-16,63.84695,132.23927943750422
2012-04-17,62.20146,128.83115403884977
2012-04-18,64.56895,133.73467991871559
2012-04-19,75.07027,155.48492781532852
2012-04-20,63.9449,132.44215267453282
2012-04-21,68.40365,141.6770791227339
2012-04-22,61.39496,127.16073785034983
2012-04-23,88.97289,184.27992038887254
2012-04-24,95.44674,197.68850543775093
2012-04-25,72.6168,150.40332086430683
2012-04-26,55.28003,114.49554496312847
2012-04-27,51.4715,106.60734884857456
2012-04-28,44.0157,91.16495700949466
2012-04-29,41.34738,85.63835449976347
2012-04-30,52.24704,108.21364093887742
2012-05-01,39.16531,80.87620683578892
2012-05-02,47.36402,97.80650984492253
2012-05-03,46.8188,96.68063274881355
2012-05-04,56.69981,117.08487845774572
2012-05-05,45.77899,94.5334293019387
2012-05-06,48.68685,100.53814844777253
2012-05-07,46.43988,95.89816448048586
2012-05-08,49.525,102.26892480979842
2012-05-09,50.08593,103.42724299240439
2012-05-10,52.67674,108.77725516981931
2012-05-11,49.24496,101.6906433417775
2012-05-12,39.52898,81.62718391576023
2012-05-13,38.70793,79.93171898461263
2012-05-14,46.04372,95.08009568184578
2012-05-15,54.04131,111.59508670394766
2012-05-16,57.33937,118.40556727251311
2012-05-17,49.01979,101.2256682019608
2012-05-18,49.47467,102.1649935632426
2012-05-19,40.55388,83.74359827290435
2012-05-20,39.3732,81.30549884545492
2012-05-21,40.3937,83.41282722038476
2012-05-22,48.48744,100.12636760382863
2012-05-23,51.56746,106.48659645375643
2012-05-24,66.24576,136.7972266210591
2012-05-25,55.59757,114.80875731322573
2012-05-26,40.71387,84.07397697619199
2012-05-27,38.63851,79.7883669652225
2012-05-28,48.15842,99.4469426337949
2012-05-29,51.50586,106.35939270275627
2012-05-30,49.08496,101.36024398853031
2012-05-31,45.96489,94.91731205049278
2012-06-01,40.28592,83.1237945280439
2012-06-02,39.90886,82.34578926057715
2012-06-03,40.56096,83.69129722990584
2012-06-04,46.85101,96.66984714935965
2012-06-05,52.50837,108.34293864661662
2012-06-06,114.65973,236.5827027696275
2012-06-07,90.03966,185.78297820218415
2012-06-08,80.73668,166.58771102152895
2012-06-09,103.1103,212.75223182007426
2012-06-10,101.31963,209.0574599209211
2012-06-11,108.84581,224.586573812352
2012-06-12,126.54069,261.09723484028416
2012-06-13,130.33273,268.92152565459656
2012-06-14,127.58917,263.26061192306554
2012-06-15,127.26446,262.59062282212903
2012-06-16,115.11343,237.51884287955608
2012-06-17,101.89878,210.25244679476975
2012-06-18,88.08084,181.741254662113
2012-06-19,92.29216,190.4306652147786
2012-06-20,90.38433,186.49415169058858
2012-06-21,89.92558,185.54759168302908
2012-06-22,85.01554,175.41647996746005
2012-06-23,77.41067,159.72500137413303
2012-06-24,71.3375,147.19394994937022
2012-06-25,79.99246,165.0521276126441
2012-06-26,74.74007,154.21462937154269
2012-06-27,91.39813,188.5859719318175
2012-06-28,102.40955,211.3063420646578
2012-06-29,103.39616,213.34205992636515
2012-06-30,82.57958,170.39025148568444
2012-07-01,78.646,162.30631354099575
2012-07-02,80.10803,165.32358968455478
2012-07-03,84.65134,174.6998821517361
2012-07-04,71.75223,148.079240389157
2012-07-05,79.36198,163.7839230108872
2012-07-06,79.57274,164.21888065198655
2012-07-07,68.58137,141.53535262176132
2012-07-08,56.28836,116.16555459741681
2012-07-09,69.14126,142.6908301017154
2012-07-10,75.45325,155.71725011045874
2012-07-11,79.32541,163.70845137995627
2012-07-12,73.76034,152.2234935143612
2012-07-13,69.71619,143.87734650234765
2012-07-14,58.65578,121.05133661815817
2012-07-15,56.35371,116.30042118427316
2012-07-16,66.89293,138.05082102403023
2012-07-17,69.91441,144.28642461782837
2012-07-18,91.39063,188.6081459640558
2012-07-19,91.98796,189.84089054442154
2012-07-20,74.516,153.78299290263766
2012-07-21,62.30748,128.5875617937253
2012-07-22,47.0717,97.14459856963722
2012-07-23,66.82682,137.91438598107578
2012-07-24,68.7965,141.97932888542474
2012-07-25,79.83525,164.76063777081836
2012-07-26,105.6629,218.06265769461737
2012-07-27,131.23089,270.82880220995247
2012-07-28,116.33111,240.0792616818664
2012-07-29,117.5152,242.52293692028613
2012-07-30,137.70944,284.1989617551426
2012-07-31,121.73379,251.22908588197407
2012-08-01,151.08992,311.68841249893086
2012-08-02,141.7387,292.39747027903786
2012-08-03,130.10958,268.40737251765466
2012-08-04,143.85412,296.76144043382044
2012-08-05,121.56869,250.78808695957113
2012-08-06,137.73106,284.12997666022324
2012-08-07,120.97068,249.55443227527132
2012-08-08,133.78419,275.98784749211154
2012-08-09,137.10352,282.83540355845986
2012-08-10,149.32937,308.05651544964394
2012-08-11,150.23564,309.9260899228808
2012-08-12,145.01552,299.1573310549569
2012-08-13,176.11456,363.31257323021754
2012-08-14,172.91882,356.7199750783399
2012-08-15,156.48946,322.82730284200915
2012-08-16,157.4277,324.76282928972313
2012-08-17,141.576,292.0618310470257
2012-08-18,134.59665,277.6638982016419
2012-08-19,121.63634,250.9276443907059
2012-08-20,122.85847,253.44881694521723
2012-08-21,130.62163,269.46369746388586
2012-08-22,128.94866,266.01247210445524
2012-08-23,128.32783,264.73174128447926
2012-08-24,131.412,271.09417797897765
2012-08-25,129.99767,268.1765096629867
2012-08-26,133.70483,275.824133113178
2012-08-27,157.93875,325.8170913027521
2012-08-28,153.72674,317.12799602538604
2012-08-29,150.41371,310.29343643821215
2012-08-30,150.48414,310.4387288236492
2012-08-31,179.37144,370.0312991180829
2012-09-01,141.68629,291.44421956683436
2012-09-02,129.1371,265.63093243971764
2012-09-03,134.53815,276.74072155263354
2012-09-04,140.23863,288.4664287100187
2012-09-05,143.31657,294.7976539906972
2012-09-06,166.95903,343.4294468292287
2012-09-07,156.74517,322.4198596880529
2012-09-08,159.79906,328.70161487899594
2012-09-09,153.55468,315.8571226152861
2012-09-10,158.08845,325.1829441845115
2012-09-11,169.56513,348.7901121456339
2012-09-12,161.20938,331.6025985361973
2012-09-13,164.44811,338.2645637640094
2012-09-14,177.36485,364.83388962219726
2012-09-15,158.88405,326.8194682341381
2012-09-16,170.52554,350.76564515531453
2012-09-17,198.77828,408.8806382144502
2012-09-18,220.60823,453.7841552797429
2012-09-19,198.59776,408.509314281018
2012-09-20,198.81006,408.94600866982614
2012-09-21,223.9247,460.60602923005115
2012-09-22,192.98209,396.95805861263347
2012-09-23,195.27131,401.6669117861959
2012-09-24,224.321,461.4212058022822
2012-09-25,226.53268,465.9705616470261
2012-09-26,231.77591,476.75572000892134
2012-09-27,221.26217,455.1292891875016
2012-09-28,260.88345,536.6290096462632
2012-09-29,243.76862,501.4243453673902
2012-09-30,246.26568,506.5607188507495
2012-10-01,262.07387,538.2163804271686
2012-10-02,266.86357,548.052900936947
2012-10-03,259.35213,532.6267920746028
2012-10-04,251.0112,515.4971745587612
2012-10-05,258.98742,531.8777937249939
2012-10-06,239.61293,492.0887530227585
2012-10-07,226.5605,465.2832129268344
2012-10-08,237.89484,488.56034257478774
2012-10-09,203.05354,417.00739311295433
2012-10-10,201.53558,413.8899860367234
2012-10-11,212.50001,436.4074381888478
2012-10-12,201.95324,414.74772684640124
2012-10-13,202.49142,415.8529774065517
2012-10-14,205.41341,421.8538155726931
2012-10-15,209.10609,429.43740589276507
2012-10-16,218.5885,448.9112602984958
2012-10-17,217.11979,445.89499705906184
2012-10-18,199.12859,408.946794082774
2012-10-19,192.74086,395.8284281817933
2012-10-20,181.67747,373.10774366237086
2012-10-21,186.82524,383.67962607350773
2012-10-22,168.54745,346.14285838274975
2012-10-23,163.26101,335.28619189346796
2012-10-24,165.28232,339.43731978699367
2012-10-25,147.01025,301.912299157078
2012-10-26,148.63116,305.241132791649
2012-10-27,134.54069,276.30378866833905
2012-10-28,139.42607,286.33680546856897
2012-10-29,164.25744,337.3325422142727
2012-10-30,172.95142,355.18721214800627
2012-10-31,175.54062,360.5046054928751
2012-11-01,188.32019,387.29200748401865
2012-11-02,184.75856,379.96729719875765
2012-11-03,175.89852,361.7460821607487
2012-11-04,194.9098,400.8439441374214
2012-11-05,175.41186,360.74523605730025
2012-11-06,181.34894,372.95520479083444
2012-11-07,174.39595,358.65595490628243
2012-11-08,182.56678,375.45976735735655
2012-11-09,175.29117,360.49702967866796
2012-11-10,174.42101,358.7074923314919
2012-11-11,169.75996,349.1217574642778
2012-11-12,173.52663,356.86814507056596
2012-11-13,186.42579,383.39605783051775
2012-11-14,189.93694,390.6169529033058
2012-11-15,183.67744,377.74390768788726
2012-11-16,172.77106,355.3142690783279
2012-11-17,163.71805,336.69619941371633
2012-11-18,147.62136,303.5923703237609
2012-11-19,147.71403,303.7829518558502
2012-11-20,140.83754,289.64102890779145
2012-11-21,137.72242,283.2345937913357
2012-11-22,142.7353,293.5438886071305
2012-11-23,147.77778,303.91405763626125
2012-11-24,147.13713,302.59652166417754
2012-11-25,132.28138,272.04476170588146
2012-11-26,166.91164,343.26401289235014
2012-11-27,159.8691,328.7805979468443
2012-11-28,183.47858,377.33493991545527
2012-11-29,187.04061,384.6604728252208
2012-11-30,193.48529,397.9143520550161
2012-12-01,171.25798,351.8859324054851
2012-12-02,161.3655,331.55972892811945
2012-12-03,172.18097,353.7824116045913
2012-12-04,182.62151,375.2347208792701
2012-12-05,188.13365,386.56058448836774
2012-12-06,175.50155,360.6052492290162
2012-12-07,182.60724,375.20540013021406
2012-12-08,173.92706,357.3701247594112
2012-12-09,179.72589,369.28505392890685
2012-12-10,185.62053,381.3968451143142
2012-12-11,178.69192,367.1605427234769
2012-12-12,178.8403,367.4654209817066
2012-12-13,193.5188,397.62552014213054
2012-12-14,197.25957,405.31172746143017
2012-12-15,200.66864,412.3163866054045
2012-12-16,203.12016,417.3535556822013
2012-12-17,204.9826,421.1803346501027
2012-12-18,210.97399,433.49091928128246
2012-12-19,206.26873,423.8229621892379
2012-12-20,202.03564,415.12517875394144
2012-12-21,193.95154,398.5146764803587
2012-12-22,191.93475,394.37075261989946
2012-12-23,183.68407,377.41797631844304
2012-12-24,184.18652,378.45036667325826
2012-12-25,168.56317,346.34887229590294
2012-12-26,186.56454,383.3365143726466
2012-12-27,166.92275,342.97828062340625
2012-12-28,158.9226,326.54027147408806
2012-12-29,156.80186,322.18276023700815
2012-12-30,161.28274,331.3896809118701
2012-12-31,160.75443,330.3041556887585
2013-01-01,161.86535,331.5919042441093
2013-01-02,193.6487,396.702204563214
2013-01-03,184.4642,377.88714720516913
2013-01-04,188.23859,385.6192354344283
2013-01-05,178.60958,365.8935698618671
2013-01-06,174.75881,358.0050121371528
2013-01-07,175.46331,359.44822710897955
2013-01-08,177.21905,363.044976938128
2013-01-09,160.56382,328.9256337227726
2013-01-10,182.42279,373.7051834356349
2013-01-11,187.49311,384.09207021484366
2013-01-12,185.1967,379.3877220339315
2013-01-13,189.73756,388.68997488981387
2013-01-14,193.31296,396.0144189072295
2013-01-15,195.226,399.93340821837705
2013-01-16,193.46144,396.3185900342939
2013-01-17,190.24038,389.7200350063986
2013-01-18,192.10783,393.545630179057
2013-01-19,189.40703,388.012862264352
2013-01-20,191.85202,393.02158642896046
2013-01-21,193.78554,396.98253037832376
2013-01-22,184.82207,378.620267633796
2013-01-23,184.51216,377.98539644583457
2013-01-24,191.4961,392.2924607046559
2013-01-25,202.00928,413.82940715960183
2013-01-26,186.99257,383.0666808294666
2013-01-27,181.78385,372.39627247169034
2013-01-28,191.54639,392.3954831048449
2013-01-29,169.47765,347.1862056352188
2013-01-30,186.88525,382.84682869209763
2013-01-31,208.06832,426.2417524298603
2013-02-01,205.3467,418.8236251462585
2013-02-02,219.42969,447.5471883917283
2013-02-03,232.07642,473.3413662618667
2013-02-04,243.62646,496.89874324130824
2013-02-05,218.40293,445.4530162167911
2013-02-06,211.48075,431.3345885940685
2013-02-07,223.77229,456.4043235419895
2013-02-08,199.72773,407.3632150934646
2013-02-09,198.83266,405.5376368778922
2013-02-10,208.54753,425.35201456803594
2013-02-11,197.92007,403.6763249986547
2013-02-12,170.03017,346.79228925341687
2013-02-13,187.54408,382.5135317992445
2013-02-14,178.96986,365.0256154937887
2013-02-15,176.42725,359.83972676252034
2013-02-16,167.96969,342.5897493385248
2013-02-17,162.32514,331.0771665051055
2013-02-18,169.62037,345.95646417522016
2013-02-19,152.9994,312.05645551256714
2013-02-20,166.38308,339.3537112045139
2013-02-21,160.32423,326.9961251258605
2013-02-22,159.28035,324.8670351243281
2013-02-23,158.14497,322.55132239303725
2013-02-24,152.06122,310.1429504567775
2013-02-25,149.55596,305.0332405119188
2013-02-26,157.88395,322.0189479130204
2013-02-27,150.53331,307.02663641278644
2013-02-28,146.65169,299.10971269382617
2013-03-01,155.48593,316.46330254062485
2013-03-02,153.18585,311.78190845623635
2013-03-03,146.37447,297.9185845551017
2013-03-04,158.23895,322.06657353215695
2013-03-05,219.43564,446.6212944767134
2013-03-06,181.03531,368.46441397665893
2013-03-07,178.22082,362.73603199143645
2013-03-08,153.58795,312.6003097993778
2013-03-09,175.75012,357.70737196035117
2013-03-10,172.09688,350.2718670540647
2013-03-11,168.42846,342.80546602146916
2013-03-12,157.26088,320.0758901158767
2013-03-13,148.11461,301.46032271290824
2013-03-14,152.61859,310.6273540023434
2013-03-15,142.2778,289.5805586152684
2013-03-16,124.29064,252.97096920144406
2013-03-17,129.74343,264.0691305042738
2013-03-18,129.144,262.84909987229366
2013-03-19,127.54597,259.5966007467522
2013-03-20,136.28856,277.3905510042362
2013-03-21,101.67957,206.95025281779928
2013-03-22,121.56715,247.42780114864107
2013-03-23,108.98701,221.82321653559333
2013-03-24,82.98186,168.8944682426492
2013-03-25,96.37558,196.15494682424446
2013-03-26,121.45407,247.19764739613566
2013-03-27,100.77992,205.11917903427
2013-03-28,100.32497,204.1932111380696
2013-03-29,107.49314,218.78271612654433
2013-03-30,139.8401,284.6190640761594
2013-03-31,163.44226,332.656963715646
2013-04-01,161.73179,328.3547546832266
2013-04-02,174.34289,353.95834595483524
2013-04-03,177.80946,360.99632372001196
2013-04-04,180.0423,365.5295303978512
2013-04-05,183.43438,372.4162753987312
2013-04-06,180.82729,367.1232504628971
2013-04-07,207.47334,421.22119379875573
2013-04-08,201.67223,409.44353369284573
2013-04-09,224.47826,455.7453051995378
2013-04-10,229.24616,465.4252984454801
2013-04-11,247.0611,501.59394688124155
2013-04-12,277.00838,562.3941876862799
2013-04-13,265.45558,538.9392020591229
2013-04-14,300.93826,610.9776472337137
2013-04-15,366.66121,744.4111739652732
2013-04-16,397.42089,806.860783782456
2013-04-17,401.30184,814.7400534374068
2013-04-18,395.20898,802.3700700802743
2013-04-19,349.67253,709.920033702794
2013-04-20,365.93451,742.9357967359214
2013-04-21,237.42666,482.03369726853236
2013-04-22,195.01316,395.9240067262028
2013-04-23,156.95064,318.6478607240754
2013-04-24,146.67211,297.7799522154626
2013-04-25,149.46644,303.4531197581824
2013-04-26,164.70347,334.3879857344445
2013-04-27,163.53905,332.02393075522093
2013-04-28,161.36288,327.6057779202155
2013-04-29,162.2486,329.40400431292426
2013-04-30,165.63321,336.27558340228194
2013-05-01,153.26786,310.3019890567163
2013-05-02,155.48757,314.795954250261
2013-05-03,165.15614,334.37068115213134
2013-05-04,166.45742,337.00521765782617
2013-05-05,165.2463,334.5532166643604
2013-05-06,165.4622,334.99032200032156
2013-05-07,152.73475,309.2226688823103
2013-05-08,160.43961,324.8217213085889
2013-05-09,154.62579,313.0512176294894
2013-05-10,154.97857,313.765446533706
2013-05-11,176.53293,357.40382434393
2013-05-12,153.99665,311.77747769865755
2013-05-13,161.33368,326.6318313953086
2013-05-14,171.97269,348.1712850328442
2013-05-15,184.55124,373.63747921373357
2013-05-16,169.62072,343.4095497988446
2013-05-17,156.25765,316.35503751620337
2013-05-18,151.38753,306.49512348762033
2013-05-19,138.91013,281.233714877516
2013-05-20,143.41667,290.3575346122187
2013-05-21,137.20838,277.78839757565464
2013-05-22,141.55403,286.5864837415626
2013-05-23,109.36818,221.42387708364282
2013-05-24,127.70667,258.55149094408756
2013-05-25,124.18068,251.412866379263
2013-05-26,56.6258,114.64307240883903
2013-05-27,121.88468,246.76444650262206
2013-05-28,105.88953,214.38109581017721
2013-05-29,118.87477,240.67066363202088
2013-05-30,90.85742,183.94749001233185
2013-05-31,93.7741,189.85252193123478
2013-06-01,83.4459,168.55473411401283
2013-06-02,109.41747,221.01544309879787
2013-06-03,117.37741,237.09395109336077
2013-06-04,160.22375,323.64048539233283
2013-06-05,133.74334,270.15195609634526
2013-06-06,133.27643,269.2088313783523
2013-06-07,136.14239,274.9978650610305
2013-06-08,125.29481,253.08653133845712
2013-06-09,129.89208,262.37268706929984
2013-06-10,141.78577,286.3970879755696
2013-06-11,132.36165,267.36104137701227
2013-06-12,154.97538,313.039154351719
2013-06-13,160.97664,325.1612692027669
2013-06-14,140.06991,282.9311738194891
2013-06-15,143.07185,288.99487735107334
2013-06-16,135.95491,274.6191689051775
2013-06-17,130.97594,264.56200654595256
2013-06-18,140.00033,282.79062720905466
2013-06-19,125.293,253.0828752682518
2013-06-20,144.45473,291.78819578507176
2013-06-21,149.9912,302.9714681661019
2013-06-22,148.23627,299.4266354117221
2013-06-23,155.72041,314.54406152579173
2013-06-24,180.67985,364.96034049018255
2013-06-25,199.94507,403.8747033857588
2013-06-26,193.44372,390.7424425960479
2013-06-27,185.50235,374.70144466983464
2013-06-28,185.09673,373.88212135675
2013-06-29,165.40552,334.1072892088171
2013-06-30,126.31699,255.15126163816822
2013-07-01,149.09217,301.0349352878024
2013-07-02,174.1073,351.54347668716605
2013-07-03,180.64992,364.75380951894846
2013-07-04,182.82646,369.14850427757534
2013-07-05,194.04559,391.8012705062475
2013-07-06,219.23657,442.6648741021729
2013-07-07,253.71289,512.2766904716144
2013-07-08,311.09242,628.1328289958208
2013-07-09,345.4423,697.4893478723237
2013-07-10,333.03636,672.4402702106037
2013-07-11,339.25944,685.0054135383239
2013-07-12,293.63859,592.8914572686919
2013-07-13,204.2544,412.41407973503175
2013-07-14,202.08715,408.03814259827607
2013-07-15,230.24106,464.88425648171216
2013-07-16,197.24212,398.25544715211373
2013-07-17,194.97709,393.6820804925841
2013-07-18,226.42131,457.1717240659214
2013-07-19,200.49511,404.82362329538046
2013-07-20,188.02921,379.6534792173634
2013-07-21,188.70806,381.02415861535
2013-07-22,231.0026,466.4218968864301
2013-07-23,223.37863,451.0281889835526
2013-07-24,248.11952,500.9830070005728
2013-07-25,252.45611,509.73910123422525
2013-07-26,241.12852,486.8673412845461
2013-07-27,288.32797,582.1686798885107
2013-07-28,313.852,633.7047512954392
2013-07-29,251.26308,507.3302308767383
2013-07-30,231.63576,467.7003227060209
2013-07-31,223.08302,450.4313170135462
2013-08-01,231.89366,467.8469570786538
2013-08-02,201.08089,405.6819945537429
2013-08-03,189.91086,383.14638687056055
2013-08-04,174.79014,352.6402365909956
2013-08-05,166.30041,335.5121514725005
2013-08-06,154.00507,310.70622359483684
2013-08-07,155.40684,313.5343036252445
2013-08-08,190.08287,383.4934181567419
2013-08-09,193.49525,390.37791685065207
2013-08-10,190.66124,384.6602833680011
2013-08-11,178.5367,360.19894559370226
2013-08-12,169.6132,342.1957266980612
2013-08-13,147.39806,297.37653823867726
2013-08-14,145.37537,293.2957480971382
2013-08-15,138.61927,279.6652727028601
2013-08-16,160.6873,324.1876657869161
2013-08-17,164.64436,332.17105989944884
2013-08-18,138.18224,278.7835618546546
2013-08-19,137.0169,276.4324808765802
2013-08-20,140.13589,282.72506335019654
2013-08-21,122.879,247.90917629601387
2013-08-22,129.01567,260.2899476637859
2013-08-23,142.01752,286.5212640304907
2013-08-24,135.79191,273.96105563816803
2013-08-25,119.42521,240.94113265959587
2013-08-26,132.97718,268.2823196800655
2013-08-27,106.97522,215.82319740789612
2013-08-28,106.61407,215.09457494987396
2013-08-29,96.83725,195.36977744180183
2013-08-30,142.86449,288.23003147690093
2013-08-31,153.61335,309.91592596433304
2013-09-01,139.60339,280.83622131181596
2013-09-02,163.67508,329.2605644469607
2013-09-03,148.35978,298.4512053027676
2013-09-04,147.83366,297.3928244657652
2013-09-05,142.51448,286.6923793571085
2013-09-06,136.20905,274.0079228052571
2013-09-07,121.33085,244.07786546265638
2013-09-08,108.14161,217.54544154677114
2013-09-09,138.37072,278.35649367107294
2013-09-10,145.27617,292.247993615721
2013-09-11,151.26525,304.29605775180084
2013-09-12,148.21268,298.1552883615317
2013-09-13,159.63841,321.1401087081511
2013-09-14,154.51597,310.835439935448
2013-09-15,138.90884,279.4390145712625
2013-09-16,153.52057,308.833021694073
2013-09-17,157.71038,317.26154487258935
2013-09-18,160.77035,323.41720063515737
2013-09-19,155.45197,312.71836486404646
2013-09-20,138.1768,277.96639024996836
2013-09-21,121.02215,243.45686233716668
2013-09-22,119.07968,239.54924995890306
2013-09-23,140.58734,282.81560590956656
2013-09-24,169.19923,340.37334195157337
2013-09-25,164.6787,331.2795186316188
2013-09-26,159.77217,321.4091899458107
2013-09-27,152.74597,307.27478061534185
2013-09-28,152.58318,306.9473005414887
2013-09-29,151.85781,305.4880940719828
2013-09-30,149.30609,300.35487056898774
2013-10-01,148.89987,300.31860105503705
2013-10-02,150.03788,302.61387217372
2013-10-03,173.13981,349.2085354146711
2013-10-04,156.53624,315.7205215237296
2013-10-05,154.93307,312.4870615371399
2013-10-06,126.73504,255.61399024360574
2013-10-07,175.47847,353.9254173000842
2013-10-08,170.21559,343.31062791765873
2013-10-09,181.27822,365.6230286308997
2013-10-10,164.79911,332.38604016454264
2013-10-11,164.54701,331.8775755209806
2013-10-12,172.41517,347.7469970596105
2013-10-13,175.00451,352.96947956719004
2013-10-14,181.61059,366.2933911599782
2013-10-15,179.83742,362.7170553724939
2013-10-16,196.52194,396.3683386521555
2013-10-17,192.55135,388.35999026230724
2013-10-18,188.74203,380.67690999251937
2013-10-19,187.35535,377.88009225378664
2013-10-20,203.30822,410.0556985938921
2013-10-21,206.92702,417.3545159367008
2013-10-22,267.11125,538.7410810100927
2013-10-23,271.50625,547.6054289214569
2013-10-24,267.92134,540.3749648780146
2013-10-25,271.46691,547.5260834272968
2013-10-26,282.65513,570.0917886807399
2013-10-27,263.99446,532.4547759073258
2013-10-28,306.59057,618.3675719734773
2013-10-29,319.02774,643.4523050594341
2013-10-30,388.1381,782.8421287954119
2013-10-31,393.72851,794.1175188311728
2013-11-01,423.65815,856.3671830607004
2013-11-02,361.05983,729.8332146648787
2013-11-03,286.98489,580.1008238134566
2013-11-04,402.95617,814.5209532728893
2013-11-05,347.84796,703.1272209412499
2013-11-06,307.65114,621.8748302781693
2013-11-07,234.81102,474.63845968503097
2013-11-08,192.16179,388.4288566010163
2013-11-09,170.64703,344.93970286839715
2013-11-10,158.76351,320.91878754493297
2013-11-11,179.57378,362.983910802051
2013-11-12,194.4005,392.95410361063915
2013-11-13,185.86035,375.6913548628201
2013-11-14,171.83537,347.34177014437984
2013-11-15,164.27086,332.05114462487904
2013-11-16,155.58207,314.48794038460653
2013-11-17,169.78821,343.2037153412926
2013-11-18,169.39259,342.40402345536415
2013-11-19,177.34505,358.4788370016228
2013-11-20,174.99222,353.7229119726326
2013-11-21,179.72134,363.28218322176593
2013-11-22,176.00525,355.7706139877029
2013-11-23,167.02894,337.626227271716
2013-11-24,169.88233,343.393966087725
2013-11-25,171.62297,346.9124325058095
2013-11-26,173.5758,350.8598120760984
2013-11-27,159.43709,322.280337670113
2013-11-28,178.02017,359.84350002681884
2013-11-29,180.23399,364.31843529527396
2013-11-30,235.64873,476.3317762255525
2013-12-01,187.27564,377.57044699060333
2013-12-02,210.42375,424.23984958715914
2013-12-03,175.85605,354.54716590209966
2013-12-04,170.22844,343.20122030453666
2013-12-05,156.29285,315.1053774849484
2013-12-06,161.69974,326.00632474177814
2013-12-07,180.38756,363.6832407073567
2013-12-08,177.38956,357.63890840616773
2013-12-09,193.27232,389.66048255561117
2013-12-10,184.73276,372.44369191320266
2013-12-11,180.4439,363.7968289934971
2013-12-12,171.84477,346.45993799245554
2013-12-13,156.46699,315.45646488552524
2013-12-14,173.90965,350.6229869858107
2013-12-15,180.44122,363.79142578783757
2013-12-16,181.50498,365.9360952103568
2013-12-17,188.04089,379.1132839797577
2013-12-18,194.07109,391.2708999379396
2013-12-19,174.7394,352.29586381266574
2013-12-20,165.29019,333.24510823437447
2013-12-21,164.65411,331.962693661279
2013-12-22,166.99787,336.6879986226648
2013-12-23,160.13539,322.85240505019544
2013-12-24,153.18249,308.8345137703634
2013-12-25,105.48387,212.66829976498113
2013-12-26,114.29801,230.43867705290688
2013-12-27,103.43609,208.53972644952793
2013-12-28,110.66467,223.11342210854338
2013-12-29,155.20935,312.92090982372827
2013-12-30,169.3979,341.5267507416849
2013-12-31,175.48457,353.7982170818042
2014-01-01,150.50991,301.9666360500535
2014-01-02,153.5347,308.0352441640165
2014-01-03,167.44092,335.9351643325422
2014-01-04,158.34939,317.6949120418581
2014-01-05,171.24211,343.5614565633135
2014-01-06,186.96896,375.11408980961465
2014-01-07,173.18595,347.4613647209859
2014-01-08,167.41582,335.8848064354119
2014-01-09,162.38108,325.78365428412405
2014-01-10,162.73091,326.48551496751287
2014-01-11,142.75617,286.4103794247805
2014-01-12,114.95706,230.6372829430578
2014-01-13,160.4965,322.0026389146563
2014-01-14,150.85347,302.6559172906134
2014-01-15,150.12458,301.1935520460224
2014-01-16,149.79051,300.52331050441734
2014-01-17,153.8804,308.7288188667222
2014-01-18,160.11787,321.2429970584647
2014-01-19,159.53643,320.07645938087956
2014-01-20,168.42809,337.9157143448937
2014-01-21,158.31413,317.6241702309892
2014-01-22,159.83649,320.6784669750186
2014-01-23,163.90193,328.8349215291627
2014-01-24,160.64123,322.2930093708975
2014-01-25,156.3916,313.76701612860944
2014-01-26,169.16867,339.40153312802863
2014-01-27,169.01826,339.09976694048464
2014-01-28,170.42914,341.9304023947899
2014-01-29,182.54303,366.2343875129817
2014-01-30,176.68289,354.47724299949175
2014-01-31,190.63244,382.4640957450155
2014-02-01,179.74834,358.36959057730434
2014-02-02,192.10243,383.00030580535685
2014-02-03,193.41315,385.6135270999818
2014-02-04,196.72777,392.22198319097737
2014-02-05,215.6968,430.04110026737766
2014-02-06,211.36658,421.40781236880986
2014-02-07,204.7051,408.12662234369526
2014-02-08,202.61378,403.95709570347077
2014-02-09,191.34533,381.49085310595456
2014-02-10,192.00129,382.7986599910423
2014-02-11,217.58948,433.81459245480954
2014-02-12,191.08674,380.97529456211834
2014-02-13,187.67564,374.1744834368626
2014-02-14,188.95042,376.71605008875014
2014-02-15,204.44324,407.6045443039839
2014-02-16,201.11724,400.9733995698511
2014-02-17,197.11151,392.9870569974344
2014-02-18,192.0818,382.9591751631845
2014-02-19,186.32131,371.47431559327333
2014-02-20,192.75303,384.29742629965233
2014-02-21,173.50391,345.91988549246935
2014-02-22,185.22796,369.294471307325
2014-02-23,168.85941,336.6600082472259
2014-02-24,167.42528,333.8007407795284
2014-02-25,168.46223,335.8681387146033
2014-02-26,180.67631,360.21971185780137
2014-02-27,169.49887,337.9349185934943
2014-02-28,157.46177,313.93619571940224
2014-03-01,150.32873,298.5505860110877
2014-03-02,145.37989,288.72226455799546
2014-03-03,170.26982,338.1532894011838
2014-03-04,166.44327,330.55381892803655
2014-03-05,163.36537,324.4411560412848
2014-03-06,157.97187,313.72974654789783
2014-03-07,146.63383,291.21257044844464
2014-03-08,143.09963,284.1937026573019
2014-03-09,135.48338,269.06794525412994
2014-03-10,137.35045,272.7759180589539
2014-03-11,167.22622,332.1087457960902
2014-03-12,157.96268,313.7114953467772
2014-03-13,146.98507,291.9101277805031
2014-03-14,144.72621,287.4240659564126
2014-03-15,149.31287,296.53310340277176
2014-03-16,129.89739,257.97425352965337
2014-03-17,150.33507,298.5631771552776
2014-03-18,142.02603,282.0615492815533
2014-03-19,144.56715,287.1081752001285
2014-03-20,139.91308,277.8652625124698
2014-03-21,167.06491,331.7883865738081
2014-03-22,176.48552,350.4975756694781
2014-03-23,180.22392,357.9219815747488
2014-03-24,167.56805,332.7876150103526
2014-03-25,169.51299,336.65023645840455
2014-03-26,182.9204,363.27715010552254
2014-03-27,156.81573,311.4336699794943
2014-03-28,159.60296,316.96906663885335
2014-03-29,140.21066,278.4562518954386
2014-03-30,145.38951,288.74136973261795
2014-03-31,146.86668,291.67500702961365
2014-04-01,154.57296,305.57386950997363
2014-04-02,186.77655,369.23685175740354
2014-04-03,223.65776,442.14697815926536
2014-04-04,292.75448,578.7436513474297
2014-04-05,245.50876,485.3440200135615
2014-04-06,221.62508,438.1285916764321
2014-04-07,321.15392,634.8862442868178
2014-04-08,319.94264,632.491675944075
2014-04-09,337.97374,668.1371924595205
2014-04-10,369.32035,730.1060187905945
2014-04-11,337.29585,666.7970779245971
2014-04-12,323.94552,640.4049327697454
2014-04-13,336.66388,665.5477422172768
2014-04-14,358.08096,707.8869715961064
2014-04-15,403.65062,797.9732152602885
2014-04-16,426.26295,842.6753234216154
2014-04-17,460.05001,909.468653015392
2014-04-18,451.27115,892.1138050517745
2014-04-19,428.70231,847.4976718732971
2014-04-20,431.87518,853.7700895287014
2014-04-21,467.71491,924.621323653303
2014-04-22,469.38672,927.926309536898
2014-04-23,458.77662,906.9512999822657
2014-04-24,472.71756,934.5110166390883
2014-04-25,478.90513,946.7431671249419
2014-04-26,475.64422,940.2967039995431
2014-04-27,460.05725,909.4829657051099
2014-04-28,451.4698,892.5065144181357
2014-04-29,461.29092,911.9217966338724
2014-04-30,465.14424,919.5393896647633
2014-05-01,417.89008,822.1764889951046
2014-05-02,450.92419,887.1693420843143
2014-05-03,430.07773,846.1550416472785
2014-05-04,430.51048,847.0064542379115
2014-05-05,407.13687,801.0201206907241
2014-05-06,436.06575,857.9361522676418
2014-05-07,415.37882,817.2357186141618
2014-05-08,426.12117,838.3707204465971
2014-05-09,432.57337,851.065080509641
2014-05-10,455.16238,895.5077553194266
2014-05-11,361.50259,711.2371038069073
2014-05-12,417.91893,822.2332498344801
2014-05-13,337.64245,664.2935483816824
2014-05-14,323.3037,636.0828209780108
2014-05-15,295.65713,581.6896660714444
2014-05-16,349.73706,688.0890497861787
2014-05-17,279.11039,549.1348358694094
2014-05-18,259.60904,510.766967760014
2014-05-19,334.36352,657.8424281371896
2014-05-20,331.38829,651.9888214773883
2014-05-21,356.09729,700.6024637695912
2014-05-22,370.7586,729.4478108040764
2014-05-23,376.45356,740.6523414734036
2014-05-24,376.25779,740.2671744188266
2014-05-25,383.02489,753.5810834704097
2014-05-26,387.18015,761.7563363447105
2014-05-27,388.38649,764.1297460837842
2014-05-28,404.82428,796.4702229599974
2014-05-29,447.15319,879.7501003066666
2014-05-30,463.15605,911.2348755582834
2014-05-31,454.68023,894.5591508582511
2014-06-01,426.87288,839.0946697563593
2014-06-02,381.11835,749.1559923678884
2014-06-03,429.13284,843.5370236249455
2014-06-04,444.12239,873.0016537205526
2014-06-05,444.48572,873.7158435429714
2014-06-06,473.31903,930.3928494292031
2014-06-07,473.10919,929.9803715376546
2014-06-08,467.05274,918.0753404364847
2014-06-09,401.07241,788.3792510251228
2014-06-10,377.35974,741.7677750215605
2014-06-11,433.74476,852.6025737468992
2014-06-12,424.73667,834.8955685520845
2014-06-13,407.38136,800.7806158453928
2014-06-14,397.27486,780.9144901737582
2014-06-15,312.06272,613.4148531095984
2014-06-16,345.49493,679.1318159889812
2014-06-17,305.90013,601.3011849353778
2014-06-18,349.57745,687.1567361272054
2014-06-19,377.47287,741.9901521844984
2014-06-20,385.19925,757.1777281075979
2014-06-21,333.51371,655.5805942782501
2014-06-22,226.90002,446.01239917047747
2014-06-23,231.72181,455.49048615432264
2014-06-24,363.93572,715.3804729547186
2014-06-25,317.12363,623.3629730396268
2014-06-26,258.53679,508.20010497017097
2014-06-27,128.96069,253.49520350672597
2014-06-28,127.70201,251.0210438015488
2014-06-29,128.16975,251.94047007391316
2014-06-30,128.62267,252.83076499690299
2014-07-01,194.01583,380.80142875587836
2014-07-02,153.2523,300.7934703066471
2014-07-03,197.08202,386.8195435294872
2014-07-04,161.03977,316.0782009515308
2014-07-05,146.73591,288.0035313499624
2014-07-06,149.70342,293.8279635514346
2014-07-07,203.92572,400.2519048887465
2014-07-08,283.69277,556.8133906584467
2014-07-09,181.63448,356.5001345268116
2014-07-10,157.4542,309.0406814929164
2014-07-11,151.05272,296.47628027806616
2014-07-12,161.81449,317.59877008697583
2014-07-13,154.39167,303.0297503250435
2014-07-14,145.69705,285.96452570657067
2014-07-15,141.39779,277.52622275679073
2014-07-16,131.48616,258.07233146709746
2014-07-17,130.60754,256.3478342890399
2014-07-18,134.63169,264.24616954100344
2014-07-19,165.29543,324.43092870729816
2014-07-20,151.35945,297.07830961887976
2014-07-21,167.27288,328.3121366751908
2014-07-22,183.85268,360.85387065889057
2014-07-23,190.301,373.5102063252901
2014-07-24,180.40093,354.0790042384129
2014-07-25,182.98436,359.1495896390516
2014-07-26,168.69787,331.1090127237217
2014-07-27,164.66336,323.19034354951117
2014-07-28,278.82559,547.260411924639
2014-07-29,335.71396,658.9171389844519
2014-07-30,369.6371,725.4992327233272
2014-07-31,382.36068,750.4722333433782
2014-08-01,376.52019,737.5338929441385
2014-08-02,347.24994,680.1988495565629
2014-08-03,189.96873,372.11384859482285
2014-08-04,300.21139,588.0589701520946
2014-08-05,297.33567,582.4259628846296
2014-08-06,320.18158,627.1769042356137
2014-08-07,266.33961,521.7103747040061
2014-08-08,194.09393,380.19435767767754
2014-08-09,159.94891,313.31053525833937
2014-08-10,149.91552,293.65696718241014
2014-08-11,184.53352,361.467270544735
2014-08-12,173.93751,340.71163323090326
2014-08-13,153.02014,299.7383475055005
2014-08-14,163.99852,321.24297741557274
2014-08-15,187.3092,366.9043178275572
2014-08-16,174.15538,341.13840054252006
2014-08-17,148.59297,291.0663346585254
2014-08-18,157.22423,307.97338760783214
2014-08-19,198.13777,388.11549746474503
2014-08-20,191.86527,375.8288220981675
2014-08-21,191.5392,375.19011086073743
2014-08-22,175.79864,344.3572450483602
2014-08-23,159.9928,313.3965077066198
2014-08-24,160.73729,314.85482686862275
2014-08-25,170.19093,333.37277118308947
2014-08-26,172.89508,338.6697043345491
2014-08-27,273.56541,535.8643896683451
2014-08-28,218.46777,427.9382332483277
2014-08-29,180.0851,352.75363285096205
2014-08-30,160.24422,313.8889933057693
2014-08-31,156.46444,306.48509855613474
2014-09-01,194.20949,379.88892672459815
2014-09-02,214.22465,419.0401425103
2014-09-03,284.15873,555.8366635900484
2014-09-04,246.78004,482.7210273434805
2014-09-05,221.22509,432.73354975934814
2014-09-06,180.88506,353.8253012451376
2014-09-07,174.53557,341.4052030236317
2014-09-08,184.45454,360.80748283762784
2014-09-09,187.08202,365.947038876781
2014-09-10,201.51155,394.17232624476895
2014-09-11,174.78839,341.89973868434794
2014-09-12,167.41895,327.4845386230053
2014-09-13,163.75256,320.3127935035788
2014-09-14,150.94148,295.2533207075638
2014-09-15,170.09097,332.7112183799351
2014-09-16,145.79927,285.19475643301416
2014-09-17,154.96777,303.1290583287376
2014-09-18,157.67035,308.41551583185634
2014-09-19,144.53623,282.7241515722
2014-09-20,139.41264,272.70200947153916
2014-09-21,133.09068,260.33576207963335
2014-09-22,139.56779,273.0054949859768
2014-09-23,133.90411,261.9268946739551
2014-09-24,143.78314,281.2510487293522
2014-09-25,167.2479,327.14995146706224
2014-09-26,192.62545,376.79042079943025
2014-09-27,202.40349,395.9170305293162
2014-09-28,201.49096,394.13205059705854
2014-09-29,199.11313,389.48082945110144
2014-09-30,219.74328,429.8350136965133
2014-10-01,227.33972,443.9839038040878
2014-10-02,247.45552,483.2691259911402
2014-10-03,268.36703,524.1083328144714
2014-10-04,308.8506,603.1708628841225
2014-10-05,295.97076,578.017134166712
2014-10-06,333.8017,651.8992011710095
2014-10-07,304.7174,595.0989154426325
2014-10-08,271.07207,529.3911501732075
2014-10-09,199.37724,389.37448038065907
2014-10-10,186.52888,364.2822306396974
2014-10-11,167.58484,327.2854012558098
2014-10-12,143.52476,280.29718360410044
2014-10-13,188.08974,367.33051765303435
2014-10-14,190.44023,371.9209153453183
2014-10-15,175.344,342.4386800011189
2014-10-16,208.34054,406.8793885637393
2014-10-17,215.28081,420.43341321044164
2014-10-18,206.79964,403.87008250243287
2014-10-19,187.95545,367.06825552637275
2014-10-20,206.27543,402.84632474372205
2014-10-21,186.28172,363.79953865052715
2014-10-22,178.70034,348.993455979966
2014-10-23,180.55032,352.6063809116914
2014-10-24,181.778,355.00398287505357
2014-10-25,175.92801,343.57922437964027
2014-10-26,175.11723,341.9958087339877
2014-10-27,181.08204,353.64480535125136
2014-10-28,177.70706,347.05362631900516
2014-10-29,193.58673,378.06588355993364
2014-10-30,202.7555,395.97206510041326
2014-10-31,181.53266,354.5248452612688
2014-11-01,196.18692,382.6465022475247
2014-11-02,168.40474,328.459637996783
2014-11-03,175.76826,342.8215800275243
2014-11-04,178.79762,348.7300983326619
2014-11-05,184.6749,360.19325109906106
2014-11-06,182.05185,355.07720713588367
2014-11-07,182.77346,356.4846482766429
2014-11-08,180.28385,351.628868092824
2014-11-09,174.25692,339.87383527111155
2014-11-10,169.24911,330.1065124525456
2014-11-11,180.09262,351.25588965662246
2014-11-12,165.58589,322.9617021870948
2014-11-13,182.28987,355.5414456308096
2014-11-14,158.3905,308.9276839365059
2014-11-15,157.81783,307.8107380542723
2014-11-16,128.73741,251.09176312521507
2014-11-17,163.09572,318.10482976918985
2014-11-18,164.67265,321.1805024429297
2014-11-19,174.70716,340.75199147628524
2014-11-20,163.47927,318.85291259722464
2014-11-21,170.0917,331.749915164249
2014-11-22,164.67765,321.1902545329836
2014-11-23,163.89287,319.6596054864834
2014-11-24,167.05687,325.8307280725925
2014-11-25,168.67037,328.97772753298653
2014-11-26,159.5276,311.14550425656427
2014-11-27,160.18015,312.41824952949895
2014-11-28,155.42565,303.14498709724376
2014-11-29,156.14566,304.5493075691857
2014-11-30,155.8902,304.05105378415175
2014-12-01,175.94569,342.2435884616795
2014-12-02,191.89128,373.2604092871209
2014-12-03,196.43026,382.0894792299868
2014-12-04,199.84304,388.7279031313069
2014-12-05,221.20025,430.2712236294087
2014-12-06,222.17899,432.1750354805031
2014-12-07,204.68737,398.1509295373107
2014-12-08,210.95493,410.3423746661961
2014-12-09,203.56666,395.9709624575551
2014-12-10,209.52478,407.56049539402716
2014-12-11,181.06422,352.1999794073671
2014-12-12,183.11857,356.196031347919
2014-12-13,190.5547,370.6605392052445
2014-12-14,157.3588,306.0890004638575
2014-12-15,178.97086,348.1280465379564
2014-12-16,163.67229,318.36978707088906
2014-12-17,171.15117,332.9174507782199
2014-12-18,163.22714,317.5038963894878
2014-12-19,155.91103,303.27284736532374
2014-12-20,116.08345,225.8015896212743
2014-12-21,184.64011,359.15567934832177
2014-12-22,199.70993,388.4689820741322
2014-12-23,163.30086,317.6472940330527
2014-12-24,162.36819,315.83309598335586
2014-12-25,142.99105,278.14134048923523
2014-12-26,143.6749,279.47154231440936
2014-12-27,150.04041,291.85351646102646
2014-12-28,156.56019,304.5355713791133
2014-12-29,168.90357,328.54549549232195
2014-12-30,160.81264,312.80729288450436
2014-12-31,157.6201,306.5972723610835
2015-01-01,179.68592,347.29620641122966
2015-01-02,187.89438,363.1614841050986
2015-01-03,201.16036,388.8019156332185
2015-01-04,238.80004,461.55173417510895
2015-01-05,214.78794,415.1412461526357
2015-01-06,220.15733,425.51918103892166
2015-01-07,233.03158,450.4024784357893
2015-01-08,230.57374,445.651975402687
2015-01-09,200.83803,388.1789175362473
2015-01-10,205.08807,396.3933773508837
2015-01-11,202.07858,390.5766474689178
2015-01-12,196.8797,380.52827360864427
2015-01-13,195.36942,377.60921064244883
2015-01-14,189.65738,366.56900324684875
2015-01-15,173.79559,335.91140083764736
2015-01-16,229.5181,443.61163875674424
2015-01-17,208.12544,402.263993582068
2015-01-18,181.12056,350.06907269683404
2015-01-19,172.02958,332.49806398028926
2015-01-20,171.52489,331.5226012260919
2015-01-21,188.88504,365.07622767456326
2015-01-22,173.26144,334.87899791673647
2015-01-23,165.97393,320.7937285913274
2015-01-24,160.16774,309.5715484633418
2015-01-25,153.68589,297.0434554690403
2015-01-26,159.79544,308.85196855609644
2015-01-27,174.65067,337.56409594129326
2015-01-28,165.5887,320.0491576333147
2015-01-29,156.02869,301.57160966376085
2015-01-30,190.95976,369.08623794896596
2015-01-31,168.0353,324.777936040692
2015-02-01,167.03542,319.1749043303777
2015-02-02,159.81843,305.3845232674673
2015-02-03,186.46622,356.30369851704
2015-02-04,174.35213,333.15583253269017
2015-02-05,180.46728,344.84079381943945
2015-02-06,181.26807,346.3709607243913
2015-02-07,176.98627,338.1892043917415
2015-02-08,164.52188,314.37197756771513
2015-02-09,153.05868,292.4678463162717
2015-02-10,169.10813,323.1354835653364
2015-02-11,168.72218,322.39800193224147
2015-02-12,167.99453,321.00759252604485
2015-02-13,159.45036,304.6812071262746
2015-02-14,139.65811,266.86174643803906
2015-02-15,127.91878,244.42997999201984
2015-02-16,133.16663,254.45768562289842
2015-02-17,137.39344,262.534365870553
2015-02-18,156.97953,299.9598915581956
2015-02-19,169.35862,323.6141252916584
2015-02-20,166.60985,318.361715941736
2015-02-21,165.76369,316.7448550564927
2015-02-22,176.26643,336.8137185029811
2015-02-23,184.10329,351.78856060982616
2015-02-24,186.00568,355.42368869373246
2015-02-25,202.78813,387.4919582450608
2015-02-26,190.9026,364.78082966726674
2015-02-27,192.00969,366.8962812573254
2015-02-28,171.82476,328.32647910598905
2015-03-01,172.80361,328.26010315291984
2015-03-02,187.93414,357.00226507047677
2015-03-03,199.06978,378.155679255943
2015-03-04,211.59366,401.946213149736
2015-03-05,231.51242,439.7841623238201
2015-03-06,220.25311,418.39582291337206
2015-03-07,207.38065,393.9431216796893
2015-03-08,195.13173,370.6749055659642
2015-03-09,218.49667,415.05926544456736
2015-03-10,212.13057,402.9661347357714
2015-03-11,211.31817,401.42288857441264
2015-03-12,225.13535,427.6701928528502
2015-03-13,230.84055,438.5078688742484
2015-03-14,225.65706,428.661240310805
2015-03-15,211.14591,401.09566112025743
2015-03-16,245.72335,466.7794394925027
2015-03-17,236.23418,448.7536822584056
2015-03-18,220.88604,419.5981454058743
2015-03-19,223.18613,423.9674278569816
2015-03-20,193.77845,368.10419635222274
2015-03-21,178.10243,338.3258141631745
2015-03-22,172.30639,327.3155772342212
2015-03-23,158.5663,301.21471417510804
2015-03-24,174.72891,331.91742938933544
2015-03-25,209.15105,397.30619775559956
2015-03-26,202.16323,384.0320392237608
2015-03-27,194.69824,369.8514420276981
2015-03-28,212.40884,403.4947402371516
2015-03-29,216.72399,411.691858249445
2015-03-30,219.61579,417.1851611167729
2015-03-31,212.04532,402.80419266874054
2015-04-01,187.72809,354.6954458058834
2015-04-02,174.08805,328.9238094534863
2015-04-03,172.73767,326.3723871484527
2015-04-04,191.91801,362.6119251260053
2015-04-05,187.74949,354.7358791930246
2015-04-06,185.16695,349.85640070575334
2015-04-07,183.30652,346.34128451701116
2015-04-08,190.17712,359.32266908206964
2015-04-09,191.78606,362.3626173954782
2015-04-10,178.27218,336.82934908615266
2015-04-11,173.14255,327.13737171787903
2015-04-12,169.69197,320.61780924116675
2015-04-13,190.43753,359.8146905000807
2015-04-14,201.6179,380.93900024735785
2015-04-15,162.80402,307.6036434019542
2015-04-16,154.26829,291.4761445410823
2015-04-17,137.67616,260.12679800898275
2015-04-18,135.24079,255.52538408178478
2015-04-19,129.72192,245.0979725260889
2015-04-20,129.99484,245.61363047088204
2015-04-21,146.40924,276.6271720545422
2015-04-22,132.21431,249.80712064650137
2015-04-23,162.71016,307.42630332171717
2015-04-24,168.29784,317.9837252217675
2015-04-25,147.18686,278.0964155362586
2015-04-26,156.39795,295.4999467494516
2015-04-27,140.44183,265.35228426200945
2015-04-28,148.12023,279.85993472111704
2015-04-29,135.16685,255.38568106098012
2015-04-30,139.6106,263.7817494772725
2015-05-01,165.87854,312.5999552020707
2015-05-02,162.49619,306.2258789745025
2015-05-03,157.60345,297.00545597816205
2015-05-04,175.39435,330.5326050777654
2015-05-05,173.70923,327.356977678886
2015-05-06,180.90604,340.91944623930266
2015-05-07,203.67392,383.8257695530123
2015-05-08,196.58092,370.4589320932162
2015-05-09,212.75349,400.93632029245134
2015-05-10,221.43121,417.28958023346667
2015-05-11,273.54897,515.5060791321927
2015-05-12,306.19611,577.029977892549
2015-05-13,324.60549,611.7226594371172
2015-05-14,386.83515,728.9951464522554
2015-05-15,461.70007,870.0789215940345
2015-05-16,475.98049,896.990532054717
2015-05-17,319.46835,602.041661920098
2015-05-18,396.8004,747.7747710111493
2015-05-19,341.14519,642.8919082082704
2015-05-20,233.85766,440.7073635906193
2015-05-21,218.2924,411.3744578470036
2015-05-22,220.79727,416.09491324640015
2015-05-23,220.40581,415.3572025186387
2015-05-24,206.19227,388.5716281624692
2015-05-25,252.31007,475.4811356492005
2015-05-26,299.11512,563.6857734114492
2015-05-27,314.61391,592.893415700116
2015-05-28,347.18123,654.2668927819103
2015-05-29,295.72282,557.2929462981168
2015-05-30,244.87888,461.4769753696485
2015-05-31,205.65073,387.5510900040062
2015-06-01,203.23201,382.6103270792886
2015-06-02,200.0144,376.55276353645104
2015-06-03,220.84019,415.7599845031904
2015-06-04,225.51299,424.5571298759892
2015-06-05,216.18208,406.9904949396551
2015-06-06,200.54581,377.5532110245864
2015-06-07,185.06344,348.4056636000318
2015-06-08,182.16753,342.95374157115367
2015-06-09,184.99878,348.28393285619404
2015-06-10,191.88342,361.24515073827445
2015-06-11,204.26171,384.54886940730836
2015-06-12,211.62173,398.4050511156432
2015-06-13,189.04712,355.90545218047845
2015-06-14,167.80159,315.9080168243412
2015-06-15,175.33469,330.09004383337873
2015-06-16,218.76487,411.8529284051171
2015-06-17,226.49876,426.41296834417614
2015-06-18,219.46544,413.171841291143
2015-06-19,208.29248,392.1373109529162
2015-06-20,193.91879,365.0769958370233
2015-06-21,152.11605,286.3779758144862
2015-06-22,187.83015,353.61435005662656
2015-06-23,164.89818,310.4419750834497
2015-06-24,173.81726,327.23328721998934
2015-06-25,202.68591,381.5822237818897
2015-06-26,200.72976,377.89952049456724
2015-06-27,172.28902,324.356179395018
2015-06-28,97.0104,182.63452137334377
2015-06-29,144.68403,272.38624487082325
2015-06-30,183.18745,344.87387179470807
2015-07-01,199.42696,374.7348912613841
2015-07-02,184.80351,347.2565756634515
2015-07-03,195.5797,367.5056652943721
2015-07-04,196.76039,369.7242506790332
2015-07-05,202.51701,380.5412754671216
2015-07-06,247.34087,464.7679231732066
2015-07-07,244.17262,458.8145966057311
2015-07-08,249.57128,468.9589936724927
2015-07-09,234.79914,441.20128089084096
2015-07-10,246.65203,463.47355263024446
2015-07-11,220.91776,415.1173581110024
2015-07-12,206.94916,388.8695438632509
2015-07-13,221.58059,416.3628543466908
2015-07-14,226.13482,424.9205181842649
2015-07-15,229.74041,431.69563212363965
2015-07-16,245.85015,461.9667733331791
2015-07-17,238.00445,447.22424536018366
2015-07-18,238.75922,448.64250221912266
2015-07-19,189.59514,356.2603279495756
2015-07-20,160.47473,301.54137884240913
2015-07-21,191.92941,360.6465574474565
2015-07-22,217.69402,409.05976259655955
2015-07-23,221.09453,415.4495192527471
2015-07-24,177.56341,333.6520054176756
2015-07-25,163.09375,306.46267020096667
2015-07-26,195.01143,366.43785281476994
2015-07-27,222.54916,418.18285387749165
2015-07-28,177.39009,333.326327027184
2015-07-29,229.06453,430.42561417668935
2015-07-30,161.95438,304.3217275066765
2015-07-31,164.54524,309.19010458254166
2015-08-01,153.82918,287.6731373318045
2015-08-02,137.67367,257.46101342335396
2015-08-03,207.75716,388.52286686014764
2015-08-04,213.58619,399.4236293013256
2015-08-05,244.19963,456.67326379407245
2015-08-06,214.62046,401.3577987206007
2015-08-07,181.47936,339.3812334705808
2015-08-08,182.95208,342.1353402194518
2015-08-09,182.94361,342.1195006272938
2015-08-10,205.54145,384.37930809504564
2015-08-11,213.76419,399.7565038472672
2015-08-12,200.78554,375.48536774791705
2015-08-13,202.84642,379.3393817605015
2015-08-14,217.43533,406.6218356483226
2015-08-15,205.75242,384.77383923525514
2015-08-16,187.09598,349.8847718538742
2015-08-17,177.04305,331.08497124077195
2015-08-18,182.79414,341.83997951278883
2015-08-19,171.32953,320.40022193892946
2015-08-20,182.14447,340.62504352255377
2015-08-21,207.07763,387.25209022979
2015-08-22,161.56499,302.13973419270405
2015-08-23,143.58218,268.51040995954
2015-08-24,197.49627,369.3341640528094
2015-08-25,207.52269,388.084388799547
2015-08-26,176.43315,329.9444084004925
2015-08-27,178.42773,333.6744359951222
2015-08-28,154.20062,288.36776048542544
2015-08-29,147.688,276.1886288821116
2015-08-30,151.71408,283.71772748842824
2015-08-31,196.091,366.7061943158696
2015-09-01,244.22376,453.4534845692168
2015-09-02,250.67172,465.42549716276187
2015-09-03,264.05902,490.28187409338267
2015-09-04,262.20755,486.8442252623462
2015-09-05,260.60715,483.8727414202147
2015-09-06,258.09162,479.2021236062952
2015-09-07,262.59718,487.56765643543383
2015-09-08,257.43357,477.9803134698827
2015-09-09,253.82134,471.27343826427017
2015-09-10,225.46204,418.6183509584987
2015-09-11,237.77222,441.4748249423333
2015-09-12,240.44277,446.4332704400864
2015-09-13,216.31677,401.63820722135233
2015-09-14,272.34624,505.6688650495113
2015-09-15,288.96909,536.532730448895
2015-09-16,301.45766,559.7204235045854
2015-09-17,312.76408,580.7132030236751
2015-09-18,302.09119,560.8967070327692
2015-09-19,318.90975,592.1239497770315
2015-09-20,332.76089,617.8415445690209
2015-09-21,436.31534,810.1124611872432
2015-09-22,725.79416,1347.5916140673114
2015-09-23,904.94924,1680.2312200756573
2015-09-24,827.617,1536.647427501409
2015-09-25,872.70099,1620.3554678811975
2015-09-26,932.20138,1730.830628769423
2015-09-27,925.06811,1717.5861920370057
2015-09-28,978.66448,1817.0992809222191
2015-09-29,982.02139,1823.3321001077286
2015-09-30,965.52673,1792.7062467764047
2015-10-01,1233.20864,2274.2507257698367
2015-10-02,1641.60931,3027.4124293339532
2015-10-03,1891.89482,3488.9823407863846
2015-10-04,1724.83724,3180.8991744534337
2015-10-05,1849.53185,3410.8576730348955
2015-10-06,1862.7995,3435.3255219154876
2015-10-07,1861.88819,3433.644908139621
2015-10-08,1942.71189,3582.697835942984
2015-10-09,1882.12392,3470.9631056824005
2015-10-10,980.9724,1809.0833296952721
2015-10-11,635.75067,1172.4345546720788
2015-10-12,1039.10672,1916.2931035840895
2015-10-13,1207.81334,2227.4173858281515
2015-10-14,1246.38968,2298.5588507813522
2015-10-15,1020.99045,1882.8835580624636
2015-10-16,1010.44476,1863.4354757523658
2015-10-17,897.00592,1654.2345702182558
2015-10-18,567.29951,1046.1987375845604
2015-10-19,654.04701,1206.176180520509
2015-10-20,728.35508,1343.213155973467
2015-10-21,781.89643,1441.9526961831407
2015-10-22,794.96423,1466.0519869845862
2015-10-23,800.4083,1476.0917967516032
2015-10-24,795.77714,1467.5511340855062
2015-10-25,795.17181,1466.4348005250877
2015-10-26,791.59057,1459.8303725272783
2015-10-27,792.86199,1462.175091631548
2015-10-28,800.896,1476.9912001801729
2015-10-29,800.80625,1476.8256856062255
2015-10-30,801.41375,1477.9460210231955
2015-10-31,800.84255,1476.8926291052148
2015-11-01,810.72211,1486.194777649417
2015-11-02,810.00921,1484.887907830625
2015-11-03,799.72834,1466.0412831793094
2015-11-04,810.01005,1484.8894476968724
2015-11-05,806.96795,1479.3127487548793
2015-11-06,796.00365,1459.213277925619
2015-11-07,744.74879,1365.2541958658587
2015-11-08,564.02305,1033.9524493588758
2015-11-09,712.02865,1305.2724825362964
2015-11-10,699.8049,1282.8642205816643
2015-11-11,727.77901,1334.1456346180846
2015-11-12,719.95938,1319.8108913986719
2015-11-13,683.94651,1253.7930307014133
2015-11-14,752.63915,1379.7185994896527
2015-11-15,822.44465,1507.6842344113477
2015-11-16,822.88158,1508.4852031726393
2015-11-17,822.31412,1507.4449501955435
2015-11-18,822.36379,1507.5360039532925
2015-11-19,822.44134,1507.678166605063
2015-11-20,802.5085,1471.1378004964822
2015-11-21,821.61511,1506.163543165057
2015-11-22,616.70712,1130.5315221799146
2015-11-23,759.51513,1392.3234679657594
2015-11-24,738.9363,1354.5988897176896
2015-11-25,819.60013,1502.4697340088371
2015-11-26,818.79838,1500.9999866708984
2015-11-27,818.14011,1499.793263153412
2015-11-28,812.08088,1488.6856396268047
2015-11-29,811.08626,1486.8623279994142
2015-11-30,816.081,1496.0185560239793
2015-12-01,815.93548,1486.535558842539
2015-12-02,817.32284,1489.0631606241357
2015-12-03,810.25599,1476.1882163773105
2015-12-04,812.3517,1480.0063460118033
2015-12-05,801.30855,1459.887065064942
2015-12-06,738.74252,1345.8993409735604
2015-12-07,724.94269,1320.7577231571834
2015-12-08,679.93119,1238.7522252385968
2015-12-09,675.01036,1229.7870693490415
2015-12-10,655.44719,1194.1453445294742
2015-12-11,666.98183,1215.1600606911582
2015-12-12,619.84132,1129.2757645738081
2015-12-13,569.88052,1038.2532418760327
2015-12-14,647.22152,1179.159170683591
2015-12-15,560.16737,1020.5570597424019
2015-12-16,582.71597,1061.6378762085726
2015-12-17,539.33613,982.605065064118
2015-12-18,595.42123,1084.785320139237
2015-12-19,641.83593,1169.347278399722
2015-12-20,628.13292,1144.382054889433
2015-12-21,714.76578,1302.2166265080461
2015-12-22,711.02402,1295.3995932633898
2015-12-23,730.60555,1331.0747677778525
2015-12-24,695.35774,1266.8575297477994
2015-12-25,482.6704,879.3669724973253
2015-12-26,510.00803,929.1728212262966
2015-12-27,540.21846,984.2125633918456
2015-12-28,461.80406,841.3510298729177
2015-12-29,411.48251,749.6712643955385
2015-12-30,474.46382,864.4155783178663
2015-12-31,412.11034,750.8150945668998
2016-01-01,413.28456,743.3649379055743
2016-01-02,411.28618,739.770500153988
2016-01-03,507.46972,912.7735062175058
2016-01-04,546.93679,983.7619700494596
2016-01-05,584.76925,1051.810300426755
2016-01-06,639.28429,1149.8651837848943
2016-01-07,639.01755,1149.3854050011503
2016-01-08,594.0418,1068.488611745659
2016-01-09,504.21118,906.9124491657669
2016-01-10,534.62874,961.6237783299608
2016-01-11,554.74457,997.8056350121196
2016-01-12,682.77858,1228.0973107849861
2016-01-13,691.64908,1244.052464497216
2016-01-14,781.33875,1405.3751037226482
2016-01-15,707.67386,1272.8758485347191
2016-01-16,634.89666,1141.9732598705273
2016-01-17,542.43398,975.6628746560808
2016-01-18,703.01447,1264.495116484076
2016-01-19,577.1108,1038.035231721786
2016-01-20,547.78745,985.2920316082045
2016-01-21,498.01247,895.7629794777517
2016-01-22,566.03835,1018.1194838247133
2016-01-23,595.44376,1071.0102832747045
2016-01-24,568.25093,1022.0991979333437
2016-01-25,617.49475,1110.6728654241717
2016-01-26,526.04241,946.1797543207243
2016-01-27,461.59175,830.2539116788572
2016-01-28,464.15255,834.8599606756758
2016-01-29,465.76165,837.7542099105948
2016-01-30,452.60141,814.0832046583723
2016-01-31,435.09537,782.5955141006305
2016-02-01,444.19744,788.8697051449216
2016-02-02,451.19065,801.2892533321343
2016-02-03,450.68902,800.3983866261221
2016-02-04,457.77861,812.9891002801639
2016-02-05,460.71272,818.1999148462334
2016-02-06,469.44257,833.7036381352721
2016-02-07,443.37102,787.4020296407002
2016-02-08,434.4618,771.5797553059556
2016-02-09,413.51159,734.373359011947
2016-02-10,425.57967,755.8055912897046
2016-02-11,447.47711,794.6942148626558
2016-02-12,460.47866,817.7842374321847
2016-02-13,501.38842,890.4376735005004
2016-02-14,541.56929,961.7966418668342
2016-02-15,628.78903,1116.6940014207676
2016-02-16,711.75224,1264.0320027621894
2016-02-17,856.16156,1520.4948443503324
2016-02-18,864.78676,1535.8127151170256
2016-02-19,866.7441,1539.288841023263
2016-02-20,868.24997,1541.963181566258
2016-02-21,868.22309,1541.91544419597
2016-02-22,800.92379,1422.395667252952
2016-02-23,781.21264,1387.3897719272893
2016-02-24,868.25114,1541.9652594205452
2016-02-25,868.25119,1541.9653482177368
2016-02-26,868.25213,1541.967017604942
2016-02-27,868.73707,1542.828243808346
2016-02-28,868.24639,1541.9568236873286
2016-02-29,868.65484,1542.682207946784
2016-03-01,867.67998,1526.6007359352222
2016-03-02,856.74347,1507.3589825245201
2016-03-03,867.6794,1526.5997154801614
2016-03-04,852.10408,1499.1964152744488
2016-03-05,867.6593,1526.564351434085
2016-03-06,867.67722,1526.5958799766568
2016-03-07,847.55789,1491.1978245962346
2016-03-08,863.22996,1518.7713472625385
2016-03-09,793.56097,1396.1953585830906
2016-03-10,884.36968,1555.964682194001
2016-03-11,884.36834,1555.962324590929
2016-03-12,882.52303,1552.7156764384285
2016-03-13,884.22552,1555.711046329206
2016-03-14,883.96841,1555.2586856383252
2016-03-15,883.56704,1554.5525131421218
2016-03-16,883.95523,1555.2354966767687
2016-03-17,882.75848,1553.1299284110003
2016-03-18,874.63266,1538.8333178195273
2016-03-19,846.9701,1490.163663768212
2016-03-20,810.91733,1426.7322299641228
2016-03-21,769.81013,1354.4080053436167
2016-03-22,763.38409,1343.1019966546191
2016-03-23,688.86302,1211.9892328166425
2016-03-24,687.89705,1210.2897001008005
2016-03-25,771.20586,1356.8636600714885
2016-03-26,829.39057,1459.234145911415
2016-03-27,800.95264,1409.2003017901359
2016-03-28,828.60912,1457.8592586573645
2016-03-29,798.95591,1405.6872444905266
2016-03-30,797.78741,1403.6313794238458
2016-03-31,797.46016,1403.0556140468057
2016-04-01,804.58055,1408.5402376708216
2016-04-02,745.20127,1304.5878053582057
2016-04-03,610.88702,1069.4503469426647
2016-04-04,684.59691,1198.490684767498
2016-04-05,632.04062,1106.4829309040758
2016-04-06,601.45627,1052.940389243073
2016-04-07,569.21393,996.495284714181
2016-04-08,491.21369,859.9440387413805
2016-04-09,418.54373,732.7242560484866
2016-04-10,370.0278,647.7897649362905
2016-04-11,352.84654,617.7113644033864
2016-04-12,331.98584,581.1915462994318
2016-04-13,296.23101,518.5972954862848
2016-04-14,230.21556,403.0272414588214
2016-04-15,197.4912,345.73828783941616
2016-04-16,172.05096,301.2012906475219
2016-04-17,167.00886,292.37433014945856
2016-04-18,166.45516,291.40499435132335
2016-04-19,164.66676,288.27412900657885
2016-04-20,172.57734,302.1227986435891
2016-04-21,174.80432,306.0214647727767
2016-04-22,182.57837,319.63111794505994
2016-04-23,181.62341,317.95931568067994
2016-04-24,195.36789,342.0211117629514
2016-04-25,237.88141,416.44747412657455
2016-04-26,214.96303,376.3253752115185
2016-04-27,189.03558,330.93544304723946
2016-04-28,179.25075,313.80561462450595
2016-04-29,171.83908,300.8303625837529
2016-04-30,157.33647,275.4413449940942
2016-05-01,152.31193,265.29217616117484
2016-05-02,148.87455,259.30505472890815
2016-05-03,147.68363,257.2307473622175
2016-05-04,160.3707,279.32869076959975
2016-05-05,154.42559,268.97368332259566
2016-05-06,130.6166,227.50392603372376
2016-05-07,144.08462,250.96210382966018
2016-05-08,133.76205,232.98257288368595
2016-05-09,136.85308,238.36643267247257
2016-05-10,133.54102,232.5975897133138
2016-05-11,125.20576,218.07949343373022
2016-05-12,122.24429,212.9212972180035
2016-05-13,112.2613,195.53323614035025
2016-05-14,112.7187,196.3299212153547
2016-05-15,119.66244,208.4243112956156
2016-05-16,160.81419,280.101147839809
2016-05-17,133.36354,232.28846057664614
2016-05-18,139.4807,242.9431393554266
2016-05-19,145.21518,252.93127802816701
2016-05-20,164.85531,287.1398448015535
2016-05-21,147.85351,257.5266390555751
2016-05-22,140.97534,245.5464567592408
2016-05-23,151.88744,264.5528126992408
2016-05-24,148.50524,258.6618020724808
2016-05-25,158.1687,275.4933157473877
2016-05-26,155.59687,271.01378234894287
2016-05-27,157.65075,274.5911665681167
2016-05-28,153.16437,266.77692960528674
2016-05-29,137.63842,239.73431342630724
2016-05-30,133.97951,233.36133793924012
2016-05-31,134.3257,233.96432089970315
2016-06-01,139.38993,241.62524105415838
2016-06-02,145.2114,251.71645849030713
2016-06-03,117.65161,203.94298660355045
2016-06-04,189.56033,328.59303703327646
2016-06-05,121.33124,210.32143507353757
2016-06-06,154.82799,268.386320343807
2016-06-07,156.18563,270.73971913140065
2016-06-08,181.77529,315.09807246434195
2016-06-09,188.1445,326.138768887495
2016-06-10,176.06435,305.1984530718518
2016-06-11,153.45989,266.01478968670574
2016-06-12,156.21257,270.7864182293484
2016-06-13,188.05083,325.9763967826411
2016-06-14,181.05803,313.854739316829
2016-06-15,234.58911,406.6481004218202
2016-06-16,190.35297,329.96703751573006
2016-06-17,206.97795,358.78558129447043
2016-06-18,277.1113,480.3581195666804
2016-06-19,226.03401,391.8182766336711
2016-06-20,254.68381,441.48122453208407
2016-06-21,228.66273,396.37502692161434
2016-06-22,192.88132,334.34980159502385
2016-06-23,160.76756,278.6822580274549
2016-06-24,172.78965,299.5219298331928
2016-06-25,116.016,201.10774118431112
2016-06-26,127.3232,220.70818811507274
2016-06-27,126.43742,219.1727342553789
2016-06-28,125.12151,216.8916722664994
2016-06-29,123.09005,213.3702413267473
2016-06-30,132.25657,229.25993009140745
2016-07-01,155.66614,268.4433023151593
2016-07-02,143.57608,247.5942234365514
2016-07-03,133.04229,229.42890261922787
2016-07-04,134.40786,231.78380215192337
2016-07-05,143.62185,247.67315293237473
2016-07-06,135.82847,234.23361711940404
2016-07-07,131.47458,226.72541649519025
2016-07-08,132.75588,228.93499401318107
2016-07-09,136.27365,235.00132157539338
2016-07-10,116.03355,200.0976534868222
2016-07-11,131.57981,226.9068836318625
2016-07-12,136.01379,234.55319794015955
2016-07-13,129.69824,223.6621518980562
2016-07-14,121.01935,208.6955709060048
2016-07-15,114.46366,197.39040799418297
2016-07-16,102.923,177.48875898241673
2016-07-17,98.33744,169.58104784263833
2016-07-18,118.34677,204.08675744855384
2016-07-19,135.23041,233.20227400662046
2016-07-20,116.31919,200.59023424249136
2016-07-21,132.55851,228.5946331962562
2016-07-22,150.48383,259.5065071327203
2016-07-23,131.47108,226.71938081165558
2016-07-24,136.57315,235.5178036378598
2016-07-25,134.72475,232.33027293915205
2016-07-26,131.30232,226.42835739642408
2016-07-27,130.48406,225.01728356525948
2016-07-28,138.16652,238.2655399446116
2016-07-29,136.27524,235.00406350019912
2016-07-30,140.0679,241.5444336472241
2016-07-31,133.94008,230.97712442511016
2016-08-01,138.75591,240.05012866781897
2016-08-02,160.26712,277.26489471490464
2016-08-03,157.5773,272.6114595055988
2016-08-04,135.75256,234.85428112565302
2016-08-05,130.48902,225.7482657188267
2016-08-06,126.81834,219.39792571314052
2016-08-07,130.67785,226.0749448908803
2016-08-08,133.90653,231.66061723757323
2016-08-09,158.4359,274.09685238345304
2016-08-10,159.56709,276.0538306847575
2016-08-11,188.84135,326.6988077502763
2016-08-12,153.92384,266.29091039830143
2016-08-13,166.15335,287.44817461172755
2016-08-14,160.69147,277.999027568058
2016-08-15,204.9658,354.5943856553746
2016-08-16,261.77612,452.8772236668147
2016-08-17,274.89403,475.5714352744707
2016-08-18,278.04944,481.03034925153827
2016-08-19,205.81397,356.06173445249743
2016-08-20,142.20806,246.02240798680876
2016-08-21,159.79206,276.4430326830464
2016-08-22,264.93436,458.34103359292067
2016-08-23,281.71078,487.36453089538054
2016-08-24,310.84392,537.7653679155665
2016-08-25,311.53161,538.9550835318855
2016-08-26,297.10134,513.9904663836043
2016-08-27,251.02876,434.2841046361416
2016-08-28,275.79085,477.1229494146026
2016-08-29,236.02678,408.3304192812472
2016-08-30,177.94559,307.8489541481221
2016-08-31,214.39743,370.91126898702703
2016-09-01,173.77793,300.7892039419042
2016-09-02,159.45994,276.00644347198636
2016-09-03,179.12388,310.0424160431948
2016-09-04,155.87503,269.80138495216534
2016-09-05,182.3643,315.6512027990125
2016-09-06,252.97869,437.8764252708371
2016-09-07,273.19034,472.86041957812563
2016-09-08,213.19446,369.0145918312189
2016-09-09,204.61377,354.16242438756103
2016-09-10,183.08038,316.8906532468267
2016-09-11,139.45605,241.38205734400447
2016-09-12,166.5729,288.3181425241653
2016-09-13,135.19661,234.0094665504652
2016-09-14,118.27521,204.72050888143016
2016-09-15,117.58639,203.52824229464744
2016-09-16,97.84029,169.35006040493778
2016-09-17,85.88753,148.66123550462603
2016-09-18,80.78253,139.8250795777864
2016-09-19,144.14373,249.49588132346136
2016-09-20,167.38487,289.72356730926145
2016-09-21,157.98157,273.44755848911433
2016-09-22,137.65357,238.26217598553043
2016-09-23,116.74766,202.07649908984467
2016-09-24,104.41122,180.72356913448692
2016-09-25,95.05849,164.53509104993634
2016-09-26,105.95696,183.39906368147086
2016-09-27,111.94739,193.76779503285536
2016-09-28,174.58982,302.1944902563884
2016-09-29,186.96365,323.61213791401934
2016-09-30,205.22677,355.2234554518417
2016-10-01,149.45481,258.8439875584312
2016-10-02,116.02824,200.9517947999577
2016-10-03,168.36351,291.5923702136706
2016-10-04,180.96535,313.41776690831927
2016-10-05,145.00036,251.12923016534592
2016-10-06,190.36481,329.69689306890234
2016-10-07,130.05803,225.25028869391403
2016-10-08,142.14319,246.18083622652037
2016-10-09,118.1331,204.59724693128916
2016-10-10,154.44673,267.48960075999145
2016-10-11,211.15079,365.6965771774954
2016-10-12,177.43773,307.30820624987757
2016-10-13,202.89506,351.3983015087112
2016-10-14,216.18676,374.4184815178417
2016-10-15,210.45217,364.4866222313276
2016-10-16,154.81018,268.1190676020296
2016-10-17,177.2323,306.95241763147095
2016-10-18,188.02115,325.6378581012008
2016-10-19,205.83211,356.48504133099254
2016-10-20,225.42985,390.42678712514504
2016-10-21,216.44213,374.8607622922296
2016-10-22,219.28132,379.77801628382764
2016-10-23,213.42469,369.63479330656554
2016-10-24,222.1615,384.76626173465013
2016-10-25,231.63173,401.1679559745042
2016-10-26,253.88864,439.7151752652659
2016-10-27,242.46851,419.93640743815035
2016-10-28,241.82881,418.8284973023633
2016-10-29,207.24238,358.92751815950027
2016-10-30,181.78595,314.8389816299495
2016-10-31,160.81061,278.51134088025486
2016-11-01,204.54263,353.8626018867408
2016-11-02,203.61846,352.2637703825909
2016-11-03,187.91375,325.0943263284262
2016-11-04,181.38393,313.79761475758113
2016-11-05,177.67357,307.37862208335724
2016-11-06,155.45332,268.9371711272712
2016-11-07,164.90723,285.29261346515
2016-11-08,173.53652,300.22144767362397
2016-11-09,183.5892,317.6127733876563
2016-11-10,190.37567,329.3534942917843
2016-11-11,181.59973,314.17095282156885
2016-11-12,177.01012,306.2308410891373
2016-11-13,177.78282,307.56762664077456
2016-11-14,169.98167,294.0714902279948
2016-11-15,180.62316,312.48146833061196
2016-11-16,179.23438,310.07885277683584
2016-11-17,168.37125,291.28543330025093
2016-11-18,141.921,245.52600268397904
2016-11-19,132.95833,230.02041479722783
2016-11-20,127.54238,220.6507193030001
2016-11-21,139.38645,241.14118345283865
2016-11-22,143.50109,248.25958814054243
2016-11-23,136.9216,236.87694653430225
2016-11-24,137.98328,238.71367292806727
2016-11-25,170.94175,295.73244670840876
2016-11-26,183.28173,317.08084449732127
2016-11-27,158.77139,274.67749471381325
2016-11-28,184.26014,318.77351222292936
2016-11-29,176.92246,306.0791876383071
2016-11-30,181.54707,314.07985002986544
2016-12-01,149.51665,257.58468919336025
2016-12-02,129.31584,222.78308438677772
2016-12-03,128.15133,220.77688677325065
2016-12-04,87.94475,151.50968868642903
2016-12-05,80.08138,137.96281134893925
2016-12-06,75.65327,130.33414030752675
2016-12-07,62.71611,108.04622563284153
2016-12-08,61.60943,106.13965653945623
2016-12-09,78.28816,134.8734830610508
2016-12-10,74.32329,128.042873850357
2016-12-11,61.17276,105.3873690435147
2016-12-12,96.74937,166.67813518496712
2016-12-13,118.93065,204.8916593290066
2016-12-14,121.60133,209.49266047325992
2016-12-15,126.77787,218.41071372684067
2016-12-16,127.67165,219.95050239591026
2016-12-17,134.58686,231.86390614430093
2016-12-18,134.84635,232.3109510118711
2016-12-19,135.73683,233.84505449822464
2016-12-20,141.67116,244.06861520949548
2016-12-21,139.34552,240.0620429877687
2016-12-22,134.7062,232.06950302470412
2016-12-23,126.9779,218.75532193856392
2016-12-24,129.92707,223.83610082057055
2016-12-25,104.31877,179.71856610941748
2016-12-26,106.99619,184.33117880867263
2016-12-27,103.49491,178.299234402622
2016-12-28,106.36221,183.238969069792
2016-12-29,104.22952,179.5648077586886
2016-12-30,97.77442,168.44407353134966
2016-12-31,89.47311,154.14272076396398
2017-01-01,83.45458,142.3224604440723
2017-01-02,87.32575,148.92430828989788
2017-01-03,82.28607,140.32969721581682
2017-01-04,96.32633,164.2737916978032
2017-01-05,106.64992,181.87952081915066
2017-01-06,130.87704,223.1961666865649
2017-01-07,124.1831,211.78040004002503
2017-01-08,117.41958,200.24597247879723
2017-01-09,123.52228,210.65344537425773
2017-01-10,135.716,231.4484722303763
2017-01-11,120.46308,205.43632162873647
2017-01-12,128.65044,219.39894920102043
2017-01-13,122.50886,208.92517081025858
2017-01-14,70.59424,120.39058767031534
2017-01-15,86.70642,147.86811018277388
2017-01-16,91.96448,156.83514394368382
2017-01-17,99.90891,170.3834815475122
2017-01-18,115.28259,196.601574834661
2017-01-19,108.77344,185.5009468835104
2017-01-20,115.35582,196.7264604164747
2017-01-21,105.6668,180.20291951923664
2017-01-22,77.85331,132.77012038063216
2017-01-23,122.0739,208.18339513545735
2017-01-24,154.17466,262.9276541722251
2017-01-25,137.24756,234.06037666411402
2017-01-26,149.16364,254.38191952549323
2017-01-27,137.29016,234.13302620371888
2017-01-28,124.49049,212.30461933531
2017-01-29,134.86381,229.99515741451074
2017-01-30,136.64511,233.0329655107114
2017-01-31,125.03517,213.2335102093001
2017-02-01,108.83158,183.74426095545897
2017-02-02,117.11102,197.7227365406252
2017-02-03,115.69999,195.34044396951688
2017-02-04,133.1127,224.738946960852
2017-02-05,93.86203,158.47063264292515
2017-02-06,125.83369,212.44953323610966
2017-02-07,153.95237,259.9233094657945
2017-02-08,136.36298,230.22651129188816
2017-02-09,138.60982,234.01993187151373
2017-02-10,173.79274,293.420517929853
2017-02-11,156.65978,264.4943268998281
2017-02-12,145.74648,246.06901098430785
2017-02-13,193.42442,326.56538757994963
2017-02-14,200.07718,337.79748096234874
2017-02-15,199.56827,336.938269951695
2017-02-16,170.32948,287.57337182394696
2017-02-17,163.83769,276.61304986750713
2017-02-18,181.55615,306.5277615529284
2017-02-19,158.31892,267.2955124851301
2017-02-20,164.68502,278.04362750531584
2017-02-21,180.81887,305.2829852782732
2017-02-22,196.90096,332.4349547862889
2017-02-23,199.9196,337.53143299500914
2017-02-24,192.11021,324.34655968835534
2017-02-25,194.72045,328.7535215253183
2017-02-26,155.39569,262.3601184023388
2017-02-27,160.83555,271.5444292007409
2017-02-28,155.15721,261.95748406263095
2017-03-01,167.1455,280.87754908924
2017-03-02,169.41837,284.69696483778523
2017-03-03,159.87709,268.66344110203295
2017-03-04,155.70917,261.6595124626138
2017-03-05,144.71316,243.1814060310271
2017-03-06,144.18828,242.2993780496219
2017-03-07,135.48252,227.66989336855576
2017-03-08,130.13168,218.67814172242308
2017-03-09,141.22293,237.31629301178495
2017-03-10,127.09865,213.58132468149688
2017-03-11,129.61409,217.80836412964857
2017-03-12,133.77813,224.80577267196384
2017-03-13,134.75829,226.45287019188095
2017-03-14,115.11796,193.44852515295455
2017-03-15,124.63455,209.44055888935293
2017-03-16,125.3679,210.6729076550965
2017-03-17,113.80115,191.23570838303735
2017-03-18,122.19895,205.34768556304886
2017-03-19,98.16991,164.96838811162294
2017-03-20,118.76778,199.58181917652618
2017-03-21,118.1256,198.50267588834836
2017-03-22,151.28538,254.22561030619627
2017-03-23,118.98837,199.95250686212702
2017-03-24,128.73953,216.33872079894874
2017-03-25,94.81801,159.3357299976311
2017-03-26,79.20808,133.10421984716578
2017-03-27,78.66198,132.18653298417735
2017-03-28,84.30684,141.672366834038
2017-03-29,80.42658,135.15183281649632
2017-03-30,76.75723,128.98571985054392
2017-03-31,76.68548,128.8651484672452
2017-04-01,68.19511,114.06154699222508
2017-04-02,78.2819,130.9324761774072
2017-04-03,115.78051,193.65177477019665
2017-04-04,105.68264,176.76231343599866
2017-04-05,96.61562,161.5970277166935
2017-04-06,97.76492,163.51932003293382
2017-04-07,110.91836,185.51945632818158
2017-04-08,134.75943,225.39547274856608
2017-04-09,137.81694,230.5093925082702
2017-04-10,109.53997,183.21399343269516
2017-04-11,91.70611,153.3854960456719
2017-04-12,88.70864,148.3719977865917
2017-04-13,67.8876,113.54721295396958
2017-04-14,75.20316,125.78304761593347
2017-04-15,70.67594,118.21092526325832
2017-04-16,71.61017,119.77349652454885
2017-04-17,95.47356,159.68684485522527
2017-04-18,115.97727,193.98087094712474
2017-04-19,109.90215,183.8197672350931
2017-04-20,112.73479,188.55757468891284
2017-04-21,108.79126,181.96171858705668
2017-04-22,98.69232,165.07046759586888
2017-04-23,103.50555,173.12096358934096
2017-04-24,106.1065,177.47125176468708
2017-04-25,107.51211,179.82224219593272
2017-04-26,94.25365,157.64645190342438
2017-04-27,102.90587,172.1179528382725
2017-04-28,99.20285,165.92436814073113
2017-04-29,84.70321,141.67260919158733
2017-04-30,89.47216,149.64904349206097
2017-05-01,103.20549,172.222936170103
2017-05-02,96.0874,160.3447079893827
2017-05-03,92.69968,154.6914904587825
2017-05-04,88.72958,148.0664332172644
2017-05-05,79.58781,132.81121306190482
2017-05-06,75.1668,125.43370511114185
2017-05-07,74.48396,124.29422396789653
2017-05-08,80.11333,133.6881683228712
2017-05-09,70.63618,117.87328677418135
2017-05-10,67.23871,112.20379904683429
2017-05-11,63.6818,106.26824771237719
2017-05-12,66.73585,111.36465739184581
2017-05-13,64.73852,108.03163666687631
2017-05-14,65.96291,110.07482294327801
2017-05-15,65.52983,109.35212583485338
2017-05-16,70.75448,118.07069849471021
2017-05-17,66.73792,111.36811167977054
2017-05-18,66.67772,111.26765364447182
2017-05-19,65.42569,109.17834344621538
2017-05-20,64.91229,108.32161329135897
2017-05-21,62.82681,104.84149330041639
2017-05-22,66.18294,110.44199539355665
2017-05-23,64.92666,108.34559305825668
2017-05-24,64.04331,106.87151323298907
2017-05-25,66.89908,111.63704551646056
2017-05-26,68.49769,114.30470697507957
2017-05-27,68.01622,113.50125962864655
2017-05-28,67.49597,112.63309861761412
2017-05-29,69.19965,115.47609439133005
2017-05-30,66.34224,110.70782537732882
2017-05-31,82.93074,138.389687811757
2017-06-01,68.97119,114.96840220443637
2017-06-02,69.17902,115.31483501254286
2017-06-03,72.23314,120.40576205817763
2017-06-04,67.71458,112.87375306333676
2017-06-05,68.76026,114.61680199169562
2017-06-06,78.36045,130.6194040224712
2017-06-07,70.08024,116.81708288494703
2017-06-08,70.85744,118.1126012338879
2017-06-09,67.02044,111.71668782049858
2017-06-10,65.94331,109.9212147386732
2017-06-11,67.40209,112.35286200716006
2017-06-12,65.88885,109.83043510758299
2017-06-13,68.82529,114.72520080568381
2017-06-14,85.85878,143.11840569696153
2017-06-15,68.80487,114.69116261128677
2017-06-16,66.50957,110.86511620582614
2017-06-17,65.85965,109.78176148973806
2017-06-18,65.9005,109.84985454757933
2017-06-19,67.54777,112.59569668687404
2017-06-20,66.23966,110.41520195265755
2017-06-21,66.77025,111.29964492842254
2017-06-22,67.22414,112.05623631210857
2017-06-23,67.2415,112.0851737780602
2017-06-24,65.88234,109.81958355785112
2017-06-25,67.08532,111.82483659877867
2017-06-26,68.11743,113.54526563007741
2017-06-27,70.1272,116.89536073063186
2017-06-28,67.46831,112.46324443776591
2017-06-29,66.26028,110.44957352799871
2017-06-30,66.18611,110.32593920486318
2017-07-01,66.08046,110.2049467426921
2017-07-02,64.67345,107.85842158054227
2017-07-03,64.50281,107.57383863253958
2017-07-04,66.19393,110.39418506377662
2017-07-05,64.90942,108.25195790403143
2017-07-06,65.68444,109.54448882504077
2017-07-07,66.39768,110.73398684328637
2017-07-08,65.18928,108.7186912832393
2017-07-09,67.32078,112.27347652508004
2017-07-10,75.3694,125.69647234641916
2017-07-11,75.6838,126.22080942361116
2017-07-12,66.31109,110.5895773410152
2017-07-13,72.04852,120.15811193641487
2017-07-14,71.94557,119.98641822745523
2017-07-15,64.71007,107.9194941752203
2017-07-16,66.22191,110.44084839526462
2017-07-17,70.42248,117.44630194596554
2017-07-18,85.18082,142.05935811583092
2017-07-19,89.68503,149.57120387428813
2017-07-20,68.57648,114.36765613013726
2017-07-21,75.07482,125.20518985214684
2017-07-22,65.83496,109.79551686848524
2017-07-23,65.34294,108.9749560265005
2017-07-24,71.71621,119.60390565740194
2017-07-25,78.3546,130.67500619767088
2017-07-26,73.03188,121.79809955800368
2017-07-27,80.42955,134.13548081064647
2017-07-28,84.85895,141.52256302983923
2017-07-29,73.26874,122.19312016902052
2017-07-30,72.71596,121.27122751784307
2017-07-31,71.31228,118.93025592588107
2017-08-01,97.13854,161.77520648094213
2017-08-02,81.14501,135.13946933573547
2017-08-03,82.88898,138.04388921734548
2017-08-04,68.01665,113.27540642356753
2017-08-05,64.839,107.98332580475068
2017-08-06,64.34377,107.15856628596899
2017-08-07,66.08969,110.06623371126904
2017-08-08,71.47207,119.0300871504796
2017-08-09,68.43037,113.96441861610506
2017-08-10,68.68718,114.39211179304978
2017-08-11,66.22989,110.29972377554864
2017-08-12,69.20104,115.24789784462413
2017-08-13,68.80541,114.58901286508814
2017-08-14,81.14863,135.1454981091498
2017-08-15,87.64878,145.97089355370866
2017-08-16,74.58316,124.21131827800936
2017-08-17,80.82642,134.60888731306184
2017-08-18,99.40867,165.5558969204791
2017-08-19,112.11257,186.71306116870892
2017-08-20,99.63989,165.9409723317682
2017-08-21,108.63781,180.9261714700196
2017-08-22,107.9079,179.71057423165772
2017-08-23,109.24639,181.93970487457943
2017-08-24,117.36265,195.4565812591021
2017-08-25,113.92445,189.7305788410837
2017-08-26,115.19635,191.8488100305077
2017-08-27,113.49709,189.01885049678603
2017-08-28,128.06592,213.2818822598303
2017-08-29,135.44608,225.57285253653393
2017-08-30,139.41208,232.177856779993
2017-08-31,137.71209,229.34668149914629
2017-09-01,145.60819,242.3999240507489
2017-09-02,141.72793,235.94029613217396
2017-09-03,138.65732,230.82852576548328
2017-09-04,142.13677,236.62090884323723
2017-09-05,137.53663,228.96286717248495
2017-09-06,140.65627,234.1562597904804
2017-09-07,133.53007,222.2929824654175
2017-09-08,140.1691,233.34524791676773
2017-09-09,124.62834,207.4739075499181
2017-09-10,126.77697,211.05082000802338
2017-09-11,131.13758,218.31010626668052
2017-09-12,125.81708,209.45285176807016
2017-09-13,129.64566,215.82644587168627
2017-09-14,133.87598,222.8688330252548
2017-09-15,117.23555,195.16682692125886
2017-09-16,117.68879,195.92135413278973
2017-09-17,113.41594,188.8081655444264
2017-09-18,125.52364,208.96435016858285
2017-09-19,105.17787,175.09391264199863
2017-09-20,115.52166,192.31364396615626
2017-09-21,125.01303,208.1143167657945
2017-09-22,120.60188,200.77089449692033
2017-09-23,123.39836,205.42630941286316
2017-09-24,113.74121,189.34965584999222
2017-09-25,114.4608,190.54758682727913
2017-09-26,117.30855,195.28835301437013
2017-09-27,112.13729,186.67954446282727
2017-09-28,134.87808,224.53706998288237
2017-09-29,111.88676,186.26247689971538
2017-09-30,107.1193,178.32589076458805
2017-10-01,107.00891,178.10650639311515
2017-10-02,116.72033,194.270273394538
2017-10-03,118.92721,197.94342254472406
2017-10-04,119.49461,198.88780775271704
2017-10-05,129.39663,215.36881095548543
2017-10-06,118.12643,196.6105977529429
2017-10-07,126.79315,211.03555751645547
2017-10-08,116.79158,194.38886247819943
2017-10-09,123.675,205.84568311338296
2017-10-10,122.58613,204.03335896564357
2017-10-11,125.79136,209.36817003405275
2017-10-12,126.57983,210.68050596099363
2017-10-13,135.31088,225.2125371034808
2017-10-14,124.74368,207.62440285973113
2017-10-15,125.35028,208.6340328688403
2017-10-16,123.76147,205.98960448972267
2017-10-17,139.51626,232.21200602485825
2017-10-18,155.76805,259.26161843128835
2017-10-19,154.28811,256.79839417200543
2017-10-20,158.5738,263.9315317152615
2017-10-21,173.04751,288.02169320412344
2017-10-22,157.5511,262.2293414575695
2017-10-23,168.40861,280.3006700434631
2017-10-24,169.09799,281.4480797626845
2017-10-25,171.38602,285.2562956376302
2017-10-26,173.96428,289.5475727020645
2017-10-27,167.89068,279.43862310871543
2017-10-28,159.07479,264.7653835752411
2017-10-29,148.43759,247.06074075806964
2017-10-30,136.99476,228.01520076938712
2017-10-31,114.13363,189.9649487249654
2017-11-01,141.03428,234.31682001371018
2017-11-02,138.05706,229.3704146228987
2017-11-03,146.46532,243.34004487909226
2017-11-04,138.44706,230.01836744547023
2017-11-05,136.11568,226.14497192883724
2017-11-06,132.41794,220.00148200541224
2017-11-07,138.03013,229.32567264979141
2017-11-08,144.30268,239.74699695035858
2017-11-09,149.74254,248.78487551803573
2017-11-10,152.1192,252.73350001878683
2017-11-11,150.55366,250.1324844755851
2017-11-12,140.32661,233.1410846958917
2017-11-13,144.40019,239.90900177017642
2017-11-14,166.96427,277.3973590130748
2017-11-15,157.63317,261.8945062369275
2017-11-16,157.48102,261.6417215652499
2017-11-17,152.26295,252.97232878351667
2017-11-18,137.26375,228.05239551091344
2017-11-19,121.04711,201.10978612469097
2017-11-20,109.15116,181.34564668963947
2017-11-21,115.33352,191.61712774644323
2017-11-22,113.30899,188.25353818777452
2017-11-23,124.13689,206.24320066860156
2017-11-24,103.46568,171.8996907571417
2017-11-25,98.76594,164.09146050495596
2017-11-26,84.8193,140.92026882959865
2017-11-27,88.09623,146.36461765746893
2017-11-28,91.79761,152.51415514057123
2017-11-29,89.90786,149.3744914317133
2017-11-30,90.8224,150.89392418646867
2017-12-01,84.92762,140.5660901995508
2017-12-02,81.24056,134.46353359274664
2017-12-03,76.42406,126.49160910638828
2017-12-04,73.13242,121.04352325228746
2017-12-05,77.95558,129.0264708917817
2017-12-06,78.94139,130.65811272255033
2017-12-07,81.82494,135.43075735093993
2017-12-08,81.59619,135.05214679841126
2017-12-09,86.18482,142.64691724496757
2017-12-10,86.53878,143.2327663867077
2017-12-11,93.07316,154.04800233089335
2017-12-12,86.53822,143.23183951497253
2017-12-13,90.20927,149.30789752092
2017-12-14,84.73766,140.2516820659624
2017-12-15,77.54487,128.3466932304525
2017-12-16,82.50143,136.5504349582848
2017-12-17,77.87177,128.88775460584762
2017-12-18,93.30195,154.426679088546
2017-12-19,91.14421,150.85534298531857
2017-12-20,102.69791,169.97819649679752
2017-12-21,107.18413,177.4034652747879
2017-12-22,114.54908,189.59340096373316
2017-12-23,116.40472,192.66472286840792
2017-12-24,121.59031,201.2475385846365
2017-12-25,126.52231,209.41063036637
2017-12-26,140.47439,232.50311000669606
2017-12-27,145.34715,240.56815199987523
2017-12-28,144.0367,238.3991893832141
2017-12-29,147.6472,244.3750293827982
2017-12-30,163.95749,271.3706486562552
2017-12-31,151.85211,251.33469407540343
2018-01-01,121.55612,199.93144154290042
2018-01-02,139.27673,229.0777083233762
2018-01-03,137.82118,226.68366835453082
2018-01-04,145.45354,239.2371188691933
2018-01-05,137.59755,226.31584920834356
2018-01-06,136.70247,224.8436515543199
2018-01-07,133.38895,219.39368465688
2018-01-08,132.95625,218.68199416564343
2018-01-09,135.73613,223.2542478351113
2018-01-10,134.58767,221.36529922969052
2018-01-11,135.00591,222.0532063964453
2018-01-12,134.00725,220.4106438219634
2018-01-13,131.84568,216.85536576524447
2018-01-14,129.30829,212.68195153931708
2018-01-15,118.49706,194.90000194474422
2018-01-16,126.36591,207.84242330357708
2018-01-17,121.87572,200.4571089360116
2018-01-18,122.19341,200.97963482498997
2018-01-19,123.59585,203.28632124174484
2018-01-20,118.14335,194.3182315642143
2018-01-21,95.78223,157.53940910662203
2018-01-22,119.25684,196.14966268297331
2018-01-23,116.55826,191.7111285349696
2018-01-24,114.25921,187.92972797135167
2018-01-25,115.63089,190.18582136866942
2018-01-26,114.13839,187.73100727537016
2018-01-27,120.46426,198.1355867248704
2018-01-28,115.74668,190.37626888884571
2018-01-29,121.06979,199.1315422209612
2018-01-30,120.40306,198.0349270112959
2018-01-31,122.39397,201.30950920659942
2018-02-01,139.60453,227.99805622080615
2018-02-02,134.75535,220.07851654494598
2018-02-03,149.86476,244.75476530738376
2018-02-04,146.63492,239.47988460040236
2018-02-05,148.23488,242.09289271719516
2018-02-06,133.6539,218.27966045464282
2018-02-07,151.35184,247.18342109272857
2018-02-08,136.21662,222.4650201893032
2018-02-09,135.15189,220.72613413453138
2018-02-10,131.28165,214.4053707817375
2018-02-11,133.74061,218.42127270357852
2018-02-12,136.17357,222.39471218196059
2018-02-13,134.13566,219.0664568685195
2018-02-14,135.2993,220.96687985723466
2018-02-15,138.41578,226.056624310735
2018-02-16,139.43525,227.7215930504702
2018-02-17,132.1482,215.82059502709785
2018-02-18,127.38931,208.04851435200348
2018-02-19,137.6439,224.79601235469235
2018-02-20,142.72896,233.10078438297947
2018-02-21,161.2572,263.36056682121836
2018-02-22,148.25534,242.12630739385554
2018-02-23,143.89094,234.9984963079969
2018-02-24,139.78407,228.29127572459936
2018-02-25,142.49776,232.7231952703751
2018-02-26,151.39018,247.24603686512148
2018-02-27,151.00385,246.61509395044828
2018-02-28,146.64133,239.4903532258859
2018-03-01,138.99858,226.4649337060822
2018-03-02,153.94957,250.82399521009393
2018-03-03,154.74496,252.11989293523962
2018-03-04,174.82215,284.830871006774
2018-03-05,183.76665,299.4037939786062
2018-03-06,178.09423,290.1619425924046
2018-03-07,180.98949,294.87907613407003
2018-03-08,177.65796,289.45114499556615
2018-03-09,178.7852,291.28771290777684
2018-03-10,185.10594,301.5858466374407
2018-03-11,190.64504,310.6104849775687
2018-03-12,205.96314,335.5676644034531
2018-03-13,209.37668,341.12921121783825
2018-03-14,214.34758,349.2281035875269
2018-03-15,206.9222,337.1302232390912
2018-03-16,200.75711,327.08568394853137
2018-03-17,186.39235,303.68174398667145
2018-03-18,177.94787,289.923483985869
2018-03-19,167.72365,273.2655634193683
2018-03-20,174.50291,284.3107457980393
2018-03-21,167.36599,272.6828420117876
2018-03-22,155.28779,253.0043045599028
2018-03-23,144.90081,236.0812055102118
2018-03-24,141.83973,231.09390794739485
2018-03-25,153.42865,249.97528068893718
2018-03-26,168.67974,274.82328335051466
2018-03-27,174.71495,284.6562142520554
2018-03-28,179.49403,292.44258182053034
2018-03-29,167.41121,272.75651718388065
2018-03-30,118.89752,193.71506517992904
2018-03-31,154.73138,252.0977675739609
2018-04-01,120.77271,195.86922744177423
2018-04-02,157.47802,255.39791329067856
2018-04-03,153.10399,248.30410975751997
2018-04-04,142.13069,230.50760760494902
2018-04-05,131.93045,213.96485445715032
2018-04-06,113.07136,183.37917505528137
2018-04-07,120.17286,194.89639048149613
2018-04-08,102.42653,166.11538567480775
2018-04-09,112.24568,182.04008691430877
2018-04-10,114.94007,186.4098496506657
2018-04-11,141.28435,229.1350130680452
2018-04-12,116.18801,188.4337592217409
2018-04-13,123.05491,199.57050027789438
2018-04-14,117.22006,190.10753830793746
2018-04-15,103.86874,168.4543624064618
2018-04-16,125.76446,203.96484950807113
2018-04-17,124.42494,201.79241545783904
2018-04-18,134.64741,218.37122122817172
2018-04-19,129.3864,209.83891319050784
2018-04-20,119.96201,194.55443387055234
2018-04-21,78.772,127.75245984000392
2018-04-22,86.13249,139.68970534764307
2018-04-23,124.62551,202.11769996083643
2018-04-24,137.0542,222.27455417412108
2018-04-25,130.8672,212.24047519897627
2018-04-26,113.74644,184.47402005843975
2018-04-27,105.78248,171.55806667313283
2018-04-28,90.94429,147.49348443485843
2018-04-29,71.05556,115.23793448571813
2018-04-30,97.66337,158.3904909582649
2018-05-01,78.3611,126.76911473589855
2018-05-02,83.87761,135.6934801306127
2018-05-03,79.0181,127.83198021866343
2018-05-04,71.06521,114.96614723658455
2018-05-05,80.24109,129.81047923961714
2018-05-06,77.23181,124.94219942230416
2018-05-07,88.79657,143.65115561782886
2018-05-08,113.194,183.12023661504628
2018-05-09,76.91033,124.42212332580607
2018-05-10,75.32125,121.85138012740124
2018-05-11,71.75585,116.08343402047606
2018-05-12,66.86594,108.17275433580832
2018-05-13,66.92409,108.26682682868928
2018-05-14,67.02412,108.42865092951264
2018-05-15,64.90786,105.0050592909191
2018-05-16,66.02564,106.8133542366191
2018-05-17,71.07546,114.98272923232025
2018-05-18,69.57256,112.55140421854959
2018-05-19,68.9189,111.49394203976104
2018-05-20,65.47063,105.91548365581345
2018-05-21,69.38626,112.25001633508066
2018-05-22,70.13225,113.45684589594482
2018-05-23,73.03759,118.15697618771964
2018-05-24,74.20375,120.04353815329205
2018-05-25,74.99413,121.32217988885931
2018-05-26,91.71088,148.365797178067
2018-05-27,78.10218,126.35024543483696
2018-05-28,70.6191,114.24445024949746
2018-05-29,69.28722,112.089793812382
2018-05-30,69.53401,112.48903973702663
2018-05-31,105.94494,171.3930286142983
2018-06-01,72.88535,117.73408398829373
2018-06-02,71.51755,115.52463201915057
2018-06-03,69.3486,112.02105631475445
2018-06-04,70.56632,113.98807916302539
2018-06-05,72.25956,116.72322498275922
2018-06-06,65.96552,106.55625680622333
2018-06-07,69.80823,112.76351165075184
2018-06-08,75.24317,121.54274756621824
2018-06-09,76.50862,123.58687024084331
2018-06-10,75.66944,122.23131540573178
2018-06-11,69.23335,111.83488922932985
2018-06-12,70.09861,113.23257193939038
2018-06-13,69.67887,112.55455222194037
2018-06-14,69.84098,112.81641379433238
2018-06-15,77.60075,125.35102346431191
2018-06-16,72.32296,116.82563707140059
2018-06-17,68.8135,111.1566918252907
2018-06-18,69.89483,112.90339945637241
2018-06-19,70.42526,113.76022034246145
2018-06-20,70.4683,113.82974425878835
2018-06-21,70.62038,114.07540404491738
2018-06-22,72.09839,116.46288182303792
2018-06-23,72.53533,117.16868526169665
2018-06-24,72.16809,116.57547050723831
2018-06-25,106.0563,171.31620183874642
2018-06-26,91.78849,148.26894280975065
2018-06-27,79.71498,128.7662081672813
2018-06-28,91.2615,147.41767866790335
2018-06-29,71.57651,115.6198720309218
2018-06-30,72.86012,117.69332914607887
2018-07-01,72.53056,117.31350074718584
2018-07-02,68.80213,111.28300580007901
2018-07-03,67.75419,109.58803046867378
2018-07-04,77.86628,125.94368355849704
2018-07-05,69.12414,111.80383619730192
2018-07-06,71.6747,115.92920242176983
2018-07-07,70.84355,114.58487092693476
2018-07-08,72.18853,116.76028929175851
2018-07-09,105.32922,170.36321695531515
2018-07-10,105.50632,170.64966477789264
2018-07-11,91.17314,147.46667097997423
2018-07-12,72.68282,117.55977147257067
2018-07-13,98.83206,159.85447988621507
2018-07-14,68.02764,110.03031819924306
2018-07-15,72.36684,117.04869421126044
2018-07-16,71.61134,115.82672171008993
2018-07-17,76.8234,124.25689245059404
2018-07-18,91.28291,147.64421687203708
2018-07-19,112.9659,182.71505409659767
2018-07-20,74.49459,120.49019254265103
2018-07-21,77.10312,124.70932150158995
2018-07-22,70.74532,114.42599024025048
2018-07-23,109.3218,176.8209574830761
2018-07-24,73.95032,119.60987093681109
2018-07-25,104.9383,169.73092907952747
2018-07-26,73.02687,118.11625014765698
2018-07-27,88.75763,143.55973941637077
2018-07-28,72.68324,117.56045079547005
2018-07-29,77.56941,125.46351548910923
2018-07-30,80.78701,130.66777587265162
2018-07-31,71.22558,115.20277980135194
2018-08-01,94.1088,152.03250463265167
2018-08-02,114.13004,184.37676216278095
2018-08-03,86.35879,139.51238503461093
2018-08-04,78.82935,127.34859565804601
2018-08-05,73.4494,118.65730139758965
2018-08-06,72.84145,117.6751598636266
2018-08-07,72.23369,116.69332527413508
2018-08-08,99.36985,160.53171627383307
2018-08-09,114.95409,185.70801264565327
2018-08-10,99.24396,160.3283413290011
2018-08-11,113.4059,183.206916007005
2018-08-12,82.39972,133.11651846192066
2018-08-13,133.22625,215.22663630091773
2018-08-14,121.52085,196.31659515995068
2018-08-15,94.2032,152.18500757007433
2018-08-16,102.13384,164.9969344306856
2018-08-17,107.09292,173.0083143768085
2018-08-18,75.59751,122.12756712753675
2018-08-19,77.08942,124.5377435827301
2018-08-20,80.20737,129.57478313502887
2018-08-21,90.0056,145.4037964458647
2018-08-22,109.65801,177.15221013690922
2018-08-23,139.02275,224.59086592772383
2018-08-24,118.41626,191.30113865049054
2018-08-25,101.01508,163.18958076256075
2018-08-26,76.51775,123.61421228785282
2018-08-27,77.15948,124.65092531785544
2018-08-28,77.83215,125.73762183179723
2018-08-29,84.43238,136.4002750379965
2018-08-30,107.82487,174.19077756586063
2018-08-31,144.91661,234.11238036371915
2018-09-01,122.41295,197.44182637012702
2018-09-02,77.26887,124.62820979607075
2018-09-03,87.25879,140.7411132927307
2018-09-04,120.67842,194.64417488722611
2018-09-05,123.37772,198.99791950265188
2018-09-06,100.84395,162.65283751741765
2018-09-07,73.49093,118.53470928393736
2018-09-08,71.35858,115.09540749061941
2018-09-09,74.10903,119.53165276809794
2018-09-10,78.54631,126.68861342720825
2018-09-11,80.49061,129.82460633491482
2018-09-12,96.491,155.63189407885298
2018-09-13,91.63036,147.79208923036518
2018-09-14,84.52692,136.33483599767524
2018-09-15,75.60759,121.94870442256112
2018-09-16,76.94736,124.10964111852266
2018-09-17,117.61546,189.70387717772198
2018-09-18,98.96766,159.62653903837597
2018-09-19,106.33754,171.51353765517814
2018-09-20,90.21809,145.51421611213922
2018-09-21,93.56062,150.9054367950567
2018-09-22,91.04799,146.85277524092885
2018-09-23,94.11118,151.79344392115192
2018-09-24,109.23692,176.18999453773034
2018-09-25,145.33553,234.4140262910941
2018-09-26,144.08331,232.39430040574294
2018-09-27,137.42186,221.64993999066198
2018-09-28,150.27378,242.37900956347073
2018-09-29,159.17572,256.7370925264031
2018-09-30,133.79314,215.79711882929132
2018-10-01,166.19762,267.7415160974413
2018-10-02,174.64864,281.35596441126074
2018-10-03,160.73657,258.94385818583027
2018-10-04,139.412,224.59034155950303
2018-10-05,134.38405,216.49040032170353
2018-10-06,106.46912,171.51992673758153
2018-10-07,100.66514,162.16981447605076
2018-10-08,111.75563,180.03640370195853
2018-10-09,98.8788,159.29205136569152
2018-10-10,76.37311,123.03577067154546
2018-10-11,84.52174,136.1630738803224
2018-10-12,83.42792,134.4009486156062
2018-10-13,74.45064,119.93870446535162
2018-10-14,72.57886,116.92329897999709
2018-10-15,95.59835,154.00730266422485
2018-10-16,126.74096,204.17751338463913
2018-10-17,139.94113,225.4427609167275
2018-10-18,145.821,234.9151306670035
2018-10-19,125.10765,201.54627898033715
2018-10-20,99.28585,159.9478019361718
2018-10-21,87.87861,141.57093389144663
2018-10-22,119.71396,192.8571368737317
2018-10-23,109.354,176.16741895172507
2018-10-24,154.41011,248.7520396030502
2018-10-25,159.70234,257.27773138934873
2018-10-26,130.69822,210.55259139112178
2018-10-27,143.55742,231.2685420996832
2018-10-28,145.94101,235.10846471924117
2018-10-29,184.94309,297.9401468465406
2018-10-30,163.44447,263.3062386545774
2018-10-31,159.14211,256.3752104653832
2018-11-01,158.72197,255.39193741043673
2018-11-02,162.94376,262.1850179615413
2018-11-03,137.53763,221.3052282084188
2018-11-04,115.82635,186.3706450321864
2018-11-05,113.49234,182.6151010716664
2018-11-06,116.53777,187.51535695903894
2018-11-07,98.67304,158.77007358072433
2018-11-08,92.61999,149.03040007023145
2018-11-09,99.93561,160.80161463591847
2018-11-10,94.20224,151.57632293754256
2018-11-11,85.03174,136.82050959914704
2018-11-12,82.622,132.943112114379
2018-11-13,92.31359,148.5373864715308
2018-11-14,112.91657,181.68865707778951
2018-11-15,88.96032,143.14179995026788
2018-11-16,93.93509,151.1464646382838
2018-11-17,97.83965,157.42910555519842
2018-11-18,101.80154,163.8039934356036
2018-11-19,101.78396,163.77570629766248
2018-11-20,109.55222,176.27524225798354
2018-11-21,94.09826,151.40901368821847
2018-11-22,101.5818,163.4504203018618
2018-11-23,99.52452,160.14014936082106
2018-11-24,96.5448,155.34562429450145
2018-11-25,98.26694,158.11663747618016
2018-11-26,103.66145,166.79668574095393
2018-11-27,96.4756,155.23427788121788
2018-11-28,110.00814,177.008841343883
2018-11-29,105.89993,170.39851694336727
2018-11-30,100.49495,161.7016219019016
2018-12-01,89.39029,143.40341955104083
2018-12-02,90.45195,145.10657628540827
2018-12-03,96.65358,155.05547508403978
2018-12-04,101.48176,162.80103136546524
2018-12-05,94.03997,150.86261911083736
2018-12-06,109.27503,175.30330166221157
2018-12-07,117.04037,187.76076555427946
2018-12-08,109.70175,175.9878626720351
2018-12-09,137.15814,220.03448355811796
2018-12-10,156.34608,250.81653169936683
2018-12-11,181.4914,291.15564318121994
2018-12-12,178.9879,287.1394300013988
2018-12-13,191.01286,306.43034385752884
2018-12-14,194.78974,312.48936332411677
2018-12-15,198.6824,318.7341216211259
2018-12-16,202.35077,324.61906507727144
2018-12-17,201.18823,322.7540726786019
2018-12-18,202.44125,324.7642166524702
2018-12-19,210.57272,337.80904069294155
2018-12-20,223.75735,358.96034278084437
2018-12-21,226.25834,362.97252931993
2018-12-22,231.89583,372.01641253906706
2018-12-23,237.0766,380.3276075682749
2018-12-24,236.48096,379.3720584496695
2018-12-25,163.13179,261.70243460986967
2018-12-26,245.98967,394.6263050744335
2018-12-27,272.15683,436.6046924802604
2018-12-28,296.6496,475.89695758284756
2018-12-29,302.17559,484.7619681159251
2018-12-30,327.27241,525.0232739899405
2018-12-31,348.04259,558.3436137795379
2019-01-01,298.8338,476.5416919851496
2019-01-02,340.27762,542.6309633631797
2019-01-03,375.54777,598.8752602183883
2019-01-04,376.46428,600.3367924350295
2019-01-05,362.82162,578.5812337278882
2019-01-06,317.84798,506.86305961126885
2019-01-07,340.14068,542.4125890718497
2019-01-08,362.03367,577.3247124568683
2019-01-09,329.27245,525.0813343306398
2019-01-10,332.12153,529.6246805110286
2019-01-11,345.04976,550.2409581830094
2019-01-12,295.09471,470.57907237824855
2019-01-13,260.11304,414.79480630705393
2019-01-14,273.91571,436.8055283730072
2019-01-15,255.00259,406.64531823105483
2019-01-16,225.28429,359.2543973749727
2019-01-17,244.98417,390.6692311290675
2019-01-18,221.1088,352.5958632015724
2019-01-19,193.13718,307.9903228565189
2019-01-20,170.90334,272.5346557501638
2019-01-21,197.23171,314.5197524393972
2019-01-22,223.38731,356.2293377637039
2019-01-23,226.32113,360.9078163922254
2019-01-24,295.33785,470.96680076435905
2019-01-25,329.24844,525.0430462721118
2019-01-26,290.75758,463.66277553177554
2019-01-27,245.85488,392.05772739899544
2019-01-28,309.34168,493.2983069141734
2019-01-29,300.56098,479.29597640532864
2019-01-30,304.48309,485.55045275824415
2019-01-31,315.5214,503.152929198515
2019-02-01,312.11126,494.8941118653874
2019-02-02,277.4725,439.969728918363
2019-02-03,282.81173,448.4357915938814
2019-02-04,298.27654,472.9573144960572
2019-02-05,311.54187,493.9912679296863
2019-02-06,317.94752,504.1482820267442
2019-02-07,275.21284,436.3867360176335
2019-02-08,267.41453,424.02147338179975
2019-02-09,277.074,439.33785391462754
2019-02-10,265.92473,421.65919639167436
2019-02-11,250.29064,396.86925742768585
2019-02-12,249.38536,395.4338150101662
2019-02-13,252.38469,400.18965354204494
2019-02-14,262.75835,416.6384777609901
2019-02-15,339.72467,538.6788635514522
2019-02-16,278.08113,440.9347931179199
2019-02-17,259.07479,410.79770112671275
2019-02-18,342.03269,542.3385376947931
2019-02-19,374.26013,593.4394505439324
2019-02-20,357.81415,567.362151487641
2019-02-21,354.03388,561.3680282244771
2019-02-22,378.91484,600.8201152832979
2019-02-23,380.61118,603.5098890444935
2019-02-24,326.49032,517.69403304785
2019-02-25,370.81256,587.97286759129
2019-02-26,300.39692,476.3194603440383
2019-02-27,342.39967,542.9204335263383
2019-02-28,318.71469,505.3647325828689
2019-03-01,325.14393,513.351749420548
2019-03-02,335.9867,530.4707986614937
2019-03-03,298.52972,471.33204675242234
2019-03-04,328.10164,518.0215139853628
2019-03-05,319.91566,505.0971233817258
2019-03-06,321.677,507.8780055907967
2019-03-07,309.96009,489.3788251007807
2019-03-08,313.12755,494.37975232774636
2019-03-09,293.66136,463.6456626861136
2019-03-10,274.45806,433.3266355105252
2019-03-11,282.3033,445.7130505932981
2019-03-12,279.68812,441.5840876812437
2019-03-13,261.10218,412.23977602939965
2019-03-14,242.57672,382.99095290106885
2019-03-15,237.055,374.2730149041626
2019-03-16,263.32012,415.7415586987234
2019-03-17,218.86148,345.5482734639096
2019-03-18,276.8685,437.13234577204923
2019-03-19,286.62043,452.52912813156223
2019-03-20,269.121,424.90024696388235
2019-03-21,267.26337,421.967337804926
2019-03-22,256.22475,404.5390718422532
2019-03-23,208.72843,329.54976183717895
2019-03-24,188.54096,297.6768831373526
2019-03-25,217.18369,342.89930372407684
2019-03-26,255.46455,403.33883415087297
2019-03-27,252.13367,398.07989213368717
2019-03-28,231.37013,365.29748840508756
2019-03-29,227.91939,359.8493060699738
2019-03-30,214.50429,338.668947409575
2019-03-31,207.08848,326.9605355783273
2019-04-01,239.3343,375.991695373867
2019-04-02,255.42493,401.26990770420826
2019-04-03,236.69624,371.8473305590536
2019-04-04,232.43347,365.1505632369905
2019-04-05,244.67706,384.3851157502012
2019-04-06,217.74113,342.0690499494705
2019-04-07,221.19558,347.4959549609305
2019-04-08,218.15888,342.72533085338796
2019-04-09,210.1127,330.0848657822163
2019-04-10,251.6195,395.29161676418596
2019-04-11,268.91261,422.45891266446756
2019-04-12,242.90383,381.59938986808646
2019-04-13,220.98853,347.17068156498533
2019-04-14,200.09965,314.3544684034733
2019-04-15,223.59156,351.260014614235
2019-04-16,216.41553,339.98654614041516
2019-04-17,164.69895,258.74033699639267
2019-04-18,169.81579,266.7788394030967
2019-04-19,161.81869,254.21547850131893
2019-04-20,127.15308,199.75616583669344
2019-04-21,107.2867,168.5462895375525
2019-04-22,179.69267,282.295315128491
2019-04-23,194.19301,305.07519841349233
2019-04-24,143.7492,225.82849769814473
2019-04-25,158.1009,248.3748690895296
2019-04-26,113.92599,178.97654505537324
2019-04-27,135.17802,212.3632630888364
2019-04-28,124.70565,195.91127876865153
2019-04-29,158.97539,249.74868378173
2019-04-30,154.5164,242.74365688105124
2019-05-01,136.49427,213.76838260644217
2019-05-02,190.08554,297.69951839496395
2019-05-03,209.56999,328.2147873690834
2019-05-04,219.92572,344.433253190462
2019-05-05,213.67096,334.6374578886411
2019-05-06,269.20479,421.61090387315835
2019-05-07,276.94739,433.7368567001059
2019-05-08,281.66728,441.12883917219295
2019-05-09,295.02863,462.05451011016413
2019-05-10,251.87825,394.4752121553608
2019-05-11,216.33552,338.81051717939243
2019-05-12,186.44342,291.9954686816787
2019-05-13,166.16518,260.2370178184647
2019-05-14,160.32191,251.08567119393064
2019-05-15,151.2778,236.9213786795654
2019-05-16,167.52006,262.35894210309453
2019-05-17,134.11855,210.04768559897238
2019-05-18,134.81096,211.1320927744569
2019-05-19,139.78896,218.9283102172468
2019-05-20,152.23251,238.41658292922506
2019-05-21,162.10025,253.87079078557605
2019-05-22,144.17388,225.79568462247744
2019-05-23,131.77823,206.38242975210417
2019-05-24,121.27213,189.92846428892727
2019-05-25,119.62654,187.35124904953784
2019-05-26,112.73931,176.56492067297987
2019-05-27,139.06259,217.79071711481222
2019-05-28,137.90439,215.97682015976218
2019-05-29,128.49298,201.2372864507933
2019-05-30,141.19271,221.12677149392746
2019-05-31,139.12946,217.89544452750795
2019-06-01,131.70707,205.7155332971072
2019-06-02,102.99994,160.8773742113468
2019-06-03,108.26215,169.09651033267554
2019-06-04,129.17398,201.75905654730505
2019-06-05,157.70276,246.3186477068066
2019-06-06,146.58253,228.9497695984674
2019-06-07,124.50004,194.45874943623895
2019-06-08,112.4939,175.70615329284487
2019-06-09,103.48291,161.6317333442051
2019-06-10,119.34926,186.41365774453192
2019-06-11,124.86693,195.03180122466134
2019-06-12,128.93981,201.393302404933
2019-06-13,90.16754,140.83422839175034
2019-06-14,85.74651,133.92894575071588
2019-06-15,86.22553,134.67713531077504
2019-06-16,81.97585,128.03948717584916
2019-06-17,98.65123,154.08504941963696
2019-06-18,130.94504,204.52530556037
2019-06-19,141.68317,221.29737512021717
2019-06-20,122.17117,190.821247409737
2019-06-21,129.48622,202.2467495626966
2019-06-22,98.66886,154.11258601924416
2019-06-23,96.47271,150.6823816387926
2019-06-24,92.51218,144.4963618519338
2019-06-25,107.0813,167.252120449172
2019-06-26,115.123,179.81258970959476
2019-06-27,128.34734,200.4679133425802
2019-06-28,128.70606,201.02820426777
2019-06-29,128.24216,200.30363089523559
2019-06-30,117.90593,184.15929584373407
2019-07-01,123.59035,192.61416458024362
2019-07-02,137.3422,214.04626748457895
2019-07-03,154.16685,240.26729448308652
2019-07-04,146.21328,227.87174546991122
2019-07-05,129.85344,202.37511960659378
2019-07-06,116.12238,180.9754176824452
2019-07-07,107.8244,168.04310957421853
2019-07-08,111.40904,173.62973052739915
2019-07-09,106.38691,165.80279764499062
2019-07-10,126.40759,197.00480130084554
2019-07-11,119.5838,186.3700016573376
2019-07-12,133.71071,208.38663133554704
2019-07-13,125.18514,195.09962678284217
2019-07-14,120.77995,188.2341879223871
2019-07-15,134.43595,209.51690968430302
2019-07-16,133.77564,208.4878240071933
2019-07-17,122.52347,190.9514441501504
2019-07-18,135.95727,211.88786972171062
2019-07-19,119.20726,185.78316832017947
2019-07-20,113.75523,177.2862411432888
2019-07-21,124.87521,194.61660437835545
2019-07-22,133.8682,208.6320777217717
2019-07-23,122.00638,190.14556522543825
2019-07-24,122.35186,190.68399190340446
2019-07-25,128.70847,200.59069679349034
2019-07-26,121.70219,189.67148854612094
2019-07-27,115.18007,179.50683819039253
2019-07-28,106.97869,166.7250800911144
2019-07-29,117.30054,182.81156673568324
2019-07-30,134.95149,210.3203729515217
2019-07-31,131.16194,204.41440207770296
2019-08-01,139.03458,216.48899468782852
2019-08-02,139.79159,217.6677254314222
2019-08-03,132.18059,205.81673312023554
2019-08-04,123.6919,192.5991007562825
2019-08-05,133.60886,208.04067436163595
2019-08-06,155.99234,242.89370936066368
2019-08-07,152.95234,238.16016362081245
2019-08-08,115.67185,180.1111818382254
2019-08-09,155.86228,242.69119457154358
2019-08-10,141.04746,219.62322480257578
2019-08-11,134.60089,209.5853517893677
2019-08-12,160.42184,249.79082806285803
2019-08-13,200.03649,311.4743010046987
2019-08-14,219.78517,342.2247220842001
2019-08-15,165.61049,257.8700096757129
2019-08-16,146.74294,228.49158502968356
2019-08-17,137.5651,214.20088587407966
2019-08-18,125.667,195.67450410851276
2019-08-19,126.90774,197.6064447470861
2019-08-20,114.06625,177.61112228562504
2019-08-21,120.33407,187.37066592350467
2019-08-22,119.8183,186.56756694776684
2019-08-23,133.48592,207.84924603490657
2019-08-24,106.17863,165.32940845386025
2019-08-25,119.64923,186.30431017861005
2019-08-26,169.49395,263.9168963661348
2019-08-27,201.49487,313.74512614814745
2019-08-28,189.59098,295.209728846451
2019-08-29,203.41646,316.73720975283186
2019-08-30,196.29994,305.65616602632997
2019-08-31,195.18846,303.92549450694514
2019-09-01,179.1381,278.2935317113446
2019-09-02,205.57047,319.3565864093736
2019-09-03,204.88294,318.28849898488096
2019-09-04,220.80462,343.02305047324603
2019-09-05,206.59453,320.94747787291107
2019-09-06,182.58541,283.64897577826184
2019-09-07,189.01356,293.63519627446163
2019-09-08,182.69976,283.82662009486
2019-09-09,220.32867,342.28365552366233
2019-09-10,272.7694,423.7510594830717
2019-09-11,240.32453,373.3475023491317
2019-09-12,262.85222,408.34458231926834
2019-09-13,305.14934,474.0537469582734
2019-09-14,271.49314,421.76837180924946
2019-09-15,295.9886,459.8224098630972
2019-09-16,340.79847,529.4351666012017
2019-09-17,361.06615,560.9212895800397
2019-09-18,361.09824,560.9711418416892
2019-09-19,358.25931,556.5608245726031
2019-09-20,344.20696,534.7303032577967
2019-09-21,295.91238,459.7040010322173
2019-09-22,299.53305,465.3287622720726
2019-09-23,355.49725,552.269925918444
2019-09-24,377.81054,586.933932504421
2019-09-25,374.90215,582.415708158545
2019-09-26,316.80482,492.16069736687405
2019-09-27,326.11457,506.623523571069
2019-09-28,335.71219,521.533559827027
2019-09-29,338.38364,525.683694585017
2019-09-30,419.18088,651.2033315138954
2019-10-01,409.13164,634.5765413036564
2019-10-02,418.10007,648.4868692614843
2019-10-03,405.63751,629.1570315090453
2019-10-04,372.35697,577.5378265853733
2019-10-05,391.48286,607.202706880513
2019-10-06,373.12874,578.7348670716136
2019-10-07,359.80345,558.0669069009747
2019-10-08,406.25807,630.1195403447623
2019-10-09,422.50693,655.3220531079584
2019-10-10,392.98154,609.5272085272713
2019-10-11,415.35176,644.2241506552425
2019-10-12,378.27212,586.7124175025957
2019-10-13,350.49877,543.6350442067638
2019-10-14,414.32337,642.6290841643906
2019-10-15,398.83207,618.6015717131479
2019-10-16,414.27312,642.5511447725594
2019-10-17,376.7992,584.4278704575005
2019-10-18,400.2888,620.8610075392631
2019-10-19,331.335,513.9114107939611
2019-10-20,291.25394,451.7443771551442
2019-10-21,333.81339,517.7554746610372
2019-10-22,282.58398,438.2969859193037
2019-10-23,239.21454,371.02956745839845
2019-10-24,259.26761,402.13253422752956
2019-10-25,225.996,350.5271800256298
2019-10-26,184.9307,286.8335579884853
2019-10-27,170.62149,264.63950574997426
2019-10-28,172.15494,267.0179368027819
2019-10-29,191.02019,296.2785559419636
2019-10-30,186.86562,289.83468212862584
2019-10-31,181.37232,281.3143943446173
2019-11-01,199.65715,309.36536975662045
2019-11-02,181.43738,281.13414496486826
2019-11-03,191.54637,296.79785362351623
2019-11-04,205.0241,317.681367812364
2019-11-05,205.13977,317.86059651676925
2019-11-06,259.24917,401.7021946679443
2019-11-07,265.63735,411.60057129894324
2019-11-08,279.05868,432.39669464376516
2019-11-09,268.16663,415.51964778790455
2019-11-10,292.77104,453.6437640406583
2019-11-11,295.65943,458.1192753877416
2019-11-12,308.83246,478.5306620912234
2019-11-13,250.90318,388.7702246266257
2019-11-14,262.43562,406.6395449329409
2019-11-15,191.76492,297.136493144116
2019-11-16,163.23569,252.93093482666197
2019-11-17,173.79535,269.29294901149933
2019-11-18,200.61494,310.84944912717737
2019-11-19,237.20893,367.55121636776994
2019-11-20,238.17605,369.04975241518434
2019-11-21,232.29949,359.94412230227846
2019-11-22,260.81717,404.1317840905038
2019-11-23,242.80925,376.2288172829157
2019-11-24,206.9537,320.6712503058403
2019-11-25,238.69147,369.84838696886777
2019-11-26,212.32914,329.0004034726792
2019-11-27,246.44503,381.8623967668146
2019-11-28,259.89791,402.7074063018673
2019-11-29,272.78164,422.6705275589545
2019-11-30,252.97912,391.9868584696539
2019-12-01,220.32606,340.50613555020334
2019-12-02,278.77782,430.8412639217993
2019-12-03,277.21442,428.4250844997228
2019-12-04,274.88821,424.8300091937048
2019-12-05,232.76691,359.7330293477856
2019-12-06,262.05225,404.9924868612264
2019-12-07,262.93581,406.3579976007491
2019-12-08,268.22012,414.5247118657312
2019-12-09,307.57456,475.345607410917
2019-12-10,336.85294,520.5943084904459
2019-12-11,361.91967,559.3340534084114
2019-12-12,361.49199,558.6730890901091
2019-12-13,384.5248,594.2694825624114
2019-12-14,375.5554,580.407591998018
2019-12-15,351.10219,542.616020547516
2019-12-16,362.55068,560.309257052472
2019-12-17,317.08094,490.03738157903734
2019-12-18,320.75431,495.71444503283874
2019-12-19,372.54518,575.7554034218871
2019-12-20,324.45099,501.4275332674567
2019-12-21,340.00515,525.4659375911647
2019-12-22,340.0474,525.5312334723101
2019-12-23,359.00032,554.822301204344
2019-12-24,318.05098,491.53654410084306
2019-12-25,279.71801,432.2942943240265
2019-12-26,338.42053,523.0169634093744
2019-12-27,339.44772,524.6044492354988
2019-12-28,283.49134,438.12584242349163
2019-12-29,249.72331,385.9385460117856
2019-12-30,332.15127,513.3280437447671
2019-12-31,276.17383,426.81688944738903
2020-01-01,140.71363,216.55839884559174
2020-01-02,271.13282,417.2736455856482
2020-01-03,238.53701,367.108665670944
2020-01-04,217.1902,334.25590653125676
2020-01-05,231.53023,356.3252251622788
2020-01-06,210.30746,323.66336369037833
2020-01-07,269.18756,414.27988875528024
2020-01-08,270.93452,416.968461713332
2020-01-09,299.40185,460.7797073205207
2020-01-10,312.6139,481.1130637513646
2020-01-11,297.51477,457.8754895607092
2020-01-12,315.27934,485.2151782275458
2020-01-13,361.83123,556.858577389632
2020-01-14,322.57314,496.440342765622
2020-01-15,353.29764,543.7253749642184
2020-01-16,364.84458,561.4961256581357
2020-01-17,361.55432,556.4324126590062
2020-01-18,359.63141,553.4730524980596
2020-01-19,325.5628,501.04143210353976
2020-01-20,426.06904,655.7206228002104
2020-01-21,424.0227,652.5713037620072
2020-01-22,381.70124,587.4385400460278
2020-01-23,374.17534,575.8561734062642
2020-01-24,393.8133,606.0790109110161
2020-01-25,388.25754,597.5286914432404
2020-01-26,370.58786,570.3350385688601
2020-01-27,378.54259,582.5773749512632
2020-01-28,366.40882,563.9034923774096
2020-01-29,377.1913,580.4977384670359
2020-01-30,372.9449,573.9625251770517
2020-01-31,376.51767,579.4610213116732
2020-02-01,405.23673,619.5089792454302
2020-02-02,375.95822,574.7492166150113
2020-02-03,411.62877,629.2808628940222
2020-02-04,412.42443,630.4972346538734
2020-02-05,405.65533,620.1489174334422
2020-02-06,395.26705,604.2677490632509
2020-02-07,390.49651,596.9747468572331
2020-02-08,389.37588,595.2615745408642
2020-02-09,368.29618,563.0358100357566
2020-02-10,367.1416,561.2707363780523
2020-02-11,407.03448,622.2573043230667
2020-02-12,386.48875,590.8478508410188
2020-02-13,400.23978,611.8698508923796
2020-02-14,441.85988,675.4969205982593
2020-02-15,475.07419,726.2735698038762
2020-02-16,476.3302,728.1937054071371
2020-02-17,506.84578,774.8446489602604
2020-02-18,505.03673,772.0790489148155
2020-02-19,546.83339,835.9760361708037
2020-02-20,572.60897,875.3806657937376
2020-02-21,607.73629,929.0818447486355
2020-02-22,581.44858,888.8942921820162
2020-02-23,481.29771,735.7878271183934
2020-02-24,500.72311,765.4845669115365
2020-02-25,453.6116,693.462459066547
2020-02-26,398.44428,609.1249655207225
2020-02-27,314.33737,480.54583607806995
2020-02-28,336.69247,514.7213788081909
2020-02-29,284.365,434.7253292738956
2020-03-01,328.72642,499.6949467980398
2020-03-02,407.22768,619.0242143977632
2020-03-03,473.68875,720.05126551763
2020-03-04,461.84399,702.0461209416767
2020-03-05,453.84468,689.8864205291846
2020-03-06,416.60421,633.2774182001841
2020-03-07,362.93647,551.697426898995
2020-03-08,360.67149,548.2544451617845
2020-03-09,353.79762,537.8055189575972
2020-03-10,356.17442,541.4184775678287
2020-03-11,349.73169,531.6249245440587
2020-03-12,340.78029,518.0179581591602
2020-03-13,315.21437,479.15536526430583
2020-03-14,301.4939,458.29896581002987
2020-03-15,282.82477,429.9201396660415
2020-03-16,321.72203,489.0476179693964
2020-03-17,344.65696,523.9108596466756
2020-03-18,364.47793,554.0405904715832
2020-03-19,373.78053,568.181413749747
2020-03-20,371.49474,564.7067988634792
2020-03-21,347.90308,528.845266077105
2020-03-22,350.33915,532.5483206385434
2020-03-23,351.83487,534.8219551271396
2020-03-24,362.3562,550.815362151116
2020-03-25,342.82856,521.1315203993904
2020-03-26,325.08979,494.1669285925844
2020-03-27,274.59482,417.4098448518902
2020-03-28,237.5586,361.11132165287114
2020-03-29,245.98471,373.91979803929735
2020-03-30,233.5655,355.041435660564
2020-03-31,206.98969,314.6437153797761
2020-04-01,207.96006,315.61376060726593
2020-04-02,188.85089,286.61243695991004
2020-04-03,170.37889,258.5781240926344
2020-04-04,207.56844,315.01941253423206
2020-04-05,256.64599,389.50270570548383
2020-04-06,269.70757,409.3258120426942
2020-04-07,257.67964,391.0714404118102
2020-04-08,262.96694,399.09579199383415
2020-04-09,234.03821,355.1916631678844
2020-04-10,224.07998,340.07840334630095
2020-04-11,246.81713,374.5857862398791
2020-04-12,261.40618,396.72708074704286
2020-04-13,243.32184,369.28110599833195
2020-04-14,240.68717,365.2825588414445
2020-04-15,243.65282,369.78342284939356
2020-04-16,252.17611,382.71892406845603
2020-04-17,263.33514,399.6545963462449
2020-04-18,269.30769,408.7189280545302
2020-04-19,224.3311,340.45951944890106
2020-04-20,263.11503,399.3205430436671
2020-04-21,266.48155,404.4297935283976
2020-04-22,263.67896,400.17640001937326
2020-04-23,237.30864,360.1550811968214
2020-04-24,238.0146,361.2264921708244
2020-04-25,206.67884,313.66929751004795
2020-04-26,245.59874,372.73667805157464
2020-04-27,335.03245,508.46711368503065
2020-04-28,370.60509,562.454473974927
2020-04-29,355.76105,539.9261900005682
2020-04-30,343.92051,521.9562136646277
2020-05-01,288.18606,438.77405608848153
2020-05-02,317.04964,482.7199362946038
2020-05-03,297.74206,453.3234235352675
2020-05-04,313.20411,476.86497302570064
2020-05-05,291.09048,443.1961441797116
2020-05-06,280.91051,427.6967590680269
2020-05-07,301.54948,459.1203629036479
2020-05-08,331.42631,504.6089541358748
2020-05-09,257.74653,392.4287330581899
2020-05-10,310.51731,472.7742195246516
2020-05-11,338.37304,515.1856104066588
2020-05-12,335.18689,510.33457785218235
2020-05-13,335.75467,511.19904414026684
2020-05-14,406.12923,618.3469441346047
2020-05-15,446.20088,679.3575301589876
2020-05-16,461.76513,703.0546829722609
2020-05-17,458.29161,697.766118843571
2020-05-18,461.65432,702.8859706023594
2020-05-19,400.69611,610.0748157061322
2020-05-20,379.64267,578.0201657920611
2020-05-21,371.69182,565.9146992616845
2020-05-22,285.35424,434.4625042128895
2020-05-23,316.88138,482.4637541507574
2020-05-24,346.13353,527.0012467165278
2020-05-25,477.19003,726.5396701980802
2020-05-26,473.93333,721.5812226296471
2020-05-27,456.93116,695.694782830283
2020-05-28,453.30296,690.1707126157132
2020-05-29,420.65918,640.4693365093879
2020-05-30,408.16506,621.446571460807
2020-05-31,324.31025,493.77448660622053
2020-06-01,373.77576,571.2584904836867
2020-06-02,389.89946,595.9010743767991
2020-06-03,355.86369,543.8826593981232
2020-06-04,352.1485,538.204565582569
2020-06-05,369.3386,564.4769770874339
2020-06-06,379.07235,579.3535098292724
2020-06-07,367.6795,561.941299114198
2020-06-08,412.4534,630.3712864602676
2020-06-09,421.10651,643.5962279508269
2020-06-10,416.75261,636.9419645986048
2020-06-11,402.41163,615.0239927460248
2020-06-12,391.49374,598.3376849965149
2020-06-13,359.63459,549.6458973399441
2020-06-14,307.96593,470.67833476468553
2020-06-15,284.29373,434.4990350732664
2020-06-16,287.08885,438.77094407004233
2020-06-17,314.98569,481.4069531779228
2020-06-18,265.29321,405.4596763582842
2020-06-19,255.19749,390.02992840580606
2020-06-20,239.95647,366.73638449425954
2020-06-21,235.31161,359.6374337433921
2020-06-22,222.73025,340.4087691509321
2020-06-23,236.40479,361.30819044689514
2020-06-24,229.37514,350.5644566969359
2020-06-25,254.84338,389.4887259905794
2020-06-26,254.31659,388.6836088791811
2020-06-27,244.27258,373.33289167108006
2020-06-28,216.60908,331.0535066957262
2020-06-29,228.25284,348.849194573277
2020-06-30,229.50775,350.76713059002907
2020-07-01,242.5879,370.7581186206606
2020-07-02,211.33548,322.99362401255064
2020-07-03,203.04786,310.32727750869384
2020-07-04,179.63866,274.54993267651236
2020-07-05,166.7949,254.92023023209822
2020-07-06,150.71974,230.3518322282155
2020-07-07,154.05662,235.45173766811138
2020-07-08,154.50977,236.14430741892315
2020-07-09,145.38234,222.19444110390174
2020-07-10,155.21158,237.21691555489843
2020-07-11,135.38351,206.9127745442431
2020-07-12,121.01052,184.9458803530919
2020-07-13,148.45714,226.89379776239466
2020-07-14,141.70155,216.56892237259757
2020-07-15,151.58858,231.67971990844347
2020-07-16,150.2368,229.61373306578133
2020-07-17,145.36026,222.1606952358715
2020-07-18,134.6298,205.7608452782509
2020-07-19,130.68561,199.73276034952025
2020-07-20,155.88064,238.23947037665312
2020-07-21,163.55242,249.96460060479563
2020-07-22,168.01308,256.78203011964956
2020-07-23,173.75096,265.5514930387445
2020-07-24,177.6275,271.47618539626825
2020-07-25,182.90368,279.54001121076254
2020-07-26,178.31954,272.53386159697834
2020-07-27,160.7566,245.691621766189
2020-07-28,152.7636,233.47555640540662
2020-07-29,144.74527,221.22077805380871
2020-07-30,136.75293,209.0057214010381
2020-07-31,119.51298,182.65712187437475
2020-08-01,131.94258,201.6739822983989
2020-08-02,131.52645,201.03792838575123
2020-08-03,149.73165,228.86454192126652
2020-08-04,154.55784,236.24136414672788
2020-08-05,144.41124,220.7323053668485
2020-08-06,161.65263,247.0857371525525
2020-08-07,173.7483,265.5739457162116
2020-08-08,192.00299,293.4762046224931
2020-08-09,201.27658,307.65086927966905
2020-08-10,201.51763,308.0193137456862
2020-08-11,203.92213,311.6945874172826
2020-08-12,189.05353,288.96796062855395
2020-08-13,184.19356,281.53950573741304
2020-08-14,171.78673,262.5756897062331
2020-08-15,155.45257,237.6089572480743
2020-08-16,150.10932,229.44180979714585
2020-08-17,172.32167,263.3933444776549
2020-08-18,168.04558,256.85734905474925
2020-08-19,151.80176,232.02870111457426
2020-08-20,152.49778,233.09256635928398
2020-08-21,146.42143,223.80487695424975
2020-08-22,150.32025,229.76421590051444
2020-08-23,150.20099,229.58192721759715
2020-08-24,147.88139,226.0364230343429
2020-08-25,146.80971,224.3983621949266
2020-08-26,139.69538,213.52412233630804
2020-08-27,150.07535,229.38988671682804
2020-08-28,155.41606,237.55315178259286
2020-08-29,157.28066,240.4031893322118
2020-08-30,151.30178,231.26448263658517
2020-08-31,140.01484,214.01241633802488
2020-09-01,165.17307,251.66145504937734
2020-09-02,172.75922,263.21988613758583
2020-09-03,172.02199,262.0966257022978
2020-09-04,166.14587,253.14363530716412
2020-09-05,168.89786,257.33663001072773
2020-09-06,162.58005,247.71067066199424
2020-09-07,165.71098,252.48102698859003
2020-09-08,165.10832,251.562800473214
2020-09-09,147.4053,224.59007560972248
2020-09-10,148.94095,226.92982695930127
2020-09-11,150.22424,228.88507685960474
2020-09-12,155.34685,236.6900022403008
2020-09-13,142.24898,216.7337889045095
2020-09-14,143.49711,218.6354682272392
2020-09-15,162.43068,247.4830871246735
2020-09-16,159.94297,243.69275545413612
2020-09-17,142.44064,217.02580644995302
2020-09-18,163.3184,248.83563755481586
2020-09-19,161.78948,246.50614018666684
2020-09-20,139.80698,213.0131020320637
2020-09-21,156.8377,238.96149528853422
2020-09-22,170.73961,260.1427622987405
2020-09-23,149.02062,227.05121398760915
2020-09-24,146.02885,222.49288500956766
2020-09-25,137.18848,209.02349573579036
2020-09-26,150.9992,230.0658235830571
2020-09-27,124.19719,189.22967011779812
2020-09-28,128.08849,195.15854351122505
2020-09-29,125.0986,190.60307894404357
2020-09-30,144.18032,219.6764225589852
2020-10-01,158.81376,242.11752144375544
2020-10-02,151.60248,231.12365516896335
2020-10-03,144.04052,219.59516410838506
2020-10-04,115.15321,175.55537877506504
2020-10-05,150.4916,229.43007702925152
2020-10-06,143.6611,219.01672411687434
2020-10-07,160.97182,245.40756468891828
2020-10-08,172.40361,262.835756430399
2020-10-09,168.21209,256.44562730379226
2020-10-10,185.30294,282.50126783120635
2020-10-11,163.2974,248.9529984442753
2020-10-12,193.88189,295.58019821223826
2020-10-13,210.52778,320.9574805650104
2020-10-14,194.67799,296.79388245988383
2020-10-15,192.43224,293.37015252752593
2020-10-16,188.72562,287.7192716004963
2020-10-17,209.09475,318.7727726923768
2020-10-18,194.65124,296.753101083644
2020-10-19,191.87537,292.5211833691458
2020-10-20,212.9286,324.61762051656495
2020-10-21,263.57737,401.83356614101734
2020-10-22,299.11252,456.0082323798374
2020-10-23,324.89959,495.3215857926438
2020-10-24,278.77305,424.9999490681167
2020-10-25,208.22049,317.4399305992394
2020-10-26,252.23056,384.53492959029774
2020-10-27,274.07505,417.8376722242036
2020-10-28,245.47201,374.2312671459749
2020-10-29,229.58011,350.00347076969103
2020-10-30,209.8049,319.85542294795465
2020-10-31,191.77292,292.3649945094908
2020-11-01,142.91386,218.20479094022352
2020-11-02,196.19917,299.56225989904254
2020-11-03,225.49079,344.2855066044388
2020-11-04,206.33503,315.03796821942075
2020-11-05,205.37189,313.5674197201628
2020-11-06,242.52588,370.29514802128875
2020-11-07,210.22816,320.9821056022688
2020-11-08,209.00495,319.1144751126439
2020-11-09,215.02856,328.31148764001836
2020-11-10,219.52467,335.1762713817369
2020-11-11,221.37787,338.00578783710677
2020-11-12,187.35686,286.06157910448104
2020-11-13,192.95648,294.61123210136105
2020-11-14,151.1439,230.77064114978108
2020-11-15,119.42209,182.336913873116
2020-11-16,117.25923,179.03460005881576
2020-11-17,143.03743,218.39346099655316
2020-11-18,164.12674,250.5931964149623
2020-11-19,154.16751,235.38717161040097
2020-11-20,158.29708,241.6923120532035
2020-11-21,163.05219,248.95254408001858
2020-11-22,137.41885,209.8148593530112
2020-11-23,222.38864,339.5490591233113
2020-11-24,290.06811,442.8839253307955
2020-11-25,191.8373,292.9024374615376
2020-11-26,210.0632,320.73024016169154
2020-11-27,182.98063,279.3798314261499
2020-11-28,157.14742,239.93697971558186
2020-11-29,145.93287,222.81429799500776
2020-11-30,138.98625,212.20800855015494
2020-12-01,133.39079,202.89374883467337
2020-12-02,122.34862,186.09808200812736
2020-12-03,118.26836,179.89181208784152
2020-12-04,117.11594,178.13892634488988
2020-12-05,114.53032,174.20607509734944
2020-12-06,123.04494,187.15721791390135
2020-12-07,137.98605,209.88335829924003
2020-12-08,124.40358,189.22377410505027
2020-12-09,136.336,207.3735536098409
2020-12-10,134.9161,205.21381803911407
2020-12-11,148.90001,226.48401160545157
2020-12-12,149.58056,227.51916058964633
2020-12-13,165.10446,251.13175234005567
2020-12-14,174.25119,265.04436459221023
2020-12-15,193.13518,293.76781337046907
2020-12-16,202.48889,307.9952520670415
2020-12-17,191.76054,291.6769204167794
2020-12-18,206.2552,313.72398907484785
2020-12-19,211.53092,321.74861062931996
2020-12-20,209.41381,318.5283854204028
2020-12-21,227.40571,345.8949227927248
2020-12-22,205.10111,311.968563182306
2020-12-23,207.6203,315.80037123387257
2020-12-24,210.95694,320.87555969412324
2020-12-25,184.03526,279.92640135922284
2020-12-26,170.74977,259.71853789874285
2020-12-27,136.57933,207.74367013665614
2020-12-28,175.99493,267.6966762367621
2020-12-29,175.73516,267.3015536864362
2020-12-30,174.45565,265.35535799652797
2020-12-31,147.53961,224.41477837042322
2021-01-01,153.96626,233.23376326652266
2021-01-02,134.11202,203.15782901965113
2021-01-03,139.73071,211.6692276424921
2021-01-04,155.90973,236.17780322628778
2021-01-05,173.49229,262.8125129130687
2021-01-06,183.62754,278.16576302869163
2021-01-07,176.20228,266.9177056099274
2021-01-08,174.53938,264.3986834232749
2021-01-09,157.84168,239.1043922656186
2021-01-10,155.46267,235.50058026714123
2021-01-11,159.07001,240.96511180529677
2021-01-12,138.58945,209.9404049467564
2021-01-13,135.23011,204.8515529457286
2021-01-14,139.23448,210.9175201557626
2021-01-15,151.60882,229.66262629875433
2021-01-16,144.98601,219.63014970486185
2021-01-17,159.15007,241.08638964296793
2021-01-18,177.35844,268.6690993746277
2021-01-19,180.29758,273.12141693411877
2021-01-20,193.77359,293.5353733822217
2021-01-21,201.11306,304.6534729482028
2021-01-22,211.04742,319.7024074903838
2021-01-23,234.16105,354.7157857957995
2021-01-24,218.99657,331.744072782962
2021-01-25,247.69372,375.21557289944144
2021-01-26,241.42473,365.71907587743027
2021-01-27,234.93628,355.8901327617978
2021-01-28,234.03375,354.5229470656529
2021-01-29,221.96665,336.2432593943835
2021-01-30,222.24712,336.66812568381187
2021-01-31,216.45224,327.8898279575574
2021-02-01,239.43384,360.3965655614136
2021-02-02,283.77306,427.136098317819
2021-02-03,291.84434,439.2850142425042
2021-02-04,257.87427,388.1531585287054
2021-02-05,251.02267,377.84010875846155
2021-02-06,262.76712,395.51789166670767
2021-02-07,259.40352,390.45499041631484
2021-02-08,278.88189,419.7738939210762
2021-02-09,290.94638,437.9334020392687
2021-02-10,296.59227,446.4316133428068
2021-02-11,293.20377,441.33123253445973
2021-02-12,293.40261,441.6305271249663
2021-02-13,280.95206,422.8899202861392
2021-02-14,254.95428,383.75798043911834
2021-02-15,290.19989,436.80978295423904
2021-02-16,297.10716,447.20662738276843
2021-02-17,306.7023,461.64926215018863
2021-02-18,273.02777,410.9622541696342
2021-02-19,272.24894,409.78995681535804
2021-02-20,267.47811,402.6088885633626
2021-02-21,260.78529,392.53483494620997
2021-02-22,278.29256,418.8868325600659
2021-02-23,268.88925,404.73294090920615
2021-02-24,248.02505,373.32808174983904
2021-02-25,252.29073,379.7487966403658
2021-02-26,283.17669,426.23844032676874
2021-02-27,256.55989,386.17474963778744
2021-02-28,232.24016,349.56861590422295
2021-03-01,223.71219,335.0237731872316
2021-03-02,219.73216,329.0634155151782
2021-03-03,203.6021,304.9075858174919
2021-03-04,182.01276,272.5761239180664
2021-03-05,203.2023,304.3088589241552
2021-03-06,182.88426,273.8812527013155
2021-03-07,174.83037,261.8200207378944
2021-03-08,203.04137,304.067855625144
2021-03-09,185.67399,278.05905754410753
2021-03-10,177.9377,266.47345254747927
2021-03-11,171.40998,256.6977609112311
2021-03-12,177.8685,266.36982097914785
2021-03-13,180.17674,269.82656276072754
2021-03-14,155.27415,232.53329025763048
2021-03-15,187.75,281.1680195697102
2021-03-16,187.6898,281.07786609552596
2021-03-17,174.22118,260.9077184963942
2021-03-18,175.51016,262.83805114014905
2021-03-19,154.656,231.60756982462374
2021-03-20,132.29878,198.12615693256345
2021-03-21,123.63943,185.1582086488832
2021-03-22,127.93285,191.58788853480056
2021-03-23,137.01994,205.19640570631435
2021-03-24,128.75902,192.82513265052842
2021-03-25,140.09979,209.8086844017699
2021-03-26,138.92362,208.04729218031952
2021-03-27,146.81431,219.8641213698722
2021-03-28,148.26249,222.03286652342996
2021-03-29,159.42649,238.7516935299612
2021-03-30,161.50202,241.85993672387607
2021-03-31,156.19033,233.90533029049
2021-04-01,150.72736,224.400168415193
2021-04-02,150.68249,224.33336677044323
2021-04-03,153.53604,228.58168041821878
2021-04-04,158.72931,236.3133268998235
2021-04-05,179.07976,266.61070892339876
2021-04-06,164.47749,244.87111335664753
2021-04-07,155.80241,231.95581109821703
2021-04-08,153.17119,228.03849833471193
2021-04-09,164.43766,244.8118151727745
2021-04-10,141.95363,211.33799782035587
2021-04-11,136.11356,202.6434071929043
2021-04-12,144.25945,214.77086094709753
2021-04-13,156.83493,233.49300820624077
2021-04-14,151.58956,225.68379618660478
2021-04-15,148.1545,220.5697409645383
2021-04-16,162.03271,241.23136909430463
2021-04-17,170.23353,253.44060163936268
2021-04-18,161.56441,240.53417252117526
2021-04-19,177.24672,263.881712112788
2021-04-20,176.15294,262.2533122243459
2021-04-21,189.01236,281.3981842218499
2021-04-22,180.29947,268.4265911190247
2021-04-23,174.07251,259.1560056545498
2021-04-24,180.2531,268.35755630139494
2021-04-25,182.94351,272.362990066744
2021-04-26,191.01881,284.38535070520544
2021-04-27,182.75621,272.08414121313064
2021-04-28,177.82324,264.7400246652982
2021-04-29,170.04479,253.15960893978456
2021-04-30,146.43595,218.01119479594666
2021-05-01,138.6294,204.34552800616052
2021-05-02,123.5132,182.06361760009426
2021-05-03,129.40322,190.7457531850917
2021-05-04,112.45128,165.75788531558672
2021-05-05,138.81388,204.61745923436015
2021-05-06,104.64843,154.25615838606913
2021-05-07,108.09714,159.33970102486091
2021-05-08,111.20486,163.9206101559349
2021-05-09,105.34561,155.2838308366123
2021-05-10,102.30343,150.79953040402168
2021-05-11,98.62466,145.37686971254337
2021-05-12,97.13558,143.18190357373433
2021-05-13,97.93687,144.3630385143462
2021-05-14,93.18966,137.36545261982363
2021-05-15,93.71688,138.14259692886202
2021-05-16,93.08591,137.212520784797
2021-05-17,91.61893,135.05013096940087
2021-05-18,91.68038,135.14071083699014
2021-05-19,93.49856,137.8207841267125
2021-05-20,91.59215,135.0106561304417
2021-05-21,91.422,134.75984792099806
2021-05-22,90.62595,133.58643695933117
2021-05-23,91.71167,135.18683360439238
2021-05-24,90.7223,133.7284608851607
2021-05-25,92.72122,136.67495248681283
2021-05-26,92.09975,135.75887973969
2021-05-27,92.71955,136.6724908370346
2021-05-28,93.51327,137.8424672813462
2021-05-29,94.65975,139.5324267051661
2021-05-30,93.60426,137.97659034321674
2021-05-31,90.59132,133.5353908923724
2021-06-01,89.57784,132.10753815294888
2021-06-02,89.4317,131.89201391586445
2021-06-03,96.67706,142.57732037817533
2021-06-04,90.05621,132.8130282945534
2021-06-05,92.36856,136.2232340535667
2021-06-06,93.06845,137.25541729082568
2021-06-07,91.61092,135.1058823156123
2021-06-08,90.43057,133.36512664815223
2021-06-09,90.30101,133.17405425074796
2021-06-10,90.12913,132.9205691962107
2021-06-11,89.50579,132.00128030922414
2021-06-12,89.91632,132.6067214276741
2021-06-13,88.01053,129.79610191355644
2021-06-14,88.57322,130.62594544007243
2021-06-15,89.98994,132.71529467479436
2021-06-16,91.23421,134.55031823081637
2021-06-17,90.70551,133.77060245042398
2021-06-18,92.53203,136.46431621475594
2021-06-19,91.42516,134.8319273253235
2021-06-20,89.11212,131.42070396863957
2021-06-21,89.65604,132.22286588895548
2021-06-22,89.43267,131.89344445172028
2021-06-23,90.11068,132.89335951936516
2021-06-24,90.6041,133.6210450884236
2021-06-25,90.78991,133.89507381767407
2021-06-26,90.0721,132.83646253656292
2021-06-27,88.03015,129.8250370821044
2021-06-28,92.19042,135.960516881032
2021-06-29,91.19805,134.49699021375756
2021-06-30,93.3148,137.6187291548311
2021-07-01,93.59614,137.5933437834911
2021-07-02,91.06797,133.87674431739015
2021-07-03,93.28373,137.1340776585056
2021-07-04,91.02968,133.82045514634666
2021-07-05,88.45455,130.0348209591122
2021-07-06,90.4676,132.994155400718
2021-07-07,91.17386,134.0324105571863
2021-07-08,93.25656,137.0941357212569
2021-07-09,98.49738,144.79853408605481
2021-07-10,92.60175,136.13151592258927
2021-07-11,90.64296,133.2519477494823
2021-07-12,92.31387,135.70831073690113
2021-07-13,90.9454,133.69655722690177
2021-07-14,90.5511,133.1169066616773
2021-07-15,92.01294,135.26592107270383
2021-07-16,90.96618,133.72710538501832
2021-07-17,90.61793,133.21515177269416
2021-07-18,91.56388,134.60576920148975
2021-07-19,93.89605,138.03423397120721
2021-07-20,93.24241,137.07333416026802
2021-07-21,93.21243,137.02926131232118
2021-07-22,93.58593,137.57833431792946
2021-07-23,96.31451,141.5895515110825
2021-07-24,90.79135,133.47009217599424
2021-07-25,89.34335,131.34142360271233
2021-07-26,89.48972,131.55659847776155
2021-07-27,92.78735,136.40436183916464
2021-07-28,90.89761,133.62630234353358
2021-07-29,89.36132,131.36784085013076
2021-07-30,91.70592,134.81457865186889
2021-07-31,90.45395,132.97408887721986
2021-08-01,89.79421,131.41285391178002
2021-08-02,92.81267,135.83033743347423
2021-08-03,105.51711,154.4231477911908
2021-08-04,108.31717,158.5210052780401
2021-08-05,102.15757,149.50649738321036
2021-08-06,92.74943,135.7377863783296
2021-08-07,91.89859,134.49259125247127
2021-08-08,90.74501,132.80433941512504
2021-08-09,90.70017,132.73871656071825
2021-08-10,112.01381,163.93099788540803
2021-08-11,108.0099,158.0713189606097
2021-08-12,101.21311,148.1242904012065
2021-08-13,92.13634,134.84053580276606
2021-08-14,92.11925,134.8155247728416
2021-08-15,92.43469,135.27716779679528
2021-08-16,88.70658,129.82111918523063
2021-08-17,92.44415,135.29101240434852
2021-08-18,94.1796,137.83082468535417
2021-08-19,93.70785,137.1404236691541
2021-08-20,92.35377,135.15874225311555
2021-08-21,93.06777,136.2036735208778
2021-08-22,91.09914,133.32260483508676
2021-08-23,90.17118,131.96454542439673
2021-08-24,90.55004,132.51900293154577
2021-08-25,90.42736,132.33946208010448
2021-08-26,88.94969,130.17690803747948
2021-08-27,89.70111,131.27660307000318
2021-08-28,89.59715,131.1244587358343
2021-08-29,89.07752,130.36398585814902
2021-08-30,88.77067,129.9149142061702
2021-08-31,91.02999,133.22140455894422
2021-09-01,91.64601,133.61521234793912
2021-09-02,92.0744,134.23978313741193
2021-09-03,93.64883,136.53522184529422
2021-09-04,93.25228,135.9570721532719
2021-09-05,91.37823,133.2248027538659
2021-09-06,94.8795,138.32947599100376
2021-09-07,98.29515,143.30931963129143
2021-09-08,104.38362,152.1859986260895
2021-09-09,97.24584,141.77947912357246
2021-09-10,106.26342,154.92665123247855
2021-09-11,94.96839,138.4590730812165
2021-09-12,89.5349,130.53732154898498
2021-09-13,100.44943,146.45015009032525
2021-09-14,100.15693,146.0236999959701
2021-09-15,106.67797,155.53104400723043
2021-09-16,91.72715,133.73351033308776
2021-09-17,90.67589,132.20082682473978
2021-09-18,95.29605,138.93678466383668
2021-09-19,94.80294,138.21785541246075
2021-09-20,119.14273,173.7040288896721
2021-09-21,148.35563,216.2949484157825
2021-09-22,151.64401,221.08923888168187
2021-09-23,165.1918,240.84122631348916
2021-09-24,146.92841,214.21413438615673
2021-09-25,110.89371,161.67737809535603
2021-09-26,89.69911,130.7767313609305
2021-09-27,141.735,206.64240725957578
2021-09-28,122.86182,179.1262725868183
2021-09-29,138.04819,201.26722615745788
2021-09-30,111.7442,162.91734917483674
2021-10-01,111.27455,162.21639927794672
2021-10-02,112.89159,164.57372542564545
2021-10-03,96.38526,140.51074410697422
2021-10-04,118.1986,172.31030178683548
2021-10-05,111.20371,162.11312849657892
2021-10-06,114.04447,166.25439762247356
2021-10-07,111.91213,163.14586546632162
2021-10-08,101.90191,148.55293433894266
2021-10-09,87.87987,128.1115590259772
2021-10-10,88.33265,128.77162317600136
2021-10-11,102.9897,150.13871812302048
2021-10-12,109.79078,160.05335456775342
2021-10-13,104.70975,152.64621258224798
2021-10-14,113.01406,164.75226258818236
2021-10-15,102.76197,149.80673259166974
2021-10-16,125.45762,182.89252464629976
2021-10-17,94.0633,137.12578330086515
2021-10-18,87.26284,127.21205069413968
2021-10-19,111.54868,162.61602687953274
2021-10-20,91.64278,133.59714140763572
2021-10-21,126.13228,183.87604617873333
2021-10-22,91.86944,133.927567089522
2021-10-23,106.20441,154.8251327697012
2021-10-24,89.07635,129.85579144397465
2021-10-25,119.26135,173.85958217783806
2021-10-26,108.43045,158.0702610892377
2021-10-27,133.55432,194.69592012202847
2021-10-28,128.88626,187.8908071396492
2021-10-29,87.79053,127.98131888470958
2021-10-30,86.24316,125.72555788859037
2021-10-31,86.52514,126.13662924559333
2021-11-01,88.76065,128.7517696834049
2021-11-02,103.23974,149.7544151226315
2021-11-03,106.07722,153.870322018776
2021-11-04,99.31138,144.05613213401548
2021-11-05,92.68065,134.43792607318963
2021-11-06,94.31754,136.81231702545358
2021-11-07,93.02031,134.93061991996368
2021-11-08,93.61108,135.78756140220682
2021-11-09,123.44802,179.0675376860395
2021-11-10,105.82532,153.50492844872838
2021-11-11,109.74632,159.19253538861253
2021-11-12,93.13299,135.094067905168
2021-11-13,94.43296,136.97973951793037
2021-11-14,92.63623,134.37349263777273
2021-11-15,91.89065,133.29199149463605
2021-11-16,99.44415,144.24872167071746
2021-11-17,108.98958,158.0948461063662
2021-11-18,105.89654,153.6082366268101
2021-11-19,109.76769,159.22353364423748
2021-11-20,110.2594,159.9367836336306
2021-11-21,103.75198,150.49744490556606
2021-11-22,125.95761,182.70782371008028
2021-11-23,136.67348,198.25173000411158
2021-11-24,138.75861,201.27631553294623
2021-11-25,121.17974,175.77728390649332
2021-11-26,113.75378,165.00555689009386
2021-11-27,94.31619,136.81035878281938
2021-11-28,94.46307,137.02341558142436
2021-11-29,99.89323,144.90013470937168
2021-11-30,110.31634,160.0193779562924
2021-12-01,99.0285,142.60481547520183
2021-12-02,102.56711,147.70054878519545
2021-12-03,106.81974,153.82449811729992
2021-12-04,114.14395,164.37163975381497
2021-12-05,121.37194,174.7802209219292
2021-12-06,123.44391,177.76393671607087
2021-12-07,137.58549,198.12835106575608
2021-12-08,143.27731,206.32478886717755
2021-12-09,169.08667,243.4912512525823
2021-12-10,200.17666,288.2620221627331
2021-12-11,223.81072,322.2959696145258
2021-12-12,246.31278,354.6997939086625
2021-12-13,305.00733,439.2221836464654
2021-12-14,364.71079,525.1974422491008
2021-12-15,409.70737,589.9942329499108
2021-12-16,481.92688,693.9930807286764
2021-12-17,513.37859,739.2847422294521
2021-12-18,522.6015,752.5660842541662
2021-12-19,554.98892,799.2052038290144
2021-12-20,581.21602,836.9732277408142
2021-12-21,584.95421,842.3563638598229
2021-12-22,563.02426,810.7763997774587
2021-12-23,570.50996,821.5560931708021
2021-12-24,516.42866,743.676959313791
2021-12-25,323.82094,466.3144993179378
2021-12-26,384.95281,554.3467227789014
2021-12-27,448.76327,646.2362179614776
2021-12-28,452.59863,651.7592825851058
2021-12-29,427.62042,615.7897078874093
2021-12-30,393.56441,566.7477550973374
2021-12-31,303.98611,437.7515879123122
2022-01-01,196.04174,277.67047946586126
2022-01-02,198.90875,281.73126795576866
2022-01-03,206.43923,292.39732301224836
2022-01-04,164.58937,233.12183049836244
2022-01-05,176.27162,249.6683881790893
2022-01-06,192.50887,272.6665772010142
2022-01-07,198.512,281.16931741029765
2022-01-08,203.89591,288.79500401714495
2022-01-09,199.59239,282.6995650468985
2022-01-10,203.06638,287.6200705931134
2022-01-11,248.65776,352.1949939951923
2022-01-12,243.67303,345.13469974812097
2022-01-13,239.49496,339.21694621184884
2022-01-14,254.06615,359.85535369429704
2022-01-15,256.61326,363.4630407866086
2022-01-16,253.77579,359.44409229446603
2022-01-17,257.13404,364.2006655000815
2022-01-18,271.18453,384.1015615798158
2022-01-19,265.34823,375.8351167946052
2022-01-20,289.6519,410.25845797531537
2022-01-21,302.80217,428.8842964115868
2022-01-22,309.07293,437.7661036012972
2022-01-23,308.67415,437.2012777953163
2022-01-24,339.65411,481.08081256700933
2022-01-25,446.15721,631.9301512925306
2022-01-26,398.57951,564.5418350549635
2022-01-27,484.2342,685.861809264536
2022-01-28,486.37509,688.8941326502785
2022-01-29,491.62339,696.3277433567571
2022-01-30,457.77765,648.3891622480764
2022-01-31,523.09182,740.8991394591274
2022-02-01,579.4865,807.6115681198958
2022-02-02,631.74294,880.4396761996582
2022-02-03,685.50239,955.3624806407679
2022-02-04,635.71234,885.9717004288597
2022-02-05,679.66146,947.2221656609047
2022-02-06,644.52833,898.258260182071
2022-02-07,632.16528,881.028277779988
2022-02-08,573.40096,799.1303481048371
2022-02-09,489.47567,682.1663893899799
2022-02-10,426.96235,595.0435998278748
2022-02-11,368.15092,513.0800144714024
2022-02-12,327.15814,455.949704554961
2022-02-13,303.32553,422.73496782772077
2022-02-14,351.42083,489.76382984986765
2022-02-15,344.50031,480.11892525001053
2022-02-16,342.0192,476.66108259487027
2022-02-17,318.54479,443.94555760716236
2022-02-18,320.32208,446.42250912182897
2022-02-19,304.56059,424.4562309517489
2022-02-20,253.29329,353.0066552562442
2022-02-21,266.96107,372.05499760506115
2022-02-22,281.31294,392.05673403231685
2022-02-23,254.26761,354.3645334864541
2022-02-24,256.61327,357.6336038632034
2022-02-25,244.57158,340.8514904857327
2022-02-26,251.85653,351.0042893743609
2022-02-27,241.07087,335.97266433079557
2022-02-28,266.08434,370.83312739735527
2022-03-01,267.90379,369.672089154986
2022-03-02,256.70933,354.2252027366867
2022-03-03,245.01638,338.09046550551574
2022-03-04,193.65218,267.2146069677379
2022-03-05,195.11164,269.22847032979837
2022-03-06,188.9661,260.7484312426861
2022-03-07,226.31305,312.28232342863384
2022-03-08,208.51032,287.7168912196974
2022-03-09,208.45107,287.6351339915431
2022-03-10,184.72351,254.89421354487726
2022-03-11,183.58062,253.317175258206
2022-03-12,184.85324,255.07322392814237
2022-03-13,194.39018,268.232950163989
2022-03-14,206.17409,284.49320026390114
2022-03-15,225.10112,310.6100189979664
2022-03-16,242.94176,335.2277620342333
2022-03-17,267.56732,369.2078046898876
2022-03-18,229.13221,316.172394438313
2022-03-19,211.68025,292.09097881873834
2022-03-20,208.17011,287.2474460451763
2022-03-21,212.09583,292.66442470694705
2022-03-22,219.9319,303.47717344657747
2022-03-23,217.18425,299.6857768569036
2022-03-24,238.94533,329.71321284752094
2022-03-25,245.26827,338.4380406650058
2022-03-26,248.00204,342.21028467532466
2022-03-27,249.9417,344.88676104936314
2022-03-28,274.8877,379.3089688727772
2022-03-29,281.72179,388.7391166425165
2022-03-30,282.63202,389.9951146472911
2022-03-31,312.87496,431.7264048690117
2022-04-01,283.25822,386.033824265321
2022-04-02,239.91001,326.95742647761966
2022-04-03,150.98245,205.7639583078917
2022-04-04,182.47665,248.68531278147725
2022-04-05,201.75262,274.95525268127466
2022-04-06,195.44556,266.35977929423285
2022-04-07,274.75509,374.4454728588722
2022-04-08,156.20656,212.88355103032958
2022-04-09,138.4214,188.64533711381688
2022-04-10,125.28061,170.7366267591183
2022-04-11,140.2537,191.1424571486789
2022-04-12,130.18116,177.4152610367164
2022-04-13,133.35385,181.73910962232262
2022-04-14,122.40205,166.81362842502872
2022-04-15,107.09634,145.95449231806606
2022-04-16,120.39488,164.07818967571149
2022-04-17,110.65056,150.79830281324
2022-04-18,140.97413,192.12428337075804
2022-04-19,189.87728,258.77114012612645
2022-04-20,147.77879,201.39790276519344
2022-04-21,136.05778,185.42411632202487
2022-04-22,116.27199,158.4593765880445
2022-04-23,114.66822,156.27370491948008
2022-04-24,103.55112,141.12294732543742
2022-04-25,102.06049,139.09146665220362
2022-04-26,106.94104,145.7428442574788
2022-04-27,103.17715,140.61328843800777
2022-04-28,100.24375,136.61555230840884
2022-04-29,98.43021,134.1439990321857
2022-04-30,97.55173,132.9467769570749
2022-05-01,96.93613,131.00734207835052
2022-05-02,99.05667,133.873211689308
2022-05-03,108.55144,146.70521335210657
2022-05-04,138.35989,186.9907684488018
2022-05-05,106.29025,143.64925793244888
2022-05-06,114.72669,155.05094666299215
2022-05-07,115.32386,155.85801059745012
2022-05-08,110.46925,149.2970972112134
2022-05-09,104.77478,141.60112895618917
2022-05-10,108.77734,147.01051291972394
2022-05-11,102.32366,138.28848674203138
2022-05-12,101.3091,136.9173281350289
2022-05-13,102.49034,138.5137516022813
2022-05-14,100.1137,135.30176769620738
2022-05-15,97.22183,131.39346021234022
2022-05-16,99.73293,134.7871642594581
2022-05-17,114.1581,154.2825080567436
2022-05-18,146.89629,198.52755122440493
2022-05-19,122.65547,165.76654252723785
2022-05-20,114.92921,155.3246486038238
2022-05-21,108.76333,146.99157867031127
2022-05-22,94.95138,128.32499007822418
2022-05-23,96.47118,130.37897096740014
2022-05-24,106.32738,143.69943842357605
2022-05-25,100.69997,136.09410048729646
2022-05-26,99.88592,134.99392734422915
2022-05-27,96.81159,130.83902862925325
2022-05-28,95.99937,129.74132869649466
2022-05-29,96.60481,130.55956937917838
2022-05-30,96.58876,130.53787810843795
2022-05-31,95.54887,129.13248648661587
2022-06-01,118.25194,159.0043616601529
2022-06-02,105.66465,142.07919314722002
2022-06-03,109.1139,146.71713646093045
2022-06-04,104.41841,140.40346930137574
2022-06-05,101.46673,136.43457040445244
2022-06-06,100.84766,135.60215420753465
2022-06-07,101.77685,136.85156510777864
2022-06-08,123.71289,166.34728448076805
2022-06-09,107.87949,145.05731951351368
2022-06-10,107.90219,145.0878424716122
2022-06-11,106.54937,143.26880863131248
2022-06-12,104.2463,140.17204611554618
2022-06-13,101.91424,137.0363029585783
2022-06-14,102.18294,137.3976033480525
2022-06-15,102.45651,137.76545205496902
2022-06-16,102.42517,137.72331154806122
2022-06-17,101.87247,136.98013802642967
2022-06-18,100.8288,135.57679460446252
2022-06-19,100.17335,134.69546099716484
2022-06-20,97.99726,131.7694387994314
2022-06-21,100.93208,135.71566734069214
2022-06-22,105.88369,142.37371952351492
2022-06-23,105.81449,142.2806715631442
2022-06-24,102.81596,138.248777045652
2022-06-25,102.05105,137.22026092762917
2022-06-26,103.43957,139.08729783418949
2022-06-27,103.38667,139.01616724020664
2022-06-28,102.68797,138.07667865767726
2022-06-29,103.97278,139.8042646398149
2022-06-30,103.96948,139.79982738158913
2022-07-01,103.75143,138.38570846322096
2022-07-02,104.37062,139.21159632638916
2022-07-03,101.61986,135.542578256833
2022-07-04,104.62018,139.54446438810243
2022-07-05,104.94352,139.97574167242033
2022-07-06,105.86573,141.20580360218713
2022-07-07,108.99452,145.3790455592632
2022-07-08,106.33952,141.83775407084852
2022-07-09,109.69437,146.31251932505117
2022-07-10,107.61717,143.54190889953892
2022-07-11,105.54549,140.77866115915515
2022-07-12,118.08199,157.50009270134373
2022-07-13,116.3982,155.2542203114086
2022-07-14,112.37299,149.88531563642493
2022-07-15,111.7817,149.09664134482992
2022-07-16,109.99466,146.71305206367867
2022-07-17,106.82141,142.48050847964407
2022-07-18,121.80593,162.46715749432565
2022-07-19,119.8495,159.85763248239377
2022-07-20,106.93775,142.63568507164487
2022-07-21,107.5725,143.4823271704288
2022-07-22,103.63714,138.23326620174794
2022-07-23,103.78095,138.425082822821
2022-07-24,111.54193,148.77683137866148
2022-07-25,108.53391,144.76467483516578
2022-07-26,133.73338,178.37622610581028
2022-07-27,106.69844,142.3164886625705
2022-07-28,104.64553,139.578276719263
2022-07-29,110.28651,147.10232736345037
2022-07-30,106.4815,142.02712980174311
2022-07-31,119.12305,158.8886791107332
2022-08-01,112.13673,148.05996387592455
2022-08-02,107.10193,141.41225526053594
2022-08-03,112.60733,148.6813215613146
2022-08-04,112.6047,148.67784903536352
2022-08-05,110.73595,146.210441099595
2022-08-06,109.79566,144.968927249201
2022-08-07,105.93689,139.8739922818134
2022-08-08,106.66722,140.83828501103338
2022-08-09,108.37841,143.09765827423485
2022-08-10,107.66231,142.15215415500873
2022-08-11,107.9782,142.5692401712388
2022-08-12,109.60701,144.71984283069517
2022-08-13,107.98261,142.57506292387916
2022-08-14,109.60158,144.7126733189407
2022-08-15,107.93689,142.5146964271175
2022-08-16,122.45748,161.6869875297483
2022-08-17,151.95195,200.63007212602236
2022-08-18,120.2275,158.74262881477568
2022-08-19,127.21028,167.962356860649
2022-08-20,108.66619,143.47762919370265
2022-08-21,107.77238,142.29748530764553
2022-08-22,136.41481,180.11557712393707
2022-08-23,129.6349,171.16370890304265
2022-08-24,170.17019,224.684563070095
2022-08-25,203.46658,268.64752061842637
2022-08-26,237.58588,313.69700909086384
2022-08-27,253.94609,335.29824627338684
2022-08-28,267.37226,353.02551766066574
2022-08-29,290.24468,383.22516481423423
2022-08-30,307.74696,406.3343364883709
2022-08-31,337.42539,445.52031305193003
2022-09-01,333.09927,435.7557174590772
2022-09-02,338.36165,442.63988797209663
2022-09-03,289.87441,379.2095716768659
2022-09-04,203.69214,266.4671543905659
2022-09-05,206.4195,270.03504787039606
2022-09-06,217.05278,283.9453532137349
2022-09-07,208.10168,272.2356517708348
2022-09-08,196.27987,256.77052842122526
2022-09-09,213.58773,279.4124241899589
2022-09-10,217.60641,284.6696040890276
2022-09-11,140.45733,183.74427721362576
2022-09-12,217.49679,284.5262007674056
2022-09-13,283.88936,371.38001456982556
2022-09-14,354.63719,463.9313174301495
2022-09-15,449.9176,588.5757917916364
2022-09-16,418.21269,547.0998804093466
2022-09-17,340.52001,445.46342376169764
2022-09-18,227.2209,297.247142874847
2022-09-19,283.12957,370.38606812086385
2022-09-20,275.34105,360.1972372640914
2022-09-21,249.91829,326.9395449743727
2022-09-22,228.45668,298.8637726576789
2022-09-23,229.14105,299.7590557375772
2022-09-24,204.15545,267.07324992916006
2022-09-25,188.02059,245.96585604204114
2022-09-26,250.65018,327.896993040984
2022-09-27,236.97329,310.00508047522277
2022-09-28,220.71833,288.7405734798499
2022-09-29,229.03868,299.6251367626233
2022-09-30,241.70111,316.189947215151
2022-10-01,236.41206,307.06004392841834
2022-10-02,236.57835,307.27602705002755
2022-10-03,282.70533,367.18732135999323
2022-10-04,282.96874,367.5294472488806
2022-10-05,318.07862,413.13135645402645
2022-10-06,310.84172,403.731823994026
2022-10-07,299.88706,389.5035380900798
2022-10-08,308.34608,400.4904016739061
2022-10-09,261.25855,339.3315122742676
2022-10-10,368.29505,478.35416785260037
2022-10-11,395.72832,513.9854342579613
2022-10-12,345.87061,449.2285406258414
2022-10-13,330.06548,428.7002989105314
2022-10-14,316.36647,410.9075576587702
2022-10-15,305.96322,397.39546186298753
2022-10-16,307.1289,398.9094867905081
2022-10-17,316.58312,411.18895006538895
2022-10-18,359.00253,466.28472605083397
2022-10-19,513.95745,667.5454592897582
2022-10-20,449.78424,584.1951061748299
2022-10-21,421.12622,546.973092711974
2022-10-22,356.70433,463.2997455343735
2022-10-23,201.6152,261.8646957715983
2022-10-24,278.9976,362.3715952220174
2022-10-25,255.08015,331.30679570351674
2022-10-26,331.03355,429.9576612325965
2022-10-27,247.0174,320.8346211064008
2022-10-28,270.48472,351.31477643385
2022-10-29,189.53448,246.17384474696397
2022-10-30,132.81741,172.50778047896011
2022-10-31,196.20309,254.83526277928215
2022-11-01,205.09837,264.3532851858569
2022-11-02,228.58055,294.6196955250791
2022-11-03,228.71628,294.7946392430535
2022-11-04,185.96332,239.68993301150454
2022-11-05,176.47741,227.46345129213555
2022-11-06,114.43924,147.5018502008218
2022-11-07,165.65457,213.51378748427157
2022-11-08,185.31959,238.86022314948715
2022-11-09,187.27733,241.3835732889337
2022-11-10,188.90645,243.4833619121294
2022-11-11,166.96788,215.20652552488806
2022-11-12,170.96245,220.35516567451415
2022-11-13,170.51823,219.78260619320153
2022-11-14,137.88963,177.72728609965205
2022-11-15,164.51696,212.04751088363219
2022-11-16,170.5892,219.87408011690772
2022-11-17,168.55995,217.2585600424995
2022-11-18,114.12785,147.10049659925966
2022-11-19,121.67739,156.83117218016278
2022-11-20,111.59974,143.84199101576226
2022-11-21,122.1431,157.431430331624
2022-11-22,168.80823,217.5785705508519
2022-11-23,178.03405,229.4698197379292
2022-11-24,190.36968,245.3693332998225
2022-11-25,223.62172,288.2282112769197
2022-11-26,248.88323,320.7880173702366
2022-11-27,251.4128,324.0484047619433
2022-11-28,277.90406,358.1932475986401
2022-11-29,289.66332,373.3498722580883
2022-11-30,316.04883,407.35841289058715
2022-12-01,333.17304,424.08638832701575
2022-12-02,342.58076,436.0612047683215
2022-12-03,344.19562,438.116713656597
2022-12-04,259.70422,330.5700385994159
2022-12-05,306.19708,389.7494640427038
2022-12-06,260.06681,331.0315689907809
2022-12-07,256.14464,326.0391515079481
2022-12-08,242.87508,309.1487099071252
2022-12-09,219.27325,279.1066187384994
2022-12-10,237.06283,301.7504639069275
2022-12-11,244.51668,311.2382553729817
2022-12-12,245.85037,312.9358710481511
2022-12-13,258.86852,329.5063000846642
2022-12-14,271.52045,345.61057820712637
2022-12-15,288.04627,366.64581958782867
2022-12-16,285.00486,362.7744961988724
2022-12-17,273.15545,347.691722722645
2022-12-18,288.97998,367.8343122150977
2022-12-19,326.02595,414.9890628496958
2022-12-20,328.87523,418.61582948283154
2022-12-21,358.22042,455.9684785503253
2022-12-22,402.54804,512.3918322194348
2022-12-23,419.20479,533.5937306346428
2022-12-24,421.37451,536.3555048720808
2022-12-25,430.72285,548.254738217771
2022-12-26,446.44412,568.2658910235739
2022-12-27,468.51335,596.3571796940444
2022-12-28,509.70555,648.7895473467335
2022-12-29,508.71719,647.5314923049243
2022-12-30,457.94032,582.899073640886
2022-12-31,523.34111,666.1458598299293
2023-01-01,501.01932,626.5799934756662
2023-01-02,511.05566,639.1315450839347
2023-01-03,533.17217,666.7906834411233
2023-01-04,557.24978,696.902393937057
2023-01-05,561.39137,702.0819096395232
2023-01-06,530.42706,663.35762020937
2023-01-07,503.91821,630.2053755812638
2023-01-08,419.71283,524.8972480403618
2023-01-09,438.11972,547.9170968879218
2023-01-10,397.93355,497.6598530426905
2023-01-11,441.94135,552.6964672732124
2023-01-12,328.32454,410.6060982460739
2023-01-13,266.94454,333.8436292867204
2023-01-14,252.03305,315.195164179801
2023-01-15,218.27606,272.97831997914597
2023-01-16,212.36707,265.5884753806427
2023-01-17,222.62536,278.41759997661933
2023-01-18,251.08612,314.0109236335045
2023-01-19,242.11571,302.79243521418755
2023-01-20,244.93876,306.32297102382756
2023-01-21,206.8023,258.6291159086495
2023-01-22,198.43253,248.1617941455031
2023-01-23,247.15111,309.08975903624565
2023-01-24,251.71902,314.80243498254936
2023-01-25,279.96443,350.1264396806467
2023-01-26,353.04618,441.52323938527735
2023-01-27,377.98983,472.7180285488156
2023-01-28,396.47334,495.8336991684784
2023-01-29,454.06549,567.8590433632883
2023-01-30,575.71848,719.9995430160667
2023-01-31,679.67489,850.0085149246822
2023-02-01,770.49727,947.8575438375228
2023-02-02,732.60864,901.2473543281316
2023-02-03,795.57791,978.7114803197029
2023-02-04,801.19126,985.6169637663871
2023-02-05,750.94815,923.8084244066584
2023-02-06,600.59738,738.8485068117781
2023-02-07,698.90275,859.7827270644194
2023-02-08,631.41967,776.7657600355926
2023-02-09,571.34206,702.8589234101642
2023-02-10,559.78171,688.6375038366697
2023-02-11,614.94925,756.5040245888565
2023-02-12,579.34724,712.7068106749397
2023-02-13,576.16448,708.7914131859592
2023-02-14,564.49513,694.4359029721717
2023-02-15,548.57294,674.8485942385348
2023-02-16,518.18097,637.4607161003246
2023-02-17,502.26186,617.877196349918
2023-02-18,432.76605,532.3841902895601
2023-02-19,420.43605,517.2159554747676
2023-02-20,420.09534,516.7968176577564
2023-02-21,425.69481,523.685226076117
2023-02-22,359.97347,442.83553285123287
2023-02-23,379.0864,466.3480559849469
2023-02-24,339.89754,418.13833736337074
2023-02-25,301.19923,370.53208813258107
2023-02-26,316.86425,389.8030290683818
2023-02-27,322.12016,396.26879363005384
2023-02-28,378.59939,465.7489414644966
2023-03-01,379.74262,462.30115167689024
2023-03-02,417.31637,508.04368091371794
2023-03-03,438.91011,534.332041359041
2023-03-04,449.99061,547.8215146005639
2023-03-05,465.87545,567.1598228110121
2023-03-06,503.75809,613.2783967560727
2023-03-07,489.10943,595.4450221706147
2023-03-08,474.19551,577.2887183245598
2023-03-09,433.05236,527.200778159679
2023-03-10,329.54106,401.1854438746517
2023-03-11,313.57496,381.7482092082126
2023-03-12,294.49727,358.52290450489886
2023-03-13,238.24893,290.04580714376175
2023-03-14,196.05328,238.67654658840198
2023-03-15,168.37575,204.98174036788433
2023-03-16,174.60231,212.5619952757618
2023-03-17,226.58283,275.84342062844837
2023-03-18,208.26513,253.54333272661694
2023-03-19,165.39404,201.35178709330452
2023-03-20,241.94617,294.5468513247543
2023-03-21,300.47621,365.8017052036643
2023-03-22,347.17053,422.64767606879724
2023-03-23,329.27526,400.8618572145193
2023-03-24,333.466,405.9636915263446
2023-03-25,240.10516,292.305593698079
2023-03-26,189.84654,231.12042067828156
2023-03-27,186.90654,227.5412454307677
2023-03-28,196.53042,239.25741994812944
2023-03-29,159.29708,193.92930807388888
2023-03-30,172.68878,210.23245132631448
2023-03-31,167.08483,203.4101659085236
2023-04-01,151.64624,183.18629926848703
2023-04-02,155.14982,187.41856941505372
2023-04-03,149.11965,180.13421784616648
2023-04-04,151.92723,183.52573081806884
2023-04-05,145.22912,175.43451811808202
2023-04-06,140.71362,169.979864350558
2023-04-07,134.26164,162.185972862353
2023-04-08,142.99812,172.73950481826006
2023-04-09,134.09288,161.98211340718584
2023-04-10,144.9626,175.11256610343904
2023-04-11,146.62575,177.1216254353973
2023-04-12,267.87429,323.5879758988649
2023-04-13,251.67034,304.01385632932204
2023-04-14,254.35225,307.25356189585074
2023-04-15,216.35699,261.3558787805689
2023-04-16,212.13332,256.25375111402514
2023-04-17,300.81154,363.37566160462967
2023-04-18,291.93529,352.65328966265537
2023-04-19,265.38457,320.5804328630815
2023-04-20,305.45675,368.98700303469064
2023-04-21,321.18865,387.9908935463308
2023-04-22,335.23239,404.9555130350094
2023-04-23,342.00481,413.13649105920496
2023-04-24,345.78098,417.69804568600404
2023-04-25,335.23644,404.96040537201714
2023-04-26,325.85935,393.6330264999295
2023-04-27,257.80631,311.4260126526338
2023-04-28,257.4389,310.9821870871979
2023-04-29,190.70085,230.36366070701692
2023-04-30,211.44867,255.42670456282698
2023-05-01,194.46658,233.90680058012958
2023-05-02,250.75601,301.6124211437203
2023-05-03,266.76194,320.8645511323771
2023-05-04,261.1494,314.11371880669935
2023-05-05,327.02911,393.3546464213402
2023-05-06,325.04096,390.963275083533
2023-05-07,355.20793,427.2484786177174
2023-05-08,408.6805,491.5659452358737
2023-05-09,524.46097,630.8281223532152
2023-05-10,588.5635,707.9314359477248
2023-05-11,635.21031,764.0387942628101
2023-05-12,646.99869,778.2180031007647
2023-05-13,695.87128,837.0025570481032
2023-05-14,686.50038,825.7311229664407
2023-05-15,733.18445,881.8832980690153
2023-05-16,778.7556,936.6968392710932
2023-05-17,820.13596,986.4696465804723
2023-05-18,823.9409,991.0462753348803
2023-05-19,836.53798,1006.1981985056992
2023-05-20,837.84475,1007.7699975767483
2023-05-21,787.92118,947.7213119247555
2023-05-22,800.74122,963.1414141331106
2023-05-23,811.97774,976.656838957544
2023-05-24,759.21472,913.1928278295374
2023-05-25,777.68215,935.4056803733394
2023-05-26,683.19327,821.7532902752578
2023-05-27,664.17869,798.8823189640179
2023-05-28,458.69275,551.7212962854658
2023-05-29,386.77049,465.21231501427656
2023-05-30,387.53532,466.13226197013756
2023-05-31,365.574,439.71691544778696
2023-06-01,318.07352,381.43840402953504
2023-06-02,259.97554,311.76645910139445
2023-06-03,248.90253,298.4875440184819
2023-06-04,210.00998,251.84703084203483
2023-06-05,283.92602,340.48822401581197
2023-06-06,301.87549,362.01349021834284
2023-06-07,349.97596,419.6962753488703
2023-06-08,330.48071,396.31728722638593
2023-06-09,312.98561,375.33690815447477
2023-06-10,292.99687,351.3661196268371
2023-06-11,283.12452,339.5270535265815
2023-06-12,296.00765,354.97669091263305
2023-06-13,333.73449,400.21926765614074
2023-06-14,359.32036,430.90221610940137
2023-06-15,365.38374,438.17350983490417
2023-06-16,413.44208,495.8057720549996
2023-06-17,442.99777,531.2493865488805
2023-06-18,502.90055,603.0856739585722
2023-06-19,574.59813,689.066457545901
2023-06-20,613.70812,735.967727941535
2023-06-21,748.67619,897.8234058858876
2023-06-22,754.17585,904.4186783659892
2023-06-23,852.52014,1022.3545852060737
2023-06-24,896.49011,1075.0840144965928
2023-06-25,742.70959,890.6681721478429
2023-06-26,729.61752,874.9679708665701
2023-06-27,630.98519,756.6866422576546
2023-06-28,634.30243,760.6647248449223
2023-06-29,472.2275,566.3021050568977
2023-06-30,519.01457,622.4098417525465
2023-07-01,546.4877,652.0956370408705
2023-07-02,551.66236,658.2702924067095
2023-07-03,498.38273,594.6944529758276
2023-07-04,562.41103,671.0961269332543
2023-07-05,610.60611,728.6048346220745
2023-07-06,613.48675,732.0421540272239
2023-07-07,569.65805,679.7436227937245
2023-07-08,515.0391,614.5696417603848
2023-07-09,447.39081,533.8484201074994
2023-07-10,473.92626,565.5118064415673
2023-07-11,529.28807,631.5722040675075
2023-07-12,564.10353,673.1157000465954
2023-07-13,626.47309,747.5380849605812
2023-07-14,670.6897,800.2994892259247
2023-07-15,634.06127,756.5926694847724
2023-07-16,658.69055,785.9815212950839
2023-07-17,617.00507,736.2403841460604
2023-07-18,568.31158,678.1369494643772
2023-07-19,464.51966,554.2873949508993
2023-07-20,359.96966,429.53326260240726
2023-07-21,461.08163,550.1849707554131
2023-07-22,345.74813,412.5634430345637
2023-07-23,373.77687,446.008695445099
2023-07-24,516.22254,615.9817797841677
2023-07-25,503.46676,600.7609642286608
2023-07-26,521.00813,621.6921779498839
2023-07-27,556.09283,663.5569441594213
2023-07-28,492.79557,588.0275825971361
2023-07-29,504.1308,601.5533289732298
2023-07-30,505.4116,603.0816416725311
2023-07-31,511.78859,610.6909755266202
2023-08-01,563.83864,668.1226861194575
2023-08-02,564.73772,669.1880542975523
2023-08-03,515.32359,610.6345978195499
2023-08-04,544.66579,645.4037464551495
2023-08-05,467.69779,554.2002296028061
2023-08-06,495.56654,587.2234082001289
2023-08-07,421.20145,499.1042191989722
2023-08-08,530.03865,628.0712627022706
2023-08-09,624.67899,740.2156843333577
2023-08-10,680.03007,805.804151716886
2023-08-11,744.52671,882.2296843169215
2023-08-12,769.76397,912.1346690861369
2023-08-13,668.57763,792.2335404948138
2023-08-14,674.25737,798.9637694575897
2023-08-15,747.19041,885.386045503903
2023-08-16,700.22723,829.7368513119058
2023-08-17,715.32018,847.6212983506307
2023-08-18,761.84818,902.7548243888001
2023-08-19,694.5982,823.0667113515672
2023-08-20,436.53596,517.2749036549465
2023-08-21,437.17187,518.0284275662027
2023-08-22,346.08922,410.0997038858278
2023-08-23,251.64207,298.18420346122525
2023-08-24,207.80806,246.24293085779541
2023-08-25,212.3438,251.6175727807744
2023-08-26,252.05988,298.6792889691776
2023-08-27,188.79624,223.71480428878334
2023-08-28,371.53374,440.2502821601729
2023-08-29,562.94827,667.0676388881428
2023-08-30,752.59335,891.7882792808258
2023-08-31,806.06494,955.149638023246
2023-09-01,840.41356,990.50261041246
2023-09-02,894.37771,1054.1041918097062
2023-09-03,935.26847,1102.2976128222722
2023-09-04,968.65807,1141.6502453055318
2023-09-05,980.86817,1156.0409411474661
2023-09-06,948.4336,1117.813897009095
2023-09-07,1002.61467,1181.671138044021
2023-09-08,1020.16032,1202.3502571748252
2023-09-09,1042.74443,1228.9676524353708
2023-09-10,1041.26749,1227.226946436502
2023-09-11,1056.09628,1244.7040028565082
2023-09-12,1056.114,1244.724887462721
2023-09-13,1057.28379,1246.103589691936
2023-09-14,1058.17081,1247.1490221638824
2023-09-15,1059.42656,1248.6290359478407
2023-09-16,1052.58733,1240.5683911764602
2023-09-17,969.9331,1143.1529822953469
2023-09-18,1031.55754,1215.7829011714846
2023-09-19,1032.15424,1216.4861655353213
2023-09-20,1040.40508,1226.2105190525297
2023-09-21,1060.07694,1249.3955669968636
2023-09-22,1059.99718,1249.3015626971157
2023-09-23,1061.07015,1250.5661538894499
2023-09-24,1006.71516,1186.5039325660064
2023-09-25,1044.55942,1231.1067806199192
2023-09-26,1061.40706,1250.9632324830818
2023-09-27,1043.61773,1229.996914659166
2023-09-28,1047.09739,1234.098005452308
2023-09-29,1034.54632,1219.3054459433092
2023-09-30,1017.5241,1199.2432359225486
2023-10-01,1041.41317,1224.3375908860294
2023-10-02,1062.81806,1249.502253875437
2023-10-03,1062.55003,1249.1871443550865
2023-10-04,1058.01808,1243.859156477791
2023-10-05,1060.65962,1246.9646834799403
2023-10-06,1086.28752,1277.0941289770317
2023-10-07,1097.79141,1290.6186794380346
2023-10-08,1046.96789,1230.8679985078634
2023-10-09,1078.80683,1268.2994543593052
2023-10-10,1075.26458,1264.135007474774
2023-10-11,1046.72793,1230.5858894883386
2023-10-12,985.39165,1158.4758802697006
2023-10-13,997.36577,1172.5532567194148
2023-10-14,1053.3849,1238.4121575317902
2023-10-15,1018.7679,1197.7146749142987
2023-10-16,1075.99931,1264.998792938666
2023-10-17,1121.96253,1319.0354612517474
2023-10-18,1181.87035,1389.4661012003796
2023-10-19,1284.15738,1509.71986742564
2023-10-20,1368.85073,1609.2896204210504
2023-10-21,1429.31579,1680.3753796814015
2023-10-22,1241.42033,1459.476046485123
2023-10-23,1365.15843,1604.9487672255518
2023-10-24,1482.24247,1742.598641064581
2023-10-25,984.30911,1157.2031919133226
2023-10-26,775.90312,912.1906502313137
2023-10-27,677.06998,795.9974504398211
2023-10-28,507.68687,596.8621650331816
2023-10-29,374.04626,439.7475565325618
2023-10-30,558.62492,656.747493179581
2023-10-31,529.95779,623.0449763563911
2023-11-01,453.95992,531.2015063074973
2023-11-02,441.67656,516.8281243258517
2023-11-03,305.74917,357.77259731710905
2023-11-04,484.12512,566.4993354155536
2023-11-05,317.11384,371.0709735761577
2023-11-06,446.53016,522.507567636649
2023-11-07,583.45397,682.7290561798701
2023-11-08,501.57004,586.9125203095278
2023-11-09,594.65034,695.8304960805028
2023-11-10,640.79438,749.8259755825554
2023-11-11,623.35183,729.4155639456782
2023-11-12,651.65862,762.5387733398688
2023-11-13,672.5695,787.0076536635222
2023-11-14,829.04914,970.1124098597409
2023-11-15,797.45039,933.1371112531281
2023-11-16,695.40935,813.7337195325913
2023-11-17,659.55545,771.7792542859712
2023-11-18,437.18148,511.56820343465785
2023-11-19,368.5875,431.3029115127931
2023-11-20,351.58547,411.4079746507784
2023-11-21,309.2553,361.87529769935844
2023-11-22,425.77339,498.21901923334883
2023-11-23,446.14777,522.0601137204598
2023-11-24,498.98831,583.8915072102233
2023-11-25,381.38525,446.2782072995814
2023-11-26,350.57318,410.2234428251053
2023-11-27,532.29337,622.863445613203
2023-11-28,589.7317,690.0749461698757
2023-11-29,546.84588,639.8920749965082
2023-11-30,664.82456,777.944906903277
2023-12-01,709.08342,826.0171567682585
2023-12-02,755.60094,880.2058016110761
2023-12-03,741.10641,863.3210034031414
2023-12-04,763.08971,888.9295318924743
2023-12-05,806.56069,939.569237022697
2023-12-06,813.59237,947.7604993722019
2023-12-07,809.72161,943.2514189459071
2023-12-08,801.44473,933.6096127892887
2023-12-09,885.46141,1031.4813401168133
2023-12-10,908.1543,1057.9164758821578
2023-12-11,949.16392,1105.6889223349979
2023-12-12,906.21233,1055.6542589233559
2023-12-13,917.40371,1068.6911903014907
2023-12-14,892.2954,1039.4423117457686
2023-12-15,870.85239,1014.4631715583513
2023-12-16,843.64086,982.7642345814944
2023-12-17,778.99477,907.4574681956932
2023-12-18,762.27715,887.9829740094772
2023-12-19,687.83799,801.2681791614782
2023-12-20,546.76859,636.9352651370548
2023-12-21,532.60584,620.43696020275
2023-12-22,495.1213,576.7709086772949
2023-12-23,505.30655,588.6357908740523
2023-12-24,498.26979,580.4386107904161
2023-12-25,427.44201,497.9307424555343
2023-12-26,393.93921,458.90305287879085
2023-12-27,421.65883,491.19386811051146
2023-12-28,380.36248,443.08740750266526
2023-12-29,338.1838,393.9531133601817
2023-12-30,126.21867,147.0331754823305
2023-12-31,184.24573,214.62937892595517
2024-01-01,226.13576,261.02600438222504
2024-01-02,389.46093,449.5504400581555
2024-01-03,464.91653,536.6480038236715
2024-01-04,562.42792,649.2043218224561
2024-01-05,624.51486,720.8705893447575
2024-01-06,627.0885,723.8413135058466
2024-01-07,634.46753,732.3588461469318
2024-01-08,640.55885,739.3899893903248
2024-01-09,692.64983,799.5180309426842
2024-01-10,666.62033,769.4724672464907
2024-01-11,686.82793,792.7978762227369
2024-01-12,668.08457,771.1626232689466
2024-01-13,648.05786,748.0460136171978
2024-01-14,614.5668,709.3876538145493
2024-01-15,619.77859,715.403565315584
2024-01-16,609.62484,703.6832040954213
2024-01-17,590.84434,682.0050808507812
2024-01-18,553.01911,638.3438365976003
2024-01-19,542.3564,626.0359884837666
2024-01-20,526.24584,607.4397474241478
2024-01-21,503.67383,581.385126159578
2024-01-22,502.58401,580.1271589981886
2024-01-23,495.45824,571.901961571445
2024-01-24,491.42491,567.2463334025301
2024-01-25,481.55194,555.8500734280548
2024-01-26,447.53516,516.584880849273
2024-01-27,468.78663,541.1152174105878
2024-01-28,531.152,613.1028735995917
2024-01-29,601.65541,694.4841792702285
2024-01-30,630.37365,727.6333257833223
2024-01-31,640.30662,739.098843093581
2024-02-01,694.48271,792.990211816165
2024-02-02,691.60753,789.7072076975893
2024-02-03,671.48461,766.7299926231352
2024-02-04,623.07527,711.454127252087
2024-02-05,631.6324,721.225026129092
2024-02-06,566.65236,647.0280231778986
2024-02-07,560.68853,640.2182657183707
2024-02-08,445.46576,508.6519538826948
2024-02-09,516.04321,589.24032018622
2024-02-10,535.56989,611.5367227982683
2024-02-11,544.87452,622.1611493078514
2024-02-12,575.28881,656.8894930406108
2024-02-13,598.26026,683.1192821180443
2024-02-14,601.54209,686.8666166871723
2024-02-15,599.81604,684.8957385999333
2024-02-16,539.72105,616.2766957310471
2024-02-17,566.94747,647.3649924617113
2024-02-18,551.37742,629.5864400662338
2024-02-19,575.7017,657.3609485914002
2024-02-20,582.96621,665.6558783869032
2024-02-21,601.17692,686.4496498837094
2024-02-22,512.24869,584.9075741362273
2024-02-23,572.52352,653.7319660478464
2024-02-24,588.11942,671.5400350845309
2024-02-25,556.17508,635.0646144899309
2024-02-26,567.58911,648.0976445957144
2024-02-27,536.55775,612.6647038111358
2024-02-28,486.52144,555.5310941559734
2024-02-29,496.78125,567.2461862496177
2024-03-01,485.32073,550.3078596868731
2024-03-02,493.61606,559.7139802490348
2024-03-03,473.71448,537.1474686265308
2024-03-04,489.30599,554.8267680403153
2024-03-05,543.01584,615.7286639836495
2024-03-06,544.03435,616.8835581052538
2024-03-07,564.82115,640.4538255812363
2024-03-08,542.57755,615.2316845288009
2024-03-09,544.73451,617.6774734013063
2024-03-10,560.6244,635.6951075472037
2024-03-11,560.98178,636.1003427056006
2024-03-12,585.55069,663.9591656265574
2024-03-13,574.7587,651.7220684832679
2024-03-14,541.6489,614.178683158144
2024-03-15,558.92775,633.7712667293227
2024-03-16,574.53464,651.4680056101624
2024-03-17,582.45428,660.4481292036685
2024-03-18,540.04819,612.3636292368343
2024-03-19,615.23055,697.6133230172916
2024-03-20,626.63441,710.5442229373687
2024-03-21,654.43691,742.0696314418525
2024-03-22,708.68003,803.5762051872974
2024-03-23,717.77188,813.8855041824055
2024-03-24,655.07928,742.7980183373124
2024-03-25,740.08642,839.1880844931561
2024-03-26,836.21218,948.1856153556314
2024-03-27,925.01058,1048.874612192051
2024-03-28,855.16343,969.6745425355828
2024-03-29,814.46562,923.5270707079461
2024-03-30,759.56979,861.2803854838586
2024-03-31,713.52207,809.0666211209383
2024-04-01,861.68889,971.342826028301
2024-04-02,1031.98234,1163.3069129473156
2024-04-03,1239.04451,1396.718711225639
2024-04-04,1085.36592,1223.4838028462996
2024-04-05,995.50852,1122.1916289904252
2024-04-06,665.42605,750.1046229339797
2024-04-07,638.98927,720.3036391980881
2024-04-08,917.09725,1033.802158639626
2024-04-09,998.73199,1125.8253006041064
2024-04-10,960.28977,1082.491128553215
2024-04-11,1033.01966,1164.476236762429
2024-04-12,1038.24228,1170.3634595512383
2024-04-13,1019.74748,1149.515109865741
2024-04-14,1036.30719,1168.1821203103216
2024-04-15,1081.44493,1219.0638485546428
2024-04-16,1101.03349,1241.1451443088736
2024-04-17,1044.70763,1177.6515555370904
2024-04-18,1040.53916,1172.9526282595039
2024-04-19,1000.28106,1127.5714969970015
2024-04-20,979.42184,1104.0578438227728
2024-04-21,618.41444,697.1105659796881
2024-04-22,583.81839,658.1120070259846
2024-04-23,457.39741,515.6033668339688
2024-04-24,205.60817,231.77276998698142
2024-04-25,248.25406,279.84554867987146
2024-04-26,221.53172,249.72266610018644
2024-04-27,163.7477,184.58535965763053
2024-04-28,107.20576,120.84819369658089
2024-04-29,139.62245,157.39005891093146
2024-04-30,129.44351,145.9158012521464
2024-05-01,149.93436,168.2905797438907
2024-05-02,198.29598,222.5730341936495
2024-05-03,278.32133,312.3957575887923
2024-05-04,321.21052,360.535801337576
2024-05-05,312.92629,351.237346537544
2024-05-06,307.03429,344.6239985641308
2024-05-07,289.7952,325.2743548243162
2024-05-08,295.07216,331.19736445123107
2024-05-09,266.1756,298.76304562661926
2024-05-10,248.12128,278.4983646043258
2024-05-11,224.8297,252.35523436152346
2024-05-12,143.33896,160.88771565294545
2024-05-13,195.8907,219.87327967676373
2024-05-14,226.62713,254.37272079191246
2024-05-15,212.50136,238.5175557541662
2024-05-16,221.39467,248.49965922759378
2024-05-17,270.49464,303.6108586665192
2024-05-18,265.29777,297.7777443279938
2024-05-19,200.82983,225.41709932644534
2024-05-20,295.99326,332.23123322555404
2024-05-21,282.79209,317.41386546143605
2024-05-22,370.52996,415.8933401315125
2024-05-23,382.42514,429.2448276648433
2024-05-24,461.02529,517.4678661428597
2024-05-25,478.74437,537.3562642774059
2024-05-26,369.77235,415.0429771718829
2024-05-27,452.37865,507.7626320761874
2024-05-28,431.36551,484.17688753544604
2024-05-29,468.69896,526.0810110755043
2024-05-30,346.22307,388.6105971373717
2024-05-31,223.338,250.680907957596
2024-06-01,237.76812,266.02637398303676
2024-06-02,242.28089,271.0754774529192
2024-06-03,261.64172,292.7373024368658
2024-06-04,312.05067,349.13725287930606
2024-06-05,406.69643,455.0314675691002
2024-06-06,362.55694,405.6460896043818
2024-06-07,356.54738,398.9223057092427
2024-06-08,377.75233,422.6474205774243
2024-06-09,311.75421,348.805559215618
2024-06-10,307.65465,344.2187749077558
2024-06-11,310.29301,347.1706985889536
2024-06-12,338.1419,378.32937211571766
2024-06-13,363.36234,406.5472097444828
2024-06-14,372.44637,416.71085810092825
2024-06-15,295.29477,330.38994848954025
2024-06-16,278.57671,311.6849813062574
2024-06-17,262.84042,294.0784654762735
2024-06-18,246.76943,276.0974712369379
2024-06-19,319.61342,357.5988202241638
2024-06-20,322.84161,361.2106739925676
2024-06-21,224.75253,251.46390777457333
2024-06-22,264.20677,295.6072033747425
2024-06-23,191.8629,214.66541262499774
2024-06-24,241.60894,270.3236675719398
2024-06-25,271.9889,304.31422358319014
2024-06-26,268.98253,300.9505526673778
2024-06-27,286.09896,320.10123530908123
2024-06-28,221.51195,247.83819148005097
2024-06-29,205.35244,229.7581568200527
2024-06-30,115.68779,129.43704684972494
2024-07-01,130.34513,145.54527999238493
2024-07-02,170.77572,190.6906685604681
2024-07-03,191.11971,213.4070655651915
2024-07-04,215.13852,240.226820369486
2024-07-05,209.45218,233.87736989571766
2024-07-06,160.82937,179.58442856782506
2024-07-07,137.95038,154.03741345883728
2024-07-08,203.01044,226.6844287253176
2024-07-09,254.91469,284.64147398696065
2024-07-10,220.08158,245.7463135160206
2024-07-11,341.22502,381.016851771195
2024-07-12,300.40237,335.4336832686117
2024-07-13,272.18099,303.9212772901797
2024-07-14,230.54918,257.4345888880908
2024-07-15,292.10765,326.17167750853116
2024-07-16,295.00419,329.4059964685809
2024-07-17,308.43084,344.39839038164655
2024-07-18,305.71137,341.3617903753334
2024-07-19,321.96509,359.5109320296309
2024-07-20,321.88319,359.4194812908778
2024-07-21,325.03199,362.9354774592043
2024-07-22,402.95865,449.94952661141565
2024-07-23,463.28389,517.3095725633267
2024-07-24,375.99292,419.83919780166997
2024-07-25,372.33694,415.7568770218559
2024-07-26,338.33263,377.787166761888
2024-07-27,341.64555,381.48642172440464
2024-07-28,286.778,320.22051230955975
2024-07-29,382.8398,427.4845242260194
2024-07-30,403.44213,450.4893874560113
2024-07-31,394.76549,440.8009242338477
2024-08-01,434.83822,485.54672108800895
2024-08-02,412.96852,461.1266939657877
2024-08-03,479.44966,535.3605079603185
2024-08-04,462.5432,516.4825072680022
2024-08-05,530.88795,592.7972554658026
2024-08-06,490.56012,547.7666102177959
2024-08-07,457.16646,510.4787606857842
2024-08-08,553.43805,617.9770271868962
2024-08-09,562.74559,628.369962583411
2024-08-10,549.26776,613.3204203332343
2024-08-11,408.9424,456.631069444312
2024-08-12,607.4939,678.3365805010582
2024-08-13,621.6944,694.1930666508042
2024-08-14,676.25478,755.1159855476661
2024-08-15,646.56684,721.9659972075024
2024-08-16,612.61052,684.0498732839541
2024-08-17,572.61976,639.3956053315706
2024-08-18,611.46195,682.7673632105754
2024-08-19,652.61642,728.7210467819385
2024-08-20,769.67391,859.4291534619181
2024-08-21,760.35406,849.0224725392245
2024-08-22,788.3058,880.2337945469922
2024-08-23,703.602,785.6522916752011
2024-08-24,647.56588,723.0815398942418
2024-08-25,595.3046,664.7258297088255
2024-08-26,472.68701,527.8092339868259
2024-08-27,542.63414,605.9132231463269
2024-08-28,548.33893,612.2832751601441
2024-08-29,512.51973,572.2870321620111
2024-08-30,497.27992,555.270037254102
2024-08-31,543.53651,606.9208226961277
2024-09-01,578.70608,644.6446311892605
2024-09-02,648.59788,722.4999971362599
2024-09-03,636.75311,709.3056180687864
2024-09-04,649.90122,723.951841453524
2024-09-05,673.66757,750.4261614234557
2024-09-06,699.58669,779.2985409103798
2024-09-07,711.36471,792.4185643928352
2024-09-08,642.20515,715.3788708589233
2024-09-09,686.36652,764.5720469120632
2024-09-10,763.06616,850.0109473296102
2024-09-11,788.21519,878.0254917234028
2024-09-12,819.99551,913.4269042426503
2024-09-13,812.62564,905.2173013159577
2024-09-14,863.65009,962.055545959741
2024-09-15,851.76846,948.8201070141588
2024-09-16,912.23385,1016.1750050934477
2024-09-17,921.49744,1026.4941010307818
2024-09-18,925.54311,1031.0007401265098
2024-09-19,926.38165,1031.9348245049518
2024-09-20,933.32524,1039.6695765135698
2024-09-21,934.03238,1040.4572889988078
2024-09-22,933.22619,1039.5592406229923
2024-09-23,934.13888,1040.5759237524321
2024-09-24,934.35741,1040.819353355338
2024-09-25,925.03889,1030.4390686197264
2024-09-26,922.44977,1027.5549407952792
2024-09-27,913.01152,1017.0412838620015
2024-09-28,913.79804,1017.9174210114901
2024-09-29,913.87636,1018.0046648979112
2024-09-30,2498.80407,2783.5211755842847
2024-10-01,1079.44567,1204.0042730824437
2024-10-02,1166.43543,1301.0318916696915
2024-10-03,1503.42996,1676.9126473221827
2024-10-04,1399.30291,1560.7702451358186
2024-10-05,1391.02434,1551.536400457918
2024-10-06,1165.05291,1299.4898409357977
2024-10-07,1604.22601,1789.339681199517
2024-10-08,1433.29629,1598.6861643098844
2024-10-09,1544.71361,1722.9600699853725
2024-10-10,1274.88522,1421.9958402998188
2024-10-11,1373.75226,1532.2712732699774
2024-10-12,1034.64566,1154.0347331850476
2024-10-13,1287.97464,1436.5956650526207
2024-10-14,1644.66818,1834.4485244196915
2024-10-15,1768.42387,1972.484540237205
2024-10-16,1716.29462,1914.3400300530259
2024-10-17,1696.70099,1892.4854662701202
2024-10-18,1883.77312,2101.1440862955583
2024-10-19,2295.48549,2560.3644681429373
2024-10-20,1057.27296,1179.2730259916864
2024-10-21,1280.50585,1428.2650419145843
2024-10-22,1689.18542,1884.1026651286322
2024-10-23,1732.33181,1932.2277717197603
2024-10-24,1496.51511,1669.1998840223641
2024-10-25,2017.09692,2249.8522884448976
2024-10-26,1729.75386,1929.3523488040403
2024-10-27,1156.64684,1290.1137838714064
2024-10-28,1813.61834,2022.8940573736222
2024-10-29,1747.64809,1949.3114166684932
2024-10-30,1704.59737,1901.2930195598403
2024-10-31,2457.10361,2740.6319077145386
2024-11-01,2459.23995,2735.628791067695
2024-11-02,2452.78641,2728.449951187387
2024-11-03,2459.23995,2735.628791067695
2024-11-04,2376.65351,2643.7606335844107
2024-11-05,1622.52726,1804.8797095818893
2024-11-06,1941.86029,2160.1019117939522
2024-11-07,1935.4924,2153.0183479382367
2024-11-08,1594.90149,1774.149136996886
2024-11-09,797.5421,887.1761906960688
2024-11-10,848.03319,943.3418688343043
2024-11-11,825.34928,918.1085615720388
2024-11-12,1047.43153,1165.1501717594033
2024-11-13,854.63033,950.6804476186576
2024-11-14,937.20957,1042.5405959089817
2024-11-15,724.4679,805.8893339970147
2024-11-16,710.63871,790.5059102196213
2024-11-17,543.1144,604.1538929470695
2024-11-18,728.62159,810.5098485397984
2024-11-19,709.21802,788.925551838089
2024-11-20,759.30783,844.6448509553265
2024-11-21,586.06794,651.9348915854
2024-11-22,694.59113,772.6547762239485
2024-11-23,571.38481,635.6015552751347
2024-11-24,238.43958,265.237306338525
2024-11-25,456.95735,508.31383206425124
2024-11-26,512.64961,570.2652288344719
2024-11-27,778.38181,865.8625157253907
2024-11-28,801.42678,891.4974617668664
2024-11-29,616.34371,685.6132921350265
2024-11-30,456.81836,508.1592212684765
2024-12-01,555.43238,615.0270703246571
2024-12-02,664.16823,735.429649779534
2024-12-03,732.87475,811.507983037315
2024-12-04,782.23972,866.1695295531385
2024-12-05,796.78833,882.2791214814953
2024-12-06,785.06864,869.3019763503216
2024-12-07,808.46226,895.2055968286386
2024-12-08,721.8486,799.2987907474088
2024-12-09,848.89845,939.980356756735
2024-12-10,863.47142,956.1169223725694
2024-12-11,879.17439,973.5047304699224
2024-12-12,895.95885,992.0900662056268
2024-12-13,946.74406,1048.3242362806996
2024-12-14,1010.7034,1119.1460445089103
2024-12-15,947.80213,1049.4958310881511
2024-12-16,1109.00253,1227.992104112714
2024-12-17,1062.37002,1176.35619479251
2024-12-18,937.90408,1038.5357774207237
2024-12-19,895.87384,991.9959351230127
2024-12-20,937.74622,1038.3609799533497
2024-12-21,955.87624,1058.4362465151003
2024-12-22,879.85089,974.2538150174863
2024-12-23,743.54175,823.3194906040022
2024-12-24,720.56717,797.8798707004247
2024-12-25,443.12608,490.6709521811631
2024-12-26,547.60732,606.3624265260462
2024-12-27,405.34897,448.84057619798347
2024-12-28,495.844,549.0452008902672
2024-12-29,304.37425,337.031851221502
2024-12-30,399.39102,442.24337253182205
2024-12-31,168.29281,186.3496577045151
2025-01-01,223.29989,244.95611871929233
2025-01-02,469.71028,515.264056383333
2025-01-03,509.85837,559.3058169967969
2025-01-04,417.17095,457.62931972084704
2025-01-05,181.58727,199.19809574483978
2025-01-06,326.08297,357.70738047233
2025-01-07,356.63702,391.2246450762454
2025-01-08,243.19258,266.7780557264538
2025-01-09,223.97813,245.70013627326503
2025-01-10,220.56313,241.95394031487749
2025-01-11,268.9234,295.0043204087371
2025-01-12,298.89621,327.88397478165587
2025-01-13,381.38327,418.3708534906664
2025-01-14,446.96236,490.3099814299733
2025-01-15,553.84713,607.56072619928
2025-01-16,597.80202,655.7784805973382
2025-01-17,688.35625,755.1149053238087
2025-01-18,671.0729,736.1553691840144
2025-01-19,644.11073,706.5783348404249
2025-01-20,658.66169,722.5404863902519
2025-01-21,682.20358,748.3655327067391
2025-01-22,706.1764,774.6633017829183
2025-01-23,738.16777,809.757281577144
2025-01-24,681.42876,747.515568562529
2025-01-25,722.12561,792.1593094085331
2025-01-26,760.34224,834.0822917948265
2025-01-27,738.10779,809.6914845541326
2025-01-28,740.82534,812.6725899206673
2025-01-29,765.94993,840.2338307740038
2025-01-30,708.45756,777.1656948641585
2025-01-31,644.20002,706.6762844266985
2025-02-01,635.02216,688.7564058912267
2025-02-02,499.37534,541.6314359314789
2025-02-03,655.33971,710.7931844416245
2025-02-04,678.60689,736.02918450818
2025-02-05,710.98951,771.1519540262411
2025-02-06,740.33257,802.9779623397945
2025-02-07,648.83147,703.7342307964831
2025-02-08,492.62594,534.3109158319563
2025-02-09,627.9277,681.061627536816
2025-02-10,601.26325,652.1408875943448
2025-02-11,427.90848,464.1171998394164
2025-02-12,620.88056,673.4181733017507
2025-02-13,562.25728,609.8343140639015
2025-02-14,463.36972,502.57909573742126
2025-02-15,440.30941,477.56747057722606
2025-02-16,346.61765,375.9477099704098
2025-02-17,312.77579,339.2422226181667
2025-02-18,277.27529,300.7377446211445
2025-02-19,236.97003,257.02193789069685
2025-02-20,257.86898,279.68931329205367
2025-02-21,213.81199,231.90431302247924
2025-02-22,199.25692,216.11762346711757
2025-02-23,195.01404,211.5157198431121
2025-02-24,274.31307,297.5248677655414
2025-02-25,317.22109,344.0636745988476
2025-02-26,273.30283,296.42914337147056
2025-02-27,245.44174,266.21050625711854
2025-02-28,243.41462,264.0118556060763
2025-03-01,170.09031,183.5286673411337
2025-03-02,153.1371,165.23603186734113
2025-03-03,220.3846,237.79656783804333
2025-03-04,268.64348,289.86824631153013
2025-03-05,228.27878,246.31444481264015
2025-03-06,234.69689,253.23963164514578
2025-03-07,192.20838,207.394223887288
2025-03-08,190.09286,205.1115625979205
2025-03-09,191.77067,206.92193165040578
2025-03-10,251.57982,271.45643449366577
2025-03-11,301.41603,325.2300633772446
2025-03-12,289.49921,312.37172892218854
2025-03-13,258.92779,279.384946951328
2025-03-14,248.70401,268.3534148282521
2025-03-15,242.49864,261.65777598522425
2025-03-16,245.94411,265.3754628861644
2025-03-17,266.18409,287.2145468199359
2025-03-18,245.72916,265.143530290798
2025-03-19,265.23352,286.1888749558863
2025-03-20,277.92897,299.88735677884256
2025-03-21,230.60212,248.82134537611344
2025-03-22,211.0251,227.6976000486417
2025-03-23,162.68521,175.53851120273978
2025-03-24,201.95563,217.9115767143883
2025-03-25,295.13441,318.4521502360233
2025-03-26,252.13327,272.05361102265175
2025-03-27,307.44973,331.7404690560643
2025-03-28,277.09068,298.9828358420215
2025-03-29,172.39017,186.0102328157994
2025-03-30,179.30378,193.47006771066398
2025-03-31,266.53012,287.5879156776918
2025-04-01,209.55611,224.62999699798357
2025-04-02,220.56457,236.43032263273804
2025-04-03,231.33234,247.97264484312348
2025-04-04,167.28136,179.3143201342047
2025-04-05,119.13525,127.7049418881369
2025-04-06,133.29443,142.88262657074486
2025-04-07,181.24308,194.2803410327921
2025-04-08,241.80426,259.1978358345154
2025-04-09,212.34067,227.61485725541394
2025-04-10,159.66587,171.15102918631408
2025-04-11,116.90862,125.31814490943931
2025-04-12,113.38042,121.53615279568855
2025-04-13,110.84929,118.82295238219784
2025-04-14,113.03577,121.16671127253109
2025-04-15,127.56978,136.746188400011
2025-04-16,126.05116,135.11833032399937
2025-04-17,114.22302,122.43936308848556
2025-04-18,114.40738,122.63698455724898
2025-04-19,117.04998,125.46967328232061
2025-04-20,116.84356,125.2484049834372
2025-04-21,111.87619,119.92371982781052
2025-04-22,151.48374,162.38033842794337
2025-04-23,165.8901,177.82298337660112
2025-04-24,161.94891,173.5982938752142
2025-04-25,116.31246,124.67910165266996
2025-04-26,111.02584,119.0122020584301
2025-04-27,111.10147,119.09327231055953
2025-04-28,109.94906,117.85796662159417
2025-04-29,109.00823,116.8494604030181
2025-04-30,108.12531,115.90302979333813
2025-05-01,107.68861,115.06670719288222
2025-05-02,108.85659,116.31470930440676
2025-05-03,108.30687,115.72732619789187
2025-05-04,105.05275,112.25025584467157
2025-05-05,107.95071,115.34676451700642
2025-05-06,160.11789,171.08808782072796
2025-05-07,111.80548,119.46563735681656
2025-05-08,108.01457,115.41499977346797
2025-05-09,106.41155,113.702151655507
2025-05-10,105.57171,112.804771483464
2025-05-11,109.80263,117.32556558412615
2025-05-12,160.13292,171.10414757495
2025-05-13,190.61578,203.6754875339449
2025-05-14,171.2143,182.94474898816406
2025-05-15,123.5723,132.0386404955083
2025-05-16,111.10408,118.7161821597898
2025-05-17,112.92504,120.66190205653608
2025-05-18,107.4117,114.7708251874521
2025-05-19,126.70538,135.38637800434861
2025-05-20,178.32321,190.5407135514596
2025-05-21,178.28581,190.5007511557242
2025-05-22,162.82701,173.98281844999676
2025-05-23,182.37257,194.8675083855518
2025-05-24,110.07551,117.61714148113879
2025-05-25,109.51404,117.01720334387815
2025-05-26,110.84576,118.44016381576934
2025-05-27,125.14105,133.7148706642219
2025-05-28,124.25666,132.7698882266706
2025-05-29,159.87678,170.8304585898253
2025-05-30,109.77532,117.29638448713328
2025-05-31,107.8832,115.27462918716428
2025-06-01,108.19567,115.49299647982924
2025-06-02,109.06211,116.41787408232464
2025-06-03,108.91651,116.26245399677535
2025-06-04,107.54505,114.79849499590011
2025-06-05,112.98257,120.60275202595501
2025-06-06,107.49438,114.74440752519419
2025-06-07,105.88493,113.02640713585826
2025-06-08,109.21179,116.57764934609536
2025-06-09,116.68991,124.56013595425391
2025-06-10,108.98108,116.33137896191215
2025-06-11,108.2858,115.58920535558856
2025-06-12,111.58021,119.10580895472626
2025-06-13,109.38225,116.75960613031744
2025-06-14,112.68331,120.28330824297782
2025-06-15,112.67066,120.26980505560007
2025-06-16,111.31417,118.8218257159932
2025-06-17,105.64522,112.77052974089246
2025-06-18,105.64727,112.7727180044596
2025-06-19,107.91965,115.19836013358395
2025-06-20,106.21128,113.37476802129103
2025-06-21,105.89834,113.04072158192432
2025-06-22,106.27615,113.4440132201206
2025-06-23,110.01897,117.43927011981569
2025-06-24,121.45089,129.64222330932586
2025-06-25,157.641,168.27319853074306
2025-06-26,160.65777,171.4934365216946
2025-06-27,128.78419,137.47012243953625
2025-06-28,106.81681,114.02113838119945
2025-06-29,104.22968,111.25951773609543
2025-06-30,107.00749,114.22467891631304
2025-07-01,106.14932,112.99227497780576
2025-07-02,131.14372,139.5979481719936
2025-07-03,115.80141,123.2665905117209
2025-07-04,115.27205,122.70310512451115
2025-07-05,109.6257,116.69276109384818
2025-07-06,108.89998,115.92025728697601
2025-07-07,135.68842,144.43562392998842
2025-07-08,157.21715,167.35221143222523
2025-07-09,189.45711,201.67053231825125
2025-07-10,172.90279,184.04903198729681
2025-07-11,143.73701,153.00306924629962
2025-07-12,123.54751,131.51204569886278
2025-07-13,120.17053,127.91736744040053
2025-07-14,110.57836,117.70683467133655
2025-07-15,133.88138,142.51209243137973
2025-07-16,132.73287,141.2895433115666
2025-07-17,122.64356,130.54982222945017
2025-07-18,146.68428,156.1403360914743
2025-07-19,110.3726,117.48781027721482
2025-07-20,110.84697,117.9927607138377
2025-07-21,130.85938,139.29527808925366
2025-07-22,166.84913,177.6051205675897
2025-07-23,174.38287,185.62452588918097
2025-07-24,172.62271,183.7508965270246
2025-07-25,131.26732,139.72951609147967
2025-07-26,122.75023,130.66336875025578
2025-07-27,109.08081,116.11274455947324
2025-07-28,154.43016,164.3855570962352
2025-07-29,134.70463,143.38841354559392
2025-07-30,190.58942,202.8758370991026
2025-07-31,189.42634,201.6377787188776
2025-08-01,191.56064,203.5229356813507
2025-08-02,131.65607,139.87753364506094
2025-08-03,113.52565,120.6149319773286
2025-08-04,166.38695,176.77723630003595
2025-08-05,222.99671,236.92207891184128
2025-08-06,212.43526,225.70110309420042
2025-08-07,161.20138,171.2678454899972
2025-08-08,174.5875,185.48988212436447
2025-08-09,115.22878,122.424416521998
2025-08-10,122.48518,130.1339534627712
2025-08-11,184.75611,196.2934864503823
2025-08-12,211.96977,225.20654486276882
2025-08-13,232.96515,247.5130133175908
2025-08-14,344.48996,366.0021597962456
2025-08-15,224.22913,238.23145925423523
2025-08-16,216.61553,230.1424164158759
2025-08-17,232.46317,246.9796864125788
2025-08-18,266.19227,282.81505139094725
2025-08-19,334.45752,355.343228813101
2025-08-20,306.09253,325.2069438467731
2025-08-21,311.41459,330.861347982572
2025-08-22,281.56296,299.1455875190786
2025-08-23,230.7905,245.20256398896336
2025-08-24,241.75939,256.8564230174454
2025-08-25,301.27993,320.0938137159692
2025-08-26,335.19067,356.12216148055705
2025-08-27,326.74575,347.14988559969674
2025-08-28,467.42962,496.6189739542434
2025-08-29,405.88685,431.2330720259446
2025-08-30,337.64605,358.73087142124876
2025-08-31,273.61018,290.69618406945597
2025-09-01,376.66549,398.91044674988837
2025-09-02,286.35426,303.2656529944745
2025-09-03,261.32846,276.76188951385046
2025-09-04,254.91153,269.96599108136394
2025-09-05,239.94602,254.1166541008513
2025-09-06,131.96202,139.75537910897467
2025-09-07,106.26,112.53545970363025
2025-09-08,233.6946,247.49604029038198
2025-09-09,252.45857,267.3681651710062
2025-09-10,254.16349,269.1737736404012
2025-09-11,323.66692,342.78190883736227
2025-09-12,299.22431,316.8957771536944
2025-09-13,230.25122,243.84930255996332
2025-09-14,204.12076,216.17564051999227
2025-09-15,350.05771,370.73127534020404
2025-09-16,382.05747,404.62086410366953
2025-09-17,368.63578,390.4065214145145
2025-09-18,313.36271,331.86915700946145
2025-09-19,310.89736,329.25820937554136
2025-09-20,275.65817,291.93787767750285
2025-09-21,256.66626,271.8243512094061
2025-09-22,369.81851,391.6591006000525
2025-09-23,359.00782,380.2099572830617
2025-09-24,432.7254,458.2811200304656
2025-09-25,512.11475,542.3590138552576
2025-09-26,486.2516,514.968448500148
2025-09-27,302.40068,320.25973591652917
2025-09-28,319.10975,337.9556033517836
2025-09-29,343.28061,363.5539361348825
2025-09-30,283.04275,299.7585731886852
2025-10-01,324.30774,342.8434383982192
2025-10-02,315.13931,333.15098990496585
2025-10-03,307.82549,325.41915101445505
2025-10-04,226.10415,239.02705566665384
2025-10-05,211.48165,223.56881166058122
2025-10-06,235.87845,249.3600024533562
2025-10-07,267.15209,282.4210766936074
2025-10-08,240.12939,253.85390348089422
2025-10-09,238.36737,251.9911758280592
2025-10-10,180.25649,190.5589882782144
2025-10-11,131.38393,138.89313376076356
2025-10-12,108.92107,115.14641664985582
2025-10-13,110.46985,116.78371664313502
2025-10-14,152.21047,160.91000755951424
2025-10-15,192.19656,203.18148891145685
2025-10-16,183.97412,194.48909815438438
2025-10-17,164.62175,174.0306500397802
2025-10-18,162.61806,171.9124398204246
2025-10-19,123.66749,130.7356632613128
2025-10-20,151.53925,160.20042420907788
2025-10-21,188.9272,199.7252697544253
2025-10-22,123.5809,130.64412423936128
2025-10-23,141.02034,149.08030949149077
2025-10-24,127.0743,134.3371883262694
2025-10-25,114.66734,121.22111275413177
2025-10-26,102.82821,108.70532131220223
2025-10-27,105.08564,111.09177395481659
2025-10-28,178.82526,189.0459568151396
2025-10-29,119.82514,126.673705056031
2025-10-30,107.543,113.68958352847108
2025-10-31,104.43363,110.40249854538595
2025-11-01,165.0534,174.36492024464636
2025-11-02,103.51186,109.35150207917559
2025-11-03,104.03709,109.90636303363091
2025-11-04,186.9682,197.5160480261848
2025-11-05,202.76534,214.20438680741265
2025-11-06,168.13428,177.61960869991796
2025-11-07,235.24825,248.51982660728365
2025-11-08,158.32667,167.2587004396786
2025-11-09,147.0094,155.3029644115984
2025-11-10,243.82309,257.57841790386163
2025-11-11,294.81191,311.4437822808973
2025-11-12,310.74915,328.2801248313676
2025-11-13,306.47307,323.76280893142416
2025-11-14,299.27503,316.1586900794782
2025-11-15,246.45097,260.3545502744308
2025-11-16,182.22862,192.5090836819597
2025-11-17,194.02632,204.97235326362397
2025-11-18,245.98283,259.86000006363037
2025-11-19,358.53054,378.7571114098224
2025-11-20,233.60346,246.7822454537346
2025-11-21,284.77106,300.83647573987207
2025-11-22,202.30624,213.7193865900023
2025-11-23,191.72271,202.5387846493163
2025-11-24,241.60223,255.23226764718996
2025-11-25,201.653,213.0292939260486
2025-11-26,261.04492,275.7718208535546
2025-11-27,230.85732,243.8811814218477
2025-11-28,259.71785,274.36988393672004
2025-11-29,248.19102,262.19276553974305
2025-11-30,260.86243,275.5790356440682
2025-12-01,294.28442,310.049407752325
2025-12-02,263.28645,277.3908584481371
2025-12-03,238.08894,250.843503163976
2025-12-04,239.03399,251.8391800428143
2025-12-05,195.46266,205.9337085214843
2025-12-06,166.94997,175.89357711416878
2025-12-07,166.51646,175.43684373101954
2025-12-08,139.77032,147.25789743593273
2025-12-09,226.24521,238.365297650825
2025-12-10,208.43367,219.599583080693
2025-12-11,241.11994,254.03687559904174
2025-12-12,254.23377,267.85322110881987
2025-12-13,246.98401,260.215087243811
2025-12-14,240.47848,253.36105221329532
2025-12-15,297.23035,313.15315293795123
2025-12-16,326.26525,343.7434694390694
2025-12-17,347.09383,365.6878485989377
2025-12-18,381.70839,402.15673073550244
2025-12-19,386.99048,407.7217853727628
2025-12-20,394.31362,415.4372302471036
2025-12-21,403.27203,424.87554748762386
2025-12-22,438.63672,462.13474452511764
2025-12-23,435.84791,459.19653634938834
2025-12-24,273.43716,288.0853478939787
2025-12-25,208.3356,219.49625941368313
2025-12-26,258.60755,272.4613070504371
2025-12-27,266.11629,280.37229462485976
2025-12-28,290.4932,306.05508988915454
2025-12-29,323.12837,340.4385449507458
2025-12-30,300.62078,316.7252102474266
2025-12-31,274.38801,289.0871354821945
2026-01-01,290.7122,302.71383417028363
2026-01-02,335.33399,349.17777045655305
2026-01-03,338.8707,352.8604884314037
2026-01-04,302.40954,314.8940819926778
2026-01-05,327.34618,340.86019523362216
2026-01-06,318.96875,332.13691511055487
2026-01-07,276.27224,287.677741234158
2026-01-08,195.13049,203.18617103591177
2026-01-09,200.22457,208.4905527865578
2026-01-10,196.19326,204.29281596357959
2026-01-11,125.97548,131.17619612194426
2026-01-12,163.66778,170.42456840111444
2026-01-13,149.8856,156.07341096422326
2026-01-14,140.25598,146.0462459818013
2026-01-15,146.07443,152.10490230385483
2026-01-16,118.79934,123.70379952509438
2026-01-17,107.68241,112.12792309299883
2026-01-18,117.6131,122.46858731643525
2026-01-19,149.97232,156.16371107443274
2026-01-20,177.09429,184.40537251468675
2026-01-21,182.18295,189.7041105084447
2026-01-22,189.04817,196.852751221227
2026-01-23,203.40475,211.80202193422912
2026-01-24,212.93227,221.7228718653089
2026-01-25,229.14443,238.604327524143
2026-01-26,249.84731,260.16189608565253
2026-01-27,262.6902,273.53498628870284
2026-01-28,258.5454,269.219074194649
2026-01-29,247.22066,257.42680862622234
2026-01-30,209.96628,218.6344352430732
2026-01-31,211.44272,220.17182794046386
2026-02-01,172.44507,177.64562342905467
2026-02-02,141.77232,146.04785263726842
2026-02-03,136.54336,140.66119902585703
2026-02-04,146.30864,150.72097779227394
2026-02-05,133.24639,137.26479986479728
2026-02-06,130.87556,134.82247099222178
2026-02-07,114.89134,118.35620305584548
2026-02-08,109.83205,113.14433630802611
2026-02-09,114.82827,118.29123100724084
2026-02-10,117.39771,120.93815950837775
2026-02-11,132.51532,136.51168244647806
2026-02-12,129.42471,133.32786663645768
2026-02-13,119.55992,123.16557687342355
2026-02-14,123.42443,127.14663175772853
2026-02-15,121.71432,125.38494870652701
2026-02-16,111.9854,115.36262647550353
2026-02-17,112.30264,115.68943371665361
2026-02-18,130.33669,134.26734989135636
2026-02-19,131.65256,135.62290355549757
2026-02-20,123.92983,127.66727347906648
2026-02-21,113.02979,116.4385129166356
2026-02-22,113.51487,116.93822183271517
2026-02-23,111.99661,115.37417454375878
2026-02-24,122.70099,126.40137444295858
2026-02-25,124.11369,127.85667828097625
2026-02-26,123.69209,127.42236377817434
2026-02-27,116.43769,119.94918747569302
2026-02-28,119.66134,123.27005547132242
2026-03-01,104.72027,107.04345998666912
2026-03-02,105.1949,107.52861952085934
2026-03-03,118.72328,121.35712285850786
2026-03-04,116.47401,119.05795343081049
2026-03-05,116.75296,119.34309185876985
2026-03-06,112.07236,114.55865405304606
2026-03-07,114.95312,117.5033229102902
2026-03-08,107.186,109.56389151910244
2026-03-09,108.71018,111.12188502735523
2026-03-10,188.23443,192.41035833672385
2026-03-11,234.99016,240.20335116803057
2026-03-12,216.9589,221.77207269329756
2026-03-13,195.62104,199.96083821967417
2026-03-14,207.50654,212.1100147226717
2026-03-15,222.8525,227.79642056575275
2026-03-16,314.90461,321.8906809555843
2026-03-17,334.09161,341.50333919991675
2026-03-18,332.8725,340.25718358453923
2026-03-19,358.55362,366.50803207006027
2026-03-20,351.52757,359.32611111016075
2026-03-21,326.36964,333.610059448888
2026-03-22,308.55891,315.404203370706
2026-03-23,320.70572,327.82048696318213
2026-03-24,303.20493,309.93144681746725
2026-03-25,319.74306,326.8364706195386
2026-03-26,316.23566,323.25125992864514
2026-03-27,283.62242,289.9145042940804
2026-03-28,205.79926,210.3648591919799
2026-03-29,154.279,157.70163659130486
2026-03-30,201.94306,206.42311047035614
2026-03-31,210.52576,215.19621527640356
2026-04-01,169.32668,171.74355059826632
2026-04-02,152.02831,154.19827372067957
2026-04-03,142.89743,144.9370648474725
2026-04-04,148.30138,150.41814768837799
2026-04-05,131.58186,133.45998297919735
2026-04-06,222.49481,225.67057157848163
2026-04-07,266.19642,269.9959529552422
2026-04-08,281.95988,285.9844114197544
2026-04-09,295.66924,299.8894508549447
2026-04-10,314.46545,318.9539470299753
2026-04-11,289.90518,294.0431180132363
2026-04-12,284.93155,288.9984973098596
2026-04-13,391.60188,397.1913775912704
2026-04-14,423.49512,429.53984315902767
2026-04-15,393.73782,399.3578047571775
2026-04-16,420.38653,426.3868829524361
2026-04-17,399.73061,405.43613235794186
2026-04-18,327.91154,332.59195870222834
2026-04-19,218.63861,221.7593304213466
2026-04-20,282.73564,286.77124416703384
2026-04-21,302.68421,307.004548458821
2026-04-22,282.40772,286.43864362757853
2026-04-23,276.7802,280.73079967845746
2026-04-24,298.56987,302.83148276138644
2026-04-25,265.26485,269.0510862665974
2026-04-26,254.77821,258.4147660632732
2026-04-27,285.97203,290.0538285165335
2026-04-28,259.39208,263.09449176154374
2026-04-29,230.03113,233.31446062918954
2026-04-30,207.62247,210.58595244282844
2026-05-01,190.54261,192.3582139269178
2026-05-02,181.28108,183.00843453095715
2026-05-03,205.57119,207.52999522380358
2026-05-04,298.07448,300.91471188515146
2026-05-05,338.81262,342.0410292432727
2026-05-06,325.73672,328.84053424907177
2026-05-07,319.17307,322.21434186700344
2026-05-08,344.7496,348.03458033885096
2026-05-09,214.55728,216.60171006273927
2026-05-10,245.27456,247.61168267460303
2026-05-11,394.08909,397.8442065031248
2026-05-12,611.29365,617.118421432699
2026-05-13,751.50313,758.6639011992559
2026-05-14,848.01358,856.0939604772467
2026-05-15,796.3021,803.8897425738731
2026-05-16,678.52504,684.9904323189992
2026-05-17,693.04048,699.6441841111225
2026-05-18,751.9028,759.0673794940066
2026-05-19,847.32348,855.3972847917873
2026-05-20,848.22595,856.3083540655977
2026-05-21,719.85827,726.7175100504866
2026-05-22,580.59388,586.1261256665858
2026-05-23,709.09436,715.8510350795074
2026-05-24,612.16489,617.9979631283948
2026-05-25,641.18115,647.2907074045389
2026-05-26,633.59543,639.632706128343
2026-05-27,561.59059,566.9417609560612
2026-05-28,445.58075,449.82650983009256
2026-05-29,394.00758,397.76191982710424
2026-05-30,352.23042,355.58668206511976
2026-05-31,338.31576,341.5394348640852
2026-06-01,540.38505,543.4148315307618
2026-06-02,552.1953,555.2912981615211
2026-06-03,578.15137,581.3928962835466
2026-06-04,535.01743,538.0171168493117
2026-06-05,659.88652,663.5863114555458
2026-06-06,580.15937,583.4121545545031
2026-06-07,469.57292,472.20567854941197
2026-06-08,441.30008,443.7743209730019
2026-06-09,476.29813,478.96859484244965
2026-06-10,416.25723,418.59106300944404
2026-06-11,436.55088,438.9984935923113
2026-06-12,444.97498,447.46982506659674
2026-06-13,571.86718,575.0734726611549
2026-06-14,409.20785,411.50215918966535
2026-06-15,367.44683,369.50699731786153
2026-06-16,524.50557,527.4463199129884
2026-06-17,451.18097,453.71061024437245
2026-06-18,439.95035,442.4170234301443
2026-06-19,513.6338,516.513595066157
2026-06-20,487.15213,489.8834500580684
2026-06-21,430.0842,432.49555680165923
2026-06-22,654.19018,657.8580337368304
2026-06-23,669.12319,672.8747687730738
2026-06-24,719.33579,723.3688961915165
2026-06-25,728.17844,732.2611243537048
2026-06-26,710.60297,714.5871138141387
2026-06-27,698.75072,702.6684117016164
2026-06-28,722.09821,726.146804275608
2026-06-29,745.70325,749.884190857411
2026-06-30,813.0572,817.6157748310634
2026-07-01,825.37626,828.5952051354017
2026-07-02,818.87872,822.0723249047836
2026-07-03,806.65925,809.8051993016122
2026-07-04,770.4873,773.4921796729673
2026-07-05,694.21574,696.9231626476932
2026-07-06,806.86283,810.0095732581171
2026-07-07,726.36908,729.2018998058086
2026-07-08,737.89833,740.7761135696104
2026-07-09,725.85149,728.6822912187794
2026-07-10,731.01165,733.8625757034961
2026-07-11,759.3918,762.3534075224576
2026-07-12,789.08379,792.1611954820099
2026-07-13,818.13325,821.3239475919054
2026-07-14,862.45706,865.8206192545148
2026-07-15,880.98995,884.4257870252742
2026-07-16,837.45292,840.7189637834279
2026-07-17,857.402,860.7458446569614
2026-07-18,788.4895,791.5645877670511
2026-07-19,823.10829,826.3183901136189
2026-07-20,792.11096,795.2001713633003
2026-07-21,793.65517,796.7504037406189
2026-07-22,949.29303,952.995247193634
2026-07-23,963.34346,967.100473491384
2026-07-24,851.72143,855.0431205872916
2026-07-25,681.78232,684.4412526452967
2026-07-26,569.23264,571.4526319312433
2026-07-27,628.16668,630.6165130964928
2026-07-28,708.39534,711.1580627049567
2026-07-29,723.72611,726.5486222941477
2026-07-30,977.3111,981.1225869103687
2026-07-31,975.4846,979.2889636096697
