window_id,start_datetime,end_datetime,log_price_mean,log_price_std
0,2000-01-01,2000-01-01 23:00:00,4.8707840693995275,0.07198087031180778
1,2000-01-02,2000-01-02 23:00:00,4.874237788078286,0.0885443232240532
2,2000-01-03,2000-01-03 23:00:00,4.98095428641845,0.18705006422342885
3,2000-01-04,2000-01-04 23:00:00,5.0923749306883614,0.19688086251127165
4,2000-01-05,2000-01-05 23:00:00,5.073515427917671,0.19410627326118216
5,2000-01-06,2000-01-06 23:00:00,4.972467207692875,0.16909791195186066
6,2000-01-07,2000-01-07 23:00:00,5.020144410345073,0.15157633207536914
7,2000-01-08,2000-01-08 23:00:00,4.855775020403143,0.0
8,2000-01-09,2000-01-09 23:00:00,4.855775020403143,0.0
9,2000-01-10,2000-01-10 23:00:00,4.855775020403143,0.0
10,2000-01-11,2000-01-11 23:00:00,4.896650354911614,0.13625686640919768
11,2000-01-12,2000-01-12 23:00:00,4.9454796901764695,0.1750069403048955
12,2000-01-13,2000-01-13 23:00:00,4.944217503403245,0.1725475448226117
13,2000-01-14,2000-01-14 23:00:00,4.96419859807568,0.1879130397985523
14,2000-01-15,2000-01-15 23:00:00,4.874237788078286,0.0885443232240532
15,2000-01-16,2000-01-16 23:00:00,4.855775020403143,0.0
16,2000-01-17,2000-01-17 23:00:00,4.8927005557534295,0.12246814593990779
17,2000-01-18,2000-01-18 23:00:00,5.014930715118309,0.22661424945192976
18,2000-01-19,2000-01-19 23:00:00,4.941434077149277,0.19248263282824907
19,2000-01-20,2000-01-20 23:00:00,5.021290546310864,0.21637545882669446
20,2000-01-21,2000-01-21 23:00:00,4.978092202839238,0.20268455478492464
21,2000-01-22,2000-01-22 23:00:00,4.927078099987683,0.15574193434918132
22,2000-01-23,2000-01-23 23:00:00,4.857046033502972,0.0060955646907059225
23,2000-01-24,2000-01-24 23:00:00,4.907442213654405,0.1280782649598229
24,2000-01-25,2000-01-25 23:00:00,4.980866023228407,0.17976793938123564
25,2000-01-26,2000-01-26 23:00:00,5.150841344164097,0.20620415226727212
26,2000-01-27,2000-01-27 23:00:00,5.1389801929130465,0.16446490152710733
27,2000-01-28,2000-01-28 23:00:00,5.192365430974955,0.19641231435946435
28,2000-01-29,2000-01-29 23:00:00,4.980000035679148,0.1738497649957463
29,2000-01-30,2000-01-30 23:00:00,4.942747355645673,0.142523547121391
30,2000-01-31,2000-01-31 23:00:00,5.14813644567004,0.20242386597641687
31,2000-02-01,2000-02-01 23:00:00,5.031573073440128,0.19258177231776166
32,2000-02-02,2000-02-02 23:00:00,4.972411790724819,0.15954293852511817
33,2000-02-03,2000-02-03 23:00:00,4.906404233755546,0.08438762105161596
34,2000-02-04,2000-02-04 23:00:00,4.919537729370167,0.10981979546918857
35,2000-02-05,2000-02-05 23:00:00,4.8987755925796215,0.0777411794424663
36,2000-02-06,2000-02-06 23:00:00,4.881293031712015,0.0114930547654244
37,2000-02-07,2000-02-07 23:00:00,4.962361057489126,0.1597182753609955
38,2000-02-08,2000-02-08 23:00:00,4.9959359920368245,0.18263288999223465
39,2000-02-09,2000-02-09 23:00:00,4.928964879846765,0.13263242841123501
40,2000-02-10,2000-02-10 23:00:00,4.9624772142507885,0.16020162131518367
41,2000-02-11,2000-02-11 23:00:00,4.94193038919427,0.14061885398329818
42,2000-02-12,2000-02-12 23:00:00,5.062089483095317,0.2180801303905741
43,2000-02-13,2000-02-13 23:00:00,4.976018982034623,0.18743473942121006
44,2000-02-14,2000-02-14 23:00:00,5.090087735314163,0.21986770211419407
45,2000-02-15,2000-02-15 23:00:00,5.254168531468373,0.17002634003644213
46,2000-02-16,2000-02-16 23:00:00,5.231607573296357,0.18046981671612322
47,2000-02-17,2000-02-17 23:00:00,5.215966543814912,0.2192418389035601
48,2000-02-18,2000-02-18 23:00:00,5.288284666421684,0.21066556603093894
49,2000-02-19,2000-02-19 23:00:00,4.98395323180607,0.37126431100785495
50,2000-02-20,2000-02-20 23:00:00,4.9247654575816755,0.3191330129776105
51,2000-02-21,2000-02-21 23:00:00,5.284680773201875,0.20810040903218052
52,2000-02-22,2000-02-22 23:00:00,5.098540796209473,0.2241452586956331
53,2000-02-23,2000-02-23 23:00:00,5.19176805895886,0.20802333834387554
54,2000-02-24,2000-02-24 23:00:00,5.118077327068579,0.2248637597893068
55,2000-02-25,2000-02-25 23:00:00,5.029490873445362,0.24363263500739504
56,2000-02-26,2000-02-26 23:00:00,4.941755528332159,0.1196681267648229
57,2000-02-27,2000-02-27 23:00:00,4.878896564131876,0.0
58,2000-02-28,2000-02-28 23:00:00,4.8985096361113145,0.09283827895202537
59,2000-02-29,2000-02-29 23:00:00,4.919919281575386,0.13608199639541377
60,2000-03-01,2000-03-01 23:00:00,4.912744512327899,0.13510655297472784
61,2000-03-02,2000-03-02 23:00:00,4.950600729514618,0.1758945375569522
62,2000-03-03,2000-03-03 23:00:00,4.873278800718718,0.005768364186715045
63,2000-03-04,2000-03-04 23:00:00,5.0401815496084525,0.23789714660753808
64,2000-03-05,2000-03-05 23:00:00,4.872076013640257,0.0
65,2000-03-06,2000-03-06 23:00:00,4.893533743588963,0.10290765770673876
66,2000-03-07,2000-03-07 23:00:00,4.8956657077797425,0.11313219877945038
67,2000-03-08,2000-03-08 23:00:00,4.919255401919227,0.15647632875983888
68,2000-03-09,2000-03-09 23:00:00,4.917468395732329,0.15079381152627183
69,2000-03-10,2000-03-10 23:00:00,4.896352791316873,0.11642733566597128
70,2000-03-11,2000-03-11 23:00:00,4.872076013640257,0.0
71,2000-03-12,2000-03-12 23:00:00,4.872076013640257,0.0
72,2000-03-13,2000-03-13 23:00:00,4.91632609025006,0.14751610498941928
73,2000-03-14,2000-03-14 23:00:00,4.940602867926676,0.18212036453254554
74,2000-03-15,2000-03-15 23:00:00,4.943952145743875,0.19120577651913662
75,2000-03-16,2000-03-16 23:00:00,5.053913671191105,0.25854531318570284
76,2000-03-17,2000-03-17 23:00:00,4.960911267142952,0.19985198587613268
77,2000-03-18,2000-03-18 23:00:00,4.9479279378312855,0.20072469305147153
78,2000-03-19,2000-03-19 23:00:00,4.894967103997401,0.1097818127377943
79,2000-03-20,2000-03-20 23:00:00,4.948929597470464,0.20333547017878176
80,2000-03-21,2000-03-21 23:00:00,4.974272612310693,0.22970258506665975
81,2000-03-22,2000-03-22 23:00:00,5.059446745681033,0.2676522108033263
82,2000-03-23,2000-03-23 23:00:00,5.2497083191210425,0.27330295171746877
83,2000-03-24,2000-03-24 23:00:00,5.156312178847437,0.3084140019965382
84,2000-03-25,2000-03-25 23:00:00,4.685775364519497,0.33986459271971087
85,2000-03-26,2000-03-26 23:00:00,4.905725738672349,0.2977652808484588
86,2000-03-27,2000-03-27 23:00:00,4.961091828819687,0.2392208706583962
87,2000-03-28,2000-03-28 23:00:00,4.938124902360975,0.2964461230387772
88,2000-03-29,2000-03-29 23:00:00,4.936538902628262,0.2390602810776761
89,2000-03-30,2000-03-30 23:00:00,4.866696787183316,0.28431888608044037
90,2000-03-31,2000-03-31 23:00:00,4.934599701124288,0.1873301997246359
91,2000-04-01,2000-04-01 23:00:00,4.942119370653859,0.13855901706525106
92,2000-04-02,2000-04-02 23:00:00,4.9514491836544545,0.0
93,2000-04-03,2000-04-03 23:00:00,5.060266198995719,0.2023617796665659
94,2000-04-04,2000-04-04 23:00:00,5.109581822834149,0.2287258039301067
95,2000-04-05,2000-04-05 23:00:00,5.036810208750323,0.29268132584076273
96,2000-04-06,2000-04-06 23:00:00,5.121575886597452,0.2619845565239477
97,2000-04-07,2000-04-07 23:00:00,5.260576275781379,0.23254071414248476
98,2000-04-08,2000-04-08 23:00:00,5.069067235169851,0.2738108338309837
99,2000-04-09,2000-04-09 23:00:00,4.909425277122143,0.22900642293465262
100,2000-04-10,2000-04-10 23:00:00,5.239359541345793,0.2207067544116325
101,2000-04-11,2000-04-11 23:00:00,5.241828804247024,0.21808049581634933
102,2000-04-12,2000-04-12 23:00:00,5.295523621777778,0.24775774275387297
103,2000-04-13,2000-04-13 23:00:00,5.280655108096159,0.23739969842651815
104,2000-04-14,2000-04-14 23:00:00,5.24337427947641,0.21669333395484236
105,2000-04-15,2000-04-15 23:00:00,4.989294290142358,0.2015131992313984
106,2000-04-16,2000-04-16 23:00:00,4.959581832727959,0.1561836009430282
107,2000-04-17,2000-04-17 23:00:00,5.121592655057607,0.21800673215187916
108,2000-04-18,2000-04-18 23:00:00,5.19089815856564,0.19341351535468113
109,2000-04-19,2000-04-19 23:00:00,5.112072200413366,0.204367610036766
110,2000-04-20,2000-04-20 23:00:00,4.768185694765003,0.3219898240872717
111,2000-04-21,2000-04-21 23:00:00,4.702832124010966,0.21502215487051585
112,2000-04-22,2000-04-22 23:00:00,4.935063220215358,0.34583857931057
113,2000-04-23,2000-04-23 23:00:00,5.0564737237412425,0.27932723420131417
114,2000-04-24,2000-04-24 23:00:00,5.054648494572951,0.25256950040654885
115,2000-04-25,2000-04-25 23:00:00,5.204700655454073,0.25723545635917205
116,2000-04-26,2000-04-26 23:00:00,5.3342741089675565,0.27618301746510837
117,2000-04-27,2000-04-27 23:00:00,5.307162814562221,0.2585771861367368
118,2000-04-28,2000-04-28 23:00:00,4.924863739827514,0.31216952448940327
119,2000-04-29,2000-04-29 23:00:00,5.076432354828256,0.34969134078929937
120,2000-04-30,2000-04-30 23:00:00,4.895266999165802,0.3050194055816246
121,2000-05-01,2000-05-01 23:00:00,4.930765144587858,0.2997620397436621
122,2000-05-02,2000-05-02 23:00:00,5.079612781788976,0.2648466282084542
123,2000-05-03,2000-05-03 23:00:00,4.950564566879539,0.31243120331749213
124,2000-05-04,2000-05-04 23:00:00,5.026632557299412,0.13888807336263262
125,2000-05-05,2000-05-05 23:00:00,5.120465311396257,0.21119138209720417
126,2000-05-06,2000-05-06 23:00:00,4.882887294840219,0.17126838144139936
127,2000-05-07,2000-05-07 23:00:00,4.86648037188872,0.17895649333958089
128,2000-05-08,2000-05-08 23:00:00,4.798679365630335,0.30712048185103114
129,2000-05-09,2000-05-09 23:00:00,5.008470590563988,0.142922455793965
130,2000-05-10,2000-05-10 23:00:00,5.022978046706761,0.144169720041772
131,2000-05-11,2000-05-11 23:00:00,4.983072788097572,0.08655975888477593
132,2000-05-12,2000-05-12 23:00:00,4.987082249107195,0.10734697677908364
133,2000-05-13,2000-05-13 23:00:00,4.890457408368092,0.3415267565635911
134,2000-05-14,2000-05-14 23:00:00,4.827356986346509,0.2265589112495895
135,2000-05-15,2000-05-15 23:00:00,4.8689103319451625,0.29145204749435333
136,2000-05-16,2000-05-16 23:00:00,5.035828988831879,0.23641650250731253
137,2000-05-17,2000-05-17 23:00:00,4.91687365808177,0.3463404406656832
138,2000-05-18,2000-05-18 23:00:00,4.977580217214854,0.23553592923226058
139,2000-05-19,2000-05-19 23:00:00,4.937896258198116,0.20197748390226694
140,2000-05-20,2000-05-20 23:00:00,4.808529193739948,0.35052645098031304
141,2000-05-21,2000-05-21 23:00:00,4.722672929517837,0.21022764465593854
142,2000-05-22,2000-05-22 23:00:00,4.673294971060471,0.21411485319187554
143,2000-05-23,2000-05-23 23:00:00,4.774783743040914,0.29550698778465095
144,2000-05-24,2000-05-24 23:00:00,4.826192749138039,0.29287458326561366
145,2000-05-25,2000-05-25 23:00:00,4.772240236128794,0.23790342847368998
146,2000-05-26,2000-05-26 23:00:00,5.170334991479783,0.2740867099032099
147,2000-05-27,2000-05-27 23:00:00,4.914051070583703,0.3033072058672518
148,2000-05-28,2000-05-28 23:00:00,4.915793442291624,0.2218740573162686
149,2000-05-29,2000-05-29 23:00:00,4.772496548230468,0.3087649177951953
150,2000-05-30,2000-05-30 23:00:00,4.7845327013111145,0.18781487971526722
151,2000-05-31,2000-05-31 23:00:00,4.831194880579237,0.3060058221609079
152,2000-06-01,2000-06-01 23:00:00,4.914862102941668,0.2939573694655999
153,2000-06-02,2000-06-02 23:00:00,4.9061777671163345,0.23972250068568368
154,2000-06-03,2000-06-03 23:00:00,4.8230823204923245,0.2463540856582104
155,2000-06-04,2000-06-04 23:00:00,4.9046803845885165,0.17368030913964852
156,2000-06-05,2000-06-05 23:00:00,4.966869967976797,0.16773933017158565
157,2000-06-06,2000-06-06 23:00:00,5.1062191914883766,0.2808870589127402
158,2000-06-07,2000-06-07 23:00:00,4.886140673604928,0.25062941978778414
159,2000-06-08,2000-06-08 23:00:00,5.05398274529021,0.21051332300854564
160,2000-06-09,2000-06-09 23:00:00,5.005102223756308,0.2312139707669304
161,2000-06-10,2000-06-10 23:00:00,4.891891531954109,0.30834769592965744
162,2000-06-11,2000-06-11 23:00:00,4.843456593579716,0.1880943541088792
163,2000-06-12,2000-06-12 23:00:00,4.951393249878613,0.21100245980747281
164,2000-06-13,2000-06-13 23:00:00,5.090649169803297,0.18851996346883518
165,2000-06-14,2000-06-14 23:00:00,5.030219051867535,0.18173185558179458
166,2000-06-15,2000-06-15 23:00:00,5.159267170181075,0.24064989905893586
167,2000-06-16,2000-06-16 23:00:00,5.0734732750782,0.19254391191196416
168,2000-06-17,2000-06-17 23:00:00,5.074895334687397,0.19561685573269402
169,2000-06-18,2000-06-18 23:00:00,4.93177871076337,0.24254704267865937
170,2000-06-19,2000-06-19 23:00:00,5.046958360433487,0.16551044765474987
171,2000-06-20,2000-06-20 23:00:00,5.004373329018073,0.28877455812669595
172,2000-06-21,2000-06-21 23:00:00,5.148207286328177,0.17442369528190982
173,2000-06-22,2000-06-22 23:00:00,5.103319303096601,0.1724467384744351
174,2000-06-23,2000-06-23 23:00:00,5.116341578669901,0.14645324344129124
175,2000-06-24,2000-06-24 23:00:00,5.047890803459352,0.15654105780033878
176,2000-06-25,2000-06-25 23:00:00,4.864051487192945,0.2872084128526018
177,2000-06-26,2000-06-26 23:00:00,4.818569607515749,0.2005491109246418
178,2000-06-27,2000-06-27 23:00:00,4.9167145051077386,0.16794847346299688
179,2000-06-28,2000-06-28 23:00:00,4.983230435260045,0.24091336216207176
180,2000-06-29,2000-06-29 23:00:00,4.83119443553804,0.2430799435798698
181,2000-06-30,2000-06-30 23:00:00,5.060021116617441,0.18126000025176653
182,2000-07-01,2000-07-01 23:00:00,4.9496930618857355,0.261800223441157
183,2000-07-02,2000-07-02 23:00:00,4.91520538937634,0.18866908735865584
184,2000-07-03,2000-07-03 23:00:00,4.957489724564611,0.19875321447720834
185,2000-07-04,2000-07-04 23:00:00,5.0095072587979175,0.12615348574971547
186,2000-07-05,2000-07-05 23:00:00,5.0310007914344945,0.18039567064731404
187,2000-07-06,2000-07-06 23:00:00,4.984145978656249,0.22309440401466052
188,2000-07-07,2000-07-07 23:00:00,4.937841395655445,0.27790863111823993
189,2000-07-08,2000-07-08 23:00:00,5.131088543706202,0.30921342283251735
190,2000-07-09,2000-07-09 23:00:00,5.0361811598650865,0.13120206082592095
191,2000-07-10,2000-07-10 23:00:00,5.127736741868911,0.2549009073474447
192,2000-07-11,2000-07-11 23:00:00,5.147841331190734,0.2878829116048103
193,2000-07-12,2000-07-12 23:00:00,5.112899975888124,0.301522542543694
194,2000-07-13,2000-07-13 23:00:00,5.266252863489409,0.26096619125450893
195,2000-07-14,2000-07-14 23:00:00,5.226631785538341,0.21122750400345236
196,2000-07-15,2000-07-15 23:00:00,5.032988727994916,0.30065469846004417
197,2000-07-16,2000-07-16 23:00:00,5.11250069641476,0.18886030273623197
198,2000-07-17,2000-07-17 23:00:00,5.224289469943608,0.19661980226351353
199,2000-07-18,2000-07-18 23:00:00,5.218443695523241,0.16480562799684717
200,2000-07-19,2000-07-19 23:00:00,5.124629896695463,0.1624568748460093
201,2000-07-20,2000-07-20 23:00:00,5.057844112781097,0.15098159372732373
202,2000-07-21,2000-07-21 23:00:00,5.082350072490439,0.16162211630951512
203,2000-07-22,2000-07-22 23:00:00,5.00648493587196,0.27883495520463863
204,2000-07-23,2000-07-23 23:00:00,4.902490765980194,0.23423899773693319
205,2000-07-24,2000-07-24 23:00:00,5.011915797255521,0.35313282091075476
206,2000-07-25,2000-07-25 23:00:00,5.150082578254568,0.2737274716768006
207,2000-07-26,2000-07-26 23:00:00,4.739365729602265,0.23820070956200887
208,2000-07-27,2000-07-27 23:00:00,5.0158256646229535,0.2488654043325121
209,2000-07-28,2000-07-28 23:00:00,4.931274503890044,0.23676436531454925
210,2000-07-29,2000-07-29 23:00:00,5.152958564477502,0.4018781681596965
211,2000-07-30,2000-07-30 23:00:00,4.8435832627282815,0.2485214827918717
212,2000-07-31,2000-07-31 23:00:00,4.955412544176077,0.34933980727049524
213,2000-08-01,2000-08-01 23:00:00,4.952077784258107,0.27544604011349
214,2000-08-02,2000-08-02 23:00:00,5.152756118331712,0.2655068805253193
215,2000-08-03,2000-08-03 23:00:00,5.0874496159479925,0.29294854933837333
216,2000-08-04,2000-08-04 23:00:00,5.116870710001209,0.11808975557969416
217,2000-08-05,2000-08-05 23:00:00,5.011322046423363,0.2831719461666538
218,2000-08-06,2000-08-06 23:00:00,4.929431850647832,0.2501725617938788
219,2000-08-07,2000-08-07 23:00:00,4.9555120175323255,0.22574472251769875
220,2000-08-08,2000-08-08 23:00:00,4.738020286355688,0.2317080077192418
221,2000-08-09,2000-08-09 23:00:00,5.189287658619294,0.14267915097645636
222,2000-08-10,2000-08-10 23:00:00,5.183127865921386,0.18223039219126694
223,2000-08-11,2000-08-11 23:00:00,5.041712788729039,0.33105011694109937
224,2000-08-12,2000-08-12 23:00:00,5.219690768451544,0.1902221721809306
225,2000-08-13,2000-08-13 23:00:00,4.934207252327022,0.3302232142462234
226,2000-08-14,2000-08-14 23:00:00,5.18102710051491,0.2576375257414632
227,2000-08-15,2000-08-15 23:00:00,5.50263464234149,0.0963414301018005
228,2000-08-16,2000-08-16 23:00:00,5.332469040465513,0.24533273109045306
229,2000-08-17,2000-08-17 23:00:00,5.327897297869548,0.2858879616071605
230,2000-08-18,2000-08-18 23:00:00,5.19673754045576,0.2756970706425501
231,2000-08-19,2000-08-19 23:00:00,5.1901362933156205,0.23537080095527793
232,2000-08-20,2000-08-20 23:00:00,5.012838200067031,0.3279203411188749
233,2000-08-21,2000-08-21 23:00:00,5.214219992837615,0.2511534550707196
234,2000-08-22,2000-08-22 23:00:00,5.366634545454296,0.26488713342297476
235,2000-08-23,2000-08-23 23:00:00,5.38896911548958,0.21796277293813252
236,2000-08-24,2000-08-24 23:00:00,5.304796127363712,0.30946557617014503
237,2000-08-25,2000-08-25 23:00:00,5.242935454783296,0.32996525781848013
238,2000-08-26,2000-08-26 23:00:00,5.319994670253023,0.3294688897975817
239,2000-08-27,2000-08-27 23:00:00,4.967048018314736,0.3179981594363891
240,2000-08-28,2000-08-28 23:00:00,5.193197417011543,0.40229772691778143
241,2000-08-29,2000-08-29 23:00:00,5.302623438387832,0.3366235019963718
242,2000-08-30,2000-08-30 23:00:00,5.280995758282132,0.3776508849973094
243,2000-08-31,2000-08-31 23:00:00,5.2967505963186765,0.377250166369072
244,2000-09-01,2000-09-01 23:00:00,5.448452347052357,0.2724126803164298
245,2000-09-02,2000-09-02 23:00:00,5.399124472531242,0.2784165499024534
246,2000-09-03,2000-09-03 23:00:00,4.968978917295057,0.44325420740407745
247,2000-09-04,2000-09-04 23:00:00,4.849733895722707,0.4374357225332997
248,2000-09-05,2000-09-05 23:00:00,5.479340981276927,0.2887060809586993
249,2000-09-06,2000-09-06 23:00:00,5.470107982402975,0.28088354509279145
250,2000-09-07,2000-09-07 23:00:00,4.756522109531129,0.4750949823978209
251,2000-09-08,2000-09-08 23:00:00,5.304920005981313,0.5446571178812064
252,2000-09-09,2000-09-09 23:00:00,5.1921606078440306,0.4793272564131029
253,2000-09-10,2000-09-10 23:00:00,5.020997938765672,0.3432745013193997
254,2000-09-11,2000-09-11 23:00:00,5.23189086122231,0.419209882807035
255,2000-09-12,2000-09-12 23:00:00,5.0568689088226675,0.4005782390245422
256,2000-09-13,2000-09-13 23:00:00,5.519484066339371,0.305794052478731
257,2000-09-14,2000-09-14 23:00:00,5.26590268855698,0.4744695841807508
258,2000-09-15,2000-09-15 23:00:00,5.51088443382893,0.2986594064999818
259,2000-09-16,2000-09-16 23:00:00,5.3768572246473285,0.3232986856840608
260,2000-09-17,2000-09-17 23:00:00,5.2014627246990335,0.3286707654553869
261,2000-09-18,2000-09-18 23:00:00,5.432895713921861,0.2790483523170206
262,2000-09-19,2000-09-19 23:00:00,5.556381324956438,0.32245666398576256
263,2000-09-20,2000-09-20 23:00:00,5.536780683511897,0.37085453181203804
264,2000-09-21,2000-09-21 23:00:00,5.569407692600535,0.3309789950215226
265,2000-09-22,2000-09-22 23:00:00,5.576298415500346,0.3316278997524786
266,2000-09-23,2000-09-23 23:00:00,5.4352535637570725,0.39813022862631214
267,2000-09-24,2000-09-24 23:00:00,5.115091569080572,0.32373686058656304
268,2000-09-25,2000-09-25 23:00:00,5.55452303924217,0.3674951981188548
269,2000-09-26,2000-09-26 23:00:00,5.558256259732464,0.3673338076432902
270,2000-09-27,2000-09-27 23:00:00,5.200436211886989,0.3159984182058637
271,2000-09-28,2000-09-28 23:00:00,5.441669967843898,0.3332422498614868
272,2000-09-29,2000-09-29 23:00:00,5.52351775916575,0.3838535771774918
273,2000-09-30,2000-09-30 23:00:00,4.990829740200958,0.3649451758646589
274,2000-10-01,2000-10-01 23:00:00,5.23645794333582,0.37078494310697974
275,2000-10-02,2000-10-02 23:00:00,4.8929474387353045,0.43745670275100884
276,2000-10-03,2000-10-03 23:00:00,5.432189294170247,0.37729320349823
277,2000-10-04,2000-10-04 23:00:00,5.5056286619345585,0.3640148510930952
278,2000-10-05,2000-10-05 23:00:00,5.251922237438844,0.3904795296598655
279,2000-10-06,2000-10-06 23:00:00,5.354582096152459,0.36071938823051675
280,2000-10-07,2000-10-07 23:00:00,5.112130759083969,0.23259238204238228
281,2000-10-08,2000-10-08 23:00:00,5.150285803305826,0.0
282,2000-10-09,2000-10-09 23:00:00,5.329774224312939,0.2800015315740045
283,2000-10-10,2000-10-10 23:00:00,5.19057947097171,0.22528206626504882
284,2000-10-11,2000-10-11 23:00:00,5.236009177875469,0.21704019795884918
285,2000-10-12,2000-10-12 23:00:00,5.286538036537773,0.26160734860074175
286,2000-10-13,2000-10-13 23:00:00,5.20606663903552,0.185004102607849
287,2000-10-14,2000-10-14 23:00:00,5.131037220517194,0.11088558968191203
288,2000-10-15,2000-10-15 23:00:00,5.10136805750017,0.16224180842734404
289,2000-10-16,2000-10-16 23:00:00,4.977866794869258,0.2686956180179233
290,2000-10-17,2000-10-17 23:00:00,5.213048262702649,0.25019691088037216
291,2000-10-18,2000-10-18 23:00:00,5.214113844882173,0.18484630875001884
292,2000-10-19,2000-10-19 23:00:00,5.058718980912354,0.31508258922920945
293,2000-10-20,2000-10-20 23:00:00,5.052887023526009,0.34683208891753936
294,2000-10-21,2000-10-21 23:00:00,4.993424213699883,0.37167420763373826
295,2000-10-22,2000-10-22 23:00:00,4.8499354455020685,0.25290622996536155
296,2000-10-23,2000-10-23 23:00:00,5.2540556312942215,0.23034648725591533
297,2000-10-24,2000-10-24 23:00:00,5.232472901862665,0.21499970582043113
298,2000-10-25,2000-10-25 23:00:00,5.256998407105688,0.28293417543939287
299,2000-10-26,2000-10-26 23:00:00,5.021019584287608,0.28666401946546444
300,2000-10-27,2000-10-27 23:00:00,4.872574484481436,0.3210995530374018
301,2000-10-28,2000-10-28 23:00:00,4.943300142149643,0.3591284722683658
302,2000-10-29,2000-10-29 23:00:00,4.659416999505131,0.1889839674197769
303,2000-10-30,2000-10-30 23:00:00,5.1193585533705415,0.31250561299695007
304,2000-10-31,2000-10-31 23:00:00,5.1988387056565815,0.21594415672733233
305,2000-11-01,2000-11-01 23:00:00,5.258254463115416,0.2661153883432495
306,2000-11-02,2000-11-02 23:00:00,5.1707107482614525,0.17827623083957497
307,2000-11-03,2000-11-03 23:00:00,5.285529264716618,0.2819097618062831
308,2000-11-04,2000-11-04 23:00:00,5.083452787531499,0.29546351628561907
309,2000-11-05,2000-11-05 23:00:00,4.906855255304297,0.29534265155743256
310,2000-11-06,2000-11-06 23:00:00,4.949130613364151,0.3036019425832038
311,2000-11-07,2000-11-07 23:00:00,5.091467947871316,0.3056680422508214
312,2000-11-08,2000-11-08 23:00:00,5.447411104684679,0.27139842110910123
313,2000-11-09,2000-11-09 23:00:00,5.027012667560005,0.36308932985232606
314,2000-11-10,2000-11-10 23:00:00,5.0757791869333975,0.2497020392890735
315,2000-11-11,2000-11-11 23:00:00,5.1123604783993235,0.28736081840798405
316,2000-11-12,2000-11-12 23:00:00,4.8892329386646125,0.2504167874421093
317,2000-11-13,2000-11-13 23:00:00,4.719600098206111,0.22935227355745066
318,2000-11-14,2000-11-14 23:00:00,5.1401768748853245,0.28058251185456223
319,2000-11-15,2000-11-15 23:00:00,4.95189866859216,0.3053893784674062
320,2000-11-16,2000-11-16 23:00:00,5.383843985100231,0.2329164506514373
321,2000-11-17,2000-11-17 23:00:00,5.046090885997068,0.20618146886611605
322,2000-11-18,2000-11-18 23:00:00,4.8954695847095415,0.24429289183549122
323,2000-11-19,2000-11-19 23:00:00,4.703599490696976,0.1234578598383344
324,2000-11-20,2000-11-20 23:00:00,5.094729007158532,0.37411364284107923
325,2000-11-21,2000-11-21 23:00:00,5.456944718556509,0.32138023237814817
326,2000-11-22,2000-11-22 23:00:00,5.0032145403589885,0.39119158284833894
327,2000-11-23,2000-11-23 23:00:00,5.159593136548653,0.1794717696145895
328,2000-11-24,2000-11-24 23:00:00,4.859211371575841,0.4222890829431409
329,2000-11-25,2000-11-25 23:00:00,4.954692712144673,0.2545334404975265
330,2000-11-26,2000-11-26 23:00:00,4.870681403424605,0.3246863164857661
331,2000-11-27,2000-11-27 23:00:00,5.069506431023439,0.38226446690047733
332,2000-11-28,2000-11-28 23:00:00,5.110379666515928,0.40520775716770496
333,2000-11-29,2000-11-29 23:00:00,5.087140578637272,0.3652705458843173
334,2000-11-30,2000-11-30 23:00:00,5.205501806297591,0.3053241607950709
335,2000-12-01,2000-12-01 23:00:00,5.502820686732215,0.23796289881729912
336,2000-12-02,2000-12-02 23:00:00,5.092644764437251,0.33877780470738716
337,2000-12-03,2000-12-03 23:00:00,4.8128213808859215,0.25167806429060535
338,2000-12-04,2000-12-04 23:00:00,5.125567214687067,0.2955912127591878
339,2000-12-05,2000-12-05 23:00:00,5.270994329514396,0.3822844912505798
340,2000-12-06,2000-12-06 23:00:00,5.455024511371181,0.19734011643868093
341,2000-12-07,2000-12-07 23:00:00,5.317623576444389,0.24672229295836315
342,2000-12-08,2000-12-08 23:00:00,5.0578724837344,0.29821720323109213
343,2000-12-09,2000-12-09 23:00:00,5.069670879418875,0.2615189256737617
344,2000-12-10,2000-12-10 23:00:00,4.984878981089686,0.26092683541634515
345,2000-12-11,2000-12-11 23:00:00,5.427063583208366,0.24729667968308705
346,2000-12-12,2000-12-12 23:00:00,5.341178035089801,0.21098786989481794
347,2000-12-13,2000-12-13 23:00:00,5.188793178062311,0.27195736516518637
348,2000-12-14,2000-12-14 23:00:00,5.396105791785021,0.1785618214649197
349,2000-12-15,2000-12-15 23:00:00,5.257691004726127,0.19145068653725889
350,2000-12-16,2000-12-16 23:00:00,5.268111467075037,0.1880514653184182
351,2000-12-17,2000-12-17 23:00:00,5.211778877719859,0.19050436616700195
352,2000-12-18,2000-12-18 23:00:00,5.2814396792261205,0.21130082321606972
353,2000-12-19,2000-12-19 23:00:00,5.230345922921977,0.1653241743618336
354,2000-12-20,2000-12-20 23:00:00,5.313596244337423,0.1717327403289607
355,2000-12-21,2000-12-21 23:00:00,5.345514988975379,0.17976764033759146
356,2000-12-22,2000-12-22 23:00:00,5.338651916284005,0.17171977207979802
357,2000-12-23,2000-12-23 23:00:00,5.3506648995818376,0.11468635532016823
358,2000-12-24,2000-12-24 23:00:00,5.405333482617923,0.16001826842334904
359,2000-12-25,2000-12-25 23:00:00,5.298454060544107,0.14230276779436474
360,2000-12-26,2000-12-26 23:00:00,5.383295492826335,0.1380237326182451
361,2000-12-27,2000-12-27 23:00:00,5.429103536035566,0.1672714134456223
362,2000-12-28,2000-12-28 23:00:00,5.489608271807927,0.2223070890796638
363,2000-12-29,2000-12-29 23:00:00,5.489944251116948,0.14696194830190787
364,2000-12-30,2000-12-30 23:00:00,5.467439481415179,0.1796644958914253
365,2000-12-31,2000-12-31 23:00:00,5.340448321332725,0.15488274919784495
366,2001-01-01,2001-01-01 23:00:00,5.1864322091821835,0.06266192513222212
367,2001-01-02,2001-01-02 23:00:00,5.301146217035442,0.17095818947908328
368,2001-01-03,2001-01-03 23:00:00,5.305828993392501,0.1395728024151383
369,2001-01-04,2001-01-04 23:00:00,5.431952258663224,0.15671204978050432
370,2001-01-05,2001-01-05 23:00:00,5.301908939608363,0.09722266618127468
371,2001-01-06,2001-01-06 23:00:00,5.292755445834531,0.13614761007427384
372,2001-01-07,2001-01-07 23:00:00,5.343736035277476,0.12447782695300616
373,2001-01-08,2001-01-08 23:00:00,5.275305710830456,0.07349270911407003
374,2001-01-09,2001-01-09 23:00:00,5.2595181818163725,0.15815544576112175
375,2001-01-10,2001-01-10 23:00:00,5.316014475335376,0.10685119831497465
376,2001-01-11,2001-01-11 23:00:00,5.364844188123811,0.11892252939186446
377,2001-01-12,2001-01-12 23:00:00,5.308973241320573,0.12957161370394388
378,2001-01-13,2001-01-13 23:00:00,5.533861836668546,0.19253292745078537
379,2001-01-14,2001-01-14 23:00:00,5.395537925064786,0.1678593644348337
380,2001-01-15,2001-01-15 23:00:00,5.638598474923081,0.22970356469445552
381,2001-01-16,2001-01-16 23:00:00,5.6394460243585876,0.2321309127195035
382,2001-01-17,2001-01-17 23:00:00,5.695040306373481,0.13640785103581937
383,2001-01-18,2001-01-18 23:00:00,5.852033532415985,0.12789334558835716
384,2001-01-19,2001-01-19 23:00:00,5.9050142858434,0.028307321605611422
385,2001-01-20,2001-01-20 23:00:00,5.484136888046675,0.12863768015621765
386,2001-01-21,2001-01-21 23:00:00,5.333805554025065,0.14785207056494115
387,2001-01-22,2001-01-22 23:00:00,5.689617070723553,0.2565456767593536
388,2001-01-23,2001-01-23 23:00:00,5.750320997610376,0.1845706724269788
389,2001-01-24,2001-01-24 23:00:00,5.64979292208832,0.2925867256480391
390,2001-01-25,2001-01-25 23:00:00,5.7640462171087705,0.18901009896668264
391,2001-01-26,2001-01-26 23:00:00,5.761135673313476,0.17157634968150798
392,2001-01-27,2001-01-27 23:00:00,5.579412340808119,0.25004446682628295
393,2001-01-28,2001-01-28 23:00:00,5.326241673549605,0.21540906176803545
394,2001-01-29,2001-01-29 23:00:00,5.685620102761804,0.2719060930597987
395,2001-01-30,2001-01-30 23:00:00,5.8236295038373065,0.0562930657917114
396,2001-01-31,2001-01-31 23:00:00,5.883040010832535,0.04330364083719262
397,2001-02-01,2001-02-01 23:00:00,5.760401378177295,0.2072637814628079
398,2001-02-02,2001-02-02 23:00:00,5.831438046444833,0.0642527358841804
399,2001-02-03,2001-02-03 23:00:00,5.602415755404988,0.21144252699416424
400,2001-02-04,2001-02-04 23:00:00,5.3788886556031725,0.21859571415052234
401,2001-02-05,2001-02-05 23:00:00,5.641051638378632,0.27135001830733024
402,2001-02-06,2001-02-06 23:00:00,5.722202470853638,0.18810109543373638
403,2001-02-07,2001-02-07 23:00:00,5.6328081966546,0.2652478291128704
404,2001-02-08,2001-02-08 23:00:00,5.608171412561156,0.28188136480120135
405,2001-02-09,2001-02-09 23:00:00,5.679013979155401,0.2605025420035854
406,2001-02-10,2001-02-10 23:00:00,5.631320542605523,0.2601334610756134
407,2001-02-11,2001-02-11 23:00:00,5.547464942623112,0.25274422965770316
408,2001-02-12,2001-02-12 23:00:00,5.660504845575449,0.269675236627606
409,2001-02-13,2001-02-13 23:00:00,5.734522523823553,0.2780073423369646
410,2001-02-14,2001-02-14 23:00:00,5.8512678464216314,0.07321404341625447
411,2001-02-15,2001-02-15 23:00:00,5.73426474384186,0.2771123877444695
412,2001-02-16,2001-02-16 23:00:00,5.797860752533272,0.15039205362652047
413,2001-02-17,2001-02-17 23:00:00,5.806105498240498,0.1997552280150952
414,2001-02-18,2001-02-18 23:00:00,5.480096674060081,0.3557784361711327
415,2001-02-19,2001-02-19 23:00:00,5.802763391610756,0.15362111262105094
416,2001-02-20,2001-02-20 23:00:00,5.934605988492077,0.15483393579380486
417,2001-02-21,2001-02-21 23:00:00,5.874579951475984,0.20701788754140807
418,2001-02-22,2001-02-22 23:00:00,5.796861956411959,0.3364223768727095
419,2001-02-23,2001-02-23 23:00:00,5.816372127246965,0.3149566840730514
420,2001-02-24,2001-02-24 23:00:00,5.726234476223463,0.29194780709569385
421,2001-02-25,2001-02-25 23:00:00,5.566429433016805,0.3578522452336139
422,2001-02-26,2001-02-26 23:00:00,5.723136164537052,0.28992660467508924
423,2001-02-27,2001-02-27 23:00:00,5.657072261690717,0.28153788275458885
424,2001-02-28,2001-02-28 23:00:00,5.611171981638478,0.30872520185151703
425,2001-03-01,2001-03-01 23:00:00,5.612276286600363,0.2566674288191743
426,2001-03-02,2001-03-02 23:00:00,5.681827457274132,0.23306604063166037
427,2001-03-03,2001-03-03 23:00:00,5.619482531059421,0.24386842946219486
428,2001-03-04,2001-03-04 23:00:00,5.438969861788656,0.2205718174623546
429,2001-03-05,2001-03-05 23:00:00,5.762220504220686,0.3061876953684607
430,2001-03-06,2001-03-06 23:00:00,5.662474047195034,0.2235581181785563
431,2001-03-07,2001-03-07 23:00:00,5.7047288545300106,0.27965030623644554
432,2001-03-08,2001-03-08 23:00:00,5.70824770672404,0.25881553420166664
433,2001-03-09,2001-03-09 23:00:00,5.675806394536785,0.26137187252884914
434,2001-03-10,2001-03-10 23:00:00,5.544163683225624,0.23284830036171014
435,2001-03-11,2001-03-11 23:00:00,5.4352774867849325,0.2016788993192097
436,2001-03-12,2001-03-12 23:00:00,5.642907688851703,0.27972822303754846
437,2001-03-13,2001-03-13 23:00:00,5.65077372338592,0.2742698103429974
438,2001-03-14,2001-03-14 23:00:00,5.636835799720168,0.2899422143913269
439,2001-03-15,2001-03-15 23:00:00,5.6480218977537175,0.2588864632906743
440,2001-03-16,2001-03-16 23:00:00,5.611750089730319,0.2565887453334297
441,2001-03-17,2001-03-17 23:00:00,5.573448334004273,0.1740680103401604
442,2001-03-18,2001-03-18 23:00:00,5.33732659407737,0.09333158386161827
443,2001-03-19,2001-03-19 23:00:00,5.268522466338244,0.2198367217679695
444,2001-03-20,2001-03-20 23:00:00,5.403627587619958,0.18924933625295715
445,2001-03-21,2001-03-21 23:00:00,5.315505013899831,0.1793914971778825
446,2001-03-22,2001-03-22 23:00:00,5.201857508586396,0.0796659298660193
447,2001-03-23,2001-03-23 23:00:00,5.342599239641118,0.14143172312405522
448,2001-03-24,2001-03-24 23:00:00,5.33143421809222,0.17713649684580315
449,2001-03-25,2001-03-25 23:00:00,5.258228749256836,0.17561120571605243
450,2001-03-26,2001-03-26 23:00:00,5.332513637613791,0.1579502960807351
451,2001-03-27,2001-03-27 23:00:00,5.313842172488904,0.12832184069765612
452,2001-03-28,2001-03-28 23:00:00,5.3394150277035,0.1495755438271438
453,2001-03-29,2001-03-29 23:00:00,5.32383733986277,0.13411531405791258
454,2001-03-30,2001-03-30 23:00:00,5.293067198641614,0.1077391874978162
455,2001-03-31,2001-03-31 23:00:00,5.402452127669974,0.06932027041315666
456,2001-04-01,2001-04-01 23:00:00,5.334335826808638,0.028372541382706437
457,2001-04-02,2001-04-02 23:00:00,5.307219252334502,0.13137599319649873
458,2001-04-03,2001-04-03 23:00:00,5.372749677774466,0.10444109932395697
459,2001-04-04,2001-04-04 23:00:00,5.3879993715206735,0.11332132063632797
460,2001-04-05,2001-04-05 23:00:00,5.432635131932135,0.11581394658484248
461,2001-04-06,2001-04-06 23:00:00,5.407089982519044,0.1109941487128666
462,2001-04-07,2001-04-07 23:00:00,5.443811187203292,0.08409384404074602
463,2001-04-08,2001-04-08 23:00:00,5.394898055384517,0.09600002289339257
464,2001-04-09,2001-04-09 23:00:00,5.492877916530024,0.13150882840892433
465,2001-04-10,2001-04-10 23:00:00,5.495328357265881,0.1552169830966105
466,2001-04-11,2001-04-11 23:00:00,5.4987136123137255,0.13135429840504506
467,2001-04-12,2001-04-12 23:00:00,5.342491942635317,0.11939061141841856
468,2001-04-13,2001-04-13 23:00:00,5.248587960703387,0.09861846433416276
469,2001-04-14,2001-04-14 23:00:00,5.327965223309033,0.07481720479862057
470,2001-04-15,2001-04-15 23:00:00,5.3489375525906695,0.03760944560080812
471,2001-04-16,2001-04-16 23:00:00,5.41957311576148,0.07561632561562998
472,2001-04-17,2001-04-17 23:00:00,5.458803110335022,0.09108793612354432
473,2001-04-18,2001-04-18 23:00:00,5.4573330396281285,0.08643468582333164
474,2001-04-19,2001-04-19 23:00:00,5.4713935107454175,0.06548327532020415
475,2001-04-20,2001-04-20 23:00:00,5.449893420322951,0.07448889631559709
476,2001-04-21,2001-04-21 23:00:00,5.467163358745327,0.05455765614149781
477,2001-04-22,2001-04-22 23:00:00,5.444765352417975,0.06430531888956915
478,2001-04-23,2001-04-23 23:00:00,5.476896714113135,0.07392087929798805
479,2001-04-24,2001-04-24 23:00:00,5.5122454454670455,0.07481717072175559
480,2001-04-25,2001-04-25 23:00:00,5.515522276851645,0.12793263215075823
481,2001-04-26,2001-04-26 23:00:00,5.586234372816119,0.1555057170709736
482,2001-04-27,2001-04-27 23:00:00,5.648598330451313,0.06464089566495117
483,2001-04-28,2001-04-28 23:00:00,5.631725810289342,0.06863614373352854
484,2001-04-29,2001-04-29 23:00:00,5.572790537856239,0.0967334328579391
485,2001-04-30,2001-04-30 23:00:00,5.605608032644795,0.15634497556702495
486,2001-05-01,2001-05-01 23:00:00,5.409084709605323,0.13351960218893433
487,2001-05-02,2001-05-02 23:00:00,5.451745757756993,0.17161982993487854
488,2001-05-03,2001-05-03 23:00:00,5.393866560050083,0.19119182255026607
489,2001-05-04,2001-05-04 23:00:00,5.33610263179624,0.18952074838798805
490,2001-05-05,2001-05-05 23:00:00,5.095995510026504,0.1042078280183872
491,2001-05-06,2001-05-06 23:00:00,5.080191073544479,0.11685361569641597
492,2001-05-07,2001-05-07 23:00:00,5.159497226566545,0.26776494562749914
493,2001-05-08,2001-05-08 23:00:00,5.275576462587405,0.05496561635066603
494,2001-05-09,2001-05-09 23:00:00,5.234700282900049,0.07652875715777374
495,2001-05-10,2001-05-10 23:00:00,5.321563637048048,0.0896908645934562
496,2001-05-11,2001-05-11 23:00:00,5.227470928244841,0.09022273715506758
497,2001-05-12,2001-05-12 23:00:00,5.231224643575686,0.1148105584560474
498,2001-05-13,2001-05-13 23:00:00,5.178448628612537,0.1053105236237478
499,2001-05-14,2001-05-14 23:00:00,5.217842620991682,0.1127462000946264
500,2001-05-15,2001-05-15 23:00:00,5.192774151101335,0.1139548485182488
501,2001-05-16,2001-05-16 23:00:00,5.178078384995214,0.06262756377683332
502,2001-05-17,2001-05-17 23:00:00,5.045962493807903,0.24835319835080827
503,2001-05-18,2001-05-18 23:00:00,5.113180745675066,0.14084397102283078
504,2001-05-19,2001-05-19 23:00:00,5.018452672648057,0.27983471528512527
505,2001-05-20,2001-05-20 23:00:00,5.051070317826269,0.0975628907393237
506,2001-05-21,2001-05-21 23:00:00,4.953506958801559,0.22593997563807053
507,2001-05-22,2001-05-22 23:00:00,5.024349663704425,0.26053204348273407
508,2001-05-23,2001-05-23 23:00:00,5.084924394336896,0.26688453809225554
509,2001-05-24,2001-05-24 23:00:00,5.0293018071806594,0.23909437405624337
510,2001-05-25,2001-05-25 23:00:00,4.965727023705615,0.1917943931053441
511,2001-05-26,2001-05-26 23:00:00,5.009372098525935,0.04547596137736995
512,2001-05-27,2001-05-27 23:00:00,4.937291603837104,0.03701049306704898
513,2001-05-28,2001-05-28 23:00:00,4.937337151974623,0.11130239263883303
514,2001-05-29,2001-05-29 23:00:00,4.960753290129863,0.19310333881218247
515,2001-05-30,2001-05-30 23:00:00,5.099222993852519,0.19726313991488403
516,2001-05-31,2001-05-31 23:00:00,5.0956478815593735,0.23588269409748627
517,2001-06-01,2001-06-01 23:00:00,5.121190375652916,0.22881478343678266
518,2001-06-02,2001-06-02 23:00:00,5.119980095171296,0.07095337854509053
519,2001-06-03,2001-06-03 23:00:00,5.109709352827537,0.07525356075067792
520,2001-06-04,2001-06-04 23:00:00,5.057675436313731,0.11536006575057153
521,2001-06-05,2001-06-05 23:00:00,4.99934169304371,0.1287352500951966
522,2001-06-06,2001-06-06 23:00:00,4.91883231559688,0.16476666322130995
523,2001-06-07,2001-06-07 23:00:00,4.895337320665737,0.13347289609452712
524,2001-06-08,2001-06-08 23:00:00,5.027355450414082,0.09688780178942127
525,2001-06-09,2001-06-09 23:00:00,5.1011893608947005,0.11833756986015585
526,2001-06-10,2001-06-10 23:00:00,5.124423206463166,0.04016623843078134
527,2001-06-11,2001-06-11 23:00:00,5.099273348277422,0.1371252936467729
528,2001-06-12,2001-06-12 23:00:00,5.04968981373927,0.12853630318994258
529,2001-06-13,2001-06-13 23:00:00,5.040049224804226,0.07693506130337588
530,2001-06-14,2001-06-14 23:00:00,5.003705583250363,0.13820984868279793
531,2001-06-15,2001-06-15 23:00:00,5.008822768582097,0.07020560894046941
532,2001-06-16,2001-06-16 23:00:00,5.0176735853230445,0.02145177217898112
533,2001-06-17,2001-06-17 23:00:00,4.995498101453078,0.005633066956933178
534,2001-06-18,2001-06-18 23:00:00,4.974428822042644,0.030937527210739894
535,2001-06-19,2001-06-19 23:00:00,4.993506386876685,0.06116804014652579
536,2001-06-20,2001-06-20 23:00:00,4.946076955650015,0.1417030115173934
537,2001-06-21,2001-06-21 23:00:00,4.924959485356401,0.17369511369731688
538,2001-06-22,2001-06-22 23:00:00,4.853495255877587,0.06403969829067253
539,2001-06-23,2001-06-23 23:00:00,4.863761932170008,0.051132201127248124
540,2001-06-24,2001-06-24 23:00:00,4.897611600837503,0.06647086492227887
541,2001-06-25,2001-06-25 23:00:00,4.936288866922605,0.038517658771087995
542,2001-06-26,2001-06-26 23:00:00,4.971991704622069,0.020787443737668707
543,2001-06-27,2001-06-27 23:00:00,4.959037905542615,0.01848281493519683
544,2001-06-28,2001-06-28 23:00:00,5.052721477287348,0.07289825487769493
545,2001-06-29,2001-06-29 23:00:00,5.075391831960386,0.18287588475396277
546,2001-06-30,2001-06-30 23:00:00,4.950003310895846,0.08121321638904731
547,2001-07-01,2001-07-01 23:00:00,4.907728111537838,0.04280445128788807
548,2001-07-02,2001-07-02 23:00:00,4.891557570230224,0.060420029922914634
549,2001-07-03,2001-07-03 23:00:00,4.939437799195929,0.10590586555371251
550,2001-07-04,2001-07-04 23:00:00,4.975407495211832,0.1708745314559823
551,2001-07-05,2001-07-05 23:00:00,5.054948342617702,0.24787720829756701
552,2001-07-06,2001-07-06 23:00:00,4.965732316620309,0.053453456320396865
553,2001-07-07,2001-07-07 23:00:00,4.954335423676098,0.06941056864878867
554,2001-07-08,2001-07-08 23:00:00,4.92250038363879,0.0516868160378147
555,2001-07-09,2001-07-09 23:00:00,4.977854602064763,0.05870897446392181
556,2001-07-10,2001-07-10 23:00:00,4.937362660827063,0.03614653089432951
557,2001-07-11,2001-07-11 23:00:00,4.949009344531867,0.10073422015106004
558,2001-07-12,2001-07-12 23:00:00,4.959972733138369,0.10258695016527743
559,2001-07-13,2001-07-13 23:00:00,4.909360899583177,0.047103505386992574
560,2001-07-14,2001-07-14 23:00:00,4.851289727892818,0.006990963285531292
561,2001-07-15,2001-07-15 23:00:00,4.899626421080594,0.024499817842603303
562,2001-07-16,2001-07-16 23:00:00,4.931162177743883,0.10452680048595395
563,2001-07-17,2001-07-17 23:00:00,4.854165181881595,0.03788736310754182
564,2001-07-18,2001-07-18 23:00:00,4.883835559353803,0.10458288360475564
565,2001-07-19,2001-07-19 23:00:00,4.925096653631596,0.18818133863911052
566,2001-07-20,2001-07-20 23:00:00,4.859020861979315,0.1341351563969802
567,2001-07-21,2001-07-21 23:00:00,4.889172473936199,0.1406587330192053
568,2001-07-22,2001-07-22 23:00:00,4.781830708724169,0.10989159918369719
569,2001-07-23,2001-07-23 23:00:00,4.856284059046275,0.18698530828838472
570,2001-07-24,2001-07-24 23:00:00,5.257416074950927,0.28772264182460805
571,2001-07-25,2001-07-25 23:00:00,4.910670681839787,0.25705897274878137
572,2001-07-26,2001-07-26 23:00:00,4.852511930076797,0.14954508790242854
573,2001-07-27,2001-07-27 23:00:00,4.842488414412881,0.1445703166871237
574,2001-07-28,2001-07-28 23:00:00,4.985267270445578,0.1935764728700881
575,2001-07-29,2001-07-29 23:00:00,4.853048880805442,0.03108476387416784
576,2001-07-30,2001-07-30 23:00:00,4.884052761611941,0.11897417429622713
577,2001-07-31,2001-07-31 23:00:00,4.88651220911425,0.128980632981061
578,2001-08-01,2001-08-01 23:00:00,4.882704395516327,0.1902044263202702
579,2001-08-02,2001-08-02 23:00:00,4.861760912687892,0.1504138737520038
580,2001-08-03,2001-08-03 23:00:00,4.890492876058995,0.23236935026836628
581,2001-08-04,2001-08-04 23:00:00,4.790566861203507,0.14463941123615645
582,2001-08-05,2001-08-05 23:00:00,4.980581223022841,0.15067620742134738
583,2001-08-06,2001-08-06 23:00:00,4.941870944020227,0.12288518363579594
584,2001-08-07,2001-08-07 23:00:00,4.8891810526601605,0.025624734802281786
585,2001-08-08,2001-08-08 23:00:00,4.855023876231585,0.16863980590617778
586,2001-08-09,2001-08-09 23:00:00,4.859058410827495,0.20045348199854915
587,2001-08-10,2001-08-10 23:00:00,4.82630943339677,0.06692226588119121
588,2001-08-11,2001-08-11 23:00:00,4.903270827867033,0.09075641330818973
589,2001-08-12,2001-08-12 23:00:00,4.813914428326304,0.07542279013227655
590,2001-08-13,2001-08-13 23:00:00,4.864617960563067,0.14773013102050742
591,2001-08-14,2001-08-14 23:00:00,4.915169744042346,0.23571213153402246
592,2001-08-15,2001-08-15 23:00:00,5.01429320404372,0.1993315834054572
593,2001-08-16,2001-08-16 23:00:00,4.94669034977506,0.13314348909315096
594,2001-08-17,2001-08-17 23:00:00,5.050245140556203,0.12834248066334167
595,2001-08-18,2001-08-18 23:00:00,4.947076684599697,0.2097502194841613
596,2001-08-19,2001-08-19 23:00:00,4.697206565928624,0.14260609852515263
597,2001-08-20,2001-08-20 23:00:00,4.691710369262437,0.17967988572838073
598,2001-08-21,2001-08-21 23:00:00,4.860751159375112,0.2519424984765612
599,2001-08-22,2001-08-22 23:00:00,5.01294330603517,0.24105517071791507
600,2001-08-23,2001-08-23 23:00:00,4.994975976999726,0.20304485668706124
601,2001-08-24,2001-08-24 23:00:00,4.987251833282792,0.19155728062054578
602,2001-08-25,2001-08-25 23:00:00,4.84657642157936,0.12487422247438122
603,2001-08-26,2001-08-26 23:00:00,4.874255708260406,0.029075626021169258
604,2001-08-27,2001-08-27 23:00:00,4.8665143211315005,0.1692965141589538
605,2001-08-28,2001-08-28 23:00:00,4.8622979428191755,0.15918904292523742
606,2001-08-29,2001-08-29 23:00:00,4.886921077726194,0.1524821892136657
607,2001-08-30,2001-08-30 23:00:00,4.887004595464384,0.1673262997709841
608,2001-08-31,2001-08-31 23:00:00,4.91745814478232,0.17736768225305943
609,2001-09-01,2001-09-01 23:00:00,5.009950476216612,0.06050170228748393
610,2001-09-02,2001-09-02 23:00:00,5.1180435788145475,0.01806319491255004
611,2001-09-03,2001-09-03 23:00:00,5.198112459480491,0.09325356649234139
612,2001-09-04,2001-09-04 23:00:00,5.188249749761623,0.10794939037037805
613,2001-09-05,2001-09-05 23:00:00,5.2867105342063985,0.16174342010184273
614,2001-09-06,2001-09-06 23:00:00,5.302294681667827,0.18521539570132614
615,2001-09-07,2001-09-07 23:00:00,5.034103947451565,0.1732422821507686
616,2001-09-08,2001-09-08 23:00:00,4.9691536742445335,0.22288286789678105
617,2001-09-09,2001-09-09 23:00:00,4.859451004756578,0.10844104545900661
618,2001-09-10,2001-09-10 23:00:00,5.064112146151788,0.26714640121608274
619,2001-09-11,2001-09-11 23:00:00,5.135828011212279,0.2876732422243495
620,2001-09-12,2001-09-12 23:00:00,4.979197374392967,0.19110409070913773
621,2001-09-13,2001-09-13 23:00:00,4.980437114474602,0.16427209445984658
622,2001-09-14,2001-09-14 23:00:00,4.936358720523035,0.12289976241898469
623,2001-09-15,2001-09-15 23:00:00,4.870653958948911,0.08960686630718323
624,2001-09-16,2001-09-16 23:00:00,4.866703181646057,0.06315611037858569
625,2001-09-17,2001-09-17 23:00:00,4.939325547555047,0.21202285480962604
626,2001-09-18,2001-09-18 23:00:00,5.052767803798873,0.20523081060376014
627,2001-09-19,2001-09-19 23:00:00,5.006856013729044,0.18721003451917742
628,2001-09-20,2001-09-20 23:00:00,5.116740485042859,0.12484632626690668
629,2001-09-21,2001-09-21 23:00:00,5.148835563969825,0.10007140692333354
630,2001-09-22,2001-09-22 23:00:00,5.027549368558977,0.16891149439013897
631,2001-09-23,2001-09-23 23:00:00,4.932632408980024,0.08558575815859382
632,2001-09-24,2001-09-24 23:00:00,5.068431087181289,0.1943088616823618
633,2001-09-25,2001-09-25 23:00:00,5.07804517717799,0.16681848953136705
634,2001-09-26,2001-09-26 23:00:00,4.999021384916685,0.13580867671751534
635,2001-09-27,2001-09-27 23:00:00,5.065690717974338,0.10671217205449751
636,2001-09-28,2001-09-28 23:00:00,4.974951916194688,0.07540800423732287
637,2001-09-29,2001-09-29 23:00:00,4.954995831815093,0.06770527856519817
638,2001-09-30,2001-09-30 23:00:00,4.954902477952176,0.05487456763057628
639,2001-10-01,2001-10-01 23:00:00,4.946351100587186,0.08219369420877767
640,2001-10-02,2001-10-02 23:00:00,5.055576001889505,0.14761754335373567
641,2001-10-03,2001-10-03 23:00:00,5.046233978711666,0.16642867749294799
642,2001-10-04,2001-10-04 23:00:00,5.1300919364249955,0.200496585798403
643,2001-10-05,2001-10-05 23:00:00,5.124333568506284,0.16461783643700864
644,2001-10-06,2001-10-06 23:00:00,5.057843442285148,0.10005489001313754
645,2001-10-07,2001-10-07 23:00:00,5.073098265994527,0.10848095117628143
646,2001-10-08,2001-10-08 23:00:00,5.099033429484948,0.1744720298823015
647,2001-10-09,2001-10-09 23:00:00,5.064451320141663,0.14478233564750215
648,2001-10-10,2001-10-10 23:00:00,5.0584280848719,0.14291428729600666
649,2001-10-11,2001-10-11 23:00:00,5.073376168818226,0.1267143121458277
650,2001-10-12,2001-10-12 23:00:00,5.109952673073459,0.13385153757585513
651,2001-10-13,2001-10-13 23:00:00,5.13377703415336,0.10830758335756836
652,2001-10-14,2001-10-14 23:00:00,5.012861659212941,0.1394539913019945
653,2001-10-15,2001-10-15 23:00:00,5.041242311933929,0.14531856215966935
654,2001-10-16,2001-10-16 23:00:00,5.13049806470566,0.1342870940715421
655,2001-10-17,2001-10-17 23:00:00,5.165121096434289,0.14296326049592115
656,2001-10-18,2001-10-18 23:00:00,5.0297887923512885,0.14370494278686688
657,2001-10-19,2001-10-19 23:00:00,5.045677360495254,0.14201881867122076
658,2001-10-20,2001-10-20 23:00:00,5.086083420192206,0.1782155853597476
659,2001-10-21,2001-10-21 23:00:00,5.04808377169308,0.17337472261504777
660,2001-10-22,2001-10-22 23:00:00,5.23103624119579,0.19262685589092635
661,2001-10-23,2001-10-23 23:00:00,5.226088202138565,0.09729222380185362
662,2001-10-24,2001-10-24 23:00:00,5.175017921182634,0.18136078043672796
663,2001-10-25,2001-10-25 23:00:00,4.838314421834569,0.21447448643729464
664,2001-10-26,2001-10-26 23:00:00,4.964304186448195,0.266899527203138
665,2001-10-27,2001-10-27 23:00:00,5.016910235834625,0.2532827774356131
666,2001-10-28,2001-10-28 23:00:00,4.834743609148596,0.23825756144159346
667,2001-10-29,2001-10-29 23:00:00,5.149884163558773,0.35469855519631327
668,2001-10-30,2001-10-30 23:00:00,4.999982588773677,0.27327205277709604
669,2001-10-31,2001-10-31 23:00:00,5.098449875031162,0.23174268774425752
670,2001-11-01,2001-11-01 23:00:00,5.103430265839025,0.24451023247918727
671,2001-11-02,2001-11-02 23:00:00,5.123385697637226,0.15613119331568143
672,2001-11-03,2001-11-03 23:00:00,4.856205178314975,0.316957812723752
673,2001-11-04,2001-11-04 23:00:00,4.681926814914987,0.3272092476805296
674,2001-11-05,2001-11-05 23:00:00,4.814634534177125,0.28921731235818293
675,2001-11-06,2001-11-06 23:00:00,4.92686062536704,0.21731024180022038
676,2001-11-07,2001-11-07 23:00:00,5.041327495796248,0.2545730198110098
677,2001-11-08,2001-11-08 23:00:00,4.976740982670682,0.36171419190927845
678,2001-11-09,2001-11-09 23:00:00,4.764675378250376,0.19129063761084725
679,2001-11-10,2001-11-10 23:00:00,5.062641902183741,0.22284303659402
680,2001-11-11,2001-11-11 23:00:00,4.8420450220313604,0.279578689928149
681,2001-11-12,2001-11-12 23:00:00,5.002481936333496,0.15014870729942711
682,2001-11-13,2001-11-13 23:00:00,4.8943560229751455,0.23768765539383482
683,2001-11-14,2001-11-14 23:00:00,4.916951844926941,0.22482604949332952
684,2001-11-15,2001-11-15 23:00:00,4.840921738478069,0.17694204162439414
685,2001-11-16,2001-11-16 23:00:00,4.845117296578195,0.21435475297759612
686,2001-11-17,2001-11-17 23:00:00,4.862291140627359,0.24941636060398756
687,2001-11-18,2001-11-18 23:00:00,4.768223835538307,0.18037105727046582
688,2001-11-19,2001-11-19 23:00:00,4.903586775196955,0.19822118630272909
689,2001-11-20,2001-11-20 23:00:00,4.96721726743905,0.10556430934295892
690,2001-11-21,2001-11-21 23:00:00,4.825440678987573,0.17157977997072096
691,2001-11-22,2001-11-22 23:00:00,4.7976374906642185,0.2086975332430205
692,2001-11-23,2001-11-23 23:00:00,4.848161469545924,0.17479501431677338
693,2001-11-24,2001-11-24 23:00:00,4.819799132097228,0.1912684319610664
694,2001-11-25,2001-11-25 23:00:00,4.662084549680383,0.18290386677481477
695,2001-11-26,2001-11-26 23:00:00,4.950085535393197,0.2701242949973981
696,2001-11-27,2001-11-27 23:00:00,4.904105386595114,0.17282524628581108
697,2001-11-28,2001-11-28 23:00:00,4.679876396526673,0.10268574554343324
698,2001-11-29,2001-11-29 23:00:00,4.757375300211287,0.10713518084481792
699,2001-11-30,2001-11-30 23:00:00,4.669179606708541,0.1122902753881933
700,2001-12-01,2001-12-01 23:00:00,4.651309291917911,0.06207522278556867
701,2001-12-02,2001-12-02 23:00:00,4.732409188361247,0.07280948625793118
702,2001-12-03,2001-12-03 23:00:00,4.75529043396378,0.07619577465908751
703,2001-12-04,2001-12-04 23:00:00,4.770947507902375,0.17044578352513545
704,2001-12-05,2001-12-05 23:00:00,4.7012145018791385,0.05933579459312317
705,2001-12-06,2001-12-06 23:00:00,4.7139597250872205,0.18708188427849956
706,2001-12-07,2001-12-07 23:00:00,4.754449133044626,0.17677906910480776
707,2001-12-08,2001-12-08 23:00:00,4.735659881175175,0.06165474651439232
708,2001-12-09,2001-12-09 23:00:00,4.774139092752136,0.08422218893823752
709,2001-12-10,2001-12-10 23:00:00,4.898188727896386,0.19486305019931752
710,2001-12-11,2001-12-11 23:00:00,4.906981744178932,0.16583028113702467
711,2001-12-12,2001-12-12 23:00:00,5.00799158004705,0.1478997713352567
712,2001-12-13,2001-12-13 23:00:00,5.0027933579953645,0.10884439616340527
713,2001-12-14,2001-12-14 23:00:00,5.017328115031677,0.10725438598765366
714,2001-12-15,2001-12-15 23:00:00,4.913241534672001,0.1440356767156143
715,2001-12-16,2001-12-16 23:00:00,4.970649073640717,0.13892284799902124
716,2001-12-17,2001-12-17 23:00:00,4.964743980449153,0.1094713205123517
717,2001-12-18,2001-12-18 23:00:00,4.899049512804518,0.07289571383511499
718,2001-12-19,2001-12-19 23:00:00,4.848826605996686,0.042308312313653736
719,2001-12-20,2001-12-20 23:00:00,4.7548978775175845,0.05924025092359641
720,2001-12-21,2001-12-21 23:00:00,4.6805028781156075,0.09142822179564597
721,2001-12-22,2001-12-22 23:00:00,4.6692604069298715,0.09827239435964173
722,2001-12-23,2001-12-23 23:00:00,4.767307830144139,0.08730495002610232
723,2001-12-24,2001-12-24 23:00:00,4.688460458970005,0.050885870070904414
724,2001-12-25,2001-12-25 23:00:00,4.695150130674642,0.0157915027372177
725,2001-12-26,2001-12-26 23:00:00,4.6807651955429135,0.055156130408546625
726,2001-12-27,2001-12-27 23:00:00,4.664089386903488,0.06116211793970013
727,2001-12-28,2001-12-28 23:00:00,4.646008122962669,0.056577937826161516
728,2001-12-29,2001-12-29 23:00:00,4.620492203975782,0.04399072326689049
729,2001-12-30,2001-12-30 23:00:00,4.639727167820325,0.08108520345459967
730,2001-12-31,2001-12-31 23:00:00,4.623414482386285,0.04730483075242972
731,2002-01-01,2002-01-01 23:00:00,4.687572605281082,0.02676001795689038
732,2002-01-02,2002-01-02 23:00:00,4.614600769378855,0.052160840621216266
733,2002-01-03,2002-01-03 23:00:00,4.6213058931824476,0.06985484171370702
734,2002-01-04,2002-01-04 23:00:00,4.629779488212771,0.060035690399080244
735,2002-01-05,2002-01-05 23:00:00,4.670082180576409,0.04568360496561928
736,2002-01-06,2002-01-06 23:00:00,4.715404825270041,0.010167213059665755
737,2002-01-07,2002-01-07 23:00:00,4.769292447113954,0.013458916568761138
738,2002-01-08,2002-01-08 23:00:00,4.795648479656838,0.062344559681106006
739,2002-01-09,2002-01-09 23:00:00,4.794237014882079,0.0639660984064398
740,2002-01-10,2002-01-10 23:00:00,4.778343261662172,0.013346056269042882
741,2002-01-11,2002-01-11 23:00:00,4.78707512725807,0.012671552704015689
742,2002-01-12,2002-01-12 23:00:00,4.803593481598006,0.015922172130110174
743,2002-01-13,2002-01-13 23:00:00,4.851217075117675,0.0390833660310401
744,2002-01-14,2002-01-14 23:00:00,4.880118311546338,0.01850045262833557
745,2002-01-15,2002-01-15 23:00:00,4.902010039398437,0.04718219448242108
746,2002-01-16,2002-01-16 23:00:00,4.939120932974519,0.026329657814522973
747,2002-01-17,2002-01-17 23:00:00,4.908844432682199,0.049460647993890564
748,2002-01-18,2002-01-18 23:00:00,4.866591580252019,0.03276198311380477
749,2002-01-19,2002-01-19 23:00:00,4.871961763761383,0.012948416363527369
750,2002-01-20,2002-01-20 23:00:00,4.907004477674297,0.04206555823106638
751,2002-01-21,2002-01-21 23:00:00,4.921332215326661,0.06122218781098075
752,2002-01-22,2002-01-22 23:00:00,4.945170512400516,0.12201515398632364
753,2002-01-23,2002-01-23 23:00:00,4.976076195485917,0.1304612837700015
754,2002-01-24,2002-01-24 23:00:00,5.0577685251230875,0.14482355982939957
755,2002-01-25,2002-01-25 23:00:00,5.142251792212218,0.10760641619643278
756,2002-01-26,2002-01-26 23:00:00,4.907379870205324,0.13730836001854604
757,2002-01-27,2002-01-27 23:00:00,4.9913039083552695,0.13621529622340886
758,2002-01-28,2002-01-28 23:00:00,5.209386080100394,0.2104358860347153
759,2002-01-29,2002-01-29 23:00:00,4.972859834171732,0.1794065674845421
760,2002-01-30,2002-01-30 23:00:00,5.015433444150552,0.19245402909059672
761,2002-01-31,2002-01-31 23:00:00,4.999620357958169,0.1633929572428226
762,2002-02-01,2002-02-01 23:00:00,5.081663317265587,0.1534510171363303
763,2002-02-02,2002-02-02 23:00:00,5.124936623291341,0.114482115344713
764,2002-02-03,2002-02-03 23:00:00,5.207285951647748,0.08555096493197054
765,2002-02-04,2002-02-04 23:00:00,5.223921689069439,0.1088708476572754
766,2002-02-05,2002-02-05 23:00:00,5.146835006413514,0.0821686414016606
767,2002-02-06,2002-02-06 23:00:00,5.144534598600688,0.015663505884613176
768,2002-02-07,2002-02-07 23:00:00,5.186368699878007,0.050488883441861206
769,2002-02-08,2002-02-08 23:00:00,5.19724656821204,0.05957233107753864
770,2002-02-09,2002-02-09 23:00:00,5.205676060015655,0.06223916766845376
771,2002-02-10,2002-02-10 23:00:00,5.2277267647582315,0.08583396827840693
772,2002-02-11,2002-02-11 23:00:00,5.23672968466911,0.08186224970543479
773,2002-02-12,2002-02-12 23:00:00,5.245397592050963,0.1222602876109234
774,2002-02-13,2002-02-13 23:00:00,5.243680318173015,0.11312573156893328
775,2002-02-14,2002-02-14 23:00:00,5.185767607041981,0.09995935110881624
776,2002-02-15,2002-02-15 23:00:00,5.1666916361509125,0.08632072850886309
777,2002-02-16,2002-02-16 23:00:00,5.158996753756971,0.02947520382103886
778,2002-02-17,2002-02-17 23:00:00,5.164346718413737,0.052233385301535776
779,2002-02-18,2002-02-18 23:00:00,5.197326898102097,0.20046168451053914
780,2002-02-19,2002-02-19 23:00:00,5.209648761490765,0.09137231309276836
781,2002-02-20,2002-02-20 23:00:00,5.157744939379246,0.11883286546776944
782,2002-02-21,2002-02-21 23:00:00,5.247708186065712,0.19621664993089052
783,2002-02-22,2002-02-22 23:00:00,5.235999849901425,0.23055400745193547
784,2002-02-23,2002-02-23 23:00:00,5.495878555529788,0.2784540033136464
785,2002-02-24,2002-02-24 23:00:00,5.2466944642102495,0.2692927930333367
786,2002-02-25,2002-02-25 23:00:00,5.342196123449078,0.23306858542693737
787,2002-02-26,2002-02-26 23:00:00,5.2567358994457765,0.23518005164478492
788,2002-02-27,2002-02-27 23:00:00,5.2725849285620665,0.23713757041756828
789,2002-02-28,2002-02-28 23:00:00,5.6560564365013235,0.3048650285636271
790,2002-03-01,2002-03-01 23:00:00,5.13062861276391,0.14718833772421835
791,2002-03-02,2002-03-02 23:00:00,5.191591363539668,0.11305013437259723
792,2002-03-03,2002-03-03 23:00:00,5.203420506439697,0.224868473072237
793,2002-03-04,2002-03-04 23:00:00,5.134808323583246,0.15238663204880715
794,2002-03-05,2002-03-05 23:00:00,5.384829425500371,0.24856040097123044
795,2002-03-06,2002-03-06 23:00:00,5.1674809610300585,0.12546441617558984
796,2002-03-07,2002-03-07 23:00:00,5.146065388197608,0.14157636640768398
797,2002-03-08,2002-03-08 23:00:00,5.022099247091048,0.1935011093163526
798,2002-03-09,2002-03-09 23:00:00,5.112513559898403,0.17155845646304282
799,2002-03-10,2002-03-10 23:00:00,4.95522929177722,0.1522899396919636
800,2002-03-11,2002-03-11 23:00:00,5.096958642271961,0.2016185806780547
801,2002-03-12,2002-03-12 23:00:00,5.139470830510574,0.14125191350231714
802,2002-03-13,2002-03-13 23:00:00,5.085031778594097,0.11801264905249492
803,2002-03-14,2002-03-14 23:00:00,5.117398547308407,0.16632915268754953
804,2002-03-15,2002-03-15 23:00:00,5.456811309736203,0.10721766693910777
805,2002-03-16,2002-03-16 23:00:00,5.3587433364530535,0.1711171120921918
806,2002-03-17,2002-03-17 23:00:00,5.2768566592362935,0.16631668491472473
807,2002-03-18,2002-03-18 23:00:00,5.37240082269219,0.2133700539330541
808,2002-03-19,2002-03-19 23:00:00,5.274447263731631,0.11294942590397143
809,2002-03-20,2002-03-20 23:00:00,5.314745251141688,0.1326758650753926
810,2002-03-21,2002-03-21 23:00:00,5.335698426359095,0.11494301411099841
811,2002-03-22,2002-03-22 23:00:00,5.289223462390839,0.19583568152975395
812,2002-03-23,2002-03-23 23:00:00,5.2588598676755876,0.26062516904091326
813,2002-03-24,2002-03-24 23:00:00,4.961262478512703,0.24898095755610236
814,2002-03-25,2002-03-25 23:00:00,4.967421621181063,0.2691542213169307
815,2002-03-26,2002-03-26 23:00:00,4.902783041404677,0.2633154598254912
816,2002-03-27,2002-03-27 23:00:00,4.773209708371218,0.18231974618466618
817,2002-03-28,2002-03-28 23:00:00,4.788188246610628,0.20706950837306637
818,2002-03-29,2002-03-29 23:00:00,4.787206147562052,0.23635851674179112
819,2002-03-30,2002-03-30 23:00:00,5.29583492881951,0.10498542232471077
820,2002-03-31,2002-03-31 23:00:00,5.149750754755761,0.2574392980377282
821,2002-04-01,2002-04-01 23:00:00,5.257611800504414,0.14202786043434362
822,2002-04-02,2002-04-02 23:00:00,5.3038336440546034,0.30757172155217444
823,2002-04-03,2002-04-03 23:00:00,5.280844013229248,0.2368773205865444
824,2002-04-04,2002-04-04 23:00:00,5.281260193805233,0.27055069058508185
825,2002-04-05,2002-04-05 23:00:00,5.247623533176543,0.24520057787283492
826,2002-04-06,2002-04-06 23:00:00,5.195910539343591,0.1456665731990537
827,2002-04-07,2002-04-07 23:00:00,5.117858056642516,0.1371508895642341
828,2002-04-08,2002-04-08 23:00:00,4.956690356539759,0.2111328090553774
829,2002-04-09,2002-04-09 23:00:00,4.745188887746116,0.294283535305811
830,2002-04-10,2002-04-10 23:00:00,4.724653478798989,0.35869734379654744
831,2002-04-11,2002-04-11 23:00:00,5.0166698115129575,0.28304376808630194
832,2002-04-12,2002-04-12 23:00:00,5.019071075796899,0.25826838513195155
833,2002-04-13,2002-04-13 23:00:00,4.92480413549109,0.2656369341520134
834,2002-04-14,2002-04-14 23:00:00,4.752134581744321,0.23389370598079376
835,2002-04-15,2002-04-15 23:00:00,5.0374449531758545,0.2758116839751421
836,2002-04-16,2002-04-16 23:00:00,5.094755679265671,0.3349401556383466
837,2002-04-17,2002-04-17 23:00:00,5.19767977498581,0.37197553590985977
838,2002-04-18,2002-04-18 23:00:00,5.135611616657584,0.30681787674069116
839,2002-04-19,2002-04-19 23:00:00,5.090836159872264,0.343374688075175
840,2002-04-20,2002-04-20 23:00:00,5.099407520383247,0.311415568814245
841,2002-04-21,2002-04-21 23:00:00,4.810681472522371,0.2991339429856706
842,2002-04-22,2002-04-22 23:00:00,5.095471664217269,0.3581843682576207
843,2002-04-23,2002-04-23 23:00:00,5.06818038818564,0.2968918958020132
844,2002-04-24,2002-04-24 23:00:00,5.148208501724745,0.23323091334941673
845,2002-04-25,2002-04-25 23:00:00,5.013689860097636,0.2103198574334152
846,2002-04-26,2002-04-26 23:00:00,4.985532711613592,0.19945897030525997
847,2002-04-27,2002-04-27 23:00:00,4.79739763939331,0.07380467175594324
848,2002-04-28,2002-04-28 23:00:00,4.737641896817952,0.0732475238563019
849,2002-04-29,2002-04-29 23:00:00,4.898930754126802,0.25167745692633336
850,2002-04-30,2002-04-30 23:00:00,4.922164954360292,0.19388718705469055
851,2002-05-01,2002-05-01 23:00:00,4.891420950915274,0.05980016688329709
852,2002-05-02,2002-05-02 23:00:00,4.877643347941239,0.16632217617692904
853,2002-05-03,2002-05-03 23:00:00,4.798268863500909,0.12522178650075153
854,2002-05-04,2002-05-04 23:00:00,4.801152578996799,0.12997852589739342
855,2002-05-05,2002-05-05 23:00:00,4.778389311743719,0.03410697093221635
856,2002-05-06,2002-05-06 23:00:00,4.820044545153979,0.19957049130102084
857,2002-05-07,2002-05-07 23:00:00,4.983749598174085,0.20695325491850494
858,2002-05-08,2002-05-08 23:00:00,5.042120320927158,0.22698175740674778
859,2002-05-09,2002-05-09 23:00:00,5.040447363859305,0.16710322176125955
860,2002-05-10,2002-05-10 23:00:00,4.923779919009135,0.1287095986751106
861,2002-05-11,2002-05-11 23:00:00,4.749879407549976,0.20599703385312065
862,2002-05-12,2002-05-12 23:00:00,4.814362731499288,0.17950962917783606
863,2002-05-13,2002-05-13 23:00:00,4.922527960229135,0.21297403485107086
864,2002-05-14,2002-05-14 23:00:00,4.973193154424506,0.1629469162165869
865,2002-05-15,2002-05-15 23:00:00,4.910983280046957,0.13666081871868874
866,2002-05-16,2002-05-16 23:00:00,4.949516657125546,0.15023954587432342
867,2002-05-17,2002-05-17 23:00:00,4.897003457200479,0.10001575665085832
868,2002-05-18,2002-05-18 23:00:00,4.937958525520472,0.11409236962116688
869,2002-05-19,2002-05-19 23:00:00,4.887820144299611,0.050453646127557206
870,2002-05-20,2002-05-20 23:00:00,4.929673841114013,0.192175366600133
871,2002-05-21,2002-05-21 23:00:00,4.889740274242745,0.09940967314493879
872,2002-05-22,2002-05-22 23:00:00,4.845371382856971,0.07145467000371857
873,2002-05-23,2002-05-23 23:00:00,4.723183120620085,0.05589211209982233
874,2002-05-24,2002-05-24 23:00:00,4.659267771706888,0.07367805382605386
875,2002-05-25,2002-05-25 23:00:00,4.683347758194121,0.08747562329736558
876,2002-05-26,2002-05-26 23:00:00,4.655676889001575,0.12073111204472733
877,2002-05-27,2002-05-27 23:00:00,4.683000051918261,0.12448175255582447
878,2002-05-28,2002-05-28 23:00:00,4.771839280304957,0.17180501324889313
879,2002-05-29,2002-05-29 23:00:00,4.928104367157435,0.0853996125041178
880,2002-05-30,2002-05-30 23:00:00,4.851042325137803,0.10775035322495993
881,2002-05-31,2002-05-31 23:00:00,4.799732669395312,0.04549323166025096
882,2002-06-01,2002-06-01 23:00:00,4.685196680409271,0.08667424314528306
883,2002-06-02,2002-06-02 23:00:00,4.724078945670583,0.03394426006801489
884,2002-06-03,2002-06-03 23:00:00,4.674908226411213,0.06260849129293738
885,2002-06-04,2002-06-04 23:00:00,4.694726961738693,0.0960462591241096
886,2002-06-05,2002-06-05 23:00:00,4.81122581584622,0.19798091029444578
887,2002-06-06,2002-06-06 23:00:00,4.804443018662182,0.13521667703035353
888,2002-06-07,2002-06-07 23:00:00,4.650549959990313,0.08022414803075979
889,2002-06-08,2002-06-08 23:00:00,4.646007612682625,0.06184018196103633
890,2002-06-09,2002-06-09 23:00:00,4.651070447058792,0.016378785654462377
891,2002-06-10,2002-06-10 23:00:00,4.684750851942207,0.081313311204508
892,2002-06-11,2002-06-11 23:00:00,4.765422538487825,0.18890764103017624
893,2002-06-12,2002-06-12 23:00:00,4.808695950312654,0.24642333743115435
894,2002-06-13,2002-06-13 23:00:00,4.7487699156348855,0.06768062067596158
895,2002-06-14,2002-06-14 23:00:00,4.726039900124984,0.04150694103984221
896,2002-06-15,2002-06-15 23:00:00,4.735288881334778,0.03557371756328008
897,2002-06-16,2002-06-16 23:00:00,4.754731048539516,0.023473980111937354
898,2002-06-17,2002-06-17 23:00:00,4.7984725296216615,0.030099831889977245
899,2002-06-18,2002-06-18 23:00:00,4.780677095145599,0.04852429747879014
900,2002-06-19,2002-06-19 23:00:00,4.782120166996763,0.04711378148422743
901,2002-06-20,2002-06-20 23:00:00,4.797456689620618,0.15114608588366232
902,2002-06-21,2002-06-21 23:00:00,4.791333783167453,0.1580180683329093
903,2002-06-22,2002-06-22 23:00:00,4.7317687612576895,0.05020698758477862
904,2002-06-23,2002-06-23 23:00:00,4.698794537701005,0.05268927674599672
905,2002-06-24,2002-06-24 23:00:00,4.771153444832357,0.17044583988126585
906,2002-06-25,2002-06-25 23:00:00,4.774729078572579,0.176255169537181
907,2002-06-26,2002-06-26 23:00:00,4.793785829508528,0.18264449164600802
908,2002-06-27,2002-06-27 23:00:00,4.7467633139380645,0.137782828532048
909,2002-06-28,2002-06-28 23:00:00,4.724971727989,0.04943773415828537
910,2002-06-29,2002-06-29 23:00:00,4.7157589047434,0.0318760041706304
911,2002-06-30,2002-06-30 23:00:00,4.716834347203005,0.03024722438465377
912,2002-07-01,2002-07-01 23:00:00,4.808416755332047,0.03753755863333157
913,2002-07-02,2002-07-02 23:00:00,4.841686767997826,0.03422751059436755
914,2002-07-03,2002-07-03 23:00:00,4.839902751205414,0.14099302865552632
915,2002-07-04,2002-07-04 23:00:00,4.8046819795533215,0.013475908841676274
916,2002-07-05,2002-07-05 23:00:00,4.848788802132597,0.04992292740959261
917,2002-07-06,2002-07-06 23:00:00,4.833040246366313,0.04220435268129897
918,2002-07-07,2002-07-07 23:00:00,4.815177744803677,0.03189564908895293
919,2002-07-08,2002-07-08 23:00:00,4.828594068751254,0.0693453906513826
920,2002-07-09,2002-07-09 23:00:00,4.834618545529303,0.14384898716801234
921,2002-07-10,2002-07-10 23:00:00,4.816477859596739,0.059304289258904026
922,2002-07-11,2002-07-11 23:00:00,4.864684933123481,0.12789025966373974
923,2002-07-12,2002-07-12 23:00:00,4.907656399496152,0.1276372997672597
924,2002-07-13,2002-07-13 23:00:00,4.909883804048469,0.06616959356248397
925,2002-07-14,2002-07-14 23:00:00,4.893800401096672,0.05853233800302414
926,2002-07-15,2002-07-15 23:00:00,4.915066109722262,0.06221529904850442
927,2002-07-16,2002-07-16 23:00:00,4.964910262893137,0.05802596805686985
928,2002-07-17,2002-07-17 23:00:00,4.985302686458962,0.022608204503209897
929,2002-07-18,2002-07-18 23:00:00,4.989443050402817,0.03131411067650336
930,2002-07-19,2002-07-19 23:00:00,4.989762644109763,0.03159558020146291
931,2002-07-20,2002-07-20 23:00:00,4.974110563409347,0.004121647100240172
932,2002-07-21,2002-07-21 23:00:00,4.9735552999289965,0.0017674964354504484
933,2002-07-22,2002-07-22 23:00:00,4.984220261380718,0.0188877731686246
934,2002-07-23,2002-07-23 23:00:00,5.000953874860342,0.09901858848360365
935,2002-07-24,2002-07-24 23:00:00,4.97177972546781,0.01607634934737238
936,2002-07-25,2002-07-25 23:00:00,4.985849857292813,0.04758936809017703
937,2002-07-26,2002-07-26 23:00:00,4.993466787969361,0.057310157829804635
938,2002-07-27,2002-07-27 23:00:00,4.989752597518248,0.031391340423744835
939,2002-07-28,2002-07-28 23:00:00,5.00127204056919,0.03963321539073326
940,2002-07-29,2002-07-29 23:00:00,5.016463056116186,0.036561171832923366
941,2002-07-30,2002-07-30 23:00:00,5.057845947726285,0.09848296807929964
942,2002-07-31,2002-07-31 23:00:00,5.032086209215613,0.03496091919244307
943,2002-08-01,2002-08-01 23:00:00,5.025708775609973,0.021464313961103692
944,2002-08-02,2002-08-02 23:00:00,5.049496417570903,0.06992052533073713
945,2002-08-03,2002-08-03 23:00:00,5.0247479767820495,0.008779248687120716
946,2002-08-04,2002-08-04 23:00:00,5.029044549417114,0.03147024340105162
947,2002-08-05,2002-08-05 23:00:00,5.073443806450631,0.04853252598878289
948,2002-08-06,2002-08-06 23:00:00,5.051330588642265,0.006785795949067627
949,2002-08-07,2002-08-07 23:00:00,5.033792366057596,0.024725904027599988
950,2002-08-08,2002-08-08 23:00:00,5.0443181310397325,0.03533059530794904
951,2002-08-09,2002-08-09 23:00:00,5.014114396154603,0.033165267828996356
952,2002-08-10,2002-08-10 23:00:00,4.971245557377862,0.03246763556523823
953,2002-08-11,2002-08-11 23:00:00,4.958244919575701,0.016111240215224507
954,2002-08-12,2002-08-12 23:00:00,5.001827052450751,0.07592412076595288
955,2002-08-13,2002-08-13 23:00:00,5.0012965219793415,0.07319917577076601
956,2002-08-14,2002-08-14 23:00:00,4.979219746811516,0.03884616939298458
957,2002-08-15,2002-08-15 23:00:00,5.002774550580345,0.07478629667161678
958,2002-08-16,2002-08-16 23:00:00,4.9726318452135905,0.03041962188512217
959,2002-08-17,2002-08-17 23:00:00,4.999876865121686,0.09389569367341277
960,2002-08-18,2002-08-18 23:00:00,4.951974509249166,0.0166432293558688
961,2002-08-19,2002-08-19 23:00:00,4.966946575611719,0.03347318840777292
962,2002-08-20,2002-08-20 23:00:00,5.028036857966335,0.07716704048663764
963,2002-08-21,2002-08-21 23:00:00,5.002179156946792,0.048782746419075006
964,2002-08-22,2002-08-22 23:00:00,5.015837823861977,0.04636195833492697
965,2002-08-23,2002-08-23 23:00:00,4.9844288212854595,0.015687257787477718
966,2002-08-24,2002-08-24 23:00:00,4.985460797485479,0.019434595891860265
967,2002-08-25,2002-08-25 23:00:00,4.972289887742277,0.033646521186057675
968,2002-08-26,2002-08-26 23:00:00,4.983468157092018,0.02215746026207767
969,2002-08-27,2002-08-27 23:00:00,4.98043170837345,0.061293197080079416
970,2002-08-28,2002-08-28 23:00:00,4.977132101998146,0.049684750111039726
971,2002-08-29,2002-08-29 23:00:00,4.997311001951065,0.030849508618143378
972,2002-08-30,2002-08-30 23:00:00,4.996699335726106,0.02323726577510209
973,2002-08-31,2002-08-31 23:00:00,4.997434170580516,0.02456396761473794
974,2002-09-01,2002-09-01 23:00:00,5.003235915505377,0.012661050293504698
975,2002-09-02,2002-09-02 23:00:00,4.999523152554044,0.01594049215296511
976,2002-09-03,2002-09-03 23:00:00,5.051544097058781,0.060017062003739886
977,2002-09-04,2002-09-04 23:00:00,4.9961407086630265,0.03580819596929944
978,2002-09-05,2002-09-05 23:00:00,4.977279958150446,0.0019146770934657072
979,2002-09-06,2002-09-06 23:00:00,4.9751869869229255,0.005921176672882323
980,2002-09-07,2002-09-07 23:00:00,4.987588494686462,0.010250763385570624
981,2002-09-08,2002-09-08 23:00:00,4.997363182756889,0.024002094579715524
982,2002-09-09,2002-09-09 23:00:00,5.0302836338583,0.014671656840938236
983,2002-09-10,2002-09-10 23:00:00,5.046659533348454,0.02582089559145644
984,2002-09-11,2002-09-11 23:00:00,5.091331173664182,0.09319343008191859
985,2002-09-12,2002-09-12 23:00:00,5.065982247986729,0.03889944472202727
986,2002-09-13,2002-09-13 23:00:00,5.093536779044906,0.09491020999455865
987,2002-09-14,2002-09-14 23:00:00,5.094040362868844,0.07618030756225948
988,2002-09-15,2002-09-15 23:00:00,5.089758162700904,0.022624240274105114
989,2002-09-16,2002-09-16 23:00:00,5.09161735222011,0.07111052719338133
990,2002-09-17,2002-09-17 23:00:00,5.092202619071403,0.10475999552152737
991,2002-09-18,2002-09-18 23:00:00,5.054502833040246,0.03443235485316196
992,2002-09-19,2002-09-19 23:00:00,5.045466604917524,0.052649933191355386
993,2002-09-20,2002-09-20 23:00:00,5.028007355896601,0.005088712850210633
994,2002-09-21,2002-09-21 23:00:00,5.0518752424520414,0.04765643867558493
995,2002-09-22,2002-09-22 23:00:00,5.053710420036091,0.002538960622865262
996,2002-09-23,2002-09-23 23:00:00,5.172351922966737,0.10871714055757212
997,2002-09-24,2002-09-24 23:00:00,5.102352250136614,0.032858146211026985
998,2002-09-25,2002-09-25 23:00:00,5.165888801025637,0.028184722852371922
999,2002-09-26,2002-09-26 23:00:00,5.188624724902246,0.04074889688496681
1000,2002-09-27,2002-09-27 23:00:00,5.165943380554375,0.04139579457142621
1001,2002-09-28,2002-09-28 23:00:00,5.180877515234072,0.04926689331484298
1002,2002-09-29,2002-09-29 23:00:00,5.154185955737765,0.0369038337879467
1003,2002-09-30,2002-09-30 23:00:00,5.176114194766607,0.041678158554572964
1004,2002-10-01,2002-10-01 23:00:00,5.113105485523831,0.033208278636611674
1005,2002-10-02,2002-10-02 23:00:00,5.1239709852092075,0.024631154919745872
1006,2002-10-03,2002-10-03 23:00:00,5.159695551809215,0.03194892530824199
1007,2002-10-04,2002-10-04 23:00:00,5.16122087446718,0.026376356980932967
1008,2002-10-05,2002-10-05 23:00:00,5.177137224922187,0.024958616306388775
1009,2002-10-06,2002-10-06 23:00:00,5.176347137176408,0.007702033812152815
1010,2002-10-07,2002-10-07 23:00:00,5.198316804784409,0.009037399148467679
1011,2002-10-08,2002-10-08 23:00:00,5.2241113296391335,0.022510404076234797
1012,2002-10-09,2002-10-09 23:00:00,5.240794328545214,0.039745530939662696
1013,2002-10-10,2002-10-10 23:00:00,5.257972189175274,0.041744225499890535
1014,2002-10-11,2002-10-11 23:00:00,5.27881878411703,0.040183658685622785
1015,2002-10-12,2002-10-12 23:00:00,5.302443677055341,0.016741413917607372
1016,2002-10-13,2002-10-13 23:00:00,5.3165836141787715,0.02601472325875113
1017,2002-10-14,2002-10-14 23:00:00,5.337906603095315,0.03035370690784253
1018,2002-10-15,2002-10-15 23:00:00,5.350533004878453,0.03214521307199879
1019,2002-10-16,2002-10-16 23:00:00,5.332515456767781,0.05198460178046381
1020,2002-10-17,2002-10-17 23:00:00,5.255768968318239,0.03801387974505473
1021,2002-10-18,2002-10-18 23:00:00,5.315420925626566,0.05758457989179499
1022,2002-10-19,2002-10-19 23:00:00,5.368732486558401,0.00621363936584156
1023,2002-10-20,2002-10-20 23:00:00,5.351886597898439,0.039017529050925426
1024,2002-10-21,2002-10-21 23:00:00,5.359011707823572,0.034797442168535204
1025,2002-10-22,2002-10-22 23:00:00,5.355923225653832,0.038898392991579885
1026,2002-10-23,2002-10-23 23:00:00,5.355319518351848,0.020121293570683364
1027,2002-10-24,2002-10-24 23:00:00,5.361122674190184,0.021978418666773403
1028,2002-10-25,2002-10-25 23:00:00,5.356098947218567,0.01922385192488926
1029,2002-10-26,2002-10-26 23:00:00,5.35181779922434,0.017577630024567147
1030,2002-10-27,2002-10-27 23:00:00,5.358128198669704,0.004598533601593576
1031,2002-10-28,2002-10-28 23:00:00,5.307464583017192,0.06725121044151564
1032,2002-10-29,2002-10-29 23:00:00,5.292190471920673,0.010640805064885817
1033,2002-10-30,2002-10-30 23:00:00,5.186668458185481,0.06758730915435254
1034,2002-10-31,2002-10-31 23:00:00,5.1382310454905165,0.05572981704223159
1035,2002-11-01,2002-11-01 23:00:00,5.153927825286629,0.04899486334419337
1036,2002-11-02,2002-11-02 23:00:00,5.1291455152173855,0.04017881741922873
1037,2002-11-03,2002-11-03 23:00:00,5.08497702388672,0.02634065726089643
1038,2002-11-04,2002-11-04 23:00:00,5.092952166424987,0.036137298571018286
1039,2002-11-05,2002-11-05 23:00:00,5.107220217634468,0.032659019343417486
1040,2002-11-06,2002-11-06 23:00:00,5.097685662083358,0.044042746301534465
1041,2002-11-07,2002-11-07 23:00:00,5.142136518530847,0.07178209858820662
1042,2002-11-08,2002-11-08 23:00:00,5.0727837669020905,0.04185914365566987
1043,2002-11-09,2002-11-09 23:00:00,5.039817657455891,0.03668696773717887
1044,2002-11-10,2002-11-10 23:00:00,5.035051422513896,0.02654171939667912
1045,2002-11-11,2002-11-11 23:00:00,5.061500700686564,0.05054390718412243
1046,2002-11-12,2002-11-12 23:00:00,5.036418176280464,0.039181703871259306
1047,2002-11-13,2002-11-13 23:00:00,5.09904069997366,0.047167153144131634
1048,2002-11-14,2002-11-14 23:00:00,5.124384156471469,0.06772262391083243
1049,2002-11-15,2002-11-15 23:00:00,5.118427049650053,0.08214641764119138
1050,2002-11-16,2002-11-16 23:00:00,5.161486379627117,0.052767664778141224
1051,2002-11-17,2002-11-17 23:00:00,5.168981622379505,0.011336651123874926
1052,2002-11-18,2002-11-18 23:00:00,5.169588891852272,0.034514022272744985
1053,2002-11-19,2002-11-19 23:00:00,5.158309738050728,0.04587530235604506
1054,2002-11-20,2002-11-20 23:00:00,5.167460167975365,0.032328817415155815
1055,2002-11-21,2002-11-21 23:00:00,5.188688676738163,0.062226762664003094
1056,2002-11-22,2002-11-22 23:00:00,5.171897979670177,0.10382413968764025
1057,2002-11-23,2002-11-23 23:00:00,5.145717182932995,0.03258394851604329
1058,2002-11-24,2002-11-24 23:00:00,5.1565972471994295,0.036368402448878845
1059,2002-11-25,2002-11-25 23:00:00,5.1548834653523805,0.0952074510205483
1060,2002-11-26,2002-11-26 23:00:00,5.217083139077842,0.10309149653564184
1061,2002-11-27,2002-11-27 23:00:00,5.19769613941116,0.09133783258051326
1062,2002-11-28,2002-11-28 23:00:00,5.253917600671751,0.06073783735273787
1063,2002-11-29,2002-11-29 23:00:00,5.199676548399542,0.03676593430728559
1064,2002-11-30,2002-11-30 23:00:00,5.262700873299693,0.01328864598931885
1065,2002-12-01,2002-12-01 23:00:00,5.311633112645291,0.032749126398005056
1066,2002-12-02,2002-12-02 23:00:00,5.336489170434102,0.05010279832635111
1067,2002-12-03,2002-12-03 23:00:00,5.32612443041399,0.015284815509844814
1068,2002-12-04,2002-12-04 23:00:00,5.344384250062287,0.026756258656004676
1069,2002-12-05,2002-12-05 23:00:00,5.368945636519965,0.02702683400794376
1070,2002-12-06,2002-12-06 23:00:00,5.391491230788948,0.02776582434458911
1071,2002-12-07,2002-12-07 23:00:00,5.38158360665038,0.019247529268515938
1072,2002-12-08,2002-12-08 23:00:00,5.384062797812593,0.018433156077822366
1073,2002-12-09,2002-12-09 23:00:00,5.3963384303831035,0.033148279481589715
1074,2002-12-10,2002-12-10 23:00:00,5.392164330820947,0.02823058398404303
1075,2002-12-11,2002-12-11 23:00:00,5.36311908960936,0.018267217899573026
1076,2002-12-12,2002-12-12 23:00:00,5.358691112224392,0.025143538754004366
1077,2002-12-13,2002-12-13 23:00:00,5.385002273668108,0.026093848706406228
1078,2002-12-14,2002-12-14 23:00:00,5.355913068054714,0.01575443840606609
1079,2002-12-15,2002-12-15 23:00:00,5.360272261453649,0.015170124799923721
1080,2002-12-16,2002-12-16 23:00:00,5.351806929620508,0.024016828362956558
1081,2002-12-17,2002-12-17 23:00:00,5.30471353770098,0.02521162674771144
1082,2002-12-18,2002-12-18 23:00:00,5.314241520407113,0.015348985118461608
1083,2002-12-19,2002-12-19 23:00:00,5.285606990189037,0.020230054272037064
1084,2002-12-20,2002-12-20 23:00:00,5.3303168883740355,0.020915926914502225
1085,2002-12-21,2002-12-21 23:00:00,5.3109498502364945,0.015419733827635021
1086,2002-12-22,2002-12-22 23:00:00,5.305978994173787,0.005496553004803172
1087,2002-12-23,2002-12-23 23:00:00,5.295905303686802,0.023088592911181934
1088,2002-12-24,2002-12-24 23:00:00,5.303349657526986,0.000780785023912
1089,2002-12-25,2002-12-25 23:00:00,5.2880519363706,0.011816766134501257
1090,2002-12-26,2002-12-26 23:00:00,5.280225898736625,0.01833482061738617
1091,2002-12-27,2002-12-27 23:00:00,5.281637376932736,0.005855725501696563
1092,2002-12-28,2002-12-28 23:00:00,5.27890932254671,0.0018389763769257154
1093,2002-12-29,2002-12-29 23:00:00,5.276214945887868,0.0036312964221578235
1094,2002-12-30,2002-12-30 23:00:00,5.246940816566645,0.02251467042943698
1095,2002-12-31,2002-12-31 23:00:00,5.2516736825317585,0.03454770243920902
1096,2003-01-01,2003-01-01 23:00:00,5.254090593791541,0.034432141337251566
1097,2003-01-02,2003-01-02 23:00:00,5.2905190108793265,0.022136491775593327
1098,2003-01-03,2003-01-03 23:00:00,5.306807702499969,0.03567911248551808
1099,2003-01-04,2003-01-04 23:00:00,5.308474838326201,0.014046593358356863
1100,2003-01-05,2003-01-05 23:00:00,5.309753699141326,0.019619681496334855
1101,2003-01-06,2003-01-06 23:00:00,5.315296555699132,0.012106644938207135
1102,2003-01-07,2003-01-07 23:00:00,5.343179352936988,0.03361703203356839
1103,2003-01-08,2003-01-08 23:00:00,5.325892625688543,0.03139563192736908
1104,2003-01-09,2003-01-09 23:00:00,5.363140675091369,0.009174526055622306
1105,2003-01-10,2003-01-10 23:00:00,5.3672226577212685,0.009312997926197096
1106,2003-01-11,2003-01-11 23:00:00,5.352938861284709,0.005433991888186512
1107,2003-01-12,2003-01-12 23:00:00,5.3663189055857,0.007975713347577521
1108,2003-01-13,2003-01-13 23:00:00,5.3627676949385545,0.01892227257192516
1109,2003-01-14,2003-01-14 23:00:00,5.349484077757398,0.001278995081473402
1110,2003-01-15,2003-01-15 23:00:00,5.369332722193497,0.02187120554947556
1111,2003-01-16,2003-01-16 23:00:00,5.353128019212943,0.0313023469274699
1112,2003-01-17,2003-01-17 23:00:00,5.396781759610256,0.023987293905244164
1113,2003-01-18,2003-01-18 23:00:00,5.412445742851593,0.023476151161967534
1114,2003-01-19,2003-01-19 23:00:00,5.450937814235377,0.010466277677408094
1115,2003-01-20,2003-01-20 23:00:00,5.449959197939759,0.01575464108898343
1116,2003-01-21,2003-01-21 23:00:00,5.460148527002661,0.017793829260914752
1117,2003-01-22,2003-01-22 23:00:00,5.461799745952907,0.010383657394699668
1118,2003-01-23,2003-01-23 23:00:00,5.455166385566426,0.007066095933471746
1119,2003-01-24,2003-01-24 23:00:00,5.452021626560274,0.008958552036806077
1120,2003-01-25,2003-01-25 23:00:00,5.451341848313905,0.014217737854059796
1121,2003-01-26,2003-01-26 23:00:00,5.444329550637672,0.0033768390460907453
1122,2003-01-27,2003-01-27 23:00:00,5.450545631214967,0.009633164369986064
1123,2003-01-28,2003-01-28 23:00:00,5.46773418105725,0.021472572127710067
1124,2003-01-29,2003-01-29 23:00:00,5.457186608416826,0.01750175872669543
1125,2003-01-30,2003-01-30 23:00:00,5.472330382680101,0.021516786845957703
1126,2003-01-31,2003-01-31 23:00:00,5.484219859893908,0.020840712222989603
1127,2003-02-01,2003-02-01 23:00:00,5.48934060507944,0.02772941411459318
1128,2003-02-02,2003-02-02 23:00:00,5.485667162653804,0.022272458397246134
1129,2003-02-03,2003-02-03 23:00:00,5.477536458781425,0.01604336496121517
1130,2003-02-04,2003-02-04 23:00:00,5.490632568983725,0.018493932565206723
1131,2003-02-05,2003-02-05 23:00:00,5.477369568592354,0.01603239095939444
1132,2003-02-06,2003-02-06 23:00:00,5.483830350485154,0.009396218272549895
1133,2003-02-07,2003-02-07 23:00:00,5.477089773401534,0.008605690975754225
1134,2003-02-08,2003-02-08 23:00:00,5.477037162914054,0.010697615267095438
1135,2003-02-09,2003-02-09 23:00:00,5.453888193058265,0.01686967038964073
1136,2003-02-10,2003-02-10 23:00:00,5.435926035632363,0.018079467013164725
1137,2003-02-11,2003-02-11 23:00:00,5.423448290256002,0.0032043680414139664
1138,2003-02-12,2003-02-12 23:00:00,5.416919946516629,0.0051712748776181795
1139,2003-02-13,2003-02-13 23:00:00,5.422317220315731,0.01721275074008544
1140,2003-02-14,2003-02-14 23:00:00,5.247475698681558,0.2528984032277185
1141,2003-02-15,2003-02-15 23:00:00,5.374602891531832,0.01339748132951093
1142,2003-02-16,2003-02-16 23:00:00,5.3661677379961175,0.00942733852290245
1143,2003-02-17,2003-02-17 23:00:00,5.388998153839309,0.028236915599102307
1144,2003-02-18,2003-02-18 23:00:00,5.36570566356454,0.029868389366861172
1145,2003-02-19,2003-02-19 23:00:00,5.3589557905007625,0.04129857582692308
1146,2003-02-20,2003-02-20 23:00:00,5.36857712696321,0.04567736418454533
1147,2003-02-21,2003-02-21 23:00:00,5.41961530572366,0.04507111432840978
1148,2003-02-22,2003-02-22 23:00:00,5.3949762371129095,0.03681135533186689
1149,2003-02-23,2003-02-23 23:00:00,5.397726080241088,0.02490695709070862
1150,2003-02-24,2003-02-24 23:00:00,5.437035476106215,0.029389832813763665
1151,2003-02-25,2003-02-25 23:00:00,5.421671848954674,0.025752200907490565
1152,2003-02-26,2003-02-26 23:00:00,5.38200857658484,0.016029451303811854
1153,2003-02-27,2003-02-27 23:00:00,5.406511615875,0.02767344147369337
1154,2003-02-28,2003-02-28 23:00:00,5.403646799231677,0.029099194982523006
1155,2003-03-01,2003-03-01 23:00:00,5.3917036448069915,0.022043164027460732
1156,2003-03-02,2003-03-02 23:00:00,5.397865058567447,0.012662122763551796
1157,2003-03-03,2003-03-03 23:00:00,5.358825893740179,0.017881290553667502
1158,2003-03-04,2003-03-04 23:00:00,5.368160320088941,0.021914961817424007
1159,2003-03-05,2003-03-05 23:00:00,5.344512838080116,0.017286111521453224
1160,2003-03-06,2003-03-06 23:00:00,5.394844982524378,0.05885331314882125
1161,2003-03-07,2003-03-07 23:00:00,5.36422169692928,0.019365012892904054
1162,2003-03-08,2003-03-08 23:00:00,5.406233916119199,0.05254305546922624
1163,2003-03-09,2003-03-09 23:00:00,5.389896886126522,0.041541282090304464
1164,2003-03-10,2003-03-10 23:00:00,5.446433931573638,0.04113962062298127
1165,2003-03-11,2003-03-11 23:00:00,5.44520782457748,0.026155447135108666
1166,2003-03-12,2003-03-12 23:00:00,5.490065226391061,0.015224618682286169
1167,2003-03-13,2003-03-13 23:00:00,5.506648859386196,0.039367516496923396
1168,2003-03-14,2003-03-14 23:00:00,5.517235541809299,0.03657262640148454
1169,2003-03-15,2003-03-15 23:00:00,5.589037808763469,0.02907873477709191
1170,2003-03-16,2003-03-16 23:00:00,5.588991919400988,0.04280869561362782
1171,2003-03-17,2003-03-17 23:00:00,5.515803553685378,0.14103764419797354
1172,2003-03-18,2003-03-18 23:00:00,5.5631723052565105,0.040483232183658714
1173,2003-03-19,2003-03-19 23:00:00,5.561362785576544,0.03420202711352251
1174,2003-03-20,2003-03-20 23:00:00,5.467038998060587,0.0796772383999828
1175,2003-03-21,2003-03-21 23:00:00,5.537874870426652,0.04167496236291437
1176,2003-03-22,2003-03-22 23:00:00,5.5133503430205435,0.02284318282939616
1177,2003-03-23,2003-03-23 23:00:00,5.495114962321309,0.007641487642341753
1178,2003-03-24,2003-03-24 23:00:00,5.495899875969191,0.021779687191166894
1179,2003-03-25,2003-03-25 23:00:00,5.495000957405918,0.02644674541234098
1180,2003-03-26,2003-03-26 23:00:00,5.515034541246975,0.032629395133343474
1181,2003-03-27,2003-03-27 23:00:00,5.498560891546039,0.04052172395183208
1182,2003-03-28,2003-03-28 23:00:00,5.498270236923935,0.03506596077159674
1183,2003-03-29,2003-03-29 23:00:00,5.4910939581116125,0.024723754803610675
1184,2003-03-30,2003-03-30 23:00:00,5.495430534900425,0.03616550831937819
1185,2003-03-31,2003-03-31 23:00:00,5.539410401023072,0.10772930105996825
1186,2003-04-01,2003-04-01 23:00:00,5.515361615036617,0.1317997482371845
1187,2003-04-02,2003-04-02 23:00:00,5.502270884093794,0.03406502908692369
1188,2003-04-03,2003-04-03 23:00:00,5.552936848903518,0.06175653809630203
1189,2003-04-04,2003-04-04 23:00:00,5.53440686513157,0.03954302204565507
1190,2003-04-05,2003-04-05 23:00:00,5.553691728720921,0.04841112438070284
1191,2003-04-06,2003-04-06 23:00:00,5.525772853280093,0.025304899327484413
1192,2003-04-07,2003-04-07 23:00:00,5.529926620020937,0.049437800768607994
1193,2003-04-08,2003-04-08 23:00:00,5.536835927900964,0.0480975699975385
1194,2003-04-09,2003-04-09 23:00:00,5.557642919624809,0.050426299232593924
1195,2003-04-10,2003-04-10 23:00:00,5.582961662625958,0.04397374678599935
1196,2003-04-11,2003-04-11 23:00:00,5.576657740483431,0.0405268231527621
1197,2003-04-12,2003-04-12 23:00:00,5.608392183150244,0.02889041462625027
1198,2003-04-13,2003-04-13 23:00:00,5.601335833973721,0.011365678810010086
1199,2003-04-14,2003-04-14 23:00:00,5.502691820773442,0.10941243649798262
1200,2003-04-15,2003-04-15 23:00:00,5.456622461142584,0.10351964216124633
1201,2003-04-16,2003-04-16 23:00:00,5.498693208400552,0.025335152426284084
1202,2003-04-17,2003-04-17 23:00:00,5.461574959084255,0.03604582014152169
1203,2003-04-18,2003-04-18 23:00:00,5.485228930594224,0.010703841656905484
1204,2003-04-19,2003-04-19 23:00:00,5.5013883556184675,0.02171557690900087
1205,2003-04-20,2003-04-20 23:00:00,5.505003328456578,0.009839724903165873
1206,2003-04-21,2003-04-21 23:00:00,5.492415305259474,0.010568822320560646
1207,2003-04-22,2003-04-22 23:00:00,5.500110449754639,0.017862643756316996
1208,2003-04-23,2003-04-23 23:00:00,5.477450997133661,0.009421247237024687
1209,2003-04-24,2003-04-24 23:00:00,5.433923349036367,0.07779575500043946
1210,2003-04-25,2003-04-25 23:00:00,5.420716627761813,0.07128791136884967
1211,2003-04-26,2003-04-26 23:00:00,5.456836607620858,0.01835703855963758
1212,2003-04-27,2003-04-27 23:00:00,5.446664994769087,0.014238351475464367
1213,2003-04-28,2003-04-28 23:00:00,5.443782772637192,0.021085508353675213
1214,2003-04-29,2003-04-29 23:00:00,5.448597042709953,0.020710177865392754
1215,2003-04-30,2003-04-30 23:00:00,5.437654315551604,0.01737983003412976
1216,2003-05-01,2003-05-01 23:00:00,5.455339312452604,0.01611679581044082
1217,2003-05-02,2003-05-02 23:00:00,5.474083053530464,0.02545818802908429
1218,2003-05-03,2003-05-03 23:00:00,5.492735425241889,0.002741315915852627
1219,2003-05-04,2003-05-04 23:00:00,5.493259400015997,0.003288461615186014
1220,2003-05-05,2003-05-05 23:00:00,5.479246190755746,0.018427983204245848
1221,2003-05-06,2003-05-06 23:00:00,5.480074887281877,0.017515208679819105
1222,2003-05-07,2003-05-07 23:00:00,5.461278801567516,0.019929881231464438
1223,2003-05-08,2003-05-08 23:00:00,5.478825624740911,0.018404472591536346
1224,2003-05-09,2003-05-09 23:00:00,5.466140995647713,0.01149801279244087
1225,2003-05-10,2003-05-10 23:00:00,5.508490210677157,0.05010550975455564
1226,2003-05-11,2003-05-11 23:00:00,5.489937621777064,0.02698404211044916
1227,2003-05-12,2003-05-12 23:00:00,5.475251915057238,0.0144355171299528
1228,2003-05-13,2003-05-13 23:00:00,5.488476915157061,0.03502923278010082
1229,2003-05-14,2003-05-14 23:00:00,5.436090020963086,0.04347740410413231
1230,2003-05-15,2003-05-15 23:00:00,5.422896075860469,0.04211234494920675
1231,2003-05-16,2003-05-16 23:00:00,5.413433101238553,0.017156980713495987
1232,2003-05-17,2003-05-17 23:00:00,5.398778953074206,0.011451051965033477
1233,2003-05-18,2003-05-18 23:00:00,5.378536764646213,0.02010172534569022
1234,2003-05-19,2003-05-19 23:00:00,5.34791362596608,0.018675591035793842
1235,2003-05-20,2003-05-20 23:00:00,5.319572703358291,0.03474972897439559
1236,2003-05-21,2003-05-21 23:00:00,5.282130515065347,0.004739410428553818
1237,2003-05-22,2003-05-22 23:00:00,5.261450529923075,0.04836335373926919
1238,2003-05-23,2003-05-23 23:00:00,5.191413129918764,0.03637909447022711
1239,2003-05-24,2003-05-24 23:00:00,5.221602648325662,0.108430618169327
1240,2003-05-25,2003-05-25 23:00:00,5.1938768915132565,0.07761288460414335
1241,2003-05-26,2003-05-26 23:00:00,5.108168684670193,0.0845826919279243
1242,2003-05-27,2003-05-27 23:00:00,5.085931220505756,0.10830200266019403
1243,2003-05-28,2003-05-28 23:00:00,5.211803060799163,0.13255540201443972
1244,2003-05-29,2003-05-29 23:00:00,5.057046137683022,0.12889487455548546
1245,2003-05-30,2003-05-30 23:00:00,5.068865129936092,0.11122153809883041
1246,2003-05-31,2003-05-31 23:00:00,5.142153079280463,0.14556041468178907
1247,2003-06-01,2003-06-01 23:00:00,5.1231829627341146,0.05260348173073547
1248,2003-06-02,2003-06-02 23:00:00,5.140019500736995,0.08868815291049867
1249,2003-06-03,2003-06-03 23:00:00,5.122359404617594,0.09685553986341779
1250,2003-06-04,2003-06-04 23:00:00,5.187335126167017,0.09090458130159751
1251,2003-06-05,2003-06-05 23:00:00,5.161891094147982,0.081872054197244
1252,2003-06-06,2003-06-06 23:00:00,5.299689472257498,0.08175696277035155
1253,2003-06-07,2003-06-07 23:00:00,5.349230724995349,0.03536657457552491
1254,2003-06-08,2003-06-08 23:00:00,5.386302153266264,0.011995245787807085
1255,2003-06-09,2003-06-09 23:00:00,5.337386728232626,0.044574194786450465
1256,2003-06-10,2003-06-10 23:00:00,5.321096440917651,0.07078353548066124
1257,2003-06-11,2003-06-11 23:00:00,5.30491478609355,0.06042178021084228
1258,2003-06-12,2003-06-12 23:00:00,5.2873661330111945,0.051207915603340856
1259,2003-06-13,2003-06-13 23:00:00,5.325417765369352,0.029987538041463827
1260,2003-06-14,2003-06-14 23:00:00,5.422300879494962,0.0638922369111737
1261,2003-06-15,2003-06-15 23:00:00,5.381870262832652,0.056090582097581033
1262,2003-06-16,2003-06-16 23:00:00,5.303357075309629,0.03398344484682244
1263,2003-06-17,2003-06-17 23:00:00,5.321150994350958,0.04603234241247576
1264,2003-06-18,2003-06-18 23:00:00,5.374343633632146,0.08728698395627746
1265,2003-06-19,2003-06-19 23:00:00,5.415330935262349,0.10567233501564383
1266,2003-06-20,2003-06-20 23:00:00,5.35595828030506,0.08938982940106319
1267,2003-06-21,2003-06-21 23:00:00,5.289326750417591,0.039952622120297786
1268,2003-06-22,2003-06-22 23:00:00,5.24733179510958,0.03267299732331055
1269,2003-06-23,2003-06-23 23:00:00,5.26990188950301,0.039800435731041285
1270,2003-06-24,2003-06-24 23:00:00,5.243263972764325,0.03709739198241277
1271,2003-06-25,2003-06-25 23:00:00,5.261918050246299,0.0455140848186136
1272,2003-06-26,2003-06-26 23:00:00,5.26936827757518,0.046223807003007204
1273,2003-06-27,2003-06-27 23:00:00,5.265895270721508,0.04968492699004973
1274,2003-06-28,2003-06-28 23:00:00,5.247850559820482,0.014443529936799673
1275,2003-06-29,2003-06-29 23:00:00,5.248638775404593,0.04186663886279473
1276,2003-06-30,2003-06-30 23:00:00,5.270275585966181,0.05255637755443095
1277,2003-07-01,2003-07-01 23:00:00,5.281133074515121,0.04024991244920259
1278,2003-07-02,2003-07-02 23:00:00,5.318451256029583,0.06021222009383532
1279,2003-07-03,2003-07-03 23:00:00,5.316630182030222,0.061056989104117755
1280,2003-07-04,2003-07-04 23:00:00,5.284132730587658,0.03995181987479346
1281,2003-07-05,2003-07-05 23:00:00,5.3123644225394395,0.03993958934796367
1282,2003-07-06,2003-07-06 23:00:00,5.326641334849263,0.03971979608352417
1283,2003-07-07,2003-07-07 23:00:00,5.378272444854112,0.0684165267828468
1284,2003-07-08,2003-07-08 23:00:00,5.350153796394786,0.03642660715402876
1285,2003-07-09,2003-07-09 23:00:00,5.380523592298839,0.023743976738286595
1286,2003-07-10,2003-07-10 23:00:00,5.37356858971198,0.025370601864050827
1287,2003-07-11,2003-07-11 23:00:00,5.403871618613803,0.016719129747364794
1288,2003-07-12,2003-07-12 23:00:00,5.392435899492509,0.024352567819743445
1289,2003-07-13,2003-07-13 23:00:00,5.395139030506697,0.03133219471636037
1290,2003-07-14,2003-07-14 23:00:00,5.411294903659493,0.03784535444442636
1291,2003-07-15,2003-07-15 23:00:00,5.390235467964328,0.030166096561691284
1292,2003-07-16,2003-07-16 23:00:00,5.387550816664652,0.01822686910292172
1293,2003-07-17,2003-07-17 23:00:00,5.398901931576172,0.020422452368915437
1294,2003-07-18,2003-07-18 23:00:00,5.406386710360047,0.014099388666301206
1295,2003-07-19,2003-07-19 23:00:00,5.396734209320887,0.01163020487289189
1296,2003-07-20,2003-07-20 23:00:00,5.396649435187111,0.008679049269832156
1297,2003-07-21,2003-07-21 23:00:00,5.402208153348646,0.02214562711498658
1298,2003-07-22,2003-07-22 23:00:00,5.392599691857157,0.015803265053734535
1299,2003-07-23,2003-07-23 23:00:00,5.394204779046004,0.015740590018752592
1300,2003-07-24,2003-07-24 23:00:00,5.393758093088568,0.018747705238993925
1301,2003-07-25,2003-07-25 23:00:00,5.393614069649192,0.0079796529116633
1302,2003-07-26,2003-07-26 23:00:00,5.377458488700711,0.018457965290421718
1303,2003-07-27,2003-07-27 23:00:00,5.329914847940909,0.028368948553665525
1304,2003-07-28,2003-07-28 23:00:00,5.351712736631275,0.03938200637056366
1305,2003-07-29,2003-07-29 23:00:00,5.351172449235135,0.019644495633551817
1306,2003-07-30,2003-07-30 23:00:00,5.363891637536786,0.067365715421458
1307,2003-07-31,2003-07-31 23:00:00,5.331832304247498,0.033586550793818906
1308,2003-08-01,2003-08-01 23:00:00,5.2988582525265615,0.04542983158615583
1309,2003-08-02,2003-08-02 23:00:00,5.260751988835679,0.04610058971440018
1310,2003-08-03,2003-08-03 23:00:00,5.229068916474241,0.04395515487930392
1311,2003-08-04,2003-08-04 23:00:00,5.2721806493780035,0.05071279711944186
1312,2003-08-05,2003-08-05 23:00:00,5.305681889634389,0.15505966262171503
1313,2003-08-06,2003-08-06 23:00:00,5.193433824846165,0.04470294442979068
1314,2003-08-07,2003-08-07 23:00:00,5.202390694005307,0.023196779257272374
1315,2003-08-08,2003-08-08 23:00:00,5.198484542423901,0.030841970936397765
1316,2003-08-09,2003-08-09 23:00:00,5.194411826816405,0.009206318789002042
1317,2003-08-10,2003-08-10 23:00:00,5.194631673201085,0.009127892970944679
1318,2003-08-11,2003-08-11 23:00:00,5.245216560628088,0.036818064704465886
1319,2003-08-12,2003-08-12 23:00:00,5.283256323544396,0.10346840729703008
1320,2003-08-13,2003-08-13 23:00:00,5.322505088129918,0.0906229652112786
1321,2003-08-14,2003-08-14 23:00:00,5.29525835685471,0.020135971884398286
1322,2003-08-15,2003-08-15 23:00:00,5.329184959502782,0.03482470529537061
1323,2003-08-16,2003-08-16 23:00:00,5.389174962431821,0.06737599118655657
1324,2003-08-17,2003-08-17 23:00:00,5.349808274108887,0.030959121919110974
1325,2003-08-18,2003-08-18 23:00:00,5.351845147302606,0.062268435349385975
1326,2003-08-19,2003-08-19 23:00:00,5.353203814959728,0.06528171295749884
1327,2003-08-20,2003-08-20 23:00:00,5.397998877390556,0.13013773873039355
1328,2003-08-21,2003-08-21 23:00:00,5.37305608556382,0.09352470336333127
1329,2003-08-22,2003-08-22 23:00:00,5.339368290781131,0.03107016859239903
1330,2003-08-23,2003-08-23 23:00:00,5.341796963700829,0.01352979376844966
1331,2003-08-24,2003-08-24 23:00:00,5.287841396406278,0.03689763943010471
1332,2003-08-25,2003-08-25 23:00:00,5.326604370907018,0.11382385972038737
1333,2003-08-26,2003-08-26 23:00:00,5.4163563593150075,0.2108797339768493
1334,2003-08-27,2003-08-27 23:00:00,5.355058272731313,0.1789924564731309
1335,2003-08-28,2003-08-28 23:00:00,5.31201413844567,0.14214244626325076
1336,2003-08-29,2003-08-29 23:00:00,5.245583839904865,0.15968480860658013
1337,2003-08-30,2003-08-30 23:00:00,5.179532907896396,0.08482976069509002
1338,2003-08-31,2003-08-31 23:00:00,5.0776156566673505,0.09948265895572452
1339,2003-09-01,2003-09-01 23:00:00,5.197543289318166,0.1822166177856669
1340,2003-09-02,2003-09-02 23:00:00,5.29953663527861,0.279923105134201
1341,2003-09-03,2003-09-03 23:00:00,5.285692116065294,0.2862765983360868
1342,2003-09-04,2003-09-04 23:00:00,5.294746562014197,0.22404660578887362
1343,2003-09-05,2003-09-05 23:00:00,5.350773518062049,0.19139035095338092
1344,2003-09-06,2003-09-06 23:00:00,5.238656926577889,0.16494305407986287
1345,2003-09-07,2003-09-07 23:00:00,5.202097319456352,0.2067403621410342
1346,2003-09-08,2003-09-08 23:00:00,5.39469959077368,0.27814326776639736
1347,2003-09-09,2003-09-09 23:00:00,5.3805420461993405,0.25891742530732664
1348,2003-09-10,2003-09-10 23:00:00,5.441555027577145,0.2626652173785818
1349,2003-09-11,2003-09-11 23:00:00,5.243464175992295,0.22753713831311254
1350,2003-09-12,2003-09-12 23:00:00,5.2387499621391855,0.0930398054263359
1351,2003-09-13,2003-09-13 23:00:00,5.090755570535413,0.08574236258942511
1352,2003-09-14,2003-09-14 23:00:00,5.21844572709496,0.1545235167535108
1353,2003-09-15,2003-09-15 23:00:00,5.218439695668764,0.25247758996554076
1354,2003-09-16,2003-09-16 23:00:00,5.190389954984442,0.1145379783941012
1355,2003-09-17,2003-09-17 23:00:00,5.143507408376018,0.07063467892299011
1356,2003-09-18,2003-09-18 23:00:00,5.140539017582547,0.06946196534683702
1357,2003-09-19,2003-09-19 23:00:00,5.142053573196091,0.11478203726507588
1358,2003-09-20,2003-09-20 23:00:00,5.123734000985784,0.21989780478821339
1359,2003-09-21,2003-09-21 23:00:00,5.040332184239355,0.07679594397013276
1360,2003-09-22,2003-09-22 23:00:00,5.214000663855238,0.2453980183310778
1361,2003-09-23,2003-09-23 23:00:00,5.262087344300422,0.25497074515738705
1362,2003-09-24,2003-09-24 23:00:00,5.126355735479129,0.217526016903103
1363,2003-09-25,2003-09-25 23:00:00,5.214812996664448,0.2617682640239333
1364,2003-09-26,2003-09-26 23:00:00,5.235157766657661,0.09826475868500707
1365,2003-09-27,2003-09-27 23:00:00,5.221815838745724,0.06594094397031543
1366,2003-09-28,2003-09-28 23:00:00,5.208032642743199,0.04662896879198301
1367,2003-09-29,2003-09-29 23:00:00,5.210164310970712,0.050990309675904
1368,2003-09-30,2003-09-30 23:00:00,5.2139031134116385,0.042025703100249175
1369,2003-10-01,2003-10-01 23:00:00,5.171525147898195,0.048934626433676576
1370,2003-10-02,2003-10-02 23:00:00,5.147340292012024,0.05557376625071746
1371,2003-10-03,2003-10-03 23:00:00,5.097527462310652,0.06900868965131832
1372,2003-10-04,2003-10-04 23:00:00,5.098301260339971,0.02166274417796805
1373,2003-10-05,2003-10-05 23:00:00,5.102958272304702,0.02127497627111893
1374,2003-10-06,2003-10-06 23:00:00,5.13063572580718,0.05308037846494193
1375,2003-10-07,2003-10-07 23:00:00,5.1914709992034505,0.1502460616169327
1376,2003-10-08,2003-10-08 23:00:00,5.169485608962364,0.1463029084521171
1377,2003-10-09,2003-10-09 23:00:00,5.121573619649172,0.03322492490130025
1378,2003-10-10,2003-10-10 23:00:00,5.133171436943981,0.07601593093561554
1379,2003-10-11,2003-10-11 23:00:00,5.140731622587402,0.07626754005719534
1380,2003-10-12,2003-10-12 23:00:00,5.124197642096173,0.024390431101260917
1381,2003-10-13,2003-10-13 23:00:00,5.097522311426283,0.025431748128005662
1382,2003-10-14,2003-10-14 23:00:00,5.229880012236276,0.18580704061870376
1383,2003-10-15,2003-10-15 23:00:00,5.098069846301065,0.012602676839467072
1384,2003-10-16,2003-10-16 23:00:00,5.096626139117644,0.05831393446806817
1385,2003-10-17,2003-10-17 23:00:00,5.051860463655667,0.02459060127199899
1386,2003-10-18,2003-10-18 23:00:00,5.0648602344025875,0.02776006371194744
1387,2003-10-19,2003-10-19 23:00:00,5.073141938489996,0.013585434265804703
1388,2003-10-20,2003-10-20 23:00:00,5.091717603958648,0.031846844665734786
1389,2003-10-21,2003-10-21 23:00:00,5.0607746158309235,0.03967448945169584
1390,2003-10-22,2003-10-22 23:00:00,5.098261901317444,0.08244233308589688
1391,2003-10-23,2003-10-23 23:00:00,5.100348023459117,0.07919064647221107
1392,2003-10-24,2003-10-24 23:00:00,5.104559020100883,0.025389675369404417
1393,2003-10-25,2003-10-25 23:00:00,5.115260346895983,0.015816770706620215
1394,2003-10-26,2003-10-26 23:00:00,5.121699395680449,0.0007875491999180016
1395,2003-10-27,2003-10-27 23:00:00,5.121612945642508,0.05452567710909237
1396,2003-10-28,2003-10-28 23:00:00,5.165041881613618,0.10199877822079267
1397,2003-10-29,2003-10-29 23:00:00,5.183597226386863,0.09960642642466434
1398,2003-10-30,2003-10-30 23:00:00,5.224357688468238,0.044604373779144245
1399,2003-10-31,2003-10-31 23:00:00,5.224842492293484,0.016309912967415432
1400,2003-11-01,2003-11-01 23:00:00,5.209074121031723,0.022640572587987472
1401,2003-11-02,2003-11-02 23:00:00,5.167942169914466,0.03787175027993067
1402,2003-11-03,2003-11-03 23:00:00,5.185014788805192,0.005072664822565173
1403,2003-11-04,2003-11-04 23:00:00,5.213549846206639,0.06034389456443121
1404,2003-11-05,2003-11-05 23:00:00,5.21587395933925,0.05715351955024113
1405,2003-11-06,2003-11-06 23:00:00,5.215271072212014,0.0426005524669611
1406,2003-11-07,2003-11-07 23:00:00,5.201333700584554,0.01707476102298414
1407,2003-11-08,2003-11-08 23:00:00,5.216527058397376,0.02532374609292402
1408,2003-11-09,2003-11-09 23:00:00,5.236860305853454,0.008782589935651128
1409,2003-11-10,2003-11-10 23:00:00,5.2176638504867725,0.045215683196014725
1410,2003-11-11,2003-11-11 23:00:00,5.2364046366619865,0.07014641252030397
1411,2003-11-12,2003-11-12 23:00:00,5.291591556343132,0.04700832374036814
1412,2003-11-13,2003-11-13 23:00:00,5.272524742257573,0.14030922038534968
1413,2003-11-14,2003-11-14 23:00:00,5.244360346066892,0.01737288550600682
1414,2003-11-15,2003-11-15 23:00:00,5.242680662597862,0.0025598545505039257
1415,2003-11-16,2003-11-16 23:00:00,5.23041928565372,0.02643702480544049
1416,2003-11-17,2003-11-17 23:00:00,5.2462005744339075,0.006863089192449095
1417,2003-11-18,2003-11-18 23:00:00,5.25662822183091,0.024724258060576904
1418,2003-11-19,2003-11-19 23:00:00,5.298640150731029,0.142571662394378
1419,2003-11-20,2003-11-20 23:00:00,5.305590105051669,0.03582065011922618
1420,2003-11-21,2003-11-21 23:00:00,5.394786514207152,0.16545993246858756
1421,2003-11-22,2003-11-22 23:00:00,5.393881819756619,0.1634305469644167
1422,2003-11-23,2003-11-23 23:00:00,5.330062600794691,0.03515548992083365
1423,2003-11-24,2003-11-24 23:00:00,5.340679504779858,0.01346318484101271
1424,2003-11-25,2003-11-25 23:00:00,5.301544753806746,0.025970957419285682
1425,2003-11-26,2003-11-26 23:00:00,5.283582104306231,0.02597774958511782
1426,2003-11-27,2003-11-27 23:00:00,5.269887659198247,0.025438705149132716
1427,2003-11-28,2003-11-28 23:00:00,5.27959924392326,0.03866701143651514
1428,2003-11-29,2003-11-29 23:00:00,5.286531999533682,0.04744942514881792
1429,2003-11-30,2003-11-30 23:00:00,5.251192871189057,0.05320126447745681
1430,2003-12-01,2003-12-01 23:00:00,5.21969384401011,0.025522996787636244
1431,2003-12-02,2003-12-02 23:00:00,5.119241922911823,0.04503048966251721
1432,2003-12-03,2003-12-03 23:00:00,5.151724990103074,0.050772597325730674
1433,2003-12-04,2003-12-04 23:00:00,5.080864699356837,0.037154295828309924
1434,2003-12-05,2003-12-05 23:00:00,5.003205597900384,0.06262277870066973
1435,2003-12-06,2003-12-06 23:00:00,4.935669139493025,0.07853731747641954
1436,2003-12-07,2003-12-07 23:00:00,4.87666197386323,0.08334448600929383
1437,2003-12-08,2003-12-08 23:00:00,4.838601072115644,0.09282419311782275
1438,2003-12-09,2003-12-09 23:00:00,4.8574744116028645,0.10912094385224032
1439,2003-12-10,2003-12-10 23:00:00,4.9299982163566165,0.10402477536402543
1440,2003-12-11,2003-12-11 23:00:00,4.982287999602323,0.06301279048777905
1441,2003-12-12,2003-12-12 23:00:00,4.997618249852559,0.0762251883063451
1442,2003-12-13,2003-12-13 23:00:00,5.038877213027765,0.047117282238774885
1443,2003-12-14,2003-12-14 23:00:00,5.0640004122165445,0.015400453902787558
1444,2003-12-15,2003-12-15 23:00:00,5.088963551262766,0.03466646439498279
1445,2003-12-16,2003-12-16 23:00:00,5.108892791880263,0.028568659938955052
1446,2003-12-17,2003-12-17 23:00:00,5.088236488372378,0.035271445730939245
1447,2003-12-18,2003-12-18 23:00:00,5.085229702980729,0.029789954391119127
1448,2003-12-19,2003-12-19 23:00:00,5.083615997432381,0.023326342874248746
1449,2003-12-20,2003-12-20 23:00:00,5.0246872730820735,0.033955624475419256
1450,2003-12-21,2003-12-21 23:00:00,5.056595508615222,0.05516181473278519
1451,2003-12-22,2003-12-22 23:00:00,5.120223868937482,0.1086922959173097
1452,2003-12-23,2003-12-23 23:00:00,5.121272324271682,0.07623724349878046
1453,2003-12-24,2003-12-24 23:00:00,5.073598888841775,0.05505197929078726
1454,2003-12-25,2003-12-25 23:00:00,5.116968643031658,0.0380836003903153
1455,2003-12-26,2003-12-26 23:00:00,5.118020365016943,0.06153791765098334
1456,2003-12-27,2003-12-27 23:00:00,5.1064374651921005,0.040484252785812275
1457,2003-12-28,2003-12-28 23:00:00,5.149795283002324,0.06351481905336635
1458,2003-12-29,2003-12-29 23:00:00,5.149123182036033,0.09607991646750674
1459,2003-12-30,2003-12-30 23:00:00,5.108671685841132,0.050438128180764236
1460,2003-12-31,2003-12-31 23:00:00,5.089996859386823,0.007591024650278607
1461,2004-01-01,2004-01-01 23:00:00,5.0938025027983524,0.03582874110164692
1462,2004-01-02,2004-01-02 23:00:00,5.160401018073184,0.051890948625722924
1463,2004-01-03,2004-01-03 23:00:00,5.187627738137894,0.03361855216109211
1464,2004-01-04,2004-01-04 23:00:00,5.162930021297079,0.02510446516889478
1465,2004-01-05,2004-01-05 23:00:00,5.166390859065736,0.018091244141961612
1466,2004-01-06,2004-01-06 23:00:00,5.175072395162743,0.013692696430155582
1467,2004-01-07,2004-01-07 23:00:00,5.170936779885487,0.02314836052211331
1468,2004-01-08,2004-01-08 23:00:00,5.125628609927027,0.012112055893155973
1469,2004-01-09,2004-01-09 23:00:00,5.110396043957004,0.011512907054720398
1470,2004-01-10,2004-01-10 23:00:00,5.034888184031061,0.05416320393437052
1471,2004-01-11,2004-01-11 23:00:00,4.994346217668622,0.05029840074582498
1472,2004-01-12,2004-01-12 23:00:00,4.926393334443035,0.07502810903428572
1473,2004-01-13,2004-01-13 23:00:00,4.97700455066127,0.14763495784907515
1474,2004-01-14,2004-01-14 23:00:00,5.039049563619031,0.19760266673485394
1475,2004-01-15,2004-01-15 23:00:00,5.062035529737274,0.10262295238516968
1476,2004-01-16,2004-01-16 23:00:00,5.181459195447455,0.05503695874320786
1477,2004-01-17,2004-01-17 23:00:00,5.21635638414688,0.030649504151231303
1478,2004-01-18,2004-01-18 23:00:00,5.1844890762340485,0.00589468587580055
1479,2004-01-19,2004-01-19 23:00:00,5.238153127178405,0.040958930354527454
1480,2004-01-20,2004-01-20 23:00:00,5.267899214911357,0.022314514516750584
1481,2004-01-21,2004-01-21 23:00:00,5.25519600966524,0.04076266936333423
1482,2004-01-22,2004-01-22 23:00:00,5.279351880433994,0.024314571614289477
1483,2004-01-23,2004-01-23 23:00:00,5.2747900920291775,0.06996671128513471
1484,2004-01-24,2004-01-24 23:00:00,5.224200024982687,0.034301089051940264
1485,2004-01-25,2004-01-25 23:00:00,5.18391878993006,0.029662163903898656
1486,2004-01-26,2004-01-26 23:00:00,5.247727762261187,0.03482201983255817
1487,2004-01-27,2004-01-27 23:00:00,5.2980880859126644,0.07014822580019707
1488,2004-01-28,2004-01-28 23:00:00,5.24798476664511,0.0916592005433696
1489,2004-01-29,2004-01-29 23:00:00,5.262882917232257,0.06783243650988086
1490,2004-01-30,2004-01-30 23:00:00,5.197570017921564,0.046055872554588394
1491,2004-01-31,2004-01-31 23:00:00,5.197219898383984,0.03764993255783013
1492,2004-02-01,2004-02-01 23:00:00,5.169977389966371,0.05001578860072938
1493,2004-02-02,2004-02-02 23:00:00,5.141794710673943,0.05400902730288911
1494,2004-02-03,2004-02-03 23:00:00,5.154048677433402,0.03502854838588494
1495,2004-02-04,2004-02-04 23:00:00,5.211510369844823,0.04360447261087955
1496,2004-02-05,2004-02-05 23:00:00,5.201208476583522,0.07658789995241998
1497,2004-02-06,2004-02-06 23:00:00,5.292783448346236,0.05093880365123098
1498,2004-02-07,2004-02-07 23:00:00,5.268957606094012,0.0461246559763352
1499,2004-02-08,2004-02-08 23:00:00,5.325325105381309,0.033014988365091695
1500,2004-02-09,2004-02-09 23:00:00,5.313448264312373,0.07184465451831656
1501,2004-02-10,2004-02-10 23:00:00,5.311064366072519,0.03821275023066593
1502,2004-02-11,2004-02-11 23:00:00,5.371835750645006,0.05161050986314762
1503,2004-02-12,2004-02-12 23:00:00,5.369885710998773,0.05141014385477915
1504,2004-02-13,2004-02-13 23:00:00,5.325484915012524,0.04287183335100005
1505,2004-02-14,2004-02-14 23:00:00,5.387293424224406,0.03945372591260814
1506,2004-02-15,2004-02-15 23:00:00,5.391513793045475,0.026534335319113526
1507,2004-02-16,2004-02-16 23:00:00,5.3883225555257654,0.043125433081952394
1508,2004-02-17,2004-02-17 23:00:00,5.3812035153944935,0.043327799799565456
1509,2004-02-18,2004-02-18 23:00:00,5.460664025103509,0.051434789374703145
1510,2004-02-19,2004-02-19 23:00:00,5.462802390371554,0.051816259180114975
1511,2004-02-20,2004-02-20 23:00:00,5.441614616088843,0.03836168200705478
1512,2004-02-21,2004-02-21 23:00:00,5.418207380119967,0.014742614270563512
1513,2004-02-22,2004-02-22 23:00:00,5.408629819344143,0.012001369942290304
1514,2004-02-23,2004-02-23 23:00:00,5.406727397147917,0.004062676185113261
1515,2004-02-24,2004-02-24 23:00:00,5.403399671147966,0.020013132828229734
1516,2004-02-25,2004-02-25 23:00:00,5.396557645612788,0.012933141939202772
1517,2004-02-26,2004-02-26 23:00:00,5.220326351941161,0.31339971877674627
1518,2004-02-27,2004-02-27 23:00:00,5.405381067213153,0.04750193165506392
1519,2004-02-28,2004-02-28 23:00:00,5.370634920670766,0.025649334762478534
1520,2004-02-29,2004-02-29 23:00:00,5.20346376448038,0.3072102257945874
1521,2004-03-01,2004-03-01 23:00:00,5.467616726944396,0.1057805013971534
1522,2004-03-02,2004-03-02 23:00:00,5.465416330695494,0.07373578367748555
1523,2004-03-03,2004-03-03 23:00:00,5.436873467422456,0.11151448910954358
1524,2004-03-04,2004-03-04 23:00:00,5.429443990137828,0.05889751007491762
1525,2004-03-05,2004-03-05 23:00:00,5.417400609215953,0.049121470214655204
1526,2004-03-06,2004-03-06 23:00:00,5.417588552351261,0.03174419550208407
1527,2004-03-07,2004-03-07 23:00:00,5.402647392742165,0.026062736803418175
1528,2004-03-08,2004-03-08 23:00:00,5.405766042248117,0.05176907248343313
1529,2004-03-09,2004-03-09 23:00:00,5.38850043653252,0.040343052056366166
1530,2004-03-10,2004-03-10 23:00:00,5.372143584637509,0.06327458891848801
1531,2004-03-11,2004-03-11 23:00:00,5.353479787838914,0.0030257294103179064
1532,2004-03-12,2004-03-12 23:00:00,5.341045946733913,0.021974160791357885
1533,2004-03-13,2004-03-13 23:00:00,5.354650870491277,0.0245685862258206
1534,2004-03-14,2004-03-14 23:00:00,5.326267813277181,0.04465041455388938
1535,2004-03-15,2004-03-15 23:00:00,5.3341351399545855,0.09986689543571832
1536,2004-03-16,2004-03-16 23:00:00,5.291724866524259,0.040644865010095
1537,2004-03-17,2004-03-17 23:00:00,5.2967762419228785,0.009564735784563514
1538,2004-03-18,2004-03-18 23:00:00,5.2759909021302205,0.06976398278757336
1539,2004-03-19,2004-03-19 23:00:00,5.365783281689237,0.08608478657463312
1540,2004-03-20,2004-03-20 23:00:00,5.352583079076833,0.03823961596942265
1541,2004-03-21,2004-03-21 23:00:00,5.300814146452656,0.03567034848068546
1542,2004-03-22,2004-03-22 23:00:00,5.360406838070451,0.041849000798618786
1543,2004-03-23,2004-03-23 23:00:00,5.445575584950696,0.12393449791489379
1544,2004-03-24,2004-03-24 23:00:00,5.365226927780326,0.1405990732053821
1545,2004-03-25,2004-03-25 23:00:00,5.371639261490189,0.10372577830238414
1546,2004-03-26,2004-03-26 23:00:00,5.3584380898378265,0.06733303265301473
1547,2004-03-27,2004-03-27 23:00:00,5.342742109488647,0.0027256611113636257
1548,2004-03-28,2004-03-28 23:00:00,5.305929789879911,0.03144545723911127
1549,2004-03-29,2004-03-29 23:00:00,5.258562461467857,0.17171054420540585
1550,2004-03-30,2004-03-30 23:00:00,5.313189354712699,0.12882172362097186
1551,2004-03-31,2004-03-31 23:00:00,5.325012352045483,0.14890837407057061
1552,2004-04-01,2004-04-01 23:00:00,5.463309989228921,0.14948901623140243
1553,2004-04-02,2004-04-02 23:00:00,5.37505163658084,0.08664753774008915
1554,2004-04-03,2004-04-03 23:00:00,5.474874826158221,0.10225257545319284
1555,2004-04-04,2004-04-04 23:00:00,5.352040751441119,0.03701906376021883
1556,2004-04-05,2004-04-05 23:00:00,5.427247680970756,0.12406688531884637
1557,2004-04-06,2004-04-06 23:00:00,5.278953503275269,0.06469260077044038
1558,2004-04-07,2004-04-07 23:00:00,5.20617429439907,0.0650779594527977
1559,2004-04-08,2004-04-08 23:00:00,5.276670498889181,0.027525133230631903
1560,2004-04-09,2004-04-09 23:00:00,5.208165867698128,0.03649204942920842
1561,2004-04-10,2004-04-10 23:00:00,5.224561314132271,0.06910789999914564
1562,2004-04-11,2004-04-11 23:00:00,5.230835079989574,0.04183099797389871
1563,2004-04-12,2004-04-12 23:00:00,5.441184003363119,0.16161766554795307
1564,2004-04-13,2004-04-13 23:00:00,5.424970460005693,0.1719327802892339
1565,2004-04-14,2004-04-14 23:00:00,5.404407844245461,0.13186372803674717
1566,2004-04-15,2004-04-15 23:00:00,5.403627646485098,0.10706271646088594
1567,2004-04-16,2004-04-16 23:00:00,5.363140401062068,0.05490019456542248
1568,2004-04-17,2004-04-17 23:00:00,5.30179873142242,0.08378272983404784
1569,2004-04-18,2004-04-18 23:00:00,5.302048015847638,0.03362427582340842
1570,2004-04-19,2004-04-19 23:00:00,5.257176301837114,0.21165037481670576
1571,2004-04-20,2004-04-20 23:00:00,5.346299264007887,0.11788125121192891
1572,2004-04-21,2004-04-21 23:00:00,5.321052468965538,0.0532816518539158
1573,2004-04-22,2004-04-22 23:00:00,5.333767245821065,0.08607896085737657
1574,2004-04-23,2004-04-23 23:00:00,5.312673616096658,0.01603520213289164
1575,2004-04-24,2004-04-24 23:00:00,5.288069914039556,0.015163558826652282
1576,2004-04-25,2004-04-25 23:00:00,5.252908542103052,0.009388715669709327
1577,2004-04-26,2004-04-26 23:00:00,5.223508227210195,0.07746106784444451
1578,2004-04-27,2004-04-27 23:00:00,5.238016334160904,0.0803536699084891
1579,2004-04-28,2004-04-28 23:00:00,5.274639981450434,0.03385823304399459
1580,2004-04-29,2004-04-29 23:00:00,5.321009613150382,0.06364226951232829
1581,2004-04-30,2004-04-30 23:00:00,5.293246912172806,0.05024335294383366
1582,2004-05-01,2004-05-01 23:00:00,5.303499506243063,0.03273133741265916
1583,2004-05-02,2004-05-02 23:00:00,5.286233653833549,0.04891489273826496
1584,2004-05-03,2004-05-03 23:00:00,5.304533443453063,0.08947236929003119
1585,2004-05-04,2004-05-04 23:00:00,5.331667122826347,0.08377813050773095
1586,2004-05-05,2004-05-05 23:00:00,5.311113275496506,0.06726202341500966
1587,2004-05-06,2004-05-06 23:00:00,5.34807022319961,0.120280863834817
1588,2004-05-07,2004-05-07 23:00:00,5.38166124188016,0.045850291881874866
1589,2004-05-08,2004-05-08 23:00:00,5.377782000583715,0.04981365072417919
1590,2004-05-09,2004-05-09 23:00:00,5.327808176803992,0.0343033476751032
1591,2004-05-10,2004-05-10 23:00:00,5.401509630647801,0.14058393024204338
1592,2004-05-11,2004-05-11 23:00:00,5.387304423258777,0.16573131445675196
1593,2004-05-12,2004-05-12 23:00:00,5.424913873310982,0.12239951185231414
1594,2004-05-13,2004-05-13 23:00:00,5.4297733519870475,0.13917034306572693
1595,2004-05-14,2004-05-14 23:00:00,5.583428645857477,0.1693427358400482
1596,2004-05-15,2004-05-15 23:00:00,5.512351689617283,0.10217196760866024
1597,2004-05-16,2004-05-16 23:00:00,5.498601984767157,0.08262377469331128
1598,2004-05-17,2004-05-17 23:00:00,5.580338423133223,0.15233474842856629
1599,2004-05-18,2004-05-18 23:00:00,5.522948959688695,0.13675111649506372
1600,2004-05-19,2004-05-19 23:00:00,5.435838719172755,0.13833180583788926
1601,2004-05-20,2004-05-20 23:00:00,5.352158612737516,0.16371061626212688
1602,2004-05-21,2004-05-21 23:00:00,5.285053888307616,0.23430213328267344
1603,2004-05-22,2004-05-22 23:00:00,5.257007491443712,0.10171539636828271
1604,2004-05-23,2004-05-23 23:00:00,5.174212254184607,0.06391369931176698
1605,2004-05-24,2004-05-24 23:00:00,5.1694003681809875,0.08311056439603196
1606,2004-05-25,2004-05-25 23:00:00,5.231870283684346,0.287010379514175
1607,2004-05-26,2004-05-26 23:00:00,5.249824322679626,0.21412995989684253
1608,2004-05-27,2004-05-27 23:00:00,5.248933377364286,0.19689465975172468
1609,2004-05-28,2004-05-28 23:00:00,5.168135042632917,0.14013655351980495
1610,2004-05-29,2004-05-29 23:00:00,5.037792446465251,0.1287768117091503
1611,2004-05-30,2004-05-30 23:00:00,5.021019278124188,0.12369207422535364
1612,2004-05-31,2004-05-31 23:00:00,5.136915030540352,0.22066741511424
1613,2004-06-01,2004-06-01 23:00:00,5.090595843062865,0.1643823239315158
1614,2004-06-02,2004-06-02 23:00:00,5.065010949097082,0.182862855722144
1615,2004-06-03,2004-06-03 23:00:00,5.08330645924371,0.22332445692327016
1616,2004-06-04,2004-06-04 23:00:00,5.025816499396079,0.15753538381455873
1617,2004-06-05,2004-06-05 23:00:00,5.030504055087005,0.01935569921410643
1618,2004-06-06,2004-06-06 23:00:00,5.015032029891317,0.023804584139974348
1619,2004-06-07,2004-06-07 23:00:00,5.0407962762119425,0.19215073265988775
1620,2004-06-08,2004-06-08 23:00:00,5.133316246977304,0.19126519940550563
1621,2004-06-09,2004-06-09 23:00:00,5.087236982895407,0.2038368032534061
1622,2004-06-10,2004-06-10 23:00:00,5.091469649285357,0.21499350940116363
1623,2004-06-11,2004-06-11 23:00:00,5.143421839645098,0.20085199624871844
1624,2004-06-12,2004-06-12 23:00:00,5.112144818980671,0.07709438220309343
1625,2004-06-13,2004-06-13 23:00:00,4.983941525003368,0.08507791490020454
1626,2004-06-14,2004-06-14 23:00:00,4.966661572855942,0.13744163042084157
1627,2004-06-15,2004-06-15 23:00:00,4.989662486706411,0.2607919872707754
1628,2004-06-16,2004-06-16 23:00:00,4.957313965744212,0.20573174251532395
1629,2004-06-17,2004-06-17 23:00:00,4.971433672712229,0.12821066083663354
1630,2004-06-18,2004-06-18 23:00:00,4.903443726947274,0.18062218297346408
1631,2004-06-19,2004-06-19 23:00:00,4.7900799224103485,0.17127751200662364
1632,2004-06-20,2004-06-20 23:00:00,4.796629512117936,0.019106057021582953
1633,2004-06-21,2004-06-21 23:00:00,4.788821191203323,0.07551127134596719
1634,2004-06-22,2004-06-22 23:00:00,4.914868716703976,0.1777516334107671
1635,2004-06-23,2004-06-23 23:00:00,4.919077969716938,0.14095392805904644
1636,2004-06-24,2004-06-24 23:00:00,4.925921739881517,0.1865038361712118
1637,2004-06-25,2004-06-25 23:00:00,5.029694276328746,0.2183281476005256
1638,2004-06-26,2004-06-26 23:00:00,4.865996964176381,0.14384797704798902
1639,2004-06-27,2004-06-27 23:00:00,4.820620889556186,0.12752664898548127
1640,2004-06-28,2004-06-28 23:00:00,4.826648007155222,0.1597424593116901
1641,2004-06-29,2004-06-29 23:00:00,4.923468354553287,0.13896305800761197
1642,2004-06-30,2004-06-30 23:00:00,5.05340870826597,0.2190975204404937
1643,2004-07-01,2004-07-01 23:00:00,4.981372435200927,0.15575695201014633
1644,2004-07-02,2004-07-02 23:00:00,4.93057883879137,0.1519551174305341
1645,2004-07-03,2004-07-03 23:00:00,4.923269008673564,0.1836223672616644
1646,2004-07-04,2004-07-04 23:00:00,4.9353547359253085,0.10713281174713057
1647,2004-07-05,2004-07-05 23:00:00,4.997600315066301,0.11192845936316198
1648,2004-07-06,2004-07-06 23:00:00,4.9598145301896475,0.1733329593863959
1649,2004-07-07,2004-07-07 23:00:00,4.928992039873095,0.1460815822825087
1650,2004-07-08,2004-07-08 23:00:00,5.053508089621612,0.1794911948120067
1651,2004-07-09,2004-07-09 23:00:00,4.982226122868131,0.20373122347708467
1652,2004-07-10,2004-07-10 23:00:00,4.969933310845755,0.14323353334292288
1653,2004-07-11,2004-07-11 23:00:00,4.88400509582772,0.06191782327455387
1654,2004-07-12,2004-07-12 23:00:00,5.039175470415896,0.13808325130116247
1655,2004-07-13,2004-07-13 23:00:00,5.20569630519848,0.1536111632573445
1656,2004-07-14,2004-07-14 23:00:00,5.110123321824859,0.04812321151801646
1657,2004-07-15,2004-07-15 23:00:00,5.097952310875685,0.06303671092317531
1658,2004-07-16,2004-07-16 23:00:00,5.0540973684797,0.029193443009054486
1659,2004-07-17,2004-07-17 23:00:00,5.0302974927280175,0.05548557362869693
1660,2004-07-18,2004-07-18 23:00:00,4.981639242668855,0.03378143895165736
1661,2004-07-19,2004-07-19 23:00:00,5.015857687614374,0.059987510285276206
1662,2004-07-20,2004-07-20 23:00:00,5.014165155983182,0.05178133191719345
1663,2004-07-21,2004-07-21 23:00:00,5.051461534583491,0.08340673456031948
1664,2004-07-22,2004-07-22 23:00:00,5.0322816805918915,0.05515969804973173
1665,2004-07-23,2004-07-23 23:00:00,5.059492835469848,0.06158727494297988
1666,2004-07-24,2004-07-24 23:00:00,5.039819910914342,0.038330065921444834
1667,2004-07-25,2004-07-25 23:00:00,5.015386648580944,0.06324485714344949
1668,2004-07-26,2004-07-26 23:00:00,5.1187928823251125,0.10590687826732527
1669,2004-07-27,2004-07-27 23:00:00,5.065856679239632,0.07453560667185649
1670,2004-07-28,2004-07-28 23:00:00,5.07061669512984,0.06400960146348565
1671,2004-07-29,2004-07-29 23:00:00,5.043085970329844,0.11611991553137807
1672,2004-07-30,2004-07-30 23:00:00,5.019429664852983,0.0726444061234393
1673,2004-07-31,2004-07-31 23:00:00,4.9934330684291615,0.023960693316561903
1674,2004-08-01,2004-08-01 23:00:00,4.976890849638618,0.07719732559005069
1675,2004-08-02,2004-08-02 23:00:00,5.006513189396226,0.11513228938621659
1676,2004-08-03,2004-08-03 23:00:00,5.048940248185702,0.1687552428310656
1677,2004-08-04,2004-08-04 23:00:00,5.089729571909134,0.19010922675133066
1678,2004-08-05,2004-08-05 23:00:00,5.158797014903642,0.10231977146533468
1679,2004-08-06,2004-08-06 23:00:00,5.166591674189717,0.09109267085410251
1680,2004-08-07,2004-08-07 23:00:00,5.1034917265598425,0.07582966434648038
1681,2004-08-08,2004-08-08 23:00:00,5.062171897966915,0.027590577075326223
1682,2004-08-09,2004-08-09 23:00:00,5.086295613232067,0.06484163900221765
1683,2004-08-10,2004-08-10 23:00:00,5.100663318509749,0.12010487718722763
1684,2004-08-11,2004-08-11 23:00:00,5.057731062217768,0.12329368231096359
1685,2004-08-12,2004-08-12 23:00:00,5.061326966214674,0.059568444778902066
1686,2004-08-13,2004-08-13 23:00:00,5.054640446741147,0.08484927027891905
1687,2004-08-14,2004-08-14 23:00:00,5.077055154988111,0.08386592300640013
1688,2004-08-15,2004-08-15 23:00:00,4.985007402831555,0.03921160698364675
1689,2004-08-16,2004-08-16 23:00:00,4.990285532542614,0.06511351651621254
1690,2004-08-17,2004-08-17 23:00:00,5.036052667015928,0.11646426215253938
1691,2004-08-18,2004-08-18 23:00:00,4.976727461999377,0.11933819733134235
1692,2004-08-19,2004-08-19 23:00:00,5.004345466097,0.08775600960792332
1693,2004-08-20,2004-08-20 23:00:00,5.020798154381578,0.0635153126461573
1694,2004-08-21,2004-08-21 23:00:00,5.0412253447231725,0.04394617719446909
1695,2004-08-22,2004-08-22 23:00:00,5.001653912474488,0.020557465847091515
1696,2004-08-23,2004-08-23 23:00:00,5.052674371257235,0.10860026245997517
1697,2004-08-24,2004-08-24 23:00:00,5.025250609628821,0.1743500769127586
1698,2004-08-25,2004-08-25 23:00:00,5.03302846370006,0.1749263201931153
1699,2004-08-26,2004-08-26 23:00:00,5.053791920226376,0.08071113297269003
1700,2004-08-27,2004-08-27 23:00:00,5.038158175898385,0.07026175714371084
1701,2004-08-28,2004-08-28 23:00:00,4.986591112298721,0.06268754398534024
1702,2004-08-29,2004-08-29 23:00:00,4.959101534110933,0.0640427389372596
1703,2004-08-30,2004-08-30 23:00:00,4.986946812718041,0.08277329884846625
1704,2004-08-31,2004-08-31 23:00:00,5.0668388629902195,0.123799650697244
1705,2004-09-01,2004-09-01 23:00:00,5.100154075142783,0.1014274116304919
1706,2004-09-02,2004-09-02 23:00:00,5.338634806613409,0.34443874085351206
1707,2004-09-03,2004-09-03 23:00:00,5.228637730860371,0.04507939375913965
1708,2004-09-04,2004-09-04 23:00:00,5.152140498632748,0.05592737697286467
1709,2004-09-05,2004-09-05 23:00:00,5.125499337829802,0.026036920859892992
1710,2004-09-06,2004-09-06 23:00:00,5.098542816780178,0.12472900414865545
1711,2004-09-07,2004-09-07 23:00:00,5.171805838450928,0.24470361327003462
1712,2004-09-08,2004-09-08 23:00:00,5.087612771384927,0.15666595512235382
1713,2004-09-09,2004-09-09 23:00:00,4.946530203402056,0.07851103358094116
1714,2004-09-10,2004-09-10 23:00:00,4.958983406406137,0.09800855759823417
1715,2004-09-11,2004-09-11 23:00:00,4.948577775322122,0.05668274890367902
1716,2004-09-12,2004-09-12 23:00:00,4.951180330328662,0.07990623874671127
1717,2004-09-13,2004-09-13 23:00:00,4.988549162569847,0.13223634003289855
1718,2004-09-14,2004-09-14 23:00:00,5.044352637386174,0.11372214732544271
1719,2004-09-15,2004-09-15 23:00:00,5.081896023592537,0.17257176723245155
1720,2004-09-16,2004-09-16 23:00:00,5.148260965855491,0.14740250513353167
1721,2004-09-17,2004-09-17 23:00:00,5.066657343216423,0.08334592538104893
1722,2004-09-18,2004-09-18 23:00:00,5.0219011335076695,0.05485270950731161
1723,2004-09-19,2004-09-19 23:00:00,5.005476638451987,0.012581261866279173
1724,2004-09-20,2004-09-20 23:00:00,5.066404805757952,0.17160965911895432
1725,2004-09-21,2004-09-21 23:00:00,5.162944162320703,0.19172516577793336
1726,2004-09-22,2004-09-22 23:00:00,5.193229285620544,0.21414395055792926
1727,2004-09-23,2004-09-23 23:00:00,5.251356675240828,0.2789168414815802
1728,2004-09-24,2004-09-24 23:00:00,5.212203968361098,0.09767053824970422
1729,2004-09-25,2004-09-25 23:00:00,5.2215594207715545,0.015672305322112237
1730,2004-09-26,2004-09-26 23:00:00,5.206586458566522,0.007771698124872829
1731,2004-09-27,2004-09-27 23:00:00,5.28550929538629,0.17513100348877914
1732,2004-09-28,2004-09-28 23:00:00,5.289683647442911,0.13748911932315344
1733,2004-09-29,2004-09-29 23:00:00,5.305149744803196,0.15185033749413113
1734,2004-09-30,2004-09-30 23:00:00,5.337525442314724,0.17973788335488242
1735,2004-10-01,2004-10-01 23:00:00,5.321680136219829,0.16672493466049979
1736,2004-10-02,2004-10-02 23:00:00,5.31158423037611,0.11777134927283239
1737,2004-10-03,2004-10-03 23:00:00,5.271646974564606,0.08808002905053629
1738,2004-10-04,2004-10-04 23:00:00,5.333787704478449,0.1699332803770771
1739,2004-10-05,2004-10-05 23:00:00,5.347614147571254,0.12579578253255225
1740,2004-10-06,2004-10-06 23:00:00,5.374887503528366,0.16230823512395487
1741,2004-10-07,2004-10-07 23:00:00,5.394336704950664,0.15338509920562604
1742,2004-10-08,2004-10-08 23:00:00,5.304472109880059,0.04177372253627692
1743,2004-10-09,2004-10-09 23:00:00,5.299225738111681,0.03854312215424493
1744,2004-10-10,2004-10-10 23:00:00,5.282483918520451,0.026180589988671975
1745,2004-10-11,2004-10-11 23:00:00,5.337196164203186,0.1530362123763626
1746,2004-10-12,2004-10-12 23:00:00,5.310048171043291,0.02801352959370608
1747,2004-10-13,2004-10-13 23:00:00,5.352002221827323,0.25107264932823853
1748,2004-10-14,2004-10-14 23:00:00,5.286352692548916,0.02903893025351683
1749,2004-10-15,2004-10-15 23:00:00,5.280503857569562,0.016098544779823483
1750,2004-10-16,2004-10-16 23:00:00,5.276535522966777,0.0
1751,2004-10-17,2004-10-17 23:00:00,5.294112452090496,0.026369873942068165
1752,2004-10-18,2004-10-18 23:00:00,5.335174783637117,0.028397208700436403
1753,2004-10-19,2004-10-19 23:00:00,5.356799574405336,0.11725515324736875
1754,2004-10-20,2004-10-20 23:00:00,5.379321430819796,0.14418614022768003
1755,2004-10-21,2004-10-21 23:00:00,5.3668315991657,0.11470839141042552
1756,2004-10-22,2004-10-22 23:00:00,5.372344781059561,0.09875657315280305
1757,2004-10-23,2004-10-23 23:00:00,5.347494982592526,0.00864230484602916
1758,2004-10-24,2004-10-24 23:00:00,5.27187702455786,0.03627267805347318
1759,2004-10-25,2004-10-25 23:00:00,5.3186612842223235,0.06796197815180251
1760,2004-10-26,2004-10-26 23:00:00,5.265852490369498,0.09431492263131337
1761,2004-10-27,2004-10-27 23:00:00,5.364433442896403,0.19754636314247384
1762,2004-10-28,2004-10-28 23:00:00,5.344386352165171,0.1269528521887315
1763,2004-10-29,2004-10-29 23:00:00,5.328025111152268,0.16272597069098543
1764,2004-10-30,2004-10-30 23:00:00,5.290693380764912,0.06113379393255725
1765,2004-10-31,2004-10-31 23:00:00,5.289006207755288,0.04243977864719555
1766,2004-11-01,2004-11-01 23:00:00,5.280100794727828,0.04679080373015985
1767,2004-11-02,2004-11-02 23:00:00,5.352203600394804,0.1251675737428121
1768,2004-11-03,2004-11-03 23:00:00,5.25033828793802,0.22217371140742895
1769,2004-11-04,2004-11-04 23:00:00,5.364328570248072,0.13487142413587788
1770,2004-11-05,2004-11-05 23:00:00,5.342192017216553,0.06828681620157191
1771,2004-11-06,2004-11-06 23:00:00,5.307721998999319,0.0509137656777663
1772,2004-11-07,2004-11-07 23:00:00,5.2705074646094365,0.04419846047810498
1773,2004-11-08,2004-11-08 23:00:00,5.225777027326365,0.17057428349200074
1774,2004-11-09,2004-11-09 23:00:00,5.231925638512663,0.19363580689817206
1775,2004-11-10,2004-11-10 23:00:00,5.306271067955498,0.049427803417709186
1776,2004-11-11,2004-11-11 23:00:00,5.1820723064817376,0.15919893291363077
1777,2004-11-12,2004-11-12 23:00:00,5.278421317186454,0.06357319257424347
1778,2004-11-13,2004-11-13 23:00:00,5.235029675153911,0.15467347447101348
1779,2004-11-14,2004-11-14 23:00:00,5.248113170882763,0.06681947940453474
1780,2004-11-15,2004-11-15 23:00:00,5.252182792117403,0.04618414499370978
1781,2004-11-16,2004-11-16 23:00:00,5.3283556090379784,0.14624243774646678
1782,2004-11-17,2004-11-17 23:00:00,5.24044410470804,0.15941461088774236
1783,2004-11-18,2004-11-18 23:00:00,5.2327112039854535,0.050831839364370406
1784,2004-11-19,2004-11-19 23:00:00,5.231042838876091,0.09401990569868353
1785,2004-11-20,2004-11-20 23:00:00,5.183287642968163,0.03787438900269439
1786,2004-11-21,2004-11-21 23:00:00,5.137833005657025,0.020414002668540196
1787,2004-11-22,2004-11-22 23:00:00,5.2008437991200305,0.14881281017045192
1788,2004-11-23,2004-11-23 23:00:00,5.186490246713263,0.10040638410936814
1789,2004-11-24,2004-11-24 23:00:00,5.195276931550432,0.16229274114809106
1790,2004-11-25,2004-11-25 23:00:00,5.270248106975573,0.1603122298412924
1791,2004-11-26,2004-11-26 23:00:00,5.216635713623611,0.054738465455756044
1792,2004-11-27,2004-11-27 23:00:00,5.24490450570431,0.0511370562025107
1793,2004-11-28,2004-11-28 23:00:00,5.251700809613862,0.01180250393947518
1794,2004-11-29,2004-11-29 23:00:00,5.26562258817807,0.1649438696891793
1795,2004-11-30,2004-11-30 23:00:00,5.374228269076102,0.14522011784024388
1796,2004-12-01,2004-12-01 23:00:00,5.2842643784682215,0.07211302555861725
1797,2004-12-02,2004-12-02 23:00:00,5.2058925584055595,0.03162825668589496
1798,2004-12-03,2004-12-03 23:00:00,5.222959005193517,0.08947478750156666
1799,2004-12-04,2004-12-04 23:00:00,5.1989463544922865,0.08825123312340016
1800,2004-12-05,2004-12-05 23:00:00,5.203580882855385,0.11242589228007774
1801,2004-12-06,2004-12-06 23:00:00,5.293438760014397,0.16303840611919768
1802,2004-12-07,2004-12-07 23:00:00,5.265651365175272,0.14153612046308897
1803,2004-12-08,2004-12-08 23:00:00,5.26193608830586,0.052904272663367266
1804,2004-12-09,2004-12-09 23:00:00,5.25441969287829,0.1900798802091537
1805,2004-12-10,2004-12-10 23:00:00,5.286999091847673,0.17640792564111768
1806,2004-12-11,2004-12-11 23:00:00,5.218778606211927,0.006665735436620462
1807,2004-12-12,2004-12-12 23:00:00,5.223737950520214,0.0232961022006883
1808,2004-12-13,2004-12-13 23:00:00,5.251955484858159,0.12142198651270598
1809,2004-12-14,2004-12-14 23:00:00,5.306743331209138,0.13935318402189695
1810,2004-12-15,2004-12-15 23:00:00,5.22839208853082,0.036648088150133665
1811,2004-12-16,2004-12-16 23:00:00,5.207273255934825,0.046050961023316864
1812,2004-12-17,2004-12-17 23:00:00,5.205931734382978,0.05727347166486269
1813,2004-12-18,2004-12-18 23:00:00,5.197607587223086,0.02756881915847291
1814,2004-12-19,2004-12-19 23:00:00,5.196516740548021,0.03104616615424745
1815,2004-12-20,2004-12-20 23:00:00,5.211889719017285,0.08506022449303345
1816,2004-12-21,2004-12-21 23:00:00,5.232834458021649,0.18393402374681594
1817,2004-12-22,2004-12-22 23:00:00,5.423700642861504,0.21285666827751987
1818,2004-12-23,2004-12-23 23:00:00,5.284817404699288,0.09221595405710116
1819,2004-12-24,2004-12-24 23:00:00,5.280391020578562,0.09686425059447998
1820,2004-12-25,2004-12-25 23:00:00,5.317169514439517,0.035130145784664064
1821,2004-12-26,2004-12-26 23:00:00,5.320513296021217,0.03959833151187625
1822,2004-12-27,2004-12-27 23:00:00,5.269609795652226,0.08488924184755739
1823,2004-12-28,2004-12-28 23:00:00,5.272963203403416,0.04411565858259075
1824,2004-12-29,2004-12-29 23:00:00,5.299641505042047,0.07685732706355444
1825,2004-12-30,2004-12-30 23:00:00,5.293518061131315,0.06244480193327147
1826,2004-12-31,2004-12-31 23:00:00,5.283189359716861,0.012589316899771384
1827,2005-01-01,2005-01-01 23:00:00,5.2859944896998625,0.0446907974034149
1828,2005-01-02,2005-01-02 23:00:00,5.3184129715846895,0.09790674236532144
1829,2005-01-03,2005-01-03 23:00:00,5.472054844210228,0.1281206327154695
1830,2005-01-04,2005-01-04 23:00:00,5.389436070646757,0.05937878934641315
1831,2005-01-05,2005-01-05 23:00:00,5.409204168292152,0.10371514281126488
1832,2005-01-06,2005-01-06 23:00:00,5.527511430975589,0.0709771288603508
1833,2005-01-07,2005-01-07 23:00:00,5.523867588307566,0.06173155492385472
1834,2005-01-08,2005-01-08 23:00:00,5.508376577822378,0.07157456395726897
1835,2005-01-09,2005-01-09 23:00:00,5.566417242536427,0.031751279352014904
1836,2005-01-10,2005-01-10 23:00:00,5.569003480000508,0.04231216074280423
1837,2005-01-11,2005-01-11 23:00:00,5.546834961963616,0.09274717686982681
1838,2005-01-12,2005-01-12 23:00:00,5.48959231579322,0.07886975877427478
1839,2005-01-13,2005-01-13 23:00:00,5.496360687181148,0.04862165146778016
1840,2005-01-14,2005-01-14 23:00:00,5.529390889561905,0.04430995025867331
1841,2005-01-15,2005-01-15 23:00:00,5.530179344510713,0.011711840800491926
1842,2005-01-16,2005-01-16 23:00:00,5.496933308230129,0.042314029584453496
1843,2005-01-17,2005-01-17 23:00:00,5.458074550518783,0.07871269462958212
1844,2005-01-18,2005-01-18 23:00:00,5.431978414592586,0.08809450357174554
1845,2005-01-19,2005-01-19 23:00:00,5.403904595792045,0.09453945693595604
1846,2005-01-20,2005-01-20 23:00:00,5.424018683307383,0.0351585476934507
1847,2005-01-21,2005-01-21 23:00:00,5.419564241662125,0.07144747688073662
1848,2005-01-22,2005-01-22 23:00:00,5.448984203670281,0.07405857739762763
1849,2005-01-23,2005-01-23 23:00:00,5.416680412049604,0.080291699423762
1850,2005-01-24,2005-01-24 23:00:00,5.464665494052134,0.026046463822821067
1851,2005-01-25,2005-01-25 23:00:00,5.285286892374395,0.3687709531827845
1852,2005-01-26,2005-01-26 23:00:00,5.360393086473625,0.13800686887033617
1853,2005-01-27,2005-01-27 23:00:00,5.4473135862693285,0.026070499721058567
1854,2005-01-28,2005-01-28 23:00:00,5.399205555467233,0.07059032430422771
1855,2005-01-29,2005-01-29 23:00:00,5.453846690101141,0.034564965974378595
1856,2005-01-30,2005-01-30 23:00:00,5.494664531989734,0.029588600251504723
1857,2005-01-31,2005-01-31 23:00:00,5.489901238098338,0.03799881799843878
1858,2005-02-01,2005-02-01 23:00:00,5.476395421311559,0.05009630026127031
1859,2005-02-02,2005-02-02 23:00:00,5.432404679123631,0.06385380294402039
1860,2005-02-03,2005-02-03 23:00:00,5.431236922497635,0.05037243895158385
1861,2005-02-04,2005-02-04 23:00:00,5.403566822901883,0.04395811680353229
1862,2005-02-05,2005-02-05 23:00:00,5.413674475855502,0.03285426932713664
1863,2005-02-06,2005-02-06 23:00:00,5.41556011514997,0.014867733212896613
1864,2005-02-07,2005-02-07 23:00:00,5.192826571624141,0.3594858576606091
1865,2005-02-08,2005-02-08 23:00:00,5.323307910377379,0.17973622650733853
1866,2005-02-09,2005-02-09 23:00:00,5.347246750264542,0.05164413665431173
1867,2005-02-10,2005-02-10 23:00:00,5.409425782828587,0.028164394739226724
1868,2005-02-11,2005-02-11 23:00:00,5.356381154066823,0.04625714995824854
1869,2005-02-12,2005-02-12 23:00:00,5.371276139452571,0.02684181944815754
1870,2005-02-13,2005-02-13 23:00:00,5.326866243614668,0.06609707945991902
1871,2005-02-14,2005-02-14 23:00:00,5.296941229430199,0.07584259723840332
1872,2005-02-15,2005-02-15 23:00:00,5.27524140790294,0.0465346738419362
1873,2005-02-16,2005-02-16 23:00:00,5.190672614111357,0.07438272390777388
1874,2005-02-17,2005-02-17 23:00:00,5.310458280807041,0.13380886181256707
1875,2005-02-18,2005-02-18 23:00:00,5.361040541505212,0.1288109516848334
1876,2005-02-19,2005-02-19 23:00:00,5.258454284683757,0.13388964067751372
1877,2005-02-20,2005-02-20 23:00:00,5.324167230946242,0.09086122337495668
1878,2005-02-21,2005-02-21 23:00:00,5.140676881727809,0.2563265745106255
1879,2005-02-22,2005-02-22 23:00:00,5.446258916611854,0.16850540315553203
1880,2005-02-23,2005-02-23 23:00:00,5.2524601658925505,0.35489784695526033
1881,2005-02-24,2005-02-24 23:00:00,5.348282790501275,0.10359329003324924
1882,2005-02-25,2005-02-25 23:00:00,5.2657425508197635,0.12362414956172967
1883,2005-02-26,2005-02-26 23:00:00,5.17469810687447,0.11270594100454707
1884,2005-02-27,2005-02-27 23:00:00,5.21747222856425,0.13287759501764768
1885,2005-02-28,2005-02-28 23:00:00,5.3047193251571745,0.10284641034792569
1886,2005-03-01,2005-03-01 23:00:00,5.140225955023621,0.10807142260283278
1887,2005-03-02,2005-03-02 23:00:00,5.273601986263872,0.16300316134293055
1888,2005-03-03,2005-03-03 23:00:00,5.258171904897866,0.13919356789252726
1889,2005-03-04,2005-03-04 23:00:00,5.323372233580549,0.0847151406470306
1890,2005-03-05,2005-03-05 23:00:00,5.36782459300307,0.002146525759286504
1891,2005-03-06,2005-03-06 23:00:00,5.35044257228046,0.01763397010565419
1892,2005-03-07,2005-03-07 23:00:00,5.307217654330966,0.06735197064085556
1893,2005-03-08,2005-03-08 23:00:00,5.2129759035511265,0.10999296596794123
1894,2005-03-09,2005-03-09 23:00:00,5.2603168202974215,0.09236894173748085
1895,2005-03-10,2005-03-10 23:00:00,5.271125240769198,0.10834272408057731
1896,2005-03-11,2005-03-11 23:00:00,5.016099554444421,0.3075202848012241
1897,2005-03-12,2005-03-12 23:00:00,5.215206882746949,0.09742460672315714
1898,2005-03-13,2005-03-13 23:00:00,5.1366188341746835,0.04634907431518854
1899,2005-03-14,2005-03-14 23:00:00,5.154270197400486,0.08292195947975214
1900,2005-03-15,2005-03-15 23:00:00,5.199212141009215,0.10029759623103163
1901,2005-03-16,2005-03-16 23:00:00,5.232912031910186,0.13003035001037994
1902,2005-03-17,2005-03-17 23:00:00,5.307420049809687,0.09443830998573408
1903,2005-03-18,2005-03-18 23:00:00,5.315512741578497,0.06870689973518712
1904,2005-03-19,2005-03-19 23:00:00,5.301427895493675,0.06817788130727508
1905,2005-03-20,2005-03-20 23:00:00,5.270183600836146,0.045024581211487655
1906,2005-03-21,2005-03-21 23:00:00,5.272989287615779,0.036979511349556744
1907,2005-03-22,2005-03-22 23:00:00,5.297172195335944,0.10095409694097769
1908,2005-03-23,2005-03-23 23:00:00,5.279541249092922,0.03903369672000047
1909,2005-03-24,2005-03-24 23:00:00,5.240979585422304,0.0470292441849257
1910,2005-03-25,2005-03-25 23:00:00,5.238224891561497,0.04116630137351116
1911,2005-03-26,2005-03-26 23:00:00,5.235318879501219,0.05106445463448296
1912,2005-03-27,2005-03-27 23:00:00,5.285871930910472,0.027039188115477397
1913,2005-03-28,2005-03-28 23:00:00,5.269500094249933,0.10498419343645486
1914,2005-03-29,2005-03-29 23:00:00,5.2876597087012875,0.08196274514145549
1915,2005-03-30,2005-03-30 23:00:00,5.341501290118141,0.08752659840596656
1916,2005-03-31,2005-03-31 23:00:00,5.278997425151993,0.06103102445231568
1917,2005-04-01,2005-04-01 23:00:00,5.29905327410863,0.07217224290461204
1918,2005-04-02,2005-04-02 23:00:00,5.324955448312811,0.006659424960145809
1919,2005-04-03,2005-04-03 23:00:00,5.31738455308581,0.011869815575408973
1920,2005-04-04,2005-04-04 23:00:00,5.333066725530888,0.04636400091820016
1921,2005-04-05,2005-04-05 23:00:00,5.332189031555593,0.013194067378244497
1922,2005-04-06,2005-04-06 23:00:00,5.340954198668041,0.03124682887599389
1923,2005-04-07,2005-04-07 23:00:00,5.3187063063217925,0.04612457082661974
1924,2005-04-08,2005-04-08 23:00:00,5.3072959291762265,0.02010812845328798
1925,2005-04-09,2005-04-09 23:00:00,5.328171109790898,0.024138929512142707
1926,2005-04-10,2005-04-10 23:00:00,5.269704249611182,0.03301297764909398
1927,2005-04-11,2005-04-11 23:00:00,5.281727177451876,0.05987348864172881
1928,2005-04-12,2005-04-12 23:00:00,5.229513383902231,0.01818620029661927
1929,2005-04-13,2005-04-13 23:00:00,5.2060463323770305,0.03529149285673342
1930,2005-04-14,2005-04-14 23:00:00,5.28515863773483,0.12417813962125848
1931,2005-04-15,2005-04-15 23:00:00,5.175864497341435,0.07980845251122955
1932,2005-04-16,2005-04-16 23:00:00,5.164135458238509,0.07685254420274562
1933,2005-04-17,2005-04-17 23:00:00,5.204120254677538,0.09368772350083353
1934,2005-04-18,2005-04-18 23:00:00,5.083151629228666,0.11257742534392819
1935,2005-04-19,2005-04-19 23:00:00,5.156996890131778,0.2600409716698655
1936,2005-04-20,2005-04-20 23:00:00,5.161368239774162,0.2701249124177948
1937,2005-04-21,2005-04-21 23:00:00,5.187458244103975,0.19680571504757866
1938,2005-04-22,2005-04-22 23:00:00,5.101909679629063,0.14850154565309764
1939,2005-04-23,2005-04-23 23:00:00,5.250021698700742,0.12185805142211914
1940,2005-04-24,2005-04-24 23:00:00,5.201070448429657,0.03203452997264649
1941,2005-04-25,2005-04-25 23:00:00,5.198148061714062,0.09320898327555775
1942,2005-04-26,2005-04-26 23:00:00,5.19785938334082,0.08299884681575587
1943,2005-04-27,2005-04-27 23:00:00,5.227302854156149,0.07245797310697658
1944,2005-04-28,2005-04-28 23:00:00,5.203773234097656,0.08189139579021154
1945,2005-04-29,2005-04-29 23:00:00,5.2319569797197145,0.05994939004893294
1946,2005-04-30,2005-04-30 23:00:00,5.233352063338783,0.07481488311353515
1947,2005-05-01,2005-05-01 23:00:00,5.229144285983577,0.04439741759405
1948,2005-05-02,2005-05-02 23:00:00,5.261743056486289,0.09203295174403084
1949,2005-05-03,2005-05-03 23:00:00,5.3406908544924105,0.10413450464329957
1950,2005-05-04,2005-05-04 23:00:00,5.335304787780063,0.0937115714863315
1951,2005-05-05,2005-05-05 23:00:00,5.328605604750192,0.06967782181746979
1952,2005-05-06,2005-05-06 23:00:00,5.2790450673934,0.05889620109047816
1953,2005-05-07,2005-05-07 23:00:00,5.300355316575344,0.062443552822679604
1954,2005-05-08,2005-05-08 23:00:00,5.3032139245156,0.054976375951430775
1955,2005-05-09,2005-05-09 23:00:00,5.303212697300239,0.03786868689186817
1956,2005-05-10,2005-05-10 23:00:00,5.320944623078166,0.07040371461451489
1957,2005-05-11,2005-05-11 23:00:00,5.326563922898566,0.0620551061185009
1958,2005-05-12,2005-05-12 23:00:00,5.2899777089244635,0.049690172520526606
1959,2005-05-13,2005-05-13 23:00:00,5.300999277435282,0.05989624944473299
1960,2005-05-14,2005-05-14 23:00:00,5.2541871965389495,0.026559017680151537
1961,2005-05-15,2005-05-15 23:00:00,5.237521886349529,0.016558632243689995
1962,2005-05-16,2005-05-16 23:00:00,4.945334026934829,0.4158189062751129
1963,2005-05-17,2005-05-17 23:00:00,5.231139206227854,0.16078260753993248
1964,2005-05-18,2005-05-18 23:00:00,5.222865428907164,0.1013836361525065
1965,2005-05-19,2005-05-19 23:00:00,5.19291145115186,0.12650831673631205
1966,2005-05-20,2005-05-20 23:00:00,5.175502014397607,0.06923990375630706
1967,2005-05-21,2005-05-21 23:00:00,5.028505206483984,0.28763854350706364
1968,2005-05-22,2005-05-22 23:00:00,5.173400791274848,0.02377516797514337
1969,2005-05-23,2005-05-23 23:00:00,5.206511506470412,0.04839147221513751
1970,2005-05-24,2005-05-24 23:00:00,5.230807256127757,0.11115628354236112
1971,2005-05-25,2005-05-25 23:00:00,5.245964027849355,0.061631879475868026
1972,2005-05-26,2005-05-26 23:00:00,5.294837946518363,0.06074666249894507
1973,2005-05-27,2005-05-27 23:00:00,5.319814885937466,0.06021066978444851
1974,2005-05-28,2005-05-28 23:00:00,5.256332634093633,0.051154470442853116
1975,2005-05-29,2005-05-29 23:00:00,5.27665995182793,0.0315001785755487
1976,2005-05-30,2005-05-30 23:00:00,5.25135596014598,0.030352114123500498
1977,2005-05-31,2005-05-31 23:00:00,5.243645150157797,0.024299768663136503
1978,2005-06-01,2005-06-01 23:00:00,5.227735714990067,0.04599611792007196
1979,2005-06-02,2005-06-02 23:00:00,5.2143560084559475,0.05229382146067931
1980,2005-06-03,2005-06-03 23:00:00,5.159812361301089,0.089811731640776
1981,2005-06-04,2005-06-04 23:00:00,4.987509581681231,0.12632376051778443
1982,2005-06-05,2005-06-05 23:00:00,4.9590458046568235,0.12018908955478048
1983,2005-06-06,2005-06-06 23:00:00,4.9240455220571615,0.15572129335382393
1984,2005-06-07,2005-06-07 23:00:00,4.691743116952542,0.2896655480313135
1985,2005-06-08,2005-06-08 23:00:00,5.073921061890858,0.31339930554767714
1986,2005-06-09,2005-06-09 23:00:00,5.173005237123559,0.0720657088676436
1987,2005-06-10,2005-06-10 23:00:00,4.957116148750429,0.31995421535518104
1988,2005-06-11,2005-06-11 23:00:00,4.6539346122379825,0.2998831002293288
1989,2005-06-12,2005-06-12 23:00:00,4.731101386627746,0.29257891159361377
1990,2005-06-13,2005-06-13 23:00:00,4.961610737034121,0.36302318269556993
1991,2005-06-14,2005-06-14 23:00:00,5.085284448853755,0.18957850099154305
1992,2005-06-15,2005-06-15 23:00:00,5.103587016150952,0.056123250859087835
1993,2005-06-16,2005-06-16 23:00:00,5.05769891153023,0.22500652335507856
1994,2005-06-17,2005-06-17 23:00:00,5.078397342652489,0.11736650963684252
1995,2005-06-18,2005-06-18 23:00:00,5.052792759329513,0.09103120021948041
1996,2005-06-19,2005-06-19 23:00:00,5.022193936083145,0.04115138134970058
1997,2005-06-20,2005-06-20 23:00:00,5.070190826373339,0.09420067911537004
1998,2005-06-21,2005-06-21 23:00:00,5.187047993584408,0.08164792235145972
1999,2005-06-22,2005-06-22 23:00:00,5.240758492301571,0.1415736759694018
2000,2005-06-23,2005-06-23 23:00:00,5.253071163069443,0.419946363358108
2001,2005-06-24,2005-06-24 23:00:00,5.210947514467587,0.09594512708600604
2002,2005-06-25,2005-06-25 23:00:00,5.120325687362556,0.04532749875494461
2003,2005-06-26,2005-06-26 23:00:00,5.088163320848305,0.023607085245409554
2004,2005-06-27,2005-06-27 23:00:00,5.1838317981169055,0.1431409938747137
2005,2005-06-28,2005-06-28 23:00:00,5.176617900360822,0.1533095085698366
2006,2005-06-29,2005-06-29 23:00:00,5.217596639842706,0.08513861490585765
2007,2005-06-30,2005-06-30 23:00:00,5.077483018645926,0.15882292155518757
2008,2005-07-01,2005-07-01 23:00:00,5.113935322023072,0.05305990920824172
2009,2005-07-02,2005-07-02 23:00:00,5.104876367456857,0.04009349653944022
2010,2005-07-03,2005-07-03 23:00:00,5.107918735259843,0.04929822069156439
2011,2005-07-04,2005-07-04 23:00:00,5.174034047515952,0.019651865276202572
2012,2005-07-05,2005-07-05 23:00:00,5.157404190831289,0.06127194756982392
2013,2005-07-06,2005-07-06 23:00:00,5.240392153838962,0.05200806861979695
2014,2005-07-07,2005-07-07 23:00:00,5.234162868531703,0.043819045829379066
2015,2005-07-08,2005-07-08 23:00:00,5.22483744173494,0.041575293221925096
2016,2005-07-09,2005-07-09 23:00:00,5.275069669267695,0.07630182494889935
2017,2005-07-10,2005-07-10 23:00:00,5.377568371874314,0.02959509420378066
2018,2005-07-11,2005-07-11 23:00:00,5.456878135869357,0.1087329177204285
2019,2005-07-12,2005-07-12 23:00:00,5.447992149623967,0.09371212581338971
2020,2005-07-13,2005-07-13 23:00:00,5.5901352325627585,0.13516051114957306
2021,2005-07-14,2005-07-14 23:00:00,5.646254706758671,0.13647737006922925
2022,2005-07-15,2005-07-15 23:00:00,5.60988516525913,0.15413002259018432
2023,2005-07-16,2005-07-16 23:00:00,5.56002579182189,0.05191664905943171
2024,2005-07-17,2005-07-17 23:00:00,5.552822197756328,0.06093148603776194
2025,2005-07-18,2005-07-18 23:00:00,5.593519523290436,0.07168490192814242
2026,2005-07-19,2005-07-19 23:00:00,5.485656348227977,0.036812834899427
2027,2005-07-20,2005-07-20 23:00:00,5.498082020504623,0.013513524467215578
2028,2005-07-21,2005-07-21 23:00:00,5.274332266167222,0.27036051708337305
2029,2005-07-22,2005-07-22 23:00:00,5.299668081324173,0.08393860748837342
2030,2005-07-23,2005-07-23 23:00:00,5.313692289062936,0.06256329926413404
2031,2005-07-24,2005-07-24 23:00:00,5.329936142948936,0.0017995349506550278
2032,2005-07-25,2005-07-25 23:00:00,5.343401141148292,0.05769251875934154
2033,2005-07-26,2005-07-26 23:00:00,5.314015773106912,0.021108588127487542
2034,2005-07-27,2005-07-27 23:00:00,5.308226565565571,0.0276177328267362
2035,2005-07-28,2005-07-28 23:00:00,5.356631096112739,0.059668151078682424
2036,2005-07-29,2005-07-29 23:00:00,5.302190898983742,0.018689053002909836
2037,2005-07-30,2005-07-30 23:00:00,5.320916058163367,0.04849897160580458
2038,2005-07-31,2005-07-31 23:00:00,5.290449369470251,0.007618794131425146
2039,2005-08-01,2005-08-01 23:00:00,5.288162260202874,0.04766730646715305
2040,2005-08-02,2005-08-02 23:00:00,5.342835567700373,0.11132647382064555
2041,2005-08-03,2005-08-03 23:00:00,5.290673606979621,0.08538611916610438
2042,2005-08-04,2005-08-04 23:00:00,5.43338796841812,0.09457406042167638
2043,2005-08-05,2005-08-05 23:00:00,5.498510377054278,0.18064361991168826
2044,2005-08-06,2005-08-06 23:00:00,5.306588379512639,0.06369226947012406
2045,2005-08-07,2005-08-07 23:00:00,5.301995764603508,0.028163408927222404
2046,2005-08-08,2005-08-08 23:00:00,5.31386902673915,0.07875776804809148
2047,2005-08-09,2005-08-09 23:00:00,5.399055329600576,0.12365279749237554
2048,2005-08-10,2005-08-10 23:00:00,5.442805056546976,0.05329805769363499
2049,2005-08-11,2005-08-11 23:00:00,5.584696215662763,0.09287231492042948
2050,2005-08-12,2005-08-12 23:00:00,5.632700038904865,0.11508947088948882
2051,2005-08-13,2005-08-13 23:00:00,5.456105547980303,0.048751900947068334
2052,2005-08-14,2005-08-14 23:00:00,5.487137393533623,0.06066655788877912
2053,2005-08-15,2005-08-15 23:00:00,5.501928596891471,0.029012736792552958
2054,2005-08-16,2005-08-16 23:00:00,5.54170870903319,0.10872530757511459
2055,2005-08-17,2005-08-17 23:00:00,5.549511054347747,0.07782990667518051
2056,2005-08-18,2005-08-18 23:00:00,5.4729782778731115,0.06544504394818745
2057,2005-08-19,2005-08-19 23:00:00,5.548950639716327,0.12271180015868972
2058,2005-08-20,2005-08-20 23:00:00,5.48591065496984,0.04519260242449861
2059,2005-08-21,2005-08-21 23:00:00,5.467833490433531,0.06950531816068033
2060,2005-08-22,2005-08-22 23:00:00,5.344997418741543,0.4107439457227212
2061,2005-08-23,2005-08-23 23:00:00,5.581415278121406,0.14180324279771842
2062,2005-08-24,2005-08-24 23:00:00,5.5058849124009805,0.10958243155651531
2063,2005-08-25,2005-08-25 23:00:00,5.426232991927961,0.06347739386883201
2064,2005-08-26,2005-08-26 23:00:00,5.43599112276578,0.07212246405802732
2065,2005-08-27,2005-08-27 23:00:00,5.4469617164272845,0.07338346873132395
2066,2005-08-28,2005-08-28 23:00:00,5.495270575226319,0.013696672546702312
2067,2005-08-29,2005-08-29 23:00:00,5.4847789255542265,0.10434592661494516
2068,2005-08-30,2005-08-30 23:00:00,5.469087625325037,0.10051094170270185
2069,2005-08-31,2005-08-31 23:00:00,5.570947170482977,0.06624622707083766
2070,2005-09-01,2005-09-01 23:00:00,5.5301007000668845,0.0459799660498418
2071,2005-09-02,2005-09-02 23:00:00,5.587806186931263,0.05716849917995862
2072,2005-09-03,2005-09-03 23:00:00,5.557674356100848,0.012646202735037006
2073,2005-09-04,2005-09-04 23:00:00,5.563081469645087,0.015642362794077297
2074,2005-09-05,2005-09-05 23:00:00,5.5897019705321584,0.039597330860299915
2075,2005-09-06,2005-09-06 23:00:00,5.518422863262323,0.09049615123092052
2076,2005-09-07,2005-09-07 23:00:00,5.518293925397889,0.056955676443107124
2077,2005-09-08,2005-09-08 23:00:00,5.5442590861780054,0.15536256798337722
2078,2005-09-09,2005-09-09 23:00:00,5.536262750587646,0.17110133418297388
2079,2005-09-10,2005-09-10 23:00:00,5.504984845419442,0.04856525327917982
2080,2005-09-11,2005-09-11 23:00:00,5.5123350150538775,0.03224175856878739
2081,2005-09-12,2005-09-12 23:00:00,5.524101022250146,0.052937506949499384
2082,2005-09-13,2005-09-13 23:00:00,5.555741945772955,0.06442101746676215
2083,2005-09-14,2005-09-14 23:00:00,5.544975243413958,0.045116862230155735
2084,2005-09-15,2005-09-15 23:00:00,5.506946368745001,0.04852630662468903
2085,2005-09-16,2005-09-16 23:00:00,5.480694965664111,0.005182259160408563
2086,2005-09-17,2005-09-17 23:00:00,5.435029086371945,0.05520356254654863
2087,2005-09-18,2005-09-18 23:00:00,5.447215506695078,0.013326971714948548
2088,2005-09-19,2005-09-19 23:00:00,5.539705904908547,0.06578514175394118
2089,2005-09-20,2005-09-20 23:00:00,5.506305838095287,0.05048409415935441
2090,2005-09-21,2005-09-21 23:00:00,5.529813346294513,0.05183828341636007
2091,2005-09-22,2005-09-22 23:00:00,5.460363911668819,0.056947102678573176
2092,2005-09-23,2005-09-23 23:00:00,5.429331542576253,0.05782700689023974
2093,2005-09-24,2005-09-24 23:00:00,5.382681119773745,0.05748536705613963
2094,2005-09-25,2005-09-25 23:00:00,5.353172706070498,0.05380592192203352
2095,2005-09-26,2005-09-26 23:00:00,5.355481790857728,0.1330851219330747
2096,2005-09-27,2005-09-27 23:00:00,5.298101278237547,0.10012472835626932
2097,2005-09-28,2005-09-28 23:00:00,5.399859693969695,0.12473745304199493
2098,2005-09-29,2005-09-29 23:00:00,5.308120500971982,0.15460276552365473
2099,2005-09-30,2005-09-30 23:00:00,5.253562639230995,0.1682821126712647
2100,2005-10-01,2005-10-01 23:00:00,5.244080374471267,0.1147821608976433
2101,2005-10-02,2005-10-02 23:00:00,5.232528036484051,0.04876843863382073
2102,2005-10-03,2005-10-03 23:00:00,5.274081462521841,0.15471623333508838
2103,2005-10-04,2005-10-04 23:00:00,5.004550426528038,0.4061101641873641
2104,2005-10-05,2005-10-05 23:00:00,5.284987870455527,0.14249147924708944
2105,2005-10-06,2005-10-06 23:00:00,5.300931137764031,0.12420627519727517
2106,2005-10-07,2005-10-07 23:00:00,5.292992232721667,0.09350286757129925
2107,2005-10-08,2005-10-08 23:00:00,5.310021222707719,0.027430309462034765
2108,2005-10-09,2005-10-09 23:00:00,5.337307993405884,0.007076845206334321
2109,2005-10-10,2005-10-10 23:00:00,5.37279989111292,0.07197331932514846
2110,2005-10-11,2005-10-11 23:00:00,5.464902201530776,0.0865078910840626
2111,2005-10-12,2005-10-12 23:00:00,5.62831319037243,0.09895678578585518
2112,2005-10-13,2005-10-13 23:00:00,5.556940334184397,0.13028339154245105
2113,2005-10-14,2005-10-14 23:00:00,5.6019076519060675,0.1501385437213872
2114,2005-10-15,2005-10-15 23:00:00,5.656493018100885,0.09760612495216993
2115,2005-10-16,2005-10-16 23:00:00,5.500442236379523,0.07618373190930529
2116,2005-10-17,2005-10-17 23:00:00,5.523927807807048,0.0698622026791901
2117,2005-10-18,2005-10-18 23:00:00,5.470899833437012,0.08942713366792225
2118,2005-10-19,2005-10-19 23:00:00,5.476203197990074,0.08030494067569453
2119,2005-10-20,2005-10-20 23:00:00,5.471890064634965,0.12283149305303301
2120,2005-10-21,2005-10-21 23:00:00,5.465859681052741,0.10893763184797965
2121,2005-10-22,2005-10-22 23:00:00,5.466745364394778,0.03814674478937704
2122,2005-10-23,2005-10-23 23:00:00,5.457245895807612,0.0711696109226264
2123,2005-10-24,2005-10-24 23:00:00,5.589381218993007,0.155819118627111
2124,2005-10-25,2005-10-25 23:00:00,5.347047218564845,0.14475803918929073
2125,2005-10-26,2005-10-26 23:00:00,5.279391335985825,0.24030953407173355
2126,2005-10-27,2005-10-27 23:00:00,5.320389756975966,0.16111960631207523
2127,2005-10-28,2005-10-28 23:00:00,5.328387585229387,0.05166618572251556
2128,2005-10-29,2005-10-29 23:00:00,5.275349879915779,0.08654508704050878
2129,2005-10-30,2005-10-30 23:00:00,5.265460477128389,0.10056922025509117
2130,2005-10-31,2005-10-31 23:00:00,5.114759365594331,0.25216235857747415
2131,2005-11-01,2005-11-01 23:00:00,5.262402147399037,0.19297474126968583
2132,2005-11-02,2005-11-02 23:00:00,5.272913144120553,0.09949486716461335
2133,2005-11-03,2005-11-03 23:00:00,5.079200407655678,0.31308850978289593
2134,2005-11-04,2005-11-04 23:00:00,5.007745346859578,0.40541757699771125
2135,2005-11-05,2005-11-05 23:00:00,5.030158693226,0.12758540730335124
2136,2005-11-06,2005-11-06 23:00:00,5.001236028678853,0.10682673709323995
2137,2005-11-07,2005-11-07 23:00:00,5.061132982130599,0.012159002176922371
2138,2005-11-08,2005-11-08 23:00:00,5.061436643046929,0.27805040385614205
2139,2005-11-09,2005-11-09 23:00:00,5.064184788050796,0.24287709824249365
2140,2005-11-10,2005-11-10 23:00:00,5.115094673649446,0.15899029294003716
2141,2005-11-11,2005-11-11 23:00:00,5.087359165328354,0.15889287078738687
2142,2005-11-12,2005-11-12 23:00:00,4.930665630267878,0.15449023159985262
2143,2005-11-13,2005-11-13 23:00:00,4.622148773459039,0.2604772221667951
2144,2005-11-14,2005-11-14 23:00:00,4.788676198046108,0.2685724369506479
2145,2005-11-15,2005-11-15 23:00:00,4.720613642218631,0.39803765381009226
2146,2005-11-16,2005-11-16 23:00:00,4.9334276868167946,0.31610955706107025
2147,2005-11-17,2005-11-17 23:00:00,4.853865031024252,0.32575476161107714
2148,2005-11-18,2005-11-18 23:00:00,4.853953344122902,0.26444846423940666
2149,2005-11-19,2005-11-19 23:00:00,4.8393529418741705,0.17271269463034655
2150,2005-11-20,2005-11-20 23:00:00,4.8495750496791015,0.17016233460153968
2151,2005-11-21,2005-11-21 23:00:00,4.873088644846341,0.36741578057297647
2152,2005-11-22,2005-11-22 23:00:00,5.116289194549121,0.2878695848410921
2153,2005-11-23,2005-11-23 23:00:00,5.02923532036794,0.39102873958578455
2154,2005-11-24,2005-11-24 23:00:00,4.997810017969006,0.4384561833120325
2155,2005-11-25,2005-11-25 23:00:00,4.975381716058801,0.3390565073963905
2156,2005-11-26,2005-11-26 23:00:00,4.670665646761611,0.5008609745438868
2157,2005-11-27,2005-11-27 23:00:00,4.61826460352974,0.4089033198088817
2158,2005-11-28,2005-11-28 23:00:00,5.197584916730515,0.297881626096679
2159,2005-11-29,2005-11-29 23:00:00,5.214722419498848,0.26713562827102033
2160,2005-11-30,2005-11-30 23:00:00,5.202692949058575,0.26508675859435527
2161,2005-12-01,2005-12-01 23:00:00,5.196735268141315,0.14474471548749301
2162,2005-12-02,2005-12-02 23:00:00,5.343083400947947,0.14205331366990967
2163,2005-12-03,2005-12-03 23:00:00,5.3614075068127915,0.09713374395783494
2164,2005-12-04,2005-12-04 23:00:00,5.312401391699285,0.05965657782142254
2165,2005-12-05,2005-12-05 23:00:00,5.396758846517738,0.11169184113975741
2166,2005-12-06,2005-12-06 23:00:00,5.352197750645755,0.09112411453869179
2167,2005-12-07,2005-12-07 23:00:00,5.364240941208007,0.07133670562517219
2168,2005-12-08,2005-12-08 23:00:00,5.354533352249255,0.04304883225895466
2169,2005-12-09,2005-12-09 23:00:00,5.438585629684682,0.06680907702434201
2170,2005-12-10,2005-12-10 23:00:00,5.409345303083154,0.06552101195991165
2171,2005-12-11,2005-12-11 23:00:00,5.399318573409417,0.019058064775621632
2172,2005-12-12,2005-12-12 23:00:00,5.3974396948278525,0.06064393727375236
2173,2005-12-13,2005-12-13 23:00:00,5.33928832122497,0.07574252111612885
2174,2005-12-14,2005-12-14 23:00:00,5.4182423697659345,0.13752588592441853
2175,2005-12-15,2005-12-15 23:00:00,5.436776256646293,0.055493731253513104
2176,2005-12-16,2005-12-16 23:00:00,5.397396414683416,0.03790273848452423
2177,2005-12-17,2005-12-17 23:00:00,5.371570486942882,0.008601864014853388
2178,2005-12-18,2005-12-18 23:00:00,5.375897672726549,0.030916313264881864
2179,2005-12-19,2005-12-19 23:00:00,5.409354191948585,0.10015604404496058
2180,2005-12-20,2005-12-20 23:00:00,5.445527190887422,0.13712467928731695
2181,2005-12-21,2005-12-21 23:00:00,5.397604903283079,0.12529393156872368
2182,2005-12-22,2005-12-22 23:00:00,5.447997236507324,0.18612927321339373
2183,2005-12-23,2005-12-23 23:00:00,5.56603732400439,0.19945343074951552
2184,2005-12-24,2005-12-24 23:00:00,5.387104362890056,0.06334098451098436
2185,2005-12-25,2005-12-25 23:00:00,5.3501052997684715,0.011478308218365022
2186,2005-12-26,2005-12-26 23:00:00,5.358021731429013,0.09154403293150827
2187,2005-12-27,2005-12-27 23:00:00,5.3611167549925645,0.13136448326001213
2188,2005-12-28,2005-12-28 23:00:00,5.357042494022295,0.12505571280358016
2189,2005-12-29,2005-12-29 23:00:00,5.346528719704452,0.04035998413724579
2190,2005-12-30,2005-12-30 23:00:00,5.335807177938311,0.0180284569270009
2191,2005-12-31,2005-12-31 23:00:00,5.334262758575765,0.005610207905742719
2192,2006-01-01,2006-01-01 23:00:00,5.351495835418163,0.053961111324188
2193,2006-01-02,2006-01-02 23:00:00,5.383243581774184,0.04946004803945457
2194,2006-01-03,2006-01-03 23:00:00,5.409426625039219,0.07836431172640318
2195,2006-01-04,2006-01-04 23:00:00,5.382798464820765,0.04174228151411123
2196,2006-01-05,2006-01-05 23:00:00,5.475349716629819,0.010995703238596199
2197,2006-01-06,2006-01-06 23:00:00,5.450393147549729,0.05650235720488102
2198,2006-01-07,2006-01-07 23:00:00,5.370948573697045,0.030259370402486906
2199,2006-01-08,2006-01-08 23:00:00,5.374760896026301,0.03409844752142394
2200,2006-01-09,2006-01-09 23:00:00,5.406877306445465,0.029905794244744235
2201,2006-01-10,2006-01-10 23:00:00,5.385159086042589,0.044776014269440736
2202,2006-01-11,2006-01-11 23:00:00,5.433488732871566,0.02538405452817124
2203,2006-01-12,2006-01-12 23:00:00,5.419832846163467,0.015077976994131473
2204,2006-01-13,2006-01-13 23:00:00,5.4065842379859035,0.038420596836829364
2205,2006-01-14,2006-01-14 23:00:00,5.37920747770167,0.039830467874428635
2206,2006-01-15,2006-01-15 23:00:00,5.397213780281138,0.017564588151997105
2207,2006-01-16,2006-01-16 23:00:00,5.403315261897326,0.04807058988838754
2208,2006-01-17,2006-01-17 23:00:00,5.401338339662659,0.034969683512213724
2209,2006-01-18,2006-01-18 23:00:00,5.392959933279724,0.031345865209665695
2210,2006-01-19,2006-01-19 23:00:00,5.399433741117307,0.05319800975408959
2211,2006-01-20,2006-01-20 23:00:00,5.373610937268701,0.015038955363828972
2212,2006-01-21,2006-01-21 23:00:00,5.113705570615763,0.3804734349145984
2213,2006-01-22,2006-01-22 23:00:00,5.293720869201184,0.08339454840925531
2214,2006-01-23,2006-01-23 23:00:00,5.3877895865166545,0.04626474075468645
2215,2006-01-24,2006-01-24 23:00:00,5.359299144196562,0.018937323352239646
2216,2006-01-25,2006-01-25 23:00:00,5.352839227504852,0.11840012840924094
2217,2006-01-26,2006-01-26 23:00:00,5.3955251846547325,0.18219565836060927
2218,2006-01-27,2006-01-27 23:00:00,5.363458658809797,0.007284216038374032
2219,2006-01-28,2006-01-28 23:00:00,5.354168524738718,0.008756038110964882
2220,2006-01-29,2006-01-29 23:00:00,5.222157808721566,0.058377194688842074
2221,2006-01-30,2006-01-30 23:00:00,5.313745153450317,0.06852105460016583
2222,2006-01-31,2006-01-31 23:00:00,5.037562086392575,0.35164810914907396
2223,2006-02-01,2006-02-01 23:00:00,5.211050637854545,0.0454078675990865
2224,2006-02-02,2006-02-02 23:00:00,5.245704290478987,0.06567606804319934
2225,2006-02-03,2006-02-03 23:00:00,5.220537149263772,0.03791797967430302
2226,2006-02-04,2006-02-04 23:00:00,5.1343398655579415,0.20993539532499453
2227,2006-02-05,2006-02-05 23:00:00,5.017557368434113,0.2527910603927934
2228,2006-02-06,2006-02-06 23:00:00,5.114438015951174,0.05620779254413421
2229,2006-02-07,2006-02-07 23:00:00,5.105701310410523,0.06388661709887987
2230,2006-02-08,2006-02-08 23:00:00,5.092611792465948,0.05607217418855606
2231,2006-02-09,2006-02-09 23:00:00,5.064271980824336,0.06063169884465743
2232,2006-02-10,2006-02-10 23:00:00,5.081338664110412,0.0778143342744559
2233,2006-02-11,2006-02-11 23:00:00,5.222818366432622,0.15325982550415268
2234,2006-02-12,2006-02-12 23:00:00,5.292394610930205,0.0912031121884174
2235,2006-02-13,2006-02-13 23:00:00,5.330148043869468,0.10731430796630148
2236,2006-02-14,2006-02-14 23:00:00,5.310107880135593,0.09862952223385875
2237,2006-02-15,2006-02-15 23:00:00,5.427274513298145,0.10344823733678134
2238,2006-02-16,2006-02-16 23:00:00,5.322573148005901,0.12136330558050451
2239,2006-02-17,2006-02-17 23:00:00,5.457187743420147,0.11274586515647425
2240,2006-02-18,2006-02-18 23:00:00,5.399720110936928,0.08425015784077199
2241,2006-02-19,2006-02-19 23:00:00,5.377227166393685,0.22661304478002675
2242,2006-02-20,2006-02-20 23:00:00,5.406916916477179,0.1689590207263488
2243,2006-02-21,2006-02-21 23:00:00,5.418546898168934,0.10671247833259524
2244,2006-02-22,2006-02-22 23:00:00,5.3460314646659555,0.06203021855159232
2245,2006-02-23,2006-02-23 23:00:00,5.351138060270645,0.07953843641825484
2246,2006-02-24,2006-02-24 23:00:00,5.467035772728651,0.11895119348813152
2247,2006-02-25,2006-02-25 23:00:00,5.449537979292574,0.08960494031184706
2248,2006-02-26,2006-02-26 23:00:00,5.550091659052035,0.07334892929781661
2249,2006-02-27,2006-02-27 23:00:00,5.503117140967146,0.07204841124266037
2250,2006-02-28,2006-02-28 23:00:00,5.470558050834808,0.1314936333511244
2251,2006-03-01,2006-03-01 23:00:00,5.372677438464318,0.1553077925615285
2252,2006-03-02,2006-03-02 23:00:00,5.419919010390497,0.11561740505331261
2253,2006-03-03,2006-03-03 23:00:00,5.378159229755579,0.09125063189429422
2254,2006-03-04,2006-03-04 23:00:00,5.44038767997116,0.09588363815999162
2255,2006-03-05,2006-03-05 23:00:00,5.49776020073769,0.0030197295849763747
2256,2006-03-06,2006-03-06 23:00:00,5.4431211749848005,0.06464215366612693
2257,2006-03-07,2006-03-07 23:00:00,5.453046577220301,0.0770033478702327
2258,2006-03-08,2006-03-08 23:00:00,5.427079094059814,0.05554034200382518
2259,2006-03-09,2006-03-09 23:00:00,5.360949421363524,0.04048461202144242
2260,2006-03-10,2006-03-10 23:00:00,5.142032100043859,0.41841249000699016
2261,2006-03-11,2006-03-11 23:00:00,5.346779993207765,0.021328029553571295
2262,2006-03-12,2006-03-12 23:00:00,5.203920993120954,0.18579504626135254
2263,2006-03-13,2006-03-13 23:00:00,5.077125602177401,0.33825808256617373
2264,2006-03-14,2006-03-14 23:00:00,5.026728299660331,0.3562493758267045
2265,2006-03-15,2006-03-15 23:00:00,5.140878687287047,0.08039168866605295
2266,2006-03-16,2006-03-16 23:00:00,5.170037796028487,0.025867649132332676
2267,2006-03-17,2006-03-17 23:00:00,5.123278220428077,0.22694491990402485
2268,2006-03-18,2006-03-18 23:00:00,5.155996963190809,0.01181351986412689
2269,2006-03-19,2006-03-19 23:00:00,5.059626189413788,0.032003048922622596
2270,2006-03-20,2006-03-20 23:00:00,4.7407431530535495,0.34235279427001564
2271,2006-03-21,2006-03-21 23:00:00,4.934566075852987,0.2609503683390962
2272,2006-03-22,2006-03-22 23:00:00,5.008972002718994,0.0916544446677698
2273,2006-03-23,2006-03-23 23:00:00,4.905457821075539,0.2982128849154336
2274,2006-03-24,2006-03-24 23:00:00,4.92892253669635,0.2343183757812052
2275,2006-03-25,2006-03-25 23:00:00,4.915639643887932,0.10667913113878243
2276,2006-03-26,2006-03-26 23:00:00,4.8254684335791795,0.08321584681816294
2277,2006-03-27,2006-03-27 23:00:00,4.828029195951895,0.1791105797628396
2278,2006-03-28,2006-03-28 23:00:00,4.934932786125537,0.20051813426950243
2279,2006-03-29,2006-03-29 23:00:00,5.006503490503435,0.2058356475496416
2280,2006-03-30,2006-03-30 23:00:00,4.976783616335747,0.15123068245946453
2281,2006-03-31,2006-03-31 23:00:00,4.890432782913993,0.1569973238826681
2282,2006-04-01,2006-04-01 23:00:00,5.037299614115108,0.20065188068549245
2283,2006-04-02,2006-04-02 23:00:00,4.951108557995032,0.13565888709103005
2284,2006-04-03,2006-04-03 23:00:00,5.168426021453722,0.08233471915180812
2285,2006-04-04,2006-04-04 23:00:00,5.195860529224395,0.2968146159525452
2286,2006-04-05,2006-04-05 23:00:00,5.21969507143618,0.16520570417225924
2287,2006-04-06,2006-04-06 23:00:00,5.1281725783058585,0.14463511338546375
2288,2006-04-07,2006-04-07 23:00:00,5.155419719938453,0.06844251192542102
2289,2006-04-08,2006-04-08 23:00:00,5.028044343765176,0.17658249155989403
2290,2006-04-09,2006-04-09 23:00:00,4.689745089545209,0.29476053939865404
2291,2006-04-10,2006-04-10 23:00:00,4.851969405172415,0.2564274396740614
2292,2006-04-11,2006-04-11 23:00:00,4.891739066260068,0.21540399692093443
2293,2006-04-12,2006-04-12 23:00:00,4.716235771929316,0.23755486127619826
2294,2006-04-13,2006-04-13 23:00:00,4.6223352941690585,0.21223797211990716
2295,2006-04-14,2006-04-14 23:00:00,4.7763798453916095,0.1999916956777354
2296,2006-04-15,2006-04-15 23:00:00,4.851791299653853,0.05438917981949267
2297,2006-04-16,2006-04-16 23:00:00,4.671719540488968,0.18295619983360023
2298,2006-04-17,2006-04-17 23:00:00,4.77483011351891,0.13191764427205843
2299,2006-04-18,2006-04-18 23:00:00,4.750825033646688,0.17667964988256724
2300,2006-04-19,2006-04-19 23:00:00,4.715736487129535,0.2688589131151877
2301,2006-04-20,2006-04-20 23:00:00,4.770696552722636,0.22488111166621585
2302,2006-04-21,2006-04-21 23:00:00,4.887615342144564,0.1619248930135131
2303,2006-04-22,2006-04-22 23:00:00,5.059271762591963,0.19569706159732692
2304,2006-04-23,2006-04-23 23:00:00,5.007369610017739,0.1421623682509086
2305,2006-04-24,2006-04-24 23:00:00,5.178345774730535,0.21000268516742135
2306,2006-04-25,2006-04-25 23:00:00,5.070445452099979,0.2909242048025933
2307,2006-04-26,2006-04-26 23:00:00,5.06402041988886,0.20876543301441397
2308,2006-04-27,2006-04-27 23:00:00,5.0786014560087915,0.20070408414934476
2309,2006-04-28,2006-04-28 23:00:00,4.958339992883871,0.2431012539456374
2310,2006-04-29,2006-04-29 23:00:00,4.794386403111328,0.245509463977368
2311,2006-04-30,2006-04-30 23:00:00,5.006472344229768,0.13122510673828855
2312,2006-05-01,2006-05-01 23:00:00,4.820831163309797,0.15060348903322401
2313,2006-05-02,2006-05-02 23:00:00,5.035531811470709,0.24142276294037443
2314,2006-05-03,2006-05-03 23:00:00,5.168604531815558,0.16889932155498164
2315,2006-05-04,2006-05-04 23:00:00,5.119220268027334,0.14350304888706156
2316,2006-05-05,2006-05-05 23:00:00,4.993474794998619,0.20792242551817547
2317,2006-05-06,2006-05-06 23:00:00,4.853647180057053,0.2657331048456185
2318,2006-05-07,2006-05-07 23:00:00,5.1033139294513505,0.062266577588729444
2319,2006-05-08,2006-05-08 23:00:00,5.095148866021827,0.1928930906481546
2320,2006-05-09,2006-05-09 23:00:00,5.091812509141746,0.1310042961757453
2321,2006-05-10,2006-05-10 23:00:00,5.083660314675994,0.15373011464321057
2322,2006-05-11,2006-05-11 23:00:00,5.178192858962359,0.14034213486106775
2323,2006-05-12,2006-05-12 23:00:00,4.997042044991633,0.14569464695861217
2324,2006-05-13,2006-05-13 23:00:00,4.9049066395981935,0.0714617351372187
2325,2006-05-14,2006-05-14 23:00:00,4.911058993043816,0.09387612370369329
2326,2006-05-15,2006-05-15 23:00:00,5.034343298547491,0.13865838119663731
2327,2006-05-16,2006-05-16 23:00:00,5.062418774870715,0.1269170199665468
2328,2006-05-17,2006-05-17 23:00:00,5.0177896093418015,0.12034273267159952
2329,2006-05-18,2006-05-18 23:00:00,4.658319677395495,0.2644984552767179
2330,2006-05-19,2006-05-19 23:00:00,4.921139733710148,0.14910746363365987
2331,2006-05-20,2006-05-20 23:00:00,4.94924984375264,0.10564473579974454
2332,2006-05-21,2006-05-21 23:00:00,4.759647369818722,0.10277846706324165
2333,2006-05-22,2006-05-22 23:00:00,4.843181453329488,0.10185032575212576
2334,2006-05-23,2006-05-23 23:00:00,4.780351762846433,0.1465396350723436
2335,2006-05-24,2006-05-24 23:00:00,4.7358070921116955,0.2552486538667969
2336,2006-05-25,2006-05-25 23:00:00,4.785346085193947,0.1982813190131556
2337,2006-05-26,2006-05-26 23:00:00,4.835986852436789,0.18973003573522676
2338,2006-05-27,2006-05-27 23:00:00,4.823168493004005,0.15343953408325972
2339,2006-05-28,2006-05-28 23:00:00,4.796760906474926,0.11302691640870008
2340,2006-05-29,2006-05-29 23:00:00,4.807340531399739,0.14721477743812378
2341,2006-05-30,2006-05-30 23:00:00,5.02488767902519,0.23582712457092075
2342,2006-05-31,2006-05-31 23:00:00,4.892382247999323,0.23088318640025812
2343,2006-06-01,2006-06-01 23:00:00,4.895011434950729,0.20210876508997722
2344,2006-06-02,2006-06-02 23:00:00,4.827627383120313,0.2041176939993061
2345,2006-06-03,2006-06-03 23:00:00,4.813587474573545,0.16462890097289798
2346,2006-06-04,2006-06-04 23:00:00,4.81999119931556,0.10757880510755767
2347,2006-06-05,2006-06-05 23:00:00,4.858592812956883,0.2558590190944749
2348,2006-06-06,2006-06-06 23:00:00,4.880515194860027,0.3327716067624836
2349,2006-06-07,2006-06-07 23:00:00,4.791699880383139,0.2507080863701554
2350,2006-06-08,2006-06-08 23:00:00,4.7217694350762525,0.2925841973568843
2351,2006-06-09,2006-06-09 23:00:00,4.722751839854092,0.29986635183529553
2352,2006-06-10,2006-06-10 23:00:00,4.703510688519901,0.16787038013523198
2353,2006-06-11,2006-06-11 23:00:00,4.596191253304943,0.07318231738080856
2354,2006-06-12,2006-06-12 23:00:00,4.835427627107095,0.35343198583741825
2355,2006-06-13,2006-06-13 23:00:00,4.858546646884002,0.22052066471124254
2356,2006-06-14,2006-06-14 23:00:00,4.918946856323583,0.30077717510372876
2357,2006-06-15,2006-06-15 23:00:00,4.945675013916585,0.24455354182018674
2358,2006-06-16,2006-06-16 23:00:00,4.945834122951135,0.1265054826613118
2359,2006-06-17,2006-06-17 23:00:00,4.907290975865454,0.18507413909228893
2360,2006-06-18,2006-06-18 23:00:00,4.707384831070928,0.07918942701719259
2361,2006-06-19,2006-06-19 23:00:00,4.819678639809966,0.16551930244607682
2362,2006-06-20,2006-06-20 23:00:00,5.043232405735669,0.32046563568972325
2363,2006-06-21,2006-06-21 23:00:00,5.103827873352011,0.37945221944234575
2364,2006-06-22,2006-06-22 23:00:00,5.081266200838987,0.3114691913212958
2365,2006-06-23,2006-06-23 23:00:00,4.977335953081549,0.3511096114956719
2366,2006-06-24,2006-06-24 23:00:00,5.0606466735755875,0.3285392421350199
2367,2006-06-25,2006-06-25 23:00:00,4.769782063650273,0.2173831094220925
2368,2006-06-26,2006-06-26 23:00:00,4.810958533373566,0.3062673438710431
2369,2006-06-27,2006-06-27 23:00:00,5.06881981208731,0.32380825392192625
2370,2006-06-28,2006-06-28 23:00:00,5.1091328206629,0.34574132874701313
2371,2006-06-29,2006-06-29 23:00:00,5.110022002559732,0.2581426504675762
2372,2006-06-30,2006-06-30 23:00:00,5.156522127691436,0.31138784883716963
2373,2006-07-01,2006-07-01 23:00:00,5.033040388864623,0.36713637834455254
2374,2006-07-02,2006-07-02 23:00:00,4.551723183891005,0.3299995408755264
2375,2006-07-03,2006-07-03 23:00:00,4.741318861293675,0.4722360483044278
2376,2006-07-04,2006-07-04 23:00:00,5.015473785934678,0.47389542953121905
2377,2006-07-05,2006-07-05 23:00:00,5.074110788546527,0.47212107710818135
2378,2006-07-06,2006-07-06 23:00:00,5.01523581913613,0.39222350729332744
2379,2006-07-07,2006-07-07 23:00:00,4.969873014647214,0.37992143706510895
2380,2006-07-08,2006-07-08 23:00:00,5.135152589563273,0.31315224061303193
2381,2006-07-09,2006-07-09 23:00:00,4.906337471122548,0.3800821334501086
2382,2006-07-10,2006-07-10 23:00:00,5.045111612823587,0.4126909064855546
2383,2006-07-11,2006-07-11 23:00:00,5.066007528602395,0.4799590506400896
2384,2006-07-12,2006-07-12 23:00:00,5.154012659982323,0.522034380028269
2385,2006-07-13,2006-07-13 23:00:00,5.1911559991237874,0.5687189520496768
2386,2006-07-14,2006-07-14 23:00:00,4.9844013314485265,0.4373116068471354
2387,2006-07-15,2006-07-15 23:00:00,4.969496731974978,0.3987792620035993
2388,2006-07-16,2006-07-16 23:00:00,4.6497723544007075,0.2739308879643814
2389,2006-07-17,2006-07-17 23:00:00,4.995364487249724,0.389143259701927
2390,2006-07-18,2006-07-18 23:00:00,4.955127578782206,0.42851423157791496
2391,2006-07-19,2006-07-19 23:00:00,5.068184986406799,0.37735007687525235
2392,2006-07-20,2006-07-20 23:00:00,4.939557710563142,0.3069944589715882
2393,2006-07-21,2006-07-21 23:00:00,4.989717088549881,0.3329236847142708
2394,2006-07-22,2006-07-22 23:00:00,5.035399688157441,0.32176194955319837
2395,2006-07-23,2006-07-23 23:00:00,4.963181737800678,0.13594041725171616
2396,2006-07-24,2006-07-24 23:00:00,4.95170351569282,0.42796558080653163
2397,2006-07-25,2006-07-25 23:00:00,5.080291599759776,0.43947169440348666
2398,2006-07-26,2006-07-26 23:00:00,4.999266476400648,0.4577359246630871
2399,2006-07-27,2006-07-27 23:00:00,5.064059368304111,0.5010140808213995
2400,2006-07-28,2006-07-28 23:00:00,4.87462106865304,0.32877382296246616
2401,2006-07-29,2006-07-29 23:00:00,4.7537833063203045,0.4532670654497279
2402,2006-07-30,2006-07-30 23:00:00,4.575545753868996,0.3169576288797667
2403,2006-07-31,2006-07-31 23:00:00,5.0277122845488655,0.4864466865400542
2404,2006-08-01,2006-08-01 23:00:00,5.207875100430755,0.3833955201932865
2405,2006-08-02,2006-08-02 23:00:00,5.265421829627889,0.2688149915709438
2406,2006-08-03,2006-08-03 23:00:00,5.223611278578373,0.2689384922727643
2407,2006-08-04,2006-08-04 23:00:00,5.1949457198082785,0.18451496599764472
2408,2006-08-05,2006-08-05 23:00:00,5.188149782687765,0.19504498420960573
2409,2006-08-06,2006-08-06 23:00:00,4.662487157864981,0.24289380338268657
2410,2006-08-07,2006-08-07 23:00:00,4.77159446946067,0.2728228338168877
2411,2006-08-08,2006-08-08 23:00:00,4.902910286428653,0.4351792779797413
2412,2006-08-09,2006-08-09 23:00:00,5.294182198526806,0.13895495492168666
2413,2006-08-10,2006-08-10 23:00:00,5.128425811946545,0.27861831505775364
2414,2006-08-11,2006-08-11 23:00:00,5.202404452699237,0.2651001159683731
2415,2006-08-12,2006-08-12 23:00:00,5.133951616683602,0.20322333425306502
2416,2006-08-13,2006-08-13 23:00:00,5.161209458085888,0.06779840194232907
2417,2006-08-14,2006-08-14 23:00:00,5.20171225250838,0.08833163900737538
2418,2006-08-15,2006-08-15 23:00:00,5.215229075919286,0.08468752196638737
2419,2006-08-16,2006-08-16 23:00:00,5.1365819562335515,0.042732156331449146
2420,2006-08-17,2006-08-17 23:00:00,5.124170352983381,0.0890264475508671
2421,2006-08-18,2006-08-18 23:00:00,5.128336706663102,0.07872611321204014
2422,2006-08-19,2006-08-19 23:00:00,4.974345335323296,0.3099604262732267
2423,2006-08-20,2006-08-20 23:00:00,5.066762937408186,0.04842606306236476
2424,2006-08-21,2006-08-21 23:00:00,5.068142359224357,0.04756822195265702
2425,2006-08-22,2006-08-22 23:00:00,5.1875466921380875,0.16539691036604814
2426,2006-08-23,2006-08-23 23:00:00,4.9502127711400385,0.35124789740045553
2427,2006-08-24,2006-08-24 23:00:00,5.158641110581407,0.17316071420829648
2428,2006-08-25,2006-08-25 23:00:00,5.245306737276078,0.20187100182462928
2429,2006-08-26,2006-08-26 23:00:00,5.219139862331484,0.14852323341301785
2430,2006-08-27,2006-08-27 23:00:00,5.114952834087759,0.07434048588413607
2431,2006-08-28,2006-08-28 23:00:00,5.148892919381917,0.16412460527785
2432,2006-08-29,2006-08-29 23:00:00,5.243822516699775,0.21151678635967733
2433,2006-08-30,2006-08-30 23:00:00,5.263432917129227,0.22462104276197253
2434,2006-08-31,2006-08-31 23:00:00,5.3402054340366005,0.1991647665885204
2435,2006-09-01,2006-09-01 23:00:00,5.327165102909603,0.17503216530485452
2436,2006-09-02,2006-09-02 23:00:00,5.3433741979828815,0.15023567655253672
2437,2006-09-03,2006-09-03 23:00:00,5.325434644770564,0.042373300234304134
2438,2006-09-04,2006-09-04 23:00:00,5.550349626078476,0.18887823721082553
2439,2006-09-05,2006-09-05 23:00:00,5.522469847730968,0.09465843554214734
2440,2006-09-06,2006-09-06 23:00:00,5.54636644204314,0.14163866664552405
2441,2006-09-07,2006-09-07 23:00:00,5.448269095496354,0.1654343185370262
2442,2006-09-08,2006-09-08 23:00:00,5.547724009673257,0.08569290803614663
2443,2006-09-09,2006-09-09 23:00:00,5.618426722139095,0.03139962283741707
2444,2006-09-10,2006-09-10 23:00:00,5.557443385223563,0.11181343800310206
2445,2006-09-11,2006-09-11 23:00:00,5.56579813069538,0.12417333090243762
2446,2006-09-12,2006-09-12 23:00:00,5.599758530498575,0.09623013216024151
2447,2006-09-13,2006-09-13 23:00:00,5.456832167300976,0.06441074829739375
2448,2006-09-14,2006-09-14 23:00:00,5.43841752907655,0.1484509828344181
2449,2006-09-15,2006-09-15 23:00:00,5.514066898798464,0.06775062691193476
2450,2006-09-16,2006-09-16 23:00:00,5.529840360733452,0.0695624209215994
2451,2006-09-17,2006-09-17 23:00:00,5.538089074384029,0.04158708877573384
2452,2006-09-18,2006-09-18 23:00:00,5.682247933384619,0.09974848263825377
2453,2006-09-19,2006-09-19 23:00:00,5.585815092868056,0.3741338425684089
2454,2006-09-20,2006-09-20 23:00:00,5.517274647143889,0.20145078614290726
2455,2006-09-21,2006-09-21 23:00:00,5.580122404991037,0.08188678853647824
2456,2006-09-22,2006-09-22 23:00:00,5.5813780564181386,0.08865973525142838
2457,2006-09-23,2006-09-23 23:00:00,5.578475569838848,0.1202668837937961
2458,2006-09-24,2006-09-24 23:00:00,5.5339226494088365,0.09118647667163689
2459,2006-09-25,2006-09-25 23:00:00,5.710721941928571,0.248759431398834
2460,2006-09-26,2006-09-26 23:00:00,5.844692275356867,0.06551704288533637
2461,2006-09-27,2006-09-27 23:00:00,5.817542735790558,0.19848370979557098
2462,2006-09-28,2006-09-28 23:00:00,5.811342263279375,0.17337405771796283
2463,2006-09-29,2006-09-29 23:00:00,5.856108327843567,0.12261319210678273
2464,2006-09-30,2006-09-30 23:00:00,5.916206139369547,0.09075509887994902
2465,2006-10-01,2006-10-01 23:00:00,5.971540886519496,0.031148914769659374
2466,2006-10-02,2006-10-02 23:00:00,5.959597491174647,0.1354924513523058
2467,2006-10-03,2006-10-03 23:00:00,5.982030851883387,0.12473770534926139
2468,2006-10-04,2006-10-04 23:00:00,6.039677585577081,0.1112739199716618
2469,2006-10-05,2006-10-05 23:00:00,6.062515139755324,0.07033161114920741
2470,2006-10-06,2006-10-06 23:00:00,6.058381830122765,0.07155956886063736
2471,2006-10-07,2006-10-07 23:00:00,6.109541807307825,0.015234390044659062
2472,2006-10-08,2006-10-08 23:00:00,6.102048247815527,0.0053950542622707
2473,2006-10-09,2006-10-09 23:00:00,6.085104884483665,0.04038203985618538
2474,2006-10-10,2006-10-10 23:00:00,6.077194493100142,0.0404716703271178
2475,2006-10-11,2006-10-11 23:00:00,6.077344654425616,0.03389793107152222
2476,2006-10-12,2006-10-12 23:00:00,6.087753288609984,0.03936142275793582
2477,2006-10-13,2006-10-13 23:00:00,6.062073352910528,0.10528627906241927
2478,2006-10-14,2006-10-14 23:00:00,5.693236458632353,0.33697418336070295
2479,2006-10-15,2006-10-15 23:00:00,5.798848928635446,0.22534883021567112
2480,2006-10-16,2006-10-16 23:00:00,5.770833585974766,0.28576735461022973
2481,2006-10-17,2006-10-17 23:00:00,5.580114278844289,0.6115500949699536
2482,2006-10-18,2006-10-18 23:00:00,5.885876803857845,0.2597047046373941
2483,2006-10-19,2006-10-19 23:00:00,5.731436983984032,0.16656774262568547
2484,2006-10-20,2006-10-20 23:00:00,5.7233173930881795,0.1077904460254309
2485,2006-10-21,2006-10-21 23:00:00,5.632119786028954,0.07832248368436286
2486,2006-10-22,2006-10-22 23:00:00,5.433176193232936,0.12092647165963513
2487,2006-10-23,2006-10-23 23:00:00,5.5579930378745175,0.11698399009439424
2488,2006-10-24,2006-10-24 23:00:00,5.5635124795432125,0.1269940980403454
2489,2006-10-25,2006-10-25 23:00:00,5.569839748288612,0.12205630040629371
2490,2006-10-26,2006-10-26 23:00:00,5.580684466969426,0.10724213811263016
2491,2006-10-27,2006-10-27 23:00:00,5.645272824839677,0.05093335700790048
2492,2006-10-28,2006-10-28 23:00:00,5.528221239802778,0.08940197592335429
2493,2006-10-29,2006-10-29 23:00:00,5.483612698230606,0.10055021131279705
2494,2006-10-30,2006-10-30 23:00:00,5.46417674576361,0.15525166193712503
2495,2006-10-31,2006-10-31 23:00:00,5.346601590268307,0.17382575512495596
2496,2006-11-01,2006-11-01 23:00:00,5.4309801811197715,0.1470726348292721
2497,2006-11-02,2006-11-02 23:00:00,5.342772946174634,0.10112354309151958
2498,2006-11-03,2006-11-03 23:00:00,5.370318646291065,0.08544289551042249
2499,2006-11-04,2006-11-04 23:00:00,5.435311925003532,0.08017973849808066
2500,2006-11-05,2006-11-05 23:00:00,5.43679166863913,0.07523976405599402
2501,2006-11-06,2006-11-06 23:00:00,5.442116909831566,0.09470349421942736
2502,2006-11-07,2006-11-07 23:00:00,5.568017404888676,0.11591912743621532
2503,2006-11-08,2006-11-08 23:00:00,5.5611504901089726,0.09483109461654053
2504,2006-11-09,2006-11-09 23:00:00,5.5394489364103405,0.047353884344767304
2505,2006-11-10,2006-11-10 23:00:00,5.490447361232619,0.07584196052695388
2506,2006-11-11,2006-11-11 23:00:00,5.479804723553997,0.07378515755746692
2507,2006-11-12,2006-11-12 23:00:00,5.446567946736141,0.06106602420046122
2508,2006-11-13,2006-11-13 23:00:00,5.552202227971712,0.09618981271947145
2509,2006-11-14,2006-11-14 23:00:00,5.563370109626267,0.10298701674701899
2510,2006-11-15,2006-11-15 23:00:00,5.385867175207777,0.08476384673105372
2511,2006-11-16,2006-11-16 23:00:00,5.23850834580194,0.15423826960358664
2512,2006-11-17,2006-11-17 23:00:00,5.031589345433269,0.34309087358310014
2513,2006-11-18,2006-11-18 23:00:00,4.9414850978574805,0.45514156950342666
2514,2006-11-19,2006-11-19 23:00:00,4.859853405187389,0.4886571006623615
2515,2006-11-20,2006-11-20 23:00:00,5.009518771157151,0.4991028670594523
2516,2006-11-21,2006-11-21 23:00:00,5.0605230068089675,0.49325556897880707
2517,2006-11-22,2006-11-22 23:00:00,5.060520659207261,0.4398169525428992
2518,2006-11-23,2006-11-23 23:00:00,5.012420683094908,0.5558317917329688
2519,2006-11-24,2006-11-24 23:00:00,5.211179901991567,0.3816276401603092
2520,2006-11-25,2006-11-25 23:00:00,5.2342460157609265,0.18428819491123785
2521,2006-11-26,2006-11-26 23:00:00,5.1614464494398655,0.1757597352139992
2522,2006-11-27,2006-11-27 23:00:00,5.306619892113236,0.17388340232394867
2523,2006-11-28,2006-11-28 23:00:00,5.370210250141071,0.18836229062929608
2524,2006-11-29,2006-11-29 23:00:00,5.2787265861751855,0.1492423137362772
2525,2006-11-30,2006-11-30 23:00:00,5.3248202750896745,0.15651542523769787
2526,2006-12-01,2006-12-01 23:00:00,5.34607837203288,0.1306485730097275
2527,2006-12-02,2006-12-02 23:00:00,5.301774910317602,0.09375411930213104
2528,2006-12-03,2006-12-03 23:00:00,5.257087919665351,0.05021793682325053
2529,2006-12-04,2006-12-04 23:00:00,5.301839439056554,0.1400798270098056
2530,2006-12-05,2006-12-05 23:00:00,5.325234097757307,0.12649364141888145
2531,2006-12-06,2006-12-06 23:00:00,5.304173063338587,0.13223829400402046
2532,2006-12-07,2006-12-07 23:00:00,5.001476547907351,0.2993066747595884
2533,2006-12-08,2006-12-08 23:00:00,4.921312290755655,0.27443464811471746
2534,2006-12-09,2006-12-09 23:00:00,5.123666783132624,0.18630809448440344
2535,2006-12-10,2006-12-10 23:00:00,4.854974147706931,0.2918700772462423
2536,2006-12-11,2006-12-11 23:00:00,4.960344155628557,0.39023867967819115
2537,2006-12-12,2006-12-12 23:00:00,5.0781693583557015,0.27791709827073613
2538,2006-12-13,2006-12-13 23:00:00,5.123531614895533,0.1516347813359376
2539,2006-12-14,2006-12-14 23:00:00,5.057017758028863,0.19742429688911264
2540,2006-12-15,2006-12-15 23:00:00,4.991280158526895,0.2280251770368899
2541,2006-12-16,2006-12-16 23:00:00,5.05488005234243,0.058940043662024606
2542,2006-12-17,2006-12-17 23:00:00,5.009798642649231,0.0676528306107756
2543,2006-12-18,2006-12-18 23:00:00,5.156304756586347,0.17144258583187558
2544,2006-12-19,2006-12-19 23:00:00,5.1431697502101885,0.06706819127991448
2545,2006-12-20,2006-12-20 23:00:00,5.146803580099618,0.07847549790077996
2546,2006-12-21,2006-12-21 23:00:00,5.135068558919362,0.06140891308124326
2547,2006-12-22,2006-12-22 23:00:00,5.127935429028636,0.06128873795261909
2548,2006-12-23,2006-12-23 23:00:00,5.113239973548383,0.0028367550400741483
2549,2006-12-24,2006-12-24 23:00:00,5.103863600140719,0.025487815622033966
2550,2006-12-25,2006-12-25 23:00:00,4.982918621250106,0.2035239026856418
2551,2006-12-26,2006-12-26 23:00:00,5.087597760830149,0.09383322644314489
2552,2006-12-27,2006-12-27 23:00:00,5.07646067487432,0.1108930505528148
2553,2006-12-28,2006-12-28 23:00:00,5.029866565875268,0.08091753628448263
2554,2006-12-29,2006-12-29 23:00:00,5.042414363879202,0.09748321403354882
2555,2006-12-30,2006-12-30 23:00:00,5.0191546959172015,0.08050260586552867
2556,2006-12-31,2006-12-31 23:00:00,5.011184956277744,0.0696070458275946
2557,2007-01-01,2007-01-01 23:00:00,4.989766711430033,0.006950910319172891
2558,2007-01-02,2007-01-02 23:00:00,5.032120423591924,0.06384417289967283
2559,2007-01-03,2007-01-03 23:00:00,5.1119555351574775,0.09056364957853114
2560,2007-01-04,2007-01-04 23:00:00,5.1743201541005535,0.0746628563790507
2561,2007-01-05,2007-01-05 23:00:00,5.226069774417879,0.025960095541308185
2562,2007-01-06,2007-01-06 23:00:00,5.3035807701249045,0.03836168553309549
2563,2007-01-07,2007-01-07 23:00:00,5.383697627528903,0.013602926262193933
2564,2007-01-08,2007-01-08 23:00:00,5.397215974778045,0.003487410059145409
2565,2007-01-09,2007-01-09 23:00:00,5.400067984562253,0.027458487917513246
2566,2007-01-10,2007-01-10 23:00:00,5.438458388225423,0.047200820670310915
2567,2007-01-11,2007-01-11 23:00:00,5.495747789942005,0.05414074440130139
2568,2007-01-12,2007-01-12 23:00:00,5.516218636638841,0.023344569131528145
2569,2007-01-13,2007-01-13 23:00:00,5.523826694432345,0.019719593568238325
2570,2007-01-14,2007-01-14 23:00:00,5.515645165696765,0.0363065802238063
2571,2007-01-15,2007-01-15 23:00:00,5.456466612229296,0.20158717500433154
2572,2007-01-16,2007-01-16 23:00:00,5.492876754992931,0.11315292491992524
2573,2007-01-17,2007-01-17 23:00:00,5.4837788934097,0.10787554145101129
2574,2007-01-18,2007-01-18 23:00:00,5.458876929247881,0.09632488316082198
2575,2007-01-19,2007-01-19 23:00:00,5.459935330840896,0.10316452072360331
2576,2007-01-20,2007-01-20 23:00:00,5.4720139359484605,0.04084597747597486
2577,2007-01-21,2007-01-21 23:00:00,5.467226433202491,0.16515559831425317
2578,2007-01-22,2007-01-22 23:00:00,5.295475674154905,0.41905801105852175
2579,2007-01-23,2007-01-23 23:00:00,5.509432824708216,0.12035201947495694
2580,2007-01-24,2007-01-24 23:00:00,5.5042039838133805,0.10423468958525905
2581,2007-01-25,2007-01-25 23:00:00,5.483536630304474,0.12439772037969303
2582,2007-01-26,2007-01-26 23:00:00,5.64899090070314,0.11908348431111913
2583,2007-01-27,2007-01-27 23:00:00,5.561805880289286,0.10596141667763243
2584,2007-01-28,2007-01-28 23:00:00,5.545124595929674,0.09603968942269032
2585,2007-01-29,2007-01-29 23:00:00,5.576183900852719,0.04324970284735706
2586,2007-01-30,2007-01-30 23:00:00,5.5495853319283475,0.06848092866331877
2587,2007-01-31,2007-01-31 23:00:00,5.476701186543308,0.1548298458088506
2588,2007-02-01,2007-02-01 23:00:00,5.5535842434073786,0.051510577513666084
2589,2007-02-02,2007-02-02 23:00:00,5.589610148197302,0.049300907144407005
2590,2007-02-03,2007-02-03 23:00:00,5.564265580124129,0.013063330217120321
2591,2007-02-04,2007-02-04 23:00:00,5.573104245938928,0.019480477821355535
2592,2007-02-05,2007-02-05 23:00:00,5.603175033471608,0.0566152693564603
2593,2007-02-06,2007-02-06 23:00:00,5.579055557789029,0.042239524314110766
2594,2007-02-07,2007-02-07 23:00:00,5.605935011057956,0.036315347174778384
2595,2007-02-08,2007-02-08 23:00:00,5.654663442451635,0.01901202447095865
2596,2007-02-09,2007-02-09 23:00:00,5.622597356605321,0.01324037571844549
2597,2007-02-10,2007-02-10 23:00:00,5.631789582717114,0.02378598125233683
2598,2007-02-11,2007-02-11 23:00:00,5.624219537164791,0.017041402017667538
2599,2007-02-12,2007-02-12 23:00:00,5.601259798574646,0.06448921333701943
2600,2007-02-13,2007-02-13 23:00:00,5.617649495404611,0.016915912047107698
2601,2007-02-14,2007-02-14 23:00:00,5.626853249397299,0.06376656340322917
2602,2007-02-15,2007-02-15 23:00:00,5.547813461592647,0.3706757418324365
2603,2007-02-16,2007-02-16 23:00:00,5.647505172470935,0.051422198762044
2604,2007-02-17,2007-02-17 23:00:00,5.576973861335539,0.1028560196185576
2605,2007-02-18,2007-02-18 23:00:00,5.627383435553425,0.04229183578668172
2606,2007-02-19,2007-02-19 23:00:00,5.646283513801685,0.041070418100464204
2607,2007-02-20,2007-02-20 23:00:00,5.582599001538007,0.1859944282831749
2608,2007-02-21,2007-02-21 23:00:00,5.642506144251815,0.0980665458097301
2609,2007-02-22,2007-02-22 23:00:00,5.5964059744448305,0.1530351161426233
2610,2007-02-23,2007-02-23 23:00:00,5.6457123407178,0.04808646524179088
2611,2007-02-24,2007-02-24 23:00:00,5.659795524755768,0.03528194494605331
2612,2007-02-25,2007-02-25 23:00:00,5.612829243876079,0.02971039984910704
2613,2007-02-26,2007-02-26 23:00:00,5.625519078690895,0.027043797095905528
2614,2007-02-27,2007-02-27 23:00:00,5.615787512428791,0.03295247219298478
2615,2007-02-28,2007-02-28 23:00:00,5.605684945519262,0.019267559104780858
2616,2007-03-01,2007-03-01 23:00:00,5.58846079424809,0.018938087626567224
2617,2007-03-02,2007-03-02 23:00:00,5.512277542366642,0.172561779171368
2618,2007-03-03,2007-03-03 23:00:00,5.6209777843198125,0.08261090266431191
2619,2007-03-04,2007-03-04 23:00:00,5.585660696536896,0.0375235494933439
2620,2007-03-05,2007-03-05 23:00:00,5.503382970805703,0.175121970290099
2621,2007-03-06,2007-03-06 23:00:00,5.600276557154618,0.06126331261210504
2622,2007-03-07,2007-03-07 23:00:00,5.586598215260267,0.02954387147770262
2623,2007-03-08,2007-03-08 23:00:00,5.602408630901357,0.02704397381949171
2624,2007-03-09,2007-03-09 23:00:00,5.50620208881053,0.1480603200292536
2625,2007-03-10,2007-03-10 23:00:00,5.548883832796023,0.052024669929041055
2626,2007-03-11,2007-03-11 23:00:00,5.572530442117125,0.06459085206295313
2627,2007-03-12,2007-03-12 23:00:00,5.593840427750787,0.048872047236507433
2628,2007-03-13,2007-03-13 23:00:00,5.315307909995304,0.4760415868863971
2629,2007-03-14,2007-03-14 23:00:00,5.588735840008039,0.028037326955123534
2630,2007-03-15,2007-03-15 23:00:00,5.548877634958196,0.08935522346169145
2631,2007-03-16,2007-03-16 23:00:00,5.579501533019911,0.019488497481778434
2632,2007-03-17,2007-03-17 23:00:00,5.583740258996026,0.024578912601743788
2633,2007-03-18,2007-03-18 23:00:00,5.554106746419412,0.015314331985919197
2634,2007-03-19,2007-03-19 23:00:00,5.565175835016865,0.013082997023623807
2635,2007-03-20,2007-03-20 23:00:00,5.578238568641822,0.050609542257529457
2636,2007-03-21,2007-03-21 23:00:00,5.4872987678931056,0.15181205419720295
2637,2007-03-22,2007-03-22 23:00:00,5.591448536656228,0.05120207937869329
2638,2007-03-23,2007-03-23 23:00:00,5.53809341595161,0.03237005280229028
2639,2007-03-24,2007-03-24 23:00:00,5.570896572417709,0.034589846817336914
2640,2007-03-25,2007-03-25 23:00:00,5.5441251168002035,0.0089581593116452
2641,2007-03-26,2007-03-26 23:00:00,5.470801060250618,0.14994449883130867
2642,2007-03-27,2007-03-27 23:00:00,5.340158697570305,0.3178184707933534
2643,2007-03-28,2007-03-28 23:00:00,5.326357364903263,0.37797996044302634
2644,2007-03-29,2007-03-29 23:00:00,5.502783222310896,0.033427046031534936
2645,2007-03-30,2007-03-30 23:00:00,5.508502220355844,0.014829530065200585
2646,2007-03-31,2007-03-31 23:00:00,5.473957142864866,0.01757989257470464
2647,2007-04-01,2007-04-01 23:00:00,5.478356276604185,0.10278107314970364
2648,2007-04-02,2007-04-02 23:00:00,5.5079379957603765,0.027356539084889237
2649,2007-04-03,2007-04-03 23:00:00,5.514299408476792,0.03441723976957838
2650,2007-04-04,2007-04-04 23:00:00,5.502259984722282,0.019024724183010495
2651,2007-04-05,2007-04-05 23:00:00,5.463708351904752,0.01674102946800765
2652,2007-04-06,2007-04-06 23:00:00,5.392641871448038,0.04797449624765434
2653,2007-04-07,2007-04-07 23:00:00,5.41910094750583,0.15570737825970163
2654,2007-04-08,2007-04-08 23:00:00,5.386542135870987,0.0620130195380414
2655,2007-04-09,2007-04-09 23:00:00,5.410171344995052,0.10000084062867239
2656,2007-04-10,2007-04-10 23:00:00,5.450521088355395,0.020188661779672233
2657,2007-04-11,2007-04-11 23:00:00,5.451085652233836,0.01388584174982329
2658,2007-04-12,2007-04-12 23:00:00,5.4534355539208095,0.012485507697915394
2659,2007-04-13,2007-04-13 23:00:00,5.450628669964774,0.003141195514787812
2660,2007-04-14,2007-04-14 23:00:00,5.449737485692403,0.004061875077174292
2661,2007-04-15,2007-04-15 23:00:00,5.465350936848275,0.02655086450372123
2662,2007-04-16,2007-04-16 23:00:00,5.5248579668706865,0.0490885298560479
2663,2007-04-17,2007-04-17 23:00:00,5.4750670510756265,0.03498980806062576
2664,2007-04-18,2007-04-18 23:00:00,5.457355182728758,0.019375768041938874
2665,2007-04-19,2007-04-19 23:00:00,5.445232664254966,0.032595354698301826
2666,2007-04-20,2007-04-20 23:00:00,5.457686896650812,0.03720867178821019
2667,2007-04-21,2007-04-21 23:00:00,5.444230096244464,0.028696823241077724
2668,2007-04-22,2007-04-22 23:00:00,5.427038876168573,0.016903548874368752
2669,2007-04-23,2007-04-23 23:00:00,5.312100025590166,0.2817931074883025
2670,2007-04-24,2007-04-24 23:00:00,5.444918396981468,0.021990531432111014
2671,2007-04-25,2007-04-25 23:00:00,5.437305385550277,0.06863129452809398
2672,2007-04-26,2007-04-26 23:00:00,5.258737049771242,0.3485378606439196
2673,2007-04-27,2007-04-27 23:00:00,5.3819825195075,0.1255745146589141
2674,2007-04-28,2007-04-28 23:00:00,5.399727728631966,0.1328980540086394
2675,2007-04-29,2007-04-29 23:00:00,5.3714637702691554,0.1049420575492999
2676,2007-04-30,2007-04-30 23:00:00,5.399746858506256,0.08278843476716913
2677,2007-05-01,2007-05-01 23:00:00,5.355168804705642,0.021991423194162207
2678,2007-05-02,2007-05-02 23:00:00,5.3564470799549655,0.07502079648183456
2679,2007-05-03,2007-05-03 23:00:00,5.10332458433773,0.4437629423940341
2680,2007-05-04,2007-05-04 23:00:00,5.319394690462606,0.1182774628004248
2681,2007-05-05,2007-05-05 23:00:00,5.297412596258611,0.09907619058849407
2682,2007-05-06,2007-05-06 23:00:00,5.281077513644134,0.08744761282502263
2683,2007-05-07,2007-05-07 23:00:00,5.2692526762046485,0.08494344585248761
2684,2007-05-08,2007-05-08 23:00:00,5.28393770608655,0.06474219636063216
2685,2007-05-09,2007-05-09 23:00:00,5.3192879507789845,0.0572514938996179
2686,2007-05-10,2007-05-10 23:00:00,5.153988987924005,0.3064857513440294
2687,2007-05-11,2007-05-11 23:00:00,5.188834428197112,0.25243960075110783
2688,2007-05-12,2007-05-12 23:00:00,5.247222895045462,0.05893376317571814
2689,2007-05-13,2007-05-13 23:00:00,5.121135579376631,0.07085696524111369
2690,2007-05-14,2007-05-14 23:00:00,5.181519625847517,0.13933786552519048
2691,2007-05-15,2007-05-15 23:00:00,5.19532902969051,0.06964146977986181
2692,2007-05-16,2007-05-16 23:00:00,5.2393147059091305,0.1102420720843746
2693,2007-05-17,2007-05-17 23:00:00,5.327915030266436,0.10422990359190741
2694,2007-05-18,2007-05-18 23:00:00,5.298493552864975,0.041163328011270685
2695,2007-05-19,2007-05-19 23:00:00,5.289228178902397,0.04766270800535933
2696,2007-05-20,2007-05-20 23:00:00,5.218025625561367,0.03140621332934381
2697,2007-05-21,2007-05-21 23:00:00,5.218987077247647,0.016539769179012474
2698,2007-05-22,2007-05-22 23:00:00,5.233800443181068,0.12776076429339284
2699,2007-05-23,2007-05-23 23:00:00,4.9690380891870936,0.3419052540867816
2700,2007-05-24,2007-05-24 23:00:00,5.3004527303730296,0.1385545311490929
2701,2007-05-25,2007-05-25 23:00:00,5.273880955642195,0.13255704156268236
2702,2007-05-26,2007-05-26 23:00:00,5.197383164962752,0.27670417580872686
2703,2007-05-27,2007-05-27 23:00:00,5.090394596251087,0.16147588350825678
2704,2007-05-28,2007-05-28 23:00:00,5.170801823839841,0.21172284464155647
2705,2007-05-29,2007-05-29 23:00:00,4.969542285755222,0.33734950106298484
2706,2007-05-30,2007-05-30 23:00:00,5.027486315139327,0.302526982982915
2707,2007-05-31,2007-05-31 23:00:00,5.187934212584406,0.11158189647856673
2708,2007-06-01,2007-06-01 23:00:00,5.172527507590284,0.0348207022686953
2709,2007-06-02,2007-06-02 23:00:00,4.954145701093615,0.3504558966917495
2710,2007-06-03,2007-06-03 23:00:00,5.131734795110989,0.02060343956590654
2711,2007-06-04,2007-06-04 23:00:00,5.080214028418456,0.33633782431957343
2712,2007-06-05,2007-06-05 23:00:00,5.185291188332687,0.13725478320622228
2713,2007-06-06,2007-06-06 23:00:00,5.135073418554869,0.25802454080799153
2714,2007-06-07,2007-06-07 23:00:00,5.038413123848668,0.351855502274364
2715,2007-06-08,2007-06-08 23:00:00,5.138461600815281,0.05557345976359031
2716,2007-06-09,2007-06-09 23:00:00,5.090007292774608,0.04622868170243571
2717,2007-06-10,2007-06-10 23:00:00,5.031343924110203,0.06552443917108619
2718,2007-06-11,2007-06-11 23:00:00,5.104385218294759,0.11769479949871837
2719,2007-06-12,2007-06-12 23:00:00,5.076608591054398,0.12595766606180592
2720,2007-06-13,2007-06-13 23:00:00,5.12640058905619,0.1739991045660493
2721,2007-06-14,2007-06-14 23:00:00,5.244146671033257,0.158016529614386
2722,2007-06-15,2007-06-15 23:00:00,5.377402867906562,0.037823377128122934
2723,2007-06-16,2007-06-16 23:00:00,5.380986558440139,0.04940649980180566
2724,2007-06-17,2007-06-17 23:00:00,5.426461175434859,0.00302533066410405
2725,2007-06-18,2007-06-18 23:00:00,5.3396757130133965,0.07532355562259421
2726,2007-06-19,2007-06-19 23:00:00,5.220580640132758,0.36601134280487135
2727,2007-06-20,2007-06-20 23:00:00,5.084457841290761,0.38347610709040986
2728,2007-06-21,2007-06-21 23:00:00,5.35495312563715,0.10377570689243759
2729,2007-06-22,2007-06-22 23:00:00,5.400124100004613,0.07453031180043504
2730,2007-06-23,2007-06-23 23:00:00,5.443541528965994,0.02872889334876361
2731,2007-06-24,2007-06-24 23:00:00,5.401796552527091,0.029603968658917776
2732,2007-06-25,2007-06-25 23:00:00,5.4059984647566575,0.023251130568347714
2733,2007-06-26,2007-06-26 23:00:00,5.403389378593588,0.04110842524480456
2734,2007-06-27,2007-06-27 23:00:00,5.363342633518564,0.0834494383138733
2735,2007-06-28,2007-06-28 23:00:00,5.227403377532103,0.34672097559529824
2736,2007-06-29,2007-06-29 23:00:00,5.163765821728966,0.4293908515506331
2737,2007-06-30,2007-06-30 23:00:00,5.035985166787989,0.2934477800105577
2738,2007-07-01,2007-07-01 23:00:00,5.099588634662311,0.08074930501143072
2739,2007-07-02,2007-07-02 23:00:00,5.243956817976866,0.10181684638802548
2740,2007-07-03,2007-07-03 23:00:00,5.332177998433036,0.08228203676185898
2741,2007-07-04,2007-07-04 23:00:00,5.301179571896004,0.0643920336290052
2742,2007-07-05,2007-07-05 23:00:00,5.315581959265639,0.05074061142472076
2743,2007-07-06,2007-07-06 23:00:00,5.101921920417509,0.40805352211699614
2744,2007-07-07,2007-07-07 23:00:00,5.228201198258991,0.10555700857118577
2745,2007-07-08,2007-07-08 23:00:00,5.100622524883936,0.03956913456432475
2746,2007-07-09,2007-07-09 23:00:00,5.106496592814705,0.08603897350122197
2747,2007-07-10,2007-07-10 23:00:00,5.1018846932522495,0.08621924887167746
2748,2007-07-11,2007-07-11 23:00:00,5.166440439842177,0.131021867926756
2749,2007-07-12,2007-07-12 23:00:00,5.086256108370682,0.0686195252793221
2750,2007-07-13,2007-07-13 23:00:00,5.1610274337723006,0.05655611556380821
2751,2007-07-14,2007-07-14 23:00:00,5.219350829141059,0.028525869044018583
2752,2007-07-15,2007-07-15 23:00:00,5.240218734260568,0.01360706752372349
2753,2007-07-16,2007-07-16 23:00:00,5.267826580888719,0.04603658391253041
2754,2007-07-17,2007-07-17 23:00:00,5.323882519336315,0.10805930270578437
2755,2007-07-18,2007-07-18 23:00:00,5.3522855981589545,0.10530917814056455
2756,2007-07-19,2007-07-19 23:00:00,5.3156464122605795,0.03480315008501948
2757,2007-07-20,2007-07-20 23:00:00,5.335749370676591,0.025068700614109277
2758,2007-07-21,2007-07-21 23:00:00,5.379707079294341,0.01410080666070104
2759,2007-07-22,2007-07-22 23:00:00,5.400365357726462,0.012145459394960497
2760,2007-07-23,2007-07-23 23:00:00,5.419671266984392,0.02198057576479993
2761,2007-07-24,2007-07-24 23:00:00,5.426811381492236,0.018480730792303404
2762,2007-07-25,2007-07-25 23:00:00,5.419535663112771,0.005405662074294342
2763,2007-07-26,2007-07-26 23:00:00,5.415460442856946,0.003307847979046639
2764,2007-07-27,2007-07-27 23:00:00,5.4174908172529355,0.022976220652929227
2765,2007-07-28,2007-07-28 23:00:00,5.438490734792553,0.008669314029301035
2766,2007-07-29,2007-07-29 23:00:00,5.434044503392328,0.0006089576514037013
2767,2007-07-30,2007-07-30 23:00:00,5.400197062514518,0.05161621550141641
2768,2007-07-31,2007-07-31 23:00:00,5.405568714081177,0.06897667943035364
2769,2007-08-01,2007-08-01 23:00:00,5.48304586334752,0.06950152721959844
2770,2007-08-02,2007-08-02 23:00:00,5.502105530848816,0.06355929467854102
2771,2007-08-03,2007-08-03 23:00:00,5.55112148625273,0.026254125911462225
2772,2007-08-04,2007-08-04 23:00:00,5.6054937115998245,0.028242556624538635
2773,2007-08-05,2007-08-05 23:00:00,5.60803082074094,0.03252780602169031
2774,2007-08-06,2007-08-06 23:00:00,5.59348301039671,0.11090090232513572
2775,2007-08-07,2007-08-07 23:00:00,5.6359240514033955,0.036613493627885456
2776,2007-08-08,2007-08-08 23:00:00,5.562712742485942,0.17789168614001508
2777,2007-08-09,2007-08-09 23:00:00,5.484538853794651,0.1383369678096076
2778,2007-08-10,2007-08-10 23:00:00,5.477928412877397,0.12585647212904866
2779,2007-08-11,2007-08-11 23:00:00,5.51932437369906,0.1190173335557368
2780,2007-08-12,2007-08-12 23:00:00,5.399239583597212,0.10301716728080149
2781,2007-08-13,2007-08-13 23:00:00,5.4107219287712915,0.2823663506758482
2782,2007-08-14,2007-08-14 23:00:00,5.245779155175765,0.3933900945529106
2783,2007-08-15,2007-08-15 23:00:00,5.307624374517758,0.22704637490435303
2784,2007-08-16,2007-08-16 23:00:00,5.273193026362075,0.222400378002957
2785,2007-08-17,2007-08-17 23:00:00,5.127236560151084,0.09592181173227908
2786,2007-08-18,2007-08-18 23:00:00,5.253758838746763,0.08335546590809974
2787,2007-08-19,2007-08-19 23:00:00,5.234250922299355,0.031619916749118515
2788,2007-08-20,2007-08-20 23:00:00,5.10423696300672,0.13532936287313646
2789,2007-08-21,2007-08-21 23:00:00,5.127819152563214,0.3420328792312441
2790,2007-08-22,2007-08-22 23:00:00,5.243614983843819,0.22771643247672824
2791,2007-08-23,2007-08-23 23:00:00,5.265690764639891,0.19147622906848147
2792,2007-08-24,2007-08-24 23:00:00,5.212043466608547,0.052342835065703766
2793,2007-08-25,2007-08-25 23:00:00,5.209020513310222,0.08221111250656736
2794,2007-08-26,2007-08-26 23:00:00,5.109225529703413,0.0857401063000231
2795,2007-08-27,2007-08-27 23:00:00,5.181675730810018,0.13569167339306146
2796,2007-08-28,2007-08-28 23:00:00,5.198511757892966,0.19075302866958233
2797,2007-08-29,2007-08-29 23:00:00,5.206516345249818,0.12785323214703995
2798,2007-08-30,2007-08-30 23:00:00,5.06162928844097,0.25420583388828877
2799,2007-08-31,2007-08-31 23:00:00,5.127580391113924,0.08516508071780282
2800,2007-09-01,2007-09-01 23:00:00,5.125488691871354,0.11326957207572648
2801,2007-09-02,2007-09-02 23:00:00,5.022603623427258,0.12264682689507701
2802,2007-09-03,2007-09-03 23:00:00,5.2297031830311065,0.193124968706361
2803,2007-09-04,2007-09-04 23:00:00,5.118886910810232,0.25282251142443984
2804,2007-09-05,2007-09-05 23:00:00,5.204902868985088,0.19905770675243986
2805,2007-09-06,2007-09-06 23:00:00,5.263132807039923,0.1615082253886194
2806,2007-09-07,2007-09-07 23:00:00,5.404372676342263,0.22551812614780595
2807,2007-09-08,2007-09-08 23:00:00,5.314497240311124,0.1312478978593813
2808,2007-09-09,2007-09-09 23:00:00,5.2700609376438905,0.07041371289004672
2809,2007-09-10,2007-09-10 23:00:00,5.251075037379665,0.04674109537437026
2810,2007-09-11,2007-09-11 23:00:00,5.187041936161279,0.04336914305489833
2811,2007-09-12,2007-09-12 23:00:00,5.287304960635188,0.1662118334847481
2812,2007-09-13,2007-09-13 23:00:00,5.243655611704482,0.11219834186370557
2813,2007-09-14,2007-09-14 23:00:00,5.20468217180545,0.10156444086546497
2814,2007-09-15,2007-09-15 23:00:00,4.9624551078914765,0.3357681652302925
2815,2007-09-16,2007-09-16 23:00:00,5.169524850074098,0.012378061344122858
2816,2007-09-17,2007-09-17 23:00:00,5.034376713005834,0.30704595799864104
2817,2007-09-18,2007-09-18 23:00:00,5.209010661092943,0.142476947572064
2818,2007-09-19,2007-09-19 23:00:00,5.241275282890454,0.14712221645881113
2819,2007-09-20,2007-09-20 23:00:00,5.297705470051597,0.15110462422778564
2820,2007-09-21,2007-09-21 23:00:00,5.075125443796258,0.3268864248924685
2821,2007-09-22,2007-09-22 23:00:00,5.1514165386442885,0.07750628470743821
2822,2007-09-23,2007-09-23 23:00:00,5.175108750415883,0.10585245710911802
2823,2007-09-24,2007-09-24 23:00:00,5.153821174881778,0.1359118658649309
2824,2007-09-25,2007-09-25 23:00:00,5.116866642124956,0.472735355120648
2825,2007-09-26,2007-09-26 23:00:00,5.280493938794643,0.18626838292497783
2826,2007-09-27,2007-09-27 23:00:00,5.304391181378608,0.16211878605639074
2827,2007-09-28,2007-09-28 23:00:00,5.222048694863232,0.1712696852592956
2828,2007-09-29,2007-09-29 23:00:00,5.2691167934552725,0.12695979287583853
2829,2007-09-30,2007-09-30 23:00:00,5.155554757116427,0.11059967044617819
2830,2007-10-01,2007-10-01 23:00:00,5.300797683513234,0.18866335629573078
2831,2007-10-02,2007-10-02 23:00:00,5.39541181740432,0.19020817358569736
2832,2007-10-03,2007-10-03 23:00:00,5.415009120996303,0.14604226681589252
2833,2007-10-04,2007-10-04 23:00:00,5.474625537583473,0.12000268757529053
2834,2007-10-05,2007-10-05 23:00:00,5.574933542533512,0.06058872549551644
2835,2007-10-06,2007-10-06 23:00:00,5.60456367529751,0.04754954284423161
2836,2007-10-07,2007-10-07 23:00:00,5.34705234035016,0.37485268081130535
2837,2007-10-08,2007-10-08 23:00:00,5.612469894607659,0.04889964166571236
2838,2007-10-09,2007-10-09 23:00:00,5.519723066093397,0.16419495666761208
2839,2007-10-10,2007-10-10 23:00:00,5.4839763911962365,0.12926258796257628
2840,2007-10-11,2007-10-11 23:00:00,5.386549020412701,0.18139806749544143
2841,2007-10-12,2007-10-12 23:00:00,5.3930043576944895,0.11987919620418021
2842,2007-10-13,2007-10-13 23:00:00,5.397095919202776,0.059048952783061874
2843,2007-10-14,2007-10-14 23:00:00,5.34471788346283,0.07678626284348898
2844,2007-10-15,2007-10-15 23:00:00,5.343199415350061,0.12459305979451667
2845,2007-10-16,2007-10-16 23:00:00,5.337769646867854,0.1530356027238677
2846,2007-10-17,2007-10-17 23:00:00,5.139809495080882,0.4127481604732819
2847,2007-10-18,2007-10-18 23:00:00,5.309932848072102,0.08297002412276179
2848,2007-10-19,2007-10-19 23:00:00,5.249011212137938,0.2151565182496639
2849,2007-10-20,2007-10-20 23:00:00,5.233204311339057,0.05173554778119053
2850,2007-10-21,2007-10-21 23:00:00,5.219036108516111,0.07857763223045736
2851,2007-10-22,2007-10-22 23:00:00,5.185056538871691,0.03093384249590849
2852,2007-10-23,2007-10-23 23:00:00,5.113826225058069,0.12167140140899517
2853,2007-10-24,2007-10-24 23:00:00,5.105052356089705,0.09962334690983857
2854,2007-10-25,2007-10-25 23:00:00,5.108521031030571,0.13018700931318097
2855,2007-10-26,2007-10-26 23:00:00,5.140096290776324,0.0970918190182714
2856,2007-10-27,2007-10-27 23:00:00,5.1067625085437385,0.02939189823243442
2857,2007-10-28,2007-10-28 23:00:00,5.025305747202161,0.05508031440152174
2858,2007-10-29,2007-10-29 23:00:00,5.011718869670724,0.05026744006329007
2859,2007-10-30,2007-10-30 23:00:00,4.8148085808996655,0.26488553490930794
2860,2007-10-31,2007-10-31 23:00:00,4.715598114451875,0.15332609989969667
2861,2007-11-01,2007-11-01 23:00:00,4.873353953417542,0.1809247762722288
2862,2007-11-02,2007-11-02 23:00:00,4.83604938084164,0.2190249765631656
2863,2007-11-03,2007-11-03 23:00:00,4.763473492429857,0.19970384444607076
2864,2007-11-04,2007-11-04 23:00:00,4.817069980154319,0.13362642100660557
2865,2007-11-05,2007-11-05 23:00:00,4.795515099589438,0.23520300580656944
2866,2007-11-06,2007-11-06 23:00:00,5.0163909909102715,0.407844230502992
2867,2007-11-07,2007-11-07 23:00:00,5.0529271681101715,0.2772238760753927
2868,2007-11-08,2007-11-08 23:00:00,5.015145162179874,0.35434952892910154
2869,2007-11-09,2007-11-09 23:00:00,5.0710125798845915,0.3080050644009901
2870,2007-11-10,2007-11-10 23:00:00,4.7849080561657376,0.2015877841426243
2871,2007-11-11,2007-11-11 23:00:00,4.637058375920397,0.05479756771481872
2872,2007-11-12,2007-11-12 23:00:00,4.652345458477584,0.25353646258888274
2873,2007-11-13,2007-11-13 23:00:00,4.9638363461381445,0.34827532685821516
2874,2007-11-14,2007-11-14 23:00:00,4.962962372683433,0.2622387075130819
2875,2007-11-15,2007-11-15 23:00:00,4.995518632474657,0.21959810343317865
2876,2007-11-16,2007-11-16 23:00:00,5.081326767708813,0.250638336037606
2877,2007-11-17,2007-11-17 23:00:00,5.07056071570369,0.1423469385495261
2878,2007-11-18,2007-11-18 23:00:00,4.955056831603366,0.11896177207977006
2879,2007-11-19,2007-11-19 23:00:00,5.00755530918426,0.2882878985082109
2880,2007-11-20,2007-11-20 23:00:00,4.989693823089296,0.31963857682000435
2881,2007-11-21,2007-11-21 23:00:00,5.110925001400713,0.21465617983569754
2882,2007-11-22,2007-11-22 23:00:00,5.033416848175013,0.11384772184239528
2883,2007-11-23,2007-11-23 23:00:00,5.04754467705668,0.0890907206077802
2884,2007-11-24,2007-11-24 23:00:00,5.038880901176637,0.07726512924106377
2885,2007-11-25,2007-11-25 23:00:00,4.963461741236717,0.11998068864617127
2886,2007-11-26,2007-11-26 23:00:00,5.119296613085504,0.41124915313014665
2887,2007-11-27,2007-11-27 23:00:00,5.331753827532293,0.18441224173782925
2888,2007-11-28,2007-11-28 23:00:00,5.390727256800086,0.1684283073544386
2889,2007-11-29,2007-11-29 23:00:00,5.361345752442339,0.09077853683502002
2890,2007-11-30,2007-11-30 23:00:00,5.316405246545251,0.06270673356058977
2891,2007-12-01,2007-12-01 23:00:00,5.265331915965259,0.00762668947721287
2892,2007-12-02,2007-12-02 23:00:00,5.2001073515254665,0.05113009323136012
2893,2007-12-03,2007-12-03 23:00:00,5.2847137950517675,0.12117880928924758
2894,2007-12-04,2007-12-04 23:00:00,5.287825811053256,0.06693925017189388
2895,2007-12-05,2007-12-05 23:00:00,5.330039401770609,0.1134391856995109
2896,2007-12-06,2007-12-06 23:00:00,5.392320529207868,0.07787898926208192
2897,2007-12-07,2007-12-07 23:00:00,5.359901073161528,0.053357229533449665
2898,2007-12-08,2007-12-08 23:00:00,5.3634239130152634,0.03570281003023545
2899,2007-12-09,2007-12-09 23:00:00,5.377367170219457,0.04595191895158205
2900,2007-12-10,2007-12-10 23:00:00,5.434078137664148,0.08229036880762733
2901,2007-12-11,2007-12-11 23:00:00,5.452430088435675,0.05697519981904817
2902,2007-12-12,2007-12-12 23:00:00,5.43797145915665,0.05046435225966683
2903,2007-12-13,2007-12-13 23:00:00,5.427071086241625,0.06299411502335991
2904,2007-12-14,2007-12-14 23:00:00,5.4329116434695095,0.03736900005476401
2905,2007-12-15,2007-12-15 23:00:00,5.4319410067860625,0.012037948276974226
2906,2007-12-16,2007-12-16 23:00:00,5.463729936452968,0.022606917012187925
2907,2007-12-17,2007-12-17 23:00:00,5.488803088720014,0.07759481836948905
2908,2007-12-18,2007-12-18 23:00:00,5.523043949130153,0.09589896742615298
2909,2007-12-19,2007-12-19 23:00:00,5.497512330779892,0.04251080033441507
2910,2007-12-20,2007-12-20 23:00:00,5.314753971005534,0.18260032141842017
2911,2007-12-21,2007-12-21 23:00:00,5.356682277443639,0.11104432146948864
2912,2007-12-22,2007-12-22 23:00:00,5.4056758575208335,0.007581550945629771
2913,2007-12-23,2007-12-23 23:00:00,5.315102725317672,0.29107526433721065
2914,2007-12-24,2007-12-24 23:00:00,5.387864394480727,0.06960180524837811
2915,2007-12-25,2007-12-25 23:00:00,5.234511711591196,0.330461738399226
2916,2007-12-26,2007-12-26 23:00:00,5.1995107821304245,0.32235965490858315
2917,2007-12-27,2007-12-27 23:00:00,5.107551130225614,0.22623186460273229
2918,2007-12-28,2007-12-28 23:00:00,5.197549540335,0.05465865705282313
2919,2007-12-29,2007-12-29 23:00:00,5.184134660288315,0.08697888826280208
2920,2007-12-30,2007-12-30 23:00:00,5.1333885685273195,0.010493481917252759
2921,2007-12-31,2007-12-31 23:00:00,5.118726674078424,0.020561160078279368
2922,2008-01-01,2008-01-01 23:00:00,5.114875426791095,0.04218139145252016
2923,2008-01-02,2008-01-02 23:00:00,5.208820097072937,0.05521380308756879
2924,2008-01-03,2008-01-03 23:00:00,5.254506657913825,0.047258451330576254
2925,2008-01-04,2008-01-04 23:00:00,5.386318931913041,0.01706580933305533
2926,2008-01-05,2008-01-05 23:00:00,5.428727515152019,0.02371196878418295
2927,2008-01-06,2008-01-06 23:00:00,5.4645640392312105,0.004236813279139426
2928,2008-01-07,2008-01-07 23:00:00,5.469603207408358,0.005749159177694434
2929,2008-01-08,2008-01-08 23:00:00,5.479673774403871,0.017879510854229022
2930,2008-01-09,2008-01-09 23:00:00,5.492980030596552,0.02005430474054192
2931,2008-01-10,2008-01-10 23:00:00,5.5041924580883865,0.025117639241132778
2932,2008-01-11,2008-01-11 23:00:00,5.361348106584731,0.31814527329519543
2933,2008-01-12,2008-01-12 23:00:00,5.460307820246929,0.030438518040125165
2934,2008-01-13,2008-01-13 23:00:00,5.4669281075867815,0.03217089804196242
2935,2008-01-14,2008-01-14 23:00:00,5.455493244792373,0.04966199716669285
2936,2008-01-15,2008-01-15 23:00:00,5.368273630437524,0.11550137318844515
2937,2008-01-16,2008-01-16 23:00:00,5.484465612105619,0.049415300566498885
2938,2008-01-17,2008-01-17 23:00:00,5.494812263569291,0.05162776617196232
2939,2008-01-18,2008-01-18 23:00:00,5.480787067026384,0.04209374219014552
2940,2008-01-19,2008-01-19 23:00:00,5.477770178733265,0.0165470711535371
2941,2008-01-20,2008-01-20 23:00:00,5.502401494731821,0.02688593192603401
2942,2008-01-21,2008-01-21 23:00:00,5.543724242354917,0.05311982183789195
2943,2008-01-22,2008-01-22 23:00:00,5.537878099029812,0.08327959773416867
2944,2008-01-23,2008-01-23 23:00:00,5.483036239403918,0.11035095492269319
2945,2008-01-24,2008-01-24 23:00:00,5.5458989867434605,0.02840060130283431
2946,2008-01-25,2008-01-25 23:00:00,5.534932335330827,0.05223643178102901
2947,2008-01-26,2008-01-26 23:00:00,5.532168243902628,0.008722426699854504
2948,2008-01-27,2008-01-27 23:00:00,5.4743612763494385,0.06387838319195313
2949,2008-01-28,2008-01-28 23:00:00,5.522138257319625,0.027289831183813583
2950,2008-01-29,2008-01-29 23:00:00,5.297332083986086,0.43400299239114765
2951,2008-01-30,2008-01-30 23:00:00,5.485156585580447,0.05569080285165187
2952,2008-01-31,2008-01-31 23:00:00,5.416197577080237,0.04810126726109247
2953,2008-02-01,2008-02-01 23:00:00,5.44168283872443,0.0681614647656545
2954,2008-02-02,2008-02-02 23:00:00,5.343660604576303,0.22898689110786838
2955,2008-02-03,2008-02-03 23:00:00,5.3553064842144265,0.018579354602997422
2956,2008-02-04,2008-02-04 23:00:00,5.396476287850856,0.025037408633528928
2957,2008-02-05,2008-02-05 23:00:00,5.475636702400181,0.10436671338737154
2958,2008-02-06,2008-02-06 23:00:00,5.5112435596037,0.10265190364199295
2959,2008-02-07,2008-02-07 23:00:00,5.562122539239307,0.04867798109256346
2960,2008-02-08,2008-02-08 23:00:00,5.629029841003884,0.03482925294415559
2961,2008-02-09,2008-02-09 23:00:00,5.650977094923669,0.028882816317642234
2962,2008-02-10,2008-02-10 23:00:00,5.667940673214638,0.008144107072423905
2963,2008-02-11,2008-02-11 23:00:00,5.701757516853589,0.0622349045045841
2964,2008-02-12,2008-02-12 23:00:00,5.6951196773292025,0.04610621089458518
2965,2008-02-13,2008-02-13 23:00:00,5.635200806271057,0.031970362240783694
2966,2008-02-14,2008-02-14 23:00:00,5.615827236690497,0.02884308905375668
2967,2008-02-15,2008-02-15 23:00:00,5.612041841077189,0.030496093640541146
2968,2008-02-16,2008-02-16 23:00:00,5.581646588293258,0.01619486238264138
2969,2008-02-17,2008-02-17 23:00:00,5.555208081765831,0.00966557448692405
2970,2008-02-18,2008-02-18 23:00:00,5.500679633549026,0.06992590338388964
2971,2008-02-19,2008-02-19 23:00:00,5.405079681585491,0.18770465755359356
2972,2008-02-20,2008-02-20 23:00:00,5.146391914775838,0.48807444553820206
2973,2008-02-21,2008-02-21 23:00:00,5.388273375485453,0.041135610732422216
2974,2008-02-22,2008-02-22 23:00:00,5.171781126905143,0.38622378318095185
2975,2008-02-23,2008-02-23 23:00:00,5.38611097584572,0.05964753178279145
2976,2008-02-24,2008-02-24 23:00:00,5.3105089406287105,0.02372142618932227
2977,2008-02-25,2008-02-25 23:00:00,5.382409177601925,0.08536403203051264
2978,2008-02-26,2008-02-26 23:00:00,5.443940436136408,0.15328521589535524
2979,2008-02-27,2008-02-27 23:00:00,5.381815475160802,0.04585538846167458
2980,2008-02-28,2008-02-28 23:00:00,5.4023577882710505,0.02586614931437565
2981,2008-02-29,2008-02-29 23:00:00,5.411912954763313,0.02882490965430566
2982,2008-03-01,2008-03-01 23:00:00,5.467591302638411,0.05725002960482655
2983,2008-03-02,2008-03-02 23:00:00,5.391758739866596,0.04581099936578054
2984,2008-03-03,2008-03-03 23:00:00,5.395394696898637,0.04213302182459775
2985,2008-03-04,2008-03-04 23:00:00,5.50285046884396,0.06310506935524643
2986,2008-03-05,2008-03-05 23:00:00,5.432032080521928,0.07314244033170773
2987,2008-03-06,2008-03-06 23:00:00,5.414129087523804,0.053073880197143465
2988,2008-03-07,2008-03-07 23:00:00,5.402212619172654,0.054958218611060865
2989,2008-03-08,2008-03-08 23:00:00,5.445634976351317,0.08088745833667459
2990,2008-03-09,2008-03-09 23:00:00,5.146507571476066,0.41960910637794946
2991,2008-03-10,2008-03-10 23:00:00,5.394750688974709,0.10125930733481756
2992,2008-03-11,2008-03-11 23:00:00,5.392775766975787,0.12740948556212855
2993,2008-03-12,2008-03-12 23:00:00,5.160809419270371,0.41524300796040703
2994,2008-03-13,2008-03-13 23:00:00,5.131910014796078,0.4238811733924765
2995,2008-03-14,2008-03-14 23:00:00,5.305330787839046,0.20359156194631683
2996,2008-03-15,2008-03-15 23:00:00,5.238864703994548,0.3216036756559175
2997,2008-03-16,2008-03-16 23:00:00,4.9837551471676,0.4533795698597948
2998,2008-03-17,2008-03-17 23:00:00,5.4189709064463285,0.08312593570036764
2999,2008-03-18,2008-03-18 23:00:00,5.31818128368474,0.07671893071015264
3000,2008-03-19,2008-03-19 23:00:00,5.326358123613201,0.02824116839491584
3001,2008-03-20,2008-03-20 23:00:00,5.306604374690529,0.03998469659365678
3002,2008-03-21,2008-03-21 23:00:00,5.260090908568748,0.08660238188824772
3003,2008-03-22,2008-03-22 23:00:00,5.375517719135598,0.05489581914754506
3004,2008-03-23,2008-03-23 23:00:00,4.887976355500716,0.41635449171788935
3005,2008-03-24,2008-03-24 23:00:00,5.416897270799127,0.07135405157131121
3006,2008-03-25,2008-03-25 23:00:00,5.450763782003375,0.13840270605905622
3007,2008-03-26,2008-03-26 23:00:00,5.452840346693086,0.13654553050712553
3008,2008-03-27,2008-03-27 23:00:00,5.457019796329573,0.10901994725764763
3009,2008-03-28,2008-03-28 23:00:00,5.508787091529211,0.09643433629939378
3010,2008-03-29,2008-03-29 23:00:00,5.436595448048787,0.003477199320593387
3011,2008-03-30,2008-03-30 23:00:00,5.412223620376149,0.047592125616297075
3012,2008-03-31,2008-03-31 23:00:00,5.387046013262591,0.07494137539544667
3013,2008-04-01,2008-04-01 23:00:00,5.39303495234756,0.09744409200956258
3014,2008-04-02,2008-04-02 23:00:00,5.384902367959558,0.08927942866769296
3015,2008-04-03,2008-04-03 23:00:00,5.344829454836763,0.12261758462607014
3016,2008-04-04,2008-04-04 23:00:00,5.344174562385699,0.11110774908078579
3017,2008-04-05,2008-04-05 23:00:00,5.4240995522024305,0.011583226177354276
3018,2008-04-06,2008-04-06 23:00:00,5.402624825282888,0.04418329215312618
3019,2008-04-07,2008-04-07 23:00:00,5.421748252297006,0.040802385592746356
3020,2008-04-08,2008-04-08 23:00:00,5.43087760260277,0.0897921108533208
3021,2008-04-09,2008-04-09 23:00:00,5.424912211090342,0.05516554446055349
3022,2008-04-10,2008-04-10 23:00:00,5.403770646704282,0.10237836237449802
3023,2008-04-11,2008-04-11 23:00:00,5.432486389260423,0.058806047321091445
3024,2008-04-12,2008-04-12 23:00:00,5.466651417652943,0.03918496122088126
3025,2008-04-13,2008-04-13 23:00:00,5.258192360874738,0.33980268868693203
3026,2008-04-14,2008-04-14 23:00:00,5.46632449908896,0.24447319186760735
3027,2008-04-15,2008-04-15 23:00:00,5.423153860864512,0.18770925602893673
3028,2008-04-16,2008-04-16 23:00:00,5.4427239228054205,0.27160929556964514
3029,2008-04-17,2008-04-17 23:00:00,5.55469038269667,0.24578564144178056
3030,2008-04-18,2008-04-18 23:00:00,5.599611976224028,0.22868056237231255
3031,2008-04-19,2008-04-19 23:00:00,5.601639152296401,0.24629265070979992
3032,2008-04-20,2008-04-20 23:00:00,5.24694063536836,0.15822866202162053
3033,2008-04-21,2008-04-21 23:00:00,5.57289337572088,0.28622508829965493
3034,2008-04-22,2008-04-22 23:00:00,5.613245541605949,0.28921301645758074
3035,2008-04-23,2008-04-23 23:00:00,5.672895816791988,0.1833096458222393
3036,2008-04-24,2008-04-24 23:00:00,5.574740821919762,0.20816576257389816
3037,2008-04-25,2008-04-25 23:00:00,5.668100687377048,0.15126622133411352
3038,2008-04-26,2008-04-26 23:00:00,5.738630593053105,0.17400630563298033
3039,2008-04-27,2008-04-27 23:00:00,5.790039864664355,0.1386265079905288
3040,2008-04-28,2008-04-28 23:00:00,5.17551197138867,0.4937608763751245
3041,2008-04-29,2008-04-29 23:00:00,5.255841405228016,0.39274763840118915
3042,2008-04-30,2008-04-30 23:00:00,5.555404258170612,0.1776335871782524
3043,2008-05-01,2008-05-01 23:00:00,5.405360327698503,0.18112628127809932
3044,2008-05-02,2008-05-02 23:00:00,5.5605766339574885,0.18423207071073408
3045,2008-05-03,2008-05-03 23:00:00,5.595451347144564,0.1758717856981126
3046,2008-05-04,2008-05-04 23:00:00,5.415650269377551,0.17835014773005473
3047,2008-05-05,2008-05-05 23:00:00,5.3612789397611,0.15512621204571414
3048,2008-05-06,2008-05-06 23:00:00,5.569701036437581,0.30968524211326026
3049,2008-05-07,2008-05-07 23:00:00,5.491271826860299,0.1883607716540392
3050,2008-05-08,2008-05-08 23:00:00,5.417396144989987,0.13231815040923525
3051,2008-05-09,2008-05-09 23:00:00,5.504076775196768,0.11506158855855926
3052,2008-05-10,2008-05-10 23:00:00,5.581571319891104,0.10577247445061477
3053,2008-05-11,2008-05-11 23:00:00,5.395191703138788,0.07626179467856532
3054,2008-05-12,2008-05-12 23:00:00,5.415037236781775,0.14477333407090218
3055,2008-05-13,2008-05-13 23:00:00,5.439203862512635,0.10712113104883089
3056,2008-05-14,2008-05-14 23:00:00,5.565683187596527,0.13621681017416212
3057,2008-05-15,2008-05-15 23:00:00,5.595097611502607,0.1323048610749831
3058,2008-05-16,2008-05-16 23:00:00,5.5691756136001755,0.07546369913553076
3059,2008-05-17,2008-05-17 23:00:00,5.558422977664626,0.14425550618663255
3060,2008-05-18,2008-05-18 23:00:00,5.462267220528505,0.11361565427552359
3061,2008-05-19,2008-05-19 23:00:00,5.590262748903112,0.05990303334299925
3062,2008-05-20,2008-05-20 23:00:00,5.576959339853057,0.09439563872576946
3063,2008-05-21,2008-05-21 23:00:00,5.480549577530307,0.09059279596550268
3064,2008-05-22,2008-05-22 23:00:00,5.441892609593572,0.11085838916264219
3065,2008-05-23,2008-05-23 23:00:00,5.518102842104317,0.11616372455545003
3066,2008-05-24,2008-05-24 23:00:00,5.311193033684315,0.22723143973510923
3067,2008-05-25,2008-05-25 23:00:00,5.370241870837474,0.22400858589931974
3068,2008-05-26,2008-05-26 23:00:00,4.448993843136488,0.42160276533238544
3069,2008-05-27,2008-05-27 23:00:00,5.168408194180217,0.576682945446778
3070,2008-05-28,2008-05-28 23:00:00,4.934688346740229,0.47541637873687936
3071,2008-05-29,2008-05-29 23:00:00,4.93880368721188,0.4232487041562798
3072,2008-05-30,2008-05-30 23:00:00,4.897152301280138,0.5301108334203791
3073,2008-05-31,2008-05-31 23:00:00,4.869017586815503,0.4630373857486014
3074,2008-06-01,2008-06-01 23:00:00,5.161664349463606,0.17826902166539121
3075,2008-06-02,2008-06-02 23:00:00,5.195231831127051,0.20386643528120998
3076,2008-06-03,2008-06-03 23:00:00,5.383071753407858,0.20436531019878446
3077,2008-06-04,2008-06-04 23:00:00,5.402994677604577,0.23171806725395888
3078,2008-06-05,2008-06-05 23:00:00,5.168884675926505,0.47061147385615804
3079,2008-06-06,2008-06-06 23:00:00,5.202977881972649,0.43196289512534186
3080,2008-06-07,2008-06-07 23:00:00,5.2690570642924195,0.3081529588129268
3081,2008-06-08,2008-06-08 23:00:00,5.336274269428695,0.11557608550188864
3082,2008-06-09,2008-06-09 23:00:00,5.208442587696731,0.216401693725392
3083,2008-06-10,2008-06-10 23:00:00,5.196686950568592,0.217257641985685
3084,2008-06-11,2008-06-11 23:00:00,5.241189170081696,0.1429475442537806
3085,2008-06-12,2008-06-12 23:00:00,5.14218086742097,0.1785395335152883
3086,2008-06-13,2008-06-13 23:00:00,5.195655274293542,0.11731318828679421
3087,2008-06-14,2008-06-14 23:00:00,5.1618636545968135,0.07485080175922823
3088,2008-06-15,2008-06-15 23:00:00,5.07760078973929,0.07615810841517982
3089,2008-06-16,2008-06-16 23:00:00,5.157380274386553,0.1595181792013002
3090,2008-06-17,2008-06-17 23:00:00,5.260665592086661,0.21223902168666411
3091,2008-06-18,2008-06-18 23:00:00,5.262923709998163,0.2590964654955799
3092,2008-06-19,2008-06-19 23:00:00,5.134155878127831,0.3193010010991497
3093,2008-06-20,2008-06-20 23:00:00,5.0948793151454135,0.28105437880931516
3094,2008-06-21,2008-06-21 23:00:00,4.9236421762126925,0.23446028132747204
3095,2008-06-22,2008-06-22 23:00:00,4.836774706699944,0.23188223160075316
3096,2008-06-23,2008-06-23 23:00:00,5.37860678597506,0.26649707689054514
3097,2008-06-24,2008-06-24 23:00:00,5.142576169607613,0.2521127847740382
3098,2008-06-25,2008-06-25 23:00:00,5.285280750161361,0.28946463033474634
3099,2008-06-26,2008-06-26 23:00:00,4.858873941605946,0.32702273552928507
3100,2008-06-27,2008-06-27 23:00:00,4.989751869090374,0.4446373520876297
3101,2008-06-28,2008-06-28 23:00:00,4.60523807267271,0.1592378222242521
3102,2008-06-29,2008-06-29 23:00:00,4.668060724860086,0.12115506126849665
3103,2008-06-30,2008-06-30 23:00:00,4.973827849249488,0.18095811560356367
3104,2008-07-01,2008-07-01 23:00:00,4.97624423358771,0.40918582141708243
3105,2008-07-02,2008-07-02 23:00:00,4.992914193770463,0.3511866340695587
3106,2008-07-03,2008-07-03 23:00:00,4.950142747641183,0.2761007445726873
3107,2008-07-04,2008-07-04 23:00:00,4.832807874921418,0.247597496958484
3108,2008-07-05,2008-07-05 23:00:00,4.59750356817176,0.2203127034161127
3109,2008-07-06,2008-07-06 23:00:00,4.449834228727299,0.2146518385453831
3110,2008-07-07,2008-07-07 23:00:00,4.824390854932131,0.4001125250470153
3111,2008-07-08,2008-07-08 23:00:00,4.904953080352506,0.31589340657492665
3112,2008-07-09,2008-07-09 23:00:00,4.618449796308387,0.4198641928444094
3113,2008-07-10,2008-07-10 23:00:00,4.729648282899224,0.34815336036340144
3114,2008-07-11,2008-07-11 23:00:00,4.811641454428405,0.3747213385730219
3115,2008-07-12,2008-07-12 23:00:00,4.82280155887688,0.42830639564628414
3116,2008-07-13,2008-07-13 23:00:00,4.686368520410036,0.24820792308206624
3117,2008-07-14,2008-07-14 23:00:00,4.734534346022884,0.32852471328560795
3118,2008-07-15,2008-07-15 23:00:00,4.715713148112256,0.32238150940730953
3119,2008-07-16,2008-07-16 23:00:00,4.837170449740157,0.4372940397821576
3120,2008-07-17,2008-07-17 23:00:00,4.994368829288212,0.46815339683905527
3121,2008-07-18,2008-07-18 23:00:00,4.751322040541452,0.4637636814577957
3122,2008-07-19,2008-07-19 23:00:00,4.619715045056577,0.3648028596538582
3123,2008-07-20,2008-07-20 23:00:00,4.599814622009409,0.30178758724951016
3124,2008-07-21,2008-07-21 23:00:00,4.891547083677193,0.4012647317048564
3125,2008-07-22,2008-07-22 23:00:00,4.903694099610688,0.36512035582235786
3126,2008-07-23,2008-07-23 23:00:00,5.106177992694504,0.48713781769009207
3127,2008-07-24,2008-07-24 23:00:00,5.333871262296704,0.33296628484317675
3128,2008-07-25,2008-07-25 23:00:00,5.324685996179881,0.3156049412020866
3129,2008-07-26,2008-07-26 23:00:00,4.904690172646311,0.4763685451405451
3130,2008-07-27,2008-07-27 23:00:00,4.656516719434012,0.36214069102365404
3131,2008-07-28,2008-07-28 23:00:00,5.271091853477162,0.3809550592071001
3132,2008-07-29,2008-07-29 23:00:00,5.097561239448687,0.5604310740795486
3133,2008-07-30,2008-07-30 23:00:00,5.080460569855698,0.5165680069872997
3134,2008-07-31,2008-07-31 23:00:00,5.096735807455097,0.5023378201737849
3135,2008-08-01,2008-08-01 23:00:00,5.0524617396956275,0.422089654111211
3136,2008-08-02,2008-08-02 23:00:00,4.7269175331251025,0.3850380373387863
3137,2008-08-03,2008-08-03 23:00:00,4.619262414821914,0.26596039365361734
3138,2008-08-04,2008-08-04 23:00:00,5.213133495158189,0.3818955557920399
3139,2008-08-05,2008-08-05 23:00:00,5.267144687970081,0.33623560836211724
3140,2008-08-06,2008-08-06 23:00:00,5.343382892546292,0.25859096890633415
3141,2008-08-07,2008-08-07 23:00:00,5.029491044092776,0.1364389303379556
3142,2008-08-08,2008-08-08 23:00:00,5.3407628599033785,0.41528009727640797
3143,2008-08-09,2008-08-09 23:00:00,5.104195567693531,0.34200046097841624
3144,2008-08-10,2008-08-10 23:00:00,4.831918827312189,0.23704946384214062
3145,2008-08-11,2008-08-11 23:00:00,5.265046045071674,0.30348875911926987
3146,2008-08-12,2008-08-12 23:00:00,5.294267967684742,0.3276799505221561
3147,2008-08-13,2008-08-13 23:00:00,5.295873211518366,0.2243713601657516
3148,2008-08-14,2008-08-14 23:00:00,5.229337762060138,0.16543670428165363
3149,2008-08-15,2008-08-15 23:00:00,5.1503578086591935,0.19468666794131229
3150,2008-08-16,2008-08-16 23:00:00,5.096631865549307,0.18754838655108244
3151,2008-08-17,2008-08-17 23:00:00,4.819270626665785,0.06728722982676058
3152,2008-08-18,2008-08-18 23:00:00,4.867947251771473,0.15381269593301214
3153,2008-08-19,2008-08-19 23:00:00,5.069724895131853,0.17802745202103298
3154,2008-08-20,2008-08-20 23:00:00,5.085081899650848,0.42936832593818575
3155,2008-08-21,2008-08-21 23:00:00,5.3131738524500856,0.35200447763513726
3156,2008-08-22,2008-08-22 23:00:00,5.138925996382955,0.37999671802610846
3157,2008-08-23,2008-08-23 23:00:00,5.029512668861134,0.2260529492429294
3158,2008-08-24,2008-08-24 23:00:00,4.851092971853223,0.2858053275246652
3159,2008-08-25,2008-08-25 23:00:00,4.9644924050163555,0.3028992985785413
3160,2008-08-26,2008-08-26 23:00:00,5.046982032407066,0.2485940979590361
3161,2008-08-27,2008-08-27 23:00:00,5.080288470821837,0.29645678210845156
3162,2008-08-28,2008-08-28 23:00:00,5.1949655176944844,0.2681625724131851
3163,2008-08-29,2008-08-29 23:00:00,5.142704686720685,0.23208845108613796
3164,2008-08-30,2008-08-30 23:00:00,4.922796120362995,0.16364799598521382
3165,2008-08-31,2008-08-31 23:00:00,4.7645208757424085,0.1953822497287896
3166,2008-09-01,2008-09-01 23:00:00,4.962586517353016,0.31957889739800804
3167,2008-09-02,2008-09-02 23:00:00,4.911322104040387,0.3552114814875163
3168,2008-09-03,2008-09-03 23:00:00,4.847651791279073,0.27121774829615325
3169,2008-09-04,2008-09-04 23:00:00,4.705502113627095,0.26937742131706544
3170,2008-09-05,2008-09-05 23:00:00,4.665639864303608,0.29944794274816516
3171,2008-09-06,2008-09-06 23:00:00,4.760830363329814,0.31531840237476155
3172,2008-09-07,2008-09-07 23:00:00,4.931774253156045,0.2098703659479183
3173,2008-09-08,2008-09-08 23:00:00,5.1621901267455215,0.22068127736438456
3174,2008-09-09,2008-09-09 23:00:00,5.2244016842177095,0.11231642625263327
3175,2008-09-10,2008-09-10 23:00:00,5.256356855527564,0.220650077648881
3176,2008-09-11,2008-09-11 23:00:00,5.242153846241345,0.3017824137982022
3177,2008-09-12,2008-09-12 23:00:00,5.299202290965087,0.15421736362796545
3178,2008-09-13,2008-09-13 23:00:00,5.257640909423045,0.08692493720804029
3179,2008-09-14,2008-09-14 23:00:00,5.174689473482425,0.04629231368668841
3180,2008-09-15,2008-09-15 23:00:00,5.339804468275119,0.29003282111488077
3181,2008-09-16,2008-09-16 23:00:00,5.263475911605788,0.18907235297387984
3182,2008-09-17,2008-09-17 23:00:00,5.239088213865366,0.208429210179551
3183,2008-09-18,2008-09-18 23:00:00,5.15159606783504,0.4400300112129004
3184,2008-09-19,2008-09-19 23:00:00,5.250248783676191,0.31025619969014023
3185,2008-09-20,2008-09-20 23:00:00,5.246769147220476,0.2008936894506198
3186,2008-09-21,2008-09-21 23:00:00,5.239790992712465,0.06130730288917021
3187,2008-09-22,2008-09-22 23:00:00,5.065650288770818,0.399702757991107
3188,2008-09-23,2008-09-23 23:00:00,5.344100601785573,0.28169087679595217
3189,2008-09-24,2008-09-24 23:00:00,5.344449624165005,0.2879892412608363
3190,2008-09-25,2008-09-25 23:00:00,5.434265954907992,0.28879514298231607
3191,2008-09-26,2008-09-26 23:00:00,5.495881106331389,0.3197532663275372
3192,2008-09-27,2008-09-27 23:00:00,5.346249739604942,0.19604050642223236
3193,2008-09-28,2008-09-28 23:00:00,5.258810533776725,0.17220980446411444
3194,2008-09-29,2008-09-29 23:00:00,5.467958066503841,0.29270044508114995
3195,2008-09-30,2008-09-30 23:00:00,5.297157200352676,0.28617291190453503
3196,2008-10-01,2008-10-01 23:00:00,5.361568925114386,0.3194567065284002
3197,2008-10-02,2008-10-02 23:00:00,5.4034147429465404,0.3173536753749614
3198,2008-10-03,2008-10-03 23:00:00,5.242229571758596,0.41640388614756746
3199,2008-10-04,2008-10-04 23:00:00,5.214270695114067,0.25102571955029984
3200,2008-10-05,2008-10-05 23:00:00,5.072129163449598,0.04190173974341363
3201,2008-10-06,2008-10-06 23:00:00,5.1651513772024575,0.33638881766605166
3202,2008-10-07,2008-10-07 23:00:00,5.386156261586444,0.3280066335070912
3203,2008-10-08,2008-10-08 23:00:00,5.2509855808071935,0.41854857191638906
3204,2008-10-09,2008-10-09 23:00:00,5.250800011844362,0.4318091401114835
3205,2008-10-10,2008-10-10 23:00:00,5.011255325398927,0.37843339346359695
3206,2008-10-11,2008-10-11 23:00:00,4.993418004456963,0.24511339263770338
3207,2008-10-12,2008-10-12 23:00:00,4.970083488409898,0.10477105987441453
3208,2008-10-13,2008-10-13 23:00:00,4.889700467629056,0.13247198687039474
3209,2008-10-14,2008-10-14 23:00:00,4.840961193555056,0.4604217066976253
3210,2008-10-15,2008-10-15 23:00:00,5.1039376972354304,0.2894139063721486
3211,2008-10-16,2008-10-16 23:00:00,5.092327162246666,0.2807122223369318
3212,2008-10-17,2008-10-17 23:00:00,4.948257785956023,0.1684218462239486
3213,2008-10-18,2008-10-18 23:00:00,5.086891526036196,0.13958766107634255
3214,2008-10-19,2008-10-19 23:00:00,4.831659001953866,0.20233417794764452
3215,2008-10-20,2008-10-20 23:00:00,5.122908233333843,0.40593764768449986
3216,2008-10-21,2008-10-21 23:00:00,5.334752139076031,0.35650462065906174
3217,2008-10-22,2008-10-22 23:00:00,5.375120860769641,0.30014236818008316
3218,2008-10-23,2008-10-23 23:00:00,5.369697344696817,0.36474381008535667
3219,2008-10-24,2008-10-24 23:00:00,5.410638362362427,0.3641278699765051
3220,2008-10-25,2008-10-25 23:00:00,5.319577413370003,0.3986852861772313
3221,2008-10-26,2008-10-26 23:00:00,5.151368115177015,0.23319725115368892
3222,2008-10-27,2008-10-27 23:00:00,5.288184795815352,0.4665270481079433
3223,2008-10-28,2008-10-28 23:00:00,5.2658555131720375,0.4662652083423756
3224,2008-10-29,2008-10-29 23:00:00,5.291490310773805,0.31441151000742124
3225,2008-10-30,2008-10-30 23:00:00,5.416498043801176,0.28574059424077475
3226,2008-10-31,2008-10-31 23:00:00,5.203887064550759,0.09178681716261058
3227,2008-11-01,2008-11-01 23:00:00,5.274644789312828,0.16656309722292056
3228,2008-11-02,2008-11-02 23:00:00,5.147621784861347,0.060889066971162045
3229,2008-11-03,2008-11-03 23:00:00,5.111765383106748,0.11087667944258135
3230,2008-11-04,2008-11-04 23:00:00,5.131380920671407,0.41230905938224377
3231,2008-11-05,2008-11-05 23:00:00,5.118245697217222,0.34512627130014856
3232,2008-11-06,2008-11-06 23:00:00,5.094915119004595,0.3392042278140142
3233,2008-11-07,2008-11-07 23:00:00,5.144267770490526,0.38459011632803747
3234,2008-11-08,2008-11-08 23:00:00,5.330026662274212,0.26348174376128486
3235,2008-11-09,2008-11-09 23:00:00,5.298946570047511,0.2496896649242158
3236,2008-11-10,2008-11-10 23:00:00,5.542558963435215,0.44230016289319246
3237,2008-11-11,2008-11-11 23:00:00,5.602176986297372,0.28189316845868556
3238,2008-11-12,2008-11-12 23:00:00,5.590741464448329,0.27960178138959546
3239,2008-11-13,2008-11-13 23:00:00,5.638316990137206,0.23783855947067656
3240,2008-11-14,2008-11-14 23:00:00,5.627725957517856,0.21204988034081237
3241,2008-11-15,2008-11-15 23:00:00,5.468215323071537,0.13810620935923068
3242,2008-11-16,2008-11-16 23:00:00,5.376339742626851,0.13604054933494253
3243,2008-11-17,2008-11-17 23:00:00,5.420426802267083,0.11755890074703101
3244,2008-11-18,2008-11-18 23:00:00,5.549953955769852,0.21314848969248912
3245,2008-11-19,2008-11-19 23:00:00,5.221223260282714,0.4820620211121063
3246,2008-11-20,2008-11-20 23:00:00,5.42417981126411,0.47208672200444335
3247,2008-11-21,2008-11-21 23:00:00,5.285687669838928,0.33253835132811466
3248,2008-11-22,2008-11-22 23:00:00,5.083726828675501,0.3145762084494512
3249,2008-11-23,2008-11-23 23:00:00,4.793285736810107,0.2808586234176912
3250,2008-11-24,2008-11-24 23:00:00,5.081580608522988,0.5278701456390851
3251,2008-11-25,2008-11-25 23:00:00,5.1197419618693845,0.3422236679172133
3252,2008-11-26,2008-11-26 23:00:00,4.874228042159056,0.42173114542758067
3253,2008-11-27,2008-11-27 23:00:00,4.839012670247395,0.512111383496539
3254,2008-11-28,2008-11-28 23:00:00,4.726915808764375,0.5213412802615561
3255,2008-11-29,2008-11-29 23:00:00,4.58622390578992,0.334607363427767
3256,2008-11-30,2008-11-30 23:00:00,4.5139930270941155,0.021437350902998375
3257,2008-12-01,2008-12-01 23:00:00,4.703580765208193,0.4746240573830954
3258,2008-12-02,2008-12-02 23:00:00,4.980118835562583,0.621360859262269
3259,2008-12-03,2008-12-03 23:00:00,5.1897372019092884,0.7680581801540213
3260,2008-12-04,2008-12-04 23:00:00,5.195176908631354,0.6554387994956913
3261,2008-12-05,2008-12-05 23:00:00,5.257276467120291,0.7388765503466027
3262,2008-12-06,2008-12-06 23:00:00,4.7873364413356425,0.22444629103826888
3263,2008-12-07,2008-12-07 23:00:00,4.718560513056738,0.1613988917916507
3264,2008-12-08,2008-12-08 23:00:00,4.676004949283649,0.14537252224468994
3265,2008-12-09,2008-12-09 23:00:00,5.025516132379814,0.4558811930314706
3266,2008-12-10,2008-12-10 23:00:00,5.025681394968614,0.3542526460620036
3267,2008-12-11,2008-12-11 23:00:00,5.026471572270597,0.3476882041587542
3268,2008-12-12,2008-12-12 23:00:00,5.122673163741102,0.35031017602325687
3269,2008-12-13,2008-12-13 23:00:00,5.3092924013431935,0.3449731093373073
3270,2008-12-14,2008-12-14 23:00:00,5.106004813633543,0.13243357281511076
3271,2008-12-15,2008-12-15 23:00:00,5.3541327457186165,0.2508396306064658
3272,2008-12-16,2008-12-16 23:00:00,5.451490008788679,0.28545184848141164
3273,2008-12-17,2008-12-17 23:00:00,5.464996280290397,0.17480222974089824
3274,2008-12-18,2008-12-18 23:00:00,5.421588445830782,0.18524483563699254
3275,2008-12-19,2008-12-19 23:00:00,5.423706255566526,0.14336635320047292
3276,2008-12-20,2008-12-20 23:00:00,5.4819602723249075,0.07978937836974591
3277,2008-12-21,2008-12-21 23:00:00,5.502011226274667,0.08728736872659908
3278,2008-12-22,2008-12-22 23:00:00,5.768665154418293,0.0896084568321852
3279,2008-12-23,2008-12-23 23:00:00,5.823457269322316,0.14817592911278007
3280,2008-12-24,2008-12-24 23:00:00,5.844749055437231,0.06414665488521575
3281,2008-12-25,2008-12-25 23:00:00,5.514738455162154,0.14266754630477518
3282,2008-12-26,2008-12-26 23:00:00,5.77338744394162,0.25416302169651056
3283,2008-12-27,2008-12-27 23:00:00,5.8880753650238224,0.09605000448689578
3284,2008-12-28,2008-12-28 23:00:00,5.955367740692149,0.05771192251584096
3285,2008-12-29,2008-12-29 23:00:00,5.988285628650368,0.08321191406320223
3286,2008-12-30,2008-12-30 23:00:00,6.036834371322953,0.07820029453813292
3287,2008-12-31,2008-12-31 23:00:00,5.991873180434138,0.05053872499752158
3288,2009-01-01,2009-01-01 23:00:00,5.912625381258827,0.00912434717920483
3289,2009-01-02,2009-01-02 23:00:00,5.690485695799722,0.3240132540005031
3290,2009-01-03,2009-01-03 23:00:00,5.69101141044494,0.19609903659788155
3291,2009-01-04,2009-01-04 23:00:00,5.801081441912725,0.002209669760070329
3292,2009-01-05,2009-01-05 23:00:00,5.679500151920178,0.195357252215731
3293,2009-01-06,2009-01-06 23:00:00,5.764715896936121,0.04118924179673865
3294,2009-01-07,2009-01-07 23:00:00,5.738355856057891,0.04071513545468827
3295,2009-01-08,2009-01-08 23:00:00,5.718971819945543,0.0022358392782392566
3296,2009-01-09,2009-01-09 23:00:00,5.714226244247662,0.006490600558615636
3297,2009-01-10,2009-01-10 23:00:00,5.713749331324003,0.00928361018358382
3298,2009-01-11,2009-01-11 23:00:00,5.71273727734782,0.013884264390116523
3299,2009-01-12,2009-01-12 23:00:00,5.716046357820322,0.009981191599098025
3300,2009-01-13,2009-01-13 23:00:00,5.678513125452113,0.1298123231383424
3301,2009-01-14,2009-01-14 23:00:00,5.711676137434964,0.16452130776452736
3302,2009-01-15,2009-01-15 23:00:00,5.824167931208369,0.11767271760934549
3303,2009-01-16,2009-01-16 23:00:00,5.797989726683407,0.07666883880262193
3304,2009-01-17,2009-01-17 23:00:00,5.722001977856567,0.025262573751928672
3305,2009-01-18,2009-01-18 23:00:00,5.720095471354861,0.008883322486380477
3306,2009-01-19,2009-01-19 23:00:00,5.714587574223418,0.03292887699312976
3307,2009-01-20,2009-01-20 23:00:00,5.605295115629043,0.1838732528466701
3308,2009-01-21,2009-01-21 23:00:00,5.506965764466074,0.42599184270878127
3309,2009-01-22,2009-01-22 23:00:00,5.601501657554831,0.1645476667484553
3310,2009-01-23,2009-01-23 23:00:00,5.692890136186691,0.02869440659980496
3311,2009-01-24,2009-01-24 23:00:00,5.679774942351379,0.023158565159621305
3312,2009-01-25,2009-01-25 23:00:00,5.556732279635475,0.18662159538191078
3313,2009-01-26,2009-01-26 23:00:00,5.697188954361774,0.03870342330242425
3314,2009-01-27,2009-01-27 23:00:00,5.728388084919037,0.07157376046652103
3315,2009-01-28,2009-01-28 23:00:00,5.652950810846005,0.11910551497962821
3316,2009-01-29,2009-01-29 23:00:00,5.730585800342901,0.07567664808723368
3317,2009-01-30,2009-01-30 23:00:00,5.732066404700855,0.06802709147178142
3318,2009-01-31,2009-01-31 23:00:00,5.709817440008536,0.016761602782798497
3319,2009-02-01,2009-02-01 23:00:00,5.605265391519949,0.12102352019406921
3320,2009-02-02,2009-02-02 23:00:00,5.66758323072893,0.03803532829183822
3321,2009-02-03,2009-02-03 23:00:00,5.635016697676075,0.06316695447052957
3322,2009-02-04,2009-02-04 23:00:00,5.636587430683751,0.0694053631624861
3323,2009-02-05,2009-02-05 23:00:00,5.654021592755616,0.059950395003786815
3324,2009-02-06,2009-02-06 23:00:00,5.6671524896949945,0.06554218900687755
3325,2009-02-07,2009-02-07 23:00:00,5.651499450662558,0.06649696430990412
3326,2009-02-08,2009-02-08 23:00:00,5.708915013833185,0.03858142840733658
3327,2009-02-09,2009-02-09 23:00:00,5.804155217091612,0.07547211690839375
3328,2009-02-10,2009-02-10 23:00:00,5.732119357902389,0.041573193667140594
3329,2009-02-11,2009-02-11 23:00:00,5.715764376324411,0.03936384527127783
3330,2009-02-12,2009-02-12 23:00:00,5.705113214827224,0.054869609291898526
3331,2009-02-13,2009-02-13 23:00:00,5.696908860981414,0.017998555049122913
3332,2009-02-14,2009-02-14 23:00:00,5.671631066041402,0.03719633679332496
3333,2009-02-15,2009-02-15 23:00:00,5.638034894041165,0.03543316367321003
3334,2009-02-16,2009-02-16 23:00:00,5.614349259236083,0.10192542275685026
3335,2009-02-17,2009-02-17 23:00:00,5.660934099493697,0.11459147003241928
3336,2009-02-18,2009-02-18 23:00:00,5.530239428503504,0.057770300943276766
3337,2009-02-19,2009-02-19 23:00:00,5.5050509042380495,0.087696543148426
3338,2009-02-20,2009-02-20 23:00:00,5.525657181316305,0.060836012320436214
3339,2009-02-21,2009-02-21 23:00:00,5.444760789555595,0.0487010999662034
3340,2009-02-22,2009-02-22 23:00:00,5.474287120289927,0.04993306398734534
3341,2009-02-23,2009-02-23 23:00:00,5.4535654650439405,0.07299570219246101
3342,2009-02-24,2009-02-24 23:00:00,5.428379597298601,0.0732234106317209
3343,2009-02-25,2009-02-25 23:00:00,5.673565899260694,0.10556465505256257
3344,2009-02-26,2009-02-26 23:00:00,5.584558286820651,0.14200341409276376
3345,2009-02-27,2009-02-27 23:00:00,5.585939362320772,0.11661772834490432
3346,2009-02-28,2009-02-28 23:00:00,5.583577199826091,0.06466265074258963
3347,2009-03-01,2009-03-01 23:00:00,5.596495759408337,0.061006474223779895
3348,2009-03-02,2009-03-02 23:00:00,5.731476289453265,0.14637968239913116
3349,2009-03-03,2009-03-03 23:00:00,5.615918910071346,0.12381289923627
3350,2009-03-04,2009-03-04 23:00:00,5.581797518438506,0.21332438186548067
3351,2009-03-05,2009-03-05 23:00:00,5.447998340104109,0.19657759176896655
3352,2009-03-06,2009-03-06 23:00:00,5.514555565482035,0.0859234534458153
3353,2009-03-07,2009-03-07 23:00:00,5.59127407273284,0.07808141264242358
3354,2009-03-08,2009-03-08 23:00:00,5.370112624324279,0.27451956513588277
3355,2009-03-09,2009-03-09 23:00:00,5.393148846552442,0.35436195827153316
3356,2009-03-10,2009-03-10 23:00:00,5.401608319219164,0.3026659461053907
3357,2009-03-11,2009-03-11 23:00:00,5.493685200897775,0.21208611597829127
3358,2009-03-12,2009-03-12 23:00:00,5.656871834427178,0.09830386341643588
3359,2009-03-13,2009-03-13 23:00:00,5.651890369077928,0.05376309402251692
3360,2009-03-14,2009-03-14 23:00:00,5.6801054891726475,0.04580384077659234
3361,2009-03-15,2009-03-15 23:00:00,5.567063034143935,0.057431965926513846
3362,2009-03-16,2009-03-16 23:00:00,5.590203921738127,0.09783799891672035
3363,2009-03-17,2009-03-17 23:00:00,5.681991954762787,0.12121090995744428
3364,2009-03-18,2009-03-18 23:00:00,5.7360457394335755,0.1365844508034624
3365,2009-03-19,2009-03-19 23:00:00,5.52771303145104,0.048714385764334796
3366,2009-03-20,2009-03-20 23:00:00,5.5110051358333125,0.023027558217153386
3367,2009-03-21,2009-03-21 23:00:00,5.504725273115365,0.02572838622711323
3368,2009-03-22,2009-03-22 23:00:00,5.397707317390451,0.03470939939925341
3369,2009-03-23,2009-03-23 23:00:00,5.373033722502047,0.025687887295267765
3370,2009-03-24,2009-03-24 23:00:00,5.186042975031648,0.3220285368001615
3371,2009-03-25,2009-03-25 23:00:00,5.388339564064522,0.044538004931291314
3372,2009-03-26,2009-03-26 23:00:00,5.3328786935101276,0.031710831485695694
3373,2009-03-27,2009-03-27 23:00:00,5.338637083129757,0.07503261657304224
3374,2009-03-28,2009-03-28 23:00:00,5.253487662372597,0.03773843976106417
3375,2009-03-29,2009-03-29 23:00:00,5.0116683210683375,0.2958737549026205
3376,2009-03-30,2009-03-30 23:00:00,5.220496407927608,0.16095073562409992
3377,2009-03-31,2009-03-31 23:00:00,5.248858625722347,0.08983106597328737
3378,2009-04-01,2009-04-01 23:00:00,5.320793982746861,0.1061471114011056
3379,2009-04-02,2009-04-02 23:00:00,5.346416091420347,0.10599544587193878
3380,2009-04-03,2009-04-03 23:00:00,5.274901724510403,0.14238422655023628
3381,2009-04-04,2009-04-04 23:00:00,5.18330686319118,0.06004232238503337
3382,2009-04-05,2009-04-05 23:00:00,5.151634958341614,0.02766323803306543
3383,2009-04-06,2009-04-06 23:00:00,5.1952093224145015,0.16985385688134297
3384,2009-04-07,2009-04-07 23:00:00,5.299514337238449,0.15293102772324027
3385,2009-04-08,2009-04-08 23:00:00,5.29496434965847,0.13939724952041907
3386,2009-04-09,2009-04-09 23:00:00,5.139450642442478,0.0338708721638694
3387,2009-04-10,2009-04-10 23:00:00,5.1042185038138745,0.03691993522297905
3388,2009-04-11,2009-04-11 23:00:00,5.128287355183125,0.04293743949409077
3389,2009-04-12,2009-04-12 23:00:00,5.11439269104402,0.008823344930226509
3390,2009-04-13,2009-04-13 23:00:00,5.158055613323057,0.14358823958589553
3391,2009-04-14,2009-04-14 23:00:00,5.182188768841221,0.2096982153246133
3392,2009-04-15,2009-04-15 23:00:00,5.149455561538588,0.18094249243510774
3393,2009-04-16,2009-04-16 23:00:00,5.252135738085587,0.20229994496142986
3394,2009-04-17,2009-04-17 23:00:00,5.16536656320557,0.10821829646298814
3395,2009-04-18,2009-04-18 23:00:00,5.112827884244258,0.07381350548077477
3396,2009-04-19,2009-04-19 23:00:00,5.138305149609427,0.09198605766020057
3397,2009-04-20,2009-04-20 23:00:00,5.214977054908307,0.1929945898643508
3398,2009-04-21,2009-04-21 23:00:00,5.32816477662692,0.21134614879644387
3399,2009-04-22,2009-04-22 23:00:00,5.362020404691386,0.2007317920696552
3400,2009-04-23,2009-04-23 23:00:00,5.332350280827165,0.14796130973900304
3401,2009-04-24,2009-04-24 23:00:00,5.392488430805659,0.1477959669222463
3402,2009-04-25,2009-04-25 23:00:00,5.428042053945487,0.09529103525213661
3403,2009-04-26,2009-04-26 23:00:00,5.4882811814011525,0.0615934180884079
3404,2009-04-27,2009-04-27 23:00:00,5.53372938116613,0.13924902154583116
3405,2009-04-28,2009-04-28 23:00:00,5.5901010346113615,0.10137308787663264
3406,2009-04-29,2009-04-29 23:00:00,5.453984567416936,0.11506785676132333
3407,2009-04-30,2009-04-30 23:00:00,5.492238487630218,0.07223019453187875
3408,2009-05-01,2009-05-01 23:00:00,5.382811277838734,0.018036252663055637
3409,2009-05-02,2009-05-02 23:00:00,5.298323402301328,0.07713682918388362
3410,2009-05-03,2009-05-03 23:00:00,5.2982837267291245,0.10181199445511258
3411,2009-05-04,2009-05-04 23:00:00,5.502333583301907,0.15845688861188825
3412,2009-05-05,2009-05-05 23:00:00,5.540977767715879,0.149565718508994
3413,2009-05-06,2009-05-06 23:00:00,5.501107717310298,0.18214588897369996
3414,2009-05-07,2009-05-07 23:00:00,5.511992229168574,0.13358040493856313
3415,2009-05-08,2009-05-08 23:00:00,5.410809463692947,0.06538616933287941
3416,2009-05-09,2009-05-09 23:00:00,5.348230149037892,0.04043903971561623
3417,2009-05-10,2009-05-10 23:00:00,5.416545104105354,0.07309312399218501
3418,2009-05-11,2009-05-11 23:00:00,5.481814315609874,0.13721443730718388
3419,2009-05-12,2009-05-12 23:00:00,5.393971080394597,0.10023812145134248
3420,2009-05-13,2009-05-13 23:00:00,5.429791009537669,0.05731763880452465
3421,2009-05-14,2009-05-14 23:00:00,5.387406438302324,0.11351842030484176
3422,2009-05-15,2009-05-15 23:00:00,5.513560957142524,0.07277049900126899
3423,2009-05-16,2009-05-16 23:00:00,5.501560832127734,0.06676214952723435
3424,2009-05-17,2009-05-17 23:00:00,5.519920979654608,0.03369518664593766
3425,2009-05-18,2009-05-18 23:00:00,5.667994829051295,0.09998726977558016
3426,2009-05-19,2009-05-19 23:00:00,5.762705171300202,0.12702440542619772
3427,2009-05-20,2009-05-20 23:00:00,5.689115592794294,0.020983149595124973
3428,2009-05-21,2009-05-21 23:00:00,5.726544044327119,0.043945496112482614
3429,2009-05-22,2009-05-22 23:00:00,5.762815093736388,0.054937336723998816
3430,2009-05-23,2009-05-23 23:00:00,5.73836438567042,0.0783635982973558
3431,2009-05-24,2009-05-24 23:00:00,5.664231803351897,0.06313047363542763
3432,2009-05-25,2009-05-25 23:00:00,5.675981868933533,0.06755762257971323
3433,2009-05-26,2009-05-26 23:00:00,5.664460535514865,0.0805604353858476
3434,2009-05-27,2009-05-27 23:00:00,5.719778664340734,0.10314456968442735
3435,2009-05-28,2009-05-28 23:00:00,5.749712213610731,0.11026510734278017
3436,2009-05-29,2009-05-29 23:00:00,5.811323120931287,0.14045351565900635
3437,2009-05-30,2009-05-30 23:00:00,5.731595393930566,0.12383808587883093
3438,2009-05-31,2009-05-31 23:00:00,5.672190025906531,0.08107027417480064
3439,2009-06-01,2009-06-01 23:00:00,5.771318950407266,0.17512251792610828
3440,2009-06-02,2009-06-02 23:00:00,5.796493045354687,0.15016064052979988
3441,2009-06-03,2009-06-03 23:00:00,5.8552559789329415,0.1805321200636046
3442,2009-06-04,2009-06-04 23:00:00,5.908713985302408,0.1729922039231796
3443,2009-06-05,2009-06-05 23:00:00,5.905561300753679,0.17210090871364828
3444,2009-06-06,2009-06-06 23:00:00,5.641159655989231,0.0307613628029527
3445,2009-06-07,2009-06-07 23:00:00,5.576590067236535,0.02474672726472995
3446,2009-06-08,2009-06-08 23:00:00,5.624532037220163,0.06665164932946675
3447,2009-06-09,2009-06-09 23:00:00,5.622190796936311,0.058658995643965796
3448,2009-06-10,2009-06-10 23:00:00,5.628362288887423,0.07223125024893763
3449,2009-06-11,2009-06-11 23:00:00,5.663661615783812,0.05869498527028501
3450,2009-06-12,2009-06-12 23:00:00,5.6019295310913195,0.08220027746053753
3451,2009-06-13,2009-06-13 23:00:00,5.44270896566518,0.11991061470149168
3452,2009-06-14,2009-06-14 23:00:00,5.444467983491061,0.027727299346578912
3453,2009-06-15,2009-06-15 23:00:00,5.385716270778839,0.054383245974431275
3454,2009-06-16,2009-06-16 23:00:00,5.41429507989132,0.07055688655745967
3455,2009-06-17,2009-06-17 23:00:00,5.435150092757243,0.05508435945456615
3456,2009-06-18,2009-06-18 23:00:00,5.466647959200188,0.032939594431660044
3457,2009-06-19,2009-06-19 23:00:00,5.50267898408081,0.03864453936194854
3458,2009-06-20,2009-06-20 23:00:00,5.5500028291338,0.0646265989824376
3459,2009-06-21,2009-06-21 23:00:00,5.631266254922541,0.0697659086418776
3460,2009-06-22,2009-06-22 23:00:00,5.652957090966216,0.04129101740970225
3461,2009-06-23,2009-06-23 23:00:00,5.730348766580153,0.0925675201354866
3462,2009-06-24,2009-06-24 23:00:00,5.707528726844498,0.06287603086017278
3463,2009-06-25,2009-06-25 23:00:00,5.743437027307075,0.04706386400149234
3464,2009-06-26,2009-06-26 23:00:00,5.701560844985263,0.16590490307916955
3465,2009-06-27,2009-06-27 23:00:00,5.678847346863246,0.054573747977631974
3466,2009-06-28,2009-06-28 23:00:00,5.633684972695423,0.025191351683790386
3467,2009-06-29,2009-06-29 23:00:00,5.538441839979737,0.15500737031827708
3468,2009-06-30,2009-06-30 23:00:00,5.5724292955477255,0.1394185841884651
3469,2009-07-01,2009-07-01 23:00:00,5.659821826962251,0.037382934531587544
3470,2009-07-02,2009-07-02 23:00:00,5.658232953702421,0.0301005414202311
3471,2009-07-03,2009-07-03 23:00:00,5.635669979334487,0.03542963114613625
3472,2009-07-04,2009-07-04 23:00:00,5.564256326904167,0.09383108741830339
3473,2009-07-05,2009-07-05 23:00:00,5.498069780977279,0.08609310001195974
3474,2009-07-06,2009-07-06 23:00:00,5.599705908781256,0.08519500199885749
3475,2009-07-07,2009-07-07 23:00:00,5.621389483097546,0.047229122616748186
3476,2009-07-08,2009-07-08 23:00:00,5.586009510911031,0.09055765726449459
3477,2009-07-09,2009-07-09 23:00:00,5.542176951356306,0.09306679862124569
3478,2009-07-10,2009-07-10 23:00:00,5.125594231873279,0.5394704272706438
3479,2009-07-11,2009-07-11 23:00:00,5.508375282703633,0.10959877747074445
3480,2009-07-12,2009-07-12 23:00:00,5.522154553663622,0.06100345218181057
3481,2009-07-13,2009-07-13 23:00:00,5.608822330218001,0.06281096323288772
3482,2009-07-14,2009-07-14 23:00:00,5.592722807156274,0.0960180601691394
3483,2009-07-15,2009-07-15 23:00:00,5.630141685403308,0.08306521275187508
3484,2009-07-16,2009-07-16 23:00:00,5.615130460427558,0.021725834887328013
3485,2009-07-17,2009-07-17 23:00:00,5.650755745523219,0.08377214424204701
3486,2009-07-18,2009-07-18 23:00:00,5.613601789846462,0.05249437225079436
3487,2009-07-19,2009-07-19 23:00:00,5.689660434452864,0.08540585199836115
3488,2009-07-20,2009-07-20 23:00:00,5.684611009078413,0.09337991242819524
3489,2009-07-21,2009-07-21 23:00:00,5.867577531227876,0.15139546314002883
3490,2009-07-22,2009-07-22 23:00:00,5.698775344547525,0.13245780615599045
3491,2009-07-23,2009-07-23 23:00:00,5.638137901723177,0.06641459829646802
3492,2009-07-24,2009-07-24 23:00:00,5.633342524538321,0.0710177188236272
3493,2009-07-25,2009-07-25 23:00:00,5.637350867089878,0.042858549499400184
3494,2009-07-26,2009-07-26 23:00:00,5.646901129232684,0.03829466995673576
3495,2009-07-27,2009-07-27 23:00:00,5.791148960179695,0.1345738312960943
3496,2009-07-28,2009-07-28 23:00:00,5.8464223475002015,0.06593061345691013
3497,2009-07-29,2009-07-29 23:00:00,5.728349710077924,0.08792479740231184
3498,2009-07-30,2009-07-30 23:00:00,5.7204943167810995,0.08500493259276452
3499,2009-07-31,2009-07-31 23:00:00,5.688187572024391,0.0518282007939483
3500,2009-08-01,2009-08-01 23:00:00,5.7060487747780675,0.07758293845229808
3501,2009-08-02,2009-08-02 23:00:00,5.641554546608465,0.07689118829658367
3502,2009-08-03,2009-08-03 23:00:00,5.6658548888652405,0.06993245812394121
3503,2009-08-04,2009-08-04 23:00:00,5.790123553250116,0.1060211396053735
3504,2009-08-05,2009-08-05 23:00:00,5.787876529203797,0.0835000048866811
3505,2009-08-06,2009-08-06 23:00:00,5.684296729925973,0.050543370174744424
3506,2009-08-07,2009-08-07 23:00:00,5.734028945549018,0.074920237244361
3507,2009-08-08,2009-08-08 23:00:00,5.7187055245222025,0.032442430160729105
3508,2009-08-09,2009-08-09 23:00:00,5.610989856639814,0.10489869382000397
3509,2009-08-10,2009-08-10 23:00:00,5.517111315378948,0.3894552465866373
3510,2009-08-11,2009-08-11 23:00:00,5.63651049254402,0.11178995438601452
3511,2009-08-12,2009-08-12 23:00:00,5.690688126154311,0.10976599297813891
3512,2009-08-13,2009-08-13 23:00:00,5.630762359212437,0.07659236732624486
3513,2009-08-14,2009-08-14 23:00:00,5.625287234690127,0.023753065402422405
3514,2009-08-15,2009-08-15 23:00:00,5.589336276358982,0.017761254918164115
3515,2009-08-16,2009-08-16 23:00:00,5.594512349918034,0.0038936736167373164
3516,2009-08-17,2009-08-17 23:00:00,5.551530247727655,0.018876721568286545
3517,2009-08-18,2009-08-18 23:00:00,5.582421623899275,0.02227905493968063
3518,2009-08-19,2009-08-19 23:00:00,5.556983871327041,0.008983866263492322
3519,2009-08-20,2009-08-20 23:00:00,5.576564537877157,0.026628256438809138
3520,2009-08-21,2009-08-21 23:00:00,5.691866539259081,0.13967138119106218
3521,2009-08-22,2009-08-22 23:00:00,5.585972306557859,0.017844492489171804
3522,2009-08-23,2009-08-23 23:00:00,5.5978508366833895,0.07592873764175395
3523,2009-08-24,2009-08-24 23:00:00,5.658055009683932,0.08785743176244663
3524,2009-08-25,2009-08-25 23:00:00,5.805259048821796,0.2221146156124193
3525,2009-08-26,2009-08-26 23:00:00,5.6175223766495135,0.15308244264549514
3526,2009-08-27,2009-08-27 23:00:00,5.604781949415906,0.1361577334064226
3527,2009-08-28,2009-08-28 23:00:00,5.617469438839733,0.14911699243886206
3528,2009-08-29,2009-08-29 23:00:00,5.732812881290528,0.21018237238431814
3529,2009-08-30,2009-08-30 23:00:00,5.653436454052437,0.1949727722336232
3530,2009-08-31,2009-08-31 23:00:00,5.609627303426262,0.3259376512369587
3531,2009-09-01,2009-09-01 23:00:00,5.626339755083987,0.1630219876233632
3532,2009-09-02,2009-09-02 23:00:00,5.724345773514373,0.2171394489017939
3533,2009-09-03,2009-09-03 23:00:00,5.640078191788523,0.06976898776022364
3534,2009-09-04,2009-09-04 23:00:00,5.618977849314287,0.058594111338070666
3535,2009-09-05,2009-09-05 23:00:00,5.602285899065419,0.018255315814017736
3536,2009-09-06,2009-09-06 23:00:00,5.651179501864003,0.08495031586251386
3537,2009-09-07,2009-09-07 23:00:00,5.815620428286285,0.14200195530612628
3538,2009-09-08,2009-09-08 23:00:00,5.7038386071229565,0.1150642291125657
3539,2009-09-09,2009-09-09 23:00:00,5.956733525251166,0.20129536760147018
3540,2009-09-10,2009-09-10 23:00:00,5.961211617253734,0.21300355368631244
3541,2009-09-11,2009-09-11 23:00:00,5.984824376427362,0.1768993187771649
3542,2009-09-12,2009-09-12 23:00:00,5.897181219832942,0.14853658323744967
3543,2009-09-13,2009-09-13 23:00:00,6.075060365470471,0.04027948564421959
3544,2009-09-14,2009-09-14 23:00:00,6.05646086921999,0.24074522759731584
3545,2009-09-15,2009-09-15 23:00:00,6.037957787193766,0.1665006568861078
3546,2009-09-16,2009-09-16 23:00:00,6.054512848625275,0.084468526335969
3547,2009-09-17,2009-09-17 23:00:00,6.055160133702493,0.08776527644107904
3548,2009-09-18,2009-09-18 23:00:00,6.12801584019572,0.1051975240792698
3549,2009-09-19,2009-09-19 23:00:00,6.0166758424075155,0.08094537118175946
3550,2009-09-20,2009-09-20 23:00:00,6.013363069211195,0.09055013277281715
3551,2009-09-21,2009-09-21 23:00:00,6.081418798496898,0.13354724277853622
3552,2009-09-22,2009-09-22 23:00:00,5.97087906111998,0.23437141055503413
3553,2009-09-23,2009-09-23 23:00:00,6.155270440135825,0.09951872044967537
3554,2009-09-24,2009-09-24 23:00:00,6.101722544434252,0.23974054592450553
3555,2009-09-25,2009-09-25 23:00:00,6.134478998637737,0.14790156039612418
3556,2009-09-26,2009-09-26 23:00:00,6.155697303272731,0.13741106702168548
3557,2009-09-27,2009-09-27 23:00:00,6.230714715557816,0.07707008913036714
3558,2009-09-28,2009-09-28 23:00:00,6.263799813178271,0.27644934797702764
3559,2009-09-29,2009-09-29 23:00:00,6.363940310559471,0.14041471506289524
3560,2009-09-30,2009-09-30 23:00:00,6.40562179737996,0.07292827674469594
3561,2009-10-01,2009-10-01 23:00:00,6.380487298750751,0.10982025914495464
3562,2009-10-02,2009-10-02 23:00:00,6.454081984424409,0.07199396632537604
3563,2009-10-03,2009-10-03 23:00:00,6.466560859329736,0.021252009830476624
3564,2009-10-04,2009-10-04 23:00:00,6.408363003545855,0.08126165678332038
3565,2009-10-05,2009-10-05 23:00:00,6.40645977240134,0.15946337861122417
3566,2009-10-06,2009-10-06 23:00:00,6.410288570639659,0.12132151432281207
3567,2009-10-07,2009-10-07 23:00:00,6.273604218290447,0.0917637045878306
3568,2009-10-08,2009-10-08 23:00:00,6.3034077648154465,0.15166915542555437
3569,2009-10-09,2009-10-09 23:00:00,6.282148460866661,0.15359795715452837
3570,2009-10-10,2009-10-10 23:00:00,6.107721242424617,0.1300836422710768
3571,2009-10-11,2009-10-11 23:00:00,6.101652626448105,0.08738137316276152
3572,2009-10-12,2009-10-12 23:00:00,6.063623159139578,0.20269421870306834
3573,2009-10-13,2009-10-13 23:00:00,5.977974237656049,0.16445138565022974
3574,2009-10-14,2009-10-14 23:00:00,5.962024662708167,0.15442443632376457
3575,2009-10-15,2009-10-15 23:00:00,5.892128027879821,0.09370803248692541
3576,2009-10-16,2009-10-16 23:00:00,5.878851369306978,0.05622956860101253
3577,2009-10-17,2009-10-17 23:00:00,5.899354369195875,0.031753474066641994
3578,2009-10-18,2009-10-18 23:00:00,5.881726354883973,0.029492525745010323
3579,2009-10-19,2009-10-19 23:00:00,5.771976398089504,0.18916226013465032
3580,2009-10-20,2009-10-20 23:00:00,5.774735360247251,0.1744553441556999
3581,2009-10-21,2009-10-21 23:00:00,5.849629360365721,0.11704859602482279
3582,2009-10-22,2009-10-22 23:00:00,5.692867337625759,0.12633593831802084
3583,2009-10-23,2009-10-23 23:00:00,5.7660494587457505,0.1121837420673574
3584,2009-10-24,2009-10-24 23:00:00,5.804888610090276,0.1673969229829201
3585,2009-10-25,2009-10-25 23:00:00,5.690296263413039,0.22586553239117826
3586,2009-10-26,2009-10-26 23:00:00,5.830214667341761,0.11440003294489731
3587,2009-10-27,2009-10-27 23:00:00,5.802888263872911,0.12955565114408765
3588,2009-10-28,2009-10-28 23:00:00,5.923300420754555,0.07636325561428944
3589,2009-10-29,2009-10-29 23:00:00,5.867912770665817,0.14924702137037715
3590,2009-10-30,2009-10-30 23:00:00,5.854228960961879,0.20886391401261936
3591,2009-10-31,2009-10-31 23:00:00,5.73705128106648,0.21901029208692266
3592,2009-11-01,2009-11-01 23:00:00,5.644033524773352,0.14792343233747007
3593,2009-11-02,2009-11-02 23:00:00,5.779688761997377,0.07492079408519405
3594,2009-11-03,2009-11-03 23:00:00,5.74409549385431,0.12346461849713893
3595,2009-11-04,2009-11-04 23:00:00,5.751269280474918,0.10630407827813916
3596,2009-11-05,2009-11-05 23:00:00,5.760026377236222,0.09286831174700239
3597,2009-11-06,2009-11-06 23:00:00,5.669250598761029,0.11060660875117147
3598,2009-11-07,2009-11-07 23:00:00,5.761003353588406,0.036826737899756226
3599,2009-11-08,2009-11-08 23:00:00,5.719631940868653,0.04143920160322468
3600,2009-11-09,2009-11-09 23:00:00,5.724985108504977,0.06081179215947024
3601,2009-11-10,2009-11-10 23:00:00,5.783331324579688,0.07911418844692471
3602,2009-11-11,2009-11-11 23:00:00,5.709670345143803,0.1061942985916832
3603,2009-11-12,2009-11-12 23:00:00,5.764010673583073,0.10105777695406114
3604,2009-11-13,2009-11-13 23:00:00,5.752925057517189,0.11051965739470433
3605,2009-11-14,2009-11-14 23:00:00,5.778197554954207,0.06267309130627918
3606,2009-11-15,2009-11-15 23:00:00,5.781362944850454,0.03246484350296664
3607,2009-11-16,2009-11-16 23:00:00,5.7343327980568235,0.10300099511147015
3608,2009-11-17,2009-11-17 23:00:00,5.828207871405437,0.057291599995276735
3609,2009-11-18,2009-11-18 23:00:00,5.795267496318357,0.1071158821060559
3610,2009-11-19,2009-11-19 23:00:00,5.765118950596715,0.11615406394086826
3611,2009-11-20,2009-11-20 23:00:00,5.8586893420736414,0.019689240048402955
3612,2009-11-21,2009-11-21 23:00:00,5.91826222671867,0.0485720075334402
3613,2009-11-22,2009-11-22 23:00:00,5.914333894504646,0.0754514158677687
3614,2009-11-23,2009-11-23 23:00:00,5.890804755138565,0.20376946592378595
3615,2009-11-24,2009-11-24 23:00:00,5.88010984294143,0.14298258340497813
3616,2009-11-25,2009-11-25 23:00:00,6.040588089286646,0.07459390031451628
3617,2009-11-26,2009-11-26 23:00:00,6.047863702083661,0.07986405108604472
3618,2009-11-27,2009-11-27 23:00:00,6.112298923584994,0.13698622300156332
3619,2009-11-28,2009-11-28 23:00:00,5.914477205199023,0.16056043477890697
3620,2009-11-29,2009-11-29 23:00:00,5.955794022017173,0.13299626858672403
3621,2009-11-30,2009-11-30 23:00:00,6.026391958598816,0.22340125034295374
3622,2009-12-01,2009-12-01 23:00:00,6.070846760565774,0.12707950399681484
3623,2009-12-02,2009-12-02 23:00:00,5.967722546417948,0.12722729578238592
3624,2009-12-03,2009-12-03 23:00:00,5.898375403160884,0.20181254698536213
3625,2009-12-04,2009-12-04 23:00:00,5.999929116229375,0.12170662955947029
3626,2009-12-05,2009-12-05 23:00:00,6.111736504519979,0.11597300825889961
3627,2009-12-06,2009-12-06 23:00:00,6.138016466768324,0.06075752125729939
3628,2009-12-07,2009-12-07 23:00:00,6.1296250739771425,0.20999354889387722
3629,2009-12-08,2009-12-08 23:00:00,6.125854049673939,0.1467468380727273
3630,2009-12-09,2009-12-09 23:00:00,6.267121340366131,0.08235491729815973
3631,2009-12-10,2009-12-10 23:00:00,6.170129768332257,0.20697080136632776
3632,2009-12-11,2009-12-11 23:00:00,6.3019392953819695,0.06070098786625928
3633,2009-12-12,2009-12-12 23:00:00,6.317860153960884,0.01414948189030003
3634,2009-12-13,2009-12-13 23:00:00,6.190474869907845,0.2620149785666663
3635,2009-12-14,2009-12-14 23:00:00,6.353590663625655,0.15564984535229764
3636,2009-12-15,2009-12-15 23:00:00,6.112804040452843,0.3941866545345765
3637,2009-12-16,2009-12-16 23:00:00,6.395189217869884,0.04207288728669407
3638,2009-12-17,2009-12-17 23:00:00,6.368390413815555,0.020902157887519254
3639,2009-12-18,2009-12-18 23:00:00,6.1536617988277,0.36139487538137005
3640,2009-12-19,2009-12-19 23:00:00,6.364278822724178,0.06528789007875162
3641,2009-12-20,2009-12-20 23:00:00,6.061574935118379,0.4112040863319694
3642,2009-12-21,2009-12-21 23:00:00,6.3275833558881684,0.16062248091708728
3643,2009-12-22,2009-12-22 23:00:00,5.652599556639093,0.8297093963671601
3644,2009-12-23,2009-12-23 23:00:00,5.99832822779305,0.3727272038458448
3645,2009-12-24,2009-12-24 23:00:00,5.477195811375528,0.5866321569877371
3646,2009-12-25,2009-12-25 23:00:00,5.797701055696254,0.11224597841367633
3647,2009-12-26,2009-12-26 23:00:00,5.746641944525318,0.16921024730201545
3648,2009-12-27,2009-12-27 23:00:00,5.633646356674894,0.12730336057373473
3649,2009-12-28,2009-12-28 23:00:00,5.539866456988651,0.32894081735443453
3650,2009-12-29,2009-12-29 23:00:00,5.69750733220653,0.18823019064265797
3651,2009-12-30,2009-12-30 23:00:00,5.655261454666701,0.1779084997197237
3652,2009-12-31,2009-12-31 23:00:00,5.7265018900845135,0.15099643665935733
3653,2010-01-01,2010-01-01 23:00:00,5.595564940416845,0.04485526496099713
3654,2010-01-02,2010-01-02 23:00:00,5.576576422694747,0.07792942074625804
3655,2010-01-03,2010-01-03 23:00:00,5.587038663270071,0.16126279846856473
3656,2010-01-04,2010-01-04 23:00:00,5.598308081720444,0.19908002837574698
3657,2010-01-05,2010-01-05 23:00:00,5.589364813578396,0.11998542248888715
3658,2010-01-06,2010-01-06 23:00:00,5.61546918189429,0.1934569509273736
3659,2010-01-07,2010-01-07 23:00:00,5.662297294587579,0.17134729783356742
3660,2010-01-08,2010-01-08 23:00:00,5.823510732842725,0.15438725818097154
3661,2010-01-09,2010-01-09 23:00:00,5.817114226204571,0.1359187162972604
3662,2010-01-10,2010-01-10 23:00:00,6.097379205609344,0.014561270378497108
3663,2010-01-11,2010-01-11 23:00:00,6.101691817422249,0.04005643080112593
3664,2010-01-12,2010-01-12 23:00:00,5.940331342353782,0.21020360227230764
3665,2010-01-13,2010-01-13 23:00:00,5.963578459028439,0.20515656546112734
3666,2010-01-14,2010-01-14 23:00:00,6.0461275767356994,0.07567325913870142
3667,2010-01-15,2010-01-15 23:00:00,5.921982104534838,0.12819746175390762
3668,2010-01-16,2010-01-16 23:00:00,5.9322296567363475,0.05720427092114442
3669,2010-01-17,2010-01-17 23:00:00,5.913840285038074,0.033075606904742996
3670,2010-01-18,2010-01-18 23:00:00,5.957873119712384,0.11493400999396468
3671,2010-01-19,2010-01-19 23:00:00,5.867128497678327,0.15200511482968307
3672,2010-01-20,2010-01-20 23:00:00,5.92762943352631,0.07043255155573719
3673,2010-01-21,2010-01-21 23:00:00,5.794972133667936,0.14496187508985292
3674,2010-01-22,2010-01-22 23:00:00,5.7732954650934,0.15570721847216124
3675,2010-01-23,2010-01-23 23:00:00,5.852856569133391,0.08714190850543327
3676,2010-01-24,2010-01-24 23:00:00,5.840326160222685,0.04752737363663268
3677,2010-01-25,2010-01-25 23:00:00,5.874300465712325,0.13531598485352989
3678,2010-01-26,2010-01-26 23:00:00,5.82794945644567,0.13468719068470103
3679,2010-01-27,2010-01-27 23:00:00,5.7906057812537695,0.09574049051062831
3680,2010-01-28,2010-01-28 23:00:00,5.7472229803349775,0.18797593281144387
3681,2010-01-29,2010-01-29 23:00:00,5.670844800123899,0.15409027979983503
3682,2010-01-30,2010-01-30 23:00:00,5.7456092616687355,0.27358345053855243
3683,2010-01-31,2010-01-31 23:00:00,5.629356448282306,0.024915750242797803
3684,2010-02-01,2010-02-01 23:00:00,5.653962078237993,0.15907426947228906
3685,2010-02-02,2010-02-02 23:00:00,5.6780734484796875,0.14100158965701245
3686,2010-02-03,2010-02-03 23:00:00,5.6383634528634765,0.10474516630448255
3687,2010-02-04,2010-02-04 23:00:00,5.653011434712027,0.1089493457691819
3688,2010-02-05,2010-02-05 23:00:00,5.665966664961132,0.042078379099371496
3689,2010-02-06,2010-02-06 23:00:00,5.837557680250556,0.24372238046577563
3690,2010-02-07,2010-02-07 23:00:00,5.6754095643710345,0.08674381071011181
3691,2010-02-08,2010-02-08 23:00:00,5.816223059918556,0.22132749968398915
3692,2010-02-09,2010-02-09 23:00:00,5.919356034363055,0.23634953817010984
3693,2010-02-10,2010-02-10 23:00:00,5.74271529761887,0.18990926316901213
3694,2010-02-11,2010-02-11 23:00:00,5.71119857435822,0.1981060486582117
3695,2010-02-12,2010-02-12 23:00:00,5.852916435234721,0.22219883984997316
3696,2010-02-13,2010-02-13 23:00:00,5.923111519618679,0.2694561960705289
3697,2010-02-14,2010-02-14 23:00:00,5.933350840321278,0.19767800652574916
3698,2010-02-15,2010-02-15 23:00:00,6.20078706026175,0.2970226732290484
3699,2010-02-16,2010-02-16 23:00:00,6.525591606896131,0.03470235671786779
3700,2010-02-17,2010-02-17 23:00:00,6.271032714222717,0.22980670219195604
3701,2010-02-18,2010-02-18 23:00:00,6.087652859221358,0.08335046387300658
3702,2010-02-19,2010-02-19 23:00:00,6.011178770539051,0.08724475412504223
3703,2010-02-20,2010-02-20 23:00:00,6.386074241439656,0.26945889431264836
3704,2010-02-21,2010-02-21 23:00:00,6.288827155920501,0.14700660016113368
3705,2010-02-22,2010-02-22 23:00:00,6.512181557844909,0.10483955282968671
3706,2010-02-23,2010-02-23 23:00:00,6.466185646757471,0.11624889973753813
3707,2010-02-24,2010-02-24 23:00:00,6.205044809672553,0.16558249076271697
3708,2010-02-25,2010-02-25 23:00:00,6.260205113964464,0.17973521027475048
3709,2010-02-26,2010-02-26 23:00:00,6.239242921752179,0.0475601863790342
3710,2010-02-27,2010-02-27 23:00:00,6.221279735589107,0.036523357388660374
3711,2010-02-28,2010-02-28 23:00:00,6.087967340443316,0.05145700251090429
3712,2010-03-01,2010-03-01 23:00:00,6.1141279372266055,0.04416537692063921
3713,2010-03-02,2010-03-02 23:00:00,6.015824628005511,0.124367181898606
3714,2010-03-03,2010-03-03 23:00:00,6.12542035511379,0.183657514506558
3715,2010-03-04,2010-03-04 23:00:00,6.149417866157936,0.20412989942469037
3716,2010-03-05,2010-03-05 23:00:00,6.068476581628932,0.02265401399450979
3717,2010-03-06,2010-03-06 23:00:00,6.053002016385392,0.013873303980417404
3718,2010-03-07,2010-03-07 23:00:00,5.998972948489996,0.027500166339085523
3719,2010-03-08,2010-03-08 23:00:00,6.185161677532932,0.13330188051059996
3720,2010-03-09,2010-03-09 23:00:00,6.109355028324626,0.11063756937333886
3721,2010-03-10,2010-03-10 23:00:00,6.044541581801886,0.010676459827921285
3722,2010-03-11,2010-03-11 23:00:00,6.054428780778778,0.014105058056721758
3723,2010-03-12,2010-03-12 23:00:00,6.017856012402045,0.02310592254345566
3724,2010-03-13,2010-03-13 23:00:00,5.995989180602393,0.012643745358720506
3725,2010-03-14,2010-03-14 23:00:00,5.930796867149671,0.016065890053634364
3726,2010-03-15,2010-03-15 23:00:00,5.898907834859281,0.022456734548070265
3727,2010-03-16,2010-03-16 23:00:00,5.962109226744201,0.24292138894982082
3728,2010-03-17,2010-03-17 23:00:00,6.016023146307423,0.21969842223938274
3729,2010-03-18,2010-03-18 23:00:00,6.041580554096572,0.25890075634104553
3730,2010-03-19,2010-03-19 23:00:00,6.100515510421004,0.2483968787046298
3731,2010-03-20,2010-03-20 23:00:00,6.021435310561813,0.2371345253568031
3732,2010-03-21,2010-03-21 23:00:00,5.8651990906252225,0.11837600622066133
3733,2010-03-22,2010-03-22 23:00:00,5.905184782159799,0.15435336514551598
3734,2010-03-23,2010-03-23 23:00:00,5.902236015184329,0.13617848815045708
3735,2010-03-24,2010-03-24 23:00:00,5.878622421533888,0.05234258482441789
3736,2010-03-25,2010-03-25 23:00:00,5.847404701804258,0.042402743371841356
3737,2010-03-26,2010-03-26 23:00:00,5.880307361593505,0.14724183139624375
3738,2010-03-27,2010-03-27 23:00:00,5.881361667239697,0.06566785282182383
3739,2010-03-28,2010-03-28 23:00:00,5.981113745533672,0.15558384580690027
3740,2010-03-29,2010-03-29 23:00:00,6.006818510162815,0.1864522602027512
3741,2010-03-30,2010-03-30 23:00:00,6.192670740846403,0.1910367364005193
3742,2010-03-31,2010-03-31 23:00:00,6.445811904769587,0.09923997373530292
3743,2010-04-01,2010-04-01 23:00:00,6.289691342894504,0.0638404005362851
3744,2010-04-02,2010-04-02 23:00:00,6.204479643733888,0.10698395371053399
3745,2010-04-03,2010-04-03 23:00:00,6.215291452305649,0.08382384778117145
3746,2010-04-04,2010-04-04 23:00:00,6.173766193006178,0.020337793416848663
3747,2010-04-05,2010-04-05 23:00:00,6.059643032178581,0.12363873243854547
3748,2010-04-06,2010-04-06 23:00:00,5.848025397569707,0.061695209717598745
3749,2010-04-07,2010-04-07 23:00:00,5.8388527135543065,0.047108493225411094
3750,2010-04-08,2010-04-08 23:00:00,5.819720616275617,0.0010378492864324615
3751,2010-04-09,2010-04-09 23:00:00,5.829135284132435,0.00010661171700515365
3752,2010-04-10,2010-04-10 23:00:00,5.835716781819833,0.03752565108867211
3753,2010-04-11,2010-04-11 23:00:00,6.391338853843571,0.23470287673463378
3754,2010-04-12,2010-04-12 23:00:00,6.2903774243474855,0.11968461667043453
3755,2010-04-13,2010-04-13 23:00:00,6.3047065471271635,0.03995539371033446
3756,2010-04-14,2010-04-14 23:00:00,6.256158045254005,0.18509559346459262
3757,2010-04-15,2010-04-15 23:00:00,6.316175102033294,0.017853616288865583
3758,2010-04-16,2010-04-16 23:00:00,6.32026064277444,0.0024230477752338673
3759,2010-04-17,2010-04-17 23:00:00,6.3212609114564415,0.003148924513957677
3760,2010-04-18,2010-04-18 23:00:00,6.223156694810118,0.17420052727079902
3761,2010-04-19,2010-04-19 23:00:00,5.8631032921979065,0.05117555086806006
3762,2010-04-20,2010-04-20 23:00:00,5.827871789394862,0.03365164086769568
3763,2010-04-21,2010-04-21 23:00:00,5.824841605450679,0.1556471817502008
3764,2010-04-22,2010-04-22 23:00:00,5.780263511307335,0.03596687511563137
3765,2010-04-23,2010-04-23 23:00:00,5.8086675126619385,0.17011823200630646
3766,2010-04-24,2010-04-24 23:00:00,5.888998819671362,0.2620406154310302
3767,2010-04-25,2010-04-25 23:00:00,5.9435591140505695,0.19173756312966592
3768,2010-04-26,2010-04-26 23:00:00,5.937262989750053,0.036079451845689316
3769,2010-04-27,2010-04-27 23:00:00,5.902076868806785,0.03709558921736098
3770,2010-04-28,2010-04-28 23:00:00,5.919200019581318,0.20084667966525163
3771,2010-04-29,2010-04-29 23:00:00,5.951136307318826,0.21109205013443952
3772,2010-04-30,2010-04-30 23:00:00,5.892009542642218,0.007817890115647463
3773,2010-05-01,2010-05-01 23:00:00,5.859771804733287,0.05984689957013574
3774,2010-05-02,2010-05-02 23:00:00,5.83022936428884,0.08065664503851654
3775,2010-05-03,2010-05-03 23:00:00,5.833272900604619,0.018720883659342612
3776,2010-05-04,2010-05-04 23:00:00,5.801179453611563,0.045950286958820044
3777,2010-05-05,2010-05-05 23:00:00,5.814543710793714,0.07397436040114458
3778,2010-05-06,2010-05-06 23:00:00,5.801353005349019,0.043915926427847946
3779,2010-05-07,2010-05-07 23:00:00,5.911240208399582,0.2723063262528461
3780,2010-05-08,2010-05-08 23:00:00,5.8215689056721445,0.08415493847430443
3781,2010-05-09,2010-05-09 23:00:00,5.776652103984339,0.027389942395304272
3782,2010-05-10,2010-05-10 23:00:00,5.814347709517979,0.048659638406109165
3783,2010-05-11,2010-05-11 23:00:00,5.804449323168739,0.023977674363179068
3784,2010-05-12,2010-05-12 23:00:00,5.771628134312984,0.010140368338315551
3785,2010-05-13,2010-05-13 23:00:00,5.7866672005601805,0.17717915983046978
3786,2010-05-14,2010-05-14 23:00:00,5.769744053772727,0.021663543441459238
3787,2010-05-15,2010-05-15 23:00:00,5.780948792209833,0.0007671331627418076
3788,2010-05-16,2010-05-16 23:00:00,5.780615214020021,0.0011681458379045992
3789,2010-05-17,2010-05-17 23:00:00,5.778286612373843,0.0010840706116305554
3790,2010-05-18,2010-05-18 23:00:00,5.829421201952637,0.2206366811185457
3791,2010-05-19,2010-05-19 23:00:00,5.88308631175244,0.30900321103357675
3792,2010-05-20,2010-05-20 23:00:00,5.759249329004597,0.18103899290530964
3793,2010-05-21,2010-05-21 23:00:00,5.779030594127145,0.17188009731619763
3794,2010-05-22,2010-05-22 23:00:00,5.866116791215596,0.1675494740838946
3795,2010-05-23,2010-05-23 23:00:00,5.787320275811919,0.01723724529308017
3796,2010-05-24,2010-05-24 23:00:00,5.791242277406115,0.25302218669383586
3797,2010-05-25,2010-05-25 23:00:00,5.719194808814731,0.014523410363989525
3798,2010-05-26,2010-05-26 23:00:00,5.723608872046171,0.015778200366992432
3799,2010-05-27,2010-05-27 23:00:00,5.759744433144728,0.018712066672437484
3800,2010-05-28,2010-05-28 23:00:00,5.759269933006343,0.0016688973743856689
3801,2010-05-29,2010-05-29 23:00:00,5.690453583382349,0.01335149636231936
3802,2010-05-30,2010-05-30 23:00:00,5.7142655967869915,0.02167188930977485
3803,2010-05-31,2010-05-31 23:00:00,5.722031550742577,0.0026245720369277624
3804,2010-06-01,2010-06-01 23:00:00,5.678064239177691,0.020958774105352913
3805,2010-06-02,2010-06-02 23:00:00,5.6552461187453575,0.00011720524221252173
3806,2010-06-03,2010-06-03 23:00:00,5.591778010590194,0.10681241903592226
3807,2010-06-04,2010-06-04 23:00:00,5.005874555325398,0.48585327662232625
3808,2010-06-05,2010-06-05 23:00:00,5.011264241076788,0.1848846870862021
3809,2010-06-06,2010-06-06 23:00:00,5.090532237364365,0.04914722015644232
3810,2010-06-07,2010-06-07 23:00:00,5.073020585070162,0.07376327425904032
3811,2010-06-08,2010-06-08 23:00:00,5.235469423865056,0.18010455622620802
3812,2010-06-09,2010-06-09 23:00:00,5.2338663386967434,0.26446830464096494
3813,2010-06-10,2010-06-10 23:00:00,5.267154926130304,0.37269211821729953
3814,2010-06-11,2010-06-11 23:00:00,5.250589654262842,0.2592944138450925
3815,2010-06-12,2010-06-12 23:00:00,5.10714950698513,0.22948131413418058
3816,2010-06-13,2010-06-13 23:00:00,5.033771567164756,0.006589509220781224
3817,2010-06-14,2010-06-14 23:00:00,5.053187269462238,0.05681767001122864
3818,2010-06-15,2010-06-15 23:00:00,5.163866027089626,0.3208867585845838
3819,2010-06-16,2010-06-16 23:00:00,5.091397386806492,0.2643468164081885
3820,2010-06-17,2010-06-17 23:00:00,5.103783997636304,0.34914118719178505
3821,2010-06-18,2010-06-18 23:00:00,4.994923913322859,0.3086269223306235
3822,2010-06-19,2010-06-19 23:00:00,5.033591820698697,0.23779813225068155
3823,2010-06-20,2010-06-20 23:00:00,5.062285521874909,0.15504705649416806
3824,2010-06-21,2010-06-21 23:00:00,5.3691986240011405,0.3185463886919062
3825,2010-06-22,2010-06-22 23:00:00,5.437844390004197,0.19340834584539715
3826,2010-06-23,2010-06-23 23:00:00,5.444703969259962,0.21678690809656784
3827,2010-06-24,2010-06-24 23:00:00,5.337233887790279,0.09472363248973242
3828,2010-06-25,2010-06-25 23:00:00,5.391875202520268,0.21871981495477053
3829,2010-06-26,2010-06-26 23:00:00,5.4121492876446595,0.14066784940737365
3830,2010-06-27,2010-06-27 23:00:00,5.278240582864137,0.06969932719487934
3831,2010-06-28,2010-06-28 23:00:00,5.245669954335285,0.12380016459072822
3832,2010-06-29,2010-06-29 23:00:00,5.42874321193242,0.2658738044166649
3833,2010-06-30,2010-06-30 23:00:00,5.475640619223033,0.23763541978376354
3834,2010-07-01,2010-07-01 23:00:00,5.358706754388213,0.15084382227030124
3835,2010-07-02,2010-07-02 23:00:00,5.243650923226057,0.004117890573030515
3836,2010-07-03,2010-07-03 23:00:00,5.243277850340976,0.015268637166595985
3837,2010-07-04,2010-07-04 23:00:00,5.234316416985202,0.009785484763961917
3838,2010-07-05,2010-07-05 23:00:00,5.2676158660639185,0.041581656943723774
3839,2010-07-06,2010-07-06 23:00:00,5.307854147321051,0.21458860953689068
3840,2010-07-07,2010-07-07 23:00:00,5.344265525092998,0.2164108615602912
3841,2010-07-08,2010-07-08 23:00:00,5.270087700569822,0.0520299951596429
3842,2010-07-09,2010-07-09 23:00:00,5.154560339383376,0.2636937173593694
3843,2010-07-10,2010-07-10 23:00:00,5.283461777432207,0.015206364755617303
3844,2010-07-11,2010-07-11 23:00:00,5.2665654111560185,0.031455229034197445
3845,2010-07-12,2010-07-12 23:00:00,5.00480813285522,0.5550972121309236
3846,2010-07-13,2010-07-13 23:00:00,5.302370665078473,0.127735341868189
3847,2010-07-14,2010-07-14 23:00:00,5.267905383825053,0.1827226443635662
3848,2010-07-15,2010-07-15 23:00:00,5.203028421295778,0.08542376361843196
3849,2010-07-16,2010-07-16 23:00:00,5.211511634621545,0.1971946859360409
3850,2010-07-17,2010-07-17 23:00:00,5.165357055583905,0.03025170849031887
3851,2010-07-18,2010-07-18 23:00:00,5.1261854283142565,0.04317086021429252
3852,2010-07-19,2010-07-19 23:00:00,5.106235004796215,0.06866557272937122
3853,2010-07-20,2010-07-20 23:00:00,5.032026853854432,0.02280910580942112
3854,2010-07-21,2010-07-21 23:00:00,5.080604851572677,0.19705910270379778
3855,2010-07-22,2010-07-22 23:00:00,5.016920280309634,0.29464945956826144
3856,2010-07-23,2010-07-23 23:00:00,5.078276397726984,0.14063381879533055
3857,2010-07-24,2010-07-24 23:00:00,5.050250900718279,0.052687099426639704
3858,2010-07-25,2010-07-25 23:00:00,5.103404175689405,0.05972545301014838
3859,2010-07-26,2010-07-26 23:00:00,5.162290463168684,0.2174233289084873
3860,2010-07-27,2010-07-27 23:00:00,5.222510500628732,0.13529677820346717
3861,2010-07-28,2010-07-28 23:00:00,5.201425897125056,0.09934530866357882
3862,2010-07-29,2010-07-29 23:00:00,5.189755034554769,0.22283529738912525
3863,2010-07-30,2010-07-30 23:00:00,5.123848562520646,0.11443071312190108
3864,2010-07-31,2010-07-31 23:00:00,5.1176917036322385,0.14998632609537715
3865,2010-08-01,2010-08-01 23:00:00,5.076866925726633,0.02065745416900363
3866,2010-08-02,2010-08-02 23:00:00,4.944600935313322,0.36949535243889475
3867,2010-08-03,2010-08-03 23:00:00,5.110553361588061,0.25789945927124436
3868,2010-08-04,2010-08-04 23:00:00,5.0391798546267275,0.054745279969364756
3869,2010-08-05,2010-08-05 23:00:00,4.891350867522483,0.2525032829027086
3870,2010-08-06,2010-08-06 23:00:00,4.9700752390403204,0.11998365997019302
3871,2010-08-07,2010-08-07 23:00:00,4.981312634948863,0.1600390575507255
3872,2010-08-08,2010-08-08 23:00:00,4.941637984800518,0.03529264366600641
3873,2010-08-09,2010-08-09 23:00:00,4.973415393354223,0.15330167638922262
3874,2010-08-10,2010-08-10 23:00:00,4.989638776103653,0.32230473420798733
3875,2010-08-11,2010-08-11 23:00:00,5.088512788004874,0.29951892620282433
3876,2010-08-12,2010-08-12 23:00:00,5.2454437654490125,0.2625340760473328
3877,2010-08-13,2010-08-13 23:00:00,5.168486521186716,0.17986217441125307
3878,2010-08-14,2010-08-14 23:00:00,5.195660952369423,0.20436630610721457
3879,2010-08-15,2010-08-15 23:00:00,5.118699665181474,0.0681663276683728
3880,2010-08-16,2010-08-16 23:00:00,5.114459145761105,0.08727174623738003
3881,2010-08-17,2010-08-17 23:00:00,5.024263505783163,0.37143287898362154
3882,2010-08-18,2010-08-18 23:00:00,5.189141116906032,0.2661941341922013
3883,2010-08-19,2010-08-19 23:00:00,5.336672693829217,0.18839480899125938
3884,2010-08-20,2010-08-20 23:00:00,5.2738707515407395,0.09771332313788464
3885,2010-08-21,2010-08-21 23:00:00,5.257825617405866,0.10163143538353646
3886,2010-08-22,2010-08-22 23:00:00,5.218651048170204,0.09041480010706297
3887,2010-08-23,2010-08-23 23:00:00,5.317259221797154,0.2625209143248769
3888,2010-08-24,2010-08-24 23:00:00,5.322427438805355,0.2568779331184428
3889,2010-08-25,2010-08-25 23:00:00,5.411312337995599,0.22722480728605207
3890,2010-08-26,2010-08-26 23:00:00,5.422655746637116,0.12440127327807088
3891,2010-08-27,2010-08-27 23:00:00,5.418012788647462,0.09492190020349775
3892,2010-08-28,2010-08-28 23:00:00,5.391150580816695,0.18547442667060798
3893,2010-08-29,2010-08-29 23:00:00,5.327616786749668,0.04129754580907858
3894,2010-08-30,2010-08-30 23:00:00,5.464060270008367,0.2558511540879786
3895,2010-08-31,2010-08-31 23:00:00,5.576884568244625,0.20181896495211085
3896,2010-09-01,2010-09-01 23:00:00,5.623318539899688,0.18247992686859352
3897,2010-09-02,2010-09-02 23:00:00,5.557730892183997,0.14375037046771358
3898,2010-09-03,2010-09-03 23:00:00,5.413697070237063,0.06227504004018982
3899,2010-09-04,2010-09-04 23:00:00,5.384540388712804,0.054053453127886716
3900,2010-09-05,2010-09-05 23:00:00,5.374801029260742,0.029346149131680117
3901,2010-09-06,2010-09-06 23:00:00,5.485668622230134,0.24795772164076807
3902,2010-09-07,2010-09-07 23:00:00,5.397774275551405,0.017885987174116845
3903,2010-09-08,2010-09-08 23:00:00,5.367147302568072,0.02716013391242803
3904,2010-09-09,2010-09-09 23:00:00,5.417005770579824,0.21603680641180606
3905,2010-09-10,2010-09-10 23:00:00,5.324163750680131,0.054955406526563756
3906,2010-09-11,2010-09-11 23:00:00,5.308521150427247,0.012767219023930172
3907,2010-09-12,2010-09-12 23:00:00,5.308525042198412,0.018637897064243403
3908,2010-09-13,2010-09-13 23:00:00,5.309791326733062,0.13538022974854846
3909,2010-09-14,2010-09-14 23:00:00,5.314947105846264,0.1923710164829951
3910,2010-09-15,2010-09-15 23:00:00,5.415779046221036,0.2165922048464502
3911,2010-09-16,2010-09-16 23:00:00,5.42225800191208,0.17168252048364033
3912,2010-09-17,2010-09-17 23:00:00,5.457786327434772,0.18318252949404584
3913,2010-09-18,2010-09-18 23:00:00,5.445598662501197,0.16824036480029428
3914,2010-09-19,2010-09-19 23:00:00,5.3382733289669595,0.1652258861207215
3915,2010-09-20,2010-09-20 23:00:00,5.542633386080222,0.15034225959154868
3916,2010-09-21,2010-09-21 23:00:00,5.477210853504758,0.1253599252960178
3917,2010-09-22,2010-09-22 23:00:00,5.615140400032807,0.15697794806399826
3918,2010-09-23,2010-09-23 23:00:00,5.676653219136651,0.1846935602488615
3919,2010-09-24,2010-09-24 23:00:00,5.731776717299833,0.1885756589565203
3920,2010-09-25,2010-09-25 23:00:00,5.579935911375645,0.2007314073795935
3921,2010-09-26,2010-09-26 23:00:00,5.49563801336447,0.10657934836325944
3922,2010-09-27,2010-09-27 23:00:00,5.567814683991235,0.2861635365129659
3923,2010-09-28,2010-09-28 23:00:00,5.681349566817796,0.29026782362107206
3924,2010-09-29,2010-09-29 23:00:00,5.744103461668849,0.2710647694388269
3925,2010-09-30,2010-09-30 23:00:00,5.722395774187002,0.2550139898448654
3926,2010-10-01,2010-10-01 23:00:00,5.61282659736828,0.16790181119643643
3927,2010-10-02,2010-10-02 23:00:00,5.5578550787919925,0.15253341134014972
3928,2010-10-03,2010-10-03 23:00:00,5.520218309104049,0.14735164920884694
3929,2010-10-04,2010-10-04 23:00:00,5.707742583804631,0.2386825502443984
3930,2010-10-05,2010-10-05 23:00:00,5.6199561999339,0.30103622984074024
3931,2010-10-06,2010-10-06 23:00:00,5.810570267525233,0.2818259773727804
3932,2010-10-07,2010-10-07 23:00:00,5.8373332320085725,0.2842856949981687
3933,2010-10-08,2010-10-08 23:00:00,5.725634044251234,0.25032863241193776
3934,2010-10-09,2010-10-09 23:00:00,5.634957857428037,0.17201914201008095
3935,2010-10-10,2010-10-10 23:00:00,5.565914784726126,0.16252884058507167
3936,2010-10-11,2010-10-11 23:00:00,5.804172940353836,0.25526232826792905
3937,2010-10-12,2010-10-12 23:00:00,5.739199367219615,0.1783416886238695
3938,2010-10-13,2010-10-13 23:00:00,5.720214992228179,0.16700909442002926
3939,2010-10-14,2010-10-14 23:00:00,5.648031384556567,0.15525637867019584
3940,2010-10-15,2010-10-15 23:00:00,5.784552869750449,0.19185658375519898
3941,2010-10-16,2010-10-16 23:00:00,5.757296626188221,0.15278654624688995
3942,2010-10-17,2010-10-17 23:00:00,5.689417549522546,0.092044614756511
3943,2010-10-18,2010-10-18 23:00:00,5.688753048054825,0.1438528466200956
3944,2010-10-19,2010-10-19 23:00:00,5.813802421977736,0.18068062329685486
3945,2010-10-20,2010-10-20 23:00:00,5.739230096865472,0.1054525025650932
3946,2010-10-21,2010-10-21 23:00:00,5.662493323708123,0.05036733385635046
3947,2010-10-22,2010-10-22 23:00:00,5.654083100087892,0.05537349433529673
3948,2010-10-23,2010-10-23 23:00:00,5.648919470662878,0.04550243026820723
3949,2010-10-24,2010-10-24 23:00:00,5.6242311007148444,0.05349693603048989
3950,2010-10-25,2010-10-25 23:00:00,5.724802588355106,0.24573415559632825
3951,2010-10-26,2010-10-26 23:00:00,5.725230793255662,0.17771319990485487
3952,2010-10-27,2010-10-27 23:00:00,5.71818459096541,0.15071897216601166
3953,2010-10-28,2010-10-28 23:00:00,5.65852973553972,0.042851795384632935
3954,2010-10-29,2010-10-29 23:00:00,5.669979063816871,0.030545717728045266
3955,2010-10-30,2010-10-30 23:00:00,5.642556836820735,0.019726059888445783
3956,2010-10-31,2010-10-31 23:00:00,5.575151890342393,0.026758899275522465
3957,2010-11-01,2010-11-01 23:00:00,5.594693701203805,0.05627945871721243
3958,2010-11-02,2010-11-02 23:00:00,5.571625723777892,0.09520630554373842
3959,2010-11-03,2010-11-03 23:00:00,5.546178408161338,0.08110525449653115
3960,2010-11-04,2010-11-04 23:00:00,5.528639668789906,0.1442548062715592
3961,2010-11-05,2010-11-05 23:00:00,5.513968424150181,0.11339299097136006
3962,2010-11-06,2010-11-06 23:00:00,5.514994290318434,0.13305178440734935
3963,2010-11-07,2010-11-07 23:00:00,5.511297002168926,0.06960689762855855
3964,2010-11-08,2010-11-08 23:00:00,5.493905571406884,0.27403606268911446
3965,2010-11-09,2010-11-09 23:00:00,5.505989046974047,0.26399400500801334
3966,2010-11-10,2010-11-10 23:00:00,5.503133784418151,0.08848825297433119
3967,2010-11-11,2010-11-11 23:00:00,5.483127878775707,0.16490973995369387
3968,2010-11-12,2010-11-12 23:00:00,5.467207101733609,0.2868941215326471
3969,2010-11-13,2010-11-13 23:00:00,5.354716764537208,0.15415891043309268
3970,2010-11-14,2010-11-14 23:00:00,5.274070905857319,0.1366213580007556
3971,2010-11-15,2010-11-15 23:00:00,5.228018898825925,0.1633497294183617
3972,2010-11-16,2010-11-16 23:00:00,5.115076209037353,0.21371762417192278
3973,2010-11-17,2010-11-17 23:00:00,5.005340886504029,0.3839796996112686
3974,2010-11-18,2010-11-18 23:00:00,4.962349473354521,0.5090020032223458
3975,2010-11-19,2010-11-19 23:00:00,4.809275776919034,0.5778242120408826
3976,2010-11-20,2010-11-20 23:00:00,4.784588545387147,0.5930405421340452
3977,2010-11-21,2010-11-21 23:00:00,4.656620883498145,0.28639091594082156
3978,2010-11-22,2010-11-22 23:00:00,4.921381176010109,0.516658558990899
3979,2010-11-23,2010-11-23 23:00:00,5.028989262512128,0.5068930287847867
3980,2010-11-24,2010-11-24 23:00:00,5.173985286822899,0.6006188636503205
3981,2010-11-25,2010-11-25 23:00:00,5.168760641165606,0.574741289349822
3982,2010-11-26,2010-11-26 23:00:00,5.175400594770988,0.5642323875613142
3983,2010-11-27,2010-11-27 23:00:00,4.987940271465733,0.5564114902761546
3984,2010-11-28,2010-11-28 23:00:00,4.4965676207853456,0.41178054693710253
3985,2010-11-29,2010-11-29 23:00:00,4.929854722523676,0.5237247328477594
3986,2010-11-30,2010-11-30 23:00:00,4.983693911010687,0.5567193689475799
3987,2010-12-01,2010-12-01 23:00:00,5.014668674688282,0.4219307462868262
3988,2010-12-02,2010-12-02 23:00:00,4.954664750916343,0.43241021427520876
3989,2010-12-03,2010-12-03 23:00:00,4.801068695190786,0.36339507920008046
3990,2010-12-04,2010-12-04 23:00:00,4.65899524123419,0.3312303867745786
3991,2010-12-05,2010-12-05 23:00:00,4.476214642170645,0.3346173065917809
3992,2010-12-06,2010-12-06 23:00:00,4.586103589586842,0.37911692915611
3993,2010-12-07,2010-12-07 23:00:00,4.6037527207821825,0.40078877043811395
3994,2010-12-08,2010-12-08 23:00:00,4.541060790689362,0.2981990225881418
3995,2010-12-09,2010-12-09 23:00:00,4.594304184534344,0.389650349017959
3996,2010-12-10,2010-12-10 23:00:00,4.522298539212293,0.33094470501984924
3997,2010-12-11,2010-12-11 23:00:00,4.917548937519816,0.44992901549400244
3998,2010-12-12,2010-12-12 23:00:00,4.4512850582379615,0.1875836948270525
3999,2010-12-13,2010-12-13 23:00:00,4.786029474329491,0.42889526249799387
4000,2010-12-14,2010-12-14 23:00:00,5.026150352946291,0.5196119891798343
4001,2010-12-15,2010-12-15 23:00:00,5.041917020772976,0.5429704644874247
4002,2010-12-16,2010-12-16 23:00:00,5.20115166849509,0.3754956845588958
4003,2010-12-17,2010-12-17 23:00:00,5.051255397385353,0.467555918839947
4004,2010-12-18,2010-12-18 23:00:00,4.938663904654518,0.4534924718342131
4005,2010-12-19,2010-12-19 23:00:00,4.578039424509199,0.40859095080011
4006,2010-12-20,2010-12-20 23:00:00,4.962859241747993,0.43098825676415947
4007,2010-12-21,2010-12-21 23:00:00,5.037935427034622,0.4815820754711977
4008,2010-12-22,2010-12-22 23:00:00,5.017562622027554,0.4742187147235457
4009,2010-12-23,2010-12-23 23:00:00,5.041063739001519,0.45306951137053364
4010,2010-12-24,2010-12-24 23:00:00,4.8652199445553626,0.473746401822029
4011,2010-12-25,2010-12-25 23:00:00,4.842817134805229,0.47436809647277656
4012,2010-12-26,2010-12-26 23:00:00,4.895949634800904,0.42277391202335174
4013,2010-12-27,2010-12-27 23:00:00,5.037790767750213,0.5385171498910817
4014,2010-12-28,2010-12-28 23:00:00,5.189653995337578,0.4847410906874918
4015,2010-12-29,2010-12-29 23:00:00,5.196685377988699,0.4405826533299061
4016,2010-12-30,2010-12-30 23:00:00,5.056983410331523,0.46582253873998186
4017,2010-12-31,2010-12-31 23:00:00,4.954058800520567,0.4305214777222759
4018,2011-01-01,2011-01-01 23:00:00,4.94636685937935,0.24153624179848654
4019,2011-01-02,2011-01-02 23:00:00,4.793388206026562,0.3903592228105432
4020,2011-01-03,2011-01-03 23:00:00,5.156923402641414,0.2528240202400899
4021,2011-01-04,2011-01-04 23:00:00,5.171224499898391,0.2807781418633714
4022,2011-01-05,2011-01-05 23:00:00,5.060063863733017,0.43937793986743945
4023,2011-01-06,2011-01-06 23:00:00,5.2309471316950615,0.129680763474923
4024,2011-01-07,2011-01-07 23:00:00,5.000050954795765,0.3482319457396468
4025,2011-01-08,2011-01-08 23:00:00,5.13518932582732,0.24798299465831034
4026,2011-01-09,2011-01-09 23:00:00,4.920766614165941,0.3463323114912801
4027,2011-01-10,2011-01-10 23:00:00,4.913393553515577,0.33360277842759506
4028,2011-01-11,2011-01-11 23:00:00,5.024511178439969,0.2472268046044888
4029,2011-01-12,2011-01-12 23:00:00,4.9534519767017,0.20795276589903416
4030,2011-01-13,2011-01-13 23:00:00,4.842381793525791,0.30767009147379265
4031,2011-01-14,2011-01-14 23:00:00,4.910443593938471,0.2601366794101648
4032,2011-01-15,2011-01-15 23:00:00,4.826208452524508,0.26820084027307534
4033,2011-01-16,2011-01-16 23:00:00,5.135155311295525,0.11390475382784977
4034,2011-01-17,2011-01-17 23:00:00,5.254222527850049,0.1656880953212235
4035,2011-01-18,2011-01-18 23:00:00,5.373555422821551,0.13941069537995077
4036,2011-01-19,2011-01-19 23:00:00,5.383523065901734,0.17805302851698082
4037,2011-01-20,2011-01-20 23:00:00,5.357813166043027,0.15794285786974957
4038,2011-01-21,2011-01-21 23:00:00,5.308120761611928,0.12182722464490783
4039,2011-01-22,2011-01-22 23:00:00,5.31091463036796,0.15141338266299073
4040,2011-01-23,2011-01-23 23:00:00,5.366188435271791,0.14138738713744045
4041,2011-01-24,2011-01-24 23:00:00,5.575622572996873,0.10666515068343825
4042,2011-01-25,2011-01-25 23:00:00,5.598960632019884,0.09205113458741873
4043,2011-01-26,2011-01-26 23:00:00,5.620262946493106,0.08513398270905585
4044,2011-01-27,2011-01-27 23:00:00,5.575206130274509,0.06189719203542985
4045,2011-01-28,2011-01-28 23:00:00,5.577810263077493,0.06804630927652358
4046,2011-01-29,2011-01-29 23:00:00,5.465217843796118,0.045580185630703846
4047,2011-01-30,2011-01-30 23:00:00,5.436590152301939,0.04654830978884919
4048,2011-01-31,2011-01-31 23:00:00,5.423434242618202,0.16076029781535645
4049,2011-02-01,2011-02-01 23:00:00,5.56955502994375,0.16022888409271868
4050,2011-02-02,2011-02-02 23:00:00,5.548412276053145,0.11829952948842469
4051,2011-02-03,2011-02-03 23:00:00,5.628357346319532,0.10864190809407188
4052,2011-02-04,2011-02-04 23:00:00,5.61910731111351,0.08537558384218531
4053,2011-02-05,2011-02-05 23:00:00,5.507807320783551,0.04085752559992908
4054,2011-02-06,2011-02-06 23:00:00,5.49774562778337,0.07651386984219087
4055,2011-02-07,2011-02-07 23:00:00,5.4937909937506655,0.031473850338104764
4056,2011-02-08,2011-02-08 23:00:00,5.480074125863793,0.024694947876444166
4057,2011-02-09,2011-02-09 23:00:00,5.461743029103748,0.02432972484735716
4058,2011-02-10,2011-02-10 23:00:00,5.4456354805313625,0.040715932024728674
4059,2011-02-11,2011-02-11 23:00:00,5.428552294792449,0.035411077957129625
4060,2011-02-12,2011-02-12 23:00:00,5.442815126335186,0.05571217425354949
4061,2011-02-13,2011-02-13 23:00:00,5.429113565779386,0.04037238437772869
4062,2011-02-14,2011-02-14 23:00:00,5.420688416900421,0.0495406137538464
4063,2011-02-15,2011-02-15 23:00:00,5.4004864609694465,0.10777221156362683
4064,2011-02-16,2011-02-16 23:00:00,5.304580181083258,0.027761262346026033
4065,2011-02-17,2011-02-17 23:00:00,5.27983269947438,0.04327930627705053
4066,2011-02-18,2011-02-18 23:00:00,5.3902381928400445,0.14717127242873043
4067,2011-02-19,2011-02-19 23:00:00,5.28213983135022,0.0322408432840337
4068,2011-02-20,2011-02-20 23:00:00,5.293926034560214,0.04495610917987025
4069,2011-02-21,2011-02-21 23:00:00,5.335554227757268,0.08385066979804738
4070,2011-02-22,2011-02-22 23:00:00,5.351936295384284,0.11869018810482751
4071,2011-02-23,2011-02-23 23:00:00,5.325212398929087,0.03359337194789824
4072,2011-02-24,2011-02-24 23:00:00,5.362323936241832,0.048022259236351825
4073,2011-02-25,2011-02-25 23:00:00,5.3967362572746795,0.15087854439764287
4074,2011-02-26,2011-02-26 23:00:00,5.319449639097074,0.06297183801824963
4075,2011-02-27,2011-02-27 23:00:00,5.346752321121696,0.04274140590647287
4076,2011-02-28,2011-02-28 23:00:00,5.333968990872264,0.11070633470820836
4077,2011-03-01,2011-03-01 23:00:00,5.2514606887016795,0.039035057325959854
4078,2011-03-02,2011-03-02 23:00:00,5.241609150101717,0.05651084365909514
4079,2011-03-03,2011-03-03 23:00:00,5.284198160282418,0.08272057248522073
4080,2011-03-04,2011-03-04 23:00:00,5.204817138177035,0.05460683784908373
4081,2011-03-05,2011-03-05 23:00:00,5.156184357308889,0.026213087949393248
4082,2011-03-06,2011-03-06 23:00:00,5.155791399256354,0.07183211554172612
4083,2011-03-07,2011-03-07 23:00:00,5.24478411325767,0.1441952850013905
4084,2011-03-08,2011-03-08 23:00:00,5.24419335866354,0.12808940484531944
4085,2011-03-09,2011-03-09 23:00:00,5.202939421094103,0.09821286177086339
4086,2011-03-10,2011-03-10 23:00:00,5.18062385448579,0.08555058340234216
4087,2011-03-11,2011-03-11 23:00:00,5.136143248169739,0.07238753354274664
4088,2011-03-12,2011-03-12 23:00:00,5.114725394708385,0.0743643860028991
4089,2011-03-13,2011-03-13 23:00:00,5.167322986490771,0.045720883035352586
4090,2011-03-14,2011-03-14 23:00:00,5.226170522600858,0.06507779146292486
4091,2011-03-15,2011-03-15 23:00:00,5.225357350997466,0.050799358531539
4092,2011-03-16,2011-03-16 23:00:00,5.230470743323785,0.10806966214164292
4093,2011-03-17,2011-03-17 23:00:00,5.202551894334609,0.11969923013635593
4094,2011-03-18,2011-03-18 23:00:00,5.125501572513887,0.07183917177804103
4095,2011-03-19,2011-03-19 23:00:00,5.095622534323122,0.04794647548740294
4096,2011-03-20,2011-03-20 23:00:00,5.114929626247323,0.09591397426408033
4097,2011-03-21,2011-03-21 23:00:00,5.183922571051775,0.1539820453412186
4098,2011-03-22,2011-03-22 23:00:00,5.335090161032565,0.19586340890744292
4099,2011-03-23,2011-03-23 23:00:00,5.1387961232250605,0.04566540752110025
4100,2011-03-24,2011-03-24 23:00:00,4.958526999204836,0.34085875759537265
4101,2011-03-25,2011-03-25 23:00:00,4.900071070962327,0.34589909650991296
4102,2011-03-26,2011-03-26 23:00:00,4.777382437645474,0.28536565650093887
4103,2011-03-27,2011-03-27 23:00:00,4.561144535115479,0.24868765957225086
4104,2011-03-28,2011-03-28 23:00:00,4.917556764845602,0.4076299354080311
4105,2011-03-29,2011-03-29 23:00:00,4.884404813195775,0.4147532341809068
4106,2011-03-30,2011-03-30 23:00:00,4.9356331284143415,0.392877892707875
4107,2011-03-31,2011-03-31 23:00:00,5.072945204134508,0.38095778889983045
4108,2011-04-01,2011-04-01 23:00:00,5.1930652045756975,0.15846974743085962
4109,2011-04-02,2011-04-02 23:00:00,5.183275581366716,0.15067183959784133
4110,2011-04-03,2011-04-03 23:00:00,5.138011100464859,0.09764423339735163
4111,2011-04-04,2011-04-04 23:00:00,5.2407264903413875,0.2328921947252601
4112,2011-04-05,2011-04-05 23:00:00,5.284068758324078,0.1988814430290396
4113,2011-04-06,2011-04-06 23:00:00,5.459768871946533,0.1962567740145019
4114,2011-04-07,2011-04-07 23:00:00,5.483264831091883,0.169423032925191
4115,2011-04-08,2011-04-08 23:00:00,5.467535811425955,0.13736983752068932
4116,2011-04-09,2011-04-09 23:00:00,5.470708180914314,0.10549636052779233
4117,2011-04-10,2011-04-10 23:00:00,5.399886133210743,0.1194751626534241
4118,2011-04-11,2011-04-11 23:00:00,5.406413311475805,0.13377606584559254
4119,2011-04-12,2011-04-12 23:00:00,5.286964212085249,0.36802240097070094
4120,2011-04-13,2011-04-13 23:00:00,5.093332205601949,0.42199993478927544
4121,2011-04-14,2011-04-14 23:00:00,4.915944202077944,0.5176541626147567
4122,2011-04-15,2011-04-15 23:00:00,4.833537050229596,0.44772235668004046
4123,2011-04-16,2011-04-16 23:00:00,4.451970457861244,0.2675973411793909
4124,2011-04-17,2011-04-17 23:00:00,4.3679950793796705,0.16655238429329136
4125,2011-04-18,2011-04-18 23:00:00,4.70352046509322,0.3938469603742129
4126,2011-04-19,2011-04-19 23:00:00,4.795079452705959,0.4196468914399337
4127,2011-04-20,2011-04-20 23:00:00,4.672864501508619,0.4017467086701364
4128,2011-04-21,2011-04-21 23:00:00,4.42820518667061,0.2501537641981023
4129,2011-04-22,2011-04-22 23:00:00,4.34822691067506,0.02372391462747951
4130,2011-04-23,2011-04-23 23:00:00,4.326783067069809,0.030100729213915565
4131,2011-04-24,2011-04-24 23:00:00,4.4132935948237755,0.07121675326673828
4132,2011-04-25,2011-04-25 23:00:00,4.80504173781027,0.45393637512778545
4133,2011-04-26,2011-04-26 23:00:00,4.826594404089166,0.47428262600619014
4134,2011-04-27,2011-04-27 23:00:00,4.863000794907981,0.4923568372978595
4135,2011-04-28,2011-04-28 23:00:00,4.818793541009854,0.5016591500989299
4136,2011-04-29,2011-04-29 23:00:00,4.826333004199893,0.49302941845856885
4137,2011-04-30,2011-04-30 23:00:00,4.876805500012706,0.36782328803767805
4138,2011-05-01,2011-05-01 23:00:00,4.626426534248659,0.24615878051866835
4139,2011-05-02,2011-05-02 23:00:00,4.755414379668129,0.42489855879981153
4140,2011-05-03,2011-05-03 23:00:00,4.589544141161935,0.3686526054585058
4141,2011-05-04,2011-05-04 23:00:00,4.834468961264785,0.46371373715593717
4142,2011-05-05,2011-05-05 23:00:00,4.83825119084885,0.4363229831450854
4143,2011-05-06,2011-05-06 23:00:00,4.827712970567538,0.44962657879727064
4144,2011-05-07,2011-05-07 23:00:00,4.73973161440234,0.44330387800009247
4145,2011-05-08,2011-05-08 23:00:00,4.416955782775102,0.2724632859706709
4146,2011-05-09,2011-05-09 23:00:00,4.755692867216611,0.4485202633735381
4147,2011-05-10,2011-05-10 23:00:00,4.933433385018041,0.4345851824023256
4148,2011-05-11,2011-05-11 23:00:00,4.962200009513025,0.46401655774450096
4149,2011-05-12,2011-05-12 23:00:00,4.98649816732534,0.42527403827284044
4150,2011-05-13,2011-05-13 23:00:00,4.918885665055023,0.4581021229503013
4151,2011-05-14,2011-05-14 23:00:00,4.875864095214164,0.43294264506877644
4152,2011-05-15,2011-05-15 23:00:00,4.510996692571412,0.32897056529285246
4153,2011-05-16,2011-05-16 23:00:00,4.834692576062117,0.4208316457588934
4154,2011-05-17,2011-05-17 23:00:00,4.862014216707081,0.2820507024743345
4155,2011-05-18,2011-05-18 23:00:00,4.787590856196751,0.30769993464468015
4156,2011-05-19,2011-05-19 23:00:00,4.838168810712935,0.3134314708264154
4157,2011-05-20,2011-05-20 23:00:00,4.827565857239504,0.33632459514387125
4158,2011-05-21,2011-05-21 23:00:00,4.785491000100439,0.2739433432740928
4159,2011-05-22,2011-05-22 23:00:00,4.5807826440351285,0.21751272134560412
4160,2011-05-23,2011-05-23 23:00:00,4.797778396627226,0.31407039310192425
4161,2011-05-24,2011-05-24 23:00:00,4.762294925217359,0.36775045753286717
4162,2011-05-25,2011-05-25 23:00:00,4.689037301059845,0.31645588643240935
4163,2011-05-26,2011-05-26 23:00:00,4.750953970136005,0.3970995147572256
4164,2011-05-27,2011-05-27 23:00:00,4.820999022955777,0.26998293436262133
4165,2011-05-28,2011-05-28 23:00:00,4.483790459684081,0.27059744837005223
4166,2011-05-29,2011-05-29 23:00:00,4.39695042484225,0.18865110764997034
4167,2011-05-30,2011-05-30 23:00:00,4.88362958598434,0.31365120070779995
4168,2011-05-31,2011-05-31 23:00:00,4.554958592467051,0.33931406903615013
4169,2011-06-01,2011-06-01 23:00:00,4.739564441065152,0.3033768942248549
4170,2011-06-02,2011-06-02 23:00:00,4.804866235963416,0.2692852675136782
4171,2011-06-03,2011-06-03 23:00:00,4.646612590837271,0.2895769921835851
4172,2011-06-04,2011-06-04 23:00:00,4.395254337982121,0.21917156423449397
4173,2011-06-05,2011-06-05 23:00:00,4.365828018135974,0.18715469944928753
4174,2011-06-06,2011-06-06 23:00:00,4.572606515701712,0.4104593700509883
4175,2011-06-07,2011-06-07 23:00:00,4.863659471721113,0.4100217712515007
4176,2011-06-08,2011-06-08 23:00:00,4.95625393549217,0.38289721449923175
4177,2011-06-09,2011-06-09 23:00:00,4.939439769637198,0.4419083107116572
4178,2011-06-10,2011-06-10 23:00:00,4.863598528371424,0.4136252773085035
4179,2011-06-11,2011-06-11 23:00:00,4.845457732669615,0.32126241699763175
4180,2011-06-12,2011-06-12 23:00:00,4.842295107687614,0.17361742460243923
4181,2011-06-13,2011-06-13 23:00:00,5.0533333332862975,0.36294036305440325
4182,2011-06-14,2011-06-14 23:00:00,5.03962838134271,0.2632836227563381
4183,2011-06-15,2011-06-15 23:00:00,4.977087225481228,0.35498701208352706
4184,2011-06-16,2011-06-16 23:00:00,5.067117485707195,0.2128289258340117
4185,2011-06-17,2011-06-17 23:00:00,5.043600618997465,0.2127481592126689
4186,2011-06-18,2011-06-18 23:00:00,4.879759307856825,0.17354481513393288
4187,2011-06-19,2011-06-19 23:00:00,4.44414503228218,0.2218831436342417
4188,2011-06-20,2011-06-20 23:00:00,4.835102301266964,0.23908750489366812
4189,2011-06-21,2011-06-21 23:00:00,4.8993385705324535,0.21702596065655555
4190,2011-06-22,2011-06-22 23:00:00,5.0228719345376405,0.18282082418696394
4191,2011-06-23,2011-06-23 23:00:00,4.958707747755039,0.18481575950527196
4192,2011-06-24,2011-06-24 23:00:00,4.842534341096601,0.27864612947629686
4193,2011-06-25,2011-06-25 23:00:00,4.7192931875123065,0.3000358249477897
4194,2011-06-26,2011-06-26 23:00:00,4.524518922035067,0.15818067065832891
4195,2011-06-27,2011-06-27 23:00:00,4.443256194943594,0.20159771911689223
4196,2011-06-28,2011-06-28 23:00:00,4.830272438660486,0.4205398488047863
4197,2011-06-29,2011-06-29 23:00:00,4.737979688072962,0.3037151743339278
4198,2011-06-30,2011-06-30 23:00:00,4.497370451135592,0.07032655696652643
4199,2011-07-01,2011-07-01 23:00:00,4.469543532186157,0.16467189208990196
4200,2011-07-02,2011-07-02 23:00:00,4.439747053274162,0.2029144826232274
4201,2011-07-03,2011-07-03 23:00:00,4.406478048937014,0.04242709025489525
4202,2011-07-04,2011-07-04 23:00:00,4.50275469938469,0.18425121279110984
4203,2011-07-05,2011-07-05 23:00:00,4.486674304917336,0.21355186487630903
4204,2011-07-06,2011-07-06 23:00:00,4.537973524300557,0.33430820496157415
4205,2011-07-07,2011-07-07 23:00:00,4.591571842788618,0.18382299618443976
4206,2011-07-08,2011-07-08 23:00:00,4.632058614682628,0.3031832933920918
4207,2011-07-09,2011-07-09 23:00:00,4.501566788451125,0.23887153105661713
4208,2011-07-10,2011-07-10 23:00:00,4.658919243581009,0.30402803040960963
4209,2011-07-11,2011-07-11 23:00:00,4.626886033550099,0.3227238365065293
4210,2011-07-12,2011-07-12 23:00:00,4.9578989075537505,0.4239670803439534
4211,2011-07-13,2011-07-13 23:00:00,4.9927726468091596,0.23668095668435443
4212,2011-07-14,2011-07-14 23:00:00,4.962021898297793,0.3216914539319496
4213,2011-07-15,2011-07-15 23:00:00,5.003129848035314,0.3129291498961028
4214,2011-07-16,2011-07-16 23:00:00,4.848961205863845,0.29356502459156
4215,2011-07-17,2011-07-17 23:00:00,4.7662804220404205,0.2752029851982926
4216,2011-07-18,2011-07-18 23:00:00,4.891549984397244,0.29967063277429357
4217,2011-07-19,2011-07-19 23:00:00,4.8497156859366095,0.27333314247717094
4218,2011-07-20,2011-07-20 23:00:00,4.665290751331772,0.2608286042852427
4219,2011-07-21,2011-07-21 23:00:00,4.887874489297385,0.27885639961619396
4220,2011-07-22,2011-07-22 23:00:00,4.923797119869363,0.26337319417578514
4221,2011-07-23,2011-07-23 23:00:00,5.002966286592099,0.16894856599465483
4222,2011-07-24,2011-07-24 23:00:00,4.608181079540565,0.14838354194265613
4223,2011-07-25,2011-07-25 23:00:00,4.751033490734502,0.24377367690196602
4224,2011-07-26,2011-07-26 23:00:00,4.804806422906894,0.1762559208956719
4225,2011-07-27,2011-07-27 23:00:00,4.898797697421748,0.2910299441329612
4226,2011-07-28,2011-07-28 23:00:00,4.8335063876092486,0.2875138646446573
4227,2011-07-29,2011-07-29 23:00:00,4.734594248387567,0.3268890754249305
4228,2011-07-30,2011-07-30 23:00:00,4.577773423118534,0.3310745593702356
4229,2011-07-31,2011-07-31 23:00:00,4.382135168795657,0.16208185993184995
4230,2011-08-01,2011-08-01 23:00:00,4.880536340829872,0.2718442023940749
4231,2011-08-02,2011-08-02 23:00:00,5.044522047585965,0.3782662355814042
4232,2011-08-03,2011-08-03 23:00:00,5.030877968125025,0.33982127781458704
4233,2011-08-04,2011-08-04 23:00:00,5.000171586157088,0.2917119350487042
4234,2011-08-05,2011-08-05 23:00:00,4.995797256134155,0.26732325308248667
4235,2011-08-06,2011-08-06 23:00:00,5.157910209431897,0.058630210634790444
4236,2011-08-07,2011-08-07 23:00:00,5.2287044013163735,0.11341709115699967
4237,2011-08-08,2011-08-08 23:00:00,5.504016528046468,0.1438979228141275
4238,2011-08-09,2011-08-09 23:00:00,5.450755165983995,0.15877441095122272
4239,2011-08-10,2011-08-10 23:00:00,5.42592331528995,0.18436683861466915
4240,2011-08-11,2011-08-11 23:00:00,5.369279213098771,0.11675289130094375
4241,2011-08-12,2011-08-12 23:00:00,5.4894424598244,0.17534604677870494
4242,2011-08-13,2011-08-13 23:00:00,5.423181991888117,0.3205285130674185
4243,2011-08-14,2011-08-14 23:00:00,5.27103292316019,0.12888197768292126
4244,2011-08-15,2011-08-15 23:00:00,5.3087460837846905,0.1406659101855015
4245,2011-08-16,2011-08-16 23:00:00,5.487203342778673,0.16528008920791257
4246,2011-08-17,2011-08-17 23:00:00,5.338767476853662,0.16841203253072357
4247,2011-08-18,2011-08-18 23:00:00,5.1582421871800905,0.3359136824985554
4248,2011-08-19,2011-08-19 23:00:00,4.8592146776369765,0.39885572992019985
4249,2011-08-20,2011-08-20 23:00:00,5.071303241835982,0.48311532694477005
4250,2011-08-21,2011-08-21 23:00:00,4.856851113365235,0.3825135816214109
4251,2011-08-22,2011-08-22 23:00:00,5.071777210146029,0.32335487882192476
4252,2011-08-23,2011-08-23 23:00:00,5.191834040848955,0.16276469015179534
4253,2011-08-24,2011-08-24 23:00:00,5.1048256242906715,0.2762805287676751
4254,2011-08-25,2011-08-25 23:00:00,5.159315997705291,0.3290045959838575
4255,2011-08-26,2011-08-26 23:00:00,5.127762135719234,0.25722983666200966
4256,2011-08-27,2011-08-27 23:00:00,5.122497014898538,0.2446378192411613
4257,2011-08-28,2011-08-28 23:00:00,5.0582410098136465,0.10145292186963492
4258,2011-08-29,2011-08-29 23:00:00,5.164709258040316,0.410514410732758
4259,2011-08-30,2011-08-30 23:00:00,5.247073350157742,0.4171781844477866
4260,2011-08-31,2011-08-31 23:00:00,5.204120972949322,0.30352359245400495
4261,2011-09-01,2011-09-01 23:00:00,5.484756882914378,0.2729730417454702
4262,2011-09-02,2011-09-02 23:00:00,5.284175098047967,0.28463071065942447
4263,2011-09-03,2011-09-03 23:00:00,5.182931985982452,0.0416711111639765
4264,2011-09-04,2011-09-04 23:00:00,5.1364723396265335,0.04683395092263014
4265,2011-09-05,2011-09-05 23:00:00,5.2599259079123275,0.36199934955880225
4266,2011-09-06,2011-09-06 23:00:00,5.301984626960928,0.2098996687068282
4267,2011-09-07,2011-09-07 23:00:00,5.368252243484285,0.2064350133286098
4268,2011-09-08,2011-09-08 23:00:00,5.419096027282355,0.315708980627483
4269,2011-09-09,2011-09-09 23:00:00,5.273253474526027,0.16704832719055687
4270,2011-09-10,2011-09-10 23:00:00,5.235911813008406,0.12583848069267345
4271,2011-09-11,2011-09-11 23:00:00,5.2174574959690645,0.0363730603010255
4272,2011-09-12,2011-09-12 23:00:00,5.116390903609583,0.40848449162788
4273,2011-09-13,2011-09-13 23:00:00,5.3728955396320615,0.2809695600040309
4274,2011-09-14,2011-09-14 23:00:00,5.181062226444593,0.4223342829129574
4275,2011-09-15,2011-09-15 23:00:00,5.286104092668801,0.304208651061859
4276,2011-09-16,2011-09-16 23:00:00,5.202192172719819,0.4338696507539581
4277,2011-09-17,2011-09-17 23:00:00,5.075672753286036,0.5751388517927012
4278,2011-09-18,2011-09-18 23:00:00,5.215267623671335,0.05632696779272355
4279,2011-09-19,2011-09-19 23:00:00,5.121200668632295,0.5483403859103425
4280,2011-09-20,2011-09-20 23:00:00,5.231453966276107,0.4925135100915672
4281,2011-09-21,2011-09-21 23:00:00,5.2813812123773,0.3143085523409782
4282,2011-09-22,2011-09-22 23:00:00,5.205693258850445,0.4117948089878979
4283,2011-09-23,2011-09-23 23:00:00,5.217095563509171,0.3934566084298766
4284,2011-09-24,2011-09-24 23:00:00,5.261610494434906,0.30033941835396827
4285,2011-09-25,2011-09-25 23:00:00,5.071619907115138,0.26332524423551196
4286,2011-09-26,2011-09-26 23:00:00,5.211802081827206,0.36088207137774847
4287,2011-09-27,2011-09-27 23:00:00,5.044083580732433,0.4547611894330921
4288,2011-09-28,2011-09-28 23:00:00,5.081582417402511,0.368422734900929
4289,2011-09-29,2011-09-29 23:00:00,5.07591902335523,0.38489909944938083
4290,2011-09-30,2011-09-30 23:00:00,4.890155610763373,0.37779810470388875
4291,2011-10-01,2011-10-01 23:00:00,4.732098885361981,0.38136981518011376
4292,2011-10-02,2011-10-02 23:00:00,4.677102751144834,0.36515186961052626
4293,2011-10-03,2011-10-03 23:00:00,5.157841318385651,0.373382947521999
4294,2011-10-04,2011-10-04 23:00:00,5.2451911546509296,0.26560752390777953
4295,2011-10-05,2011-10-05 23:00:00,5.352452551408874,0.25018927764034604
4296,2011-10-06,2011-10-06 23:00:00,5.470984324792141,0.2926677853569646
4297,2011-10-07,2011-10-07 23:00:00,5.378016909085769,0.3288563164897972
4298,2011-10-08,2011-10-08 23:00:00,5.339816747387549,0.2920704775429845
4299,2011-10-09,2011-10-09 23:00:00,5.093904249831889,0.07372490016663469
4300,2011-10-10,2011-10-10 23:00:00,5.185972695748857,0.21693680259580833
4301,2011-10-11,2011-10-11 23:00:00,5.30253599813512,0.4573290618728288
4302,2011-10-12,2011-10-12 23:00:00,5.034659607954086,0.36100980619044154
4303,2011-10-13,2011-10-13 23:00:00,4.929986016358698,0.3625340420290157
4304,2011-10-14,2011-10-14 23:00:00,5.021002452467324,0.1767010542048013
4305,2011-10-15,2011-10-15 23:00:00,4.7707427107424465,0.4425054127810965
4306,2011-10-16,2011-10-16 23:00:00,4.560976852573043,0.12383088948646925
4307,2011-10-17,2011-10-17 23:00:00,4.677906879154498,0.2964429236424042
4308,2011-10-18,2011-10-18 23:00:00,4.77711467442134,0.3365306082980828
4309,2011-10-19,2011-10-19 23:00:00,4.739828571437385,0.279710788508236
4310,2011-10-20,2011-10-20 23:00:00,4.872363283594811,0.25289293695668996
4311,2011-10-21,2011-10-21 23:00:00,4.855247698327574,0.21992936119782927
4312,2011-10-22,2011-10-22 23:00:00,4.908257822848856,0.18582206444089294
4313,2011-10-23,2011-10-23 23:00:00,4.728123249159359,0.2352476997916502
4314,2011-10-24,2011-10-24 23:00:00,4.933139585956407,0.45888700309167885
4315,2011-10-25,2011-10-25 23:00:00,5.029274404001739,0.5170948097271103
4316,2011-10-26,2011-10-26 23:00:00,4.97990083105866,0.5029188553319772
4317,2011-10-27,2011-10-27 23:00:00,5.038874662835045,0.5248268604657662
4318,2011-10-28,2011-10-28 23:00:00,5.015503817847734,0.4431852321539627
4319,2011-10-29,2011-10-29 23:00:00,4.721332688277112,0.3108082848709196
4320,2011-10-30,2011-10-30 23:00:00,4.401929648969105,0.017618684636985665
4321,2011-10-31,2011-10-31 23:00:00,4.431494392610555,0.12164647833766887
4322,2011-11-01,2011-11-01 23:00:00,4.783262752457893,0.4396616687471829
4323,2011-11-02,2011-11-02 23:00:00,4.840232879938754,0.33750562851762317
4324,2011-11-03,2011-11-03 23:00:00,5.0347615278389855,0.34311841939818294
4325,2011-11-04,2011-11-04 23:00:00,5.120018023087201,0.3582463153226299
4326,2011-11-05,2011-11-05 23:00:00,4.907480272966345,0.27740115924415837
4327,2011-11-06,2011-11-06 23:00:00,4.89845380030069,0.23110158563267125
4328,2011-11-07,2011-11-07 23:00:00,4.8535489102393825,0.2660343355109383
4329,2011-11-08,2011-11-08 23:00:00,5.030909078822513,0.3376686856611434
4330,2011-11-09,2011-11-09 23:00:00,5.003952702875136,0.31577624053728903
4331,2011-11-10,2011-11-10 23:00:00,4.976466594432688,0.38357689649984045
4332,2011-11-11,2011-11-11 23:00:00,5.158745028953003,0.3010251907826715
4333,2011-11-12,2011-11-12 23:00:00,4.985297296869876,0.31673036027069085
4334,2011-11-13,2011-11-13 23:00:00,4.803734026451539,0.24821750396901632
4335,2011-11-14,2011-11-14 23:00:00,4.752754046303668,0.2472905457258654
4336,2011-11-15,2011-11-15 23:00:00,5.042441868968061,0.3339427873159137
4337,2011-11-16,2011-11-16 23:00:00,5.101340040561868,0.3673777213457186
4338,2011-11-17,2011-11-17 23:00:00,5.014727988096421,0.40367676469696245
4339,2011-11-18,2011-11-18 23:00:00,5.059757420051356,0.37194732725238566
4340,2011-11-19,2011-11-19 23:00:00,4.864724507130027,0.3749220368819785
4341,2011-11-20,2011-11-20 23:00:00,4.614871985679329,0.36514458474258543
4342,2011-11-21,2011-11-21 23:00:00,5.024778586823511,0.4250002449190354
4343,2011-11-22,2011-11-22 23:00:00,4.9029261814388185,0.39067212225517495
4344,2011-11-23,2011-11-23 23:00:00,4.8572664856276475,0.48483834174541457
4345,2011-11-24,2011-11-24 23:00:00,5.008566013590629,0.378078434246683
4346,2011-11-25,2011-11-25 23:00:00,4.7266468444148915,0.16095285194258413
4347,2011-11-26,2011-11-26 23:00:00,4.905951087491982,0.2954140647727866
4348,2011-11-27,2011-11-27 23:00:00,4.638133795314656,0.21865764810250946
4349,2011-11-28,2011-11-28 23:00:00,4.980098427310286,0.3841666362683497
4350,2011-11-29,2011-11-29 23:00:00,5.0622145361111235,0.3175602694479562
4351,2011-11-30,2011-11-30 23:00:00,4.887362111834204,0.5024984802440386
4352,2011-12-01,2011-12-01 23:00:00,4.900278570149509,0.3369599598386087
4353,2011-12-02,2011-12-02 23:00:00,4.948698981754607,0.40031543681474785
4354,2011-12-03,2011-12-03 23:00:00,4.634633525407055,0.2569710336087043
4355,2011-12-04,2011-12-04 23:00:00,4.547561932758883,0.18358868563470407
4356,2011-12-05,2011-12-05 23:00:00,4.766133846058719,0.23852991781986238
4357,2011-12-06,2011-12-06 23:00:00,4.745091977293909,0.2528970199160399
4358,2011-12-07,2011-12-07 23:00:00,4.7591316396605805,0.25705834317905096
4359,2011-12-08,2011-12-08 23:00:00,4.536438071076381,0.14817920762042935
4360,2011-12-09,2011-12-09 23:00:00,4.58687307935351,0.13621516431249636
4361,2011-12-10,2011-12-10 23:00:00,4.5156995035836305,0.11063346983649275
4362,2011-12-11,2011-12-11 23:00:00,4.499086843690633,0.18081033180847092
4363,2011-12-12,2011-12-12 23:00:00,4.657626477907933,0.2102124002865735
4364,2011-12-13,2011-12-13 23:00:00,4.850673377391684,0.3202724944551695
4365,2011-12-14,2011-12-14 23:00:00,4.844368422560725,0.3139026093790466
4366,2011-12-15,2011-12-15 23:00:00,4.8672908675557816,0.29196560032532487
4367,2011-12-16,2011-12-16 23:00:00,4.890609406572119,0.36092341048628507
4368,2011-12-17,2011-12-17 23:00:00,4.634912299766469,0.20830033893481914
4369,2011-12-18,2011-12-18 23:00:00,4.561477203566998,0.13432982183333464
4370,2011-12-19,2011-12-19 23:00:00,4.60324483290468,0.15048316306045803
4371,2011-12-20,2011-12-20 23:00:00,4.7157317212832925,0.16351575501080592
4372,2011-12-21,2011-12-21 23:00:00,4.65400557092818,0.17617624580649613
4373,2011-12-22,2011-12-22 23:00:00,4.830149695356116,0.22013798203771717
4374,2011-12-23,2011-12-23 23:00:00,4.769512798433985,0.2198513717016556
4375,2011-12-24,2011-12-24 23:00:00,4.559488678789864,0.1576952405329116
4376,2011-12-25,2011-12-25 23:00:00,4.456632807946067,0.12086534261258693
4377,2011-12-26,2011-12-26 23:00:00,4.761252337597366,0.3231575002181447
4378,2011-12-27,2011-12-27 23:00:00,4.913172474412936,0.3646170821614645
4379,2011-12-28,2011-12-28 23:00:00,4.915119552879919,0.28081361596800103
4380,2011-12-29,2011-12-29 23:00:00,4.93459591635354,0.3105196165068134
4381,2011-12-30,2011-12-30 23:00:00,4.828382037885824,0.2813219458531293
4382,2011-12-31,2011-12-31 23:00:00,4.687792197468124,0.26354771620243905
4383,2012-01-01,2012-01-01 23:00:00,4.453884893280102,0.20840989270496024
4384,2012-01-02,2012-01-02 23:00:00,4.69313053415717,0.28430545221158027
4385,2012-01-03,2012-01-03 23:00:00,4.756701502600812,0.3239949786141525
4386,2012-01-04,2012-01-04 23:00:00,4.739718506189289,0.29219103851060074
4387,2012-01-05,2012-01-05 23:00:00,4.763578689236745,0.272276959080457
4388,2012-01-06,2012-01-06 23:00:00,4.637798769863573,0.20978002221060982
4389,2012-01-07,2012-01-07 23:00:00,4.649648238270664,0.2425752653317802
4390,2012-01-08,2012-01-08 23:00:00,4.55543074133459,0.19209311351882216
4391,2012-01-09,2012-01-09 23:00:00,4.642689172705183,0.19881909715656973
4392,2012-01-10,2012-01-10 23:00:00,4.770677806374311,0.17487629919670425
4393,2012-01-11,2012-01-11 23:00:00,4.7541554954693845,0.18009267669428006
4394,2012-01-12,2012-01-12 23:00:00,4.740898086202395,0.17427585317510888
4395,2012-01-13,2012-01-13 23:00:00,4.646169066933042,0.1452846677118236
4396,2012-01-14,2012-01-14 23:00:00,4.67634876868183,0.033324520458743886
4397,2012-01-15,2012-01-15 23:00:00,4.5310571335916325,0.10267780063199139
4398,2012-01-16,2012-01-16 23:00:00,4.691033440721675,0.11263703265964312
4399,2012-01-17,2012-01-17 23:00:00,4.7657959933132386,0.5076306072729287
4400,2012-01-18,2012-01-18 23:00:00,5.069004901437986,0.5744936914191636
4401,2012-01-19,2012-01-19 23:00:00,5.034183977480068,0.5638689145257448
4402,2012-01-20,2012-01-20 23:00:00,4.452129813362077,0.15686702813853748
4403,2012-01-21,2012-01-21 23:00:00,4.5458740165495,0.043086494978373274
4404,2012-01-22,2012-01-22 23:00:00,4.646476918632183,0.07863438320495487
4405,2012-01-23,2012-01-23 23:00:00,4.680502321637848,0.15069955871910773
4406,2012-01-24,2012-01-24 23:00:00,4.6629642601993675,0.1714322566710342
4407,2012-01-25,2012-01-25 23:00:00,4.824974389189649,0.19447040894786577
4408,2012-01-26,2012-01-26 23:00:00,4.807975519637446,0.15874926275191012
4409,2012-01-27,2012-01-27 23:00:00,4.65914150795292,0.13296710980667492
4410,2012-01-28,2012-01-28 23:00:00,4.446597639185333,0.11022401554991755
4411,2012-01-29,2012-01-29 23:00:00,4.433700450672191,0.12984301778384388
4412,2012-01-30,2012-01-30 23:00:00,4.449047194955448,0.3031417994104448
4413,2012-01-31,2012-01-31 23:00:00,4.445766709086668,0.10628468817960321
4414,2012-02-01,2012-02-01 23:00:00,4.475958387306898,0.1415800638348679
4415,2012-02-02,2012-02-02 23:00:00,4.495567548845552,0.13790607866510426
4416,2012-02-03,2012-02-03 23:00:00,4.553725834024498,0.15798219352158066
4417,2012-02-04,2012-02-04 23:00:00,4.579039311373074,0.08790933496421348
4418,2012-02-05,2012-02-05 23:00:00,4.679553614012204,0.02485307538408387
4419,2012-02-06,2012-02-06 23:00:00,4.63058604060939,0.08347620080250719
4420,2012-02-07,2012-02-07 23:00:00,4.528843763384272,0.08528282509337297
4421,2012-02-08,2012-02-08 23:00:00,4.550955910542913,0.06233392593779607
4422,2012-02-09,2012-02-09 23:00:00,4.544571190323491,0.07661321968198022
4423,2012-02-10,2012-02-10 23:00:00,4.517290949381489,0.11313127138950765
4424,2012-02-11,2012-02-11 23:00:00,4.6416334018811085,0.08304611011266984
4425,2012-02-12,2012-02-12 23:00:00,4.780616964135208,0.05555327627129034
4426,2012-02-13,2012-02-13 23:00:00,4.98000948456131,0.123182327851023
4427,2012-02-14,2012-02-14 23:00:00,5.075723464962535,0.0914914740460305
4428,2012-02-15,2012-02-15 23:00:00,5.101478678745404,0.061397553217109255
4429,2012-02-16,2012-02-16 23:00:00,5.114238673831076,0.10917245718879075
4430,2012-02-17,2012-02-17 23:00:00,5.110250896851873,0.16167722007897306
4431,2012-02-18,2012-02-18 23:00:00,5.11285152080087,0.1915659842844055
4432,2012-02-19,2012-02-19 23:00:00,5.092982666485618,0.21512547393531564
4433,2012-02-20,2012-02-20 23:00:00,5.111983375350328,0.17730370214037092
4434,2012-02-21,2012-02-21 23:00:00,5.364636913882862,0.3433788631738733
4435,2012-02-22,2012-02-22 23:00:00,5.516187210879956,0.24620317420142757
4436,2012-02-23,2012-02-23 23:00:00,5.424074048893932,0.23535266556576523
4437,2012-02-24,2012-02-24 23:00:00,5.370070284591922,0.13378430054592966
4438,2012-02-25,2012-02-25 23:00:00,5.46087031434195,0.20943173694910458
4439,2012-02-26,2012-02-26 23:00:00,5.350618720987176,0.14658730302192577
4440,2012-02-27,2012-02-27 23:00:00,5.589451321696143,0.2502776969957584
4441,2012-02-28,2012-02-28 23:00:00,5.645829653477861,0.19310880914529138
4442,2012-02-29,2012-02-29 23:00:00,5.620773785261697,0.12683932454913288
4443,2012-03-01,2012-03-01 23:00:00,5.625029389974699,0.12250924142570277
4444,2012-03-02,2012-03-02 23:00:00,5.591925648660003,0.09773646959402708
4445,2012-03-03,2012-03-03 23:00:00,5.557818702219204,0.03836278281727144
4446,2012-03-04,2012-03-04 23:00:00,5.5851249288060885,0.03894645102081917
4447,2012-03-05,2012-03-05 23:00:00,5.698744553816049,0.0416583189261952
4448,2012-03-06,2012-03-06 23:00:00,5.681184174346519,0.05973290972897464
4449,2012-03-07,2012-03-07 23:00:00,5.684295700967478,0.09105269155306277
4450,2012-03-08,2012-03-08 23:00:00,5.6624520801200875,0.09438127406369681
4451,2012-03-09,2012-03-09 23:00:00,5.663821106753008,0.09320768163358796
4452,2012-03-10,2012-03-10 23:00:00,5.639833756617083,0.05919787814291272
4453,2012-03-11,2012-03-11 23:00:00,5.622269307232493,0.054509341790161224
4454,2012-03-12,2012-03-12 23:00:00,5.661483207994865,0.04219758832683188
4455,2012-03-13,2012-03-13 23:00:00,5.640411554876941,0.015331741765900376
4456,2012-03-14,2012-03-14 23:00:00,5.625723778126755,0.031034783543058143
4457,2012-03-15,2012-03-15 23:00:00,5.661476839909358,0.08373814989272219
4458,2012-03-16,2012-03-16 23:00:00,5.656271307110392,0.028531415907014576
4459,2012-03-17,2012-03-17 23:00:00,5.615735664134866,0.03344551505226976
4460,2012-03-18,2012-03-18 23:00:00,5.594361990447197,0.04224611451328602
4461,2012-03-19,2012-03-19 23:00:00,5.583360169341776,0.030392494255183065
4462,2012-03-20,2012-03-20 23:00:00,5.547674650492369,0.15782634935303538
4463,2012-03-21,2012-03-21 23:00:00,5.535641414453283,0.06665826346699541
4464,2012-03-22,2012-03-22 23:00:00,5.4415990535865575,0.06270293353156674
4465,2012-03-23,2012-03-23 23:00:00,5.374836249902178,0.060158287197693686
4466,2012-03-24,2012-03-24 23:00:00,5.299515828874683,0.005898323276623412
4467,2012-03-25,2012-03-25 23:00:00,5.2883239175135985,0.018420714116902125
4468,2012-03-26,2012-03-26 23:00:00,5.169854224798798,0.12693951984494284
4469,2012-03-27,2012-03-27 23:00:00,5.130421217541001,0.13374202158999987
4470,2012-03-28,2012-03-28 23:00:00,5.020746516058382,0.027653463364719622
4471,2012-03-29,2012-03-29 23:00:00,4.967880450135035,0.02990375081300017
4472,2012-03-30,2012-03-30 23:00:00,5.1480584753933085,0.2379900454316225
4473,2012-03-31,2012-03-31 23:00:00,4.957629901775943,0.1558864399174109
4474,2012-04-01,2012-04-01 23:00:00,4.818257191501695,0.04499805337657591
4475,2012-04-02,2012-04-02 23:00:00,4.991213811439317,0.18934497271098397
4476,2012-04-03,2012-04-03 23:00:00,4.939820710566143,0.20470831097079514
4477,2012-04-04,2012-04-04 23:00:00,4.858299253641069,0.14013774362177836
4478,2012-04-05,2012-04-05 23:00:00,4.478666038699487,0.1585507187034072
4479,2012-04-06,2012-04-06 23:00:00,4.416837707355536,0.07609704728803048
4480,2012-04-07,2012-04-07 23:00:00,4.642379336025428,0.19631835332306033
4481,2012-04-08,2012-04-08 23:00:00,4.391681314914737,0.12953152550036687
4482,2012-04-09,2012-04-09 23:00:00,4.650719434855821,0.2534189742421627
4483,2012-04-10,2012-04-10 23:00:00,4.575086174459762,0.2329853514965183
4484,2012-04-11,2012-04-11 23:00:00,4.441222884214826,0.20967716618749038
4485,2012-04-12,2012-04-12 23:00:00,4.629486019335418,0.2926136876572732
4486,2012-04-13,2012-04-13 23:00:00,4.7068078405537594,0.33864177356506836
4487,2012-04-14,2012-04-14 23:00:00,4.59249621399133,0.1152606672691303
4488,2012-04-15,2012-04-15 23:00:00,4.557714639213569,0.08515638666916286
4489,2012-04-16,2012-04-16 23:00:00,4.777200105936672,0.34184054162912875
4490,2012-04-17,2012-04-17 23:00:00,4.751892454459635,0.34682703178585966
4491,2012-04-18,2012-04-18 23:00:00,4.796297059955486,0.3436979931681722
4492,2012-04-19,2012-04-19 23:00:00,4.919543359754793,0.37709385947518576
4493,2012-04-20,2012-04-20 23:00:00,4.834465936791096,0.231544780635812
4494,2012-04-21,2012-04-21 23:00:00,4.93650752788843,0.09548421927420897
4495,2012-04-22,2012-04-22 23:00:00,4.826152254836863,0.11151366768274669
4496,2012-04-23,2012-04-23 23:00:00,5.1202313325367355,0.3008100161750202
4497,2012-04-24,2012-04-24 23:00:00,5.211209049107408,0.262220875207133
4498,2012-04-25,2012-04-25 23:00:00,4.904326404185949,0.3600947663418897
4499,2012-04-26,2012-04-26 23:00:00,4.6728326152426645,0.2618604281525097
4500,2012-04-27,2012-04-27 23:00:00,4.608084006755903,0.2428695616265111
4501,2012-04-28,2012-04-28 23:00:00,4.486616412283535,0.1332942846917616
4502,2012-04-29,2012-04-29 23:00:00,4.433203470615683,0.09380342827282827
4503,2012-04-30,2012-04-30 23:00:00,4.614042764164343,0.2551844270851522
4504,2012-05-01,2012-05-01 23:00:00,4.390867640862389,0.017287940241705456
4505,2012-05-02,2012-05-02 23:00:00,4.579678280481278,0.02353630164800231
4506,2012-05-03,2012-05-03 23:00:00,4.571219622608801,0.0014498825965739983
4507,2012-05-04,2012-05-04 23:00:00,4.759386284815625,0.02484970145419372
4508,2012-05-05,2012-05-05 23:00:00,4.545548283176257,0.027627777389666965
4509,2012-05-06,2012-05-06 23:00:00,4.595897238083128,0.08590895737892297
4510,2012-05-07,2012-05-07 23:00:00,4.538281632219351,0.12971119988802352
4511,2012-05-08,2012-05-08 23:00:00,4.5590080574344105,0.24444951319302294
4512,2012-05-09,2012-05-09 23:00:00,4.603425448612241,0.16529025563776487
4513,2012-05-10,2012-05-10 23:00:00,4.641133097295125,0.2098663600928511
4514,2012-05-11,2012-05-11 23:00:00,4.487838208616278,0.3372472188585069
4515,2012-05-12,2012-05-12 23:00:00,4.401209126275757,0.0077158668759928686
4516,2012-05-13,2012-05-13 23:00:00,4.370206558288598,0.07414805277903803
4517,2012-05-14,2012-05-14 23:00:00,4.516606057341579,0.17012257865878722
4518,2012-05-15,2012-05-15 23:00:00,4.5924226197635125,0.3231441751555936
4519,2012-05-16,2012-05-16 23:00:00,4.654427635443998,0.34297539380751246
4520,2012-05-17,2012-05-17 23:00:00,4.574342787515411,0.19708055738028366
4521,2012-05-18,2012-05-18 23:00:00,4.5774194711377625,0.20607239069975125
4522,2012-05-19,2012-05-19 23:00:00,4.4099125713363785,0.11301598079925369
4523,2012-05-20,2012-05-20 23:00:00,4.386110018705131,0.0781563860048641
4524,2012-05-21,2012-05-21 23:00:00,4.405007567832956,0.0915911197561844
4525,2012-05-22,2012-05-22 23:00:00,4.56863386553595,0.15845887910264644
4526,2012-05-23,2012-05-23 23:00:00,4.596768965118546,0.26079822450881024
4527,2012-05-24,2012-05-24 23:00:00,4.838816743959755,0.30052979148987874
4528,2012-05-25,2012-05-25 23:00:00,4.689634856479013,0.22466049648555556
4529,2012-05-26,2012-05-26 23:00:00,4.412739009933544,0.11473228383421509
4530,2012-05-27,2012-05-27 23:00:00,4.377949756293379,0.010871465541180356
4531,2012-05-28,2012-05-28 23:00:00,4.555519733384844,0.17938453388874484
4532,2012-05-29,2012-05-29 23:00:00,4.591908344500609,0.2507435079505433
4533,2012-05-30,2012-05-30 23:00:00,4.587904369018456,0.1424046978847108
4534,2012-05-31,2012-05-31 23:00:00,4.540223425247114,0.07074950612839812
4535,2012-06-01,2012-06-01 23:00:00,4.412942038916558,0.0449820465374748
4536,2012-06-02,2012-06-02 23:00:00,4.397313626867978,0.08238012978230683
4537,2012-06-03,2012-06-03 23:00:00,4.404476459456084,0.11274646040275034
4538,2012-06-04,2012-06-04 23:00:00,4.526481931068339,0.18400409655700117
4539,2012-06-05,2012-06-05 23:00:00,4.634380739221545,0.21786594636062082
4540,2012-06-06,2012-06-06 23:00:00,5.166622290161857,0.662412765044588
4541,2012-06-07,2012-06-07 23:00:00,5.0770366238403435,0.39746480590745514
4542,2012-06-08,2012-06-08 23:00:00,5.06497491978147,0.21357877737125266
4543,2012-06-09,2012-06-09 23:00:00,5.315579854250081,0.20475926228911576
4544,2012-06-10,2012-06-10 23:00:00,5.316138996419684,0.13589537677994568
4545,2012-06-11,2012-06-11 23:00:00,5.39710992945673,0.09001529962633913
4546,2012-06-12,2012-06-12 23:00:00,5.5368196071845555,0.12781964156475314
4547,2012-06-13,2012-06-13 23:00:00,5.570137221313502,0.12000662496931049
4548,2012-06-14,2012-06-14 23:00:00,5.561851237099352,0.07620140280850228
4549,2012-06-15,2012-06-15 23:00:00,5.555959211355145,0.07977676926159222
4550,2012-06-16,2012-06-16 23:00:00,5.464721336863261,0.04618389020448469
4551,2012-06-17,2012-06-17 23:00:00,5.347644142350799,0.009450311397826414
4552,2012-06-18,2012-06-18 23:00:00,5.192842855604945,0.053788585975240624
4553,2012-06-19,2012-06-19 23:00:00,5.197807583093926,0.19712831578914072
4554,2012-06-20,2012-06-20 23:00:00,5.158262237818942,0.25795315939740004
4555,2012-06-21,2012-06-21 23:00:00,5.181291901313085,0.18293655426594005
4556,2012-06-22,2012-06-22 23:00:00,5.1450936279596675,0.10929590371878845
4557,2012-06-23,2012-06-23 23:00:00,5.055677642339839,0.10434072761701743
4558,2012-06-24,2012-06-24 23:00:00,4.980312577328549,0.07182520053408531
4559,2012-06-25,2012-06-25 23:00:00,5.086687694592456,0.09324815363205972
4560,2012-06-26,2012-06-26 23:00:00,5.026959151070702,0.07625872274120903
4561,2012-06-27,2012-06-27 23:00:00,5.1927702975969305,0.19937356668669606
4562,2012-06-28,2012-06-28 23:00:00,5.276964877522328,0.271978663231657
4563,2012-06-29,2012-06-29 23:00:00,5.301306406987494,0.24338711477802574
4564,2012-06-30,2012-06-30 23:00:00,5.116071250046844,0.12440581223158823
4565,2012-07-01,2012-07-01 23:00:00,5.077098218838889,0.07965865686475707
4566,2012-07-02,2012-07-02 23:00:00,5.0600633599863665,0.19019228622642123
4567,2012-07-03,2012-07-03 23:00:00,5.114008370373076,0.19656319793782964
4568,2012-07-04,2012-07-04 23:00:00,4.976536551529963,0.11469394182022087
4569,2012-07-05,2012-07-05 23:00:00,5.062824441484746,0.1587178761867098
4570,2012-07-06,2012-07-06 23:00:00,5.058719223076501,0.18707569847178296
4571,2012-07-07,2012-07-07 23:00:00,4.890071677618844,0.2448685087647868
4572,2012-07-08,2012-07-08 23:00:00,4.735593369215679,0.100798032747116
4573,2012-07-09,2012-07-09 23:00:00,4.838907313924583,0.368374410604208
4574,2012-07-10,2012-07-10 23:00:00,4.950448730714274,0.3381918122503286
4575,2012-07-11,2012-07-11 23:00:00,4.921463785778131,0.4627626530348634
4576,2012-07-12,2012-07-12 23:00:00,4.906859448316348,0.3842386970091973
4577,2012-07-13,2012-07-13 23:00:00,4.916764558117646,0.21975608535702054
4578,2012-07-14,2012-07-14 23:00:00,4.787047555269891,0.06066265999015452
4579,2012-07-15,2012-07-15 23:00:00,4.720820724195001,0.16305619655310452
4580,2012-07-16,2012-07-16 23:00:00,4.831113504920022,0.30777020306373776
4581,2012-07-17,2012-07-17 23:00:00,4.834930482546493,0.41312072505649167
4582,2012-07-18,2012-07-18 23:00:00,5.066356900739188,0.44857088466821143
4583,2012-07-19,2012-07-19 23:00:00,5.133924994445792,0.349282059317422
4584,2012-07-20,2012-07-20 23:00:00,5.017514265727452,0.11042896706720114
4585,2012-07-21,2012-07-21 23:00:00,4.7669226227383,0.32171067409678167
4586,2012-07-22,2012-07-22 23:00:00,4.540454049749266,0.16306669146149302
4587,2012-07-23,2012-07-23 23:00:00,4.812444061105318,0.3557065200500287
4588,2012-07-24,2012-07-24 23:00:00,4.863953738340757,0.31214376618210266
4589,2012-07-25,2012-07-25 23:00:00,5.048101842704718,0.2180462300792877
4590,2012-07-26,2012-07-26 23:00:00,5.290547105581482,0.316076674988925
4591,2012-07-27,2012-07-27 23:00:00,5.528581905019119,0.287205974316091
4592,2012-07-28,2012-07-28 23:00:00,5.4502099091062535,0.16471283524907407
4593,2012-07-29,2012-07-29 23:00:00,5.466600265064865,0.13452043278348041
4594,2012-07-30,2012-07-30 23:00:00,5.629533517043639,0.10804857866237444
4595,2012-07-31,2012-07-31 23:00:00,5.5185523907655,0.047478253757380726
4596,2012-08-01,2012-08-01 23:00:00,5.710283190758408,0.15032051708513466
4597,2012-08-02,2012-08-02 23:00:00,5.639902770832447,0.16371122587574433
4598,2012-08-03,2012-08-03 23:00:00,5.562498941704405,0.15309655915151
4599,2012-08-04,2012-08-04 23:00:00,5.654511098286979,0.184914129567638
4600,2012-08-05,2012-08-05 23:00:00,5.502720708064724,0.12476357111947743
4601,2012-08-06,2012-08-06 23:00:00,5.620687418649023,0.13218686726505716
4602,2012-08-07,2012-08-07 23:00:00,5.48864864307114,0.15784198637364136
4603,2012-08-08,2012-08-08 23:00:00,5.6004279087299365,0.09993181423328898
4604,2012-08-09,2012-08-09 23:00:00,5.623887637391442,0.10970254218325523
4605,2012-08-10,2012-08-10 23:00:00,5.698576446896529,0.15359546444902983
4606,2012-08-11,2012-08-11 23:00:00,5.70861116039774,0.14937937519016417
4607,2012-08-12,2012-08-12 23:00:00,5.682659034787321,0.11010435428315164
4608,2012-08-13,2012-08-13 23:00:00,5.8664302357883225,0.13249808483376452
4609,2012-08-14,2012-08-14 23:00:00,5.841003003531429,0.16176796802370083
4610,2012-08-15,2012-08-15 23:00:00,5.765069784801753,0.06532753364152696
4611,2012-08-16,2012-08-16 23:00:00,5.766561765546954,0.0944535582872933
4612,2012-08-17,2012-08-17 23:00:00,5.672296272370924,0.033952816794485904
4613,2012-08-18,2012-08-18 23:00:00,5.614690957963593,0.07318253929072628
4614,2012-08-19,2012-08-19 23:00:00,5.518069105007064,0.05937361400679014
4615,2012-08-20,2012-08-20 23:00:00,5.496252548430124,0.17395068394816196
4616,2012-08-21,2012-08-21 23:00:00,5.581736038465259,0.07703137862590789
4617,2012-08-22,2012-08-22 23:00:00,5.55983208324573,0.11480906096196247
4618,2012-08-23,2012-08-23 23:00:00,5.564851789867713,0.08779744603862423
4619,2012-08-24,2012-08-24 23:00:00,5.587266674306936,0.09927147855057347
4620,2012-08-25,2012-08-25 23:00:00,5.575421791787851,0.10885140349268638
4621,2012-08-26,2012-08-26 23:00:00,5.5912335837222455,0.14344570846842483
4622,2012-08-27,2012-08-27 23:00:00,5.749796979551381,0.15914557184983266
4623,2012-08-28,2012-08-28 23:00:00,5.719394003922986,0.18085520934461613
4624,2012-08-29,2012-08-29 23:00:00,5.70131217669904,0.17537837247519816
4625,2012-08-30,2012-08-30 23:00:00,5.714479175236008,0.127474321217916
4626,2012-08-31,2012-08-31 23:00:00,5.868595954090662,0.20168791058494936
4627,2012-09-01,2012-09-01 23:00:00,5.666134636340978,0.059457814294428535
4628,2012-09-02,2012-09-02 23:00:00,5.581065151094987,0.008203007673524786
4629,2012-09-03,2012-09-03 23:00:00,5.6106433555931545,0.07888280806848005
4630,2012-09-04,2012-09-04 23:00:00,5.64997782850661,0.08054861218729441
4631,2012-09-05,2012-09-05 23:00:00,5.668640604066439,0.09132667392498721
4632,2012-09-06,2012-09-06 23:00:00,5.790949780118235,0.21660629270593768
4633,2012-09-07,2012-09-07 23:00:00,5.743307586722274,0.15176408383273976
4634,2012-09-08,2012-09-08 23:00:00,5.769033041018166,0.13853244037486084
4635,2012-09-09,2012-09-09 23:00:00,5.748302734168596,0.047615716126229266
4636,2012-09-10,2012-09-10 23:00:00,5.772759043617057,0.06274387729096417
4637,2012-09-11,2012-09-11 23:00:00,5.834788603985033,0.10325146298799621
4638,2012-09-12,2012-09-12 23:00:00,5.793491397762801,0.063695050989997
4639,2012-09-13,2012-09-13 23:00:00,5.819215934793864,0.03471963898963969
4640,2012-09-14,2012-09-14 23:00:00,5.889064969993565,0.0623246501014628
4641,2012-09-15,2012-09-15 23:00:00,5.787245507730165,0.02542390704212972
4642,2012-09-16,2012-09-16 23:00:00,5.852678943406872,0.06249770334165431
4643,2012-09-17,2012-09-17 23:00:00,5.968752682186698,0.1833935352685087
4644,2012-09-18,2012-09-18 23:00:00,6.074006090165436,0.1916679683876566
4645,2012-09-19,2012-09-19 23:00:00,5.990636747484081,0.11311470112142984
4646,2012-09-20,2012-09-20 23:00:00,5.992558834310763,0.12033344677620376
4647,2012-09-21,2012-09-21 23:00:00,6.089456959152098,0.19349311899539368
4648,2012-09-22,2012-09-22 23:00:00,5.97599459486273,0.06296480633116011
4649,2012-09-23,2012-09-23 23:00:00,5.991091361334554,0.03890776352468906
4650,2012-09-24,2012-09-24 23:00:00,6.108992892100439,0.12197283111197947
4651,2012-09-25,2012-09-25 23:00:00,6.129084091625796,0.08985445216272844
4652,2012-09-26,2012-09-26 23:00:00,6.158950298958126,0.055520708153303934
4653,2012-09-27,2012-09-27 23:00:00,6.080923309491996,0.1985671853526493
4654,2012-09-28,2012-09-28 23:00:00,6.263778898877637,0.11401523599700877
4655,2012-09-29,2012-09-29 23:00:00,6.212684912801119,0.03595255380712851
4656,2012-09-30,2012-09-30 23:00:00,6.2193496292056425,0.05953233480085084
4657,2012-10-01,2012-10-01 23:00:00,6.278554022127925,0.05466746047874745
4658,2012-10-02,2012-10-02 23:00:00,6.296374639755158,0.06062322916998617
4659,2012-10-03,2012-10-03 23:00:00,6.263448656107255,0.07635138912419848
4660,2012-10-04,2012-10-04 23:00:00,6.224670496021774,0.10857536585630269
4661,2012-10-05,2012-10-05 23:00:00,6.250284424152055,0.13185266627052292
4662,2012-10-06,2012-10-06 23:00:00,6.190953095086299,0.05426961315305645
4663,2012-10-07,2012-10-07 23:00:00,6.13286330036273,0.06976276169135792
4664,2012-10-08,2012-10-08 23:00:00,6.175069512840927,0.08080331323770759
4665,2012-10-09,2012-10-09 23:00:00,5.835214889470379,0.6407145999833372
4666,2012-10-10,2012-10-10 23:00:00,5.848416046753303,0.5697675563763219
4667,2012-10-11,2012-10-11 23:00:00,6.067453035891425,0.06658672384252444
4668,2012-10-12,2012-10-12 23:00:00,6.020568395517803,0.06284979414605388
4669,2012-10-13,2012-10-13 23:00:00,6.027130915905363,0.03734932292057746
4670,2012-10-14,2012-10-14 23:00:00,6.043400695633118,0.012395540145223078
4671,2012-10-15,2012-10-15 23:00:00,6.054731112350368,0.04917994385008498
4672,2012-10-16,2012-10-16 23:00:00,6.095350924051423,0.05843874809410452
4673,2012-10-17,2012-10-17 23:00:00,6.094057968192534,0.036139801145055196
4674,2012-10-18,2012-10-18 23:00:00,6.01125332692925,0.014705600024695922
4675,2012-10-19,2012-10-19 23:00:00,5.979053657916542,0.013043186861486679
4676,2012-10-20,2012-10-20 23:00:00,5.9159021540860595,0.03806744869284012
4677,2012-10-21,2012-10-21 23:00:00,5.9454788018928495,0.029127347070050314
4678,2012-10-22,2012-10-22 23:00:00,5.8108664788695945,0.1587731011197152
4679,2012-10-23,2012-10-23 23:00:00,5.785243244668062,0.14573916726833935
4680,2012-10-24,2012-10-24 23:00:00,5.805675483726925,0.10865148455268132
4681,2012-10-25,2012-10-25 23:00:00,5.700265241980787,0.054831979435383336
4682,2012-10-26,2012-10-26 23:00:00,5.694695471456572,0.12767266699339194
4683,2012-10-27,2012-10-27 23:00:00,5.6185552576618365,0.02157870160559457
4684,2012-10-28,2012-10-28 23:00:00,5.643850869057871,0.07501954409952906
4685,2012-10-29,2012-10-29 23:00:00,5.800805280438322,0.09375089153545843
4686,2012-10-30,2012-10-30 23:00:00,5.850629103897201,0.10970698081895293
4687,2012-10-31,2012-10-31 23:00:00,5.880443929456532,0.04587015412204913
4688,2012-11-01,2012-11-01 23:00:00,5.924903793291281,0.15764998912717915
4689,2012-11-02,2012-11-02 23:00:00,5.927535433923904,0.07160759022789838
4690,2012-11-03,2012-11-03 23:00:00,5.884225398837889,0.042859010415356016
4691,2012-11-04,2012-11-04 23:00:00,5.991062507465713,0.02344618168237177
4692,2012-11-05,2012-11-05 23:00:00,5.879386862827688,0.056195602134372594
4693,2012-11-06,2012-11-06 23:00:00,5.918694289829479,0.015084924147067889
4694,2012-11-07,2012-11-07 23:00:00,5.871632317962874,0.06729803214356107
4695,2012-11-08,2012-11-08 23:00:00,5.915954048254663,0.07037495084875858
4696,2012-11-09,2012-11-09 23:00:00,5.883861037196977,0.028536798429303345
4697,2012-11-10,2012-11-10 23:00:00,5.876233667034362,0.045758110435113714
4698,2012-11-11,2012-11-11 23:00:00,5.841033610925218,0.10549541993883667
4699,2012-11-12,2012-11-12 23:00:00,5.875074776333935,0.015520954157838352
4700,2012-11-13,2012-11-13 23:00:00,5.926639440686213,0.10293506654976992
4701,2012-11-14,2012-11-14 23:00:00,5.94310210403691,0.11616121482292487
4702,2012-11-15,2012-11-15 23:00:00,5.919833032136655,0.08075821310480254
4703,2012-11-16,2012-11-16 23:00:00,5.870704870232356,0.016512935280395973
4704,2012-11-17,2012-11-17 23:00:00,5.808769475097601,0.06355739618189511
4705,2012-11-18,2012-11-18 23:00:00,5.7030617795790555,0.08155984244064803
4706,2012-11-19,2012-11-19 23:00:00,5.689264344837956,0.13989219128389765
4707,2012-11-20,2012-11-20 23:00:00,5.6540081452207795,0.07558042869920108
4708,2012-11-21,2012-11-21 23:00:00,5.6168534851853655,0.1444331352166731
4709,2012-11-22,2012-11-22 23:00:00,5.659408728859936,0.1185155687187036
4710,2012-11-23,2012-11-23 23:00:00,5.694856270447546,0.11127937111027647
4711,2012-11-24,2012-11-24 23:00:00,5.6932017019439565,0.10189493749637515
4712,2012-11-25,2012-11-25 23:00:00,5.596712961982259,0.06426196836707573
4713,2012-11-26,2012-11-26 23:00:00,5.765610631105001,0.2959022884122613
4714,2012-11-27,2012-11-27 23:00:00,5.677913605084071,0.3941612057140965
4715,2012-11-28,2012-11-28 23:00:00,5.812494217589503,0.4164595642196875
4716,2012-11-29,2012-11-29 23:00:00,5.892569869474964,0.25153442201884296
4717,2012-11-30,2012-11-30 23:00:00,5.967774641921537,0.11263837735401605
4718,2012-12-01,2012-12-01 23:00:00,5.8039469303361955,0.27621092047609513
4719,2012-12-02,2012-12-02 23:00:00,5.627994580862038,0.6181274355289544
4720,2012-12-03,2012-12-03 23:00:00,5.666945517876119,0.6167217661292563
4721,2012-12-04,2012-12-04 23:00:00,5.906303317654499,0.10729456859394358
4722,2012-12-05,2012-12-05 23:00:00,5.929394517554031,0.13209902688548564
4723,2012-12-06,2012-12-06 23:00:00,5.815120297442857,0.3452157281426207
4724,2012-12-07,2012-12-07 23:00:00,5.905716684851389,0.12556188099539453
4725,2012-12-08,2012-12-08 23:00:00,5.852521049131316,0.14771132907554071
4726,2012-12-09,2012-12-09 23:00:00,5.901896522807509,0.060300095852136984
4727,2012-12-10,2012-12-10 23:00:00,5.914320760652168,0.13152018863669754
4728,2012-12-11,2012-12-11 23:00:00,5.8919510718828585,0.07690082305232813
4729,2012-12-12,2012-12-12 23:00:00,5.891445654525818,0.07948810699169799
4730,2012-12-13,2012-12-13 23:00:00,5.974501573263308,0.061549023507024146
4731,2012-12-14,2012-12-14 23:00:00,5.993575766893106,0.06984707278386057
4732,2012-12-15,2012-12-15 23:00:00,6.013657765048504,0.05172664348081249
4733,2012-12-16,2012-12-16 23:00:00,6.020830954903144,0.08533103094965283
4734,2012-12-17,2012-12-17 23:00:00,6.032371470914124,0.060092202821548764
4735,2012-12-18,2012-12-18 23:00:00,6.067737218382226,0.025043349742790173
4736,2012-12-19,2012-12-19 23:00:00,6.044308635873526,0.03061658108549512
4737,2012-12-20,2012-12-20 23:00:00,6.020758322101417,0.04681099898945146
4738,2012-12-21,2012-12-21 23:00:00,5.985007899791019,0.022466548570410076
4739,2012-12-22,2012-12-22 23:00:00,5.975244913936088,0.016597756129548495
4740,2012-12-23,2012-12-23 23:00:00,5.928106347817104,0.036426516920295055
4741,2012-12-24,2012-12-24 23:00:00,5.9294482581614005,0.04539980880568802
4742,2012-12-25,2012-12-25 23:00:00,5.839532894688979,0.05557031150178987
4743,2012-12-26,2012-12-26 23:00:00,5.937942684240977,0.05234776469269042
4744,2012-12-27,2012-12-27 23:00:00,5.831519940002049,0.03682855106501429
4745,2012-12-28,2012-12-28 23:00:00,5.783227938926132,0.031916080251153923
4746,2012-12-29,2012-12-29 23:00:00,5.740379706358663,0.19413339584156256
4747,2012-12-30,2012-12-30 23:00:00,5.781972286157028,0.12262973819629108
4748,2012-12-31,2012-12-31 23:00:00,5.784157740385112,0.09730294894762553
4749,2013-01-01,2013-01-01 23:00:00,5.785597827572464,0.10832994634961333
4750,2013-01-02,2013-01-02 23:00:00,5.961626741157559,0.10136391865418462
4751,2013-01-03,2013-01-03 23:00:00,5.924363052358383,0.05837405919517683
4752,2013-01-04,2013-01-04 23:00:00,5.951215633744255,0.023620017328857823
4753,2013-01-05,2013-01-05 23:00:00,5.8995801926135085,0.02217737811196044
4754,2013-01-06,2013-01-06 23:00:00,5.876913672675464,0.0321228865512988
4755,2013-01-07,2013-01-07 23:00:00,5.881258227774903,0.024590169471775468
4756,2013-01-08,2013-01-08 23:00:00,5.877518510667414,0.09595200350192627
4757,2013-01-09,2013-01-09 23:00:00,5.613442274286356,0.5805756747228474
4758,2013-01-10,2013-01-10 23:00:00,5.918620959372935,0.029186219712745157
4759,2013-01-11,2013-01-11 23:00:00,5.943680316101826,0.043012203419399354
4760,2013-01-12,2013-01-12 23:00:00,5.93653232680326,0.02006080185554229
4761,2013-01-13,2013-01-13 23:00:00,5.947166193237682,0.14996816216415945
4762,2013-01-14,2013-01-14 23:00:00,5.974476301439324,0.039140198784753326
4763,2013-01-15,2013-01-15 23:00:00,5.985525388553498,0.03404024987883643
4764,2013-01-16,2013-01-16 23:00:00,5.977299794882964,0.030737699504998522
4765,2013-01-17,2013-01-17 23:00:00,5.961991378783153,0.027198798970977166
4766,2013-01-18,2013-01-18 23:00:00,5.969616315935571,0.03959108541000061
4767,2013-01-19,2013-01-19 23:00:00,5.951521824568052,0.0631145181988591
4768,2013-01-20,2013-01-20 23:00:00,5.969909302762925,0.02853319668725425
4769,2013-01-21,2013-01-21 23:00:00,5.978239814783289,0.057966818596314224
4770,2013-01-22,2013-01-22 23:00:00,5.9264763958185185,0.05922890914411392
4771,2013-01-23,2013-01-23 23:00:00,5.928807074989389,0.038529554762206514
4772,2013-01-24,2013-01-24 23:00:00,5.964976819441358,0.04216215309857814
4773,2013-01-25,2013-01-25 23:00:00,6.013184562638142,0.07391298930089171
4774,2013-01-26,2013-01-26 23:00:00,5.9418477433904,0.04857958023031303
4775,2013-01-27,2013-01-27 23:00:00,5.915159022094894,0.0388309822104686
4776,2013-01-28,2013-01-28 23:00:00,5.961025879169455,0.0591330870985702
4777,2013-01-29,2013-01-29 23:00:00,5.792314657922829,0.2626362045542661
4778,2013-01-30,2013-01-30 23:00:00,5.931760061303858,0.08380203659600136
4779,2013-01-31,2013-01-31 23:00:00,6.043067576544767,0.07131729145751042
4780,2013-02-01,2013-02-01 23:00:00,6.034899094117098,0.01767986614523901
4781,2013-02-02,2013-02-02 23:00:00,6.097078810270798,0.04797636949078189
4782,2013-02-03,2013-02-03 23:00:00,6.154986244012643,0.04851873518576294
4783,2013-02-04,2013-02-04 23:00:00,6.194167374211646,0.07149922555621983
4784,2013-02-05,2013-02-05 23:00:00,6.072309452674354,0.13978184586435274
4785,2013-02-06,2013-02-06 23:00:00,6.050756464476602,0.0876320767805637
4786,2013-02-07,2013-02-07 23:00:00,6.10149563834486,0.11179344980216413
4787,2013-02-08,2013-02-08 23:00:00,6.002481689738563,0.05499326770926179
4788,2013-02-09,2013-02-09 23:00:00,5.999376753141855,0.045578027177296206
4789,2013-02-10,2013-02-10 23:00:00,6.044191514576876,0.05697573492016781
4790,2013-02-11,2013-02-11 23:00:00,5.98609663421841,0.08235640904945972
4791,2013-02-12,2013-02-12 23:00:00,5.756372480881221,0.37931966884705803
4792,2013-02-13,2013-02-13 23:00:00,5.936976854874236,0.05512250216511625
4793,2013-02-14,2013-02-14 23:00:00,5.894305584933157,0.036843334214507605
4794,2013-02-15,2013-02-15 23:00:00,5.882896682749204,0.021489313242371265
4795,2013-02-16,2013-02-16 23:00:00,5.8314489461402745,0.03550257273095725
4796,2013-02-17,2013-02-17 23:00:00,5.793814493862158,0.054219714364373936
4797,2013-02-18,2013-02-18 23:00:00,5.83448997166212,0.05974187141977363
4798,2013-02-19,2013-02-19 23:00:00,5.685644721930768,0.24183937526848456
4799,2013-02-20,2013-02-20 23:00:00,5.826777935672258,0.0018605035830889934
4800,2013-02-21,2013-02-21 23:00:00,5.786427348943136,0.025028551374216338
4801,2013-02-22,2013-02-22 23:00:00,5.764949004069314,0.11992846715197546
4802,2013-02-23,2013-02-23 23:00:00,5.775823860615542,0.004610515727930433
4803,2013-02-24,2013-02-24 23:00:00,5.730708935682806,0.04547499167404794
4804,2013-02-25,2013-02-25 23:00:00,5.700571742085875,0.0977686139935124
4805,2013-02-26,2013-02-26 23:00:00,5.741195582622415,0.15648154170163311
4806,2013-02-27,2013-02-27 23:00:00,5.694620742568465,0.1521759639463602
4807,2013-02-28,2013-02-28 23:00:00,5.673144564443972,0.1372576369363292
4808,2013-03-01,2013-03-01 23:00:00,5.7356366333701585,0.11614616485450367
4809,2013-03-02,2013-03-02 23:00:00,5.7300351180250715,0.0804571798845065
4810,2013-03-03,2013-03-03 23:00:00,5.688615457202881,0.05524952084129674
4811,2013-03-04,2013-03-04 23:00:00,5.763844256249656,0.06537900173648883
4812,2013-03-05,2013-03-05 23:00:00,5.989405550908483,0.38207585262597704
4813,2013-03-06,2013-03-06 23:00:00,5.891454110728915,0.10572025362363427
4814,2013-03-07,2013-03-07 23:00:00,5.8776680064107865,0.09332144208858015
4815,2013-03-08,2013-03-08 23:00:00,5.57572289255645,0.5868933526415946
4816,2013-03-09,2013-03-09 23:00:00,5.872652476075847,0.05479644186257774
4817,2013-03-10,2013-03-10 23:00:00,5.854596179364795,0.030313919427174738
4818,2013-03-11,2013-03-11 23:00:00,5.82752206694163,0.055659260464718883
4819,2013-03-12,2013-03-12 23:00:00,5.7065767442279665,0.2757697479058368
4820,2013-03-13,2013-03-13 23:00:00,5.576334556111817,0.49146323671021774
4821,2013-03-14,2013-03-14 23:00:00,5.7015683049892445,0.18517326833873196
4822,2013-03-15,2013-03-15 23:00:00,5.654874678174333,0.0791815110051539
4823,2013-03-16,2013-03-16 23:00:00,5.50212181360495,0.15848999997703464
4824,2013-03-17,2013-03-17 23:00:00,5.562296957556893,0.09348963724074065
4825,2013-03-18,2013-03-18 23:00:00,5.478125923301522,0.3349234558359477
4826,2013-03-19,2013-03-19 23:00:00,5.538554907248319,0.11822239133127573
4827,2013-03-20,2013-03-20 23:00:00,5.450617565278438,0.5166011004283981
4828,2013-03-21,2013-03-21 23:00:00,5.1805034035002615,0.43266805925138635
4829,2013-03-22,2013-03-22 23:00:00,5.471654454826343,0.19830791009589196
4830,2013-03-23,2013-03-23 23:00:00,5.3681346621797985,0.17790039828674747
4831,2013-03-24,2013-03-24 23:00:00,5.0965040964586485,0.16559697762327302
4832,2013-03-25,2013-03-25 23:00:00,5.241519453110469,0.1761798605583372
4833,2013-03-26,2013-03-26 23:00:00,5.389248254955664,0.36348738580474554
4834,2013-03-27,2013-03-27 23:00:00,5.260417394390397,0.24646702583385588
4835,2013-03-28,2013-03-28 23:00:00,5.309145164014704,0.07354829625585922
4836,2013-03-29,2013-03-29 23:00:00,5.373703484800219,0.09973076739350364
4837,2013-03-30,2013-03-30 23:00:00,5.630205711793498,0.11804938870944894
4838,2013-03-31,2013-03-31 23:00:00,5.7873459407211145,0.1057693137632226
4839,2013-04-01,2013-04-01 23:00:00,5.7501745953940775,0.18812929063789066
4840,2013-04-02,2013-04-02 23:00:00,5.860676478348793,0.051366009397697976
4841,2013-04-03,2013-04-03 23:00:00,5.875947177661376,0.07517769085384482
4842,2013-04-04,2013-04-04 23:00:00,5.891672902140191,0.059156330958555756
4843,2013-04-05,2013-04-05 23:00:00,5.906259446197378,0.08038702378487135
4844,2013-04-06,2013-04-06 23:00:00,5.900017153406776,0.04415787770859066
4845,2013-04-07,2013-04-07 23:00:00,6.033767427964723,0.06298114068404208
4846,2013-04-08,2013-04-08 23:00:00,5.994739514214189,0.10506072409639039
4847,2013-04-09,2013-04-09 23:00:00,6.096156944040412,0.1294669973766387
4848,2013-04-10,2013-04-10 23:00:00,6.109026323920859,0.15763461295133283
4849,2013-04-11,2013-04-11 23:00:00,6.186243665123047,0.1541100463924353
4850,2013-04-12,2013-04-12 23:00:00,6.325191168199304,0.05311549073735362
4851,2013-04-13,2013-04-13 23:00:00,6.243030491639872,0.22540520968556157
4852,2013-04-14,2013-04-14 23:00:00,6.407652859293928,0.057972255778845794
4853,2013-04-15,2013-04-15 23:00:00,6.585952366119968,0.1243268988329568
4854,2013-04-16,2013-04-16 23:00:00,6.683559273357886,0.05773930182844405
4855,2013-04-17,2013-04-17 23:00:00,6.695700936705722,0.0469002207101749
4856,2013-04-18,2013-04-18 23:00:00,6.674712426034193,0.07424411100626077
4857,2013-04-19,2013-04-19 23:00:00,6.514570491345572,0.24371367789631973
4858,2013-04-20,2013-04-20 23:00:00,6.563843893681781,0.2175183689618186
4859,2013-04-21,2013-04-21 23:00:00,6.143524886079042,0.18864579869860648
4860,2013-04-22,2013-04-22 23:00:00,5.955226994598553,0.1226642232389235
4861,2013-04-23,2013-04-23 23:00:00,5.715791216586498,0.21263430573111136
4862,2013-04-24,2013-04-24 23:00:00,5.664643667524405,0.15940067628230462
4863,2013-04-25,2013-04-25 23:00:00,5.707422204676107,0.0493583044141451
4864,2013-04-26,2013-04-26 23:00:00,5.800384161022996,0.07278568381135876
4865,2013-04-27,2013-04-27 23:00:00,5.79669666710081,0.059563304205816854
4866,2013-04-28,2013-04-28 23:00:00,5.78106031646158,0.071288648315601
4867,2013-04-29,2013-04-29 23:00:00,5.779658659433113,0.09616530613275397
4868,2013-04-30,2013-04-30 23:00:00,5.809497938461732,0.05570537495119086
4869,2013-05-01,2013-05-01 23:00:00,5.730798245612232,0.04930956675235499
4870,2013-05-02,2013-05-02 23:00:00,5.740243928391419,0.06393977228581789
4871,2013-05-03,2013-05-03 23:00:00,5.806629624282796,0.03427710973727629
4872,2013-05-04,2013-05-04 23:00:00,5.818138175580176,0.022031163177475218
4873,2013-05-05,2013-05-05 23:00:00,5.810793255352259,0.014791230165743241
4874,2013-05-06,2013-05-06 23:00:00,5.7610026057787325,0.2217405113775674
4875,2013-05-07,2013-05-07 23:00:00,5.662705870570503,0.2975128081868338
4876,2013-05-08,2013-05-08 23:00:00,5.771711292842902,0.10175929477662744
4877,2013-05-09,2013-05-09 23:00:00,5.710447933693888,0.18585515939202313
4878,2013-05-10,2013-05-10 23:00:00,5.74679814382452,0.016018428854622235
4879,2013-05-11,2013-05-11 23:00:00,5.847981754037932,0.15655451526012856
4880,2013-05-12,2013-05-12 23:00:00,5.734652117013845,0.05661164779028068
4881,2013-05-13,2013-05-13 23:00:00,5.775312193849548,0.07288625053868152
4882,2013-05-14,2013-05-14 23:00:00,5.830666616867416,0.10661492727285246
4883,2013-05-15,2013-05-15 23:00:00,5.897632916534254,0.12469014576708212
4884,2013-05-16,2013-05-16 23:00:00,5.823353503346283,0.08249117871544603
4885,2013-05-17,2013-05-17 23:00:00,5.748203479816595,0.05126575328679813
4886,2013-05-18,2013-05-18 23:00:00,5.723166989513534,0.022074352490105264
4887,2013-05-19,2013-05-19 23:00:00,5.625821775141135,0.09166113822297783
4888,2013-05-20,2013-05-20 23:00:00,5.626855138626932,0.18392293385611325
4889,2013-05-21,2013-05-21 23:00:00,5.553094724005471,0.2630144203997533
4890,2013-05-22,2013-05-22 23:00:00,5.592446716015196,0.248668830027627
4891,2013-05-23,2013-05-23 23:00:00,5.3874063603091145,0.08217847502761369
4892,2013-05-24,2013-05-24 23:00:00,5.430892402040477,0.4050442408848688
4893,2013-05-25,2013-05-25 23:00:00,5.274200828342001,0.6559956004724793
4894,2013-05-26,2013-05-26 23:00:00,4.6354900453503305,0.31777909317725755
4895,2013-05-27,2013-05-27 23:00:00,5.227491691268251,0.6731968231185368
4896,2013-05-28,2013-05-28 23:00:00,5.161883707971863,0.5508409531714374
4897,2013-05-29,2013-05-29 23:00:00,5.2521546842965,0.6034453342452224
4898,2013-05-30,2013-05-30 23:00:00,5.103116709266767,0.3690826065883364
4899,2013-05-31,2013-05-31 23:00:00,5.112160889495546,0.42215509840236337
4900,2013-06-01,2013-06-01 23:00:00,5.018859557982778,0.3836604059427054
4901,2013-06-02,2013-06-02 23:00:00,5.380541675213468,0.1056762678915418
4902,2013-06-03,2013-06-03 23:00:00,5.446454699616395,0.1271376564636705
4903,2013-06-04,2013-06-04 23:00:00,5.698652995565566,0.2811189156345143
4904,2013-06-05,2013-06-05 23:00:00,5.590558562604091,0.07287637281941814
4905,2013-06-06,2013-06-06 23:00:00,5.569927756296036,0.12661894620042063
4906,2013-06-07,2013-06-07 23:00:00,5.563014798761448,0.225478021697618
4907,2013-06-08,2013-06-08 23:00:00,5.516899127053915,0.11911717608592556
4908,2013-06-09,2013-06-09 23:00:00,5.569301237049132,0.00570690047993983
4909,2013-06-10,2013-06-10 23:00:00,5.611433578191051,0.19234058124958886
4910,2013-06-11,2013-06-11 23:00:00,5.584320582173583,0.026955649610285872
4911,2013-06-12,2013-06-12 23:00:00,5.726981857006589,0.10288841013777923
4912,2013-06-13,2013-06-13 23:00:00,5.768052920810068,0.08794735028962407
4913,2013-06-14,2013-06-14 23:00:00,5.609837570257123,0.1711548924979324
4914,2013-06-15,2013-06-15 23:00:00,5.624858096131118,0.18519249409315605
4915,2013-06-16,2013-06-16 23:00:00,5.604730414836133,0.07319085423793416
4916,2013-06-17,2013-06-17 23:00:00,5.548975419294358,0.13278002684566684
4917,2013-06-18,2013-06-18 23:00:00,5.581061456545611,0.26000041990035627
4918,2013-06-19,2013-06-19 23:00:00,5.487836589488258,0.21768346612070053
4919,2013-06-20,2013-06-20 23:00:00,5.583343084661441,0.32756592866551565
4920,2013-06-21,2013-06-21 23:00:00,5.678383083987716,0.17039957471432268
4921,2013-06-22,2013-06-22 23:00:00,5.676227113288133,0.13619866439582073
4922,2013-06-23,2013-06-23 23:00:00,5.733533004875404,0.1049181234122116
4923,2013-06-24,2013-06-24 23:00:00,5.867157832862406,0.14741364414723232
4924,2013-06-25,2013-06-25 23:00:00,5.993057153579133,0.046449926090400294
4925,2013-06-26,2013-06-26 23:00:00,5.95813601204085,0.055220637628707034
4926,2013-06-27,2013-06-27 23:00:00,5.916074504540187,0.05892261265973264
4927,2013-06-28,2013-06-28 23:00:00,5.901315898373003,0.11730487867672906
4928,2013-06-29,2013-06-29 23:00:00,5.7858930680397345,0.14076229206825425
4929,2013-06-30,2013-06-30 23:00:00,5.46849155576123,0.27995539641481837
4930,2013-07-01,2013-07-01 23:00:00,5.688937249892551,0.10166290703217014
4931,2013-07-02,2013-07-02 23:00:00,5.845606704576633,0.08408780780011514
4932,2013-07-03,2013-07-03 23:00:00,5.897767446461664,0.00897875421355893
4933,2013-07-04,2013-07-04 23:00:00,5.889644968169293,0.11217984960933977
4934,2013-07-05,2013-07-05 23:00:00,5.962232090164186,0.06194786539272884
4935,2013-07-06,2013-07-06 23:00:00,6.078636934042845,0.09219018128557215
4936,2013-07-07,2013-07-07 23:00:00,6.1970782302024725,0.2159562247270294
4937,2013-07-08,2013-07-08 23:00:00,6.43350829705221,0.05417790894547406
4938,2013-07-09,2013-07-09 23:00:00,6.529468632103215,0.093804024375954
4939,2013-07-10,2013-07-10 23:00:00,6.495680994093335,0.08643506885035428
4940,2013-07-11,2013-07-11 23:00:00,6.493319261137489,0.16511947470250163
4941,2013-07-12,2013-07-12 23:00:00,6.370264036086115,0.08903418845425924
4942,2013-07-13,2013-07-13 23:00:00,6.010545784783516,0.08400399561267696
4943,2013-07-14,2013-07-14 23:00:00,5.9998376213877025,0.07871219074516644
4944,2013-07-15,2013-07-15 23:00:00,6.112725813148245,0.1341963293956291
4945,2013-07-16,2013-07-16 23:00:00,5.9768596645539205,0.0587981539924446
4946,2013-07-17,2013-07-17 23:00:00,5.962263027442319,0.0739405208615526
4947,2013-07-18,2013-07-18 23:00:00,6.089094136949083,0.17090930365078122
4948,2013-07-19,2013-07-19 23:00:00,5.988449990893636,0.09022907629228326
4949,2013-07-20,2013-07-20 23:00:00,5.917225879389805,0.12921215671767328
4950,2013-07-21,2013-07-21 23:00:00,5.922098478520835,0.11810286603427014
4951,2013-07-22,2013-07-22 23:00:00,6.097961174402386,0.19782568693383223
4952,2013-07-23,2013-07-23 23:00:00,6.081890325580581,0.14299009690309786
4953,2013-07-24,2013-07-24 23:00:00,6.190431231842946,0.14047055274406128
4954,2013-07-25,2013-07-25 23:00:00,6.207666716615399,0.1309602879258588
4955,2013-07-26,2013-07-26 23:00:00,6.166965536687305,0.12173944016607936
4956,2013-07-27,2013-07-27 23:00:00,6.315305677900504,0.21971822428079252
4957,2013-07-28,2013-07-28 23:00:00,6.405342086541878,0.2136513356547989
4958,2013-07-29,2013-07-29 23:00:00,6.166112921612091,0.23924904951156803
4959,2013-07-30,2013-07-30 23:00:00,6.107320932676418,0.1841284055182155
4960,2013-07-31,2013-07-31 23:00:00,6.081572564239848,0.1384501163739301
4961,2013-08-01,2013-08-01 23:00:00,6.133969008652062,0.08299062942669509
4962,2013-08-02,2013-08-02 23:00:00,5.995882704831906,0.060854975677331426
4963,2013-08-03,2013-08-03 23:00:00,5.941116693465698,0.05310420917811468
4964,2013-08-04,2013-08-04 23:00:00,5.859185182685827,0.04863286445822331
4965,2013-08-05,2013-08-05 23:00:00,5.807056675744143,0.048448986294243136
4966,2013-08-06,2013-08-06 23:00:00,5.735993394074967,0.01967993794424239
4967,2013-08-07,2013-08-07 23:00:00,5.737874738657044,0.07206418697496883
4968,2013-08-08,2013-08-08 23:00:00,5.940610161229199,0.05004264946454404
4969,2013-08-09,2013-08-09 23:00:00,5.927824894744578,0.17737283899173234
4970,2013-08-10,2013-08-10 23:00:00,5.945776300260526,0.045693699413200194
4971,2013-08-11,2013-08-11 23:00:00,5.875201090037417,0.08029054524488975
4972,2013-08-12,2013-08-12 23:00:00,5.76370925926206,0.27762636026017423
4973,2013-08-13,2013-08-13 23:00:00,5.561370138375733,0.4893403838239276
4974,2013-08-14,2013-08-14 23:00:00,5.565613400866121,0.43705852602239365
4975,2013-08-15,2013-08-15 23:00:00,5.555532261677176,0.341444456971371
4976,2013-08-16,2013-08-16 23:00:00,5.751686945549121,0.14970402993278162
4977,2013-08-17,2013-08-17 23:00:00,5.793378588836812,0.08985781302107745
4978,2013-08-18,2013-08-18 23:00:00,5.6243348878497565,0.06225640531614412
4979,2013-08-19,2013-08-19 23:00:00,5.60900115764807,0.08106875470096549
4980,2013-08-20,2013-08-20 23:00:00,5.626825853951836,0.11143275925816123
4981,2013-08-21,2013-08-21 23:00:00,5.489687188932293,0.12336543592884366
4982,2013-08-22,2013-08-22 23:00:00,5.444924650369046,0.38553938899121437
4983,2013-08-23,2013-08-23 23:00:00,5.580524661934906,0.2920665788153411
4984,2013-08-24,2013-08-24 23:00:00,5.535179985785921,0.29625976356462536
4985,2013-08-25,2013-08-25 23:00:00,5.42345286785607,0.2875694079376719
4986,2013-08-26,2013-08-26 23:00:00,5.542478189960384,0.20503130288497223
4987,2013-08-27,2013-08-27 23:00:00,5.37042898784366,0.03194948212379363
4988,2013-08-28,2013-08-28 23:00:00,5.3339448415339445,0.2086303855933552
4989,2013-08-29,2013-08-29 23:00:00,5.187418030907394,0.3409132433582611
4990,2013-08-30,2013-08-30 23:00:00,5.4406615294639336,0.6158838490986438
4991,2013-08-31,2013-08-31 23:00:00,5.63850949106903,0.3462741798689698
4992,2013-09-01,2013-09-01 23:00:00,5.633940075626437,0.034263707696535285
4993,2013-09-02,2013-09-02 23:00:00,5.76509214696365,0.14392120548359813
4994,2013-09-03,2013-09-03 23:00:00,5.687227843981948,0.06890829323745291
4995,2013-09-04,2013-09-04 23:00:00,5.645404410317781,0.2195169955693449
4996,2013-09-05,2013-09-05 23:00:00,5.608702321526709,0.2221517577780397
4997,2013-09-06,2013-09-06 23:00:00,5.567964000880274,0.20463871043108875
4998,2013-09-07,2013-09-07 23:00:00,5.48307980926987,0.09465779372065038
4999,2013-09-08,2013-09-08 23:00:00,5.241728755448367,0.48405588943513816
5000,2013-09-09,2013-09-09 23:00:00,5.582949047516661,0.1951536578839347
5001,2013-09-10,2013-09-10 23:00:00,5.659450175244914,0.10673840923081959
5002,2013-09-11,2013-09-11 23:00:00,5.705555053955854,0.0780808348165688
5003,2013-09-12,2013-09-12 23:00:00,5.648826049954206,0.23016409941353475
5004,2013-09-13,2013-09-13 23:00:00,5.751752042246953,0.10463311424023308
5005,2013-09-14,2013-09-14 23:00:00,5.698435439381046,0.26079853808222225
5006,2013-09-15,2013-09-15 23:00:00,5.630156784263105,0.031129031538931724
5007,2013-09-16,2013-09-16 23:00:00,5.565247073908826,0.5593068696763815
5008,2013-09-17,2013-09-17 23:00:00,5.742664469246971,0.0948673113443682
5009,2013-09-18,2013-09-18 23:00:00,5.77132365885432,0.04718708201791246
5010,2013-09-19,2013-09-19 23:00:00,5.734787565016699,0.06627033760737014
5011,2013-09-20,2013-09-20 23:00:00,5.603164667693686,0.125771206669828
5012,2013-09-21,2013-09-21 23:00:00,5.469015446196896,0.14169920435645708
5013,2013-09-22,2013-09-22 23:00:00,5.466259862298158,0.08717694215823435
5014,2013-09-23,2013-09-23 23:00:00,5.619632020290239,0.12409621740354396
5015,2013-09-24,2013-09-24 23:00:00,5.812340507607909,0.10065362249745105
5016,2013-09-25,2013-09-25 23:00:00,5.78891307932922,0.07613030088325376
5017,2013-09-26,2013-09-26 23:00:00,5.760962400559014,0.07494859348194079
5018,2013-09-27,2013-09-27 23:00:00,5.723923696423697,0.024138560035061863
5019,2013-09-28,2013-09-28 23:00:00,5.7257160763362895,0.011381073603529886
5020,2013-09-29,2013-09-29 23:00:00,5.709507993673735,0.10040276185755856
5021,2013-09-30,2013-09-30 23:00:00,5.697231467478871,0.044039739875587326
5022,2013-10-01,2013-10-01 23:00:00,5.694770997146765,0.055765876412446416
5023,2013-10-02,2013-10-02 23:00:00,5.703663507854092,0.05138514402739944
5024,2013-10-03,2013-10-03 23:00:00,5.835419507291706,0.1125067384715951
5025,2013-10-04,2013-10-04 23:00:00,5.753684763724313,0.008379157428451925
5026,2013-10-05,2013-10-05 23:00:00,5.734190751573313,0.07797139688648465
5027,2013-10-06,2013-10-06 23:00:00,5.465109063439601,0.31349393551853894
5028,2013-10-07,2013-10-07 23:00:00,5.843359964737789,0.11953179251559888
5029,2013-10-08,2013-10-08 23:00:00,5.832863095353496,0.04023192154375286
5030,2013-10-09,2013-10-09 23:00:00,5.856170010659805,0.19929694058847622
5031,2013-10-10,2013-10-10 23:00:00,5.799326697297512,0.04496350061323533
5032,2013-10-11,2013-10-11 23:00:00,5.79899535785738,0.03621077670626027
5033,2013-10-12,2013-10-12 23:00:00,5.837151369463835,0.10841216839063049
5034,2013-10-13,2013-10-13 23:00:00,5.8520631720981315,0.09572900292465543
5035,2013-10-14,2013-10-14 23:00:00,5.896449094983201,0.04618693584464409
5036,2013-10-15,2013-10-15 23:00:00,5.871338936043316,0.1090946790387577
5037,2013-10-16,2013-10-16 23:00:00,5.970381560196785,0.06887958865087085
5038,2013-10-17,2013-10-17 23:00:00,5.950673158414856,0.06326914222226422
5039,2013-10-18,2013-10-18 23:00:00,5.927583910924746,0.07858843387379277
5040,2013-10-19,2013-10-19 23:00:00,5.916093784491466,0.10759185585025066
5041,2013-10-20,2013-10-20 23:00:00,6.0078460453049685,0.06474702640944179
5042,2013-10-21,2013-10-21 23:00:00,5.983561980716336,0.20140034230961015
5043,2013-10-22,2013-10-22 23:00:00,6.233570664893482,0.2341863861243797
5044,2013-10-23,2013-10-23 23:00:00,6.256054784552482,0.2080723835388927
5045,2013-10-24,2013-10-24 23:00:00,6.278747763037498,0.07536485019605102
5046,2013-10-25,2013-10-25 23:00:00,6.296373682622703,0.05894834831512763
5047,2013-10-26,2013-10-26 23:00:00,6.3050412742794935,0.1913588832419799
5048,2013-10-27,2013-10-27 23:00:00,6.255820624060296,0.12701430885068876
5049,2013-10-28,2013-10-28 23:00:00,6.324423385587145,0.3288444559014725
5050,2013-10-29,2013-10-29 23:00:00,6.415717369454467,0.20965048545395332
5051,2013-10-30,2013-10-30 23:00:00,6.648458778748764,0.08177628614299391
5052,2013-10-31,2013-10-31 23:00:00,6.609822369015575,0.30325879555802626
5053,2013-11-01,2013-11-01 23:00:00,6.742892598035493,0.06566947905819685
5054,2013-11-02,2013-11-02 23:00:00,6.525213662336728,0.2890220075772072
5055,2013-11-03,2013-11-03 23:00:00,6.265584671575303,0.37722440850347216
5056,2013-11-04,2013-11-04 23:00:00,6.655980807466925,0.2501047029049553
5057,2013-11-05,2013-11-05 23:00:00,6.446701634800917,0.36637398923399483
5058,2013-11-06,2013-11-06 23:00:00,6.331047242388993,0.35282724686046657
5059,2013-11-07,2013-11-07 23:00:00,6.12435574724045,0.18103477221023004
5060,2013-11-08,2013-11-08 23:00:00,5.954302357436787,0.055977057933550206
5061,2013-11-09,2013-11-09 23:00:00,5.8317188840122265,0.07546591056003293
5062,2013-11-10,2013-11-10 23:00:00,5.745088161646031,0.15893621404522923
5063,2013-11-11,2013-11-11 23:00:00,5.886426360076616,0.048677959428091354
5064,2013-11-12,2013-11-12 23:00:00,5.956647330770579,0.09919304388188807
5065,2013-11-13,2013-11-13 23:00:00,5.915752141572125,0.07595354526187101
5066,2013-11-14,2013-11-14 23:00:00,5.827643063475892,0.12219364752388448
5067,2013-11-15,2013-11-15 23:00:00,5.798966135051607,0.04748544843617169
5068,2013-11-16,2013-11-16 23:00:00,5.747638471642484,0.028403039219441914
5069,2013-11-17,2013-11-17 23:00:00,5.816737133494985,0.12297028654270395
5070,2013-11-18,2013-11-18 23:00:00,5.8219158935619,0.07809499146386197
5071,2013-11-19,2013-11-19 23:00:00,5.869598480801784,0.07514519363668189
5072,2013-11-20,2013-11-20 23:00:00,5.859834643454164,0.05656377270553216
5073,2013-11-21,2013-11-21 23:00:00,5.889798696474318,0.036902700104393074
5074,2013-11-22,2013-11-22 23:00:00,5.86378996942405,0.06213723054522781
5075,2013-11-23,2013-11-23 23:00:00,5.819601245484052,0.01797238753544327
5076,2013-11-24,2013-11-24 23:00:00,5.8359708035785145,0.023890390757451335
5077,2013-11-25,2013-11-25 23:00:00,5.843805448139977,0.03049319638008054
5078,2013-11-26,2013-11-26 23:00:00,5.851696268140725,0.05583749112345206
5079,2013-11-27,2013-11-27 23:00:00,5.655161307624863,0.4656935944997351
5080,2013-11-28,2013-11-28 23:00:00,5.865541000959844,0.11549125110337234
5081,2013-11-29,2013-11-29 23:00:00,5.870861873485732,0.13491134413120098
5082,2013-11-30,2013-11-30 23:00:00,6.115746761617234,0.2436612286931521
5083,2013-12-01,2013-12-01 23:00:00,5.896820381076882,0.20093008172861132
5084,2013-12-02,2013-12-02 23:00:00,6.03779581943522,0.06971069781915389
5085,2013-12-03,2013-12-03 23:00:00,5.831895060076431,0.19274746575565024
5086,2013-12-04,2013-12-04 23:00:00,5.826070070033848,0.07325724003944621
5087,2013-12-05,2013-12-05 23:00:00,5.716446840987729,0.16586836463697338
5088,2013-12-06,2013-12-06 23:00:00,5.769482969487932,0.1006450356096484
5089,2013-12-07,2013-12-07 23:00:00,5.8863391758880015,0.06850811134815941
5090,2013-12-08,2013-12-08 23:00:00,5.820372738055565,0.31039152352515786
5091,2013-12-09,2013-12-09 23:00:00,5.941003573404821,0.11016556720050293
5092,2013-12-10,2013-12-10 23:00:00,5.9029970244796175,0.08965109062340154
5093,2013-12-11,2013-12-11 23:00:00,5.880064396208307,0.09047879855253396
5094,2013-12-12,2013-12-12 23:00:00,5.826902773856233,0.1094185984031857
5095,2013-12-13,2013-12-13 23:00:00,5.737123939348102,0.09825578862187871
5096,2013-12-14,2013-12-14 23:00:00,5.853550696145775,0.046667271957247396
5097,2013-12-15,2013-12-15 23:00:00,5.8829062909949075,0.0925830104078479
5098,2013-12-16,2013-12-16 23:00:00,5.893183289288839,0.058542088507354526
5099,2013-12-17,2013-12-17 23:00:00,5.932317674892896,0.0431405678654876
5100,2013-12-18,2013-12-18 23:00:00,5.963405324009092,0.04464687284513075
5101,2013-12-19,2013-12-19 23:00:00,5.853004448082463,0.07163479838863122
5102,2013-12-20,2013-12-20 23:00:00,5.8060595370332,0.023793852047494714
5103,2013-12-21,2013-12-21 23:00:00,5.803278674128532,0.01862552062303083
5104,2013-12-22,2013-12-22 23:00:00,5.8174859662540355,0.013521492092588233
5105,2013-12-23,2013-12-23 23:00:00,5.771839709179415,0.03393391654023743
5106,2013-12-24,2013-12-24 23:00:00,5.731295304566502,0.015619222795340724
5107,2013-12-25,2013-12-25 23:00:00,5.333511827166984,0.1387606622151844
5108,2013-12-26,2013-12-26 23:00:00,5.3860816048924205,0.20700642505697828
5109,2013-12-27,2013-12-27 23:00:00,5.335058827927927,0.034058534847968884
5110,2013-12-28,2013-12-28 23:00:00,5.383620199925473,0.13640415412311843
5111,2013-12-29,2013-12-29 23:00:00,5.697502315428049,0.2212233055138048
5112,2013-12-30,2013-12-30 23:00:00,5.791863953809518,0.20201143723079265
5113,2013-12-31,2013-12-31 23:00:00,5.866939650867468,0.016151926614427447
5114,2014-01-01,2014-01-01 23:00:00,5.68595280814018,0.14268926929755216
5115,2014-01-02,2014-01-02 23:00:00,5.679675337275147,0.19878070683796875
5116,2014-01-03,2014-01-03 23:00:00,5.798217058872894,0.099315057646762
5117,2014-01-04,2014-01-04 23:00:00,5.758886967016584,0.018580973043836515
5118,2014-01-05,2014-01-05 23:00:00,5.829761128913784,0.072439524104556
5119,2014-01-06,2014-01-06 23:00:00,5.924923380681904,0.017348575833632446
5120,2014-01-07,2014-01-07 23:00:00,5.837267006311964,0.0741881613217787
5121,2014-01-08,2014-01-08 23:00:00,5.789469055830167,0.14014756402798223
5122,2014-01-09,2014-01-09 23:00:00,5.7756564467542,0.07773082290860862
5123,2014-01-10,2014-01-10 23:00:00,5.770638910522345,0.10573231266632965
5124,2014-01-11,2014-01-11 23:00:00,5.58848986331292,0.33193202331874433
5125,2014-01-12,2014-01-12 23:00:00,5.393667267654135,0.20951220950327284
5126,2014-01-13,2014-01-13 23:00:00,5.736428518752294,0.17423727390326538
5127,2014-01-14,2014-01-14 23:00:00,5.708268336852352,0.02833954344286544
5128,2014-01-15,2014-01-15 23:00:00,5.706052637191038,0.012570825548451204
5129,2014-01-16,2014-01-16 23:00:00,5.696366350071813,0.06311458477752079
5130,2014-01-17,2014-01-17 23:00:00,5.728476316319323,0.02977637635363971
5131,2014-01-18,2014-01-18 23:00:00,5.770686742684748,0.014089192369037457
5132,2014-01-19,2014-01-19 23:00:00,5.765856009787147,0.023894038532979944
5133,2014-01-20,2014-01-20 23:00:00,5.810411437072868,0.06534365987029603
5134,2014-01-21,2014-01-21 23:00:00,5.757026149321035,0.026245095099085146
5135,2014-01-22,2014-01-22 23:00:00,5.765033435359168,0.039836359996557526
5136,2014-01-23,2014-01-23 23:00:00,5.785733527041692,0.05888881563327106
5137,2014-01-24,2014-01-24 23:00:00,5.768763926432278,0.044996161758827986
5138,2014-01-25,2014-01-25 23:00:00,5.743697512624422,0.037885757693785
5139,2014-01-26,2014-01-26 23:00:00,5.820650342345562,0.04987716007977163
5140,2014-01-27,2014-01-27 23:00:00,5.808166184215342,0.09139964859434847
5141,2014-01-28,2014-01-28 23:00:00,5.829746273213845,0.03439085866397438
5142,2014-01-29,2014-01-29 23:00:00,5.875429055672956,0.14041287364704794
5143,2014-01-30,2014-01-30 23:00:00,5.862766053787617,0.052324953980136334
5144,2014-01-31,2014-01-31 23:00:00,5.94081542076351,0.04059105601272898
5145,2014-02-01,2014-02-01 23:00:00,5.880654987515236,0.007041697776133556
5146,2014-02-02,2014-02-02 23:00:00,5.9464501979042295,0.01836604234814219
5147,2014-02-03,2014-02-03 23:00:00,5.94930309702174,0.03134142444269497
5148,2014-02-04,2014-02-04 23:00:00,5.95833316919303,0.07740603883783757
5149,2014-02-05,2014-02-05 23:00:00,6.034270000474476,0.14225275319795924
5150,2014-02-06,2014-02-06 23:00:00,6.029648927155267,0.0762052008923625
5151,2014-02-07,2014-02-07 23:00:00,6.003756794988902,0.04842482834470854
5152,2014-02-08,2014-02-08 23:00:00,5.996478492426107,0.0382976152948487
5153,2014-02-09,2014-02-09 23:00:00,5.9417460371655055,0.019386669332315122
5154,2014-02-10,2014-02-10 23:00:00,5.939494135141096,0.05606637372214832
5155,2014-02-11,2014-02-11 23:00:00,6.038306271764081,0.15945245571526828
5156,2014-02-12,2014-02-12 23:00:00,5.93067602855245,0.07007170144638065
5157,2014-02-13,2014-02-13 23:00:00,5.913750018444611,0.06386018324397447
5158,2014-02-14,2014-02-14 23:00:00,5.9247619059579675,0.042016474665755275
5159,2014-02-15,2014-02-15 23:00:00,5.995986833968004,0.0909778911825438
5160,2014-02-16,2014-02-16 23:00:00,5.982680390900085,0.07928938236610138
5161,2014-02-17,2014-02-17 23:00:00,5.95305533848605,0.10303370364977359
5162,2014-02-18,2014-02-18 23:00:00,5.931960936025085,0.08886233407549504
5163,2014-02-19,2014-02-19 23:00:00,5.907552645375287,0.0580160735908003
5164,2014-02-20,2014-02-20 23:00:00,5.939482544423114,0.0727025677405417
5165,2014-02-21,2014-02-21 23:00:00,5.835628506317441,0.06834894019384649
5166,2014-02-22,2014-02-22 23:00:00,5.88935628809293,0.12720279254005892
5167,2014-02-23,2014-02-23 23:00:00,5.818372422087481,0.007160593031239341
5168,2014-02-24,2014-02-24 23:00:00,5.797671846199464,0.08791878197616712
5169,2014-02-25,2014-02-25 23:00:00,5.812869716850833,0.02796598133439279
5170,2014-02-26,2014-02-26 23:00:00,5.859566281003364,0.138811312572787
5171,2014-02-27,2014-02-27 23:00:00,5.808746792097726,0.08455666843834189
5172,2014-02-28,2014-02-28 23:00:00,5.745862272463049,0.02542960306214449
5173,2014-03-01,2014-03-01 23:00:00,5.689846858983873,0.06875312671314947
5174,2014-03-02,2014-03-02 23:00:00,5.660034184741313,0.04704337007669549
5175,2014-03-03,2014-03-03 23:00:00,5.785982513602625,0.17117753687042284
5176,2014-03-04,2014-03-04 23:00:00,5.771070555280498,0.14794760433994242
5177,2014-03-05,2014-03-05 23:00:00,5.744501771212423,0.17200884312294096
5178,2014-03-06,2014-03-06 23:00:00,5.713975252660042,0.1695647492755447
5179,2014-03-07,2014-03-07 23:00:00,5.66094759308411,0.09107639034257567
5180,2014-03-08,2014-03-08 23:00:00,5.6477479642030985,0.01671280522533942
5181,2014-03-09,2014-03-09 23:00:00,5.589457306941424,0.04658555261185425
5182,2014-03-10,2014-03-10 23:00:00,5.58865222228912,0.11219025387220687
5183,2014-03-11,2014-03-11 23:00:00,5.734356090138795,0.27522318834233567
5184,2014-03-12,2014-03-12 23:00:00,5.674863545059838,0.28103242045034643
5185,2014-03-13,2014-03-13 23:00:00,5.650675693401801,0.12980015806020376
5186,2014-03-14,2014-03-14 23:00:00,5.635460228072765,0.1407818736152313
5187,2014-03-15,2014-03-15 23:00:00,5.688658188742109,0.0426907129250806
5188,2014-03-16,2014-03-16 23:00:00,5.533274845328898,0.11503156315917382
5189,2014-03-17,2014-03-17 23:00:00,5.674024739770327,0.12128314389623449
5190,2014-03-18,2014-03-18 23:00:00,5.607799611083915,0.15778904517154757
5191,2014-03-19,2014-03-19 23:00:00,5.619996031952209,0.18545543942841414
5192,2014-03-20,2014-03-20 23:00:00,5.5621465310065945,0.2504129582037067
5193,2014-03-21,2014-03-21 23:00:00,5.67808440705399,0.39792164569615296
5194,2014-03-22,2014-03-22 23:00:00,5.773964826581121,0.30589348820467643
5195,2014-03-23,2014-03-23 23:00:00,5.868215654889216,0.1104441143193082
5196,2014-03-24,2014-03-24 23:00:00,5.792555821119092,0.09462381993681361
5197,2014-03-25,2014-03-25 23:00:00,5.762921520006127,0.22593407620393266
5198,2014-03-26,2014-03-26 23:00:00,5.826544157291566,0.25783818717665813
5199,2014-03-27,2014-03-27 23:00:00,5.728289912978549,0.07790586949816337
5200,2014-03-28,2014-03-28 23:00:00,5.738011838695755,0.11346054083852242
5201,2014-03-29,2014-03-29 23:00:00,5.612640129266279,0.10125729439493793
5202,2014-03-30,2014-03-30 23:00:00,5.5533576707628,0.38690008119324987
5203,2014-03-31,2014-03-31 23:00:00,5.628565583911567,0.1925160340024113
5204,2014-04-01,2014-04-01 23:00:00,5.681231347297071,0.1785238147620352
5205,2014-04-02,2014-04-02 23:00:00,5.884710495544428,0.1329812816758866
5206,2014-04-03,2014-04-03 23:00:00,6.016403578654104,0.2843447743426551
5207,2014-04-04,2014-04-04 23:00:00,6.312291364992755,0.2340992442808357
5208,2014-04-05,2014-04-05 23:00:00,6.156788528972629,0.1494517365542957
5209,2014-04-06,2014-04-06 23:00:00,6.048201844933753,0.1748627691592262
5210,2014-04-07,2014-04-07 23:00:00,6.44203132676786,0.07849566715520961
5211,2014-04-08,2014-04-08 23:00:00,6.4446236783509905,0.04122528313282644
5212,2014-04-09,2014-04-09 23:00:00,6.490860010689811,0.07766347181167929
5213,2014-04-10,2014-04-10 23:00:00,6.5689918952579065,0.12463636645901159
5214,2014-04-11,2014-04-11 23:00:00,6.491727081896364,0.06704782386258462
5215,2014-04-12,2014-04-12 23:00:00,6.45939512057451,0.023673633181353872
5216,2014-04-13,2014-04-13 23:00:00,6.4976141483575,0.026002921032141767
5217,2014-04-14,2014-04-14 23:00:00,6.554540233405601,0.048370673981423154
5218,2014-04-15,2014-04-15 23:00:00,6.6747610532701644,0.04643934639060303
5219,2014-04-16,2014-04-16 23:00:00,6.7349238800033016,0.01279089220368859
5220,2014-04-17,2014-04-17 23:00:00,6.811311467060214,0.0210715327666649
5221,2014-04-18,2014-04-18 23:00:00,6.792012390638924,0.023750387937350122
5222,2014-04-19,2014-04-19 23:00:00,6.736314455489826,0.04239407713655069
5223,2014-04-20,2014-04-20 23:00:00,6.743457435350373,0.0587169730514237
5224,2014-04-21,2014-04-21 23:00:00,6.828016056285786,0.008438376513163832
5225,2014-04-22,2014-04-22 23:00:00,6.832211158824227,0.005570943886218203
5226,2014-04-23,2014-04-23 23:00:00,6.788652729194154,0.16618017225803364
5227,2014-04-24,2014-04-24 23:00:00,6.837147242640484,0.020493759056111466
5228,2014-04-25,2014-04-25 23:00:00,6.852964741023867,0.0004662661670546795
5229,2014-04-26,2014-04-26 23:00:00,6.8445143270939335,0.016547003834435355
5230,2014-04-27,2014-04-27 23:00:00,6.811264549975609,0.020858542192776008
5231,2014-04-28,2014-04-28 23:00:00,6.778956699107812,0.07642669323385562
5232,2014-04-29,2014-04-29 23:00:00,6.805241092971959,0.06442208780894462
5233,2014-04-30,2014-04-30 23:00:00,6.811890276066304,0.08695482540778295
5234,2014-05-01,2014-05-01 23:00:00,6.666356681749899,0.2501211903227662
5235,2014-05-02,2014-05-02 23:00:00,6.778888782295801,0.059467993487905345
5236,2014-05-03,2014-05-03 23:00:00,6.699918112818445,0.23745765780263872
5237,2014-05-04,2014-05-04 23:00:00,6.735923124878085,0.05091556575745913
5238,2014-05-05,2014-05-05 23:00:00,6.567963452257122,0.4241873409451658
5239,2014-05-06,2014-05-06 23:00:00,6.739805860131629,0.08557737335317739
5240,2014-05-07,2014-05-07 23:00:00,6.684178493194458,0.12274314417402155
5241,2014-05-08,2014-05-08 23:00:00,6.706487002655467,0.14219758873204008
5242,2014-05-09,2014-05-09 23:00:00,6.713344551870442,0.20142589068159658
5243,2014-05-10,2014-05-10 23:00:00,6.794344638761905,0.025758803341595405
5244,2014-05-11,2014-05-11 23:00:00,6.528212582814931,0.22749644976639438
5245,2014-05-12,2014-05-12 23:00:00,6.674441819817378,0.16619480650881988
5246,2014-05-13,2014-05-13 23:00:00,6.426329196500597,0.2873310754223123
5247,2014-05-14,2014-05-14 23:00:00,6.346301540793035,0.3696842403489568
5248,2014-05-15,2014-05-15 23:00:00,6.305291781217423,0.26151220100807226
5249,2014-05-16,2014-05-16 23:00:00,6.479351814281763,0.2245524298311343
5250,2014-05-17,2014-05-17 23:00:00,6.301277351214702,0.0551187013541563
5251,2014-05-18,2014-05-18 23:00:00,6.228392485075394,0.05941190748215905
5252,2014-05-19,2014-05-19 23:00:00,6.465221029741056,0.15267002389958345
5253,2014-05-20,2014-05-20 23:00:00,6.451322747569569,0.14698987301452968
5254,2014-05-21,2014-05-21 23:00:00,6.539449806241392,0.0834934410954915
5255,2014-05-22,2014-05-22 23:00:00,6.587751430463979,0.029850415633500882
5256,2014-05-23,2014-05-23 23:00:00,6.602721090416035,0.035643885106577435
5257,2014-05-24,2014-05-24 23:00:00,6.603939125589259,0.029740567135194025
5258,2014-05-25,2014-05-25 23:00:00,6.619042563330814,0.044207359803409695
5259,2014-05-26,2014-05-26 23:00:00,6.632829816587034,0.01903412678688035
5260,2014-05-27,2014-05-27 23:00:00,6.616462132613143,0.14559281765202298
5261,2014-05-28,2014-05-28 23:00:00,6.6756225113511976,0.030952568584607546
5262,2014-05-29,2014-05-29 23:00:00,6.772045855277863,0.05024851069384888
5263,2014-05-30,2014-05-30 23:00:00,6.813725116577495,0.009462437293010212
5264,2014-05-31,2014-05-31 23:00:00,6.7906202825562945,0.04639354451084204
5265,2014-06-01,2014-06-01 23:00:00,6.70149916876957,0.2003357539240581
5266,2014-06-02,2014-06-02 23:00:00,6.56897387638617,0.21981944179492008
5267,2014-06-03,2014-06-03 23:00:00,6.68689054373409,0.22657588648313046
5268,2014-06-04,2014-06-04 23:00:00,6.745030156496836,0.15432842332238145
5269,2014-06-05,2014-06-05 23:00:00,6.73812647808727,0.19886887215235016
5270,2014-06-06,2014-06-06 23:00:00,6.8352722990882055,0.0024667673526168714
5271,2014-06-07,2014-06-07 23:00:00,6.83501797259171,0.0013128452064454534
5272,2014-06-08,2014-06-08 23:00:00,6.821127826491406,0.011037474031159233
5273,2014-06-09,2014-06-09 23:00:00,6.564289804527784,0.39832076573112496
5274,2014-06-10,2014-06-10 23:00:00,6.512144637737133,0.38724770564308375
5275,2014-06-11,2014-06-11 23:00:00,6.724728416018819,0.12318433955990389
5276,2014-06-12,2014-06-12 23:00:00,6.695693518821639,0.15247565264264662
5277,2014-06-13,2014-06-13 23:00:00,6.6374027959480415,0.2149565571100867
5278,2014-06-14,2014-06-14 23:00:00,6.628537534223519,0.17698443250475066
5279,2014-06-15,2014-06-15 23:00:00,6.344530640467643,0.32347784608943836
5280,2014-06-16,2014-06-16 23:00:00,6.394043560882854,0.4184128229965463
5281,2014-06-17,2014-06-17 23:00:00,6.272756290783886,0.468485985319062
5282,2014-06-18,2014-06-18 23:00:00,6.428759970738851,0.37847750100853145
5283,2014-06-19,2014-06-19 23:00:00,6.48528663806566,0.43959395805468016
5284,2014-06-20,2014-06-20 23:00:00,6.537155773945826,0.3610877644921575
5285,2014-06-21,2014-06-21 23:00:00,6.391206554826638,0.36779356411790043
5286,2014-06-22,2014-06-22 23:00:00,6.0060688859869655,0.34931159518703114
5287,2014-06-23,2014-06-23 23:00:00,6.062504019223293,0.2576524779533679
5288,2014-06-24,2014-06-24 23:00:00,6.520179260942668,0.26631129313148305
5289,2014-06-25,2014-06-25 23:00:00,6.340200444596154,0.35965537659684127
5290,2014-06-26,2014-06-26 23:00:00,6.124835469104107,0.35225999666853347
5291,2014-06-27,2014-06-27 23:00:00,5.477476139501715,0.2411161975819455
5292,2014-06-28,2014-06-28 23:00:00,5.484035563348011,0.2141820978938089
5293,2014-06-29,2014-06-29 23:00:00,5.4350558004885094,0.32567834692025954
5294,2014-06-30,2014-06-30 23:00:00,5.467973642382449,0.270134438772638
5295,2014-07-01,2014-07-01 23:00:00,5.891547537967193,0.2049887382538599
5296,2014-07-02,2014-07-02 23:00:00,5.693773552617543,0.07388452217103722
5297,2014-07-03,2014-07-03 23:00:00,5.888434481713257,0.2632624223532213
5298,2014-07-04,2014-07-04 23:00:00,5.745105784638252,0.06832770239882957
5299,2014-07-05,2014-07-05 23:00:00,5.660987933585641,0.016093725281000556
5300,2014-07-06,2014-07-06 23:00:00,5.665692059584161,0.1036877054677332
5301,2014-07-07,2014-07-07 23:00:00,5.905249800794395,0.30041851056128105
5302,2014-07-08,2014-07-08 23:00:00,6.208133113710455,0.37292006230000124
5303,2014-07-09,2014-07-09 23:00:00,5.818566109950896,0.24424450772938705
5304,2014-07-10,2014-07-10 23:00:00,5.721898727533932,0.06750064998606048
5305,2014-07-11,2014-07-11 23:00:00,5.667624479066775,0.12879843414765466
5306,2014-07-12,2014-07-12 23:00:00,5.6594917028564575,0.3358546894248717
5307,2014-07-13,2014-07-13 23:00:00,5.686375470929371,0.16762831416222063
5308,2014-07-14,2014-07-14 23:00:00,5.619148683225497,0.188600230184283
5309,2014-07-15,2014-07-15 23:00:00,5.569374838459789,0.26190121477824563
5310,2014-07-16,2014-07-16 23:00:00,5.38158513157198,0.5664785427930313
5311,2014-07-17,2014-07-17 23:00:00,5.353145781077171,0.5860124726239315
5312,2014-07-18,2014-07-18 23:00:00,5.393696060899178,0.5937003416584451
5313,2014-07-19,2014-07-19 23:00:00,5.6594863831403375,0.3915653315020399
5314,2014-07-20,2014-07-20 23:00:00,5.616051474091197,0.31084375230123634
5315,2014-07-21,2014-07-21 23:00:00,5.529405691257824,0.696846136704653
5316,2014-07-22,2014-07-22 23:00:00,5.695286533695344,0.6340815947307873
5317,2014-07-23,2014-07-23 23:00:00,5.894938422587177,0.1620919897003149
5318,2014-07-24,2014-07-24 23:00:00,5.8089738595151585,0.28063423081629946
5319,2014-07-25,2014-07-25 23:00:00,5.855059044758449,0.15800858214415936
5320,2014-07-26,2014-07-26 23:00:00,5.789660935658993,0.08864569259700532
5321,2014-07-27,2014-07-27 23:00:00,5.71739288311313,0.29796485521900096
5322,2014-07-28,2014-07-28 23:00:00,6.196880201148975,0.35082539494259124
5323,2014-07-29,2014-07-29 23:00:00,6.395804434857656,0.3443972558054576
5324,2014-07-30,2014-07-30 23:00:00,6.499047502729428,0.3342466860150156
5325,2014-07-31,2014-07-31 23:00:00,6.539263020261042,0.32459111779352096
5326,2014-08-01,2014-08-01 23:00:00,6.529398393495387,0.30638188858810467
5327,2014-08-02,2014-08-02 23:00:00,6.4769188330207,0.24769077137406229
5328,2014-08-03,2014-08-03 23:00:00,5.860203586752757,0.2385894452879364
5329,2014-08-04,2014-08-04 23:00:00,6.234091035715423,0.4288703074455817
5330,2014-08-05,2014-08-05 23:00:00,6.2896528722347655,0.30007182311091707
5331,2014-08-06,2014-08-06 23:00:00,6.343289628218024,0.3633717153881934
5332,2014-08-07,2014-08-07 23:00:00,6.181646535454472,0.2910561805780777
5333,2014-08-08,2014-08-08 23:00:00,5.9134598018958995,0.1386113358948906
5334,2014-08-09,2014-08-09 23:00:00,5.744419674664701,0.022418576070963314
5335,2014-08-10,2014-08-10 23:00:00,5.672584700966499,0.06974309343715072
5336,2014-08-11,2014-08-11 23:00:00,5.810301852505493,0.27310992720909866
5337,2014-08-12,2014-08-12 23:00:00,5.776169468232253,0.23729421763867065
5338,2014-08-13,2014-08-13 23:00:00,5.684541902291353,0.10761842925471823
5339,2014-08-14,2014-08-14 23:00:00,5.688772946002504,0.2987364008604288
5340,2014-08-15,2014-08-15 23:00:00,5.855874676849591,0.2048158195263644
5341,2014-08-16,2014-08-16 23:00:00,5.806573060231078,0.14351297707983982
5342,2014-08-17,2014-08-17 23:00:00,5.648153177406921,0.14595417061515661
5343,2014-08-18,2014-08-18 23:00:00,5.696347152090286,0.15911153380439802
5344,2014-08-19,2014-08-19 23:00:00,5.937962298925281,0.12579423994449787
5345,2014-08-20,2014-08-20 23:00:00,5.890479325912463,0.17484327847523584
5346,2014-08-21,2014-08-21 23:00:00,5.8892683644166075,0.17485706608196144
5347,2014-08-22,2014-08-22 23:00:00,5.816882121790951,0.1347866950508144
5348,2014-08-23,2014-08-23 23:00:00,5.737287738752133,0.07268671996965057
5349,2014-08-24,2014-08-24 23:00:00,5.750424802522286,0.013878137891910218
5350,2014-08-25,2014-08-25 23:00:00,5.803217971720488,0.03727029941713886
5351,2014-08-26,2014-08-26 23:00:00,5.821658850661582,0.021679684913060503
5352,2014-08-27,2014-08-27 23:00:00,6.218897091790741,0.2648433900144195
5353,2014-08-28,2014-08-28 23:00:00,6.022586548738871,0.17175509941667375
5354,2014-08-29,2014-08-29 23:00:00,5.850041207955897,0.09301898884694398
5355,2014-08-30,2014-08-30 23:00:00,5.665722886877874,0.3349183246829578
5356,2014-08-31,2014-08-31 23:00:00,5.668540184266415,0.24914329777555969
5357,2014-09-01,2014-09-01 23:00:00,5.878044694967527,0.24595644838652658
5358,2014-09-02,2014-09-02 23:00:00,6.01702108395796,0.13299140280041166
5359,2014-09-03,2014-09-03 23:00:00,6.269195793448223,0.2348353632163288
5360,2014-09-04,2014-09-04 23:00:00,6.141564030722786,0.171812824139447
5361,2014-09-05,2014-09-05 23:00:00,6.0415488177424175,0.14677641107408296
5362,2014-09-06,2014-09-06 23:00:00,5.8592117843379325,0.06688471256801401
5363,2014-09-07,2014-09-07 23:00:00,5.830339799751022,0.03962587256549737
5364,2014-09-08,2014-09-08 23:00:00,5.874027445103375,0.08268202157743361
5365,2014-09-09,2014-09-09 23:00:00,5.8941896573847785,0.05452556988123585
5366,2014-09-10,2014-09-10 23:00:00,5.905460301101644,0.29508024963839513
5367,2014-09-11,2014-09-11 23:00:00,5.822599456576218,0.08401035986988763
5368,2014-09-12,2014-09-12 23:00:00,5.781307051492553,0.0658704108797864
5369,2014-09-13,2014-09-13 23:00:00,5.759005927514084,0.07079646612778893
5370,2014-09-14,2014-09-14 23:00:00,5.673744151682395,0.08878959251310121
5371,2014-09-15,2014-09-15 23:00:00,5.786417524693146,0.11144603923375385
5372,2014-09-16,2014-09-16 23:00:00,5.588516730148352,0.28449253380183503
5373,2014-09-17,2014-09-17 23:00:00,5.70509044004825,0.06006907810138173
5374,2014-09-18,2014-09-18 23:00:00,5.708350352416375,0.143274836428505
5375,2014-09-19,2014-09-19 23:00:00,5.636260334109522,0.053270653851713916
5376,2014-09-20,2014-09-20 23:00:00,5.602953331267147,0.042101945793775415
5377,2014-09-21,2014-09-21 23:00:00,5.5510133565754325,0.08006377982289072
5378,2014-09-22,2014-09-22 23:00:00,5.592203862251364,0.09154803070053037
5379,2014-09-23,2014-09-23 23:00:00,5.553447997107987,0.08142259273308938
5380,2014-09-24,2014-09-24 23:00:00,5.624023605473636,0.08581522249255465
5381,2014-09-25,2014-09-25 23:00:00,5.778556583436756,0.06983394366995273
5382,2014-09-26,2014-09-26 23:00:00,5.931068752071169,0.011405932892375877
5383,2014-09-27,2014-09-27 23:00:00,5.968045472342385,0.09879275531839413
5384,2014-09-28,2014-09-28 23:00:00,5.9676178551355905,0.07660253286649671
5385,2014-09-29,2014-09-29 23:00:00,5.92262652524964,0.19053175048928456
5386,2014-09-30,2014-09-30 23:00:00,6.048471102355433,0.08580914434277108
5387,2014-10-01,2014-10-01 23:00:00,6.086127237694136,0.06749008625742943
5388,2014-10-02,2014-10-02 23:00:00,6.177927230733149,0.02058790859305925
5389,2014-10-03,2014-10-03 23:00:00,6.256852120479405,0.03929525015739548
5390,2014-10-04,2014-10-04 23:00:00,6.39552965152676,0.07612644573436055
5391,2014-10-05,2014-10-05 23:00:00,6.354414051816739,0.0679433832196041
5392,2014-10-06,2014-10-06 23:00:00,6.4682101909793985,0.06926665612166318
5393,2014-10-07,2014-10-07 23:00:00,6.268112473907197,0.41324636063170145
5394,2014-10-08,2014-10-08 23:00:00,6.187927582044288,0.3079320575549702
5395,2014-10-09,2014-10-09 23:00:00,5.7450734916050665,0.5789943438255024
5396,2014-10-10,2014-10-10 23:00:00,5.752596767463905,0.47827094502512446
5397,2014-10-11,2014-10-11 23:00:00,5.6072203927243285,0.525261220556751
5398,2014-10-12,2014-10-12 23:00:00,5.5429264481857965,0.37595997133867065
5399,2014-10-13,2014-10-13 23:00:00,5.8595675136581775,0.20627438207317136
5400,2014-10-14,2014-10-14 23:00:00,5.827414713222083,0.3079648467900624
5401,2014-10-15,2014-10-15 23:00:00,5.770241487363311,0.2559676755527924
5402,2014-10-16,2014-10-16 23:00:00,5.9325047141576155,0.2703312086204289
5403,2014-10-17,2014-10-17 23:00:00,6.005542098777265,0.18473786590226837
5404,2014-10-18,2014-10-18 23:00:00,5.939790821391948,0.266862624802158
5405,2014-10-19,2014-10-19 23:00:00,5.898936802212667,0.05528669952983784
5406,2014-10-20,2014-10-20 23:00:00,5.922009021302654,0.2823925232939261
5407,2014-10-21,2014-10-21 23:00:00,5.861638911252347,0.17190180146898837
5408,2014-10-22,2014-10-22 23:00:00,5.8462765286753395,0.054023156185603535
5409,2014-10-23,2014-10-23 23:00:00,5.851071781127492,0.0862453488212908
5410,2014-10-24,2014-10-24 23:00:00,5.868407350782053,0.02545731168940391
5411,2014-10-25,2014-10-25 23:00:00,5.835505448925617,0.03401112146213494
5412,2014-10-26,2014-10-26 23:00:00,5.828325240869222,0.051357953502209674
5413,2014-10-27,2014-10-27 23:00:00,5.843763684554268,0.13259752377090023
5414,2014-10-28,2014-10-28 23:00:00,5.820896493096484,0.1601380851394224
5415,2014-10-29,2014-10-29 23:00:00,5.916820971653311,0.09689202908674527
5416,2014-10-30,2014-10-30 23:00:00,5.967341467591912,0.09054594615516152
5417,2014-10-31,2014-10-31 23:00:00,5.860177509568881,0.0708176905210572
5418,2014-11-01,2014-11-01 23:00:00,5.939156609565505,0.0687987502470018
5419,2014-11-02,2014-11-02 23:00:00,5.788597098766623,0.048988159948862915
5420,2014-11-03,2014-11-03 23:00:00,5.8255512348617415,0.07434693246292473
5421,2014-11-04,2014-11-04 23:00:00,5.834865894106481,0.10341653810346717
5422,2014-11-05,2014-11-05 23:00:00,5.878642237585598,0.05619421293664898
5423,2014-11-06,2014-11-06 23:00:00,5.861205804108731,0.0668732442543963
5424,2014-11-07,2014-11-07 23:00:00,5.86633335691144,0.06418234229802064
5425,2014-11-08,2014-11-08 23:00:00,5.857478772178053,0.03804995069009524
5426,2014-11-09,2014-11-09 23:00:00,5.824319348285513,0.037141442194542656
5427,2014-11-10,2014-11-10 23:00:00,5.7466639293730095,0.23192560072922191
5428,2014-11-11,2014-11-11 23:00:00,5.8545673813783,0.04504319010920947
5429,2014-11-12,2014-11-12 23:00:00,5.565433050180416,0.6441878847639619
5430,2014-11-13,2014-11-13 23:00:00,5.850737913379862,0.12862735086752555
5431,2014-11-14,2014-11-14 23:00:00,5.649202170781723,0.3901968248845926
5432,2014-11-15,2014-11-15 23:00:00,5.724486172289542,0.038113979346553084
5433,2014-11-16,2014-11-16 23:00:00,5.36720781005211,0.5477315069568249
5434,2014-11-17,2014-11-17 23:00:00,5.75772021354113,0.045301574928081054
5435,2014-11-18,2014-11-18 23:00:00,5.768802877493198,0.030382362458523757
5436,2014-11-19,2014-11-19 23:00:00,5.815276229705276,0.09837955277339167
5437,2014-11-20,2014-11-20 23:00:00,5.755773619564237,0.0625703454693511
5438,2014-11-21,2014-11-21 23:00:00,5.78302975394271,0.13215161338447984
5439,2014-11-22,2014-11-22 23:00:00,5.755801058096142,0.10304850264802924
5440,2014-11-23,2014-11-23 23:00:00,5.764297734318679,0.02841073361154032
5441,2014-11-24,2014-11-24 23:00:00,5.767783073325255,0.10636459231105977
5442,2014-11-25,2014-11-25 23:00:00,5.790000143885616,0.043779902692942595
5443,2014-11-26,2014-11-26 23:00:00,5.6585009816638605,0.3967775015898118
5444,2014-11-27,2014-11-27 23:00:00,5.736126667747146,0.05252478236209232
5445,2014-11-28,2014-11-28 23:00:00,5.712154946497994,0.017834570385202433
5446,2014-11-29,2014-11-29 23:00:00,5.715840688235552,0.03247106788496399
5447,2014-11-30,2014-11-30 23:00:00,5.715367917690631,0.025164626353517815
5448,2014-12-01,2014-12-01 23:00:00,5.817306267871285,0.09717047344929233
5449,2014-12-02,2014-12-02 23:00:00,5.917302510651929,0.03500206243168469
5450,2014-12-03,2014-12-03 23:00:00,5.940329248239784,0.03741001972147616
5451,2014-12-04,2014-12-04 23:00:00,5.958601602020987,0.03702727269080857
5452,2014-12-05,2014-12-05 23:00:00,6.05894093298748,0.05086534558699273
5453,2014-12-06,2014-12-06 23:00:00,6.063069867049144,0.050334836862620164
5454,2014-12-07,2014-12-07 23:00:00,5.972241759238084,0.10354164475553293
5455,2014-12-08,2014-12-08 23:00:00,6.004122924071875,0.08725382922330634
5456,2014-12-09,2014-12-09 23:00:00,5.948926668485671,0.15276154224467528
5457,2014-12-10,2014-12-10 23:00:00,6.004548109059411,0.03872041896786431
5458,2014-12-11,2014-12-11 23:00:00,5.8269853329502395,0.18268004436951832
5459,2014-12-12,2014-12-12 23:00:00,5.85637719410025,0.1092144049139618
5460,2014-12-13,2014-12-13 23:00:00,5.903822043998372,0.08301624782334764
5461,2014-12-14,2014-12-14 23:00:00,5.612752473057131,0.4545525477674397
5462,2014-12-15,2014-12-15 23:00:00,5.844818987410785,0.045389719988409745
5463,2014-12-16,2014-12-16 23:00:00,5.707378940913276,0.29503249877761106
5464,2014-12-17,2014-12-17 23:00:00,5.802150276599998,0.039208886978032105
5465,2014-12-18,2014-12-18 23:00:00,5.757681176693819,0.022476562714443454
5466,2014-12-19,2014-12-19 23:00:00,5.711672283799558,0.02738161496797653
5467,2014-12-20,2014-12-20 23:00:00,5.241787522341275,0.5409826951053365
5468,2014-12-21,2014-12-21 23:00:00,5.8561851720641735,0.16471270723213607
5469,2014-12-22,2014-12-22 23:00:00,5.921951479878637,0.18189576601842303
5470,2014-12-23,2014-12-23 23:00:00,5.7458568696795504,0.08954486605511737
5471,2014-12-24,2014-12-24 23:00:00,5.745079522173924,0.0713816544851731
5472,2014-12-25,2014-12-25 23:00:00,5.626008501333762,0.02193351651067337
5473,2014-12-26,2014-12-26 23:00:00,5.604657035538618,0.12443766079625586
5474,2014-12-27,2014-12-27 23:00:00,5.661767918546777,0.0886145717228259
5475,2014-12-28,2014-12-28 23:00:00,5.714160791359306,0.03963187400333948
5476,2014-12-29,2014-12-29 23:00:00,5.775061649205465,0.10459644775397495
5477,2014-12-30,2014-12-30 23:00:00,5.728857661335572,0.1089556649660446
5478,2014-12-31,2014-12-31 23:00:00,5.717686578273245,0.07215842864393239
5479,2015-01-01,2015-01-01 23:00:00,5.839145198322208,0.10563092204798542
5480,2015-01-02,2015-01-02 23:00:00,5.816397250200315,0.2969991415617264
5481,2015-01-03,2015-01-03 23:00:00,5.954188785877755,0.07298878396643348
5482,2015-01-04,2015-01-04 23:00:00,6.123290111654957,0.1361263187996091
5483,2015-01-05,2015-01-05 23:00:00,5.9658997365884865,0.25464982013061144
5484,2015-01-06,2015-01-06 23:00:00,5.958288125137126,0.4051199088749442
5485,2015-01-07,2015-01-07 23:00:00,6.091614574980629,0.11108633262823624
5486,2015-01-08,2015-01-08 23:00:00,6.085556959355377,0.09503147531607704
5487,2015-01-09,2015-01-09 23:00:00,5.9506521474337655,0.08141782652679085
5488,2015-01-10,2015-01-10 23:00:00,5.976244274317465,0.053837904267394376
5489,2015-01-11,2015-01-11 23:00:00,5.965771919557571,0.021801257661901986
5490,2015-01-12,2015-01-12 23:00:00,5.936994781710854,0.0402607296637457
5491,2015-01-13,2015-01-13 23:00:00,5.927534980320703,0.042620094290519765
5492,2015-01-14,2015-01-14 23:00:00,5.886034098545128,0.10881160598553806
5493,2015-01-15,2015-01-15 23:00:00,5.798407340001447,0.10087064003636087
5494,2015-01-16,2015-01-16 23:00:00,6.050106126023344,0.20602700876374136
5495,2015-01-17,2015-01-17 23:00:00,5.964770847461643,0.17645108269819135
5496,2015-01-18,2015-01-18 23:00:00,5.843304291406642,0.10224674930955946
5497,2015-01-19,2015-01-19 23:00:00,5.801308824897743,0.034255737862929604
5498,2015-01-20,2015-01-20 23:00:00,5.796116895035702,0.05843459648682632
5499,2015-01-21,2015-01-21 23:00:00,5.864935346488655,0.17478556948952578
5500,2015-01-22,2015-01-22 23:00:00,5.796561030249215,0.11014899480660936
5501,2015-01-23,2015-01-23 23:00:00,5.759712116703237,0.0691093356623993
5502,2015-01-24,2015-01-24 23:00:00,5.731102750979673,0.03656061668599322
5503,2015-01-25,2015-01-25 23:00:00,5.6704667917659135,0.1326430692502936
5504,2015-01-26,2015-01-26 23:00:00,5.697628904467788,0.1804205095474466
5505,2015-01-27,2015-01-27 23:00:00,5.794544060860036,0.1400728705286966
5506,2015-01-28,2015-01-28 23:00:00,5.758426206772131,0.06822981388607184
5507,2015-01-29,2015-01-29 23:00:00,5.699563034823396,0.06649635498343519
5508,2015-01-30,2015-01-30 23:00:00,5.87829165781834,0.16263014931144323
5509,2015-01-31,2015-01-31 23:00:00,5.77370966370142,0.06721903787883009
5510,2015-02-01,2015-02-01 23:00:00,5.762185783715869,0.03048411766132927
5511,2015-02-02,2015-02-02 23:00:00,5.685728164901636,0.16488446068075005
5512,2015-02-03,2015-02-03 23:00:00,5.822618181549504,0.22438335849121552
5513,2015-02-04,2015-02-04 23:00:00,5.7849575693166555,0.1206975485962811
5514,2015-02-05,2015-02-05 23:00:00,5.826444250004665,0.09358548624147531
5515,2015-02-06,2015-02-06 23:00:00,5.831302507255596,0.10024245511146973
5516,2015-02-07,2015-02-07 23:00:00,5.821174922949477,0.02318998207669323
5517,2015-02-08,2015-02-08 23:00:00,5.747191329005062,0.03438508684515518
5518,2015-02-09,2015-02-09 23:00:00,5.66355769865024,0.08787717593269999
5519,2015-02-10,2015-02-10 23:00:00,5.756894174792255,0.1137368562104287
5520,2015-02-11,2015-02-11 23:00:00,5.7460183983789,0.15600891530925273
5521,2015-02-12,2015-02-12 23:00:00,5.741949717039756,0.1520866399486054
5522,2015-02-13,2015-02-13 23:00:00,5.698798789378064,0.15079796104904325
5523,2015-02-14,2015-02-14 23:00:00,5.574585156503384,0.1000702305803131
5524,2015-02-15,2015-02-15 23:00:00,5.4957275099887015,0.03302129108115113
5525,2015-02-16,2015-02-16 23:00:00,5.516441681545937,0.12973964530387969
5526,2015-02-17,2015-02-17 23:00:00,5.550925174503381,0.12884477442854259
5527,2015-02-18,2015-02-18 23:00:00,5.674450527846741,0.14783389574977546
5528,2015-02-19,2015-02-19 23:00:00,5.75430340094157,0.13374491043926998
5529,2015-02-20,2015-02-20 23:00:00,5.744410770588648,0.12436932992975722
5530,2015-02-21,2015-02-21 23:00:00,5.74120453661573,0.10344907434124266
5531,2015-02-22,2015-02-22 23:00:00,5.807088465416224,0.08271615590116939
5532,2015-02-23,2015-02-23 23:00:00,5.855279973490769,0.04764033663933683
5533,2015-02-24,2015-02-24 23:00:00,5.852137740966353,0.12148986656801447
5534,2015-02-25,2015-02-25 23:00:00,5.940828376842777,0.11504081326734557
5535,2015-02-26,2015-02-26 23:00:00,5.8906288314099085,0.06789859474015872
5536,2015-02-27,2015-02-27 23:00:00,5.890374249265524,0.11282506833806966
5537,2015-02-28,2015-02-28 23:00:00,5.7706196009951425,0.1438285456244838
5538,2015-03-01,2015-03-01 23:00:00,5.7879059702778015,0.055906155508312405
5539,2015-03-02,2015-03-02 23:00:00,5.851206450373435,0.13169140459436973
5540,2015-03-03,2015-03-03 23:00:00,5.909480600561662,0.1439208114484879
5541,2015-03-04,2015-03-04 23:00:00,5.982786110095421,0.0849399220949811
5542,2015-03-05,2015-03-05 23:00:00,6.085082798201614,0.012982196164627452
5543,2015-03-06,2015-03-06 23:00:00,6.0200129934856355,0.12702855416598993
5544,2015-03-07,2015-03-07 23:00:00,5.968175152134549,0.06467713847168595
5545,2015-03-08,2015-03-08 23:00:00,5.902070724512817,0.09086650037088184
5546,2015-03-09,2015-03-09 23:00:00,6.011841082619706,0.08866770771316422
5547,2015-03-10,2015-03-10 23:00:00,5.978813749886638,0.11309274563108851
5548,2015-03-11,2015-03-11 23:00:00,5.980851930604378,0.08654421839027547
5549,2015-03-12,2015-03-12 23:00:00,6.041241976430304,0.12455705710977188
5550,2015-03-13,2015-03-13 23:00:00,6.070363857228479,0.08818173380097752
5551,2015-03-14,2015-03-14 23:00:00,6.049549982981539,0.08887857561376503
5552,2015-03-15,2015-03-15 23:00:00,5.977424797133998,0.10612765556880423
5553,2015-03-16,2015-03-16 23:00:00,6.127186010044677,0.10630053557494586
5554,2015-03-17,2015-03-17 23:00:00,6.097261829300234,0.06346090296159089
5555,2015-03-18,2015-03-18 23:00:00,6.0353779762658375,0.03311734017699411
5556,2015-03-19,2015-03-19 23:00:00,6.034518956689854,0.09670803405679589
5557,2015-03-20,2015-03-20 23:00:00,5.8941275879290975,0.09077260380845381
5558,2015-03-21,2015-03-21 23:00:00,5.814078957840902,0.06765766033096075
5559,2015-03-22,2015-03-22 23:00:00,5.782741114834295,0.06041255333102051
5560,2015-03-23,2015-03-23 23:00:00,5.702752011670401,0.03362060345713271
5561,2015-03-24,2015-03-24 23:00:00,5.764569261230458,0.18545735724759427
5562,2015-03-25,2015-03-25 23:00:00,5.9521404522315065,0.1593800851180255
5563,2015-03-26,2015-03-26 23:00:00,5.939273797569691,0.06798024440143495
5564,2015-03-27,2015-03-27 23:00:00,5.896254012054747,0.10020385166550849
5565,2015-03-28,2015-03-28 23:00:00,5.990256796040796,0.07096617338827182
5566,2015-03-29,2015-03-29 23:00:00,6.017465018292719,0.02783406821309048
5567,2015-03-30,2015-03-30 23:00:00,6.023321925315991,0.058101959816579264
5568,2015-03-31,2015-03-31 23:00:00,5.996355548230152,0.014686277704602754
5569,2015-04-01,2015-04-01 23:00:00,5.860956701831943,0.06594982458392575
5570,2015-04-02,2015-04-02 23:00:00,5.790810498136473,0.04667668507057682
5571,2015-04-03,2015-04-03 23:00:00,5.77941773589989,0.0675725513207177
5572,2015-04-04,2015-04-04 23:00:00,5.874179694982453,0.1062358963507428
5573,2015-04-05,2015-04-05 23:00:00,5.869196481980688,0.018425753060964587
5574,2015-04-06,2015-04-06 23:00:00,5.84241292916289,0.09183890360821907
5575,2015-04-07,2015-04-07 23:00:00,5.837912737227818,0.07373702067832583
5576,2015-04-08,2015-04-08 23:00:00,5.864930775702898,0.11591145655175325
5577,2015-04-09,2015-04-09 23:00:00,5.86154694938974,0.15431043146872228
5578,2015-04-10,2015-04-10 23:00:00,5.787359017933853,0.16248217224837808
5579,2015-04-11,2015-04-11 23:00:00,5.7725462398501195,0.11077035084726518
5580,2015-04-12,2015-04-12 23:00:00,5.746817467756983,0.1299490245740191
5581,2015-04-13,2015-04-13 23:00:00,5.846031636247044,0.17265673238996815
5582,2015-04-14,2015-04-14 23:00:00,5.90432913541757,0.18368883377382433
5583,2015-04-15,2015-04-15 23:00:00,5.703790612315911,0.13439322928540548
5584,2015-04-16,2015-04-16 23:00:00,5.6577490397875385,0.10785177490485501
5585,2015-04-17,2015-04-17 23:00:00,5.554060168690685,0.04887709887576111
5586,2015-04-18,2015-04-18 23:00:00,5.524271937323949,0.13464960285558686
5587,2015-04-19,2015-04-19 23:00:00,5.493559059389509,0.06428634305757397
5588,2015-04-20,2015-04-20 23:00:00,5.493485015362663,0.058013900890929615
5589,2015-04-21,2015-04-21 23:00:00,5.568291498631311,0.2269794772741519
5590,2015-04-22,2015-04-22 23:00:00,5.4947600683656574,0.13518822939888098
5591,2015-04-23,2015-04-23 23:00:00,5.692414600326814,0.16689256475184597
5592,2015-04-24,2015-04-24 23:00:00,5.707620159144426,0.23058530654403186
5593,2015-04-25,2015-04-25 23:00:00,5.610918371909189,0.11054340967816112
5594,2015-04-26,2015-04-26 23:00:00,5.681403884640314,0.05493222379002889
5595,2015-04-27,2015-04-27 23:00:00,5.563201995997223,0.0926114333531684
5596,2015-04-28,2015-04-28 23:00:00,5.613924496469411,0.11899725374766869
5597,2015-04-29,2015-04-29 23:00:00,5.534480792247848,0.06371011897031294
5598,2015-04-30,2015-04-30 23:00:00,5.53514671641237,0.18857428777662846
5599,2015-05-01,2015-05-01 23:00:00,5.71371429676049,0.18078103649086794
5600,2015-05-02,2015-05-02 23:00:00,5.6846546318992885,0.19383546984050143
5601,2015-05-03,2015-05-03 23:00:00,5.6748866889940475,0.1209947189499939
5602,2015-05-04,2015-05-04 23:00:00,5.770569544218714,0.17019079454893507
5603,2015-05-05,2015-05-05 23:00:00,5.767505529853687,0.1287757069241049
5604,2015-05-06,2015-05-06 23:00:00,5.820064157454891,0.0715499447303472
5605,2015-05-07,2015-05-07 23:00:00,5.929415659074187,0.11296902169522467
5606,2015-05-08,2015-05-08 23:00:00,5.909523236906039,0.03696683451726779
5607,2015-05-09,2015-05-09 23:00:00,5.986218666372828,0.05895389034432254
5608,2015-05-10,2015-05-10 23:00:00,6.012230883331465,0.1533457249044358
5609,2015-05-11,2015-05-11 23:00:00,6.199172254394263,0.20065960602748367
5610,2015-05-12,2015-05-12 23:00:00,6.352673525254427,0.040836505092617284
5611,2015-05-13,2015-05-13 23:00:00,6.412239904713792,0.032408534988492395
5612,2015-05-14,2015-05-14 23:00:00,6.556124903475902,0.2011176978393916
5613,2015-05-15,2015-05-15 23:00:00,6.695215639205084,0.3002111346004219
5614,2015-05-16,2015-05-16 23:00:00,6.699624957417999,0.370653767703412
5615,2015-05-17,2015-05-17 23:00:00,6.357137801089678,0.22993160106195576
5616,2015-05-18,2015-05-18 23:00:00,6.583255041936828,0.16545839558985334
5617,2015-05-19,2015-05-19 23:00:00,6.375662433159131,0.3238771419968646
5618,2015-05-20,2015-05-20 23:00:00,6.06855482798047,0.10628178926949867
5619,2015-05-21,2015-05-21 23:00:00,5.959754432399716,0.31715436399813834
5620,2015-05-22,2015-05-22 23:00:00,6.010475044613574,0.11842442096533917
5621,2015-05-23,2015-05-23 23:00:00,6.018866483444,0.08087072603794816
5622,2015-05-24,2015-05-24 23:00:00,5.955798692012997,0.05039354927922175
5623,2015-05-25,2015-05-25 23:00:00,6.128499016542272,0.16112778026539606
5624,2015-05-26,2015-05-26 23:00:00,6.273880303604984,0.26569300979651955
5625,2015-05-27,2015-05-27 23:00:00,6.314627847393905,0.280517650178742
5626,2015-05-28,2015-05-28 23:00:00,6.382048054611729,0.3731188872201936
5627,2015-05-29,2015-05-29 23:00:00,6.259777475651728,0.27798010789303307
5628,2015-05-30,2015-05-30 23:00:00,6.07269868070503,0.3224554589196652
5629,2015-05-31,2015-05-31 23:00:00,5.954424489413309,0.05275210599898668
5630,2015-06-01,2015-06-01 23:00:00,5.848644302208282,0.36753793127524687
5631,2015-06-02,2015-06-02 23:00:00,5.904258342379026,0.15022742913984513
5632,2015-06-03,2015-06-03 23:00:00,6.005187741780745,0.13322114858859502
5633,2015-06-04,2015-06-04 23:00:00,6.03322208772187,0.1105262841851139
5634,2015-06-05,2015-06-05 23:00:00,5.996691197368029,0.07881099794940713
5635,2015-06-06,2015-06-06 23:00:00,5.928506614473008,0.04098742892271834
5636,2015-06-07,2015-06-07 23:00:00,5.851707062291534,0.018169114157492144
5637,2015-06-08,2015-06-08 23:00:00,5.827951833416683,0.06761320327609331
5638,2015-06-09,2015-06-09 23:00:00,5.839048186452923,0.08250634410240114
5639,2015-06-10,2015-06-10 23:00:00,5.865565263424364,0.1288037881198252
5640,2015-06-11,2015-06-11 23:00:00,5.892716595116492,0.24645733204926093
5641,2015-06-12,2015-06-12 23:00:00,5.941021624196707,0.2137220752365465
5642,2015-06-13,2015-06-13 23:00:00,5.845858868314763,0.1583090645200979
5643,2015-06-14,2015-06-14 23:00:00,5.755237523743417,0.008108472064847515
5644,2015-06-15,2015-06-15 23:00:00,5.795119504621785,0.033111075849684146
5645,2015-06-16,2015-06-16 23:00:00,5.976803704136089,0.18655306070104602
5646,2015-06-17,2015-06-17 23:00:00,6.014317558830864,0.19655504132268778
5647,2015-06-18,2015-06-18 23:00:00,5.997596967981164,0.13941489675563182
5648,2015-06-19,2015-06-19 23:00:00,5.954007464666457,0.1067465826592406
5649,2015-06-20,2015-06-20 23:00:00,5.88698078002162,0.09114101121729176
5650,2015-06-21,2015-06-21 23:00:00,5.6206696498814175,0.2167197936324029
5651,2015-06-22,2015-06-22 23:00:00,5.799725524831085,0.28010655243269067
5652,2015-06-23,2015-06-23 23:00:00,5.70474311591862,0.16621719045103436
5653,2015-06-24,2015-06-24 23:00:00,5.585467181625515,0.6017365978702064
5654,2015-06-25,2015-06-25 23:00:00,5.876692157973743,0.2934726177580075
5655,2015-06-26,2015-06-26 23:00:00,5.895447091600687,0.19263431307468976
5656,2015-06-27,2015-06-27 23:00:00,5.7586333937192045,0.1421632438243318
5657,2015-06-28,2015-06-28 23:00:00,5.023309763498362,0.5013508107168084
5658,2015-06-29,2015-06-29 23:00:00,5.4207088836512485,0.5369173949540575
5659,2015-06-30,2015-06-30 23:00:00,5.750940415818511,0.3254805658015995
5660,2015-07-01,2015-07-01 23:00:00,5.8830271558710505,0.20500724463606645
5661,2015-07-02,2015-07-02 23:00:00,5.809448219368662,0.1951264780159684
5662,2015-07-03,2015-07-03 23:00:00,5.857243915324015,0.22626615908663503
5663,2015-07-04,2015-07-04 23:00:00,5.878877770611965,0.1903443047897607
5664,2015-07-05,2015-07-05 23:00:00,5.877584575273443,0.29735455045539166
5665,2015-07-06,2015-07-06 23:00:00,6.094243929717034,0.21956690158798225
5666,2015-07-07,2015-07-07 23:00:00,6.102018508068631,0.14558526116865803
5667,2015-07-08,2015-07-08 23:00:00,6.129793835700641,0.11244152408201248
5668,2015-07-09,2015-07-09 23:00:00,6.0785970295565015,0.07185995009427902
5669,2015-07-10,2015-07-10 23:00:00,6.1273123532844584,0.07099527603337698
5670,2015-07-11,2015-07-11 23:00:00,6.028088633337563,0.007728631727404042
5671,2015-07-12,2015-07-12 23:00:00,5.94665217583817,0.11360489802141562
5672,2015-07-13,2015-07-13 23:00:00,6.0108947542130124,0.11111811515488049
5673,2015-07-14,2015-07-14 23:00:00,6.042889443289681,0.06553709236015796
5674,2015-07-15,2015-07-15 23:00:00,6.061720618207201,0.05385818582531014
5675,2015-07-16,2015-07-16 23:00:00,6.122785733451823,0.0821329611191934
5676,2015-07-17,2015-07-17 23:00:00,6.094293960061438,0.05767539166534482
5677,2015-07-18,2015-07-18 23:00:00,6.072233519210484,0.18829251765682142
5678,2015-07-19,2015-07-19 23:00:00,5.844453577209517,0.1805591201636242
5679,2015-07-20,2015-07-20 23:00:00,5.6559400353727725,0.21643773004220385
5680,2015-07-21,2015-07-21 23:00:00,5.862093374776838,0.1314170785807728
5681,2015-07-22,2015-07-22 23:00:00,5.958262884663813,0.23411748061190005
5682,2015-07-23,2015-07-23 23:00:00,5.971182486762882,0.24643627296527637
5683,2015-07-24,2015-07-24 23:00:00,5.77825244784949,0.15797885844824572
5684,2015-07-25,2015-07-25 23:00:00,5.692065800803441,0.17567818622287534
5685,2015-07-26,2015-07-26 23:00:00,5.831778761019194,0.29298020442090583
5686,2015-07-27,2015-07-27 23:00:00,5.966265213863809,0.2701363338017908
5687,2015-07-28,2015-07-28 23:00:00,5.765372197398619,0.19671398901502005
5688,2015-07-29,2015-07-29 23:00:00,6.009506599782552,0.24330699641743
5689,2015-07-30,2015-07-30 23:00:00,5.704838904430251,0.08774012953404091
5690,2015-07-31,2015-07-31 23:00:00,5.721661364525441,0.07696068912029362
5691,2015-08-01,2015-08-01 23:00:00,5.643539268408422,0.1115682287439786
5692,2015-08-02,2015-08-02 23:00:00,5.529122998398113,0.12609790544317398
5693,2015-08-03,2015-08-03 23:00:00,5.8630369488496425,0.336687690919368
5694,2015-08-04,2015-08-04 23:00:00,5.934774664686278,0.23447202439287315
5695,2015-08-05,2015-08-05 23:00:00,6.070024782404844,0.23350382623129956
5696,2015-08-06,2015-08-06 23:00:00,5.9717130055069205,0.123963428083788
5697,2015-08-07,2015-08-07 23:00:00,5.813224773340054,0.10201822597696732
5698,2015-08-08,2015-08-08 23:00:00,5.829470851542673,0.053262570049207765
5699,2015-08-09,2015-08-09 23:00:00,5.82979008312947,0.04404235628456227
5700,2015-08-10,2015-08-10 23:00:00,5.929482716205588,0.11695450019477574
5701,2015-08-11,2015-08-11 23:00:00,5.977916442943539,0.08230736863278318
5702,2015-08-12,2015-08-12 23:00:00,5.908819969891835,0.10547425304505925
5703,2015-08-13,2015-08-13 23:00:00,5.924434941871895,0.10397405305576594
5704,2015-08-14,2015-08-14 23:00:00,5.995977151146658,0.07483468346978042
5705,2015-08-15,2015-08-15 23:00:00,5.947366344592257,0.04961969864335678
5706,2015-08-16,2015-08-16 23:00:00,5.841143594900294,0.12852552129361272
5707,2015-08-17,2015-08-17 23:00:00,5.794365581484936,0.059379679622928803
5708,2015-08-18,2015-08-18 23:00:00,5.818454949844011,0.10016833999958426
5709,2015-08-19,2015-08-19 23:00:00,5.7626882544088405,0.05267814097865123
5710,2015-08-20,2015-08-20 23:00:00,5.805192261386871,0.14559946862619738
5711,2015-08-21,2015-08-21 23:00:00,5.8945181114842695,0.27036309365618866
5712,2015-08-22,2015-08-22 23:00:00,5.6685708377281285,0.20689178486798523
5713,2015-08-23,2015-08-23 23:00:00,5.566017590825979,0.15150236075365173
5714,2015-08-24,2015-08-24 23:00:00,5.848982593422863,0.24392375576151928
5715,2015-08-25,2015-08-25 23:00:00,5.9089931714969195,0.22450659737622822
5716,2015-08-26,2015-08-26 23:00:00,5.738656890188601,0.2556588256670187
5717,2015-08-27,2015-08-27 23:00:00,5.738977404074386,0.27977358174759787
5718,2015-08-28,2015-08-28 23:00:00,5.641234905895158,0.13066733941856712
5719,2015-08-29,2015-08-29 23:00:00,5.604015021584565,0.11409804962752641
5720,2015-08-30,2015-08-30 23:00:00,5.6415901666324295,0.05669523263479597
5721,2015-08-31,2015-08-31 23:00:00,5.889245956904337,0.09211731500966992
5722,2015-09-01,2015-09-01 23:00:00,6.095851958660371,0.12159726393945078
5723,2015-09-02,2015-09-02 23:00:00,6.122920764945268,0.11835268529072224
5724,2015-09-03,2015-09-03 23:00:00,6.188158227214767,0.0481728473768824
5725,2015-09-04,2015-09-04 23:00:00,6.185143936711498,0.02417608152669948
5726,2015-09-05,2015-09-05 23:00:00,6.180623283239498,0.012983886353624845
5727,2015-09-06,2015-09-06 23:00:00,6.168875849124099,0.029082925153402026
5728,2015-09-07,2015-09-07 23:00:00,6.1860435191991945,0.021210425964984642
5729,2015-09-08,2015-09-08 23:00:00,6.1655029648509805,0.030198614949932628
5730,2015-09-09,2015-09-09 23:00:00,6.1367607935296755,0.12551694037656738
5731,2015-09-10,2015-09-10 23:00:00,6.00059670034539,0.1826490785671232
5732,2015-09-11,2015-09-11 23:00:00,6.069737726421601,0.12132735819938195
5733,2015-09-12,2015-09-12 23:00:00,6.089880999781092,0.0752912950285531
5734,2015-09-13,2015-09-13 23:00:00,5.986675898506434,0.07083431531721324
5735,2015-09-14,2015-09-14 23:00:00,6.220698289218593,0.03305327778300757
5736,2015-09-15,2015-09-15 23:00:00,6.274200922738095,0.07532511161371955
5737,2015-09-16,2015-09-16 23:00:00,6.324877396228298,0.024394122434589754
5738,2015-09-17,2015-09-17 23:00:00,6.363918944750346,0.0052645930438638055
5739,2015-09-18,2015-09-18 23:00:00,6.318245779347184,0.0867357170976007
5740,2015-09-19,2015-09-19 23:00:00,6.382882132426334,0.013932971944925165
5741,2015-09-20,2015-09-20 23:00:00,6.4213935571127765,0.04852892320710643
5742,2015-09-21,2015-09-21 23:00:00,6.655516942154839,0.19324039786015698
5743,2015-09-22,2015-09-22 23:00:00,7.1357671143572174,0.31163722907992863
5744,2015-09-23,2015-09-23 23:00:00,7.415287301036034,0.07934429512306734
5745,2015-09-24,2015-09-24 23:00:00,7.2450671851064925,0.39265925993801437
5746,2015-09-25,2015-09-25 23:00:00,7.386490306015119,0.05485592083451231
5747,2015-09-26,2015-09-26 23:00:00,7.453885488093256,0.03251821078667178
5748,2015-09-27,2015-09-27 23:00:00,7.4409612100959395,0.06308507195065188
5749,2015-09-28,2015-09-28 23:00:00,7.488385431967033,0.09013860928255286
5750,2015-09-29,2015-09-29 23:00:00,7.476872861643959,0.17271519978255928
5751,2015-09-30,2015-09-30 23:00:00,7.445857449808237,0.24859889337425345
5752,2015-10-01,2015-10-01 23:00:00,7.714555788053294,0.11766545610851821
5753,2015-10-02,2015-10-02 23:00:00,8.00670733092545,0.07382725326031002
5754,2015-10-03,2015-10-03 23:00:00,8.157316471318731,0.03305769243701426
5755,2015-10-04,2015-10-04 23:00:00,8.01774553159035,0.2851346361476201
5756,2015-10-05,2015-10-05 23:00:00,8.06661866124574,0.3194703773564641
5757,2015-10-06,2015-10-06 23:00:00,8.128858669680781,0.09438918591871945
5758,2015-10-07,2015-10-07 23:00:00,8.130455720038022,0.08181099573059185
5759,2015-10-08,2015-10-08 23:00:00,8.183861531642792,0.0002058180941146613
5760,2015-10-09,2015-10-09 23:00:00,8.132314645219045,0.16421033334086904
5761,2015-10-10,2015-10-10 23:00:00,7.472600646026912,0.16899122578548523
5762,2015-10-11,2015-10-11 23:00:00,6.881368334906662,0.5241745233569802
5763,2015-10-12,2015-10-12 23:00:00,7.52613072292182,0.1836300262215518
5764,2015-10-13,2015-10-13 23:00:00,7.6720142341963085,0.1766726438320141
5765,2015-10-14,2015-10-14 23:00:00,7.710122064223843,0.19557395160595542
5766,2015-10-15,2015-10-15 23:00:00,7.530986072451633,0.06131446995663386
5767,2015-10-16,2015-10-16 23:00:00,7.5228965116049595,0.050346351914137354
5768,2015-10-17,2015-10-17 23:00:00,7.389052724111576,0.1368025346644242
5769,2015-10-18,2015-10-18 23:00:00,6.889738876066289,0.27133439404724335
5770,2015-10-19,2015-10-19 23:00:00,6.866405519012158,0.6583363374373603
5771,2015-10-20,2015-10-20 23:00:00,7.156835938882845,0.22597936925375384
5772,2015-10-21,2015-10-21 23:00:00,7.272752016494223,0.008656425507802273
5773,2015-10-22,2015-10-22 23:00:00,7.288915237369186,0.010044982682040585
5774,2015-10-23,2015-10-23 23:00:00,7.296991174727533,0.0025586099325407632
5775,2015-10-24,2015-10-24 23:00:00,7.290242950122239,0.01171478870580058
5776,2015-10-25,2015-10-25 23:00:00,7.288450618464016,0.04465230228211871
5777,2015-10-26,2015-10-26 23:00:00,7.281937058766739,0.02909191748766257
5778,2015-10-27,2015-10-27 23:00:00,7.283774523279912,0.04072033942563278
5779,2015-10-28,2015-10-28 23:00:00,7.297761375651636,6.829387910893625e-06
5780,2015-10-29,2015-10-29 23:00:00,7.297617142436092,0.0004761108695530822
5781,2015-10-30,2015-10-30 23:00:00,7.298391728629238,0.00034440334696706436
5782,2015-10-31,2015-10-31 23:00:00,7.297683631482254,0.0001769311338848726
5783,2015-11-01,2015-11-01 23:00:00,7.303974049236513,2.7098118663915176e-06
5784,2015-11-02,2015-11-02 23:00:00,7.303094378202888,1.951321989979122e-06
5785,2015-11-03,2015-11-03 23:00:00,7.284771390519204,0.04844116229433032
5786,2015-11-04,2015-11-04 23:00:00,7.30309499547095,4.625864118184516e-06
5787,2015-11-05,2015-11-05 23:00:00,7.297915590045701,0.024438230526185704
5788,2015-11-06,2015-11-06 23:00:00,7.27952034801356,0.05311286288182476
5789,2015-11-07,2015-11-07 23:00:00,7.197321240201952,0.12910177386775154
5790,2015-11-08,2015-11-08 23:00:00,6.922457790996077,0.1097665973685953
5791,2015-11-09,2015-11-09 23:00:00,7.135570479206869,0.17170690129476615
5792,2015-11-10,2015-11-10 23:00:00,7.113304050919344,0.19506680540085347
5793,2015-11-11,2015-11-11 23:00:00,7.161265802792907,0.17066713821599752
5794,2015-11-12,2015-11-12 23:00:00,7.13266867335147,0.23101880471674335
5795,2015-11-13,2015-11-13 23:00:00,7.0879865600895435,0.21291461033324277
5796,2015-11-14,2015-11-14 23:00:00,7.1983255386395975,0.1781966750826195
5797,2015-11-15,2015-11-15 23:00:00,7.318330021558272,1.380943777617283e-06
5798,2015-11-16,2015-11-16 23:00:00,7.318861097677295,1.4596593817377751e-06
5799,2015-11-17,2015-11-17 23:00:00,7.318123826291102,0.00040280117258084555
5800,2015-11-18,2015-11-18 23:00:00,7.318203811824541,0.00032701594097663553
5801,2015-11-19,2015-11-19 23:00:00,7.318325765940966,2.5305740043685823e-06
5802,2015-11-20,2015-11-20 23:00:00,7.284634736568937,0.06568043426147255
5803,2015-11-21,2015-11-21 23:00:00,7.317164699421856,0.0014775075896094347
5804,2015-11-22,2015-11-22 23:00:00,6.994750644610612,0.17523389905762857
5805,2015-11-23,2015-11-23 23:00:00,7.208347451470419,0.15419002340920251
5806,2015-11-24,2015-11-24 23:00:00,7.1808178563486065,0.1504820849777947
5807,2015-11-25,2015-11-25 23:00:00,7.313793026116282,0.008942184450267777
5808,2015-11-26,2015-11-26 23:00:00,7.312755662529942,0.009465041984604865
5809,2015-11-27,2015-11-27 23:00:00,7.311545451071438,0.015175088458947793
5810,2015-11-28,2015-11-28 23:00:00,7.303675427530602,0.01892764785910877
5811,2015-11-29,2015-11-29 23:00:00,7.301348178150913,0.03514695854388279
5812,2015-11-30,2015-11-30 23:00:00,7.308029096269064,0.017860583435932748
5813,2015-12-01,2015-12-01 23:00:00,7.3032361396743655,0.00772697594243023
5814,2015-12-02,2015-12-02 23:00:00,7.305332330111395,0.005728498857087611
5815,2015-12-03,2015-12-03 23:00:00,7.295709145868514,0.010839339144495185
5816,2015-12-04,2015-12-04 23:00:00,7.298496322194623,0.009895513452680015
5817,2015-12-05,2015-12-05 23:00:00,7.284526853640905,0.013349301094618392
5818,2015-12-06,2015-12-06 23:00:00,7.202726344885022,0.04695443894845416
5819,2015-12-07,2015-12-07 23:00:00,7.1758267827667295,0.07530682231094224
5820,2015-12-08,2015-12-08 23:00:00,7.096811365597621,0.15857855072857488
5821,2015-12-09,2015-12-09 23:00:00,7.09238673911792,0.1153502840179056
5822,2015-12-10,2015-12-10 23:00:00,7.050329411397809,0.16502075837736208
5823,2015-12-11,2015-12-11 23:00:00,7.076923065878951,0.13519228201522374
5824,2015-12-12,2015-12-12 23:00:00,7.013646000326317,0.1003608290337495
5825,2015-12-13,2015-12-13 23:00:00,6.926896666045192,0.11706769596701151
5826,2015-12-14,2015-12-14 23:00:00,7.022613450132358,0.21783740956956504
5827,2015-12-15,2015-12-15 23:00:00,6.88778169676099,0.18532629961579214
5828,2015-12-16,2015-12-16 23:00:00,6.949773025948281,0.10234223951862752
5829,2015-12-17,2015-12-17 23:00:00,6.881408069696508,0.05734544893791668
5830,2015-12-18,2015-12-18 23:00:00,6.966906817931734,0.1469903237479474
5831,2015-12-19,2015-12-19 23:00:00,7.054152501936225,0.08009351359477278
5832,2015-12-20,2015-12-20 23:00:00,7.014464301882384,0.1525879542475273
5833,2015-12-21,2015-12-21 23:00:00,7.168309144951195,0.03348128797097881
5834,2015-12-22,2015-12-22 23:00:00,7.148578682620214,0.1050509434241125
5835,2015-12-23,2015-12-23 23:00:00,7.161917479942743,0.17333041690077042
5836,2015-12-24,2015-12-24 23:00:00,7.140019265876295,0.05056886614760134
5837,2015-12-25,2015-12-25 23:00:00,6.742601973850317,0.20243383103218549
5838,2015-12-26,2015-12-26 23:00:00,6.8322268941246085,0.01917170265622837
5839,2015-12-27,2015-12-27 23:00:00,6.879527052384044,0.08452598247143574
5840,2015-12-28,2015-12-28 23:00:00,6.703393176412146,0.155121802004825
5841,2015-12-29,2015-12-29 23:00:00,6.594082904942707,0.13730445831372945
5842,2015-12-30,2015-12-30 23:00:00,6.758329380348688,0.033053747346858196
5843,2015-12-31,2015-12-31 23:00:00,6.611834803744135,0.07765993728286778
5844,2016-01-01,2016-01-01 23:00:00,6.577771797691426,0.20873594815905416
5845,2016-01-02,2016-01-02 23:00:00,6.593048296460821,0.09090701731075343
5846,2016-01-03,2016-01-03 23:00:00,6.785644039067928,0.17525024925385416
5847,2016-01-04,2016-01-04 23:00:00,6.855532575318304,0.17301454892054002
5848,2016-01-05,2016-01-05 23:00:00,6.925820738817561,0.15903719598748162
5849,2016-01-06,2016-01-06 23:00:00,7.033201289304944,0.10328492111580556
5850,2016-01-07,2016-01-07 23:00:00,7.024468142887508,0.12238214710365125
5851,2016-01-08,2016-01-08 23:00:00,6.957785410255066,0.09726483943909645
5852,2016-01-09,2016-01-09 23:00:00,6.779837078819866,0.1814625522330308
5853,2016-01-10,2016-01-10 23:00:00,6.864121425005142,0.056321362577401564
5854,2016-01-11,2016-01-11 23:00:00,6.85343032978178,0.22125934330857439
5855,2016-01-12,2016-01-12 23:00:00,7.048074233370841,0.2527712070029908
5856,2016-01-13,2016-01-13 23:00:00,7.112780188083861,0.08763904359818189
5857,2016-01-14,2016-01-14 23:00:00,7.2274999171664644,0.12034287740382789
5858,2016-01-15,2016-01-15 23:00:00,7.11383967161256,0.1817773979760997
5859,2016-01-16,2016-01-16 23:00:00,6.996902484723498,0.21815458018615663
5860,2016-01-17,2016-01-17 23:00:00,6.863930620652977,0.12968968857732763
5861,2016-01-18,2016-01-18 23:00:00,7.075534002274086,0.2675284056902377
5862,2016-01-19,2016-01-19 23:00:00,6.926780497493529,0.1052075070968584
5863,2016-01-20,2016-01-20 23:00:00,6.879927266055138,0.07918180018406884
5864,2016-01-21,2016-01-21 23:00:00,6.7950424937384755,0.020991190475355408
5865,2016-01-22,2016-01-22 23:00:00,6.886817786446312,0.19909286143206745
5866,2016-01-23,2016-01-23 23:00:00,6.922068688801019,0.25088489746655895
5867,2016-01-24,2016-01-24 23:00:00,6.877415725547995,0.25009851317338117
5868,2016-01-25,2016-01-25 23:00:00,6.964646269721988,0.2112493400202955
5869,2016-01-26,2016-01-26 23:00:00,6.834315436800286,0.10542284966818723
5870,2016-01-27,2016-01-27 23:00:00,6.7109940846599585,0.07105129473904144
5871,2016-01-28,2016-01-28 23:00:00,6.718635892888492,0.06080850746496967
5872,2016-01-29,2016-01-29 23:00:00,6.721270213189622,0.06874628845343318
5873,2016-01-30,2016-01-30 23:00:00,6.689509032297593,0.088169021839799
5874,2016-01-31,2016-01-31 23:00:00,6.65418399707725,0.0730797207446928
5875,2016-02-01,2016-02-01 23:00:00,6.665309620834528,0.03349402633303158
5876,2016-02-02,2016-02-02 23:00:00,6.675431594540723,0.06962921082053454
5877,2016-02-03,2016-02-03 23:00:00,6.674093247158898,0.07961911918627218
5878,2016-02-04,2016-02-04 23:00:00,6.69568631475375,0.03642791671551091
5879,2016-02-05,2016-02-05 23:00:00,6.699071423094665,0.06206776308508317
5880,2016-02-06,2016-02-06 23:00:00,6.718804351959709,0.06117750235393072
5881,2016-02-07,2016-02-07 23:00:00,6.665973441356911,0.026197703450070626
5882,2016-02-08,2016-02-08 23:00:00,6.629560622329435,0.11387390996741924
5883,2016-02-09,2016-02-09 23:00:00,6.581866361016584,0.10592916262457978
5884,2016-02-10,2016-02-10 23:00:00,6.610857380559266,0.10513491294912136
5885,2016-02-11,2016-02-11 23:00:00,6.675872915912847,0.016289711979433415
5886,2016-02-12,2016-02-12 23:00:00,6.697539540311347,0.06318890324578605
5887,2016-02-13,2016-02-13 23:00:00,6.7831315472825295,0.06364526489657994
5888,2016-02-14,2016-02-14 23:00:00,6.863061257202761,0.0475878795354694
5889,2016-02-15,2016-02-15 23:00:00,6.961011256165115,0.23831262631248806
5890,2016-02-16,2016-02-16 23:00:00,7.097153188485126,0.2070217972747062
5891,2016-02-17,2016-02-17 23:00:00,7.324355568030382,0.019547359663688747
5892,2016-02-18,2016-02-18 23:00:00,7.335802365803868,0.010109949363859531
5893,2016-02-19,2016-02-19 23:00:00,7.338648684849853,0.0063998125078658895
5894,2016-02-20,2016-02-20 23:00:00,7.340811369637424,3.113021542765014e-06
5895,2016-02-21,2016-02-21 23:00:00,7.340776479377911,5.4014981639316906e-05
5896,2016-02-22,2016-02-22 23:00:00,7.190426449905764,0.3282667361885856
5897,2016-02-23,2016-02-23 23:00:00,7.143443937428603,0.3872836521876516
5898,2016-02-24,2016-02-24 23:00:00,7.340812665347655,2.8207708881588704e-06
5899,2016-02-25,2016-02-25 23:00:00,7.340812761326281,2.741272750938047e-06
5900,2016-02-26,2016-02-26 23:00:00,7.340813769097871,3.1174517145139383e-06
5901,2016-02-27,2016-02-27 23:00:00,7.341372354595304,1.6552219670826431e-06
5902,2016-02-28,2016-02-28 23:00:00,7.340806906609218,6.5235884985979325e-06
5903,2016-02-29,2016-02-29 23:00:00,7.341277419159802,2.968916536229304e-06
5904,2016-03-01,2016-03-01 23:00:00,7.330798227098723,4.809529469275493e-06
5905,2016-03-02,2016-03-02 23:00:00,7.3126574107923075,0.06004161408616976
5906,2016-03-03,2016-03-03 23:00:00,7.330797746897685,2.981548398857018e-06
5907,2016-03-04,2016-03-04 23:00:00,7.30613909291646,0.06407150603646071
5908,2016-03-05,2016-03-05 23:00:00,7.330769788741648,0.0001389272808043026
5909,2016-03-06,2016-03-06 23:00:00,7.3307954418980215,1.8616991192581483e-06
5910,2016-03-07,2016-03-07 23:00:00,7.2979420391092376,0.06405272380306354
5911,2016-03-08,2016-03-08 23:00:00,7.324187176783254,0.012887748615920217
5912,2016-03-09,2016-03-09 23:00:00,7.1772033939242235,0.3042013911589741
5913,2016-03-10,2016-03-10 23:00:00,7.349846493954246,4.493681871765188e-05
5914,2016-03-11,2016-03-11 23:00:00,7.349845174766817,4.434567217503782e-05
5915,2016-03-12,2016-03-12 23:00:00,7.347322113935214,0.005642158994924247
5916,2016-03-13,2016-03-13 23:00:00,7.34967619973326,0.00012675139403755536
5917,2016-03-14,2016-03-14 23:00:00,7.349256846529303,0.0010845832636580397
5918,2016-03-15,2016-03-15 23:00:00,7.34876623130441,0.0014724109842446527
5919,2016-03-16,2016-03-16 23:00:00,7.349240892419,0.0018925416255339922
5920,2016-03-17,2016-03-17 23:00:00,7.347549196053339,0.0045118031145370075
5921,2016-03-18,2016-03-18 23:00:00,7.338326220027089,0.004165178076143872
5922,2016-03-19,2016-03-19 23:00:00,7.3012065273704865,0.04451629345594864
5923,2016-03-20,2016-03-20 23:00:00,7.257774108619157,0.046765575530563444
5924,2016-03-21,2016-03-21 23:00:00,7.20151832532576,0.06810973073848821
5925,2016-03-22,2016-03-22 23:00:00,7.193703689962458,0.056831333397111466
5926,2016-03-23,2016-03-23 23:00:00,7.098286655052456,0.014265273024937275
5927,2016-03-24,2016-03-24 23:00:00,7.097044483570019,0.01735852588395101
5928,2016-03-25,2016-03-25 23:00:00,7.198580727914389,0.10175803698543354
5929,2016-03-26,2016-03-26 23:00:00,7.2675465533853965,0.10843687539266553
5930,2016-03-27,2016-03-27 23:00:00,7.23398779875598,0.11147004154789023
5931,2016-03-28,2016-03-28 23:00:00,7.27585719418219,0.05906021233530512
5932,2016-03-29,2016-03-29 23:00:00,7.248092683470984,0.0016763499448797764
5933,2016-03-30,2016-03-30 23:00:00,7.24559134072535,0.010384066182520623
5934,2016-03-31,2016-03-31 23:00:00,7.244988656563916,0.011825428163464947
5935,2016-04-01,2016-04-01 23:00:00,7.249737121125317,0.004498610703720232
5936,2016-04-02,2016-04-02 23:00:00,7.164575804214103,0.06789656420037159
5937,2016-04-03,2016-04-03 23:00:00,6.908360932271623,0.3076462119394213
5938,2016-04-04,2016-04-04 23:00:00,7.085549357994357,0.020851380136303537
5939,2016-04-05,2016-04-05 23:00:00,6.982318767035889,0.16938580248988563
5940,2016-04-06,2016-04-06 23:00:00,6.9279176877238156,0.17202278603971047
5941,2016-04-07,2016-04-07 23:00:00,6.889367990996749,0.09074014433756639
5942,2016-04-08,2016-04-08 23:00:00,6.743268744781936,0.08460788077649974
5943,2016-04-09,2016-04-09 23:00:00,6.594556791580498,0.01921659505484215
5944,2016-04-10,2016-04-10 23:00:00,6.467759927628438,0.05492715175872531
5945,2016-04-11,2016-04-11 23:00:00,6.417950188860442,0.04805068128563947
5946,2016-04-12,2016-04-12 23:00:00,6.356729636114037,0.056759217498608364
5947,2016-04-13,2016-04-13 23:00:00,6.248110192043771,0.021164620922740147
5948,2016-04-14,2016-04-14 23:00:00,5.984802879998649,0.08684175735162102
5949,2016-04-15,2016-04-15 23:00:00,5.840823803388493,0.0456489275991347
5950,2016-04-16,2016-04-16 23:00:00,5.706814338148938,0.009691641026445126
5951,2016-04-17,2016-04-17 23:00:00,5.675233983235465,0.026030723728451485
5952,2016-04-18,2016-04-18 23:00:00,5.666079257301838,0.05147675581266465
5953,2016-04-19,2016-04-19 23:00:00,5.657715914243674,0.042080108448873825
5954,2016-04-20,2016-04-20 23:00:00,5.7014372013780426,0.06580141994627503
5955,2016-04-21,2016-04-21 23:00:00,5.709948911215851,0.08910065269127129
5956,2016-04-22,2016-04-22 23:00:00,5.753226691485266,0.09382788656251279
5957,2016-04-23,2016-04-23 23:00:00,5.7561573504420425,0.04539551796556706
5958,2016-04-24,2016-04-24 23:00:00,5.815465931804465,0.1263184536836741
5959,2016-04-25,2016-04-25 23:00:00,5.997449289810899,0.15335744216309605
5960,2016-04-26,2016-04-26 23:00:00,5.913045949734566,0.09514433253927594
5961,2016-04-27,2016-04-27 23:00:00,5.781126926421091,0.11555906123182531
5962,2016-04-28,2016-04-28 23:00:00,5.733173400948725,0.09234197684903368
5963,2016-04-29,2016-04-29 23:00:00,5.693280566960365,0.07996971498893599
5964,2016-04-30,2016-04-30 23:00:00,5.616128950017759,0.02166779458353922
5965,2016-05-01,2016-05-01 23:00:00,5.5765166959149886,0.03900042498849523
5966,2016-05-02,2016-05-02 23:00:00,5.542608791154407,0.0862094943175518
5967,2016-05-03,2016-05-03 23:00:00,5.532478584371045,0.09974288775649462
5968,2016-05-04,2016-05-04 23:00:00,5.586713700319405,0.21475833843149114
5969,2016-05-05,2016-05-05 23:00:00,5.571432325038212,0.12330659463424062
5970,2016-05-06,2016-05-06 23:00:00,5.424097632371162,0.02672083282579787
5971,2016-05-07,2016-05-07 23:00:00,5.500845560865827,0.14590825486395687
5972,2016-05-08,2016-05-08 23:00:00,5.449036810669289,0.018985662058362603
5973,2016-05-09,2016-05-09 23:00:00,5.470046786464397,0.028819101303295756
5974,2016-05-10,2016-05-10 23:00:00,5.443059937352477,0.037741935363053376
5975,2016-05-11,2016-05-11 23:00:00,5.378521895824545,0.047825015803447654
5976,2016-05-12,2016-05-12 23:00:00,5.339092677668777,0.11899275875840701
5977,2016-05-13,2016-05-13 23:00:00,5.270263185634248,0.040242683900466654
5978,2016-05-14,2016-05-14 23:00:00,5.279704684109778,0.019903550227017494
5979,2016-05-15,2016-05-15 23:00:00,5.3242960617420065,0.10157766410269016
5980,2016-05-16,2016-05-16 23:00:00,5.5433611899934805,0.30931185882525103
5981,2016-05-17,2016-05-17 23:00:00,5.440872094092697,0.04891976393379897
5982,2016-05-18,2016-05-18 23:00:00,5.467759054749621,0.14500987368963308
5983,2016-05-19,2016-05-19 23:00:00,5.492422187360539,0.19058218796195955
5984,2016-05-20,2016-05-20 23:00:00,5.5948450748001575,0.2595003428202038
5985,2016-05-21,2016-05-21 23:00:00,5.53929269951244,0.08743166448841039
5986,2016-05-22,2016-05-22 23:00:00,5.500578522966928,0.025533215498765822
5987,2016-05-23,2016-05-23 23:00:00,5.5697734042430085,0.05865840577361676
5988,2016-05-24,2016-05-24 23:00:00,5.54820463457326,0.05073251813272543
5989,2016-05-25,2016-05-25 23:00:00,5.607052968729254,0.07523530926409298
5990,2016-05-26,2016-05-26 23:00:00,5.589670745511597,0.08190742739521725
5991,2016-05-27,2016-05-27 23:00:00,5.599580579582877,0.09958900885868129
5992,2016-05-28,2016-05-28 23:00:00,5.565483815416216,0.12536843774824427
5993,2016-05-29,2016-05-29 23:00:00,5.469672784963844,0.0730905864588291
5994,2016-05-30,2016-05-30 23:00:00,5.433777371075553,0.10918351326193666
5995,2016-05-31,2016-05-31 23:00:00,5.433442720313543,0.11650514727056062
5996,2016-06-01,2016-06-01 23:00:00,5.466181709170918,0.11411272002838393
5997,2016-06-02,2016-06-02 23:00:00,5.490800817228714,0.17440021768588979
5998,2016-06-03,2016-06-03 23:00:00,5.314836447378068,0.02352408568262385
5999,2016-06-04,2016-06-04 23:00:00,5.68424203405419,0.36898505408109855
6000,2016-06-05,2016-06-05 23:00:00,5.335111408240974,0.1004361003459716
6001,2016-06-06,2016-06-06 23:00:00,5.591185919486794,0.012247472498928814
6002,2016-06-07,2016-06-07 23:00:00,5.568538246324448,0.15860400696393753
6003,2016-06-08,2016-06-08 23:00:00,5.729940567600827,0.12577588622337876
6004,2016-06-09,2016-06-09 23:00:00,5.7503488673127094,0.18063986663366421
6005,2016-06-10,2016-06-10 23:00:00,5.675138933871021,0.21856129091694115
6006,2016-06-11,2016-06-11 23:00:00,5.542568191706689,0.20008184299978102
6007,2016-06-12,2016-06-12 23:00:00,5.545929363135759,0.25326898367593376
6008,2016-06-13,2016-06-13 23:00:00,5.717241058877011,0.26993789138422547
6009,2016-06-14,2016-06-14 23:00:00,5.703086370950484,0.2071806563023622
6010,2016-06-15,2016-06-15 23:00:00,5.906078813151882,0.3515802357802223
6011,2016-06-16,2016-06-16 23:00:00,5.751866865581239,0.20832373108235533
6012,2016-06-17,2016-06-17 23:00:00,5.803652895964549,0.30170893693955175
6013,2016-06-18,2016-06-18 23:00:00,6.137490239770326,0.21086306264811644
6014,2016-06-19,2016-06-19 23:00:00,5.9406647901635905,0.17275202352895533
6015,2016-06-20,2016-06-20 23:00:00,6.067020604876061,0.12822789694168446
6016,2016-06-21,2016-06-21 23:00:00,5.940580713156372,0.20712982336113392
6017,2016-06-22,2016-06-22 23:00:00,5.767597488074792,0.20993585729369169
6018,2016-06-23,2016-06-23 23:00:00,5.586832989210282,0.21346850407800727
6019,2016-06-24,2016-06-24 23:00:00,5.590630001024814,0.3717348484152173
6020,2016-06-25,2016-06-25 23:00:00,5.292778637044844,0.08494728773001771
6021,2016-06-26,2016-06-26 23:00:00,5.359011111171507,0.2056122257156348
6022,2016-06-27,2016-06-27 23:00:00,5.3584571772810605,0.15316887885950597
6023,2016-06-28,2016-06-28 23:00:00,5.371958277777111,0.05290662276388709
6024,2016-06-29,2016-06-29 23:00:00,5.336206584414396,0.15318749055992753
6025,2016-06-30,2016-06-30 23:00:00,5.43362623226547,0.01040207285668508
6026,2016-07-01,2016-07-01 23:00:00,5.57149703495327,0.13288492475490501
6027,2016-07-02,2016-07-02 23:00:00,5.492517313874249,0.13928183676644676
6028,2016-07-03,2016-07-03 23:00:00,5.41454970887071,0.16634234903330522
6029,2016-07-04,2016-07-04 23:00:00,5.439165089560852,0.05467235209223227
6030,2016-07-05,2016-07-05 23:00:00,5.497531522119705,0.09115422820331001
6031,2016-07-06,2016-07-06 23:00:00,5.420394608475074,0.1788825041629544
6032,2016-07-07,2016-07-07 23:00:00,5.332326254230985,0.346111042245129
6033,2016-07-08,2016-07-08 23:00:00,5.364623776437969,0.29677981646334695
6034,2016-07-09,2016-07-09 23:00:00,5.437745875915186,0.15782903515232916
6035,2016-07-10,2016-07-10 23:00:00,5.2591309467379155,0.22493409061530584
6036,2016-07-11,2016-07-11 23:00:00,5.355647517184598,0.2934655988658291
6037,2016-07-12,2016-07-12 23:00:00,5.441420538637607,0.09541975636664556
6038,2016-07-13,2016-07-13 23:00:00,5.35293210963664,0.27182900352537753
6039,2016-07-14,2016-07-14 23:00:00,5.30982392698102,0.17536961966571313
6040,2016-07-15,2016-07-15 23:00:00,5.282908402493747,0.01975054106112261
6041,2016-07-16,2016-07-16 23:00:00,5.139246676746173,0.22415979517563658
6042,2016-07-17,2016-07-17 23:00:00,5.1121526362387,0.14298583886694663
6043,2016-07-18,2016-07-18 23:00:00,5.294387849140951,0.13151773416852117
6044,2016-07-19,2016-07-19 23:00:00,5.401152872513886,0.22584731022035395
6045,2016-07-20,2016-07-20 23:00:00,5.289537219111872,0.11496195214990887
6046,2016-07-21,2016-07-21 23:00:00,5.408897770098736,0.1234815843450417
6047,2016-07-22,2016-07-22 23:00:00,5.5320997021219,0.14119812828520617
6048,2016-07-23,2016-07-23 23:00:00,5.414356525445512,0.06676360374884417
6049,2016-07-24,2016-07-24 23:00:00,5.450398824750526,0.08938371475239096
6050,2016-07-25,2016-07-25 23:00:00,5.429279986388263,0.09772628902906379
6051,2016-07-26,2016-07-26 23:00:00,5.41224530554982,0.06495931175210902
6052,2016-07-27,2016-07-27 23:00:00,5.397629639691611,0.10926765401745586
6053,2016-07-28,2016-07-28 23:00:00,5.443973436419328,0.15620094389666617
6054,2016-07-29,2016-07-29 23:00:00,5.453137090082713,0.05152907044763058
6055,2016-07-30,2016-07-30 23:00:00,5.4681802662190355,0.12765814197175082
6056,2016-07-31,2016-07-31 23:00:00,5.432065718478232,0.08756991800229151
6057,2016-08-01,2016-08-01 23:00:00,5.474394686244691,0.0448788162528152
6058,2016-08-02,2016-08-02 23:00:00,5.5883660451580495,0.17774290962243625
6059,2016-08-03,2016-08-03 23:00:00,5.577902841148237,0.1619475702775827
6060,2016-08-04,2016-08-04 23:00:00,5.451344249655716,0.058511059311243084
6061,2016-08-05,2016-08-05 23:00:00,5.404581991844172,0.10786255598498419
6062,2016-08-06,2016-08-06 23:00:00,5.375342403515945,0.1001720941602933
6063,2016-08-07,2016-08-07 23:00:00,5.397060545533218,0.15958512796920477
6064,2016-08-08,2016-08-08 23:00:00,5.373796179453831,0.31951340937625294
6065,2016-08-09,2016-08-09 23:00:00,5.543043632852206,0.3076043246711951
6066,2016-08-10,2016-08-10 23:00:00,5.56404327929904,0.25659281033712195
6067,2016-08-11,2016-08-11 23:00:00,5.75906338483806,0.16630936485473324
6068,2016-08-12,2016-08-12 23:00:00,5.544595072633215,0.21563271749883406
6069,2016-08-13,2016-08-13 23:00:00,5.642576178087506,0.13547479873857504
6070,2016-08-14,2016-08-14 23:00:00,5.600242936441544,0.18336028228759407
6071,2016-08-15,2016-08-15 23:00:00,5.851508280297644,0.11763941147866698
6072,2016-08-16,2016-08-16 23:00:00,6.096609593034149,0.10119131634925557
6073,2016-08-17,2016-08-17 23:00:00,6.153765185326229,0.07230349991438285
6074,2016-08-18,2016-08-18 23:00:00,6.157572817073135,0.10829733063476644
6075,2016-08-19,2016-08-19 23:00:00,5.787788937142739,0.322027995960763
6076,2016-08-20,2016-08-20 23:00:00,5.48288022148443,0.15303079147481133
6077,2016-08-21,2016-08-21 23:00:00,5.586978942171808,0.18873973249561887
6078,2016-08-22,2016-08-22 23:00:00,6.081167679833928,0.20254446063297435
6079,2016-08-23,2016-08-23 23:00:00,6.144620334552674,0.23309756454494132
6080,2016-08-24,2016-08-24 23:00:00,6.281591951811449,0.0631974933782519
6081,2016-08-25,2016-08-25 23:00:00,6.280984930088247,0.07856043466873812
6082,2016-08-26,2016-08-26 23:00:00,6.229317903977846,0.10834115547833394
6083,2016-08-27,2016-08-27 23:00:00,5.888681959039981,0.601244308432301
6084,2016-08-28,2016-08-28 23:00:00,6.148269335460604,0.1348677778247815
6085,2016-08-29,2016-08-29 23:00:00,5.872032205389985,0.4168622396249061
6086,2016-08-30,2016-08-30 23:00:00,5.6408818110992955,0.3224668167477205
6087,2016-08-31,2016-08-31 23:00:00,5.866421407939181,0.2269277889388818
6088,2016-09-01,2016-09-01 23:00:00,5.698292746067629,0.059212960211846355
6089,2016-09-02,2016-09-02 23:00:00,5.592876428452855,0.14595778904399836
6090,2016-09-03,2016-09-03 23:00:00,5.685545586787292,0.22390758744516767
6091,2016-09-04,2016-09-04 23:00:00,5.570733792701353,0.19857295315727874
6092,2016-09-05,2016-09-05 23:00:00,5.733770045976598,0.13944567714665948
6093,2016-09-06,2016-09-06 23:00:00,5.99925064775195,0.33378257157068014
6094,2016-09-07,2016-09-07 23:00:00,6.137945652482632,0.1356172816209017
6095,2016-09-08,2016-09-08 23:00:00,5.8989960688496055,0.07052462611735925
6096,2016-09-09,2016-09-09 23:00:00,5.861110878242882,0.06308970856703795
6097,2016-09-10,2016-09-10 23:00:00,5.753935186734279,0.04154098558496325
6098,2016-09-11,2016-09-11 23:00:00,5.431547855288106,0.26913528834451145
6099,2016-09-12,2016-09-12 23:00:00,5.64311860158881,0.12460084034954329
6100,2016-09-13,2016-09-13 23:00:00,5.414105695291688,0.19119481228434215
6101,2016-09-14,2016-09-14 23:00:00,5.286457890601139,0.19075075722090504
6102,2016-09-15,2016-09-15 23:00:00,5.271920436950146,0.20101483247134055
6103,2016-09-16,2016-09-16 23:00:00,5.033859165744206,0.33464201622288764
6104,2016-09-17,2016-09-17 23:00:00,4.933005377362943,0.2783502379647469
6105,2016-09-18,2016-09-18 23:00:00,4.864235177379847,0.2924374430253149
6106,2016-09-19,2016-09-19 23:00:00,5.410334919612478,0.36762554840173345
6107,2016-09-20,2016-09-20 23:00:00,5.578718998886676,0.31926489407313413
6108,2016-09-21,2016-09-21 23:00:00,5.563426473515896,0.21699977837905005
6109,2016-09-22,2016-09-22 23:00:00,5.434146470137669,0.1862715066665208
6110,2016-09-23,2016-09-23 23:00:00,5.244696180608276,0.2574092459035144
6111,2016-09-24,2016-09-24 23:00:00,5.1769963853635454,0.1283019668288946
6112,2016-09-25,2016-09-25 23:00:00,5.083217061744901,0.13998475336774988
6113,2016-09-26,2016-09-26 23:00:00,5.087097629851454,0.3624279300224222
6114,2016-09-27,2016-09-27 23:00:00,5.0567798489980005,0.5024005712182973
6115,2016-09-28,2016-09-28 23:00:00,5.465239593092771,0.6259788780795188
6116,2016-09-29,2016-09-29 23:00:00,5.5305897614240465,0.6460381355832249
6117,2016-09-30,2016-09-30 23:00:00,5.740013242269025,0.4740360028955108
6118,2016-10-01,2016-10-01 23:00:00,5.514067199725748,0.21094735540778464
6119,2016-10-02,2016-10-02 23:00:00,5.276241521544606,0.14615936133585417
6120,2016-10-03,2016-10-03 23:00:00,5.5657736111084235,0.38069126846547396
6121,2016-10-04,2016-10-04 23:00:00,5.697933198713012,0.22319912708457995
6122,2016-10-05,2016-10-05 23:00:00,5.372000385100016,0.4762138233547746
6123,2016-10-06,2016-10-06 23:00:00,5.6622194738761324,0.4225091874703437
6124,2016-10-07,2016-10-07 23:00:00,5.383742421707087,0.1765482734016679
6125,2016-10-08,2016-10-08 23:00:00,5.469751082508491,0.18237475057086622
6126,2016-10-09,2016-10-09 23:00:00,5.293972636383403,0.15103804171115645
6127,2016-10-10,2016-10-10 23:00:00,5.516839145885676,0.27078934336637955
6128,2016-10-11,2016-10-11 23:00:00,5.840523022010235,0.2508816602686615
6129,2016-10-12,2016-10-12 23:00:00,5.71566355476256,0.11976400132792699
6130,2016-10-13,2016-10-13 23:00:00,5.8092384846140135,0.22631080005565518
6131,2016-10-14,2016-10-14 23:00:00,5.8868223997166895,0.1909989031475349
6132,2016-10-15,2016-10-15 23:00:00,5.873845036061765,0.14643899036698071
6133,2016-10-16,2016-10-16 23:00:00,5.5749976392191485,0.11571370883947739
6134,2016-10-17,2016-10-17 23:00:00,5.6937913081795015,0.1634074463520862
6135,2016-10-18,2016-10-18 23:00:00,5.763212035844954,0.1242665466433855
6136,2016-10-19,2016-10-19 23:00:00,5.773914036976348,0.3998760153296331
6137,2016-10-20,2016-10-20 23:00:00,5.928138367080884,0.18587455350490925
6138,2016-10-21,2016-10-21 23:00:00,5.920688772261225,0.047675942238732366
6139,2016-10-22,2016-10-22 23:00:00,5.929449318188145,0.07817986963594205
6140,2016-10-23,2016-10-23 23:00:00,5.9051806311153285,0.059034358707658455
6141,2016-10-24,2016-10-24 23:00:00,5.93736811910944,0.08663198117399809
6142,2016-10-25,2016-10-25 23:00:00,5.969305581626529,0.13168616440518469
6143,2016-10-26,2016-10-26 23:00:00,6.044118275126901,0.19442664341900562
6144,2016-10-27,2016-10-27 23:00:00,6.0102553382926684,0.1519172750325054
6145,2016-10-28,2016-10-28 23:00:00,6.005655170862795,0.15993554064317667
6146,2016-10-29,2016-10-29 23:00:00,5.854931663859283,0.15465310819767772
6147,2016-10-30,2016-10-30 23:00:00,5.705146138004374,0.21254502270878667
6148,2016-10-31,2016-10-31 23:00:00,5.588793444818496,0.18567719497306998
6149,2016-11-01,2016-11-01 23:00:00,5.796393012191804,0.27815341842275926
6150,2016-11-02,2016-11-02 23:00:00,5.819242876473645,0.208418060791317
6151,2016-11-03,2016-11-03 23:00:00,5.7561495863743275,0.13564827206054147
6152,2016-11-04,2016-11-04 23:00:00,5.6825541085030595,0.2779514760071271
6153,2016-11-05,2016-11-05 23:00:00,5.699876700877483,0.1581404864919503
6154,2016-11-06,2016-11-06 23:00:00,5.592196848570875,0.02437828232559211
6155,2016-11-07,2016-11-07 23:00:00,5.643792673173827,0.0641392827718894
6156,2016-11-08,2016-11-08 23:00:00,5.68392326385753,0.10899320809350348
6157,2016-11-09,2016-11-09 23:00:00,5.750797646065972,0.07095115712189151
6158,2016-11-10,2016-11-10 23:00:00,5.793316951656472,0.030393556498782878
6159,2016-11-11,2016-11-11 23:00:00,5.726331111904439,0.13809278315068282
6160,2016-11-12,2016-11-12 23:00:00,5.706139949583911,0.11862148895850065
6161,2016-11-13,2016-11-13 23:00:00,5.724985954890854,0.03636333326211838
6162,2016-11-14,2016-11-14 23:00:00,5.671322503667806,0.07894166863430128
6163,2016-11-15,2016-11-15 23:00:00,5.717839991348853,0.13711133679038756
6164,2016-11-16,2016-11-16 23:00:00,5.698777758861582,0.18695470462812763
6165,2016-11-17,2016-11-17 23:00:00,5.640741534514188,0.17047898533089467
6166,2016-11-18,2016-11-18 23:00:00,5.488081852674085,0.10045659919425344
6167,2016-11-19,2016-11-19 23:00:00,5.4338956874736155,0.03569165193378537
6168,2016-11-20,2016-11-20 23:00:00,5.376553307033294,0.13540037002374636
6169,2016-11-21,2016-11-21 23:00:00,5.44904139170636,0.15998238917805435
6170,2016-11-22,2016-11-22 23:00:00,5.455826196030345,0.23398196411753305
6171,2016-11-23,2016-11-23 23:00:00,5.408716668430789,0.2528561964317788
6172,2016-11-24,2016-11-24 23:00:00,5.44918248484007,0.15782883117378985
6173,2016-11-25,2016-11-25 23:00:00,5.683311084556242,0.05168829354480408
6174,2016-11-26,2016-11-26 23:00:00,5.7470829761380715,0.0845415913607486
6175,2016-11-27,2016-11-27 23:00:00,5.614293117776306,0.013707439995752782
6176,2016-11-28,2016-11-28 23:00:00,5.7451930581324975,0.1001793648482353
6177,2016-11-29,2016-11-29 23:00:00,5.700679190185593,0.12431179239394423
6178,2016-11-30,2016-11-30 23:00:00,5.732236774771891,0.10032642344143466
6179,2016-12-01,2016-12-01 23:00:00,5.540884855635164,0.08277147914038645
6180,2016-12-02,2016-12-02 23:00:00,5.338124960795245,0.30352430845587497
6181,2016-12-03,2016-12-03 23:00:00,5.379425986586639,0.1522794001998477
6182,2016-12-04,2016-12-04 23:00:00,4.983283436232406,0.20462695242941317
6183,2016-12-05,2016-12-05 23:00:00,4.84452188890095,0.28194427196305816
6184,2016-12-06,2016-12-06 23:00:00,4.817843230229857,0.2150906331527776
6185,2016-12-07,2016-12-07 23:00:00,4.68255915067078,0.0
6186,2016-12-08,2016-12-08 23:00:00,4.66475574147456,0.0
6187,2016-12-09,2016-12-09 23:00:00,4.831708809818922,0.2669801746537027
6188,2016-12-10,2016-12-10 23:00:00,4.782498126338957,0.27128712706738495
6189,2016-12-11,2016-12-11 23:00:00,4.657642790629255,0.0
6190,2016-12-12,2016-12-12 23:00:00,5.045602853624636,0.26763388880159633
6191,2016-12-13,2016-12-13 23:00:00,5.208707360119395,0.35584620880984863
6192,2016-12-14,2016-12-14 23:00:00,5.300148448351861,0.19704957452440017
6193,2016-12-15,2016-12-15 23:00:00,5.3683907437468905,0.10640066442951061
6194,2016-12-16,2016-12-16 23:00:00,5.376554352970634,0.1064044658773781
6195,2016-12-17,2016-12-17 23:00:00,5.4375990461184,0.06583130700705123
6196,2016-12-18,2016-12-18 23:00:00,5.442651602940251,0.056925442925188426
6197,2016-12-19,2016-12-19 23:00:00,5.447998175172721,0.044372960040485535
6198,2016-12-20,2016-12-20 23:00:00,5.494660095697308,0.021659817934628116
6199,2016-12-21,2016-12-21 23:00:00,5.477395799089478,0.027116148872669193
6200,2016-12-22,2016-12-22 23:00:00,5.438410277154972,0.059476561906208605
6201,2016-12-23,2016-12-23 23:00:00,5.3824715453743,0.047395011433189096
6202,2016-12-24,2016-12-24 23:00:00,5.409865388007435,0.011789305336849264
6203,2016-12-25,2016-12-25 23:00:00,5.186707725216812,0.05063937210260827
6204,2016-12-26,2016-12-26 23:00:00,5.2062328195515475,0.06462032228839223
6205,2016-12-27,2016-12-27 23:00:00,5.1595748808907524,0.13935795999608372
6206,2016-12-28,2016-12-28 23:00:00,5.2023740418033,0.06116010486871808
6207,2016-12-29,2016-12-29 23:00:00,5.180254644566085,0.06998865469916069
6208,2016-12-30,2016-12-30 23:00:00,5.119513565048229,0.07080978643850223
6209,2016-12-31,2016-12-31 23:00:00,5.035951613740619,0.022163978705768923
6210,2017-01-01,2017-01-01 23:00:00,4.951895420849136,0.07025862781082724
6211,2017-01-02,2017-01-02 23:00:00,4.984753978465833,0.1163041388721783
6212,2017-01-03,2017-01-03 23:00:00,4.923871160227478,0.11355366911981601
6213,2017-01-04,2017-01-04 23:00:00,5.0134711361155615,0.305039004120131
6214,2017-01-05,2017-01-05 23:00:00,5.132788270104123,0.294442378208556
6215,2017-01-06,2017-01-06 23:00:00,5.362863533152946,0.21100094828911975
6216,2017-01-07,2017-01-07 23:00:00,5.316160188450097,0.2036766489517975
6217,2017-01-08,2017-01-08 23:00:00,5.284363963056581,0.10578386274319765
6218,2017-01-09,2017-01-09 23:00:00,5.332186460804386,0.11538702440961957
6219,2017-01-10,2017-01-10 23:00:00,5.392182780941991,0.22102887597712784
6220,2017-01-11,2017-01-11 23:00:00,5.291700664571631,0.1646275179137612
6221,2017-01-12,2017-01-12 23:00:00,5.361448360448894,0.15173247694263303
6222,2017-01-13,2017-01-13 23:00:00,5.229696143400865,0.3892730885271477
6223,2017-01-14,2017-01-14 23:00:00,4.769541282455145,0.12650593693959528
6224,2017-01-15,2017-01-15 23:00:00,4.949263868176644,0.22655290077113452
6225,2017-01-16,2017-01-16 23:00:00,5.003691519686089,0.21781781472479547
6226,2017-01-17,2017-01-17 23:00:00,5.045117967551529,0.32237592477362476
6227,2017-01-18,2017-01-18 23:00:00,5.209355223974413,0.27987478151769124
6228,2017-01-19,2017-01-19 23:00:00,5.182622003646528,0.18456105613772358
6229,2017-01-20,2017-01-20 23:00:00,5.162249976222189,0.3928626604569426
6230,2017-01-21,2017-01-21 23:00:00,5.077822042234115,0.3935502416571331
6231,2017-01-22,2017-01-22 23:00:00,4.8053727202900625,0.2880539570364689
6232,2017-01-23,2017-01-23 23:00:00,5.213418342817743,0.38895587428471623
6233,2017-01-24,2017-01-24 23:00:00,5.487379266364758,0.3410651442746546
6234,2017-01-25,2017-01-25 23:00:00,5.295325146210025,0.4856590672151477
6235,2017-01-26,2017-01-26 23:00:00,5.464927795558423,0.2922788259036689
6236,2017-01-27,2017-01-27 23:00:00,5.3603569760656455,0.3628032033533697
6237,2017-01-28,2017-01-28 23:00:00,5.3210639275762155,0.1854560369719041
6238,2017-01-29,2017-01-29 23:00:00,5.405105264524738,0.17626090845001102
6239,2017-01-30,2017-01-30 23:00:00,5.413628186160359,0.17482855049320573
6240,2017-01-31,2017-01-31 23:00:00,5.322407703071724,0.19487398178455054
6241,2017-02-01,2017-02-01 23:00:00,5.1692603731757805,0.20507569841714973
6242,2017-02-02,2017-02-02 23:00:00,5.215795237359511,0.2741295725414742
6243,2017-02-03,2017-02-03 23:00:00,5.226302178391204,0.21488897504310084
6244,2017-02-04,2017-02-04 23:00:00,5.371652921911482,0.21219628503155236
6245,2017-02-05,2017-02-05 23:00:00,5.04928124711546,0.10589841171961498
6246,2017-02-06,2017-02-06 23:00:00,5.30366916878372,0.22763769965946115
6247,2017-02-07,2017-02-07 23:00:00,5.501374341940789,0.246003428553798
6248,2017-02-08,2017-02-08 23:00:00,5.410108631692487,0.15366216947935826
6249,2017-02-09,2017-02-09 23:00:00,5.427326402358261,0.15750875812506843
6250,2017-02-10,2017-02-10 23:00:00,5.636529176185874,0.2122593279273466
6251,2017-02-11,2017-02-11 23:00:00,5.558388795110776,0.11932330054877409
6252,2017-02-12,2017-02-12 23:00:00,5.500409245158802,0.0562687121676607
6253,2017-02-13,2017-02-13 23:00:00,5.7330180534504045,0.22415081989310667
6254,2017-02-14,2017-02-14 23:00:00,5.795595118697411,0.14021274417493
6255,2017-02-15,2017-02-15 23:00:00,5.795214559969254,0.1309310748461883
6256,2017-02-16,2017-02-16 23:00:00,5.648065968317201,0.0894222729512354
6257,2017-02-17,2017-02-17 23:00:00,5.60967397805651,0.08417442217097985
6258,2017-02-18,2017-02-18 23:00:00,5.691238766509971,0.17647110112114037
6259,2017-02-19,2017-02-19 23:00:00,5.55447991505146,0.17115611710966458
6260,2017-02-20,2017-02-20 23:00:00,5.600930738849719,0.13438085310841247
6261,2017-02-21,2017-02-21 23:00:00,5.701263702858611,0.12248934208060511
6262,2017-02-22,2017-02-22 23:00:00,5.771694540864793,0.17312866412762112
6263,2017-02-23,2017-02-23 23:00:00,5.804478335750094,0.10210081155411511
6264,2017-02-24,2017-02-24 23:00:00,5.768494518798144,0.09088164286778282
6265,2017-02-25,2017-02-25 23:00:00,5.778884784195053,0.10797917267919149
6266,2017-02-26,2017-02-26 23:00:00,5.557199117198633,0.09440138226175604
6267,2017-02-27,2017-02-27 23:00:00,5.597179379424986,0.06004628486900154
6268,2017-02-28,2017-02-28 23:00:00,5.54771061506005,0.11792454829828779
6269,2017-03-01,2017-03-01 23:00:00,5.633955645610404,0.031243238232256085
6270,2017-03-02,2017-03-02 23:00:00,5.63970583000917,0.08432388855363605
6271,2017-03-03,2017-03-03 23:00:00,5.591636007349236,0.016100788805823732
6272,2017-03-04,2017-03-04 23:00:00,5.563022470636839,0.03379037258012517
6273,2017-03-05,2017-03-05 23:00:00,5.4872239219184875,0.06130534329175161
6274,2017-03-06,2017-03-06 23:00:00,5.46990738626594,0.10993998005339663
6275,2017-03-07,2017-03-07 23:00:00,5.415641588757172,0.08254239024117248
6276,2017-03-08,2017-03-08 23:00:00,5.369973009083812,0.11012686803462124
6277,2017-03-09,2017-03-09 23:00:00,5.414427016603117,0.23413408224621896
6278,2017-03-10,2017-03-10 23:00:00,5.304523862309392,0.2791551416700218
6279,2017-03-11,2017-03-11 23:00:00,5.3560518882574355,0.2179307531037138
6280,2017-03-12,2017-03-12 23:00:00,5.3459678336592065,0.2996345524558804
6281,2017-03-13,2017-03-13 23:00:00,5.410551537054101,0.07311601978564122
6282,2017-03-14,2017-03-14 23:00:00,5.231653549053138,0.16614535243050166
6283,2017-03-15,2017-03-15 23:00:00,5.270154269886114,0.30970349011415393
6284,2017-03-16,2017-03-16 23:00:00,5.283308543881415,0.2767420618889526
6285,2017-03-17,2017-03-17 23:00:00,5.222904513025992,0.1595721635185273
6286,2017-03-18,2017-03-18 23:00:00,5.283939585717363,0.20603852215906965
6287,2017-03-19,2017-03-19 23:00:00,5.066615651427226,0.22621528347501232
6288,2017-03-20,2017-03-20 23:00:00,5.230848852824537,0.2538439592621914
6289,2017-03-21,2017-03-21 23:00:00,5.224497472104157,0.25345419012403136
6290,2017-03-22,2017-03-22 23:00:00,5.437653278802948,0.33676814564840485
6291,2017-03-23,2017-03-23 23:00:00,5.27538560254757,0.12310701894804911
6292,2017-03-24,2017-03-24 23:00:00,5.345743140789609,0.16089518007068235
6293,2017-03-25,2017-03-25 23:00:00,5.042106092276536,0.15589979704936613
6294,2017-03-26,2017-03-26 23:00:00,4.876728619976146,0.10323489899740217
6295,2017-03-27,2017-03-27 23:00:00,4.824268588997719,0.2437966326491339
6296,2017-03-28,2017-03-28 23:00:00,4.843808854728295,0.3659576037102436
6297,2017-03-29,2017-03-29 23:00:00,4.820880067763928,0.3113023212971653
6298,2017-03-30,2017-03-30 23:00:00,4.8125404060210695,0.22597506252299718
6299,2017-03-31,2017-03-31 23:00:00,4.81802634429008,0.2028897629626806
6300,2017-04-01,2017-04-01 23:00:00,4.7187412168094145,0.12562270627167196
6301,2017-04-02,2017-04-02 23:00:00,4.800380352044097,0.281702084850302
6302,2017-04-03,2017-04-03 23:00:00,5.158111362071337,0.3724355787044284
6303,2017-04-04,2017-04-04 23:00:00,5.091564323428801,0.32035965952248585
6304,2017-04-05,2017-04-05 23:00:00,5.048778461911183,0.20074019625474637
6305,2017-04-06,2017-04-06 23:00:00,5.044251545869763,0.23564060250911872
6306,2017-04-07,2017-04-07 23:00:00,5.18719013046605,0.18169336290318028
6307,2017-04-08,2017-04-08 23:00:00,5.3848009363656315,0.18202271481987845
6308,2017-04-09,2017-04-09 23:00:00,5.419708384897448,0.1367827292293063
6309,2017-04-10,2017-04-10 23:00:00,5.194627697630487,0.11416304120555164
6310,2017-04-11,2017-04-11 23:00:00,4.9999104512226,0.17681877849611238
6311,2017-04-12,2017-04-12 23:00:00,4.965549520607969,0.1863166385463768
6312,2017-04-13,2017-04-13 23:00:00,4.726642824022638,0.05503971014835355
6313,2017-04-14,2017-04-14 23:00:00,4.801662883116729,0.17813872961242588
6314,2017-04-15,2017-04-15 23:00:00,4.756858428721071,0.10180452396026964
6315,2017-04-16,2017-04-16 23:00:00,4.758975357254536,0.14925783799464637
6316,2017-04-17,2017-04-17 23:00:00,4.99923508536755,0.2800154581280682
6317,2017-04-18,2017-04-18 23:00:00,5.201924376282159,0.29077219545667915
6318,2017-04-19,2017-04-19 23:00:00,5.171633001575679,0.23110190256575933
6319,2017-04-20,2017-04-20 23:00:00,5.23897360028823,0.004620697462798187
6320,2017-04-21,2017-04-21 23:00:00,5.142836561643943,0.268481130749885
6321,2017-04-22,2017-04-22 23:00:00,5.055497512306384,0.2476006036874487
6322,2017-04-23,2017-04-23 23:00:00,5.152153546602597,0.01607321210639389
6323,2017-04-24,2017-04-24 23:00:00,5.146647901597695,0.167190512905669
6324,2017-04-25,2017-04-25 23:00:00,5.132696566896805,0.2530500544958745
6325,2017-04-26,2017-04-26 23:00:00,5.036562275891531,0.15709628397927317
6326,2017-04-27,2017-04-27 23:00:00,5.0801266252738655,0.26897586542215857
6327,2017-04-28,2017-04-28 23:00:00,5.070647003688173,0.19704927853937276
6328,2017-04-29,2017-04-29 23:00:00,4.93041199607062,0.14374760687192623
6329,2017-04-30,2017-04-30 23:00:00,5.001093206517323,0.08028186386983718
6330,2017-05-01,2017-05-01 23:00:00,5.1433408639468245,0.051405539141503094
6331,2017-05-02,2017-05-02 23:00:00,5.051798106645627,0.13131717282416147
6332,2017-05-03,2017-05-03 23:00:00,4.994427905042392,0.21621579767602536
6333,2017-05-04,2017-05-04 23:00:00,4.967037240562365,0.15957629991280994
6334,2017-05-05,2017-05-05 23:00:00,4.855599495888178,0.17821458871055731
6335,2017-05-06,2017-05-06 23:00:00,4.816022450385316,0.10423037821981927
6336,2017-05-07,2017-05-07 23:00:00,4.803851587921069,0.13779904954437236
6337,2017-05-08,2017-05-08 23:00:00,4.862521586368689,0.1601146986256232
6338,2017-05-09,2017-05-09 23:00:00,4.753077376043197,0.12838174653641457
6339,2017-05-10,2017-05-10 23:00:00,4.718380468359224,0.018959906861539512
6340,2017-05-11,2017-05-11 23:00:00,4.661918431992219,0.04807727627886944
6341,2017-05-12,2017-05-12 23:00:00,4.707386215067988,0.06906633693629918
6342,2017-05-13,2017-05-13 23:00:00,4.680985763543514,0.027863863808885374
6343,2017-05-14,2017-05-14 23:00:00,4.701160343130671,0.0
6344,2017-05-15,2017-05-15 23:00:00,4.691533567376568,0.028176065071848166
6345,2017-05-16,2017-05-16 23:00:00,4.759630627665474,0.07444784585086138
6346,2017-05-17,2017-05-17 23:00:00,4.711212728452004,0.014019485269400153
6347,2017-05-18,2017-05-18 23:00:00,4.710429795916351,0.013866260173216934
6348,2017-05-19,2017-05-19 23:00:00,4.691415139187151,0.014131792732073663
6349,2017-05-20,2017-05-20 23:00:00,4.684147964616423,0.012442814610334274
6350,2017-05-21,2017-05-21 23:00:00,4.651904302311815,0.008160421551564396
6351,2017-05-22,2017-05-22 23:00:00,4.701974554203926,0.02175273347438279
6352,2017-05-23,2017-05-23 23:00:00,4.684761862594889,0.011623339893560816
6353,2017-05-24,2017-05-24 23:00:00,4.671627302004157,0.0
6354,2017-05-25,2017-05-25 23:00:00,4.712342375024257,0.022392694420756275
6355,2017-05-26,2017-05-26 23:00:00,4.735883203752949,0.026669521684505804
6356,2017-05-27,2017-05-27 23:00:00,4.7236348575304525,0.07790273535035853
6357,2017-05-28,2017-05-28 23:00:00,4.724135621157813,0.0
6358,2017-05-29,2017-05-29 23:00:00,4.748848896285751,0.003089586416105119
6359,2017-05-30,2017-05-30 23:00:00,4.7061826360474805,0.005449965127953908
6360,2017-05-31,2017-05-31 23:00:00,4.839278660816814,0.3203814392579401
6361,2017-06-01,2017-06-01 23:00:00,4.7420516683766865,0.03196861111175134
6362,2017-06-02,2017-06-02 23:00:00,4.740585734894169,0.06445323215612413
6363,2017-06-03,2017-06-03 23:00:00,4.785753081458823,0.04042915033553365
6364,2017-06-04,2017-06-04 23:00:00,4.724275066090371,0.01958037803413861
6365,2017-06-05,2017-06-05 23:00:00,4.735601080125189,0.06107382963721627
6366,2017-06-06,2017-06-06 23:00:00,4.839364636610264,0.1750597162165488
6367,2017-06-07,2017-06-07 23:00:00,4.756653718747903,0.030208590266303112
6368,2017-06-08,2017-06-08 23:00:00,4.768289176294747,0.027646778242941684
6369,2017-06-09,2017-06-09 23:00:00,4.715787390220853,0.0022121009150257048
6370,2017-06-10,2017-06-10 23:00:00,4.69968187492864,0.0008248656923697257
6371,2017-06-11,2017-06-11 23:00:00,4.721644497044971,6.025305422821794e-06
6372,2017-06-12,2017-06-12 23:00:00,4.698936007862843,1.3854733437515148e-05
6373,2017-06-13,2017-06-13 23:00:00,4.738343489494247,0.030938329198165082
6374,2017-06-14,2017-06-14 23:00:00,4.902755629034535,0.27283375090099055
6375,2017-06-15,2017-06-15 23:00:00,4.742242973314212,0.0
6376,2017-06-16,2017-06-16 23:00:00,4.708313516219625,7.491567592473346e-06
6377,2017-06-17,2017-06-17 23:00:00,4.698494180857665,5.021543633102587e-06
6378,2017-06-18,2017-06-18 23:00:00,4.6991142471009235,5.018430926342968e-06
6379,2017-06-19,2017-06-19 23:00:00,4.723803201166988,6.410444452999003e-06
6380,2017-06-20,2017-06-20 23:00:00,4.704247018024781,7.442768053654176e-06
6381,2017-06-21,2017-06-21 23:00:00,4.712225269269083,7.383624100468478e-06
6382,2017-06-22,2017-06-22 23:00:00,4.719000061816622,7.333770704868015e-06
6383,2017-06-23,2017-06-23 23:00:00,4.7192588145665475,4.110315133838363e-06
6384,2017-06-24,2017-06-24 23:00:00,4.698838262635898,6.572494566535808e-06
6385,2017-06-25,2017-06-25 23:00:00,4.7169336880952075,0.0
6386,2017-06-26,2017-06-26 23:00:00,4.732201328855708,4.057460421221306e-06
6387,2017-06-27,2017-06-27 23:00:00,4.75709770497213,0.028797750225601538
6388,2017-06-28,2017-06-28 23:00:00,4.720152467220781,0.025749273565720234
6389,2017-06-29,2017-06-29 23:00:00,4.7045582888545905,7.519753002867033e-06
6390,2017-06-30,2017-06-30 23:00:00,4.703438312718804,7.554460863978817e-06
6391,2017-07-01,2017-07-01 23:00:00,4.702341431362652,5.6397344681034715e-06
6392,2017-07-02,2017-07-02 23:00:00,4.680819326979825,3.0897520246823084e-06
6393,2017-07-03,2017-07-03 23:00:00,4.678177482780164,0.0
6394,2017-07-04,2017-07-04 23:00:00,4.702690328097529,0.015149958088695332
6395,2017-07-05,2017-07-05 23:00:00,4.684460426470863,9.861343959669916e-06
6396,2017-07-06,2017-07-06 23:00:00,4.696329843885111,8.789739983006108e-06
6397,2017-07-07,2017-07-07 23:00:00,4.707129906417376,1.3042920550081602e-05
6398,2017-07-08,2017-07-08 23:00:00,4.687507334777034,0.024848449846970343
6399,2017-07-09,2017-07-09 23:00:00,4.716908846435156,0.040383152001540606
6400,2017-07-10,2017-07-10 23:00:00,4.816848670531385,0.09641664899944764
6401,2017-07-11,2017-07-11 23:00:00,4.8147902967272485,0.13123411805557822
6402,2017-07-12,2017-07-12 23:00:00,4.704572774686293,0.01562509632522516
6403,2017-07-13,2017-07-13 23:00:00,4.760261511665706,0.1559771662734696
6404,2017-07-14,2017-07-14 23:00:00,4.766120611462772,0.13354248816291683
6405,2017-07-15,2017-07-15 23:00:00,4.680909295620567,0.008270680781863453
6406,2017-07-16,2017-07-16 23:00:00,4.704093329541095,0.004341499945293748
6407,2017-07-17,2017-07-17 23:00:00,4.755069306031056,0.06977373100231807
6408,2017-07-18,2017-07-18 23:00:00,4.8987898393880585,0.25171502428116604
6409,2017-07-19,2017-07-19 23:00:00,4.94273872503815,0.2679790633482826
6410,2017-07-20,2017-07-20 23:00:00,4.725911899053849,0.10115271360693175
6411,2017-07-21,2017-07-21 23:00:00,4.794206359385899,0.1793892652213039
6412,2017-07-22,2017-07-22 23:00:00,4.695865283361744,0.02850870000440157
6413,2017-07-23,2017-07-23 23:00:00,4.688570777981632,0.02741809137195092
6414,2017-07-24,2017-07-24 23:00:00,4.757252419320934,0.14950057379434914
6415,2017-07-25,2017-07-25 23:00:00,4.833911371445491,0.19902066495839577
6416,2017-07-26,2017-07-26 23:00:00,4.781634431980101,0.12836477886573144
6417,2017-07-27,2017-07-27 23:00:00,4.846956237000058,0.2401167205605029
6418,2017-07-28,2017-07-28 23:00:00,4.888039254066512,0.2766623016091733
6419,2017-07-29,2017-07-29 23:00:00,4.776674219854614,0.17484567554454278
6420,2017-07-30,2017-07-30 23:00:00,4.772049236096138,0.1504888393390993
6421,2017-07-31,2017-07-31 23:00:00,4.7565440698591415,0.12928365203811304
6422,2017-08-01,2017-08-01 23:00:00,5.0041628198422385,0.3069223971423489
6423,2017-08-02,2017-08-02 23:00:00,4.863846173092442,0.19320415412765848
6424,2017-08-03,2017-08-03 23:00:00,4.881007610893866,0.21361362894945252
6425,2017-08-04,2017-08-04 23:00:00,4.7230570350909895,0.05926439192238919
6426,2017-08-05,2017-08-05 23:00:00,4.6806389375503175,0.018820336785359888
6427,2017-08-06,2017-08-06 23:00:00,4.6743096653966205,0.0
6428,2017-08-07,2017-08-07 23:00:00,4.699486622294728,0.019123398306425815
6429,2017-08-08,2017-08-08 23:00:00,4.764043697502498,0.08604772115714535
6430,2017-08-09,2017-08-09 23:00:00,4.730159247216867,0.04520486183565988
6431,2017-08-10,2017-08-10 23:00:00,4.732741539092767,0.04877780704140364
6432,2017-08-11,2017-08-11 23:00:00,4.699132571984185,0.036696663301143566
6433,2017-08-12,2017-08-12 23:00:00,4.744338680780026,0.026959623187668057
6434,2017-08-13,2017-08-13 23:00:00,4.738844029100063,0.023440053598213183
6435,2017-08-14,2017-08-14 23:00:00,4.8469495969325385,0.246345646820775
6436,2017-08-15,2017-08-15 23:00:00,4.919991902463932,0.2667440632382973
6437,2017-08-16,2017-08-16 23:00:00,4.811480103957117,0.06990511560319786
6438,2017-08-17,2017-08-17 23:00:00,4.876231338129544,0.14724063525176945
6439,2017-08-18,2017-08-18 23:00:00,5.058139751104885,0.2262550248168809
6440,2017-08-19,2017-08-19 23:00:00,5.206662384842755,0.15014403527348114
6441,2017-08-20,2017-08-20 23:00:00,5.089899305599421,0.14476470198077793
6442,2017-08-21,2017-08-21 23:00:00,5.179598081423933,0.10895446717515543
6443,2017-08-22,2017-08-22 23:00:00,5.173303260355245,0.10085412588466901
6444,2017-08-23,2017-08-23 23:00:00,5.192316709520738,0.07693901888537498
6445,2017-08-24,2017-08-24 23:00:00,5.262578566452179,0.08631343827991164
6446,2017-08-25,2017-08-25 23:00:00,5.243137611266839,0.02004166545730708
6447,2017-08-26,2017-08-26 23:00:00,5.25237133284899,0.03537572895649209
6448,2017-08-27,2017-08-27 23:00:00,5.236674231722951,0.04518924872202933
6449,2017-08-28,2017-08-28 23:00:00,5.355144711787101,0.04864039596565886
6450,2017-08-29,2017-08-29 23:00:00,5.404504555312131,0.08791380476216984
6451,2017-08-30,2017-08-30 23:00:00,5.4399172637951425,0.05195965165422027
6452,2017-08-31,2017-08-31 23:00:00,5.43033860895467,0.03998028586814133
6453,2017-09-01,2017-09-01 23:00:00,5.4749568678691745,0.09271767896838408
6454,2017-09-02,2017-09-02 23:00:00,5.455946029738716,0.05790597472880271
6455,2017-09-03,2017-09-03 23:00:00,5.438022658726705,0.03970389497707919
6456,2017-09-04,2017-09-04 23:00:00,5.453490937987175,0.08245062329013056
6457,2017-09-05,2017-09-05 23:00:00,5.425111584459505,0.06489619282898788
6458,2017-09-06,2017-09-06 23:00:00,5.448325317903378,0.05337723590250273
6459,2017-09-07,2017-09-07 23:00:00,5.3999614778025915,0.03470290984085243
6460,2017-09-08,2017-09-08 23:00:00,5.444088327832333,0.06128027538932118
6461,2017-09-09,2017-09-09 23:00:00,5.329896318313258,0.06317508011167323
6462,2017-09-10,2017-09-10 23:00:00,5.348305885083569,0.034040938632362044
6463,2017-09-11,2017-09-11 23:00:00,5.380211138261134,0.0366466215001912
6464,2017-09-12,2017-09-12 23:00:00,5.326122113213587,0.10891232780981278
6465,2017-09-13,2017-09-13 23:00:00,5.361347926960906,0.096133818273761
6466,2017-09-14,2017-09-14 23:00:00,5.404385021606586,0.05020457216810724
6467,2017-09-15,2017-09-15 23:00:00,5.215747694614925,0.2650313842759582
6468,2017-09-16,2017-09-16 23:00:00,5.266838903344888,0.08130268775235545
6469,2017-09-17,2017-09-17 23:00:00,5.238282930809326,0.030672131878124478
6470,2017-09-18,2017-09-18 23:00:00,5.296155987281593,0.20948327010173803
6471,2017-09-19,2017-09-19 23:00:00,5.106755684205915,0.2508747726732247
6472,2017-09-20,2017-09-20 23:00:00,5.213486069007714,0.22378178139201402
6473,2017-09-21,2017-09-21 23:00:00,5.325002842204197,0.0868475766017075
6474,2017-09-22,2017-09-22 23:00:00,5.296096819366487,0.043616860477564946
6475,2017-09-23,2017-09-23 23:00:00,5.322873787452806,0.027250458127947165
6476,2017-09-24,2017-09-24 23:00:00,5.243527811747369,0.0007857216924073174
6477,2017-09-25,2017-09-25 23:00:00,5.217466216855616,0.1638563242150863
6478,2017-09-26,2017-09-26 23:00:00,5.258220657085944,0.10695095213701347
6479,2017-09-27,2017-09-27 23:00:00,5.223965621591346,0.03677514841816659
6480,2017-09-28,2017-09-28 23:00:00,5.363918089459825,0.23390893304424182
6481,2017-09-29,2017-09-29 23:00:00,5.1768769908849235,0.2339664819706967
6482,2017-09-30,2017-09-30 23:00:00,5.1712027721839755,0.08758703993595889
6483,2017-10-01,2017-10-01 23:00:00,5.1722379297794,0.07641441833214863
6484,2017-10-02,2017-10-02 23:00:00,5.258590632785455,0.08203858062461608
6485,2017-10-03,2017-10-03 23:00:00,5.224075845676643,0.2640073912543591
6486,2017-10-04,2017-10-04 23:00:00,5.289016802108515,0.03829602930206708
6487,2017-10-05,2017-10-05 23:00:00,5.363813321835605,0.058157594755396204
6488,2017-10-06,2017-10-06 23:00:00,5.2194483617907315,0.26675728642692037
6489,2017-10-07,2017-10-07 23:00:00,5.340762940235269,0.07776860176269218
6490,2017-10-08,2017-10-08 23:00:00,5.255691109794051,0.10287822220791165
6491,2017-10-09,2017-10-09 23:00:00,5.320708617112008,0.04113094472673605
6492,2017-10-10,2017-10-10 23:00:00,5.278899715487939,0.2103754823169685
6493,2017-10-11,2017-10-11 23:00:00,5.338589667723984,0.039770718090852586
6494,2017-10-12,2017-10-12 23:00:00,5.3457651903457934,0.03179888222615284
6495,2017-10-13,2017-10-13 23:00:00,5.404235988486623,0.08961653778401138
6496,2017-10-14,2017-10-14 23:00:00,5.333650028200356,0.01861035125822295
6497,2017-10-15,2017-10-15 23:00:00,5.340487488937707,0.010820682415134723
6498,2017-10-16,2017-10-16 23:00:00,5.32614746821399,0.013964438104567444
6499,2017-10-17,2017-10-17 23:00:00,5.430319284267021,0.11044893021755672
6500,2017-10-18,2017-10-18 23:00:00,5.533439726798458,0.13296455159785067
6501,2017-10-19,2017-10-19 23:00:00,5.522358099990359,0.14025687655111932
6502,2017-10-20,2017-10-20 23:00:00,5.562191251795771,0.0916558877452181
6503,2017-10-21,2017-10-21 23:00:00,5.648953119325729,0.09874387983682915
6504,2017-10-22,2017-10-22 23:00:00,5.55252974150032,0.11593634410585604
6505,2017-10-23,2017-10-23 23:00:00,5.6228641966816655,0.07527700507385438
6506,2017-10-24,2017-10-24 23:00:00,5.626645773750453,0.08279862071945207
6507,2017-10-25,2017-10-25 23:00:00,5.629727958305622,0.13258336207639496
6508,2017-10-26,2017-10-26 23:00:00,5.662616920152967,0.04072211227264584
6509,2017-10-27,2017-10-27 23:00:00,5.62093137916927,0.07470086469271887
6510,2017-10-28,2017-10-28 23:00:00,5.560708772491663,0.11275225465968909
6511,2017-10-29,2017-10-29 23:00:00,5.493208550200818,0.10823386477521875
6512,2017-10-30,2017-10-30 23:00:00,5.322421755902915,0.3639902878888724
6513,2017-10-31,2017-10-31 23:00:00,5.148055155061022,0.34948428693433814
6514,2017-11-01,2017-11-01 23:00:00,5.399866244005931,0.2509556464049854
6515,2017-11-02,2017-11-02 23:00:00,5.407018237190383,0.14134304158579203
6516,2017-11-03,2017-11-03 23:00:00,5.478001112138455,0.10101348510794816
6517,2017-11-04,2017-11-04 23:00:00,5.429360879304514,0.0743448094612903
6518,2017-11-05,2017-11-05 23:00:00,5.416123178548307,0.052570434242948785
6519,2017-11-06,2017-11-06 23:00:00,5.388731529750333,0.03711051618080694
6520,2017-11-07,2017-11-07 23:00:00,5.428530131785216,0.04411614651780808
6521,2017-11-08,2017-11-08 23:00:00,5.466230180299941,0.08730942709002543
6522,2017-11-09,2017-11-09 23:00:00,5.5063744864395,0.06700816674070253
6523,2017-11-10,2017-11-10 23:00:00,5.5074875790481705,0.13250866324576976
6524,2017-11-11,2017-11-11 23:00:00,5.500917534511103,0.12671697448348843
6525,2017-11-12,2017-11-12 23:00:00,5.444511245072067,0.0564281602094909
6526,2017-11-13,2017-11-13 23:00:00,5.473545892763229,0.04942145996757163
6527,2017-11-14,2017-11-14 23:00:00,5.603900864781514,0.11964266690001515
6528,2017-11-15,2017-11-15 23:00:00,5.5600920757248495,0.05321847916575
6529,2017-11-16,2017-11-16 23:00:00,5.559629010971945,0.05584116036725532
6530,2017-11-17,2017-11-17 23:00:00,5.529520663732362,0.03179113437001109
6531,2017-11-18,2017-11-18 23:00:00,5.421741603703235,0.05474182246538175
6532,2017-11-19,2017-11-19 23:00:00,5.298530888374698,0.04355603847283757
6533,2017-11-20,2017-11-20 23:00:00,5.110257336550199,0.3159175116230171
6534,2017-11-21,2017-11-21 23:00:00,5.173888835345366,0.31737489371927113
6535,2017-11-22,2017-11-22 23:00:00,5.151277231584295,0.33019929421063354
6536,2017-11-23,2017-11-23 23:00:00,5.2770717662734254,0.24884306732753322
6537,2017-11-24,2017-11-24 23:00:00,5.114818551149131,0.1636969223280172
6538,2017-11-25,2017-11-25 23:00:00,5.074901805090833,0.14964703014470282
6539,2017-11-26,2017-11-26 23:00:00,4.922095882558321,0.1458808191746567
6540,2017-11-27,2017-11-27 23:00:00,4.966773872020068,0.10415921375117504
6541,2017-11-28,2017-11-28 23:00:00,4.99230710641405,0.17007535115264796
6542,2017-11-29,2017-11-29 23:00:00,4.970860692005232,0.17109897288441075
6543,2017-11-30,2017-11-30 23:00:00,4.9717894959143,0.20330225928842577
6544,2017-12-01,2017-12-01 23:00:00,4.926465706521561,0.11361707013623543
6545,2017-12-02,2017-12-02 23:00:00,4.8899240893107425,0.08015718723223622
6546,2017-12-03,2017-12-03 23:00:00,4.837974191243017,0.026857821535870727
6547,2017-12-04,2017-12-04 23:00:00,4.784413796770738,0.06897796438435772
6548,2017-12-05,2017-12-05 23:00:00,4.852089717406798,0.05314999827093788
6549,2017-12-06,2017-12-06 23:00:00,4.8633634469950096,0.05903865577473571
6550,2017-12-07,2017-12-07 23:00:00,4.897232217722872,0.0788082264899113
6551,2017-12-08,2017-12-08 23:00:00,4.90549278875845,0.00195312625176242
6552,2017-12-09,2017-12-09 23:00:00,4.946582455446736,0.08856191455802809
6553,2017-12-10,2017-12-10 23:00:00,4.947452063676248,0.11614487627481532
6554,2017-12-11,2017-12-11 23:00:00,5.002914012872686,0.1634668537956822
6555,2017-12-12,2017-12-12 23:00:00,4.9415117189228015,0.1240517819904227
6556,2017-12-13,2017-12-13 23:00:00,4.987595384232011,0.1130130214711521
6557,2017-12-14,2017-12-14 23:00:00,4.924731307810229,0.10445737907992296
6558,2017-12-15,2017-12-15 23:00:00,4.849877327711682,0.03621514144252422
6559,2017-12-16,2017-12-16 23:00:00,4.906344625436803,0.07566266742273686
6560,2017-12-17,2017-12-17 23:00:00,4.845109945754252,0.09414341188115471
6561,2017-12-18,2017-12-18 23:00:00,5.010643782353028,0.13985097966745294
6562,2017-12-19,2017-12-19 23:00:00,4.991387099994495,0.13067254762520097
6563,2017-12-20,2017-12-20 23:00:00,5.117759284261499,0.10890717483681658
6564,2017-12-21,2017-12-21 23:00:00,5.175702088923463,0.02183214560294468
6565,2017-12-22,2017-12-22 23:00:00,5.239974363439384,0.034466880750184926
6566,2017-12-23,2017-12-23 23:00:00,5.259321711787669,0.01583238943088975
6567,2017-12-24,2017-12-24 23:00:00,5.304054790140032,0.0053101862231950785
6568,2017-12-25,2017-12-25 23:00:00,5.342062459949577,0.026180874850569948
6569,2017-12-26,2017-12-26 23:00:00,5.43941204068405,0.05327407565507717
6570,2017-12-27,2017-12-27 23:00:00,5.476548313391439,0.046195886018963524
6571,2017-12-28,2017-12-28 23:00:00,5.4637103572648344,0.06929843531884347
6572,2017-12-29,2017-12-29 23:00:00,5.474523954114886,0.13577201557695479
6573,2017-12-30,2017-12-30 23:00:00,5.594715430396305,0.07480304369517081
6574,2017-12-31,2017-12-31 23:00:00,5.518089683628301,0.06558458829410914
6575,2018-01-01,2018-01-01 23:00:00,5.291604660566448,0.06528308113851296
6576,2018-01-02,2018-01-02 23:00:00,5.401299399344514,0.15426592389761018
6577,2018-01-03,2018-01-03 23:00:00,5.390581439462184,0.16198792768434908
6578,2018-01-04,2018-01-04 23:00:00,5.466667215046769,0.07350314763899353
6579,2018-01-05,2018-01-05 23:00:00,5.411090007685725,0.06542055906881102
6580,2018-01-06,2018-01-06 23:00:00,5.412196858797659,0.030299255150100353
6581,2018-01-07,2018-01-07 23:00:00,5.388013397205384,0.02545685573342085
6582,2018-01-08,2018-01-08 23:00:00,5.379218499612807,0.05785881489386974
6583,2018-01-09,2018-01-09 23:00:00,5.39327765646339,0.08921312344569063
6584,2018-01-10,2018-01-10 23:00:00,5.397688406101186,0.015994108165995148
6585,2018-01-11,2018-01-11 23:00:00,5.400303819252334,0.02074662012054229
6586,2018-01-12,2018-01-12 23:00:00,5.390452866379814,0.039998624125444616
6587,2018-01-13,2018-01-13 23:00:00,5.376783648513622,0.022179890454779153
6588,2018-01-14,2018-01-14 23:00:00,5.359572569222947,0.002411490313013655
6589,2018-01-15,2018-01-15 23:00:00,5.1945446372667625,0.3150960395739515
6590,2018-01-16,2018-01-16 23:00:00,5.333262800735082,0.03000465595778442
6591,2018-01-17,2018-01-17 23:00:00,5.290045568256498,0.0757273235505526
6592,2018-01-18,2018-01-18 23:00:00,5.295892815123867,0.051054506087124966
6593,2018-01-19,2018-01-19 23:00:00,5.297835397657398,0.09780992936572928
6594,2018-01-20,2018-01-20 23:00:00,5.246690933048192,0.137229364516586
6595,2018-01-21,2018-01-21 23:00:00,5.027399052137404,0.16903797693693728
6596,2018-01-22,2018-01-22 23:00:00,5.266644098179023,0.075237457450469
6597,2018-01-23,2018-01-23 23:00:00,5.242243795197091,0.08706613555617049
6598,2018-01-24,2018-01-24 23:00:00,5.22225938724475,0.0855462857063142
6599,2018-01-25,2018-01-25 23:00:00,5.228617445475781,0.1201486273504152
6600,2018-01-26,2018-01-26 23:00:00,5.2131182182910445,0.1383073426313636
6601,2018-01-27,2018-01-27 23:00:00,5.287100849891454,0.016550110667593442
6602,2018-01-28,2018-01-28 23:00:00,5.246543859548136,0.024213964993962625
6603,2018-01-29,2018-01-29 23:00:00,5.290685733775932,0.03146918262358539
6604,2018-01-30,2018-01-30 23:00:00,5.268993175006051,0.14759860589993803
6605,2018-01-31,2018-01-31 23:00:00,5.300399623399929,0.03344126500399989
6606,2018-02-01,2018-02-01 23:00:00,5.420879157768901,0.06009740064443466
6607,2018-02-02,2018-02-02 23:00:00,5.387159563328109,0.051438100520543734
6608,2018-02-03,2018-02-03 23:00:00,5.4923388451934905,0.06368263722131066
6609,2018-02-04,2018-02-04 23:00:00,5.47311211316039,0.04611165933708202
6610,2018-02-05,2018-02-05 23:00:00,5.481690652621917,0.05129871203234852
6611,2018-02-06,2018-02-06 23:00:00,5.324878971697665,0.3018368911060843
6612,2018-02-07,2018-02-07 23:00:00,5.49498292834402,0.09579247293386446
6613,2018-02-08,2018-02-08 23:00:00,5.333683122659309,0.32044916139085067
6614,2018-02-09,2018-02-09 23:00:00,5.384358570591988,0.08691766661753864
6615,2018-02-10,2018-02-10 23:00:00,5.366858083003997,0.011384501665072442
6616,2018-02-11,2018-02-11 23:00:00,5.385946837860941,0.0060740142035861245
6617,2018-02-12,2018-02-12 23:00:00,5.401714474980324,0.019596079882040655
6618,2018-02-13,2018-02-13 23:00:00,5.3877279314608435,0.015497494744357743
6619,2018-02-14,2018-02-14 23:00:00,5.380606115877655,0.14243609626733142
6620,2018-02-15,2018-02-15 23:00:00,5.408563794750392,0.08498571960220143
6621,2018-02-16,2018-02-16 23:00:00,5.417425644803262,0.0715508212500111
6622,2018-02-17,2018-02-17 23:00:00,5.372403366005493,0.024001309214948117
6623,2018-02-18,2018-02-18 23:00:00,5.336537542730528,0.015321768162620425
6624,2018-02-19,2018-02-19 23:00:00,5.405497607519943,0.07078943115863631
6625,2018-02-20,2018-02-20 23:00:00,5.432277407653662,0.12152481846608812
6626,2018-02-21,2018-02-21 23:00:00,5.544022505514541,0.1530920846404995
6627,2018-02-22,2018-02-22 23:00:00,5.476732820317601,0.09022677804083976
6628,2018-02-23,2018-02-23 23:00:00,5.458094906942942,0.011700621875807725
6629,2018-02-24,2018-02-24 23:00:00,5.426964061654391,0.031206306042824615
6630,2018-02-25,2018-02-25 23:00:00,5.4486110312122555,0.012645561619160584
6631,2018-02-26,2018-02-26 23:00:00,5.503571131800612,0.05551397489205222
6632,2018-02-27,2018-02-27 23:00:00,5.5025070849290145,0.043570349370401044
6633,2018-02-28,2018-02-28 23:00:00,5.4746104768053625,0.041304122704365426
6634,2018-03-01,2018-03-01 23:00:00,5.4201098060370825,0.019563981565461408
6635,2018-03-02,2018-03-02 23:00:00,5.509188360832503,0.1041762362645244
6636,2018-03-03,2018-03-03 23:00:00,5.519925802147237,0.07586626491192928
6637,2018-03-04,2018-03-04 23:00:00,5.650358017567538,0.015807925348350082
6638,2018-03-05,2018-03-05 23:00:00,5.695613595171827,0.04313605059954127
6639,2018-03-06,2018-03-06 23:00:00,5.669241332704054,0.009640085031046802
6640,2018-03-07,2018-03-07 23:00:00,5.679991503023335,0.05359351172615391
6641,2018-03-08,2018-03-08 23:00:00,5.66649543779745,0.012847008699794073
6642,2018-03-09,2018-03-09 23:00:00,5.673764468322392,0.005553474397387094
6643,2018-03-10,2018-03-10 23:00:00,5.704470287038249,0.05305231897562835
6644,2018-03-11,2018-03-11 23:00:00,5.731133099316044,0.056004582303013195
6645,2018-03-12,2018-03-12 23:00:00,5.8043956372716226,0.07155584238357485
6646,2018-03-13,2018-03-13 23:00:00,5.822289978960864,0.07326567169702078
6647,2018-03-14,2018-03-14 23:00:00,5.845255387960265,0.07418997628379985
6648,2018-03-15,2018-03-15 23:00:00,5.808570096363028,0.07995143990883599
6649,2018-03-16,2018-03-16 23:00:00,5.783181739345173,0.05460601709644609
6650,2018-03-17,2018-03-17 23:00:00,5.71376643014662,0.025769185131360048
6651,2018-03-18,2018-03-18 23:00:00,5.663974091229399,0.05298064841196972
6652,2018-03-19,2018-03-19 23:00:00,5.599931675579282,0.07445929702899903
6653,2018-03-20,2018-03-20 23:00:00,5.632165138050747,0.10282107390620063
6654,2018-03-21,2018-03-21 23:00:00,5.586048260150811,0.12676490906476023
6655,2018-03-22,2018-03-22 23:00:00,5.5239212377762215,0.06531608926917111
6656,2018-03-23,2018-03-23 23:00:00,5.462885675552429,0.012050848613853032
6657,2018-03-24,2018-03-24 23:00:00,5.442782489448127,0.0004307286062437312
6658,2018-03-25,2018-03-25 23:00:00,5.517033377585787,0.03781972411412032
6659,2018-03-26,2018-03-26 23:00:00,5.605450867152807,0.06359277447449223
6660,2018-03-27,2018-03-27 23:00:00,5.647513995843327,0.02994147488089258
6661,2018-03-28,2018-03-28 23:00:00,5.672319624747682,0.04631234005523203
6662,2018-03-29,2018-03-29 23:00:00,5.605883419899153,0.031966491258286704
6663,2018-03-30,2018-03-30 23:00:00,5.141521428242388,0.4434725793717989
6664,2018-03-31,2018-03-31 23:00:00,5.517590322901625,0.08009563144410128
6665,2018-04-01,2018-04-01 23:00:00,5.229136723685772,0.21018959171688825
6666,2018-04-02,2018-04-02 23:00:00,5.504184110524288,0.1851218232836829
6667,2018-04-03,2018-04-03 23:00:00,5.4735935922645425,0.19915278839170553
6668,2018-04-04,2018-04-04 23:00:00,5.396000908147006,0.20659593426642958
6669,2018-04-05,2018-04-05 23:00:00,5.343413519426374,0.12817167178852798
6670,2018-04-06,2018-04-06 23:00:00,5.187786296136307,0.15336948225262131
6671,2018-04-07,2018-04-07 23:00:00,5.267404769483057,0.040192579710866636
6672,2018-04-08,2018-04-08 23:00:00,5.103386126086996,0.07014866095190476
6673,2018-04-09,2018-04-09 23:00:00,5.120614216664827,0.31521171285233507
6674,2018-04-10,2018-04-10 23:00:00,5.20174686015418,0.14215410006474677
6675,2018-04-11,2018-04-11 23:00:00,5.381111183798256,0.2440597400885243
6676,2018-04-12,2018-04-12 23:00:00,5.201218048703763,0.1797228141342737
6677,2018-04-13,2018-04-13 23:00:00,5.263140394210296,0.16988323808400027
6678,2018-04-14,2018-04-14 23:00:00,5.2391509047444815,0.07867402641211586
6679,2018-04-15,2018-04-15 23:00:00,5.103747301140451,0.13233133317003326
6680,2018-04-16,2018-04-16 23:00:00,5.243104163983439,0.2893119782879879
6681,2018-04-17,2018-04-17 23:00:00,5.287762095165152,0.1305315764980806
6682,2018-04-18,2018-04-18 23:00:00,5.326717258056724,0.2666161973988293
6683,2018-04-19,2018-04-19 23:00:00,5.307905805044935,0.2121842884832835
6684,2018-04-20,2018-04-20 23:00:00,5.191494149330109,0.3111147913284185
6685,2018-04-21,2018-04-21 23:00:00,4.840880887357983,0.06861918855486046
6686,2018-04-22,2018-04-22 23:00:00,4.884386949430277,0.24357283494705217
6687,2018-04-23,2018-04-23 23:00:00,5.272920754186907,0.17182653805295353
6688,2018-04-24,2018-04-24 23:00:00,5.375024851884643,0.1578160076239777
6689,2018-04-25,2018-04-25 23:00:00,5.3062427685058475,0.24775116316663406
6690,2018-04-26,2018-04-26 23:00:00,5.15391874609719,0.26962888274504754
6691,2018-04-27,2018-04-27 23:00:00,5.080266201030986,0.27648382755071926
6692,2018-04-28,2018-04-28 23:00:00,4.939974923350339,0.2406272922177682
6693,2018-04-29,2018-04-29 23:00:00,4.740982857145273,0.05053543909073446
6694,2018-04-30,2018-04-30 23:00:00,4.9901290095971484,0.28992450063826714
6695,2018-05-01,2018-05-01 23:00:00,4.826982993828128,0.10296826462915831
6696,2018-05-02,2018-05-02 23:00:00,4.892188976582088,0.1045229342586138
6697,2018-05-03,2018-05-03 23:00:00,4.836162353545217,0.0947340188175649
6698,2018-05-04,2018-05-04 23:00:00,4.740884063082657,0.03277033346397346
6699,2018-05-05,2018-05-05 23:00:00,4.863926742691079,0.022704649311524005
6700,2018-05-06,2018-05-06 23:00:00,4.8215326111008,0.05496622170531409
6701,2018-05-07,2018-05-07 23:00:00,4.932658012978467,0.16969389611135555
6702,2018-05-08,2018-05-08 23:00:00,5.138191558847137,0.29755897962670946
6703,2018-05-09,2018-05-09 23:00:00,4.811401690113631,0.07877621097503693
6704,2018-05-10,2018-05-10 23:00:00,4.7902751869640285,0.07722411240507834
6705,2018-05-11,2018-05-11 23:00:00,4.744041785281394,0.06791922003247398
6706,2018-05-12,2018-05-12 23:00:00,4.679556503884599,0.034861064074408254
6707,2018-05-13,2018-05-13 23:00:00,4.683563742601135,0.0141222005632271
6708,2018-05-14,2018-05-14 23:00:00,4.684653552942872,0.01371802288430691
6709,2018-05-15,2018-05-15 23:00:00,4.651127886863651,0.02528396388564984
6710,2018-05-16,2018-05-16 23:00:00,4.666562473535934,0.038322007584304846
6711,2018-05-17,2018-05-17 23:00:00,4.739978793114323,0.034983253913811144
6712,2018-05-18,2018-05-18 23:00:00,4.71880645987567,0.035777950745339626
6713,2018-05-19,2018-05-19 23:00:00,4.710425862006638,0.033924252759004604
6714,2018-05-20,2018-05-20 23:00:00,4.658838216581404,0.035761143077669005
6715,2018-05-21,2018-05-21 23:00:00,4.7064027069128125,0.0996348509306533
6716,2018-05-22,2018-05-22 23:00:00,4.724354619562919,0.052370430748142176
6717,2018-05-23,2018-05-23 23:00:00,4.766384239257053,0.059680547543068424
6718,2018-05-24,2018-05-24 23:00:00,4.787228842551353,0.005404332645407001
6719,2018-05-25,2018-05-25 23:00:00,4.796651146112863,0.019438057676813038
6720,2018-05-26,2018-05-26 23:00:00,4.954398819020176,0.21974526519226864
6721,2018-05-27,2018-05-27 23:00:00,4.812837398819894,0.1573916905079838
6722,2018-05-28,2018-05-28 23:00:00,4.730993192709687,0.04872079008094654
6723,2018-05-29,2018-05-29 23:00:00,4.716663750680347,0.023770829313971144
6724,2018-05-30,2018-05-30 23:00:00,4.720532947713807,0.021721836530571977
6725,2018-05-31,2018-05-31 23:00:00,5.040979193672707,0.36279844349782864
6726,2018-06-01,2018-06-01 23:00:00,4.766565890755155,0.020493716286943985
6727,2018-06-02,2018-06-02 23:00:00,4.74823655774266,0.010828106606239384
6728,2018-06-03,2018-06-03 23:00:00,4.718061005125507,0.007650579501630337
6729,2018-06-04,2018-06-04 23:00:00,4.735003384977994,0.009576592708440494
6730,2018-06-05,2018-06-05 23:00:00,4.754472157547954,0.041408551992187535
6731,2018-06-06,2018-06-06 23:00:00,4.666792013245465,0.03523364067474115
6732,2018-06-07,2018-06-07 23:00:00,4.7245787764549805,0.005805976130616576
6733,2018-06-08,2018-06-08 23:00:00,4.799301072580181,0.00777241396965498
6734,2018-06-09,2018-06-09 23:00:00,4.816393674990567,0.005776637791753104
6735,2018-06-10,2018-06-10 23:00:00,4.805522618521144,0.004801213237078578
6736,2018-06-11,2018-06-11 23:00:00,4.716620377786801,0.006726169200097496
6737,2018-06-12,2018-06-12 23:00:00,4.726981536245601,0.022790922600641625
6738,2018-06-13,2018-06-13 23:00:00,4.722214753732653,0.009981145728075236
6739,2018-06-14,2018-06-14 23:00:00,4.724668058194177,0.00978073090527066
6740,2018-06-15,2018-06-15 23:00:00,4.829606948442767,0.011665003339508291
6741,2018-06-16,2018-06-16 23:00:00,4.756173635596276,0.03651754491769253
6742,2018-06-17,2018-06-17 23:00:00,4.70711013722996,0.03550249456633566
6743,2018-06-18,2018-06-18 23:00:00,4.725706910339739,0.00651186930716066
6744,2018-06-19,2018-06-19 23:00:00,4.7328725220499255,0.010203242526373734
6745,2018-06-20,2018-06-20 23:00:00,4.733758785034735,0.0077949390396272
6746,2018-06-21,2018-06-21 23:00:00,4.735028122719201,0.013801275243915294
6747,2018-06-22,2018-06-22 23:00:00,4.756770307632319,0.006530770442600247
6748,2018-06-23,2018-06-23 23:00:00,4.763233535880777,0.0037836661655816207
6749,2018-06-24,2018-06-24 23:00:00,4.75804982306598,0.00645990152283155
6750,2018-06-25,2018-06-25 23:00:00,5.078325674940672,0.26315532544698
6751,2018-06-26,2018-06-26 23:00:00,4.955924169292736,0.20105184191292857
6752,2018-06-27,2018-06-27 23:00:00,4.826830191829086,0.17047153397927622
6753,2018-06-28,2018-06-28 23:00:00,4.952542238749305,0.20407875868551398
6754,2018-06-29,2018-06-29 23:00:00,4.74653325911252,0.03531219236121838
6755,2018-06-30,2018-06-30 23:00:00,4.767681464895623,0.0055517900691421105
6756,2018-07-01,2018-07-01 23:00:00,4.763235736150839,0.02189452947190468
6757,2018-07-02,2018-07-02 23:00:00,4.709555093031072,0.024059750369993603
6758,2018-07-03,2018-07-03 23:00:00,4.693434526148333,0.024903960029235353
6759,2018-07-04,2018-07-04 23:00:00,4.781993923971099,0.25206437870001963
6760,2018-07-05,2018-07-05 23:00:00,4.7148641631340436,0.014802344398562766
6761,2018-07-06,2018-07-06 23:00:00,4.738525015940071,0.11860220014056871
6762,2018-07-07,2018-07-07 23:00:00,4.74097676644326,0.003245499849409863
6763,2018-07-08,2018-07-08 23:00:00,4.7594964480465025,0.006843725543268234
6764,2018-07-09,2018-07-09 23:00:00,5.043787334160304,0.3362405595794972
6765,2018-07-10,2018-07-10 23:00:00,5.024483259782561,0.38742967883917206
6766,2018-07-11,2018-07-11 23:00:00,4.88879870605386,0.3662173010449549
6767,2018-07-12,2018-07-12 23:00:00,4.736704833426091,0.1768560125678374
6768,2018-07-13,2018-07-13 23:00:00,4.952659096668566,0.39838800156921317
6769,2018-07-14,2018-07-14 23:00:00,4.7004790692362866,0.002672549271646969
6770,2018-07-15,2018-07-15 23:00:00,4.762480841067862,0.0015921567226239114
6771,2018-07-16,2018-07-16 23:00:00,4.750602108789207,0.01204106543837468
6772,2018-07-17,2018-07-17 23:00:00,4.815708630317931,0.04878694307097008
6773,2018-07-18,2018-07-18 23:00:00,4.916425566857261,0.2970071646515198
6774,2018-07-19,2018-07-19 23:00:00,5.083098627607263,0.4101385971867704
6775,2018-07-20,2018-07-20 23:00:00,4.789713335196123,0.025861321672850383
6776,2018-07-21,2018-07-21 23:00:00,4.821965869862004,0.049084095497802425
6777,2018-07-22,2018-07-22 23:00:00,4.73861452944742,0.014848541703624764
6778,2018-07-23,2018-07-23 23:00:00,5.06380351292578,0.36224376000341635
6779,2018-07-24,2018-07-24 23:00:00,4.780708471630677,0.028670495457092743
6780,2018-07-25,2018-07-25 23:00:00,5.042217007398013,0.3260085896952208
6781,2018-07-26,2018-07-26 23:00:00,4.767008903847279,0.04517125207349015
6782,2018-07-27,2018-07-27 23:00:00,4.872679643152633,0.3415407259558041
6783,2018-07-28,2018-07-28 23:00:00,4.7645142085114704,0.03158778173897221
6784,2018-07-29,2018-07-29 23:00:00,4.831598353533578,0.005404803711733044
6785,2018-07-30,2018-07-30 23:00:00,4.843016619353992,0.17306767755757277
6786,2018-07-31,2018-07-31 23:00:00,4.746510702012695,0.0029677804079633707
6787,2018-08-01,2018-08-01 23:00:00,4.92826270521272,0.33214005775646177
6788,2018-08-02,2018-08-02 23:00:00,5.0915186832820485,0.4089315608037651
6789,2018-08-03,2018-08-03 23:00:00,4.872380060023678,0.2739443063777297
6790,2018-08-04,2018-08-04 23:00:00,4.820034554487454,0.16279427600573296
6791,2018-08-05,2018-08-05 23:00:00,4.77359493077232,0.027700318314329037
6792,2018-08-06,2018-08-06 23:00:00,4.765360816606774,0.026634033249395297
6793,2018-08-07,2018-08-07 23:00:00,4.7589827237480025,0.005914284601898463
6794,2018-08-08,2018-08-08 23:00:00,4.981587727821118,0.3429506254913964
6795,2018-08-09,2018-08-09 23:00:00,5.120294793371506,0.3737230850628832
6796,2018-08-10,2018-08-10 23:00:00,4.981767805566617,0.3456668217239455
6797,2018-08-11,2018-08-11 23:00:00,5.11884586972079,0.3501502294079769
6798,2018-08-12,2018-08-12 23:00:00,4.857097382548209,0.1818127470076316
6799,2018-08-13,2018-08-13 23:00:00,5.263351858088403,0.36885713407148774
6800,2018-08-14,2018-08-14 23:00:00,5.209397028537875,0.2929439089111752
6801,2018-08-15,2018-08-15 23:00:00,4.9771441181429426,0.21279704672154529
6802,2018-08-16,2018-08-16 23:00:00,5.003471651436609,0.34073383548952674
6803,2018-08-17,2018-08-17 23:00:00,5.02472024265369,0.39319400917097486
6804,2018-08-18,2018-08-18 23:00:00,4.801730030970376,0.03427828657289092
6805,2018-08-19,2018-08-19 23:00:00,4.823558531758473,0.012815041915492174
6806,2018-08-20,2018-08-20 23:00:00,4.862089784967263,0.022350687022687363
6807,2018-08-21,2018-08-21 23:00:00,4.938451215379563,0.18938001116625683
6808,2018-08-22,2018-08-22 23:00:00,5.07055279027141,0.3585755254629578
6809,2018-08-23,2018-08-23 23:00:00,5.283987234879615,0.4272104486730732
6810,2018-08-24,2018-08-24 23:00:00,5.116694911587922,0.42771545394672
6811,2018-08-25,2018-08-25 23:00:00,4.986188300608334,0.37908392793167994
6812,2018-08-26,2018-08-26 23:00:00,4.816592648675399,0.006056871569422773
6813,2018-08-27,2018-08-27 23:00:00,4.814827218116808,0.09587514227562409
6814,2018-08-28,2018-08-28 23:00:00,4.807129102399647,0.16443919965854037
6815,2018-08-29,2018-08-29 23:00:00,4.895866016882934,0.13579483159698658
6816,2018-08-30,2018-08-30 23:00:00,5.0586509959100345,0.3550184599560241
6817,2018-08-31,2018-08-31 23:00:00,5.316650146593486,0.4489326704217889
6818,2018-09-01,2018-09-01 23:00:00,5.174174310708934,0.4042288069803756
6819,2018-09-02,2018-09-02 23:00:00,4.824742736690657,0.007538055696554317
6820,2018-09-03,2018-09-03 23:00:00,4.909059552010921,0.1905913895814989
6821,2018-09-04,2018-09-04 23:00:00,5.145008482540523,0.41861268689817294
6822,2018-09-05,2018-09-05 23:00:00,5.1855985423478845,0.3834336303757153
6823,2018-09-06,2018-09-06 23:00:00,5.024710565290706,0.26476818679462016
6824,2018-09-07,2018-09-07 23:00:00,4.774476732264408,0.005988729570885997
6825,2018-09-08,2018-09-08 23:00:00,4.744596689970841,0.010281639025814608
6826,2018-09-09,2018-09-09 23:00:00,4.781157512471086,0.02423870436595985
6827,2018-09-10,2018-09-10 23:00:00,4.80807691991602,0.17190037787400017
6828,2018-09-11,2018-09-11 23:00:00,4.858125578980843,0.073961419042165
6829,2018-09-12,2018-09-12 23:00:00,4.997988306685011,0.22357470905170998
6830,2018-09-13,2018-09-13 23:00:00,4.9605070487739775,0.1815540696724102
6831,2018-09-14,2018-09-14 23:00:00,4.898655777319255,0.10272202431460385
6832,2018-09-15,2018-09-15 23:00:00,4.800197416350128,0.032137684752320976
6833,2018-09-16,2018-09-16 23:00:00,4.819062319497869,0.022243264951698864
6834,2018-09-17,2018-09-17 23:00:00,5.1118422740674365,0.4079047191412428
6835,2018-09-18,2018-09-18 23:00:00,5.01479222204295,0.24018792630480812
6836,2018-09-19,2018-09-19 23:00:00,5.07752403429937,0.26393181734745014
6837,2018-09-20,2018-09-20 23:00:00,4.949660715821994,0.16085352856089552
6838,2018-09-21,2018-09-21 23:00:00,4.9907969506617835,0.13863945582474102
6839,2018-09-22,2018-09-22 23:00:00,4.97350277573119,0.10766229855661802
6840,2018-09-23,2018-09-23 23:00:00,5.013656477405564,0.07487076401437076
6841,2018-09-24,2018-09-24 23:00:00,5.152060350967477,0.11609645070210156
6842,2018-09-25,2018-09-25 23:00:00,5.409856300340844,0.21124000678942728
6843,2018-09-26,2018-09-26 23:00:00,5.409392984833157,0.18953692549228177
6844,2018-09-27,2018-09-27 23:00:00,5.347052367795981,0.2472634210566851
6845,2018-09-28,2018-09-28 23:00:00,5.393139265605069,0.3591372528053036
6846,2018-09-29,2018-09-29 23:00:00,5.47730165598161,0.3072329838613458
6847,2018-09-30,2018-09-30 23:00:00,5.351856400796144,0.15533907566837915
6848,2018-10-01,2018-10-01 23:00:00,5.5450185397320455,0.20310605701897638
6849,2018-10-02,2018-10-02 23:00:00,5.627513597185093,0.07767932002943144
6850,2018-10-03,2018-10-03 23:00:00,5.493150644227268,0.2737671969745799
6851,2018-10-04,2018-10-04 23:00:00,5.262440222072424,0.45275494139808714
6852,2018-10-05,2018-10-05 23:00:00,5.296331780573188,0.31416273735063444
6853,2018-10-06,2018-10-06 23:00:00,5.11698841581498,0.17079428134859448
6854,2018-10-07,2018-10-07 23:00:00,5.046458100580471,0.20752009783051978
6855,2018-10-08,2018-10-08 23:00:00,5.095782119606516,0.33516521976700114
6856,2018-10-09,2018-10-09 23:00:00,4.991030732620087,0.31244630230038384
6857,2018-10-10,2018-10-10 23:00:00,4.804627503282032,0.058304765382899866
6858,2018-10-11,2018-10-11 23:00:00,4.8995845051335465,0.08743290246969797
6859,2018-10-12,2018-10-12 23:00:00,4.889628753866933,0.07196540333485316
6860,2018-10-13,2018-10-13 23:00:00,4.786025168896851,0.013256493965726316
6861,2018-10-14,2018-10-14 23:00:00,4.759158482234128,0.027821196420777926
6862,2018-10-15,2018-10-15 23:00:00,5.001829222867465,0.1873502989062517
6863,2018-10-16,2018-10-16 23:00:00,5.203379423992448,0.37034437205269666
6864,2018-10-17,2018-10-17 23:00:00,5.273189917305304,0.4431107915860998
6865,2018-10-18,2018-10-18 23:00:00,5.317416982610671,0.4502220155741917
6866,2018-10-19,2018-10-19 23:00:00,5.177460145610831,0.41079875855222264
6867,2018-10-20,2018-10-20 23:00:00,5.017315635943005,0.24834151492865042
6868,2018-10-21,2018-10-21 23:00:00,4.943357447624737,0.07344749945201924
6869,2018-10-22,2018-10-22 23:00:00,5.168765748355355,0.32315898531496284
6870,2018-10-23,2018-10-23 23:00:00,5.089308140957487,0.29601845580520975
6871,2018-10-24,2018-10-24 23:00:00,5.357008239460408,0.42950246920735974
6872,2018-10-25,2018-10-25 23:00:00,5.4940700748060065,0.2507733537695945
6873,2018-10-26,2018-10-26 23:00:00,5.298522588726523,0.2221041252026616
6874,2018-10-27,2018-10-27 23:00:00,5.408967370460551,0.18524080922421982
6875,2018-10-28,2018-10-28 23:00:00,5.419957773116337,0.1936480213693025
6876,2018-10-29,2018-10-29 23:00:00,5.652507937627526,0.20366244852233897
6877,2018-10-30,2018-10-30 23:00:00,5.513481212818668,0.27441746266014594
6878,2018-10-31,2018-10-31 23:00:00,5.542256066279658,0.03942267580145643
6879,2018-11-01,2018-11-01 23:00:00,5.541129537510238,0.021857862166155845
6880,2018-11-02,2018-11-02 23:00:00,5.561578789221945,0.05897235084347742
6881,2018-11-03,2018-11-03 23:00:00,5.348633998868131,0.2505445836036929
6882,2018-11-04,2018-11-04 23:00:00,5.220532553583227,0.060233162444225066
6883,2018-11-05,2018-11-05 23:00:00,5.19507575038036,0.08045152448745012
6884,2018-11-06,2018-11-06 23:00:00,5.17348616982973,0.24856356258817808
6885,2018-11-07,2018-11-07 23:00:00,5.021619929536207,0.20093481247830283
6886,2018-11-08,2018-11-08 23:00:00,4.956868840990192,0.21712576379223486
6887,2018-11-09,2018-11-09 23:00:00,5.052950445167473,0.15168829887696303
6888,2018-11-10,2018-11-10 23:00:00,4.999550138140208,0.13061502730630667
6889,2018-11-11,2018-11-11 23:00:00,4.915903212458976,0.028533607779901715
6890,2018-11-12,2018-11-12 23:00:00,4.884265498338565,0.0408863278848214
6891,2018-11-13,2018-11-13 23:00:00,4.976259904324423,0.13193022456740092
6892,2018-11-14,2018-11-14 23:00:00,5.02306332519237,0.4137141170300725
6893,2018-11-15,2018-11-15 23:00:00,4.93595128584257,0.14344515389092585
6894,2018-11-16,2018-11-16 23:00:00,4.995553642802209,0.12516747637340986
6895,2018-11-17,2018-11-17 23:00:00,5.0469936566844815,0.08484472424332595
6896,2018-11-18,2018-11-18 23:00:00,5.089091078137558,0.07223278392266118
6897,2018-11-19,2018-11-19 23:00:00,5.068512915205608,0.1509293401768581
6898,2018-11-20,2018-11-20 23:00:00,5.158425030909378,0.08376654299657058
6899,2018-11-21,2018-11-21 23:00:00,5.001501654212691,0.11615061144022933
6900,2018-11-22,2018-11-22 23:00:00,5.0931932727960705,0.025050739048639345
6901,2018-11-23,2018-11-23 23:00:00,5.069853502194831,0.04474803332056365
6902,2018-11-24,2018-11-24 23:00:00,5.0413517602451,0.034881444961889295
6903,2018-11-25,2018-11-25 23:00:00,5.060391770652083,0.026213212361480234
6904,2018-11-26,2018-11-26 23:00:00,5.1053299637671135,0.06909541557724375
6905,2018-11-27,2018-11-27 23:00:00,5.0152590925434835,0.16193543737056282
6906,2018-11-28,2018-11-28 23:00:00,5.139409505485079,0.17766584644262143
6907,2018-11-29,2018-11-29 23:00:00,5.111261846859532,0.14331965805424066
6908,2018-11-30,2018-11-30 23:00:00,5.05930242209705,0.1423380155288644
6909,2018-12-01,2018-12-01 23:00:00,4.949745163265792,0.1044881780763822
6910,2018-12-02,2018-12-02 23:00:00,4.962326245125368,0.1018515660532852
6911,2018-12-03,2018-12-03 23:00:00,5.027392450852186,0.09739723742737327
6912,2018-12-04,2018-12-04 23:00:00,5.088391159493821,0.03354546817848538
6913,2018-12-05,2018-12-05 23:00:00,4.9910362162905315,0.14554912952704452
6914,2018-12-06,2018-12-06 23:00:00,5.147878484042086,0.11866778726367352
6915,2018-12-07,2018-12-07 23:00:00,5.2165425574594195,0.11622212666202193
6916,2018-12-08,2018-12-08 23:00:00,5.156202783964853,0.1036524366438571
6917,2018-12-09,2018-12-09 23:00:00,5.388367611997012,0.05900408664227451
6918,2018-12-10,2018-12-10 23:00:00,5.453674871131934,0.2928633442384687
6919,2018-12-11,2018-12-11 23:00:00,5.654535321399972,0.11280530123831015
6920,2018-12-12,2018-12-12 23:00:00,5.6494446517456,0.07294320142293259
6921,2018-12-13,2018-12-13 23:00:00,5.724048805302567,0.007671343618339396
6922,2018-12-14,2018-12-14 23:00:00,5.741445164692401,0.029723808565657307
6923,2018-12-15,2018-12-15 23:00:00,5.761037753339633,0.027545586931694017
6924,2018-12-16,2018-12-16 23:00:00,5.779544803369746,0.02986493447083677
6925,2018-12-17,2018-12-17 23:00:00,5.770660472239157,0.04180946006178762
6926,2018-12-18,2018-12-18 23:00:00,5.778398646562707,0.03216156328982275
6927,2018-12-19,2018-12-19 23:00:00,5.817177609579173,0.037590988636846956
6928,2018-12-20,2018-12-20 23:00:00,5.878164249805391,0.037973532519013066
6929,2018-12-21,2018-12-21 23:00:00,5.881227951436972,0.08504504341121123
6930,2018-12-22,2018-12-22 23:00:00,5.914579706411449,0.042973338869532675
6931,2018-12-23,2018-12-23 23:00:00,5.940694951684034,0.0038422785735248654
6932,2018-12-24,2018-12-24 23:00:00,5.9381005334871615,0.005184630689124592
6933,2018-12-25,2018-12-25 23:00:00,5.494425987548522,0.29955740196109243
6934,2018-12-26,2018-12-26 23:00:00,5.972394945247238,0.038842473824631185
6935,2018-12-27,2018-12-27 23:00:00,6.063587295287433,0.0901656770499161
6936,2018-12-28,2018-12-28 23:00:00,6.1621619555615945,0.02577579232042413
6937,2018-12-29,2018-12-29 23:00:00,6.17922615433923,0.03837021513478322
6938,2018-12-30,2018-12-30 23:00:00,6.254476453908161,0.07537481800115045
6939,2018-12-31,2018-12-31 23:00:00,6.308277307789822,0.11714579960596634
6940,2019-01-01,2019-01-01 23:00:00,6.13281875153736,0.22564647183155295
6941,2019-01-02,2019-01-02 23:00:00,6.278211300837545,0.1029288413608224
6942,2019-01-03,2019-01-03 23:00:00,6.380483280230043,0.08697411220117052
6943,2019-01-04,2019-01-04 23:00:00,6.395177095161401,0.02915459734730736
6944,2019-01-05,2019-01-05 23:00:00,6.345092954777105,0.12119624189844297
6945,2019-01-06,2019-01-06 23:00:00,6.2011820578259504,0.17406492507732083
6946,2019-01-07,2019-01-07 23:00:00,6.260269681790226,0.19359066623006407
6947,2019-01-08,2019-01-08 23:00:00,6.346944968144577,0.07566848081105694
6948,2019-01-09,2019-01-09 23:00:00,6.231589448303317,0.1676268531559389
6949,2019-01-10,2019-01-10 23:00:00,6.264075424871234,0.0812237740503001
6950,2019-01-11,2019-01-11 23:00:00,6.302318350363412,0.06002459256752904
6951,2019-01-12,2019-01-12 23:00:00,6.139485279387362,0.10061690552701388
6952,2019-01-13,2019-01-13 23:00:00,5.995853613607884,0.1804522935112779
6953,2019-01-14,2019-01-14 23:00:00,6.044063035710717,0.1779164694670397
6954,2019-01-15,2019-01-15 23:00:00,5.991329407054501,0.11504005494918265
6955,2019-01-16,2019-01-16 23:00:00,5.838873394746318,0.21946994759036367
6956,2019-01-17,2019-01-17 23:00:00,5.96411153830226,0.031754500868544665
6957,2019-01-18,2019-01-18 23:00:00,5.839763848859913,0.1604168696246269
6958,2019-01-19,2019-01-19 23:00:00,5.711922131948758,0.1291418188871082
6959,2019-01-20,2019-01-20 23:00:00,5.593818642083377,0.09589169392156872
6960,2019-01-21,2019-01-21 23:00:00,5.744138317455118,0.04267884256376641
6961,2019-01-22,2019-01-22 23:00:00,5.822389057443028,0.23860461440279176
6962,2019-01-23,2019-01-23 23:00:00,5.850760475744496,0.20993893056832957
6963,2019-01-24,2019-01-24 23:00:00,6.128151245535611,0.15338201136164567
6964,2019-01-25,2019-01-25 23:00:00,6.254254176008384,0.06630123493720651
6965,2019-01-26,2019-01-26 23:00:00,6.107342188684046,0.18823755635912562
6966,2019-01-27,2019-01-27 23:00:00,5.920473495967453,0.2381851588481821
6967,2019-01-28,2019-01-28 23:00:00,6.18769220774136,0.08240467524603545
6968,2019-01-29,2019-01-29 23:00:00,6.150426439772663,0.14650003647665372
6969,2019-01-30,2019-01-30 23:00:00,6.1499959529226915,0.17798199377973184
6970,2019-01-31,2019-01-31 23:00:00,6.2049387869442185,0.09821035054669708
6971,2019-02-01,2019-02-01 23:00:00,6.198254716799926,0.05129197339093159
6972,2019-02-02,2019-02-02 23:00:00,6.078517278002238,0.06198060201282651
6973,2019-02-03,2019-02-03 23:00:00,6.083301155871305,0.14099142283216756
6974,2019-02-04,2019-02-04 23:00:00,6.1143745576770785,0.22074461108826152
6975,2019-02-05,2019-02-05 23:00:00,6.152901070551009,0.24127228068208761
6976,2019-02-06,2019-02-06 23:00:00,6.195943109154648,0.1461157862477364
6977,2019-02-07,2019-02-07 23:00:00,6.065691437453026,0.08719709154702796
6978,2019-02-08,2019-02-08 23:00:00,6.037928343665292,0.10429417263640621
6979,2019-02-09,2019-02-09 23:00:00,6.082642511307951,0.027130439734771875
6980,2019-02-10,2019-02-10 23:00:00,6.0215422472633335,0.15151870514993368
6981,2019-02-11,2019-02-11 23:00:00,5.968639800705507,0.08652440259244971
6982,2019-02-12,2019-02-12 23:00:00,5.963531766032157,0.10474688355094847
6983,2019-02-13,2019-02-13 23:00:00,5.965469295321288,0.13816534451729787
6984,2019-02-14,2019-02-14 23:00:00,5.992442015118024,0.1928629943460106
6985,2019-02-15,2019-02-15 23:00:00,6.186001427656865,0.36536084284945547
6986,2019-02-16,2019-02-16 23:00:00,6.055666078200683,0.1857606847833433
6987,2019-02-17,2019-02-17 23:00:00,6.0078935048345015,0.08180280338691694
6988,2019-02-18,2019-02-18 23:00:00,6.272327094335338,0.13664099370931046
6989,2019-02-19,2019-02-19 23:00:00,6.37478012181415,0.08732644627987014
6990,2019-02-20,2019-02-20 23:00:00,6.293163577735144,0.23929530702802518
6991,2019-02-21,2019-02-21 23:00:00,6.303604383233027,0.14372335604582176
6992,2019-02-22,2019-02-22 23:00:00,6.3920276055013145,0.04496033541659417
6993,2019-02-23,2019-02-23 23:00:00,6.394712269977487,0.05937873113233072
6994,2019-02-24,2019-02-24 23:00:00,6.225736156857367,0.15406406315849366
6995,2019-02-25,2019-02-25 23:00:00,6.331357917770511,0.21136674929205987
6996,2019-02-26,2019-02-26 23:00:00,6.102540921536588,0.2849828972123824
6997,2019-02-27,2019-02-27 23:00:00,6.27972207596462,0.10488455972799929
6998,2019-02-28,2019-02-28 23:00:00,6.175293526503954,0.22948826144735288
6999,2019-03-01,2019-03-01 23:00:00,6.211517106399804,0.15831465393878177
7000,2019-03-02,2019-03-02 23:00:00,6.262422957230168,0.09276409303041312
7001,2019-03-03,2019-03-03 23:00:00,6.146966383027383,0.06673805264942051
7002,2019-03-04,2019-03-04 23:00:00,6.221184180120303,0.14955152616802053
7003,2019-03-05,2019-03-05 23:00:00,6.216313667403218,0.06801016013298233
7004,2019-03-06,2019-03-06 23:00:00,6.226465163001137,0.03411031784473011
7005,2019-03-07,2019-03-07 23:00:00,6.183573748379051,0.06723450261197306
7006,2019-03-08,2019-03-08 23:00:00,6.185320370321357,0.10465946199958191
7007,2019-03-09,2019-03-09 23:00:00,6.132500842368084,0.05512756520788246
7008,2019-03-10,2019-03-10 23:00:00,6.063414976968178,0.0725569438621317
7009,2019-03-11,2019-03-11 23:00:00,6.073334759372421,0.15944157730455727
7010,2019-03-12,2019-03-12 23:00:00,6.068211647034944,0.13799909311291217
7011,2019-03-13,2019-03-13 23:00:00,5.98191973797184,0.19294945533744834
7012,2019-03-14,2019-03-14 23:00:00,5.924973418694315,0.13217792642948425
7013,2019-03-15,2019-03-15 23:00:00,5.888608789472898,0.18038903172547527
7014,2019-03-16,2019-03-16 23:00:00,6.005664375358873,0.14067559585282996
7015,2019-03-17,2019-03-17 23:00:00,5.823722254885188,0.1273501701691248
7016,2019-03-18,2019-03-18 23:00:00,6.053619232190083,0.1393838092054128
7017,2019-03-19,2019-03-19 23:00:00,6.107267260242555,0.06028010700060258
7018,2019-03-20,2019-03-20 23:00:00,6.0234498894523325,0.14971477134403655
7019,2019-03-21,2019-03-21 23:00:00,6.015553398072811,0.16295715129777533
7020,2019-03-22,2019-03-22 23:00:00,5.959876784322756,0.21288336533106586
7021,2019-03-23,2019-03-23 23:00:00,5.758291042729361,0.19764369724278538
7022,2019-03-24,2019-03-24 23:00:00,5.611664777461269,0.375284071161118
7023,2019-03-25,2019-03-25 23:00:00,5.797070323341834,0.20072164998262382
7024,2019-03-26,2019-03-26 23:00:00,5.951025367379105,0.22383141318330094
7025,2019-03-27,2019-03-27 23:00:00,5.9371010107621105,0.22826155272299198
7026,2019-03-28,2019-03-28 23:00:00,5.8630221114145895,0.18620332250717309
7027,2019-03-29,2019-03-29 23:00:00,5.8580041692495115,0.15358958474337397
7028,2019-03-30,2019-03-30 23:00:00,5.803904867161605,0.12887700186691206
7029,2019-03-31,2019-03-31 23:00:00,5.773294369525185,0.1098062928550263
7030,2019-04-01,2019-04-01 23:00:00,5.911512317561346,0.10987041843887242
7031,2019-04-02,2019-04-02 23:00:00,5.988906997887308,0.0527691813865627
7032,2019-04-03,2019-04-03 23:00:00,5.866401231919972,0.26475595213605063
7033,2019-04-04,2019-04-04 23:00:00,5.87564690166523,0.15471575459462147
7034,2019-04-05,2019-04-05 23:00:00,5.914873198683154,0.19169321192992703
7035,2019-04-06,2019-04-06 23:00:00,5.8268331905825255,0.058639715866682665
7036,2019-04-07,2019-04-07 23:00:00,5.841780780362401,0.09038273145157653
7037,2019-04-08,2019-04-08 23:00:00,5.789887009421997,0.22300105406761256
7038,2019-04-09,2019-04-09 23:00:00,5.786478576411722,0.08132211560245736
7039,2019-04-10,2019-04-10 23:00:00,5.9293337775091155,0.2210218894717985
7040,2019-04-11,2019-04-11 23:00:00,6.02869930220674,0.1021176466940028
7041,2019-04-12,2019-04-12 23:00:00,5.9061241350027585,0.18510866800059592
7042,2019-04-13,2019-04-13 23:00:00,5.837094350314939,0.10475366379238893
7043,2019-04-14,2019-04-14 23:00:00,5.749439507111124,0.015050726149757629
7044,2019-04-15,2019-04-15 23:00:00,5.8163810455686935,0.22621225334934694
7045,2019-04-16,2019-04-16 23:00:00,5.8012158372588125,0.15917093456347095
7046,2019-04-17,2019-04-17 23:00:00,5.514114428189849,0.22609735351763557
7047,2019-04-18,2019-04-18 23:00:00,5.583133355869535,0.044521979951024554
7048,2019-04-19,2019-04-19 23:00:00,5.463043350990811,0.34413167159578545
7049,2019-04-20,2019-04-20 23:00:00,5.2196541121232665,0.3153675878379628
7050,2019-04-21,2019-04-21 23:00:00,5.08759404456052,0.1925054517979231
7051,2019-04-22,2019-04-22 23:00:00,5.559581745286937,0.32518860643834097
7052,2019-04-23,2019-04-23 23:00:00,5.599749345708033,0.4197019292663331
7053,2019-04-24,2019-04-24 23:00:00,5.304530919364832,0.38072789590933176
7054,2019-04-25,2019-04-25 23:00:00,5.387730506836277,0.407858242126035
7055,2019-04-26,2019-04-26 23:00:00,5.138049385578671,0.2352247568902474
7056,2019-04-27,2019-04-27 23:00:00,5.350011904590793,0.07085099672495065
7057,2019-04-28,2019-04-28 23:00:00,5.275290793582797,0.02597295230695401
7058,2019-04-29,2019-04-29 23:00:00,5.4659752443379785,0.23054201301498464
7059,2019-04-30,2019-04-30 23:00:00,5.449293727547707,0.20885758222909173
7060,2019-05-01,2019-05-01 23:00:00,5.3496089181868784,0.11231417401790186
7061,2019-05-02,2019-05-02 23:00:00,5.652992427154424,0.2047505921806716
7062,2019-05-03,2019-05-03 23:00:00,5.79374898583787,0.04070816522984409
7063,2019-05-04,2019-05-04 23:00:00,5.834393812433866,0.06889758084625604
7064,2019-05-05,2019-05-05 23:00:00,5.803407772250064,0.08602966077609438
7065,2019-05-06,2019-05-06 23:00:00,6.027857084451587,0.09224228510570114
7066,2019-05-07,2019-05-07 23:00:00,6.0637435856528406,0.06018846335171836
7067,2019-05-08,2019-05-08 23:00:00,6.083251284476855,0.04805598410291051
7068,2019-05-09,2019-05-09 23:00:00,6.129563474167156,0.04494083388169208
7069,2019-05-10,2019-05-10 23:00:00,5.943833336973994,0.1856872844245102
7070,2019-05-11,2019-05-11 23:00:00,5.7741992442346595,0.24440055814208347
7071,2019-05-12,2019-05-12 23:00:00,5.649583945681072,0.15998297981499118
7072,2019-05-13,2019-05-13 23:00:00,5.471051475237542,0.3558701097526524
7073,2019-05-14,2019-05-14 23:00:00,5.432166319645806,0.366087118448804
7074,2019-05-15,2019-05-15 23:00:00,5.440933687192955,0.15726453258492248
7075,2019-05-16,2019-05-16 23:00:00,5.5105061882594315,0.24377426601440857
7076,2019-05-17,2019-05-17 23:00:00,5.312419639175279,0.17701598346815015
7077,2019-05-18,2019-05-18 23:00:00,5.275733717638647,0.34374894508842324
7078,2019-05-19,2019-05-19 23:00:00,5.352501661207217,0.23169328633056896
7079,2019-05-20,2019-05-20 23:00:00,5.422298632384603,0.26282166135907425
7080,2019-05-21,2019-05-21 23:00:00,5.509233793009293,0.154132785851276
7081,2019-05-22,2019-05-22 23:00:00,5.284854712170988,0.42741344962512867
7082,2019-05-23,2019-05-23 23:00:00,5.2355943238944285,0.3393722339018148
7083,2019-05-24,2019-05-24 23:00:00,5.139034459826859,0.37785857273236306
7084,2019-05-25,2019-05-25 23:00:00,5.200051931614652,0.18933579920841487
7085,2019-05-26,2019-05-26 23:00:00,5.134824782227511,0.22678566296190875
7086,2019-05-27,2019-05-27 23:00:00,5.326408076229435,0.2711019936851548
7087,2019-05-28,2019-05-28 23:00:00,5.308810100632463,0.3084047947954963
7088,2019-05-29,2019-05-29 23:00:00,5.254180048830724,0.21687121969895926
7089,2019-05-30,2019-05-30 23:00:00,5.285548820299553,0.3995707779256938
7090,2019-05-31,2019-05-31 23:00:00,5.302228059896231,0.31606251073414354
7091,2019-06-01,2019-06-01 23:00:00,5.273547847778438,0.26417126933422325
7092,2019-06-02,2019-06-02 23:00:00,5.0486815622605885,0.1767287862817063
7093,2019-06-03,2019-06-03 23:00:00,5.070395162016568,0.25640342548431044
7094,2019-06-04,2019-06-04 23:00:00,5.224933467380016,0.32325117885765425
7095,2019-06-05,2019-06-05 23:00:00,5.453940687573014,0.23142505460064533
7096,2019-06-06,2019-06-06 23:00:00,5.339939393787879,0.3777364329164331
7097,2019-06-07,2019-06-07 23:00:00,5.245797166082403,0.18175004849091692
7098,2019-06-08,2019-06-08 23:00:00,5.1574973179255785,0.07936993991912296
7099,2019-06-09,2019-06-09 23:00:00,5.055171984206004,0.18163071815180334
7100,2019-06-10,2019-06-10 23:00:00,5.169270202556582,0.256942534843723
7101,2019-06-11,2019-06-11 23:00:00,5.159918371491544,0.38378268519233855
7102,2019-06-12,2019-06-12 23:00:00,5.186020829367532,0.3845979014881159
7103,2019-06-13,2019-06-13 23:00:00,4.905464859889738,0.20157464829753916
7104,2019-06-14,2019-06-14 23:00:00,4.884891801893253,0.08713237535635357
7105,2019-06-15,2019-06-15 23:00:00,4.891868101576428,0.08298634564468844
7106,2019-06-16,2019-06-16 23:00:00,4.848219235204666,0.04433207239065759
7107,2019-06-17,2019-06-17 23:00:00,5.004882182300399,0.1646575142361835
7108,2019-06-18,2019-06-18 23:00:00,5.251958799635882,0.2735572472422282
7109,2019-06-19,2019-06-19 23:00:00,5.287321027544464,0.39978295146495096
7110,2019-06-20,2019-06-20 23:00:00,5.183489506099575,0.29089492163152036
7111,2019-06-21,2019-06-21 23:00:00,5.215565596361473,0.34063726870955363
7112,2019-06-22,2019-06-22 23:00:00,5.032191409712179,0.04897805651714407
7113,2019-06-23,2019-06-23 23:00:00,5.008818316093442,0.09735831111867412
7114,2019-06-24,2019-06-24 23:00:00,4.950898606851143,0.13938151217118488
7115,2019-06-25,2019-06-25 23:00:00,5.076386089799129,0.2035012410864679
7116,2019-06-26,2019-06-26 23:00:00,5.11297390321889,0.3030988668408919
7117,2019-06-27,2019-06-27 23:00:00,5.254486076846847,0.22743764606089706
7118,2019-06-28,2019-06-28 23:00:00,5.290564739329832,0.09387449914251567
7119,2019-06-29,2019-06-29 23:00:00,5.2785168957353905,0.13951290357562324
7120,2019-06-30,2019-06-30 23:00:00,5.202725631189054,0.10602771937198609
7121,2019-07-01,2019-07-01 23:00:00,5.246848895207911,0.09842910242153775
7122,2019-07-02,2019-07-02 23:00:00,5.332820214553016,0.15604088861643783
7123,2019-07-03,2019-07-03 23:00:00,5.4409054341547085,0.1909955682011481
7124,2019-07-04,2019-07-04 23:00:00,5.392877631657768,0.17527135680653416
7125,2019-07-05,2019-07-05 23:00:00,5.2873908028750725,0.12387491812684041
7126,2019-07-06,2019-07-06 23:00:00,5.169638954118457,0.1646634627694873
7127,2019-07-07,2019-07-07 23:00:00,5.099205860447867,0.15802676252251968
7128,2019-07-08,2019-07-08 23:00:00,5.116850703751174,0.18621081389499217
7129,2019-07-09,2019-07-09 23:00:00,5.0998824603428625,0.0710649610944669
7130,2019-07-10,2019-07-10 23:00:00,5.2190255232507825,0.26424771055693497
7131,2019-07-11,2019-07-11 23:00:00,5.176489867806445,0.23939485130516508
7132,2019-07-12,2019-07-12 23:00:00,5.274809518290576,0.27291851983719934
7133,2019-07-13,2019-07-13 23:00:00,5.259247186388079,0.10088389425859225
7134,2019-07-14,2019-07-14 23:00:00,5.189588052098105,0.2264163548946623
7135,2019-07-15,2019-07-15 23:00:00,5.25425254687552,0.33371709357285506
7136,2019-07-16,2019-07-16 23:00:00,5.289504930647149,0.2348119362412326
7137,2019-07-17,2019-07-17 23:00:00,5.173578242013655,0.31047739863997914
7138,2019-07-18,2019-07-18 23:00:00,5.273939436782518,0.3087802489601451
7139,2019-07-19,2019-07-19 23:00:00,5.1518673482622575,0.28490990006010863
7140,2019-07-20,2019-07-20 23:00:00,5.162313419982456,0.10919460727153553
7141,2019-07-21,2019-07-21 23:00:00,5.263450454372282,0.061066366726197585
7142,2019-07-22,2019-07-22 23:00:00,5.275941166130518,0.2733264670224962
7143,2019-07-23,2019-07-23 23:00:00,5.202983406968431,0.2278101006391432
7144,2019-07-24,2019-07-24 23:00:00,5.205358818665058,0.21025738890936224
7145,2019-07-25,2019-07-25 23:00:00,5.211908045889971,0.33823246607013646
7146,2019-07-26,2019-07-26 23:00:00,5.168251371783952,0.3107147528322406
7147,2019-07-27,2019-07-27 23:00:00,5.153894425457811,0.18558299611355752
7148,2019-07-28,2019-07-28 23:00:00,5.104632781448749,0.08618756303852645
7149,2019-07-29,2019-07-29 23:00:00,5.1719493467845075,0.18467505174354493
7150,2019-07-30,2019-07-30 23:00:00,5.275666891079773,0.29910109194912105
7151,2019-07-31,2019-07-31 23:00:00,5.240387677164079,0.30628356743372254
7152,2019-08-01,2019-08-01 23:00:00,5.308257153766367,0.2865389514451507
7153,2019-08-02,2019-08-02 23:00:00,5.322635359555761,0.25190467811673556
7154,2019-08-03,2019-08-03 23:00:00,5.272018811884116,0.2514731184677722
7155,2019-08-04,2019-08-04 23:00:00,5.242328042637542,0.11824167674617483
7156,2019-08-05,2019-08-05 23:00:00,5.263248775909324,0.2922529320527849
7157,2019-08-06,2019-08-06 23:00:00,5.463582087957666,0.15743556092428912
7158,2019-08-07,2019-08-07 23:00:00,5.441129508037328,0.1733153344417526
7159,2019-08-08,2019-08-08 23:00:00,5.149860985415933,0.21824951428852502
7160,2019-08-09,2019-08-09 23:00:00,5.392008179488065,0.36750899809825865
7161,2019-08-10,2019-08-10 23:00:00,5.33928466618181,0.24853416191294225
7162,2019-08-11,2019-08-11 23:00:00,5.314974150733244,0.17299349550696153
7163,2019-08-12,2019-08-12 23:00:00,5.386779262528983,0.43673897181634996
7164,2019-08-13,2019-08-13 23:00:00,5.699446695812537,0.2255139958359721
7165,2019-08-14,2019-08-14 23:00:00,5.70769993881481,0.3624079037868233
7166,2019-08-15,2019-08-15 23:00:00,5.542518406923627,0.08457086590752264
7167,2019-08-16,2019-08-16 23:00:00,5.396829048380837,0.22131942162903648
7168,2019-08-17,2019-08-17 23:00:00,5.296235126279519,0.30089155697205
7169,2019-08-18,2019-08-18 23:00:00,5.203788848523259,0.31870026367610255
7170,2019-08-19,2019-08-19 23:00:00,5.213629987248318,0.31378059316381574
7171,2019-08-20,2019-08-20 23:00:00,5.125060355382414,0.2303268186206018
7172,2019-08-21,2019-08-21 23:00:00,5.167196062624378,0.26358259520171995
7173,2019-08-22,2019-08-22 23:00:00,5.148795394933426,0.3093504842892556
7174,2019-08-23,2019-08-23 23:00:00,5.262908751818469,0.3067705779815369
7175,2019-08-24,2019-08-24 23:00:00,5.080665806923807,0.16251531333409636
7176,2019-08-25,2019-08-25 23:00:00,5.18272964631003,0.2023056312665166
7177,2019-08-26,2019-08-26 23:00:00,5.519125443396064,0.2591598369691757
7178,2019-08-27,2019-08-27 23:00:00,5.645785778772802,0.3513658947557829
7179,2019-08-28,2019-08-28 23:00:00,5.640604210620339,0.22178649141920112
7180,2019-08-29,2019-08-29 23:00:00,5.704095166055403,0.23522392792082014
7181,2019-08-30,2019-08-30 23:00:00,5.6735210612592,0.2213179545800794
7182,2019-08-31,2019-08-31 23:00:00,5.695286156776663,0.14493108146565323
7183,2019-09-01,2019-09-01 23:00:00,5.609924957833381,0.12562009646407385
7184,2019-09-02,2019-09-02 23:00:00,5.7572278818688085,0.058524380338905065
7185,2019-09-03,2019-09-03 23:00:00,5.671391003577667,0.39481886406155003
7186,2019-09-04,2019-09-04 23:00:00,5.815767958696959,0.13020071803372815
7187,2019-09-05,2019-09-05 23:00:00,5.752683690919906,0.11595111110209268
7188,2019-09-06,2019-09-06 23:00:00,5.58427426893277,0.27760672743797515
7189,2019-09-07,2019-09-07 23:00:00,5.67858976822509,0.037228883225837894
7190,2019-09-08,2019-09-08 23:00:00,5.633369513006312,0.11356711143377897
7191,2019-09-09,2019-09-09 23:00:00,5.7908837426904896,0.1957481852700431
7192,2019-09-10,2019-09-10 23:00:00,5.98339856255152,0.2627643771698487
7193,2019-09-11,2019-09-11 23:00:00,5.901381232915104,0.13766590749197055
7194,2019-09-12,2019-09-12 23:00:00,5.972784439083109,0.19415791802789645
7195,2019-09-13,2019-09-13 23:00:00,6.134035222268159,0.15879579599754629
7196,2019-09-14,2019-09-14 23:00:00,6.042496135053511,0.01900329733833423
7197,2019-09-15,2019-09-15 23:00:00,6.118643400147794,0.08684765289616243
7198,2019-09-16,2019-09-16 23:00:00,6.261074382705558,0.07283313601433537
7199,2019-09-17,2019-09-17 23:00:00,6.328318035168259,0.0170677826268723
7200,2019-09-18,2019-09-18 23:00:00,6.317576761286571,0.08047540225832085
7201,2019-09-19,2019-09-19 23:00:00,6.301945413169652,0.11808110431387066
7202,2019-09-20,2019-09-20 23:00:00,6.256208266896898,0.1390595354253296
7203,2019-09-21,2019-09-21 23:00:00,6.1242874835264445,0.05708630946965495
7204,2019-09-22,2019-09-22 23:00:00,6.138854483459831,0.03231340128865867
7205,2019-09-23,2019-09-23 23:00:00,6.287243632425638,0.1332395262330752
7206,2019-09-24,2019-09-24 23:00:00,6.362183217419989,0.0803286258610699
7207,2019-09-25,2019-09-25 23:00:00,6.352127806201785,0.09086218334915695
7208,2019-09-26,2019-09-26 23:00:00,6.181514197279846,0.10844250797843522
7209,2019-09-27,2019-09-27 23:00:00,6.202442043556098,0.1374608014470622
7210,2019-09-28,2019-09-28 23:00:00,6.244311876576613,0.09466316144147736
7211,2019-09-29,2019-09-29 23:00:00,6.247112666839816,0.11606655773300187
7212,2019-09-30,2019-09-30 23:00:00,6.464731052132481,0.08676408483312774
7213,2019-10-01,2019-10-01 23:00:00,6.446304419950166,0.04647529565913082
7214,2019-10-02,2019-10-02 23:00:00,6.471310676904241,0.032560401030523205
7215,2019-10-03,2019-10-03 23:00:00,6.3932214500222955,0.2478163167696995
7216,2019-10-04,2019-10-04 23:00:00,6.303233771930221,0.24671225469245817
7217,2019-10-05,2019-10-05 23:00:00,6.395784794333412,0.09048080365138395
7218,2019-10-06,2019-10-06 23:00:00,6.349459924739107,0.09412390390587705
7219,2019-10-07,2019-10-07 23:00:00,6.2941580183599655,0.1495193547079143
7220,2019-10-08,2019-10-08 23:00:00,6.405297969137531,0.1973287380271811
7221,2019-10-09,2019-10-09 23:00:00,6.442174182278856,0.19921208362069878
7222,2019-10-10,2019-10-10 23:00:00,6.3808965768426305,0.1637534589810349
7223,2019-10-11,2019-10-11 23:00:00,6.434055598924083,0.17293551918405764
7224,2019-10-12,2019-10-12 23:00:00,6.354884818345142,0.12368393436884212
7225,2019-10-13,2019-10-13 23:00:00,6.297687475243786,0.007595816263112329
7226,2019-10-14,2019-10-14 23:00:00,6.445195214637681,0.12217765555082909
7227,2019-10-15,2019-10-15 23:00:00,6.381216120801315,0.2021875704886604
7228,2019-10-16,2019-10-16 23:00:00,6.388613673635693,0.3083123615142427
7229,2019-10-17,2019-10-17 23:00:00,6.3398462772302615,0.16012245762384286
7230,2019-10-18,2019-10-18 23:00:00,6.411594005968898,0.12103499793400303
7231,2019-10-19,2019-10-19 23:00:00,6.182766351454074,0.26862933539191713
7232,2019-10-20,2019-10-20 23:00:00,6.089867634737817,0.1393897063629564
7233,2019-10-21,2019-10-21 23:00:00,6.208166790646469,0.23016710247352812
7234,2019-10-22,2019-10-22 23:00:00,5.910950417178842,0.5782925483644503
7235,2019-10-23,2019-10-23 23:00:00,5.761881543451259,0.5104746476956273
7236,2019-10-24,2019-10-24 23:00:00,5.881049560036748,0.3937460919139485
7237,2019-10-25,2019-10-25 23:00:00,5.806205722365867,0.23236836430615462
7238,2019-10-26,2019-10-26 23:00:00,5.645778995518184,0.11002643351438351
7239,2019-10-27,2019-10-27 23:00:00,5.5536469182672965,0.18403131135031198
7240,2019-10-28,2019-10-28 23:00:00,5.489732225572233,0.3781988044522951
7241,2019-10-29,2019-10-29 23:00:00,5.541957125487659,0.4700712417718509
7242,2019-10-30,2019-10-30 23:00:00,5.634022771681271,0.1774722377493108
7243,2019-10-31,2019-10-31 23:00:00,5.620349935903689,0.1177279150004638
7244,2019-11-01,2019-11-01 23:00:00,5.7044552190002795,0.16049596757867066
7245,2019-11-02,2019-11-02 23:00:00,5.623286938121082,0.10041463686992756
7246,2019-11-03,2019-11-03 23:00:00,5.689939620614627,0.035840886453474906
7247,2019-11-04,2019-11-04 23:00:00,5.758806240453932,0.021061211430786
7248,2019-11-05,2019-11-05 23:00:00,5.721855837446916,0.19137154750343163
7249,2019-11-06,2019-11-06 23:00:00,5.979187847489103,0.09733898386380099
7250,2019-11-07,2019-11-07 23:00:00,5.990758587631181,0.14984009239737708
7251,2019-11-08,2019-11-08 23:00:00,6.057856922549061,0.0757966122943181
7252,2019-11-09,2019-11-09 23:00:00,6.022020074097083,0.057234609475654
7253,2019-11-10,2019-11-10 23:00:00,6.111845082326439,0.047250851065374015
7254,2019-11-11,2019-11-11 23:00:00,6.125593270240607,0.01237990625732365
7255,2019-11-12,2019-11-12 23:00:00,6.166612019749422,0.027712439004591558
7256,2019-11-13,2019-11-13 23:00:00,5.750988079904086,0.6195101241355152
7257,2019-11-14,2019-11-14 23:00:00,5.969676889340509,0.1827490354956347
7258,2019-11-15,2019-11-15 23:00:00,5.670389411111182,0.13454966057036044
7259,2019-11-16,2019-11-16 23:00:00,5.515691529702146,0.1140764363150825
7260,2019-11-17,2019-11-17 23:00:00,5.5766317468517075,0.12857981785171801
7261,2019-11-18,2019-11-18 23:00:00,5.7108209190193735,0.14894666772886478
7262,2019-11-19,2019-11-19 23:00:00,5.850395204905507,0.23933638663541373
7263,2019-11-20,2019-11-20 23:00:00,5.874326651107794,0.1767696563962635
7264,2019-11-21,2019-11-21 23:00:00,5.836729011952182,0.25002905590667734
7265,2019-11-22,2019-11-22 23:00:00,5.912367287087957,0.34278510086245795
7266,2019-11-23,2019-11-23 23:00:00,5.8903317884941755,0.19321532600148347
7267,2019-11-24,2019-11-24 23:00:00,5.75634769607197,0.09825945431880569
7268,2019-11-25,2019-11-25 23:00:00,5.8855816399215355,0.13728764444838
7269,2019-11-26,2019-11-26 23:00:00,5.7784003974936295,0.11208646416932469
7270,2019-11-27,2019-11-27 23:00:00,5.909311957575087,0.17846112429219912
7271,2019-11-28,2019-11-28 23:00:00,5.956133662137752,0.20940587757758594
7272,2019-11-29,2019-11-29 23:00:00,6.027301902769442,0.12762737909877955
7273,2019-11-30,2019-11-30 23:00:00,5.9476073304872505,0.14818485896637024
7274,2019-12-01,2019-12-01 23:00:00,5.8036750456463,0.15332434822862323
7275,2019-12-02,2019-12-02 23:00:00,6.016303809206093,0.22191769645954149
7276,2019-12-03,2019-12-03 23:00:00,6.027711019075727,0.16461346224460216
7277,2019-12-04,2019-12-04 23:00:00,6.020768081862772,0.15906607231656505
7278,2019-12-05,2019-12-05 23:00:00,5.759677290039268,0.4639374374581958
7279,2019-12-06,2019-12-06 23:00:00,5.975434986473001,0.1524787946158736
7280,2019-12-07,2019-12-07 23:00:00,5.9921215275333255,0.10901255466299338
7281,2019-12-08,2019-12-08 23:00:00,6.019271963760079,0.06766772482741305
7282,2019-12-09,2019-12-09 23:00:00,6.154244224048418,0.05993924053748673
7283,2019-12-10,2019-12-10 23:00:00,6.239102952836244,0.0919152450444795
7284,2019-12-11,2019-12-11 23:00:00,6.314821007488971,0.07657503680965458
7285,2019-12-12,2019-12-12 23:00:00,6.31709447092179,0.06328921447289801
7286,2019-12-13,2019-12-13 23:00:00,6.382800721068759,0.03198114088498714
7287,2019-12-14,2019-12-14 23:00:00,6.356027196964476,0.06114014761837487
7288,2019-12-15,2019-12-15 23:00:00,6.277309172598109,0.13663175367465205
7289,2019-12-16,2019-12-16 23:00:00,6.287222414168656,0.2184962292813651
7290,2019-12-17,2019-12-17 23:00:00,6.127940967900028,0.27742674142327617
7291,2019-12-18,2019-12-18 23:00:00,6.164972118948353,0.20732628010918389
7292,2019-12-19,2019-12-19 23:00:00,6.332464353638656,0.13019813047016193
7293,2019-12-20,2019-12-20 23:00:00,6.193948237600075,0.14404141750594754
7294,2019-12-21,2019-12-21 23:00:00,6.250584908789411,0.10509169997106356
7295,2019-12-22,2019-12-22 23:00:00,6.25751677957512,0.05926409575608546
7296,2019-12-23,2019-12-23 23:00:00,6.279898124386275,0.1875832782586978
7297,2019-12-24,2019-12-24 23:00:00,6.162651763707269,0.18596478428026522
7298,2019-12-25,2019-12-25 23:00:00,6.031362420859996,0.22370139521934984
7299,2019-12-26,2019-12-26 23:00:00,6.206759689291907,0.21620610986592312
7300,2019-12-27,2019-12-27 23:00:00,6.218550033532835,0.20963653152833608
7301,2019-12-28,2019-12-28 23:00:00,6.05599899112637,0.15611268399021266
7302,2019-12-29,2019-12-29 23:00:00,5.925868315716811,0.1707688382486539
7303,2019-12-30,2019-12-30 23:00:00,6.1828313560108965,0.25080032233676947
7304,2019-12-31,2019-12-31 23:00:00,6.048943839634561,0.07471941755177659
7305,2020-01-01,2020-01-01 23:00:00,5.237642429921217,0.4510847373674992
7306,2020-01-02,2020-01-02 23:00:00,5.763174213722235,0.7147717481379667
7307,2020-01-03,2020-01-03 23:00:00,5.81974647016511,0.3649199403846036
7308,2020-01-04,2020-01-04 23:00:00,5.752356052320145,0.27270875815726286
7309,2020-01-05,2020-01-05 23:00:00,5.835356139164304,0.21315963578079172
7310,2020-01-06,2020-01-06 23:00:00,5.768148511012356,0.08123596864626677
7311,2020-01-07,2020-01-07 23:00:00,5.965156965236228,0.2496152820041467
7312,2020-01-08,2020-01-08 23:00:00,5.98447866539098,0.21587720086362783
7313,2020-01-09,2020-01-09 23:00:00,6.092896978500112,0.20711917008584801
7314,2020-01-10,2020-01-10 23:00:00,6.146007036834199,0.16408225341427143
7315,2020-01-11,2020-01-11 23:00:00,6.0861028319167545,0.2223001776250141
7316,2020-01-12,2020-01-12 23:00:00,6.1370518366080615,0.24805508433096476
7317,2020-01-13,2020-01-13 23:00:00,6.301165761678887,0.11273610810291834
7318,2020-01-14,2020-01-14 23:00:00,6.201972181709898,0.05550277511426183
7319,2020-01-15,2020-01-15 23:00:00,6.2711510414860925,0.14469730090559305
7320,2020-01-16,2020-01-16 23:00:00,6.316701011704635,0.09495310883612608
7321,2020-01-17,2020-01-17 23:00:00,6.308825837826532,0.08472845172206972
7322,2020-01-18,2020-01-18 23:00:00,6.298775233719354,0.11525459248721617
7323,2020-01-19,2020-01-19 23:00:00,6.215336458877068,0.015787144102244237
7324,2020-01-20,2020-01-20 23:00:00,6.456262501556277,0.15428240745229144
7325,2020-01-21,2020-01-21 23:00:00,6.453230530000337,0.15650542522879704
7326,2020-01-22,2020-01-22 23:00:00,6.3691816047229315,0.05158217288782279
7327,2020-01-23,2020-01-23 23:00:00,6.327412650433854,0.16581748363149135
7328,2020-01-24,2020-01-24 23:00:00,6.393974889009653,0.08185279951653032
7329,2020-01-25,2020-01-25 23:00:00,6.383340592412144,0.073641671724483
7330,2020-01-26,2020-01-26 23:00:00,6.340722177316916,0.050755953870405594
7331,2020-01-27,2020-01-27 23:00:00,6.361961218491551,0.043128817841275105
7332,2020-01-28,2020-01-28 23:00:00,6.322486308602001,0.08249919454064375
7333,2020-01-29,2020-01-29 23:00:00,6.35172292388625,0.08696684508310577
7334,2020-01-30,2020-01-30 23:00:00,6.3479069603992855,0.032823426050883196
7335,2020-01-31,2020-01-31 23:00:00,6.360603199732242,0.01222270735208715
7336,2020-02-01,2020-02-01 23:00:00,6.426377780720941,0.02385888887438786
7337,2020-02-02,2020-02-02 23:00:00,6.351339245374569,0.0560625222747958
7338,2020-02-03,2020-02-03 23:00:00,6.437504299024812,0.04402262341794952
7339,2020-02-04,2020-02-04 23:00:00,6.440418998925725,0.04748403461819059
7340,2020-02-05,2020-02-05 23:00:00,6.429073601417529,0.008439039845324051
7341,2020-02-06,2020-02-06 23:00:00,6.403517718127417,0.004167178036940667
7342,2020-02-07,2020-02-07 23:00:00,6.387977070380977,0.03063702249114203
7343,2020-02-08,2020-02-08 23:00:00,6.385812525664645,0.02669341598684722
7344,2020-02-09,2020-02-09 23:00:00,6.329087593455218,0.038632371019334526
7345,2020-02-10,2020-02-10 23:00:00,6.314588168577785,0.08739422450104894
7346,2020-02-11,2020-02-11 23:00:00,6.412059423569676,0.11886410391377646
7347,2020-02-12,2020-02-12 23:00:00,6.374658587121683,0.05117023903355074
7348,2020-02-13,2020-02-13 23:00:00,6.40938828631496,0.051931951642975066
7349,2020-02-14,2020-02-14 23:00:00,6.510367717778041,0.042884034541335166
7350,2020-02-15,2020-02-15 23:00:00,6.585987205943894,0.018558194607318855
7351,2020-02-16,2020-02-16 23:00:00,6.586448467269006,0.04711208857476608
7352,2020-02-17,2020-02-17 23:00:00,6.642859222468888,0.06941095213002917
7353,2020-02-18,2020-02-18 23:00:00,6.641274175731005,0.07461094847432409
7354,2020-02-19,2020-02-19 23:00:00,6.703584075100853,0.14689003408011034
7355,2020-02-20,2020-02-20 23:00:00,6.7599080244889045,0.09789401326177548
7356,2020-02-21,2020-02-21 23:00:00,6.826551652504331,0.05657470193583261
7357,2020-02-22,2020-02-22 23:00:00,6.774359018166848,0.12332909064842168
7358,2020-02-23,2020-02-23 23:00:00,6.5418992341526065,0.27071061016800463
7359,2020-02-24,2020-02-24 23:00:00,6.6031961796322385,0.18904140163076102
7360,2020-02-25,2020-02-25 23:00:00,6.508451924456842,0.17512471748295377
7361,2020-02-26,2020-02-26 23:00:00,6.374443813391134,0.18769493145282
7362,2020-02-27,2020-02-27 23:00:00,6.108670725004643,0.2935553540413709
7363,2020-02-28,2020-02-28 23:00:00,6.187243387271448,0.2646011089252446
7364,2020-02-29,2020-02-29 23:00:00,6.06127265401674,0.09681854838102408
7365,2020-03-01,2020-03-01 23:00:00,6.190075483667168,0.14549486638187928
7366,2020-03-02,2020-03-02 23:00:00,6.412529717045736,0.09264055954249838
7367,2020-03-03,2020-03-03 23:00:00,6.564196925917833,0.09906871870048752
7368,2020-03-04,2020-03-04 23:00:00,6.540721635717918,0.09342906588416194
7369,2020-03-05,2020-03-05 23:00:00,6.510207222155215,0.14564693052336022
7370,2020-03-06,2020-03-06 23:00:00,6.42739244428752,0.13565417845836159
7371,2020-03-07,2020-03-07 23:00:00,6.307415533829475,0.05166578209787276
7372,2020-03-08,2020-03-08 23:00:00,6.296329847961485,0.0872728871257759
7373,2020-03-09,2020-03-09 23:00:00,6.277736704232814,0.06627328261704105
7374,2020-03-10,2020-03-10 23:00:00,6.288146743730647,0.05393143095933507
7375,2020-03-11,2020-03-11 23:00:00,6.2726827585295695,0.02957164042156711
7376,2020-03-12,2020-03-12 23:00:00,6.238144824612022,0.0926500269018644
7377,2020-03-13,2020-03-13 23:00:00,6.165629278045078,0.05992790801772789
7378,2020-03-14,2020-03-14 23:00:00,6.120577865902867,0.06257734001612879
7379,2020-03-15,2020-03-15 23:00:00,6.059737972738104,0.03705564606677884
7380,2020-03-16,2020-03-16 23:00:00,6.167422680791866,0.13451783905187087
7381,2020-03-17,2020-03-17 23:00:00,6.245418583411816,0.1014315207352757
7382,2020-03-18,2020-03-18 23:00:00,6.305810404536974,0.07972394278504337
7383,2020-03-19,2020-03-19 23:00:00,6.3302750269281285,0.0922021375945757
7384,2020-03-20,2020-03-20 23:00:00,6.3357117944861985,0.01401948774416365
7385,2020-03-21,2020-03-21 23:00:00,6.259474149880833,0.09726663771441565
7386,2020-03-22,2020-03-22 23:00:00,6.270742875486623,0.05470351534778709
7387,2020-03-23,2020-03-23 23:00:00,6.272483452548492,0.07907164277943714
7388,2020-03-24,2020-03-24 23:00:00,6.310281145084186,0.011509114011218324
7389,2020-03-25,2020-03-25 23:00:00,6.240794948249679,0.1029351609628252
7390,2020-03-26,2020-03-26 23:00:00,6.18545183821029,0.11770260284997835
7391,2020-03-27,2020-03-27 23:00:00,6.021953721752452,0.08768263828168643
7392,2020-03-28,2020-03-28 23:00:00,5.847918666216459,0.20256142299262514
7393,2020-03-29,2020-03-29 23:00:00,5.8919531751625085,0.17986425087427518
7394,2020-03-30,2020-03-30 23:00:00,5.803930377156238,0.29970484211005016
7395,2020-03-31,2020-03-31 23:00:00,5.702355082614204,0.24693001539173592
7396,2020-04-01,2020-04-01 23:00:00,5.713036600610181,0.2203880402620749
7397,2020-04-02,2020-04-02 23:00:00,5.606623437517044,0.22933902681877377
7398,2020-04-03,2020-04-03 23:00:00,5.5519810679070005,0.028999322562966147
7399,2020-04-04,2020-04-04 23:00:00,5.716417414174046,0.18470395704588943
7400,2020-04-05,2020-04-05 23:00:00,5.952266661252928,0.08456043867628227
7401,2020-04-06,2020-04-06 23:00:00,6.000799505943815,0.09037052127196582
7402,2020-04-07,2020-04-07 23:00:00,5.957896947285012,0.06994260578207631
7403,2020-04-08,2020-04-08 23:00:00,5.984389195133555,0.04606208607816377
7404,2020-04-09,2020-04-09 23:00:00,5.862840806541473,0.07548856184334034
7405,2020-04-10,2020-04-10 23:00:00,5.823803577060171,0.05746293932555604
7406,2020-04-11,2020-04-11 23:00:00,5.918299449180346,0.05679733314097921
7407,2020-04-12,2020-04-12 23:00:00,5.9687053245228325,0.09353796200459742
7408,2020-04-13,2020-04-13 23:00:00,5.85725771937983,0.24240730974314217
7409,2020-04-14,2020-04-14 23:00:00,5.884924989680248,0.1030712725145157
7410,2020-04-15,2020-04-15 23:00:00,5.900581993012931,0.08615954397327574
7411,2020-04-16,2020-04-16 23:00:00,5.939545829379859,0.057785938554982826
7412,2020-04-17,2020-04-17 23:00:00,5.9873215561705955,0.031229225820667627
7413,2020-04-18,2020-04-18 23:00:00,6.010287457634436,0.030165906297478378
7414,2020-04-19,2020-04-19 23:00:00,5.7612241674277405,0.2916229247645552
7415,2020-04-20,2020-04-20 23:00:00,5.974109667784805,0.09347553924772574
7416,2020-04-21,2020-04-21 23:00:00,5.979746026770493,0.1357556281884232
7417,2020-04-22,2020-04-22 23:00:00,5.967649500165855,0.13805637884161054
7418,2020-04-23,2020-04-23 23:00:00,5.874455093018757,0.08477062239473526
7419,2020-04-24,2020-04-24 23:00:00,5.87855906696601,0.07827403008319654
7420,2020-04-25,2020-04-25 23:00:00,5.737711598651266,0.08714482984401446
7421,2020-04-26,2020-04-26 23:00:00,5.887449771569429,0.1668555870321598
7422,2020-04-27,2020-04-27 23:00:00,6.195721310905071,0.17698518534490448
7423,2020-04-28,2020-04-28 23:00:00,6.323122202643627,0.0726647023838304
7424,2020-04-29,2020-04-29 23:00:00,6.276984752772582,0.09531412526724255
7425,2020-04-30,2020-04-30 23:00:00,6.222016006408691,0.19653476443169285
7426,2020-05-01,2020-05-01 23:00:00,6.050452740538013,0.1753067961910432
7427,2020-05-02,2020-05-02 23:00:00,6.1712867782783425,0.0634143926182585
7428,2020-05-03,2020-05-03 23:00:00,6.115878996376501,0.008887327441301864
7429,2020-05-04,2020-05-04 23:00:00,6.138859005865174,0.1495987317794993
7430,2020-05-05,2020-05-05 23:00:00,6.085760571606484,0.06552944240958669
7431,2020-05-06,2020-05-06 23:00:00,6.024951097904901,0.17913940133103723
7432,2020-05-07,2020-05-07 23:00:00,6.125883523959324,0.038490606775324974
7433,2020-05-08,2020-05-08 23:00:00,6.1795149994917935,0.21616243807606586
7434,2020-05-09,2020-05-09 23:00:00,5.963766414919604,0.06583381171060751
7435,2020-05-10,2020-05-10 23:00:00,6.134370179419558,0.1489568520411666
7436,2020-05-11,2020-05-11 23:00:00,6.183319520765804,0.2670862032195341
7437,2020-05-12,2020-05-12 23:00:00,6.201475981737883,0.17955463351876252
7438,2020-05-13,2020-05-13 23:00:00,6.204519552473403,0.18748336885945277
7439,2020-05-14,2020-05-14 23:00:00,6.422118611347049,0.04063477270829125
7440,2020-05-15,2020-05-15 23:00:00,6.514086348068635,0.05090002221270996
7441,2020-05-16,2020-05-16 23:00:00,6.552524396990093,0.031283771716705246
7442,2020-05-17,2020-05-17 23:00:00,6.532668941281671,0.13104508290203742
7443,2020-05-18,2020-05-18 23:00:00,6.540666036978627,0.10374772298350264
7444,2020-05-19,2020-05-19 23:00:00,6.3966558507494975,0.1327654635740354
7445,2020-05-20,2020-05-20 23:00:00,6.260401880298158,0.35846940481311623
7446,2020-05-21,2020-05-21 23:00:00,6.293868731064677,0.21590365242398607
7447,2020-05-22,2020-05-22 23:00:00,6.0418300942712575,0.17482951557120388
7448,2020-05-23,2020-05-23 23:00:00,6.147647936843786,0.16878760150018587
7449,2020-05-24,2020-05-24 23:00:00,6.2296848270298,0.20509143525255374
7450,2020-05-25,2020-05-25 23:00:00,6.584149354195845,0.04075151922343649
7451,2020-05-26,2020-05-26 23:00:00,6.535822685439068,0.22018761079940363
7452,2020-05-27,2020-05-27 23:00:00,6.521414038300828,0.14353297520512973
7453,2020-05-28,2020-05-28 23:00:00,6.507056288432192,0.17063679398882087
7454,2020-05-29,2020-05-29 23:00:00,6.437406926759049,0.1413601779040497
7455,2020-05-30,2020-05-30 23:00:00,6.386748241070479,0.2412950335555947
7456,2020-05-31,2020-05-31 23:00:00,6.12292267428073,0.29934629553824943
7457,2020-06-01,2020-06-01 23:00:00,6.2823214980616235,0.2742481230806577
7458,2020-06-02,2020-06-02 23:00:00,6.355948132532529,0.18346415875895725
7459,2020-06-03,2020-06-03 23:00:00,6.2712117467286825,0.16535345352097372
7460,2020-06-04,2020-06-04 23:00:00,6.257306629008532,0.16317635169307668
7461,2020-06-05,2020-06-05 23:00:00,6.330425748069044,0.05575829398719116
7462,2020-06-06,2020-06-06 23:00:00,6.34545732513707,0.11417838382156473
7463,2020-06-07,2020-06-07 23:00:00,6.302562133586136,0.15731403292889973
7464,2020-06-08,2020-06-08 23:00:00,6.423463305711347,0.1255686621976492
7465,2020-06-09,2020-06-09 23:00:00,6.464327958226274,0.023165690419499604
7466,2020-06-10,2020-06-10 23:00:00,6.455177557716232,0.013655923488845501
7467,2020-06-11,2020-06-11 23:00:00,6.416617496515191,0.04869330112865629
7468,2020-06-12,2020-06-12 23:00:00,6.389059435535127,0.042081680860623735
7469,2020-06-13,2020-06-13 23:00:00,6.288474585892779,0.1244190811968799
7470,2020-06-14,2020-06-14 23:00:00,6.149893953716348,0.04951755032162988
7471,2020-06-15,2020-06-15 23:00:00,6.056047810028228,0.11851420873713138
7472,2020-06-16,2020-06-16 23:00:00,6.034287839656495,0.21654138085536875
7473,2020-06-17,2020-06-17 23:00:00,6.147495633444399,0.1650752052148305
7474,2020-06-18,2020-06-18 23:00:00,6.004330949245715,0.005486097092100918
7475,2020-06-19,2020-06-19 23:00:00,5.9638060124165415,0.023911807414163013
7476,2020-06-20,2020-06-20 23:00:00,5.8987634413136085,0.05338293496605207
7477,2020-06-21,2020-06-21 23:00:00,5.879183982632977,0.04878269077621308
7478,2020-06-22,2020-06-22 23:00:00,5.819722962545015,0.06780740327594187
7479,2020-06-23,2020-06-23 23:00:00,5.87770480906079,0.07471178331770587
7480,2020-06-24,2020-06-24 23:00:00,5.846343019972536,0.0884980656688935
7481,2020-06-25,2020-06-25 23:00:00,5.934206712798084,0.15428400103075393
7482,2020-06-26,2020-06-26 23:00:00,5.950556104236095,0.07757243847645565
7483,2020-06-27,2020-06-27 23:00:00,5.901042153159544,0.12562590490870718
7484,2020-06-28,2020-06-28 23:00:00,5.795584826207535,0.06613574856430181
7485,2020-06-29,2020-06-29 23:00:00,5.826961661538033,0.1427465157738181
7486,2020-06-30,2020-06-30 23:00:00,5.833618712419777,0.13539579100154076
7487,2020-07-01,2020-07-01 23:00:00,5.894251857073854,0.12544061999978054
7488,2020-07-02,2020-07-02 23:00:00,5.760754164593553,0.1139759154828722
7489,2020-07-03,2020-07-03 23:00:00,5.717809422348757,0.11122850614365433
7490,2020-07-04,2020-07-04 23:00:00,5.606119778205424,0.07632387436058859
7491,2020-07-05,2020-07-05 23:00:00,5.506454748653699,0.18022066117123012
7492,2020-07-06,2020-07-06 23:00:00,5.368982340813524,0.3011501000326525
7493,2020-07-07,2020-07-07 23:00:00,5.366916580628559,0.37436115232405703
7494,2020-07-08,2020-07-08 23:00:00,5.384372185349144,0.32485776517435466
7495,2020-07-09,2020-07-09 23:00:00,5.309532117678183,0.3405975603799679
7496,2020-07-10,2020-07-10 23:00:00,5.411856855935508,0.25500175077691856
7497,2020-07-11,2020-07-11 23:00:00,5.2783804166891715,0.25318102893861805
7498,2020-07-12,2020-07-12 23:00:00,5.174887165821722,0.20702183381190337
7499,2020-07-13,2020-07-13 23:00:00,5.358087358932072,0.2649153058127565
7500,2020-07-14,2020-07-14 23:00:00,5.330599501894987,0.23334050347483576
7501,2020-07-15,2020-07-15 23:00:00,5.40740337996657,0.1908127419930079
7502,2020-07-16,2020-07-16 23:00:00,5.408839588949195,0.15375563295719763
7503,2020-07-17,2020-07-17 23:00:00,5.37798849272527,0.15339500190150576
7504,2020-07-18,2020-07-18 23:00:00,5.31310271086706,0.1001932630632679
7505,2020-07-19,2020-07-19 23:00:00,5.2929905344481485,0.039367769517288514
7506,2020-07-20,2020-07-20 23:00:00,5.468746841575739,0.03945884895707586
7507,2020-07-21,2020-07-21 23:00:00,5.512929972468448,0.05597200902558915
7508,2020-07-22,2020-07-22 23:00:00,5.541618277086822,0.04931392852550205
7509,2020-07-23,2020-07-23 23:00:00,5.577041717843582,0.039165427796440694
7510,2020-07-24,2020-07-24 23:00:00,5.602086117179621,0.037931840983308394
7511,2020-07-25,2020-07-25 23:00:00,5.628495874756183,0.04146748015410799
7512,2020-07-26,2020-07-26 23:00:00,5.606261289464487,0.014875247777291819
7513,2020-07-27,2020-07-27 23:00:00,5.450458597036284,0.22497664594046438
7514,2020-07-28,2020-07-28 23:00:00,5.402208335474875,0.22841370490411775
7515,2020-07-29,2020-07-29 23:00:00,5.391112682136398,0.07500751875818959
7516,2020-07-30,2020-07-30 23:00:00,5.307829248560698,0.18781259094187325
7517,2020-07-31,2020-07-31 23:00:00,5.172397838129691,0.19290904987263988
7518,2020-08-01,2020-08-01 23:00:00,5.301797572867609,0.05940296390447825
7519,2020-08-02,2020-08-02 23:00:00,5.300464668112245,0.04755774409519266
7520,2020-08-03,2020-08-03 23:00:00,5.3912709011636695,0.2022178399899644
7521,2020-08-04,2020-08-04 23:00:00,5.444913761025579,0.11987400820256008
7522,2020-08-05,2020-08-05 23:00:00,5.387635061863808,0.07053979874632518
7523,2020-08-06,2020-08-06 23:00:00,5.48339918989992,0.14928950675886524
7524,2020-08-07,2020-08-07 23:00:00,5.564236580092454,0.11557981434538298
7525,2020-08-08,2020-08-08 23:00:00,5.67923690586741,0.02547059710820221
7526,2020-08-09,2020-08-09 23:00:00,5.719394566310936,0.09635748003394749
7527,2020-08-10,2020-08-10 23:00:00,5.687527325922147,0.21390939863380512
7528,2020-08-11,2020-08-11 23:00:00,5.719200782397325,0.13392298860297866
7529,2020-08-12,2020-08-12 23:00:00,5.650360837243064,0.10001606825470417
7530,2020-08-13,2020-08-13 23:00:00,5.623924524159274,0.1064687666718061
7531,2020-08-14,2020-08-14 23:00:00,5.563630503618337,0.04966045701374716
7532,2020-08-15,2020-08-15 23:00:00,5.45957106204596,0.08515804419679968
7533,2020-08-16,2020-08-16 23:00:00,5.429395293742668,0.06330615492421941
7534,2020-08-17,2020-08-17 23:00:00,5.562444222716107,0.07336427522699217
7535,2020-08-18,2020-08-18 23:00:00,5.532690686434745,0.09212229579353455
7536,2020-08-19,2020-08-19 23:00:00,5.436213981612422,0.08449600754571016
7537,2020-08-20,2020-08-20 23:00:00,5.44009648817509,0.0769308710298241
7538,2020-08-21,2020-08-21 23:00:00,5.40511049839962,0.043149367889619254
7539,2020-08-22,2020-08-22 23:00:00,5.425471609376814,0.09861974797751241
7540,2020-08-23,2020-08-23 23:00:00,5.424959317243185,0.090331566481075
7541,2020-08-24,2020-08-24 23:00:00,5.4020052093489,0.1250449459111408
7542,2020-08-25,2020-08-25 23:00:00,5.408754385827102,0.03771274995667945
7543,2020-08-26,2020-08-26 23:00:00,5.319296836611124,0.23472198116925871
7544,2020-08-27,2020-08-27 23:00:00,5.411930914628545,0.14067573792375287
7545,2020-08-28,2020-08-28 23:00:00,5.456874659250843,0.09440004276722527
7546,2020-08-29,2020-08-29 23:00:00,5.476735371978406,0.05405065721153094
7547,2020-08-30,2020-08-30 23:00:00,5.441968650011042,0.023801550805209286
7548,2020-08-31,2020-08-31 23:00:00,5.292913128969136,0.2973171608375054
7549,2020-09-01,2020-09-01 23:00:00,5.515172415060969,0.0877305620962628
7550,2020-09-02,2020-09-02 23:00:00,5.565945014246462,0.05392495259930731
7551,2020-09-03,2020-09-03 23:00:00,5.56372182963963,0.04077120372572609
7552,2020-09-04,2020-09-04 23:00:00,5.53206844871071,0.019023350917304557
7553,2020-09-05,2020-09-05 23:00:00,5.546721629373752,0.04779612429446811
7554,2020-09-06,2020-09-06 23:00:00,5.5075095855282425,0.07179770211020318
7555,2020-09-07,2020-09-07 23:00:00,5.5255486401007765,0.03786861795949822
7556,2020-09-08,2020-09-08 23:00:00,5.52245977172134,0.04010811320878142
7557,2020-09-09,2020-09-09 23:00:00,5.3755932904697445,0.2077493542991107
7558,2020-09-10,2020-09-10 23:00:00,5.405325451019835,0.11005710887133986
7559,2020-09-11,2020-09-11 23:00:00,5.425349275126824,0.0613048541990789
7560,2020-09-12,2020-09-12 23:00:00,5.458225428542025,0.06890367001856233
7561,2020-09-13,2020-09-13 23:00:00,5.3720430721207135,0.05896985605192105
7562,2020-09-14,2020-09-14 23:00:00,5.34760544910047,0.19744522207282544
7563,2020-09-15,2020-09-15 23:00:00,5.500706521833936,0.07371092614565573
7564,2020-09-16,2020-09-16 23:00:00,5.492661781621172,0.026626947062333633
7565,2020-09-17,2020-09-17 23:00:00,5.310347366494502,0.29059798573444
7566,2020-09-18,2020-09-18 23:00:00,5.514094258958816,0.02575760756442042
7567,2020-09-19,2020-09-19 23:00:00,5.480344000664563,0.1620272483936428
7568,2020-09-20,2020-09-20 23:00:00,5.31310524705795,0.2389743797189601
7569,2020-09-21,2020-09-21 23:00:00,5.418756258475878,0.2544675022368093
7570,2020-09-22,2020-09-22 23:00:00,5.500434129779053,0.2660366583145591
7571,2020-09-23,2020-09-23 23:00:00,5.37166038087394,0.2544194742907003
7572,2020-09-24,2020-09-24 23:00:00,5.346504794046285,0.2632779032404804
7573,2020-09-25,2020-09-25 23:00:00,5.298351771141742,0.20311599811705475
7574,2020-09-26,2020-09-26 23:00:00,5.430862026404452,0.0678622981207127
7575,2020-09-27,2020-09-27 23:00:00,5.232552861750319,0.12010435888094002
7576,2020-09-28,2020-09-28 23:00:00,5.222156840810282,0.21786894790062666
7577,2020-09-29,2020-09-29 23:00:00,5.207363069880439,0.19869195850975432
7578,2020-09-30,2020-09-30 23:00:00,5.302236216816625,0.3322358253635673
7579,2020-10-01,2020-10-01 23:00:00,5.434053587454204,0.2442297677392236
7580,2020-10-02,2020-10-02 23:00:00,5.411099488915409,0.1732638718460988
7581,2020-10-03,2020-10-03 23:00:00,5.319966027306411,0.3035809290158264
7582,2020-10-04,2020-10-04 23:00:00,5.130164738612172,0.19515821497102198
7583,2020-10-05,2020-10-05 23:00:00,5.3969772013961625,0.18636492767722837
7584,2020-10-06,2020-10-06 23:00:00,5.314975434336736,0.3006580318193606
7585,2020-10-07,2020-10-07 23:00:00,5.464346034968888,0.21640426375550617
7586,2020-10-08,2020-10-08 23:00:00,5.523269384845271,0.2284925655419691
7587,2020-10-09,2020-10-09 23:00:00,5.443940095898182,0.37696817374770103
7588,2020-10-10,2020-10-10 23:00:00,5.547149060916475,0.3627032410098513
7589,2020-10-11,2020-10-11 23:00:00,5.500949532948593,0.14433950239662516
7590,2020-10-12,2020-10-12 23:00:00,5.675121035605753,0.10087721568363678
7591,2020-10-13,2020-10-13 23:00:00,5.74150350947016,0.15435243995066683
7592,2020-10-14,2020-10-14 23:00:00,5.66396708047575,0.15473388243892752
7593,2020-10-15,2020-10-15 23:00:00,5.677566689323528,0.028150233092449413
7594,2020-10-16,2020-10-16 23:00:00,5.648423020885775,0.09900120604144248
7595,2020-10-17,2020-10-17 23:00:00,5.748071805174516,0.11780271982794227
7596,2020-10-18,2020-10-18 23:00:00,5.689321920863077,0.035239604569098366
7597,2020-10-19,2020-10-19 23:00:00,5.592792899639821,0.34699032763323895
7598,2020-10-20,2020-10-20 23:00:00,5.675309202831841,0.4086011215039069
7599,2020-10-21,2020-10-21 23:00:00,5.966470996438484,0.15365752121869736
7600,2020-10-22,2020-10-22 23:00:00,6.105605033016751,0.10028135767411135
7601,2020-10-23,2020-10-23 23:00:00,6.198436280254498,0.049241429437537836
7602,2020-10-24,2020-10-24 23:00:00,6.034170928864049,0.11907817660929802
7603,2020-10-25,2020-10-25 23:00:00,5.725770310510654,0.1762508952855031
7604,2020-10-26,2020-10-26 23:00:00,5.872578001850663,0.2903770697771758
7605,2020-10-27,2020-10-27 23:00:00,5.947009907718375,0.3271624267358647
7606,2020-10-28,2020-10-28 23:00:00,5.850962378723428,0.29368524526946177
7607,2020-10-29,2020-10-29 23:00:00,5.694796525393289,0.48283078566627013
7608,2020-10-30,2020-10-30 23:00:00,5.630034383336695,0.43989002557541046
7609,2020-10-31,2020-10-31 23:00:00,5.582579258466732,0.3625463493848638
7610,2020-11-01,2020-11-01 23:00:00,5.374987966143145,0.10563648784269578
7611,2020-11-02,2020-11-02 23:00:00,5.606402108664047,0.34354100576353586
7612,2020-11-03,2020-11-03 23:00:00,5.729939627470784,0.384650411926969
7613,2020-11-04,2020-11-04 23:00:00,5.693549734250392,0.2643850010926505
7614,2020-11-05,2020-11-05 23:00:00,5.701551681160221,0.23003542118621464
7615,2020-11-06,2020-11-06 23:00:00,5.872294562182762,0.2119336165668379
7616,2020-11-07,2020-11-07 23:00:00,5.76678063593265,0.04239352358633273
7617,2020-11-08,2020-11-08 23:00:00,5.761619404827814,0.04060850706048384
7618,2020-11-09,2020-11-09 23:00:00,5.789862978263294,0.030831014787981215
7619,2020-11-10,2020-11-10 23:00:00,5.81437286793706,0.002887453638976875
7620,2020-11-11,2020-11-11 23:00:00,5.821756489408814,0.013037772455380625
7621,2020-11-12,2020-11-12 23:00:00,5.550338447134485,0.4040244945202209
7622,2020-11-13,2020-11-13 23:00:00,5.638017049633407,0.23765880379228974
7623,2020-11-14,2020-11-14 23:00:00,5.421123848785833,0.1342833394181592
7624,2020-11-15,2020-11-15 23:00:00,5.164413331513804,0.21307231643910335
7625,2020-11-16,2020-11-16 23:00:00,5.13889440993766,0.232045151019704
7626,2020-11-17,2020-11-17 23:00:00,5.328157387308486,0.25537765088893194
7627,2020-11-18,2020-11-18 23:00:00,5.452199973903318,0.2907578406625169
7628,2020-11-19,2020-11-19 23:00:00,5.3489080810860115,0.38166155496577037
7629,2020-11-20,2020-11-20 23:00:00,5.395196844368708,0.3415164355855831
7630,2020-11-21,2020-11-21 23:00:00,5.460676810617822,0.24899283078182863
7631,2020-11-22,2020-11-22 23:00:00,5.251360581879345,0.3198606382924648
7632,2020-11-23,2020-11-23 23:00:00,5.583505554558617,0.5827513720062134
7633,2020-11-24,2020-11-24 23:00:00,5.867958262685987,0.5649833935183072
7634,2020-11-25,2020-11-25 23:00:00,5.598507346810798,0.30195502989478007
7635,2020-11-26,2020-11-26 23:00:00,5.682478691649314,0.32241297886803416
7636,2020-11-27,2020-11-27 23:00:00,5.597319221647713,0.19786569174789093
7637,2020-11-28,2020-11-28 23:00:00,5.466480801336057,0.11350869091453662
7638,2020-11-29,2020-11-29 23:00:00,5.374358267602145,0.18114025588352758
7639,2020-11-30,2020-11-30 23:00:00,5.32706289767111,0.16320270848238574
7640,2020-12-01,2020-12-01 23:00:00,5.277643783289261,0.18353216180182405
7641,2020-12-02,2020-12-02 23:00:00,5.203092468870716,0.1372890092256875
7642,2020-12-03,2020-12-03 23:00:00,5.1373864046412665,0.24098385008468848
7643,2020-12-04,2020-12-04 23:00:00,5.163488155763605,0.11893231334682114
7644,2020-12-05,2020-12-05 23:00:00,5.1223201021068645,0.20461168624882772
7645,2020-12-06,2020-12-06 23:00:00,5.204494986680186,0.15459855359210517
7646,2020-12-07,2020-12-07 23:00:00,5.322264657298614,0.131913318471953
7647,2020-12-08,2020-12-08 23:00:00,5.232780811609623,0.07773984603674886
7648,2020-12-09,2020-12-09 23:00:00,5.277343400316034,0.2554033686234494
7649,2020-12-10,2020-12-10 23:00:00,5.282080953146302,0.20131916078369066
7650,2020-12-11,2020-12-11 23:00:00,5.380491680962277,0.21278821895120242
7651,2020-12-12,2020-12-12 23:00:00,5.4138134747220725,0.09512615625585054
7652,2020-12-13,2020-12-13 23:00:00,5.493387797863377,0.18053960969474087
7653,2020-12-14,2020-12-14 23:00:00,5.559172325951489,0.11480352700717102
7654,2020-12-15,2020-12-15 23:00:00,5.677613277917331,0.04764030950470207
7655,2020-12-16,2020-12-16 23:00:00,5.696078545368631,0.1734106754601402
7656,2020-12-17,2020-12-17 23:00:00,5.663470650303449,0.0815616903471727
7657,2020-12-18,2020-12-18 23:00:00,5.739719910450538,0.07918373772577945
7658,2020-12-19,2020-12-19 23:00:00,5.767037764313596,0.055808589659015535
7659,2020-12-20,2020-12-20 23:00:00,5.758694477910865,0.0449289933693346
7660,2020-12-21,2020-12-21 23:00:00,5.819872007252215,0.13616124359780557
7661,2020-12-22,2020-12-22 23:00:00,5.741406856937718,0.012666737115731415
7662,2020-12-23,2020-12-23 23:00:00,5.753816950315539,0.012419904304547402
7663,2020-12-24,2020-12-24 23:00:00,5.768962064017255,0.029344379978791902
7664,2020-12-25,2020-12-25 23:00:00,5.617417699532223,0.13080350557601872
7665,2020-12-26,2020-12-26 23:00:00,5.466468283761846,0.34890985563937876
7666,2020-12-27,2020-12-27 23:00:00,5.237729273270772,0.36796999170855726
7667,2020-12-28,2020-12-28 23:00:00,5.511525765505187,0.3189886021392161
7668,2020-12-29,2020-12-29 23:00:00,5.566536575560666,0.12863896774130615
7669,2020-12-30,2020-12-30 23:00:00,5.541463608932957,0.19546845412417563
7670,2020-12-31,2020-12-31 23:00:00,5.396521367113755,0.11817696488722589
7671,2021-01-01,2021-01-01 23:00:00,5.433884289634765,0.1208222772533774
7672,2021-01-02,2021-01-02 23:00:00,5.244135637860523,0.2846076682692378
7673,2021-01-03,2021-01-03 23:00:00,5.329503697733693,0.1504238669314077
7674,2021-01-04,2021-01-04 23:00:00,5.437984260417495,0.13631765529705536
7675,2021-01-05,2021-01-05 23:00:00,5.551550475427855,0.11438485512417113
7676,2021-01-06,2021-01-06 23:00:00,5.616063729893109,0.07939191154909822
7677,2021-01-07,2021-01-07 23:00:00,5.583241977565051,0.028691050139719523
7678,2021-01-08,2021-01-08 23:00:00,5.567430882846879,0.07569663033797676
7679,2021-01-09,2021-01-09 23:00:00,5.448264130573992,0.1814501822292712
7680,2021-01-10,2021-01-10 23:00:00,5.437854031623527,0.16299165620758413
7681,2021-01-11,2021-01-11 23:00:00,5.48258921044201,0.02420609755890215
7682,2021-01-12,2021-01-12 23:00:00,5.319398669541258,0.14356285452432402
7683,2021-01-13,2021-01-13 23:00:00,5.30045925062324,0.12492590740447734
7684,2021-01-14,2021-01-14 23:00:00,5.328775899497525,0.12618093438447456
7685,2021-01-15,2021-01-15 23:00:00,5.420529763253858,0.10428615471128498
7686,2021-01-16,2021-01-16 23:00:00,5.389003916648057,0.032029792481904934
7687,2021-01-17,2021-01-17 23:00:00,5.478073211755813,0.05663941398156005
7688,2021-01-18,2021-01-18 23:00:00,5.567349956532454,0.1417142959699664
7689,2021-01-19,2021-01-19 23:00:00,5.605816751426396,0.037533485584632896
7690,2021-01-20,2021-01-20 23:00:00,5.671484750222792,0.0706733834819222
7691,2021-01-21,2021-01-21 23:00:00,5.70822725029029,0.07318507703655387
7692,2021-01-22,2021-01-22 23:00:00,5.764705394000715,0.02259750652210473
7693,2021-01-23,2021-01-23 23:00:00,5.852473571748329,0.12935299921251273
7694,2021-01-24,2021-01-24 23:00:00,5.785081803831787,0.125013774894708
7695,2021-01-25,2021-01-25 23:00:00,5.922649439630405,0.03619594365353198
7696,2021-01-26,2021-01-26 23:00:00,5.8957985603879175,0.04481560337875764
7697,2021-01-27,2021-01-27 23:00:00,5.872435312072617,0.01916089299627782
7698,2021-01-28,2021-01-28 23:00:00,5.8586558300680975,0.07960284135174236
7699,2021-01-29,2021-01-29 23:00:00,5.810908512844626,0.05067599095657149
7700,2021-01-30,2021-01-30 23:00:00,5.812630771761445,0.05628418634864346
7701,2021-01-31,2021-01-31 23:00:00,5.787839092419674,0.04062274607267298
7702,2021-02-01,2021-02-01 23:00:00,5.877259465887996,0.06828809005406423
7703,2021-02-02,2021-02-02 23:00:00,6.031150233685459,0.15058329419630462
7704,2021-02-03,2021-02-03 23:00:00,6.048325226103754,0.18910691380498246
7705,2021-02-04,2021-02-04 23:00:00,5.953229151255413,0.05631461986149326
7706,2021-02-05,2021-02-05 23:00:00,5.931227790959816,0.032104249254047
7707,2021-02-06,2021-02-06 23:00:00,5.974880375950676,0.046843410828950674
7708,2021-02-07,2021-02-07 23:00:00,5.960846929649331,0.05547103490175627
7709,2021-02-08,2021-02-08 23:00:00,6.031403100605332,0.05496443421361669
7710,2021-02-09,2021-02-09 23:00:00,6.074558383103478,0.05333921907457161
7711,2021-02-10,2021-02-10 23:00:00,6.09401429276929,0.059470573689003936
7712,2021-02-11,2021-02-11 23:00:00,6.086631191529183,0.026304447070507293
7713,2021-02-12,2021-02-12 23:00:00,6.080657549998211,0.07011237898783243
7714,2021-02-13,2021-02-13 23:00:00,6.043756613650665,0.04314627946706393
7715,2021-02-14,2021-02-14 23:00:00,5.941244824551421,0.07501100212734715
7716,2021-02-15,2021-02-15 23:00:00,6.052396085010332,0.14210216440506981
7717,2021-02-16,2021-02-16 23:00:00,6.077063746617429,0.14769724520390706
7718,2021-02-17,2021-02-17 23:00:00,6.105142401111196,0.16364961907680461
7719,2021-02-18,2021-02-18 23:00:00,6.009266458589181,0.07463209494252027
7720,2021-02-19,2021-02-19 23:00:00,6.007619455067843,0.06567238860787421
7721,2021-02-20,2021-02-20 23:00:00,5.992002443599014,0.06043714597164358
7722,2021-02-21,2021-02-21 23:00:00,5.970506316890474,0.02333345489713783
7723,2021-02-22,2021-02-22 23:00:00,6.019536585693408,0.10439757359534912
7724,2021-02-23,2021-02-23 23:00:00,5.981423144255952,0.12676901726406123
7725,2021-02-24,2021-02-24 23:00:00,5.917735259358718,0.0366951612960138
7726,2021-02-25,2021-02-25 23:00:00,5.934074114510718,0.04349103105655879
7727,2021-02-26,2021-02-26 23:00:00,6.040142204115291,0.09882567343768214
7728,2021-02-27,2021-02-27 23:00:00,5.955050428219582,0.013901324511308108
7729,2021-02-28,2021-02-28 23:00:00,5.852281315587622,0.05393864042632956
7730,2021-03-01,2021-03-01 23:00:00,5.737340103777796,0.33411828984166037
7731,2021-03-02,2021-03-02 23:00:00,5.78871533595235,0.05458192976240775
7732,2021-03-03,2021-03-03 23:00:00,5.70719695057672,0.08858091784870145
7733,2021-03-04,2021-03-04 23:00:00,5.579003149618799,0.16795259756970596
7734,2021-03-05,2021-03-05 23:00:00,5.683785879594456,0.1839594833110634
7735,2021-03-06,2021-03-06 23:00:00,5.590818013286442,0.13124097299763535
7736,2021-03-07,2021-03-07 23:00:00,5.556217625012795,0.08444764555946616
7737,2021-03-08,2021-03-08 23:00:00,5.6561194193354325,0.25853725842623876
7738,2021-03-09,2021-03-09 23:00:00,5.579790908730197,0.21933187689806227
7739,2021-03-10,2021-03-10 23:00:00,5.548222012156896,0.18380347940306443
7740,2021-03-11,2021-03-11 23:00:00,5.499966335628727,0.21929014481615106
7741,2021-03-12,2021-03-12 23:00:00,5.544855208208976,0.20088027323908972
7742,2021-03-13,2021-03-13 23:00:00,5.562498477596601,0.18682828300294768
7743,2021-03-14,2021-03-14 23:00:00,5.425826764857189,0.13556699258332608
7744,2021-03-15,2021-03-15 23:00:00,5.59405877089835,0.20649423394016594
7745,2021-03-16,2021-03-16 23:00:00,5.614987288978398,0.13712343067294322
7746,2021-03-17,2021-03-17 23:00:00,5.512422636701534,0.22962563328488078
7747,2021-03-18,2021-03-18 23:00:00,5.510895758701925,0.2590046509687589
7748,2021-03-19,2021-03-19 23:00:00,5.4155508006264155,0.15769148530643312
7749,2021-03-20,2021-03-20 23:00:00,5.284177462438239,0.05018413097191648
7750,2021-03-21,2021-03-21 23:00:00,5.213412685630097,0.07393036294745096
7751,2021-03-22,2021-03-22 23:00:00,5.250096006992216,0.048145372597448714
7752,2021-03-23,2021-03-23 23:00:00,5.3121981470142785,0.0710017552306148
7753,2021-03-24,2021-03-24 23:00:00,5.257295010549924,0.03556266940767785
7754,2021-03-25,2021-03-25 23:00:00,5.33145071087743,0.0886235702866138
7755,2021-03-26,2021-03-26 23:00:00,5.326709784419251,0.07432172511587744
7756,2021-03-27,2021-03-27 23:00:00,5.367587271318693,0.15266852556513671
7757,2021-03-28,2021-03-28 23:00:00,5.397805741373688,0.06676283741026649
7758,2021-03-29,2021-03-29 23:00:00,5.425384983680556,0.22155184991109567
7759,2021-03-30,2021-03-30 23:00:00,5.475207348377642,0.09398668748199758
7760,2021-03-31,2021-03-31 23:00:00,5.450524292655186,0.03654147756866183
7761,2021-04-01,2021-04-01 23:00:00,5.406730253902285,0.05757803533358184
7762,2021-04-02,2021-04-02 23:00:00,5.412116261322001,0.013102680913926893
7763,2021-04-03,2021-04-03 23:00:00,5.411067126518451,0.12177254054490412
7764,2021-04-04,2021-04-04 23:00:00,5.448227579906828,0.10770473559123202
7765,2021-04-05,2021-04-05 23:00:00,5.5540424434937785,0.15532487964456335
7766,2021-04-06,2021-04-06 23:00:00,5.490701459900638,0.0742272188132355
7767,2021-04-07,2021-04-07 23:00:00,5.430795001876743,0.10129690240959333
7768,2021-04-08,2021-04-08 23:00:00,5.407367324159256,0.1356441211807829
7769,2021-04-09,2021-04-09 23:00:00,5.4738837028347795,0.1593716822939025
7770,2021-04-10,2021-04-10 23:00:00,5.3457533910359265,0.06119866786073127
7771,2021-04-11,2021-04-11 23:00:00,5.3056863833287595,0.04921046589615044
7772,2021-04-12,2021-04-12 23:00:00,5.36151859780746,0.05359930137976118
7773,2021-04-13,2021-04-13 23:00:00,5.431774646455422,0.12125946534608732
7774,2021-04-14,2021-04-14 23:00:00,5.397271725837403,0.1298668526484325
7775,2021-04-15,2021-04-15 23:00:00,5.381261972032209,0.10810643561308043
7776,2021-04-16,2021-04-16 23:00:00,5.464204030312828,0.12493842706829537
7777,2021-04-17,2021-04-17 23:00:00,5.51214897659396,0.13867445565011124
7778,2021-04-18,2021-04-18 23:00:00,5.475291270050189,0.0680138577952782
7779,2021-04-19,2021-04-19 23:00:00,5.550397752298518,0.1288077851079649
7780,2021-04-20,2021-04-20 23:00:00,5.5567650153397565,0.0896680330445014
7781,2021-04-21,2021-04-21 23:00:00,5.6139485103802516,0.15955901811640638
7782,2021-04-22,2021-04-22 23:00:00,5.569011169145919,0.1373383623134319
7783,2021-04-23,2021-04-23 23:00:00,5.535076425308705,0.13176520488892504
7784,2021-04-24,2021-04-24 23:00:00,5.585609383568948,0.05259968943057626
7785,2021-04-25,2021-04-25 23:00:00,5.599874551905078,0.07151515439175872
7786,2021-04-26,2021-04-26 23:00:00,5.629102984599832,0.11904852395873189
7787,2021-04-27,2021-04-27 23:00:00,5.599396320105538,0.04940385208662497
7788,2021-04-28,2021-04-28 23:00:00,5.56196148105592,0.10949469533655781
7789,2021-04-29,2021-04-29 23:00:00,5.498665483205472,0.1791864554829833
7790,2021-04-30,2021-04-30 23:00:00,5.360592232837846,0.1479978133135559
7791,2021-05-01,2021-05-01 23:00:00,5.31079453396908,0.07157074582540186
7792,2021-05-02,2021-05-02 23:00:00,5.198699980122034,0.04968028390760223
7793,2021-05-03,2021-05-03 23:00:00,5.213098447905414,0.18978498419362333
7794,2021-05-04,2021-05-04 23:00:00,5.065243539759037,0.21382454552581948
7795,2021-05-05,2021-05-05 23:00:00,5.296132694697555,0.14278935520372327
7796,2021-05-06,2021-05-06 23:00:00,5.024415931364159,0.09081916338810629
7797,2021-05-07,2021-05-07 23:00:00,5.056693349576347,0.08797621420632468
7798,2021-05-08,2021-05-08 23:00:00,5.098491065773582,0.008887765606645372
7799,2021-05-09,2021-05-09 23:00:00,5.0433277025035705,0.02667501775358981
7800,2021-05-10,2021-05-10 23:00:00,5.007936352330372,0.054595154314050355
7801,2021-05-11,2021-05-11 23:00:00,4.97371267286981,0.03994035951528506
7802,2021-05-12,2021-05-12 23:00:00,4.960525319028125,0.029408856910164396
7803,2021-05-13,2021-05-13 23:00:00,4.961134648172462,0.07932894334637636
7804,2021-05-14,2021-05-14 23:00:00,4.922181203205792,0.004235238045487898
7805,2021-05-15,2021-05-15 23:00:00,4.92828628488779,4.264462563692092e-06
7806,2021-05-16,2021-05-16 23:00:00,4.921464718360384,0.0019155378340493141
7807,2021-05-17,2021-05-17 23:00:00,4.905137294906745,0.005294542839433936
7808,2021-05-18,2021-05-18 23:00:00,4.905865389971468,0.004209068095772383
7809,2021-05-19,2021-05-19 23:00:00,4.92515278437027,0.006914272225964244
7810,2021-05-20,2021-05-20 23:00:00,4.90430048752328,0.008833472503399057
7811,2021-05-21,2021-05-21 23:00:00,4.9031629087474995,0.0030708711815379233
7812,2021-05-22,2021-05-22 23:00:00,4.8929972398702155,0.020703918127417856
7813,2021-05-23,2021-05-23 23:00:00,4.906651370502527,0.00011748859081077084
7814,2021-05-24,2021-05-24 23:00:00,4.892035825404764,0.028302782575621167
7815,2021-05-25,2021-05-25 23:00:00,4.917604184898966,1.164048314294884e-05
7816,2021-05-26,2021-05-26 23:00:00,4.910136408693162,0.007315315742455196
7817,2021-05-27,2021-05-27 23:00:00,4.916938235209567,0.006968421976960132
7818,2021-05-28,2021-05-28 23:00:00,4.925871411525381,0.002684008771043292
7819,2021-05-29,2021-05-29 23:00:00,4.938035464505481,0.0035509712070826505
7820,2021-05-30,2021-05-30 23:00:00,4.926673618227702,0.005424238676677303
7821,2021-05-31,2021-05-31 23:00:00,4.890554269183988,0.028341487136299217
7822,2021-06-01,2021-06-01 23:00:00,4.883117777901741,0.0054450773501983915
7823,2021-06-02,2021-06-02 23:00:00,4.878867242670165,0.027347712909680348
7824,2021-06-03,2021-06-03 23:00:00,4.921027244978859,0.1974996300515728
7825,2021-06-04,2021-06-04 23:00:00,4.88836809165529,0.005337380700372141
7826,2021-06-05,2021-06-05 23:00:00,4.913087450727659,0.014232971586702066
7827,2021-06-06,2021-06-06 23:00:00,4.921570965249402,0.00435433537219166
7828,2021-06-07,2021-06-07 23:00:00,4.905354937412826,0.007758814190185028
7829,2021-06-08,2021-06-08 23:00:00,4.889349037215213,0.028666850747488325
7830,2021-06-09,2021-06-09 23:00:00,4.888162055773687,0.029934914039808476
7831,2021-06-10,2021-06-10 23:00:00,4.8857479322917845,0.029646435753706263
7832,2021-06-11,2021-06-11 23:00:00,4.878954643387899,0.030215618231717752
7833,2021-06-12,2021-06-12 23:00:00,4.8840942249007675,0.030485054525141015
7834,2021-06-13,2021-06-13 23:00:00,4.863358787939359,0.026126015455929807
7835,2021-06-14,2021-06-14 23:00:00,4.869352783350241,0.027186949267212324
7836,2021-06-15,2021-06-15 23:00:00,4.884425565394837,0.027504487914292216
7837,2021-06-16,2021-06-16 23:00:00,4.8982204982016695,0.028817257168822347
7838,2021-06-17,2021-06-17 23:00:00,4.892559161088914,0.028087223336469923
7839,2021-06-18,2021-06-18 23:00:00,4.91355033180773,0.02467075958292457
7840,2021-06-19,2021-06-19 23:00:00,4.900831024028272,0.028416224270033
7841,2021-06-20,2021-06-20 23:00:00,4.876303718315161,0.02462830383395495
7842,2021-06-21,2021-06-21 23:00:00,4.880653416288532,0.02760581413533899
7843,2021-06-22,2021-06-22 23:00:00,4.878373518615128,0.029435622656885135
7844,2021-06-23,2021-06-23 23:00:00,4.886664502983819,0.02577103770426937
7845,2021-06-24,2021-06-24 23:00:00,4.891921460244569,0.02821541928718895
7846,2021-06-25,2021-06-25 23:00:00,4.893505011693502,0.027843604658356697
7847,2021-06-26,2021-06-26 23:00:00,4.886280007542474,0.02642941940221674
7848,2021-06-27,2021-06-27 23:00:00,4.863735542469606,0.02515419700358166
7849,2021-06-28,2021-06-28 23:00:00,4.910938534190376,0.013311357734783593
7850,2021-06-29,2021-06-29 23:00:00,4.898596550443382,0.02530213505472673
7851,2021-06-30,2021-06-30 23:00:00,4.923751245639327,0.006994909215859245
7852,2021-07-01,2021-07-01 23:00:00,4.921399858066707,0.02590228214487385
7853,2021-07-02,2021-07-02 23:00:00,4.89643374180775,0.004383213213024212
7854,2021-07-03,2021-07-03 23:00:00,4.920958669606062,4.872563410650652e-06
7855,2021-07-04,2021-07-04 23:00:00,4.896356633664656,0.003300925037511697
7856,2021-07-05,2021-07-05 23:00:00,4.8642220827675775,0.030517310769477102
7857,2021-07-06,2021-07-06 23:00:00,4.890238015392892,0.0005350152440327245
7858,2021-07-07,2021-07-07 23:00:00,4.896728795611101,0.011179454491476545
7859,2021-07-08,2021-07-08 23:00:00,4.919069432451592,0.013570462433915857
7860,2021-07-09,2021-07-09 23:00:00,4.96617029624581,0.07013211717883858
7861,2021-07-10,2021-07-10 23:00:00,4.910891856999142,0.03799298986636309
7862,2021-07-11,2021-07-11 23:00:00,4.891950152048607,0.004032876348487678
7863,2021-07-12,2021-07-12 23:00:00,4.90991987982938,0.0044748956208358745
7864,2021-07-13,2021-07-13 23:00:00,4.8954925565422025,0.0009921411867787758
7865,2021-07-14,2021-07-14 23:00:00,4.891153352097869,0.0007762160142769982
7866,2021-07-15,2021-07-15 23:00:00,4.902130600056994,0.0695080701486426
7867,2021-07-16,2021-07-16 23:00:00,4.894576291577649,0.025938804618555703
7868,2021-07-17,2021-07-17 23:00:00,4.888559507695126,0.03353698946255436
7869,2021-07-18,2021-07-18 23:00:00,4.901968693270583,0.004783956111805318
7870,2021-07-19,2021-07-19 23:00:00,4.9202806850875165,0.07166319918275439
7871,2021-07-20,2021-07-20 23:00:00,4.918097461387681,0.03403240363925922
7872,2021-07-21,2021-07-21 23:00:00,4.916773524880078,0.03847570895407595
7873,2021-07-22,2021-07-22 23:00:00,4.923642523721452,0.005408140056126209
7874,2021-07-23,2021-07-23 23:00:00,4.946268425458313,0.08155687211897068
7875,2021-07-24,2021-07-24 23:00:00,4.891488174939025,0.029230443340297087
7876,2021-07-25,2021-07-25 23:00:00,4.875735846814734,0.027498679702978115
7877,2021-07-26,2021-07-26 23:00:00,4.876120949452609,0.027933039692424257
7878,2021-07-27,2021-07-27 23:00:00,4.913846685968104,0.021619675979278535
7879,2021-07-28,2021-07-28 23:00:00,4.891651072568248,0.02932504700809833
7880,2021-07-29,2021-07-29 23:00:00,4.874745110185958,0.02988787523095107
7881,2021-07-30,2021-07-30 23:00:00,4.903700844471429,0.0018192343501937738
7882,2021-07-31,2021-07-31 23:00:00,4.890017412269644,0.0015612320280955973
7883,2021-08-01,2021-08-01 23:00:00,4.876412920698754,0.02556610927892325
7884,2021-08-02,2021-08-02 23:00:00,4.910585426072704,0.011201017807273717
7885,2021-08-03,2021-08-03 23:00:00,5.006652542175999,0.18684871793424374
7886,2021-08-04,2021-08-04 23:00:00,5.027918182447124,0.1878295871012181
7887,2021-08-05,2021-08-05 23:00:00,4.989319017197595,0.11750473799569099
7888,2021-08-06,2021-08-06 23:00:00,4.910118856785804,0.005739721320133549
7889,2021-08-07,2021-08-07 23:00:00,4.901207112893616,0.004091078868871155
7890,2021-08-08,2021-08-08 23:00:00,4.888007726753524,0.014085884095763342
7891,2021-08-09,2021-08-09 23:00:00,4.8858524268504615,0.023684060842470257
7892,2021-08-10,2021-08-10 23:00:00,5.068028907177174,0.17100454200137152
7893,2021-08-11,2021-08-11 23:00:00,5.031879825862306,0.1766712057200632
7894,2021-08-12,2021-08-12 23:00:00,4.981608940919142,0.11688635137456826
7895,2021-08-13,2021-08-13 23:00:00,4.903323735713323,0.00877193035807517
7896,2021-08-14,2021-08-14 23:00:00,4.903859106222914,0.0006028138295772322
7897,2021-08-15,2021-08-15 23:00:00,4.905739704470991,0.023506198915905135
7898,2021-08-16,2021-08-16 23:00:00,4.8629084671951635,0.032047071301591595
7899,2021-08-17,2021-08-17 23:00:00,4.903677581944989,0.029007720511756756
7900,2021-08-18,2021-08-18 23:00:00,4.9224007288813265,0.029437525467627984
7901,2021-08-19,2021-08-19 23:00:00,4.917980258921135,0.02859380398475601
7902,2021-08-20,2021-08-20 23:00:00,4.902968064055327,0.02892378249619858
7903,2021-08-21,2021-08-21 23:00:00,4.9109963465309265,0.029379291338743365
7904,2021-08-22,2021-08-22 23:00:00,4.889817979861221,0.0305713964509271
7905,2021-08-23,2021-08-23 23:00:00,4.878737502952578,0.02971214165587943
7906,2021-08-24,2021-08-24 23:00:00,4.884189605982086,0.02656249830903177
7907,2021-08-25,2021-08-25 23:00:00,4.8815628276785485,0.03055311773472822
7908,2021-08-26,2021-08-26 23:00:00,4.864632118682644,0.031946849228733525
7909,2021-08-27,2021-08-27 23:00:00,4.873507094531011,0.02987090739680421
7910,2021-08-28,2021-08-28 23:00:00,4.873676395940532,0.026698390066449196
7911,2021-08-29,2021-08-29 23:00:00,4.8674823811950105,0.03127051679662754
7912,2021-08-30,2021-08-30 23:00:00,4.862830866924049,0.032060199776895594
7913,2021-08-31,2021-08-31 23:00:00,4.888205726465743,0.03115276259847195
7914,2021-09-01,2021-09-01 23:00:00,4.886875623358528,0.0710310701317314
7915,2021-09-02,2021-09-02 23:00:00,4.891126120783194,0.07639663222846788
7916,2021-09-03,2021-09-03 23:00:00,4.9063735406346085,0.0989727814019907
7917,2021-09-04,2021-09-04 23:00:00,4.911383348416842,0.011725088699807788
7918,2021-09-05,2021-09-05 23:00:00,4.89105565980326,0.01234709773870556
7919,2021-09-06,2021-09-06 23:00:00,4.92415570076922,0.04260893125343788
7920,2021-09-07,2021-09-07 23:00:00,4.951511525749381,0.09876304740290918
7921,2021-09-08,2021-09-08 23:00:00,4.994662655900744,0.1730535382673978
7922,2021-09-09,2021-09-09 23:00:00,4.9476155875722805,0.052845407896681754
7923,2021-09-10,2021-09-10 23:00:00,5.0211662190809765,0.14083141519159129
7924,2021-09-11,2021-09-11 23:00:00,4.930343653736894,0.004256584606374528
7925,2021-09-12,2021-09-12 23:00:00,4.8687758203367215,0.03213380196761606
7926,2021-09-13,2021-09-13 23:00:00,4.969765565262338,0.1094256559847162
7927,2021-09-14,2021-09-14 23:00:00,4.971748004638895,0.08237711116504928
7928,2021-09-15,2021-09-15 23:00:00,5.026188435703319,0.13035002470437004
7929,2021-09-16,2021-09-16 23:00:00,4.895802512069941,0.00044582574148003303
7930,2021-09-17,2021-09-17 23:00:00,4.883508810436321,0.01349114022166276
7931,2021-09-18,2021-09-18 23:00:00,4.926534674968537,0.07582695150496133
7932,2021-09-19,2021-09-19 23:00:00,4.924033781934674,0.054174217691520886
7933,2021-09-20,2021-09-20 23:00:00,5.142329081524545,0.09219592029635401
7934,2021-09-21,2021-09-21 23:00:00,5.3512812138932455,0.15236291674091795
7935,2021-09-22,2021-09-22 23:00:00,5.384012806293942,0.10239687781403677
7936,2021-09-23,2021-09-23 23:00:00,5.464621442945687,0.11651339218235254
7937,2021-09-24,2021-09-24 23:00:00,5.357719066244182,0.06478600806219716
7938,2021-09-25,2021-09-25 23:00:00,5.050122933072117,0.19709906919180256
7939,2021-09-26,2021-09-26 23:00:00,4.871052434024986,0.02750728293622491
7940,2021-09-27,2021-09-27 23:00:00,5.21907710130455,0.37347043210709313
7941,2021-09-28,2021-09-28 23:00:00,5.155244600423573,0.18879866008511284
7942,2021-09-29,2021-09-29 23:00:00,5.221426860487444,0.3308689024475995
7943,2021-09-30,2021-09-30 23:00:00,5.047815833776244,0.2232794184537348
7944,2021-10-01,2021-10-01 23:00:00,5.065236257564927,0.14225542164109878
7945,2021-10-02,2021-10-02 23:00:00,5.080761030837801,0.13590989848097085
7946,2021-10-03,2021-10-03 23:00:00,4.9317573695350845,0.09934885762743066
7947,2021-10-04,2021-10-04 23:00:00,5.089192514985691,0.25564227267308454
7948,2021-10-05,2021-10-05 23:00:00,5.063276700705394,0.15101518603191222
7949,2021-10-06,2021-10-06 23:00:00,5.087038689449767,0.15592796840547807
7950,2021-10-07,2021-10-07 23:00:00,5.067305621783124,0.1586222071232227
7951,2021-10-08,2021-10-08 23:00:00,4.972119973504768,0.1643493400812365
7952,2021-10-09,2021-10-09 23:00:00,4.85284766878928,0.0008062759700397025
7953,2021-10-10,2021-10-10 23:00:00,4.85615982710971,0.023584040369310503
7954,2021-10-11,2021-10-11 23:00:00,4.9899366584569895,0.1202997405019838
7955,2021-10-12,2021-10-12 23:00:00,5.046984226644638,0.16044484733317108
7956,2021-10-13,2021-10-13 23:00:00,5.005728766973324,0.1388272133170942
7957,2021-10-14,2021-10-14 23:00:00,5.07204134772356,0.17674423739400594
7958,2021-10-15,2021-10-15 23:00:00,4.970915809743477,0.20490802148556037
7959,2021-10-16,2021-10-16 23:00:00,5.189915180835806,0.15537245198980612
7960,2021-10-17,2021-10-17 23:00:00,4.906823284269638,0.1222745743632843
7961,2021-10-18,2021-10-18 23:00:00,4.845816047714659,0.0004603815485653262
7962,2021-10-19,2021-10-19 23:00:00,5.057877644397046,0.17542914157790274
7963,2021-10-20,2021-10-20 23:00:00,4.891769313607267,0.04272827846415004
7964,2021-10-21,2021-10-21 23:00:00,5.1294201652896465,0.3250606894907937
7965,2021-10-22,2021-10-22 23:00:00,4.893303029357738,0.030364510753940355
7966,2021-10-23,2021-10-23 23:00:00,4.985991585281479,0.257638590310668
7967,2021-10-24,2021-10-24 23:00:00,4.865081677646663,0.014692581834430975
7968,2021-10-25,2021-10-25 23:00:00,5.060410603065262,0.3379125007650783
7969,2021-10-26,2021-10-26 23:00:00,5.024555669220621,0.1918990483025744
7970,2021-10-27,2021-10-27 23:00:00,5.188031411152581,0.316403342605183
7971,2021-10-28,2021-10-28 23:00:00,5.132145647098896,0.36312436720120306
7972,2021-10-29,2021-10-29 23:00:00,4.8517738416151035,0.0013265975128064881
7973,2021-10-30,2021-10-30 23:00:00,4.8316433160947305,0.02629570415252842
7974,2021-10-31,2021-10-31 23:00:00,4.835477188041533,0.025860347763943126
7975,2021-11-01,2021-11-01 23:00:00,4.855474731244954,0.025405623817433203
7976,2021-11-02,2021-11-02 23:00:00,4.962042970489155,0.2159414612644491
7977,2021-11-03,2021-11-03 23:00:00,4.998252859075723,0.20341013872587693
7978,2021-11-04,2021-11-04 23:00:00,4.954591482836497,0.1092658995339578
7979,2021-11-05,2021-11-05 23:00:00,4.9006738449790035,0.00375267849109988
7980,2021-11-06,2021-11-06 23:00:00,4.91773761518408,0.01338088134819664
7981,2021-11-07,2021-11-07 23:00:00,4.904095199924472,0.0069477966898291044
7982,2021-11-08,2021-11-08 23:00:00,4.909775308778557,0.011372692412760734
7983,2021-11-09,2021-11-09 23:00:00,5.106162000251874,0.31557850529043835
7984,2021-11-10,2021-11-10 23:00:00,4.993348027914909,0.20876216290790783
7985,2021-11-11,2021-11-11 23:00:00,5.027401979254757,0.21761522895371582
7986,2021-11-12,2021-11-12 23:00:00,4.90344499631955,0.026125152500048033
7987,2021-11-13,2021-11-13 23:00:00,4.917617180069741,0.021670366420417628
7988,2021-11-14,2021-11-14 23:00:00,4.9003675032639755,0.0033475084547990716
7989,2021-11-15,2021-11-15 23:00:00,4.892194681676014,0.0034186653827971694
7990,2021-11-16,2021-11-16 23:00:00,4.952417286248895,0.13099823149686188
7991,2021-11-17,2021-11-17 23:00:00,5.026880112223261,0.2016204571051364
7992,2021-11-18,2021-11-18 23:00:00,5.014544227760445,0.12793845406411536
7993,2021-11-19,2021-11-19 23:00:00,5.052696798733078,0.11230275583992491
7994,2021-11-20,2021-11-20 23:00:00,5.05802189827361,0.1158113695595503
7995,2021-11-21,2021-11-21 23:00:00,5.00970058051099,0.04546955350229698
7996,2021-11-22,2021-11-22 23:00:00,5.172431716865764,0.1776267533971738
7997,2021-11-23,2021-11-23 23:00:00,5.259774633065106,0.16011130633823095
7998,2021-11-24,2021-11-24 23:00:00,5.276040397013833,0.15933513896561946
7999,2021-11-25,2021-11-25 23:00:00,5.1502261151843145,0.1219912333245027
8000,2021-11-26,2021-11-26 23:00:00,5.085238484731756,0.12991902606812078
8001,2021-11-27,2021-11-27 23:00:00,4.917022332113815,0.0161305951079075
8002,2021-11-28,2021-11-28 23:00:00,4.919840935358516,0.0035184106716886726
8003,2021-11-29,2021-11-29 23:00:00,4.9623425671650745,0.09943331309862959
8004,2021-11-30,2021-11-30 23:00:00,5.044804430558662,0.17666319511744383
8005,2021-12-01,2021-12-01 23:00:00,4.9500620168616,0.09313460598286956
8006,2021-12-02,2021-12-02 23:00:00,4.987929289273662,0.051846484579358344
8007,2021-12-03,2021-12-03 23:00:00,5.02212162795261,0.09273110113025564
8008,2021-12-04,2021-12-04 23:00:00,5.08372005971879,0.1260091124306495
8009,2021-12-05,2021-12-05 23:00:00,5.154837812709933,0.08156880915636999
8010,2021-12-06,2021-12-06 23:00:00,5.164102271071791,0.10007458632123173
8011,2021-12-07,2021-12-07 23:00:00,5.275586161230197,0.09367059034704117
8012,2021-12-08,2021-12-08 23:00:00,5.3232684443287335,0.05395237126954503
8013,2021-12-09,2021-12-09 23:00:00,5.490911304010306,0.0334862482334685
8014,2021-12-10,2021-12-10 23:00:00,5.655095008538868,0.06001362698681927
8015,2021-12-11,2021-12-11 23:00:00,5.769928445631436,0.04830547385614187
8016,2021-12-12,2021-12-12 23:00:00,5.868750245930843,0.02950714235219858
8017,2021-12-13,2021-12-13 23:00:00,6.069789279667316,0.08668097629446829
8018,2021-12-14,2021-12-14 23:00:00,6.263311206085343,0.017251495237772002
8019,2021-12-15,2021-12-15 23:00:00,6.370494681234111,0.063960673964268
8020,2021-12-16,2021-12-16 23:00:00,6.536103908258869,0.04862037116348563
8021,2021-12-17,2021-12-17 23:00:00,6.599427136813788,0.04565891504936753
8022,2021-12-18,2021-12-18 23:00:00,6.6175473517118135,0.05124483686410753
8023,2021-12-19,2021-12-19 23:00:00,6.6817449047753,0.02305127852182744
8024,2021-12-20,2021-12-20 23:00:00,6.726922977446491,0.024986018839564007
8025,2021-12-21,2021-12-21 23:00:00,6.7354761869622095,0.007313811500660829
8026,2021-12-22,2021-12-22 23:00:00,6.688788553439274,0.0681780595250803
8027,2021-12-23,2021-12-23 23:00:00,6.709881019839333,0.014988894687193895
8028,2021-12-24,2021-12-24 23:00:00,6.596806971126821,0.11592297712612414
8029,2021-12-25,2021-12-25 23:00:00,6.040814043923441,0.39393778276371477
8030,2021-12-26,2021-12-26 23:00:00,6.238068727036347,0.3254674207981158
8031,2021-12-27,2021-12-27 23:00:00,6.450514678591573,0.12579459197597403
8032,2021-12-28,2021-12-28 23:00:00,6.476700813601464,0.02786891899471049
8033,2021-12-29,2021-12-29 23:00:00,6.413944411139134,0.06350818830425518
8034,2021-12-30,2021-12-30 23:00:00,6.324426231041218,0.10157225134501717
8035,2021-12-31,2021-12-31 23:00:00,6.001048537413328,0.3565628469819331
8036,2022-01-01,2022-01-01 23:00:00,5.618483540808799,0.07505917527361364
8037,2022-01-02,2022-01-02 23:00:00,5.589698050097262,0.24497785470577566
8038,2022-01-03,2022-01-03 23:00:00,5.64008039307523,0.2266197990046961
8039,2022-01-04,2022-01-04 23:00:00,5.372142068882355,0.3180281598736306
8040,2022-01-05,2022-01-05 23:00:00,5.462135555936634,0.26488485674077095
8041,2022-01-06,2022-01-06 23:00:00,5.602167177225842,0.0472481376341881
8042,2022-01-07,2022-01-07 23:00:00,5.63137936256305,0.056338285987365046
8043,2022-01-08,2022-01-08 23:00:00,5.664725801264233,0.011701389154921157
8044,2022-01-09,2022-01-09 23:00:00,5.641749867570525,0.04015992828784468
8045,2022-01-10,2022-01-10 23:00:00,5.661486380558256,0.005953155265711934
8046,2022-01-11,2022-01-11 23:00:00,5.845650166122232,0.11595931966012113
8047,2022-01-12,2022-01-12 23:00:00,5.838230701294376,0.04585995606992181
8048,2022-01-13,2022-01-13 23:00:00,5.824201614230894,0.018589611561639366
8049,2022-01-14,2022-01-14 23:00:00,5.881042193440663,0.04413001614281245
8050,2022-01-15,2022-01-15 23:00:00,5.89173050506205,0.03576715373125241
8051,2022-01-16,2022-01-16 23:00:00,5.879492275005693,0.04613014522050823
8052,2022-01-17,2022-01-17 23:00:00,5.876420864350611,0.1306345452569855
8053,2022-01-18,2022-01-18 23:00:00,5.937860020018274,0.09283845040558253
8054,2022-01-19,2022-01-19 23:00:00,5.923402003631391,0.052321553516194455
8055,2022-01-20,2022-01-20 23:00:00,6.00285141532306,0.08879007842470193
8056,2022-01-21,2022-01-21 23:00:00,6.0565063935436365,0.03630520989703994
8057,2022-01-22,2022-01-22 23:00:00,6.077941657245098,0.03725172037158044
8058,2022-01-23,2022-01-23 23:00:00,6.077501776999291,0.03446057899485334
8059,2022-01-24,2022-01-24 23:00:00,6.163571319660967,0.08036673889697143
8060,2022-01-25,2022-01-25 23:00:00,6.427260144131776,0.1306696645430615
8061,2022-01-26,2022-01-26 23:00:00,6.3297336534365725,0.04923034229750396
8062,2022-01-27,2022-01-27 23:00:00,6.50150083377648,0.15853425202218072
8063,2022-01-28,2022-01-28 23:00:00,6.514722304694317,0.12388077076611413
8064,2022-01-29,2022-01-29 23:00:00,6.533948297176162,0.09042537213566701
8065,2022-01-30,2022-01-30 23:00:00,6.436247567178086,0.2290783640908765
8066,2022-01-31,2022-01-31 23:00:00,6.598758043700358,0.06811061667076239
8067,2022-02-01,2022-02-01 23:00:00,6.683386836696378,0.07312805405918205
8068,2022-02-02,2022-02-02 23:00:00,6.776401153872267,0.04198332638069256
8069,2022-02-03,2022-02-03 23:00:00,6.8512382450339,0.07455399948203076
8070,2022-02-04,2022-02-04 23:00:00,6.785435119305759,0.012860693568459113
8071,2022-02-05,2022-02-05 23:00:00,6.84659564198343,0.05977400573232824
8072,2022-02-06,2022-02-06 23:00:00,6.799544789142203,0.013301149148884164
8073,2022-02-07,2022-02-07 23:00:00,6.743929549047763,0.2045890377934579
8074,2022-02-08,2022-02-08 23:00:00,6.581849816794239,0.4174003579712905
8075,2022-02-09,2022-02-09 23:00:00,6.489394867748388,0.21411909451199734
8076,2022-02-10,2022-02-10 23:00:00,6.374088461118311,0.10109855406555414
8077,2022-02-11,2022-02-11 23:00:00,6.226265721872433,0.09486312080574422
8078,2022-02-12,2022-02-12 23:00:00,6.118801261333907,0.0539269528225536
8079,2022-02-13,2022-02-13 23:00:00,6.0350086577573805,0.09361822992001147
8080,2022-02-14,2022-02-14 23:00:00,6.174543425173833,0.12170579686905347
8081,2022-02-15,2022-02-15 23:00:00,6.170516442301856,0.03209968230238245
8082,2022-02-16,2022-02-16 23:00:00,6.155893783715004,0.07701693042415017
8083,2022-02-17,2022-02-17 23:00:00,6.088097231557696,0.06663261171513303
8084,2022-02-18,2022-02-18 23:00:00,6.09364946062806,0.06823030511943907
8085,2022-02-19,2022-02-19 23:00:00,6.0475345163714564,0.0314140617495989
8086,2022-02-20,2022-02-20 23:00:00,5.855658818548901,0.09268562677177737
8087,2022-02-21,2022-02-21 23:00:00,5.908703440731863,0.07057311847972286
8088,2022-02-22,2022-02-22 23:00:00,5.937799369811039,0.1713572904695391
8089,2022-02-23,2022-02-23 23:00:00,5.855757841084643,0.09696384652346486
8090,2022-02-24,2022-02-24 23:00:00,5.866923712974049,0.09417996865326594
8091,2022-02-25,2022-02-25 23:00:00,5.822004881664701,0.07193168157823118
8092,2022-02-26,2022-02-26 23:00:00,5.85866276933114,0.025409849500889006
8093,2022-02-27,2022-02-27 23:00:00,5.803189711966804,0.10680175914212604
8094,2022-02-28,2022-02-28 23:00:00,5.879227892249016,0.1888779071445762
8095,2022-03-01,2022-03-01 23:00:00,5.888953667106921,0.13834205517611353
8096,2022-03-02,2022-03-02 23:00:00,5.847533692548431,0.13993948836694667
8097,2022-03-03,2022-03-03 23:00:00,5.806241059435766,0.1143076191895702
8098,2022-03-04,2022-03-04 23:00:00,5.512150347033276,0.33523319944765934
8099,2022-03-05,2022-03-05 23:00:00,5.581112324985189,0.12506079442723778
8100,2022-03-06,2022-03-06 23:00:00,5.550105240740469,0.12269659417430437
8101,2022-03-07,2022-03-07 23:00:00,5.702745933927242,0.1940093051115891
8102,2022-03-08,2022-03-08 23:00:00,5.62924840645189,0.1749142145191365
8103,2022-03-09,2022-03-09 23:00:00,5.615212539499708,0.21038984909590985
8104,2022-03-10,2022-03-10 23:00:00,5.5260242259065535,0.09882905085979084
8105,2022-03-11,2022-03-11 23:00:00,5.526491792034748,0.06170764061511561
8106,2022-03-12,2022-03-12 23:00:00,5.539141633284312,0.022526591461775564
8107,2022-03-13,2022-03-13 23:00:00,5.588006545502295,0.039898804066553946
8108,2022-03-14,2022-03-14 23:00:00,5.6260923768286615,0.1358077651656351
8109,2022-03-15,2022-03-15 23:00:00,5.724488974868358,0.09739244217321615
8110,2022-03-16,2022-03-16 23:00:00,5.805055725573617,0.07200436191192315
8111,2022-03-17,2022-03-17 23:00:00,5.872842236567149,0.1985308202686329
8112,2022-03-18,2022-03-18 23:00:00,5.729679344905814,0.15874260422975267
8113,2022-03-19,2022-03-19 23:00:00,5.669873056165099,0.06333172459127977
8114,2022-03-20,2022-03-20 23:00:00,5.657840687849884,0.032612728587792746
8115,2022-03-21,2022-03-21 23:00:00,5.6685617808465585,0.07466848116158029
8116,2022-03-22,2022-03-22 23:00:00,5.701751796772754,0.08170546881151221
8117,2022-03-23,2022-03-23 23:00:00,5.611000100307856,0.38994793285075896
8118,2022-03-24,2022-03-24 23:00:00,5.785831749231828,0.0851334971310392
8119,2022-03-25,2022-03-25 23:00:00,5.821898180423413,0.02123816990809705
8120,2022-03-26,2022-03-26 23:00:00,5.834688276187063,0.008431594772405389
8121,2022-03-27,2022-03-27 23:00:00,5.842779922834445,0.005972619393084045
8122,2022-03-28,2022-03-28 23:00:00,5.927973087412288,0.07254317210694355
8123,2022-03-29,2022-03-29 23:00:00,5.948052741694473,0.09407680156603992
8124,2022-03-30,2022-03-30 23:00:00,5.940417741591659,0.1394947098249472
8125,2022-03-31,2022-03-31 23:00:00,6.045321232454686,0.12767646477668018
8126,2022-04-01,2022-04-01 23:00:00,5.948319333335431,0.05862509933650173
8127,2022-04-02,2022-04-02 23:00:00,5.75591266092056,0.22078509453959733
8128,2022-04-03,2022-04-03 23:00:00,5.296692063123339,0.19080223226368173
8129,2022-04-04,2022-04-04 23:00:00,5.410063267685298,0.373679787935287
8130,2022-04-05,2022-04-05 23:00:00,5.58769829182324,0.15072662880603122
8131,2022-04-06,2022-04-06 23:00:00,5.54533319636446,0.1880940299550029
8132,2022-04-07,2022-04-07 23:00:00,5.6641915807627035,0.5550378068668107
8133,2022-04-08,2022-04-08 23:00:00,5.358086158061174,0.021659917654941043
8134,2022-04-09,2022-04-09 23:00:00,5.231695076491396,0.06698547463290805
8135,2022-04-10,2022-04-10 23:00:00,5.1363990647419335,0.04932054894553391
8136,2022-04-11,2022-04-11 23:00:00,5.234467298183171,0.11383185179215977
8137,2022-04-12,2022-04-12 23:00:00,5.174486460459748,0.03234751092876069
8138,2022-04-13,2022-04-13 23:00:00,5.189135901383083,0.09998554526228871
8139,2022-04-14,2022-04-14 23:00:00,5.112246730142897,0.05405871786338529
8140,2022-04-15,2022-04-15 23:00:00,4.982396876865935,0.01416553210061231
8141,2022-04-16,2022-04-16 23:00:00,5.0868632026888365,0.10145048779301534
8142,2022-04-17,2022-04-17 23:00:00,4.998961647128353,0.11845961760652628
8143,2022-04-18,2022-04-18 23:00:00,5.227563926061358,0.1794627230675441
8144,2022-04-19,2022-04-19 23:00:00,5.507393836942768,0.24357690445711147
8145,2022-04-20,2022-04-20 23:00:00,5.269798814849698,0.19146489938370329
8146,2022-04-21,2022-04-21 23:00:00,5.205150045067637,0.11032386919369007
8147,2022-04-22,2022-04-22 23:00:00,5.050046075495399,0.10301768643410411
8148,2022-04-23,2022-04-23 23:00:00,5.037941421244922,0.09593675147342295
8149,2022-04-24,2022-04-24 23:00:00,4.94294064393134,0.06160143776063088
8150,2022-04-25,2022-04-25 23:00:00,4.923877436383861,0.07811567216642344
8151,2022-04-26,2022-04-26 23:00:00,4.970641401325392,0.0756229607404613
8152,2022-04-27,2022-04-27 23:00:00,4.934564465752849,0.07914271881806793
8153,2022-04-28,2022-04-28 23:00:00,4.910525913140689,0.05337549173274588
8154,2022-04-29,2022-04-29 23:00:00,4.8943735674889695,0.035811122902421326
8155,2022-04-30,2022-04-30 23:00:00,4.885873267140188,0.03590588597437179
8156,2022-05-01,2022-05-01 23:00:00,4.874421292286936,0.009506572288606498
8157,2022-05-02,2022-05-02 23:00:00,4.890851046790618,0.060865771008797497
8158,2022-05-03,2022-05-03 23:00:00,4.968698922085152,0.12333078823562708
8159,2022-05-04,2022-05-04 23:00:00,5.116811213720953,0.3683160370677668
8160,2022-05-05,2022-05-05 23:00:00,4.958672983782329,0.07561796243502278
8161,2022-05-06,2022-05-06 23:00:00,5.033572595872517,0.07658561281107598
8162,2022-05-07,2022-05-07 23:00:00,5.036498551211726,0.09579305735941292
8163,2022-05-08,2022-05-08 23:00:00,4.993721866275547,0.09195480877865972
8164,2022-05-09,2022-05-09 23:00:00,4.937307955050623,0.10416137401291009
8165,2022-05-10,2022-05-10 23:00:00,4.97884308322691,0.08418171701570985
8166,2022-05-11,2022-05-11 23:00:00,4.896825677475324,0.18004579950922733
8167,2022-05-12,2022-05-12 23:00:00,4.9153710574672145,0.04336373913770581
8168,2022-05-13,2022-05-13 23:00:00,4.9270230930310985,0.03139787923609442
8169,2022-05-14,2022-05-14 23:00:00,4.906242158772641,0.013350080618624997
8170,2022-05-15,2022-05-15 23:00:00,4.8773664864417805,0.009871662571495658
8171,2022-05-16,2022-05-16 23:00:00,4.900064512840399,0.036836662636004915
8172,2022-05-17,2022-05-17 23:00:00,5.017676830962766,0.13591194138862284
8173,2022-05-18,2022-05-18 23:00:00,5.2108684992172405,0.3205604344972985
8174,2022-05-19,2022-05-19 23:00:00,5.105417358315122,0.03869097122894333
8175,2022-05-20,2022-05-20 23:00:00,5.034157069514368,0.08699988145852024
8176,2022-05-21,2022-05-21 23:00:00,4.979816471621229,0.0865191668547312
8177,2022-05-22,2022-05-22 23:00:00,4.852393119382052,0.026149505551775074
8178,2022-05-23,2022-05-23 23:00:00,4.862494109625456,0.0712597511687585
8179,2022-05-24,2022-05-24 23:00:00,4.9672104082504775,0.00465660395218094
8180,2022-05-25,2022-05-25 23:00:00,4.909510949527381,0.03285678053801142
8181,2022-05-26,2022-05-26 23:00:00,4.902342112858147,0.028734756809230117
8182,2022-05-27,2022-05-27 23:00:00,4.870228488763115,0.030895522309340607
8183,2022-05-28,2022-05-28 23:00:00,4.864229714975818,0.013344436741863225
8184,2022-05-29,2022-05-29 23:00:00,4.871287726746588,0.007846913063303911
8185,2022-05-30,2022-05-30 23:00:00,4.87125216895549,0.004107007098620814
8186,2022-05-31,2022-05-31 23:00:00,4.859841666207574,0.008257403502794955
8187,2022-06-01,2022-06-01 23:00:00,5.015395934480664,0.24584847877373814
8188,2022-06-02,2022-06-02 23:00:00,4.952976930862008,0.029128463550708472
8189,2022-06-03,2022-06-03 23:00:00,4.9854898859287005,0.02786483794938458
8190,2022-06-04,2022-06-04 23:00:00,4.9410773669268835,0.03208655634116808
8191,2022-06-05,2022-06-05 23:00:00,4.91405401989828,0.02057272460010975
8192,2022-06-06,2022-06-06 23:00:00,4.905968889762453,0.028707669493375533
8193,2022-06-07,2022-06-07 23:00:00,4.915484676315989,0.029485232160921367
8194,2022-06-08,2022-06-08 23:00:00,5.0671462574800445,0.22410131834479688
8195,2022-06-09,2022-06-09 23:00:00,4.952871568073191,0.1618388311320566
8196,2022-06-10,2022-06-10 23:00:00,4.967927048228928,0.0979822034211498
8197,2022-06-11,2022-06-11 23:00:00,4.964204512242118,0.005990660621753637
8198,2022-06-12,2022-06-12 23:00:00,4.940549592428106,0.027208535021668465
8199,2022-06-13,2022-06-13 23:00:00,4.915719502730765,0.032747832857280675
8200,2022-06-14,2022-06-14 23:00:00,4.919876483693618,0.029796932143254087
8201,2022-06-15,2022-06-15 23:00:00,4.92222764403607,0.029731651641011523
8202,2022-06-16,2022-06-16 23:00:00,4.9230759855700175,0.023178054425111293
8203,2022-06-17,2022-06-17 23:00:00,4.915652197582166,0.03730784080697588
8204,2022-06-18,2022-06-18 23:00:00,4.906056574118536,0.033385741402516954
8205,2022-06-19,2022-06-19 23:00:00,4.902151734623774,0.01653293768163049
8206,2022-06-20,2022-06-20 23:00:00,4.878296991567328,0.02862107363775919
8207,2022-06-21,2022-06-21 23:00:00,4.906223000601245,0.033987742293778864
8208,2022-06-22,2022-06-22 23:00:00,4.957668780016964,0.006807694606094029
8209,2022-06-23,2022-06-23 23:00:00,4.95706537110322,0.006757461484120876
8210,2022-06-24,2022-06-24 23:00:00,4.925368069111761,0.03265479311136238
8211,2022-06-25,2022-06-25 23:00:00,4.919427557311079,0.02626154733933641
8212,2022-06-26,2022-06-26 23:00:00,4.934562273322595,0.007206291042199234
8213,2022-06-27,2022-06-27 23:00:00,4.933903399721918,0.007214593335512075
8214,2022-06-28,2022-06-28 23:00:00,4.922823379690179,0.03560132974060343
8215,2022-06-29,2022-06-29 23:00:00,4.93607161279754,0.03429806180771365
8216,2022-06-30,2022-06-30 23:00:00,4.9363741410359525,0.033156419175118454
8217,2022-07-01,2022-07-01 23:00:00,4.926323818855981,0.03252808384335596
8218,2022-07-02,2022-07-02 23:00:00,4.935416946214833,0.006972517576925893
8219,2022-07-03,2022-07-03 23:00:00,4.906270244265363,0.03249883472663285
8220,2022-07-04,2022-07-04 23:00:00,4.937845765674418,0.005955767463653939
8221,2022-07-05,2022-07-05 23:00:00,4.936089449337376,0.04850052844093711
8222,2022-07-06,2022-07-06 23:00:00,4.946376276991921,0.033319154320963836
8223,2022-07-07,2022-07-07 23:00:00,4.9684073116007665,0.08759150904434936
8224,2022-07-08,2022-07-08 23:00:00,4.952507051226472,0.024222889340215322
8225,2022-07-09,2022-07-09 23:00:00,4.985170248635974,0.006399360206000368
8226,2022-07-10,2022-07-10 23:00:00,4.964444770045261,0.026253091226420094
8227,2022-07-11,2022-07-11 23:00:00,4.946507058004087,0.0064754284161096685
8228,2022-07-12,2022-07-12 23:00:00,5.023021618728183,0.19654991797680949
8229,2022-07-13,2022-07-13 23:00:00,5.03048434774679,0.1091411156784107
8230,2022-07-14,2022-07-14 23:00:00,5.005949739497349,0.05349061773114243
8231,2022-07-15,2022-07-15 23:00:00,5.00347524834864,0.01467569756004753
8232,2022-07-16,2022-07-16 23:00:00,4.986637533947049,0.03541644027098991
8233,2022-07-17,2022-07-17 23:00:00,4.9590375500808035,0.0028276711924950172
8234,2022-07-18,2022-07-18 23:00:00,5.073116525465333,0.11209036421988564
8235,2022-07-19,2022-07-19 23:00:00,5.062308230225376,0.0859197899738802
8236,2022-07-20,2022-07-20 23:00:00,4.960045656353633,0.0055698483033218
8237,2022-07-21,2022-07-21 23:00:00,4.962083554253823,0.0491361391444933
8238,2022-07-22,2022-07-22 23:00:00,4.92744640089008,0.018983715103589448
8239,2022-07-23,2022-07-23 23:00:00,4.930062016874825,0.0034063135706454365
8240,2022-07-24,2022-07-24 23:00:00,5.002004354840594,0.007583788211010777
8241,2022-07-25,2022-07-25 23:00:00,4.971504932239269,0.029370546491347037
8242,2022-07-26,2022-07-26 23:00:00,5.108081050075217,0.2821632399983913
8243,2022-07-27,2022-07-27 23:00:00,4.957058725674913,0.012801132411856264
8244,2022-07-28,2022-07-28 23:00:00,4.938265470590673,0.003700436097788308
8245,2022-07-29,2022-07-29 23:00:00,4.98879741545283,0.020560389822133165
8246,2022-07-30,2022-07-30 23:00:00,4.955651831543868,0.00931154571506938
8247,2022-07-31,2022-07-31 23:00:00,5.06742197335166,0.013291600424361588
8248,2022-08-01,2022-08-01 23:00:00,4.992163303149915,0.048299393150796836
8249,2022-08-02,2022-08-02 23:00:00,4.948979488394337,0.02892879826990835
8250,2022-08-03,2022-08-03 23:00:00,4.997955552056055,0.037984045438632805
8251,2022-08-04,2022-08-04 23:00:00,4.998554295222355,0.02922115552421922
8252,2022-08-05,2022-08-05 23:00:00,4.983712295117945,0.01905756568865564
8253,2022-08-06,2022-08-06 23:00:00,4.976384364024773,0.0017415791459153163
8254,2022-08-07,2022-08-07 23:00:00,4.937850346566289,0.03089703118120802
8255,2022-08-08,2022-08-08 23:00:00,4.944123509868497,0.028995302717745506
8256,2022-08-09,2022-08-09 23:00:00,4.96330547886613,0.002587067465686362
8257,2022-08-10,2022-08-10 23:00:00,4.954898231163586,0.02347318875131539
8258,2022-08-11,2022-08-11 23:00:00,4.958192273119061,0.020840490459229918
8259,2022-08-12,2022-08-12 23:00:00,4.973321454397947,0.014273187280862838
8260,2022-08-13,2022-08-13 23:00:00,4.9566646998379085,0.03343373210940044
8261,2022-08-14,2022-08-14 23:00:00,4.974494811369254,0.003863196518606966
8262,2022-08-15,2022-08-15 23:00:00,4.956560768053845,0.03033618440487591
8263,2022-08-16,2022-08-16 23:00:00,5.046612311032668,0.2006343106303968
8264,2022-08-17,2022-08-17 23:00:00,5.19309086229669,0.36901583953125866
8265,2022-08-18,2022-08-18 23:00:00,5.053048328807368,0.1034129676418336
8266,2022-08-19,2022-08-19 23:00:00,5.10811367496085,0.10530694818124066
8267,2022-08-20,2022-08-20 23:00:00,4.965977058366387,0.0037272644900950207
8268,2022-08-21,2022-08-21 23:00:00,4.957244479728336,0.014391526277575391
8269,2022-08-22,2022-08-22 23:00:00,5.1688361074270714,0.14239105910908553
8270,2022-08-23,2022-08-23 23:00:00,5.11915131852706,0.13459318789344515
8271,2022-08-24,2022-08-24 23:00:00,5.384246203877653,0.16641428703463246
8272,2022-08-25,2022-08-25 23:00:00,5.588605107816414,0.05009170357681713
8273,2022-08-26,2022-08-26 23:00:00,5.742018656022907,0.05482749718654254
8274,2022-08-27,2022-08-27 23:00:00,5.813951878501148,0.015816261020585462
8275,2022-08-28,2022-08-28 23:00:00,5.862944636675555,0.037586345238873775
8276,2022-08-29,2022-08-29 23:00:00,5.933422738555536,0.09590467083185755
8277,2022-08-30,2022-08-30 23:00:00,5.983184349029237,0.14011830108238224
8278,2022-08-31,2022-08-31 23:00:00,6.082489031533534,0.12083446863288134
8279,2022-09-01,2022-09-01 23:00:00,5.957409921744385,0.46545087336266
8280,2022-09-02,2022-09-02 23:00:00,6.080084140705437,0.0842563395736131
8281,2022-09-03,2022-09-03 23:00:00,5.925400665837426,0.09485016327511905
8282,2022-09-04,2022-09-04 23:00:00,5.568791048770116,0.14053323444715188
8283,2022-09-05,2022-09-05 23:00:00,5.551998227920873,0.2151696214037989
8284,2022-09-06,2022-09-06 23:00:00,5.565183024100484,0.31112450688722154
8285,2022-09-07,2022-09-07 23:00:00,5.516138501180009,0.32379520573938414
8286,2022-09-08,2022-09-08 23:00:00,5.495199795771601,0.23735081177172834
8287,2022-09-09,2022-09-09 23:00:00,5.578097850435644,0.2641606815708676
8288,2022-09-10,2022-09-10 23:00:00,5.561412240730175,0.36217747166305336
8289,2022-09-11,2022-09-11 23:00:00,5.1503787932848,0.2688261691793861
8290,2022-09-12,2022-09-12 23:00:00,5.54982775456133,0.3796649452498846
8291,2022-09-13,2022-09-13 23:00:00,5.770238190852003,0.4734427961163948
8292,2022-09-14,2022-09-14 23:00:00,6.05080445277676,0.3249255866357363
8293,2022-09-15,2022-09-15 23:00:00,6.267735660616893,0.3721514714338111
8294,2022-09-16,2022-09-16 23:00:00,6.274790154968244,0.16731192318534926
8295,2022-09-17,2022-09-17 23:00:00,6.085257443152543,0.10043901507563459
8296,2022-09-18,2022-09-18 23:00:00,5.672455025319259,0.15496802365920886
8297,2022-09-19,2022-09-19 23:00:00,5.873319856695825,0.20944289411549696
8298,2022-09-20,2022-09-20 23:00:00,5.870776669571271,0.10211644427834846
8299,2022-09-21,2022-09-21 23:00:00,5.779376907495757,0.07425921859877102
8300,2022-09-22,2022-09-22 23:00:00,5.646780608384813,0.27541913119528594
8301,2022-09-23,2022-09-23 23:00:00,5.674225333692244,0.20692274185429393
8302,2022-09-24,2022-09-24 23:00:00,5.512247901037976,0.34403401272272
8303,2022-09-25,2022-09-25 23:00:00,5.422100259618972,0.34657060718550864
8304,2022-09-26,2022-09-26 23:00:00,5.694793207812211,0.3427216007485857
8305,2022-09-27,2022-09-27 23:00:00,5.699165959877551,0.19886369632902393
8306,2022-09-28,2022-09-28 23:00:00,5.644822569074289,0.13095186580402468
8307,2022-09-29,2022-09-29 23:00:00,5.680549613260877,0.13625311240527416
8308,2022-09-30,2022-09-30 23:00:00,5.734696876479295,0.1443413414681577
8309,2022-10-01,2022-10-01 23:00:00,5.720699463521509,0.05931832131666536
8310,2022-10-02,2022-10-02 23:00:00,5.7105508889031,0.15058012678605764
8311,2022-10-03,2022-10-03 23:00:00,5.870952409627296,0.18342608856078596
8312,2022-10-04,2022-10-04 23:00:00,5.873570480658337,0.18505941569960463
8313,2022-10-05,2022-10-05 23:00:00,5.960150829571764,0.27706312992961835
8314,2022-10-06,2022-10-06 23:00:00,5.969003349584174,0.1789633567470828
8315,2022-10-07,2022-10-07 23:00:00,5.951142592099086,0.09859217286900081
8316,2022-10-08,2022-10-08 23:00:00,5.991615824494642,0.0166165423456481
8317,2022-10-09,2022-10-09 23:00:00,5.747326048882447,0.3633521478253889
8318,2022-10-10,2022-10-10 23:00:00,6.07571569528882,0.33771489188030024
8319,2022-10-11,2022-10-11 23:00:00,6.156682879344228,0.32373893624285993
8320,2022-10-12,2022-10-12 23:00:00,6.066690028870876,0.21336645014458658
8321,2022-10-13,2022-10-13 23:00:00,6.030343356930136,0.17338982304090153
8322,2022-10-14,2022-10-14 23:00:00,5.9953843560669995,0.15174699219303164
8323,2022-10-15,2022-10-15 23:00:00,5.980131671714056,0.052813991592390794
8324,2022-10-16,2022-10-16 23:00:00,5.978900687813774,0.08942801049967053
8325,2022-10-17,2022-10-17 23:00:00,6.014542612237506,0.0540608559348876
8326,2022-10-18,2022-10-18 23:00:00,6.135424164063491,0.078069151362832
8327,2022-10-19,2022-10-19 23:00:00,6.410316013828376,0.34975148460972433
8328,2022-10-20,2022-10-20 23:00:00,6.338470354500157,0.1740229412706135
8329,2022-10-21,2022-10-21 23:00:00,6.278449299092666,0.14788406919422922
8330,2022-10-22,2022-10-22 23:00:00,5.954636743532674,0.5857393365690775
8331,2022-10-23,2022-10-23 23:00:00,5.373180337380449,0.5116010048548254
8332,2022-10-24,2022-10-24 23:00:00,5.718881875284996,0.5345970120967576
8333,2022-10-25,2022-10-25 23:00:00,5.647091552127672,0.4722636322485574
8334,2022-10-26,2022-10-26 23:00:00,5.954815484902876,0.3560465578555205
8335,2022-10-27,2022-10-27 23:00:00,5.698038118489556,0.3248070983298134
8336,2022-10-28,2022-10-28 23:00:00,5.700797205803475,0.46662771840302425
8337,2022-10-29,2022-10-29 23:00:00,5.4485281296778565,0.2805372948344376
8338,2022-10-30,2022-10-30 23:00:00,5.126557110730844,0.1524732960339604
8339,2022-10-31,2022-10-31 23:00:00,5.482160656559934,0.273003087202168
8340,2022-11-01,2022-11-01 23:00:00,5.524533315578,0.26635419662453275
8341,2022-11-02,2022-11-02 23:00:00,5.634080044363107,0.27794018603108034
8342,2022-11-03,2022-11-03 23:00:00,5.619884927389227,0.31772615887965217
8343,2022-11-04,2022-11-04 23:00:00,5.387287643338983,0.355383690356712
8344,2022-11-05,2022-11-05 23:00:00,5.380254352932784,0.2488606354685746
8345,2022-11-06,2022-11-06 23:00:00,4.991547764217096,0.025448492213647617
8346,2022-11-07,2022-11-07 23:00:00,5.303236504694169,0.26943856623687085
8347,2022-11-08,2022-11-08 23:00:00,5.427897902066025,0.24135120508915173
8348,2022-11-09,2022-11-09 23:00:00,5.44390815777405,0.23152032581123974
8349,2022-11-10,2022-11-10 23:00:00,5.456510206259878,0.21523634810053097
8350,2022-11-11,2022-11-11 23:00:00,5.322182900694837,0.23722957794917474
8351,2022-11-12,2022-11-12 23:00:00,5.351183691285127,0.23473243776335587
8352,2022-11-13,2022-11-13 23:00:00,5.349792323608092,0.23505801535832999
8353,2022-11-14,2022-11-14 23:00:00,5.159214488963527,0.12833065690349765
8354,2022-11-15,2022-11-15 23:00:00,5.2995192162624525,0.24658876569532712
8355,2022-11-16,2022-11-16 23:00:00,5.318557876746435,0.30523178110286964
8356,2022-11-17,2022-11-17 23:00:00,5.324052564285384,0.25436557901954376
8357,2022-11-18,2022-11-18 23:00:00,4.988810479003587,0.021558151951960463
8358,2022-11-19,2022-11-19 23:00:00,5.044795414624562,0.11677442711998827
8359,2022-11-20,2022-11-20 23:00:00,4.967751535457355,0.014958905448278942
8360,2022-11-21,2022-11-21 23:00:00,5.056321773744041,0.034411768433971604
8361,2022-11-22,2022-11-22 23:00:00,5.322521870258809,0.26247468864431744
8362,2022-11-23,2022-11-23 23:00:00,5.365290649881861,0.29420532144068723
8363,2022-11-24,2022-11-24 23:00:00,5.422115934565997,0.32461809598480507
8364,2022-11-25,2022-11-25 23:00:00,5.626525076503936,0.20214116770815338
8365,2022-11-26,2022-11-26 23:00:00,5.770465841857731,0.0035793382008139254
8366,2022-11-27,2022-11-27 23:00:00,5.780119530757507,0.009771638001709633
8367,2022-11-28,2022-11-28 23:00:00,5.860022503484096,0.11840398919611402
8368,2022-11-29,2022-11-29 23:00:00,5.902994432552585,0.12229900972455666
8369,2022-11-30,2022-11-30 23:00:00,5.981357424171897,0.1651957617948832
8370,2022-12-01,2022-12-01 23:00:00,6.003698654969192,0.2245300563372254
8371,2022-12-02,2022-12-02 23:00:00,6.0332115051114314,0.2214789495354749
8372,2022-12-03,2022-12-03 23:00:00,6.034003444902212,0.23889035368706182
8373,2022-12-04,2022-12-04 23:00:00,5.7788124653016295,0.14643500586377
8374,2022-12-05,2022-12-05 23:00:00,5.921114149804207,0.2063060700287096
8375,2022-12-06,2022-12-06 23:00:00,5.7488430697381885,0.250404904747411
8376,2022-12-07,2022-12-07 23:00:00,5.782444274288673,0.0426520049393798
8377,2022-12-08,2022-12-08 23:00:00,5.730717592728851,0.03287526152773406
8378,2022-12-09,2022-12-09 23:00:00,5.557982392037071,0.3080153291896139
8379,2022-12-10,2022-12-10 23:00:00,5.707942303670698,0.02112452390932664
8380,2022-12-11,2022-12-11 23:00:00,5.739578003204442,0.012835315465285636
8381,2022-12-12,2022-12-12 23:00:00,5.73630603171421,0.07004775705291565
8382,2022-12-13,2022-12-13 23:00:00,5.793687602718625,0.036765162389856484
8383,2022-12-14,2022-12-14 23:00:00,5.841247829167938,0.03493206974963972
8384,2022-12-15,2022-12-15 23:00:00,5.890588918231882,0.09383133040465326
8385,2022-12-16,2022-12-16 23:00:00,5.886390897534844,0.05599549438807575
8386,2022-12-17,2022-12-17 23:00:00,5.850923117121333,0.010611944018374205
8387,2022-12-18,2022-12-18 23:00:00,5.895026735886738,0.1282491107207839
8388,2022-12-19,2022-12-19 23:00:00,6.01466040180449,0.08458090245810512
8389,2022-12-20,2022-12-20 23:00:00,6.0262153890890895,0.07660128153594954
8390,2022-12-21,2022-12-21 23:00:00,6.1187568913012305,0.03698942439029226
8391,2022-12-22,2022-12-22 23:00:00,6.2326889062679784,0.057728799632793315
8392,2022-12-23,2022-12-23 23:00:00,6.279470628984609,0.006250574247269706
8393,2022-12-24,2022-12-24 23:00:00,6.282615201128405,0.029788729197823573
8394,2022-12-25,2022-12-25 23:00:00,6.3034075947493555,0.04724513870836954
8395,2022-12-26,2022-12-26 23:00:00,6.3377501126367575,0.037385453709298515
8396,2022-12-27,2022-12-27 23:00:00,6.388671367098108,0.01822147295699037
8397,2022-12-28,2022-12-28 23:00:00,6.474234127021208,0.008967006293664936
8398,2022-12-29,2022-12-29 23:00:00,6.471025235809793,0.020140680168644495
8399,2022-12-30,2022-12-30 23:00:00,6.308227855252684,0.34041745641738025
8400,2022-12-31,2022-12-31 23:00:00,6.501004477927274,0.00722849565326565
8401,2023-01-01,2023-01-01 23:00:00,6.436672008338493,0.05135439698559057
8402,2023-01-02,2023-01-02 23:00:00,6.459820937116947,0.0024681804734110837
8403,2023-01-03,2023-01-03 23:00:00,6.497734288595303,0.04081361105609676
8404,2023-01-04,2023-01-04 23:00:00,6.545573291604957,0.011260502061453407
8405,2023-01-05,2023-01-05 23:00:00,6.553260976753816,0.009378110766309102
8406,2023-01-06,2023-01-06 23:00:00,6.487403327019994,0.07719043659580944
8407,2023-01-07,2023-01-07 23:00:00,6.444211502551681,0.03173506948307649
8408,2023-01-08,2023-01-08 23:00:00,6.243964531001434,0.1440134912062736
8409,2023-01-09,2023-01-09 23:00:00,6.277148159248071,0.19247765218146293
8410,2023-01-10,2023-01-10 23:00:00,6.040635425064394,0.5715336379329573
8411,2023-01-11,2023-01-11 23:00:00,6.3047379494541635,0.08308064548035048
8412,2023-01-12,2023-01-12 23:00:00,5.8380742290074705,0.5453697335765506
8413,2023-01-13,2023-01-13 23:00:00,5.688182428604996,0.43059950634638827
8414,2023-01-14,2023-01-14 23:00:00,5.739616141537543,0.10529976191964953
8415,2023-01-15,2023-01-15 23:00:00,5.537544935737491,0.319737631977959
8416,2023-01-16,2023-01-16 23:00:00,5.489139009560365,0.3501041775013963
8417,2023-01-17,2023-01-17 23:00:00,5.5490884430471965,0.33699815362741337
8418,2023-01-18,2023-01-18 23:00:00,5.747231047123948,0.021757937810690908
8419,2023-01-19,2023-01-19 23:00:00,5.641719955913763,0.3192674039548244
8420,2023-01-20,2023-01-20 23:00:00,5.717039202424317,0.058098815163677195
8421,2023-01-21,2023-01-21 23:00:00,5.507674299474945,0.25577673019526104
8422,2023-01-22,2023-01-22 23:00:00,5.469375818604068,0.23806947018333918
8423,2023-01-23,2023-01-23 23:00:00,5.71409906741687,0.11553298680489185
8424,2023-01-24,2023-01-24 23:00:00,5.748613787971301,0.030255193611866276
8425,2023-01-25,2023-01-25 23:00:00,5.8490209254852985,0.06641654557394999
8426,2023-01-26,2023-01-26 23:00:00,6.072239185531301,0.11437526393442866
8427,2023-01-27,2023-01-27 23:00:00,6.152133405565429,0.05029514596402822
8428,2023-01-28,2023-01-28 23:00:00,6.206197672329413,0.003154217962515775
8429,2023-01-29,2023-01-29 23:00:00,6.338843842074663,0.03330969527248552
8430,2023-01-30,2023-01-30 23:00:00,6.561887941030626,0.104220016323031
8431,2023-01-31,2023-01-31 23:00:00,6.735653729780643,0.07624106466873178
8432,2023-02-01,2023-02-01 23:00:00,6.851561657950267,0.035345760251100894
8433,2023-02-02,2023-02-02 23:00:00,6.766883371081744,0.2232428670759355
8434,2023-02-03,2023-02-03 23:00:00,6.884976017260066,0.012399207990100676
8435,2023-02-04,2023-02-04 23:00:00,6.891566400519131,0.019116926471627972
8436,2023-02-05,2023-02-05 23:00:00,6.801790003249224,0.17798509832942158
8437,2023-02-06,2023-02-06 23:00:00,6.340403923235733,0.7370210965016715
8438,2023-02-07,2023-02-07 23:00:00,6.708036670380942,0.22634449625941452
8439,2023-02-08,2023-02-08 23:00:00,6.624884887365529,0.16919513755259907
8440,2023-02-09,2023-02-09 23:00:00,6.5379387822607535,0.11850170372654563
8441,2023-02-10,2023-02-10 23:00:00,6.528614573327,0.045853960026386045
8442,2023-02-11,2023-02-11 23:00:00,6.603329357108883,0.15551965843420887
8443,2023-02-12,2023-02-12 23:00:00,6.553872633286102,0.11068308747901504
8444,2023-02-13,2023-02-13 23:00:00,6.556369972081041,0.053466588297930114
8445,2023-02-14,2023-02-14 23:00:00,6.539971556923148,0.027112311859416125
8446,2023-02-15,2023-02-15 23:00:00,6.513091156514203,0.014198642787882977
8447,2023-02-16,2023-02-16 23:00:00,6.437097231759425,0.1433319939652018
8448,2023-02-17,2023-02-17 23:00:00,6.407098617785354,0.12067623884066034
8449,2023-02-18,2023-02-18 23:00:00,6.261443549694055,0.12292642899436464
8450,2023-02-19,2023-02-19 23:00:00,6.243533136200441,0.054243276838722015
8451,2023-02-20,2023-02-20 23:00:00,6.214491462453768,0.19118649281910682
8452,2023-02-21,2023-02-21 23:00:00,6.25519937894195,0.04938379610055422
8453,2023-02-22,2023-02-22 23:00:00,6.038129082641196,0.26223035866349376
8454,2023-02-23,2023-02-23 23:00:00,6.1160789439273175,0.16489574738667173
8455,2023-02-24,2023-02-24 23:00:00,6.013739898957645,0.13252705084418975
8456,2023-02-25,2023-02-25 23:00:00,5.902338987764172,0.10361404369630561
8457,2023-02-26,2023-02-26 23:00:00,5.959578176494393,0.05620252663815699
8458,2023-02-27,2023-02-27 23:00:00,5.970171836674086,0.08186121288199716
8459,2023-02-28,2023-02-28 23:00:00,6.119026245475411,0.1474263618274641
8460,2023-03-01,2023-03-01 23:00:00,6.113881656886708,0.1279078589208499
8461,2023-03-02,2023-03-02 23:00:00,6.211022412984778,0.12297427489693791
8462,2023-03-03,2023-03-03 23:00:00,6.2700013804478845,0.0805740280059911
8463,2023-03-04,2023-03-04 23:00:00,6.305919014704756,0.003130940962043529
8464,2023-03-05,2023-03-05 23:00:00,6.33438184545347,0.060159200705920304
8465,2023-03-06,2023-03-06 23:00:00,6.414223853354355,0.0408439136500933
8466,2023-03-07,2023-03-07 23:00:00,6.385916086994271,0.036552743704500304
8467,2023-03-08,2023-03-08 23:00:00,6.347872382510332,0.07679446627582816
8468,2023-03-09,2023-03-09 23:00:00,6.2628368650608826,0.042126387377464894
8469,2023-03-10,2023-03-10 23:00:00,5.880401165678859,0.4579353791149724
8470,2023-03-11,2023-03-11 23:00:00,5.923434312668651,0.13885757860347467
8471,2023-03-12,2023-03-12 23:00:00,5.8779990713953225,0.04097187420023521
8472,2023-03-13,2023-03-13 23:00:00,5.626135825878972,0.25217007087952586
8473,2023-03-14,2023-03-14 23:00:00,5.395406908480299,0.3240453057067808
8474,2023-03-15,2023-03-15 23:00:00,5.260515553637494,0.2578870241235884
8475,2023-03-16,2023-03-16 23:00:00,5.307351235506865,0.2387137654200819
8476,2023-03-17,2023-03-17 23:00:00,5.537818430755817,0.31892058389322453
8477,2023-03-18,2023-03-18 23:00:00,5.477634646216383,0.2663530753479372
8478,2023-03-19,2023-03-19 23:00:00,5.299618958598359,0.06294175878784278
8479,2023-03-20,2023-03-20 23:00:00,5.617264649611818,0.27732304439888467
8480,2023-03-21,2023-03-21 23:00:00,5.821996017834157,0.3327561877697431
8481,2023-03-22,2023-03-22 23:00:00,6.017605304141713,0.16087406597035775
8482,2023-03-23,2023-03-23 23:00:00,5.940660879143753,0.2527759869080252
8483,2023-03-24,2023-03-24 23:00:00,5.982821688745033,0.15114000760406573
8484,2023-03-25,2023-03-25 23:00:00,5.642137953135588,0.19579627533139424
8485,2023-03-26,2023-03-26 23:00:00,5.391409751113308,0.24341190533983276
8486,2023-03-27,2023-03-27 23:00:00,5.331290501949275,0.3439892250058945
8487,2023-03-28,2023-03-28 23:00:00,5.391315503384974,0.3265541643144646
8488,2023-03-29,2023-03-29 23:00:00,5.207265812391431,0.25922269730871533
8489,2023-03-30,2023-03-30 23:00:00,5.279184271692785,0.28418833911520297
8490,2023-03-31,2023-03-31 23:00:00,5.266275783805525,0.23536768055101276
8491,2023-04-01,2023-04-01 23:00:00,5.193047385490392,0.12517029452910408
8492,2023-04-02,2023-04-02 23:00:00,5.225129504084829,0.07113473115320268
8493,2023-04-03,2023-04-03 23:00:00,5.176935952304337,0.10248578415628967
8494,2023-04-04,2023-04-04 23:00:00,5.196319077470545,0.10510100855006405
8495,2023-04-05,2023-04-05 23:00:00,5.1627689542769915,0.04188180943960366
8496,2023-04-06,2023-04-06 23:00:00,5.135015537092557,0.013090355164808812
8497,2023-04-07,2023-04-07 23:00:00,5.086818628650829,0.029683523576403758
8498,2023-04-08,2023-04-08 23:00:00,5.141803929398105,0.07200402272035669
8499,2023-04-09,2023-04-09 23:00:00,5.077858854581085,0.07382953317984134
8500,2023-04-10,2023-04-10 23:00:00,5.151574365094715,0.08501621624048179
8501,2023-04-11,2023-04-11 23:00:00,5.163744012789255,0.09468354401916747
8502,2023-04-12,2023-04-12 23:00:00,5.6440992404601475,0.4432112320426346
8503,2023-04-13,2023-04-13 23:00:00,5.606476005561557,0.38416926478268354
8504,2023-04-14,2023-04-14 23:00:00,5.61331781884229,0.38850215180627556
8505,2023-04-15,2023-04-15 23:00:00,5.550412665145135,0.11655617352583436
8506,2023-04-16,2023-04-16 23:00:00,5.545667051018505,0.007264062473584576
8507,2023-04-17,2023-04-17 23:00:00,5.857635131373609,0.1917843097485366
8508,2023-04-18,2023-04-18 23:00:00,5.861763523165014,0.033644833613225046
8509,2023-04-19,2023-04-19 23:00:00,5.752417602081263,0.1130632337833063
8510,2023-04-20,2023-04-20 23:00:00,5.903846469932726,0.05641256670388886
8511,2023-04-21,2023-04-21 23:00:00,5.95531398170004,0.04648720202929846
8512,2023-04-22,2023-04-22 23:00:00,6.001366142527117,0.027026212946696496
8513,2023-04-23,2023-04-23 23:00:00,6.02130440476024,0.026594201741107434
8514,2023-04-24,2023-04-24 23:00:00,6.02666292311897,0.049427489640837166
8515,2023-04-25,2023-04-25 23:00:00,5.9988601405439255,0.0352849409831182
8516,2023-04-26,2023-04-26 23:00:00,5.96729407908514,0.05757670956084801
8517,2023-04-27,2023-04-27 23:00:00,5.639152194705979,0.39209969477042456
8518,2023-04-28,2023-04-28 23:00:00,5.7237049819826495,0.1073527946223861
8519,2023-04-29,2023-04-29 23:00:00,5.389539542451614,0.2571830939729651
8520,2023-04-30,2023-04-30 23:00:00,5.542026522398321,0.014657644796086734
8521,2023-05-01,2023-05-01 23:00:00,5.388674290371978,0.28677587337527716
8522,2023-05-02,2023-05-02 23:00:00,5.594518489683492,0.3746645043976607
8523,2023-05-03,2023-05-03 23:00:00,5.635674911316585,0.4368651326995262
8524,2023-05-04,2023-05-04 23:00:00,5.723544672464762,0.14697585877533698
8525,2023-05-05,2023-05-05 23:00:00,5.942441229920873,0.17424341030446489
8526,2023-05-06,2023-05-06 23:00:00,5.953556293534125,0.10684227101730355
8527,2023-05-07,2023-05-07 23:00:00,6.055171039716467,0.027212632438045746
8528,2023-05-08,2023-05-08 23:00:00,6.184060343434635,0.07908974484659874
8529,2023-05-09,2023-05-09 23:00:00,6.412636464357374,0.17597274790526282
8530,2023-05-10,2023-05-10 23:00:00,6.546403636567335,0.10754430037707997
8531,2023-05-11,2023-05-11 23:00:00,6.628268090780004,0.07129406356941972
8532,2023-05-12,2023-05-12 23:00:00,6.639004944472099,0.11005572442448737
8533,2023-05-13,2023-05-13 23:00:00,6.723845532636666,0.0485239233586117
8534,2023-05-14,2023-05-14 23:00:00,6.709584929900072,0.06271456085615822
8535,2023-05-15,2023-05-15 23:00:00,6.770982208873167,0.07533949352029445
8536,2023-05-16,2023-05-16 23:00:00,6.839380022203102,0.025602008650783173
8537,2023-05-17,2023-05-17 23:00:00,6.876217864265578,0.1234901610960513
8538,2023-05-18,2023-05-18 23:00:00,6.8938158539342735,0.035854688858295826
8539,2023-05-19,2023-05-19 23:00:00,6.910808028398461,0.029709471412992045
8540,2023-05-20,2023-05-20 23:00:00,6.914957729703211,0.00634733403150822
8541,2023-05-21,2023-05-21 23:00:00,6.8249048609876395,0.21976712503094495
8542,2023-05-22,2023-05-22 23:00:00,6.834014999156099,0.2282494867119804
8543,2023-05-23,2023-05-23 23:00:00,6.852219876551189,0.21570703767895993
8544,2023-05-24,2023-05-24 23:00:00,6.7629072865480895,0.2625180614743261
8545,2023-05-25,2023-05-25 23:00:00,6.805351126549663,0.21296241373856115
8546,2023-05-26,2023-05-26 23:00:00,6.626604749837998,0.35745806768014404
8547,2023-05-27,2023-05-27 23:00:00,6.6420488568866745,0.2141533076652207
8548,2023-05-28,2023-05-28 23:00:00,6.2765927131726285,0.1864327370624406
8549,2023-05-29,2023-05-29 23:00:00,6.052261054745677,0.3825112560029203
8550,2023-05-30,2023-05-30 23:00:00,6.138704900222677,0.04317350891912771
8551,2023-05-31,2023-05-31 23:00:00,6.064999225211391,0.12923697703145892
8552,2023-06-01,2023-06-01 23:00:00,5.875010373375107,0.33617276066474405
8553,2023-06-02,2023-06-02 23:00:00,5.665317662244586,0.2912529698213731
8554,2023-06-03,2023-06-03 23:00:00,5.647166974201358,0.2312265442204734
8555,2023-06-04,2023-06-04 23:00:00,5.516897090621499,0.11183661817671182
8556,2023-06-05,2023-06-05 23:00:00,5.668605144333841,0.47804047310676456
8557,2023-06-06,2023-06-06 23:00:00,5.889915395907873,0.01644940405258851
8558,2023-06-07,2023-06-07 23:00:00,6.017655609902479,0.12573777516009219
8559,2023-06-08,2023-06-08 23:00:00,5.975559333381436,0.06207497928239593
8560,2023-06-09,2023-06-09 23:00:00,5.919386846888922,0.05504744804843339
8561,2023-06-10,2023-06-10 23:00:00,5.858872517083701,0.02869619474613315
8562,2023-06-11,2023-06-11 23:00:00,5.820988041159304,0.05261123654559878
8563,2023-06-12,2023-06-12 23:00:00,5.870100976710137,0.015560991698390947
8564,2023-06-13,2023-06-13 23:00:00,5.959847182779844,0.1631550102693127
8565,2023-06-14,2023-06-14 23:00:00,6.027869391811471,0.18980149888709635
8566,2023-06-15,2023-06-15 23:00:00,6.07210747928465,0.07328279050502408
8567,2023-06-16,2023-06-16 23:00:00,6.193433527915713,0.08821831624438334
8568,2023-06-17,2023-06-17 23:00:00,6.270408359467794,0.042840636515126033
8569,2023-06-18,2023-06-18 23:00:00,6.391394911879089,0.08857917432803433
8570,2023-06-19,2023-06-19 23:00:00,6.522050634777131,0.08216564623483354
8571,2023-06-20,2023-06-20 23:00:00,6.569549270739543,0.16452773501492454
8572,2023-06-21,2023-06-21 23:00:00,6.782080702873729,0.10927439477511919
8573,2023-06-22,2023-06-22 23:00:00,6.798958756254142,0.05992607971776564
8574,2023-06-23,2023-06-23 23:00:00,6.924115196114374,0.04247617091815472
8575,2023-06-24,2023-06-24 23:00:00,6.974942129797609,0.05424173360441396
8576,2023-06-25,2023-06-25 23:00:00,6.755337784567492,0.23242534869152176
8577,2023-06-26,2023-06-26 23:00:00,6.615279988218835,0.5119797935862589
8578,2023-06-27,2023-06-27 23:00:00,6.415838143448535,0.6540342419734736
8579,2023-06-28,2023-06-28 23:00:00,6.578287425758485,0.25589128329495153
8580,2023-06-29,2023-06-29 23:00:00,6.292967261715119,0.21386476514661976
8581,2023-06-30,2023-06-30 23:00:00,6.4265066470311885,0.0571068125323798
8582,2023-07-01,2023-07-01 23:00:00,6.475911347489055,0.042535698287113496
8583,2023-07-02,2023-07-02 23:00:00,6.486797752969314,0.04435081261120553
8584,2023-07-03,2023-07-03 23:00:00,6.332343285834672,0.25474673483019916
8585,2023-07-04,2023-07-04 23:00:00,6.48385716935941,0.13189250234101682
8586,2023-07-05,2023-07-05 23:00:00,6.584923378185214,0.05207199404745358
8587,2023-07-06,2023-07-06 23:00:00,6.594516586064256,0.011889106916006016
8588,2023-07-07,2023-07-07 23:00:00,6.499213982079394,0.1344480101492929
8589,2023-07-08,2023-07-08 23:00:00,6.409337812379211,0.09319440241340228
8590,2023-07-09,2023-07-09 23:00:00,6.257434545166713,0.17690869365832043
8591,2023-07-10,2023-07-10 23:00:00,6.303211045626512,0.17141069735961373
8592,2023-07-11,2023-07-11 23:00:00,6.420715829447372,0.15275426434575146
8593,2023-07-12,2023-07-12 23:00:00,6.49724046203239,0.09010854565050071
8594,2023-07-13,2023-07-13 23:00:00,6.610195729173376,0.05574407070894671
8595,2023-07-14,2023-07-14 23:00:00,6.67903757085637,0.05012228147299622
8596,2023-07-15,2023-07-15 23:00:00,6.610001737171423,0.13179736724567137
8597,2023-07-16,2023-07-16 23:00:00,6.659639284701389,0.07887939597337117
8598,2023-07-17,2023-07-17 23:00:00,6.580414115652903,0.11473166981652454
8599,2023-07-18,2023-07-18 23:00:00,6.501908251286564,0.11541917655938462
8600,2023-07-19,2023-07-19 23:00:00,6.243498780927937,0.3273981961819239
8601,2023-07-20,2023-07-20 23:00:00,6.037547593320849,0.1594310308488788
8602,2023-07-21,2023-07-21 23:00:00,6.247018636290707,0.2674850324295366
8603,2023-07-22,2023-07-22 23:00:00,6.008321946026077,0.1277490968950294
8604,2023-07-23,2023-07-23 23:00:00,6.067953432906664,0.20381077913145648
8605,2023-07-24,2023-07-24 23:00:00,6.385389798926977,0.18825765678535294
8606,2023-07-25,2023-07-25 23:00:00,6.392835748994403,0.05056529409017242
8607,2023-07-26,2023-07-26 23:00:00,6.378229134220457,0.2667207572634823
8608,2023-07-27,2023-07-27 23:00:00,6.4572022536058915,0.1954022189984886
8609,2023-07-28,2023-07-28 23:00:00,6.351396221778991,0.1452924055471872
8610,2023-07-29,2023-07-29 23:00:00,6.376965095795085,0.13719632429335982
8611,2023-07-30,2023-07-30 23:00:00,6.395977312848099,0.08574185594569574
8612,2023-07-31,2023-07-31 23:00:00,6.326994826445201,0.3492081664933322
8613,2023-08-01,2023-08-01 23:00:00,6.428882161493309,0.3067102595110391
8614,2023-08-02,2023-08-02 23:00:00,6.4631788095474825,0.19973472057543679
8615,2023-08-03,2023-08-03 23:00:00,6.354537382696466,0.26392530008060805
8616,2023-08-04,2023-08-04 23:00:00,6.428197881357761,0.20764254145329067
8617,2023-08-05,2023-08-05 23:00:00,6.302331245175634,0.11925173486789038
8618,2023-08-06,2023-08-06 23:00:00,6.365589671107319,0.0870461772585909
8619,2023-08-07,2023-08-07 23:00:00,6.099704538872277,0.41534375548865027
8620,2023-08-08,2023-08-08 23:00:00,6.413714394461458,0.15443631524500986
8621,2023-08-09,2023-08-09 23:00:00,6.575608496467783,0.17259609531633446
8622,2023-08-10,2023-08-10 23:00:00,6.674801124881191,0.11325256784133571
8623,2023-08-11,2023-08-11 23:00:00,6.781376729101541,0.019584974486695807
8624,2023-08-12,2023-08-12 23:00:00,6.806764251510747,0.07638016860666404
8625,2023-08-13,2023-08-13 23:00:00,6.658453215296581,0.1190728955877433
8626,2023-08-14,2023-08-14 23:00:00,6.552593202453115,0.47445399555535156
8627,2023-08-15,2023-08-15 23:00:00,6.779332355121316,0.06016711558880966
8628,2023-08-16,2023-08-16 23:00:00,6.657830378184865,0.31171669256195805
8629,2023-08-17,2023-08-17 23:00:00,6.634527706986116,0.4523945303697552
8630,2023-08-18,2023-08-18 23:00:00,6.767199437518727,0.26413654538687587
8631,2023-08-19,2023-08-19 23:00:00,6.6904612782036095,0.17959402363291432
8632,2023-08-20,2023-08-20 23:00:00,6.175059589019629,0.30591508195155176
8633,2023-08-21,2023-08-21 23:00:00,6.189135101335094,0.2682559135278974
8634,2023-08-22,2023-08-22 23:00:00,5.865557360084595,0.4918778321693137
8635,2023-08-23,2023-08-23 23:00:00,5.535935491166639,0.4845285645350718
8636,2023-08-24,2023-08-24 23:00:00,5.342994288873236,0.4479077276394221
8637,2023-08-25,2023-08-25 23:00:00,5.247755613001926,0.5874823320689303
8638,2023-08-26,2023-08-26 23:00:00,5.535324099438441,0.4747689225804812
8639,2023-08-27,2023-08-27 23:00:00,5.294242356452919,0.40558276812433264
8640,2023-08-28,2023-08-28 23:00:00,6.034351580818876,0.2354412578314801
8641,2023-08-29,2023-08-29 23:00:00,6.489161019030772,0.08816209843885318
8642,2023-08-30,2023-08-30 23:00:00,6.792573293886966,0.010340129661367324
8643,2023-08-31,2023-08-31 23:00:00,6.859356900713792,0.02087067617411026
8644,2023-09-01,2023-09-01 23:00:00,6.895741090060543,0.020761119198741084
8645,2023-09-02,2023-09-02 23:00:00,6.959218545785821,0.01624760556898785
8646,2023-09-03,2023-09-03 23:00:00,7.002588495927275,0.03083229226489949
8647,2023-09-04,2023-09-04 23:00:00,7.0360933478653385,0.03561024517315016
8648,2023-09-05,2023-09-05 23:00:00,7.051431502222099,0.01935089618240914
8649,2023-09-06,2023-09-06 23:00:00,7.003571353935906,0.1046046778725393
8650,2023-09-07,2023-09-07 23:00:00,7.074323567343353,0.0036732492898260524
8651,2023-09-08,2023-09-08 23:00:00,7.0918604193314145,0.0017350686463339573
8652,2023-09-09,2023-09-09 23:00:00,7.113459504613975,0.006316659428902995
8653,2023-09-10,2023-09-10 23:00:00,7.111269459289133,0.01516448881549248
8654,2023-09-11,2023-09-11 23:00:00,7.126501431534563,0.00127205244533623
8655,2023-09-12,2023-09-12 23:00:00,7.126247675219465,0.003550160923003979
8656,2023-09-13,2023-09-13 23:00:00,7.127583000688115,0.00403253681948375
8657,2023-09-14,2023-09-14 23:00:00,7.128541913661725,0.0011178068228997994
8658,2023-09-15,2023-09-15 23:00:00,7.129752588467592,0.0004919577066876134
8659,2023-09-16,2023-09-16 23:00:00,7.121924392216265,0.017703171633719195
8660,2023-09-17,2023-09-17 23:00:00,7.011932804473172,0.19461013596209245
8661,2023-09-18,2023-09-18 23:00:00,7.091531312823413,0.09923253359239406
8662,2023-09-19,2023-09-19 23:00:00,7.096270089020581,0.07050861930587528
8663,2023-09-20,2023-09-20 23:00:00,7.109057730875041,0.02382318151953763
8664,2023-09-21,2023-09-21 23:00:00,7.130336488889498,0.0007968452676374537
8665,2023-09-22,2023-09-22 23:00:00,7.130202718652949,0.0022795159098248897
8666,2023-09-23,2023-09-23 23:00:00,7.131349829956871,2.9035927970253566e-05
8667,2023-09-24,2023-09-24 23:00:00,7.064079816620629,0.12779812043760322
8668,2023-09-25,2023-09-25 23:00:00,7.110330501727518,0.05876607001048684
8669,2023-09-26,2023-09-26 23:00:00,7.13164075011193,0.00031025750183379054
8670,2023-09-27,2023-09-27 23:00:00,7.111942054484022,0.025879760538915636
8671,2023-09-28,2023-09-28 23:00:00,7.115739505842036,0.02425042915848347
8672,2023-09-29,2023-09-29 23:00:00,7.101290083858113,0.04731414660319088
8673,2023-09-30,2023-09-30 23:00:00,7.080868096977874,0.08084987152438691
8674,2023-10-01,2023-10-01 23:00:00,7.105059999382301,0.11523549839431559
8675,2023-10-02,2023-10-02 23:00:00,7.130176293146136,0.004676563577140927
8676,2023-10-03,2023-10-03 23:00:00,7.130248017400214,3.3596024511244385e-06
8677,2023-10-04,2023-10-04 23:00:00,7.125093101458208,0.009587448202348452
8678,2023-10-05,2023-10-05 23:00:00,7.1263785197305465,0.02043013476817565
8679,2023-10-06,2023-10-06 23:00:00,7.1513925777824,0.010945471669945115
8680,2023-10-07,2023-10-07 23:00:00,7.161792170737212,0.013110179213926876
8681,2023-10-08,2023-10-08 23:00:00,7.111527047390266,0.044891981536162015
8682,2023-10-09,2023-10-09 23:00:00,7.130545960450021,0.09016539212884492
8683,2023-10-10,2023-10-10 23:00:00,7.128887023900574,0.08879349679335655
8684,2023-10-11,2023-10-11 23:00:00,7.105918485488554,0.06902714175010138
8685,2023-10-12,2023-10-12 23:00:00,7.040736606249864,0.09496577636254745
8686,2023-10-13,2023-10-13 23:00:00,7.051857796721389,0.10365257117223407
8687,2023-10-14,2023-10-14 23:00:00,7.120501621255496,0.018827085898061275
8688,2023-10-15,2023-10-15 23:00:00,7.076759685703134,0.10199003597316286
8689,2023-10-16,2023-10-16 23:00:00,7.139913929488774,0.0353147658552038
8690,2023-10-17,2023-10-17 23:00:00,7.175867980926472,0.058008963245580025
8691,2023-10-18,2023-10-18 23:00:00,7.229946893888706,0.06485143158306766
8692,2023-10-19,2023-10-19 23:00:00,7.314967241302462,0.04288745999972561
8693,2023-10-20,2023-10-20 23:00:00,7.377066712023722,0.05589021169366403
8694,2023-10-21,2023-10-21 23:00:00,7.414862783809287,0.09735046811297497
8695,2023-10-22,2023-10-22 23:00:00,7.276962395641334,0.07927583795540247
8696,2023-10-23,2023-10-23 23:00:00,7.360218687124781,0.11797515151207195
8697,2023-10-24,2023-10-24 23:00:00,7.454322001028203,0.08874115058860092
8698,2023-10-25,2023-10-25 23:00:00,6.973119251722172,0.3594924045298085
8699,2023-10-26,2023-10-26 23:00:00,6.765831694896609,0.25435663228063343
8700,2023-10-27,2023-10-27 23:00:00,6.64294880517746,0.20576883055634063
8701,2023-10-28,2023-10-28 23:00:00,6.294790966515567,0.368562947053477
8702,2023-10-29,2023-10-29 23:00:00,5.975929766613767,0.3530756969680334
8703,2023-10-30,2023-10-30 23:00:00,6.3644359132564245,0.4197702890627073
8704,2023-10-31,2023-10-31 23:00:00,6.238627068221674,0.606917676513115
8705,2023-11-01,2023-11-01 23:00:00,5.905126033571214,0.8607088349318879
8706,2023-11-02,2023-11-02 23:00:00,5.903787516810585,0.8318977590240197
8707,2023-11-03,2023-11-03 23:00:00,5.638496343906088,0.6437839741367302
8708,2023-11-04,2023-11-04 23:00:00,6.082178271089863,0.7358024206717401
8709,2023-11-05,2023-11-05 23:00:00,5.625402415288036,0.68745915789702
8710,2023-11-06,2023-11-06 23:00:00,5.945234630808154,0.7372745257812685
8711,2023-11-07,2023-11-07 23:00:00,6.245935660041,0.7360255012020175
8712,2023-11-08,2023-11-08 23:00:00,6.084178943046659,0.7497531212140869
8713,2023-11-09,2023-11-09 23:00:00,6.446678510055267,0.3456774023517047
8714,2023-11-10,2023-11-10 23:00:00,6.568928501397436,0.2547077399832003
8715,2023-11-11,2023-11-11 23:00:00,6.524256737614305,0.30062676541440914
8716,2023-11-12,2023-11-12 23:00:00,6.6116832088621615,0.20435160261670618
8717,2023-11-13,2023-11-13 23:00:00,6.638059432702479,0.1662891476837273
8718,2023-11-14,2023-11-14 23:00:00,6.8726483434191685,0.040696138645683305
8719,2023-11-15,2023-11-15 23:00:00,6.836599068879953,0.02659541852777434
8720,2023-11-16,2023-11-16 23:00:00,6.662805054582958,0.19768661975798466
8721,2023-11-17,2023-11-17 23:00:00,6.623404679539995,0.1451631069105275
8722,2023-11-18,2023-11-18 23:00:00,6.209000443998247,0.1675174832992526
8723,2023-11-19,2023-11-19 23:00:00,5.995870704713094,0.28931130575767455
8724,2023-11-20,2023-11-20 23:00:00,5.917856282147617,0.37398743696032355
8725,2023-11-21,2023-11-21 23:00:00,5.571004078721916,0.7134767562423779
8726,2023-11-22,2023-11-22 23:00:00,5.8068199818644475,0.8804594403293607
8727,2023-11-23,2023-11-23 23:00:00,5.924819861169529,0.831338091300721
8728,2023-11-24,2023-11-24 23:00:00,6.326273050360268,0.2155838377934172
8729,2023-11-25,2023-11-25 23:00:00,6.035536728924394,0.3067592214562888
8730,2023-11-26,2023-11-26 23:00:00,5.955714881529956,0.2707622382968263
8731,2023-11-27,2023-11-27 23:00:00,6.31789770749608,0.4104153558749754
8732,2023-11-28,2023-11-28 23:00:00,6.48395447822152,0.24168491553975258
8733,2023-11-29,2023-11-29 23:00:00,6.4069708669044205,0.25240704309047535
8734,2023-11-30,2023-11-30 23:00:00,6.633316659996749,0.13479330328817574
8735,2023-12-01,2023-12-01 23:00:00,6.696512268663404,0.1271402966977622
8736,2023-12-02,2023-12-02 23:00:00,6.777183163270564,0.028367158183370406
8737,2023-12-03,2023-12-03 23:00:00,6.7571786971483805,0.04933820491871568
8738,2023-12-04,2023-12-04 23:00:00,6.778393452608559,0.0828433607692575
8739,2023-12-05,2023-12-05 23:00:00,6.838894796196372,0.053432163182791176
8740,2023-12-06,2023-12-06 23:00:00,6.8529020357491115,0.012528298967731694
8741,2023-12-07,2023-12-07 23:00:00,6.848631601867818,0.007798794424988081
8742,2023-12-08,2023-12-08 23:00:00,6.834774998161177,0.04849978648541894
8743,2023-12-09,2023-12-09 23:00:00,6.933060501947627,0.04990249620297765
8744,2023-12-10,2023-12-10 23:00:00,6.957199849271092,0.061744496509055787
8745,2023-12-11,2023-12-11 23:00:00,7.005312876198254,0.022239247698802887
8746,2023-12-12,2023-12-12 23:00:00,6.957228946624735,0.04425395225085795
8747,2023-12-13,2023-12-13 23:00:00,6.9676984066343435,0.049589922882036376
8748,2023-12-14,2023-12-14 23:00:00,6.942054453438658,0.04158854420409047
8749,2023-12-15,2023-12-15 23:00:00,6.919489962237985,0.03075936685267444
8750,2023-12-16,2023-12-16 23:00:00,6.88777146234348,0.03080566745401099
8751,2023-12-17,2023-12-17 23:00:00,6.807248005315954,0.03470608870985451
8752,2023-12-18,2023-12-18 23:00:00,6.786844344761298,0.017831310285356047
8753,2023-12-19,2023-12-19 23:00:00,6.673241640073596,0.10969028654687203
8754,2023-12-20,2023-12-20 23:00:00,6.365535691723419,0.4285035094199511
8755,2023-12-21,2023-12-21 23:00:00,6.422053311846686,0.0647351965382782
8756,2023-12-22,2023-12-22 23:00:00,6.35186890330008,0.046420078951203016
8757,2023-12-23,2023-12-23 23:00:00,6.3753980249071125,0.03179493574285409
8758,2023-12-24,2023-12-24 23:00:00,6.362455084852854,0.019259129404910744
8759,2023-12-25,2023-12-25 23:00:00,6.202352419999355,0.07483430069254592
8760,2023-12-26,2023-12-26 23:00:00,5.976843258422797,0.5430710133823106
8761,2023-12-27,2023-12-27 23:00:00,6.186385136197235,0.07921733214861952
8762,2023-12-28,2023-12-28 23:00:00,6.089744807253221,0.04733668255182081
8763,2023-12-29,2023-12-29 23:00:00,5.964829310472223,0.09630096023715999
8764,2023-12-30,2023-12-30 23:00:00,4.915926380563344,0.30481487859183476
8765,2023-12-31,2023-12-31 23:00:00,5.330844792126876,0.20652382249339732
8766,2024-01-01,2024-01-01 23:00:00,5.469513851816906,0.41945298983291557
8767,2024-01-02,2024-01-02 23:00:00,6.083715043567143,0.13938937886829036
8768,2024-01-03,2024-01-03 23:00:00,6.275893671154385,0.08212755371285471
8769,2024-01-04,2024-01-04 23:00:00,6.4630133880173135,0.09291273245437373
8770,2024-01-05,2024-01-05 23:00:00,6.578238834226386,0.027824689392399383
8771,2024-01-06,2024-01-06 23:00:00,6.583521553956079,0.031701847700880845
8772,2024-01-07,2024-01-07 23:00:00,6.595080826947798,0.01634988319249284
8773,2024-01-08,2024-01-08 23:00:00,6.595901270922428,0.08095969693412712
8774,2024-01-09,2024-01-09 23:00:00,6.680592364025963,0.028769035871788584
8775,2024-01-10,2024-01-10 23:00:00,6.641744742356515,0.038789656950298415
8776,2024-01-11,2024-01-11 23:00:00,6.674458609036144,0.012190729893275581
8777,2024-01-12,2024-01-12 23:00:00,6.642850308526362,0.0421269706462067
8778,2024-01-13,2024-01-13 23:00:00,6.613753268240312,0.037931227222753855
8779,2024-01-14,2024-01-14 23:00:00,6.561363618930048,0.03954850056056215
8780,2024-01-15,2024-01-15 23:00:00,6.559242279527592,0.09385380708653811
8781,2024-01-16,2024-01-16 23:00:00,6.55549977370931,0.014039917863487525
8782,2024-01-17,2024-01-17 23:00:00,6.518925376837404,0.0553771971235313
8783,2024-01-18,2024-01-18 23:00:00,6.45755794854765,0.014977924512857718
8784,2024-01-19,2024-01-19 23:00:00,6.435770626561691,0.03251745326705447
8785,2024-01-20,2024-01-20 23:00:00,6.4085345028085134,0.009280809301965159
8786,2024-01-21,2024-01-21 23:00:00,6.363428077136767,0.029194338866501024
8787,2024-01-22,2024-01-22 23:00:00,6.362928158159362,0.005208056358224413
8788,2024-01-23,2024-01-23 23:00:00,6.3467251688516955,0.020638498606601993
8789,2024-01-24,2024-01-24 23:00:00,6.337511133337347,0.03153294647484407
8790,2024-01-25,2024-01-25 23:00:00,6.318484796413338,0.022519428735508534
8791,2024-01-26,2024-01-26 23:00:00,6.244246425195832,0.0349802966094772
8792,2024-01-27,2024-01-27 23:00:00,6.290324463861947,0.046123299144103964
8793,2024-01-28,2024-01-28 23:00:00,6.413244385008141,0.05808887887795517
8794,2024-01-29,2024-01-29 23:00:00,6.536270731924977,0.0469223197143104
8795,2024-01-30,2024-01-30 23:00:00,6.5857904852747,0.03960255924485623
8796,2024-01-31,2024-01-31 23:00:00,6.601075200683142,0.041437187044790484
8797,2024-02-01,2024-02-01 23:00:00,6.6753908629039715,0.006697252628464794
8798,2024-02-02,2024-02-02 23:00:00,6.670891842081008,0.008720633228552665
8799,2024-02-03,2024-02-03 23:00:00,6.638357140018543,0.042883318542762956
8800,2024-02-04,2024-02-04 23:00:00,6.55553655156088,0.11593871186497157
8801,2024-02-05,2024-02-05 23:00:00,6.5614367142607435,0.1327838722707436
8802,2024-02-06,2024-02-06 23:00:00,6.372010950777951,0.48702760647433785
8803,2024-02-07,2024-02-07 23:00:00,6.458184164536111,0.046067642413487764
8804,2024-02-08,2024-02-08 23:00:00,6.019327402063014,0.6817335584277684
8805,2024-02-09,2024-02-09 23:00:00,6.376704302664706,0.023500860886200136
8806,2024-02-10,2024-02-10 23:00:00,6.410652359539175,0.0634225714538699
8807,2024-02-11,2024-02-11 23:00:00,6.431097455023111,0.03202518820410761
8808,2024-02-12,2024-02-12 23:00:00,6.4811811285507295,0.04866723613043349
8809,2024-02-13,2024-02-13 23:00:00,6.522827664983328,0.036554653980783905
8810,2024-02-14,2024-02-14 23:00:00,6.523734325334949,0.06935867394643472
8811,2024-02-15,2024-02-15 23:00:00,6.518954105284071,0.08167637205780293
8812,2024-02-16,2024-02-16 23:00:00,6.422314459694332,0.016412258462495125
8813,2024-02-17,2024-02-17 23:00:00,6.4716562853872,0.03325198555909472
8814,2024-02-18,2024-02-18 23:00:00,6.441311002844233,0.04008146318547619
8815,2024-02-19,2024-02-19 23:00:00,6.482103235323049,0.04815165745148961
8816,2024-02-20,2024-02-20 23:00:00,6.4973278647496135,0.03559199027496361
8817,2024-02-21,2024-02-21 23:00:00,6.531484770616049,0.0030434171543205486
8818,2024-02-22,2024-02-22 23:00:00,6.340237513607278,0.21194558951763426
8819,2024-02-23,2024-02-23 23:00:00,6.474369029633138,0.06823969308165559
8820,2024-02-24,2024-02-24 23:00:00,6.505082000205028,0.046278475279911926
8821,2024-02-25,2024-02-25 23:00:00,6.4532975426760535,0.007303968762179918
8822,2024-02-26,2024-02-26 23:00:00,6.4667859788718,0.057928625735543415
8823,2024-02-27,2024-02-27 23:00:00,6.412032129387338,0.05473225686863035
8824,2024-02-28,2024-02-28 23:00:00,6.204222775671188,0.4899406794518821
8825,2024-02-29,2024-02-29 23:00:00,6.3388595442683355,0.019611170819581736
8826,2024-03-01,2024-03-01 23:00:00,6.306434079446658,0.04227242454439242
8827,2024-03-02,2024-03-02 23:00:00,6.326315524765909,0.015566618104313909
8828,2024-03-03,2024-03-03 23:00:00,6.28489564495883,0.023777469685796176
8829,2024-03-04,2024-03-04 23:00:00,6.304523009636927,0.08948275273604155
8830,2024-03-05,2024-03-05 23:00:00,6.413244176512446,0.07043334304428492
8831,2024-03-06,2024-03-06 23:00:00,6.419058437511268,0.048401716735769776
8832,2024-03-07,2024-03-07 23:00:00,6.454148641411119,0.06865891733968119
8833,2024-03-08,2024-03-08 23:00:00,6.419373301821032,0.028607627591110348
8834,2024-03-09,2024-03-09 23:00:00,6.424246265339146,0.02985474095596523
8835,2024-03-10,2024-03-10 23:00:00,6.4504960541524765,0.043803582153974445
8836,2024-03-11,2024-03-11 23:00:00,6.449400659917406,0.051035277197395264
8837,2024-03-12,2024-03-12 23:00:00,6.493663800833318,0.039653052393171025
8838,2024-03-13,2024-03-13 23:00:00,6.478095253048046,0.027502857578444798
8839,2024-03-14,2024-03-14 23:00:00,6.412139714596648,0.07252887065341511
8840,2024-03-15,2024-03-15 23:00:00,6.4495498292090305,0.029294893236126954
8841,2024-03-16,2024-03-16 23:00:00,6.4781564844003094,0.01792553270312847
8842,2024-03-17,2024-03-17 23:00:00,6.49100910866311,0.022676803911982263
8843,2024-03-18,2024-03-18 23:00:00,6.361502013885314,0.2779983145955913
8844,2024-03-19,2024-03-19 23:00:00,6.54278237145894,0.042613184707689676
8845,2024-03-20,2024-03-20 23:00:00,6.560058569032553,0.06568085536323456
8846,2024-03-21,2024-03-21 23:00:00,6.608360243065872,0.014540174686166403
8847,2024-03-22,2024-03-22 23:00:00,6.686950464948436,0.02642066024700251
8848,2024-03-23,2024-03-23 23:00:00,6.693656622529919,0.1027907935585767
8849,2024-03-24,2024-03-24 23:00:00,6.598644651264216,0.11960724040184302
8850,2024-03-25,2024-03-25 23:00:00,6.723338985820533,0.08280091024158888
8851,2024-03-26,2024-03-26 23:00:00,6.852249147089782,0.026175086865297775
8852,2024-03-27,2024-03-27 23:00:00,6.949289207199572,0.07439126601021749
8853,2024-03-28,2024-03-28 23:00:00,6.858590483412229,0.17439298564755104
8854,2024-03-29,2024-03-29 23:00:00,6.823237968384032,0.07439458476369908
8855,2024-03-30,2024-03-30 23:00:00,6.749906564717198,0.07286488365256213
8856,2024-03-31,2024-03-31 23:00:00,6.692988829784826,0.03801661897624541
8857,2024-04-01,2024-04-01 23:00:00,6.865439757080446,0.09903351155310672
8858,2024-04-02,2024-04-02 23:00:00,7.058796908627916,0.006962964491269536
8859,2024-04-03,2024-04-03 23:00:00,7.23672929349901,0.05916888211737294
8860,2024-04-04,2024-04-04 23:00:00,7.0977736531806315,0.1361779928778319
8861,2024-04-05,2024-04-05 23:00:00,6.975696290199529,0.2381937551136558
8862,2024-04-06,2024-04-06 23:00:00,6.567759772023209,0.2652420380206032
8863,2024-04-07,2024-04-07 23:00:00,6.562561238248847,0.13088244621310832
8864,2024-04-08,2024-04-08 23:00:00,6.923274272534672,0.11807792280884634
8865,2024-04-09,2024-04-09 23:00:00,7.018606691822753,0.06491870946354311
8866,2024-04-10,2024-04-10 23:00:00,6.959042669680406,0.20305788878884376
8867,2024-04-11,2024-04-11 23:00:00,7.057846446720707,0.02520408543674811
8868,2024-04-12,2024-04-12 23:00:00,7.063213839927435,0.020126361636872436
8869,2024-04-13,2024-04-13 23:00:00,7.045684133587701,0.023527301450255167
8870,2024-04-14,2024-04-14 23:00:00,7.06182518912379,0.022661409914687573
8871,2024-04-15,2024-04-15 23:00:00,7.102637719945775,0.0421950948795931
8872,2024-04-16,2024-04-16 23:00:00,7.118592618627729,0.05153117118256393
8873,2024-04-17,2024-04-17 23:00:00,7.0698058029916595,0.016141014008578817
8874,2024-04-18,2024-04-18 23:00:00,7.065057367742572,0.021557334977953667
8875,2024-04-19,2024-04-19 23:00:00,7.022558260074029,0.06543004980647099
8876,2024-04-20,2024-04-20 23:00:00,7.004256224543195,0.041510014325594105
8877,2024-04-21,2024-04-21 23:00:00,6.47235236483331,0.31842041772060775
8878,2024-04-22,2024-04-22 23:00:00,6.260260659540524,0.7162513241430367
8879,2024-04-23,2024-04-23 23:00:00,6.08535831896421,0.57614748067181
8880,2024-04-24,2024-04-24 23:00:00,5.297355157702459,0.4585921637507175
8881,2024-04-25,2024-04-25 23:00:00,5.476661050631971,0.46223894495320456
8882,2024-04-26,2024-04-26 23:00:00,5.390182044103955,0.43373352491803974
8883,2024-04-27,2024-04-27 23:00:00,5.133602262828325,0.34591810056485084
8884,2024-04-28,2024-04-28 23:00:00,4.790477181310631,0.04584843439620955
8885,2024-04-29,2024-04-29 23:00:00,4.9918428235020516,0.27698353482918087
8886,2024-04-30,2024-04-30 23:00:00,4.93582564791632,0.22434991493894438
8887,2024-05-01,2024-05-01 23:00:00,5.092529193068422,0.187349367959254
8888,2024-05-02,2024-05-02 23:00:00,5.338792120672579,0.280639354346559
8889,2024-05-03,2024-05-03 23:00:00,5.730243573329843,0.10063962963938977
8890,2024-05-04,2024-05-04 23:00:00,5.88724317140095,0.006762320200743779
8891,2024-05-05,2024-05-05 23:00:00,5.8572597840202825,0.051388880252385125
8892,2024-05-06,2024-05-06 23:00:00,5.830097129823911,0.07778800933589577
8893,2024-05-07,2024-05-07 23:00:00,5.774630244410922,0.07670405326287615
8894,2024-05-08,2024-05-08 23:00:00,5.789020531235772,0.0948608093128317
8895,2024-05-09,2024-05-09 23:00:00,5.670587218147713,0.16917895518680848
8896,2024-05-10,2024-05-10 23:00:00,5.614568560663472,0.09956249552545658
8897,2024-05-11,2024-05-11 23:00:00,5.526052701072136,0.056835618976817624
8898,2024-05-12,2024-05-12 23:00:00,5.0207787930740935,0.3029363072344193
8899,2024-05-13,2024-05-13 23:00:00,5.356104265507085,0.18608689646877774
8900,2024-05-14,2024-05-14 23:00:00,5.503768068865859,0.19060053215485367
8901,2024-05-15,2024-05-15 23:00:00,5.442359509931726,0.18846897676790636
8902,2024-05-16,2024-05-16 23:00:00,5.469973791765845,0.2304275846809552
8903,2024-05-17,2024-05-17 23:00:00,5.583506603174165,0.42353220689072035
8904,2024-05-18,2024-05-18 23:00:00,5.577108989116269,0.43507465376491045
8905,2024-05-19,2024-05-19 23:00:00,5.348716247662909,0.2976726465275155
8906,2024-05-20,2024-05-20 23:00:00,5.72557899755855,0.3306632850419706
8907,2024-05-21,2024-05-21 23:00:00,5.722226835505076,0.20724031392707876
8908,2024-05-22,2024-05-22 23:00:00,6.010647943464309,0.14389501860849005
8909,2024-05-23,2024-05-23 23:00:00,6.053994603218304,0.0860428740465346
8910,2024-05-24,2024-05-24 23:00:00,6.2068140957026365,0.21495373674234974
8911,2024-05-25,2024-05-25 23:00:00,6.252005777483103,0.2128526946145508
8912,2024-05-26,2024-05-26 23:00:00,5.909129261991143,0.43679196880874593
8913,2024-05-27,2024-05-27 23:00:00,6.168371563858597,0.277972894934104
8914,2024-05-28,2024-05-28 23:00:00,6.110950038048053,0.2961361599768664
8915,2024-05-29,2024-05-29 23:00:00,6.212462832345312,0.25663089503782743
8916,2024-05-30,2024-05-30 23:00:00,5.86110310898918,0.3764257521906439
8917,2024-05-31,2024-05-31 23:00:00,5.337808059634869,0.5378878634028146
8918,2024-06-01,2024-06-01 23:00:00,5.511044248665132,0.31431145036700475
8919,2024-06-02,2024-06-02 23:00:00,5.543124162106076,0.2805918234291694
8920,2024-06-03,2024-06-03 23:00:00,5.624327464821884,0.26064391692883726
8921,2024-06-04,2024-06-04 23:00:00,5.81005110458721,0.22368340511295665
8922,2024-06-05,2024-06-05 23:00:00,6.017696906287434,0.34778625791669476
8923,2024-06-06,2024-06-06 23:00:00,5.996798386672199,0.07451062753559119
8924,2024-06-07,2024-06-07 23:00:00,5.947994099539382,0.21031872323104564
8925,2024-06-08,2024-06-08 23:00:00,5.9954808540436035,0.250423960078107
8926,2024-06-09,2024-06-09 23:00:00,5.825497619807815,0.1867878250708268
8927,2024-06-10,2024-06-10 23:00:00,5.792840687748703,0.2404364800612872
8928,2024-06-11,2024-06-11 23:00:00,5.822281026305002,0.15989346983834946
8929,2024-06-12,2024-06-12 23:00:00,5.907529867630541,0.16041051770200418
8930,2024-06-13,2024-06-13 23:00:00,5.996666172530979,0.07968638060893385
8931,2024-06-14,2024-06-14 23:00:00,6.029804164164809,0.027698514076034637
8932,2024-06-15,2024-06-15 23:00:00,5.768155249384503,0.2019439330048226
8933,2024-06-16,2024-06-16 23:00:00,5.711502308112881,0.17190105641079523
8934,2024-06-17,2024-06-17 23:00:00,5.566160734595033,0.39660875726191747
8935,2024-06-18,2024-06-18 23:00:00,5.544282542427925,0.31668173281386564
8936,2024-06-19,2024-06-19 23:00:00,5.812785098358276,0.30036227154795814
8937,2024-06-20,2024-06-20 23:00:00,5.838598353463638,0.24911853236244563
8938,2024-06-21,2024-06-21 23:00:00,5.461983985813103,0.28420213896406993
8939,2024-06-22,2024-06-22 23:00:00,5.649665832842384,0.22567996557969508
8940,2024-06-23,2024-06-23 23:00:00,5.364744603126497,0.04317334797624298
8941,2024-06-24,2024-06-24 23:00:00,5.525424322663986,0.2969628723902105
8942,2024-06-25,2024-06-25 23:00:00,5.673616329591887,0.21877051953282287
8943,2024-06-26,2024-06-26 23:00:00,5.666988149982026,0.208055093601564
8944,2024-06-27,2024-06-27 23:00:00,5.720909510989263,0.21569045204688317
8945,2024-06-28,2024-06-28 23:00:00,5.417952663596284,0.35560635963379206
8946,2024-06-29,2024-06-29 23:00:00,5.259590128381389,0.44845217073144833
8947,2024-06-30,2024-06-30 23:00:00,4.853749778926323,0.08829574030210623
8948,2024-07-01,2024-07-01 23:00:00,4.937566230837464,0.21850661514368516
8949,2024-07-02,2024-07-02 23:00:00,5.178747162353265,0.29100239952146206
8950,2024-07-03,2024-07-03 23:00:00,5.322843784531245,0.2096093881857702
8951,2024-07-04,2024-07-04 23:00:00,5.3722865452094135,0.3702582749317494
8952,2024-07-05,2024-07-05 23:00:00,5.302354071142358,0.4588718821636944
8953,2024-07-06,2024-07-06 23:00:00,5.120599230476269,0.300404761100787
8954,2024-07-07,2024-07-07 23:00:00,4.969927402229278,0.2938588824249076
8955,2024-07-08,2024-07-08 23:00:00,5.221255658229676,0.479789527281198
8956,2024-07-09,2024-07-09 23:00:00,5.472769608324594,0.4708486342734794
8957,2024-07-10,2024-07-10 23:00:00,5.360962629542105,0.428044708029802
8958,2024-07-11,2024-07-11 23:00:00,5.846507455810535,0.33623893878361283
8959,2024-07-12,2024-07-12 23:00:00,5.793790086612151,0.13931476032595974
8960,2024-07-13,2024-07-13 23:00:00,5.701362150992698,0.11931341552950661
8961,2024-07-14,2024-07-14 23:00:00,5.550680913656926,0.003028872185124577
8962,2024-07-15,2024-07-15 23:00:00,5.755019896573387,0.17296243740398673
8963,2024-07-16,2024-07-16 23:00:00,5.7771158060150585,0.13320464474412305
8964,2024-07-17,2024-07-17 23:00:00,5.804548558810208,0.20256522059549942
8965,2024-07-18,2024-07-18 23:00:00,5.828455917607676,0.050431731684868204
8966,2024-07-19,2024-07-19 23:00:00,5.87729548371811,0.07063245167869552
8967,2024-07-20,2024-07-20 23:00:00,5.863573041019734,0.15048583543188376
8968,2024-07-21,2024-07-21 23:00:00,5.8779252036811185,0.12082454756940919
8969,2024-07-22,2024-07-22 23:00:00,6.104748438720421,0.041490431663651135
8970,2024-07-23,2024-07-23 23:00:00,6.233561706221255,0.10473642924100969
8971,2024-07-24,2024-07-24 23:00:00,6.012435982921441,0.16481436996659643
8972,2024-07-25,2024-07-25 23:00:00,5.99711537347256,0.1837359092427535
8973,2024-07-26,2024-07-26 23:00:00,5.905544030148859,0.1710315518466728
8974,2024-07-27,2024-07-27 23:00:00,5.935279866275695,0.0966747557978938
8975,2024-07-28,2024-07-28 23:00:00,5.72409274417218,0.2294123143821221
8976,2024-07-29,2024-07-29 23:00:00,6.032196383325387,0.14046441949171087
8977,2024-07-30,2024-07-30 23:00:00,6.098533467811621,0.09773964275562887
8978,2024-07-31,2024-07-31 23:00:00,6.077607671908011,0.10316882186642327
8979,2024-08-01,2024-08-01 23:00:00,6.183347621544894,0.028618245878065357
8980,2024-08-02,2024-08-02 23:00:00,6.0131120181384725,0.49303128856006206
8981,2024-08-03,2024-08-03 23:00:00,6.272152838609361,0.09439845130570568
8982,2024-08-04,2024-08-04 23:00:00,6.239619978594502,0.07119601983544804
8983,2024-08-05,2024-08-05 23:00:00,6.372156268478233,0.09410793797063441
8984,2024-08-06,2024-08-06 23:00:00,6.2941230145399,0.08991010000212674
8985,2024-08-07,2024-08-07 23:00:00,6.225471643832485,0.08348069919580345
8986,2024-08-08,2024-08-08 23:00:00,6.42076012895614,0.061689616033350686
8987,2024-08-09,2024-08-09 23:00:00,6.4061859802655805,0.1995051063924749
8988,2024-08-10,2024-08-10 23:00:00,6.410976753198551,0.07127861411822663
8989,2024-08-11,2024-08-11 23:00:00,5.903476011737731,0.6846857442128605
8990,2024-08-12,2024-08-12 23:00:00,6.513757045309202,0.050607841224535974
8991,2024-08-13,2024-08-13 23:00:00,6.538795336553227,0.036270556492910985
8992,2024-08-14,2024-08-14 23:00:00,6.618848609435456,0.0731397960460126
8993,2024-08-15,2024-08-15 23:00:00,6.57793274748209,0.04578745196391475
8994,2024-08-16,2024-08-16 23:00:00,6.525191724134895,0.029232011394131147
8995,2024-08-17,2024-08-17 23:00:00,6.455508437104359,0.05333582688509963
8996,2024-08-18,2024-08-18 23:00:00,6.524050656421919,0.029737771190804823
8997,2024-08-19,2024-08-19 23:00:00,6.586778221828151,0.04140963477465469
8998,2024-08-20,2024-08-20 23:00:00,6.744055885131208,0.08708207673188964
8999,2024-08-21,2024-08-21 23:00:00,6.736963941255273,0.0621100215403891
9000,2024-08-22,2024-08-22 23:00:00,6.775076202228205,0.05641054350632088
9001,2024-08-23,2024-08-23 23:00:00,6.664090303855976,0.031137384243763014
9002,2024-08-24,2024-08-24 23:00:00,6.579749775794194,0.050016557909128664
9003,2024-08-25,2024-08-25 23:00:00,6.494470391908547,0.062201232063051705
9004,2024-08-26,2024-08-26 23:00:00,6.091367677834856,0.6181849297069167
9005,2024-08-27,2024-08-27 23:00:00,6.3434242478469995,0.2975653865717734
9006,2024-08-28,2024-08-28 23:00:00,6.400451598824792,0.11876676583673589
9007,2024-08-29,2024-08-29 23:00:00,6.341487349418496,0.07220226818667098
9008,2024-08-30,2024-08-30 23:00:00,6.304949577239623,0.11130860869827854
9009,2024-08-31,2024-08-31 23:00:00,6.40376959169004,0.05207600529570537
9010,2024-09-01,2024-09-01 23:00:00,6.463268827896722,0.05726844140208287
9011,2024-09-02,2024-09-02 23:00:00,6.565336542209137,0.11595800291944151
9012,2024-09-03,2024-09-03 23:00:00,6.5620829838321635,0.026292217133228445
9013,2024-09-04,2024-09-04 23:00:00,6.582505389067311,0.02238445312530979
9014,2024-09-05,2024-09-05 23:00:00,6.618517110103284,0.022984299791850668
9015,2024-09-06,2024-09-06 23:00:00,6.650090342488838,0.06994370586446876
9016,2024-09-07,2024-09-07 23:00:00,6.672878293301468,0.03342896499629062
9017,2024-09-08,2024-09-08 23:00:00,6.542260825858613,0.2059431754611709
9018,2024-09-09,2024-09-09 23:00:00,6.601444229547471,0.19547738583807084
9019,2024-09-10,2024-09-10 23:00:00,6.744382866357326,0.008568031881337472
9020,2024-09-11,2024-09-11 23:00:00,6.775661842889003,0.021169402518238
9021,2024-09-12,2024-09-12 23:00:00,6.815800718062465,0.016466755035156645
9022,2024-09-13,2024-09-13 23:00:00,6.805080697243973,0.032155893698618876
9023,2024-09-14,2024-09-14 23:00:00,6.8680835301476035,0.014273151902272244
9024,2024-09-15,2024-09-15 23:00:00,6.8460578771844025,0.1048361945900898
9025,2024-09-16,2024-09-16 23:00:00,6.923205011503401,0.006894440043559027
9026,2024-09-17,2024-09-17 23:00:00,6.9334797250052445,0.004739469395963584
9027,2024-09-18,2024-09-18 23:00:00,6.937725264238284,0.005557363911270719
9028,2024-09-19,2024-09-19 23:00:00,6.938386827992979,0.009057242983730111
9029,2024-09-20,2024-09-20 23:00:00,6.946572764527175,0.0009827011075853463
9030,2024-09-21,2024-09-21 23:00:00,6.947400343868307,0.0002588828016651048
9031,2024-09-22,2024-09-22 23:00:00,6.946397956669485,0.0027974459071511133
9032,2024-09-23,2024-09-23 23:00:00,6.947424750186895,0.0010402927522388558
9033,2024-09-24,2024-09-24 23:00:00,6.94768672644874,0.0010433233370042544
9034,2024-09-25,2024-09-25 23:00:00,6.936457292511265,0.01511423325787259
9035,2024-09-26,2024-09-26 23:00:00,6.93351801844674,0.014817808982104547
9036,2024-09-27,2024-09-27 23:00:00,6.922641245885154,0.02250399212591684
9037,2024-09-28,2024-09-28 23:00:00,6.924204224362943,0.024511759324484118
9038,2024-09-29,2024-09-29 23:00:00,6.923637661206182,0.026867159797947404
9039,2024-09-30,2024-09-30 23:00:00,7.931472015133438,0.0
9040,2024-10-01,2024-10-01 23:00:00,7.067841536809806,0.15378360189593226
9041,2024-10-02,2024-10-02 23:00:00,7.128683027363583,0.2110377170120177
9042,2024-10-03,2024-10-03 23:00:00,7.36002984445052,0.2766864760460732
9043,2024-10-04,2024-10-04 23:00:00,7.328614947390647,0.16170403191227425
9044,2024-10-05,2024-10-05 23:00:00,7.296381674166089,0.2650374144676521
9045,2024-10-06,2024-10-06 23:00:00,7.127112111921252,0.22684480404394683
9046,2024-10-07,2024-10-07 23:00:00,7.484639580541573,0.04366540782613497
9047,2024-10-08,2024-10-08 23:00:00,7.365627471357896,0.09058763163514603
9048,2024-10-09,2024-10-09 23:00:00,7.437689617043983,0.10389136143670309
9049,2024-10-10,2024-10-10 23:00:00,7.232163828553792,0.16297761315647905
9050,2024-10-11,2024-10-11 23:00:00,7.192712819854343,0.4360307764336496
9051,2024-10-12,2024-10-12 23:00:00,6.939629664837573,0.3707500181644622
9052,2024-10-13,2024-10-13 23:00:00,7.1519263380312905,0.4603397424657557
9053,2024-10-14,2024-10-14 23:00:00,7.3721036339152235,0.4747326613967656
9054,2024-10-15,2024-10-15 23:00:00,7.558496355761555,0.16023188887566245
9055,2024-10-16,2024-10-16 23:00:00,7.530088880055175,0.15335356128237113
9056,2024-10-17,2024-10-17 23:00:00,7.48679710640308,0.2597276005402661
9057,2024-10-18,2024-10-18 23:00:00,7.648209273838762,0.021263278763654178
9058,2024-10-19,2024-10-19 23:00:00,7.78079153749728,0.3459621868914979
9059,2024-10-20,2024-10-20 23:00:00,7.066183241999968,0.07133106173168187
9060,2024-10-21,2024-10-21 23:00:00,7.121147542873491,0.44243574495728827
9061,2024-10-22,2024-10-22 23:00:00,7.43364745165531,0.4361520816864324
9062,2024-10-23,2024-10-23 23:00:00,7.475711556879229,0.3800245534319124
9063,2024-10-24,2024-10-24 23:00:00,7.35851937958396,0.2699531499466519
9064,2024-10-25,2024-10-25 23:00:00,7.708913290291579,0.0764123111731345
9065,2024-10-26,2024-10-26 23:00:00,7.498473463051692,0.32091129626426734
9066,2024-10-27,2024-10-27 23:00:00,6.992998300698784,0.5067998245585214
9067,2024-10-28,2024-10-28 23:00:00,7.59863449043234,0.11662763282038244
9068,2024-10-29,2024-10-29 23:00:00,7.57188653353892,0.03826441229122007
9069,2024-10-30,2024-10-30 23:00:00,7.546488793120723,0.04278675779125332
9070,2024-10-31,2024-10-31 23:00:00,7.915943794689525,1.1248424562778321e-07
9071,2024-11-01,2024-11-01 23:00:00,7.9141165937582985,0.0
9072,2024-11-02,2024-11-02 23:00:00,7.911054577683175,0.008101333045257874
9073,2024-11-03,2024-11-03 23:00:00,7.9141165937582985,0.0
9074,2024-11-04,2024-11-04 23:00:00,7.87109095879315,0.09620233442572679
9075,2024-11-05,2024-11-05 23:00:00,7.416306667665754,0.3638587747091245
9076,2024-11-06,2024-11-06 23:00:00,7.562839982294345,0.41058859214618737
9077,2024-11-07,2024-11-07 23:00:00,7.6244930007020235,0.2406946772337739
9078,2024-11-08,2024-11-08 23:00:00,7.383147891067064,0.3701411269263057
9079,2024-11-09,2024-11-09 23:00:00,6.749433280740706,0.21144203117437
9080,2024-11-10,2024-11-10 23:00:00,6.756951777107482,0.32628550708652054
9081,2024-11-11,2024-11-11 23:00:00,6.764669205022518,0.25035024269141587
9082,2024-11-12,2024-11-12 23:00:00,6.896691220892979,0.49439821001180123
9083,2024-11-13,2024-11-13 23:00:00,6.704421843075138,0.48784312874390773
9084,2024-11-14,2024-11-14 23:00:00,6.8335349512865955,0.41253759266860357
9085,2024-11-15,2024-11-15 23:00:00,6.43203407358137,0.7434869203317234
9086,2024-11-16,2024-11-16 23:00:00,6.471206535224987,0.714463411720135
9087,2024-11-17,2024-11-17 23:00:00,6.067493620607011,0.8476539374345067
9088,2024-11-18,2024-11-18 23:00:00,6.478243983178504,0.6900932958424861
9089,2024-11-19,2024-11-19 23:00:00,6.565933060837956,0.4304266954902776
9090,2024-11-20,2024-11-20 23:00:00,6.693351834359794,0.2533323701103362
9091,2024-11-21,2024-11-21 23:00:00,6.210905422496526,0.7760942977520789
9092,2024-11-22,2024-11-22 23:00:00,6.4705218951949055,0.6856705173507757
9093,2024-11-23,2024-11-23 23:00:00,6.287877564225723,0.6382256553347768
9094,2024-11-24,2024-11-24 23:00:00,5.252028520369564,0.7100935938210065
9095,2024-11-25,2024-11-25 23:00:00,6.138908092455904,0.33051108140883934
9096,2024-11-26,2024-11-26 23:00:00,6.2225364902464895,0.41490856632310413
9097,2024-11-27,2024-11-27 23:00:00,6.709948624352102,0.2772003993849797
9098,2024-11-28,2024-11-28 23:00:00,6.783757244170403,0.08071714491264008
9099,2024-11-29,2024-11-29 23:00:00,6.307841365299481,0.7310583132016475
9100,2024-11-30,2024-11-30 23:00:00,5.863635477325818,0.8704431368998352
9101,2024-12-01,2024-12-01 23:00:00,6.24288475641097,0.6655863016171114
9102,2024-12-02,2024-12-02 23:00:00,6.585765643593965,0.10094685267089092
9103,2024-12-03,2024-12-03 23:00:00,6.697781334713355,0.014409755146236757
9104,2024-12-04,2024-12-04 23:00:00,6.761037500781566,0.02885545952717612
9105,2024-12-05,2024-12-05 23:00:00,6.779310685280918,0.030674079485103662
9106,2024-12-06,2024-12-06 23:00:00,6.766101358331184,0.01775215689642171
9107,2024-12-07,2024-12-07 23:00:00,6.796430592694591,0.012067583293767628
9108,2024-12-08,2024-12-08 23:00:00,6.613692575672583,0.39699301368134865
9109,2024-12-09,2024-12-09 23:00:00,6.844455992452012,0.012703599373910949
9110,2024-12-10,2024-12-10 23:00:00,6.859936265759136,0.029031762348228417
9111,2024-12-11,2024-12-11 23:00:00,6.876415908055727,0.04024616645452987
9112,2024-12-12,2024-12-12 23:00:00,6.892931785963243,0.058812472185928444
9113,2024-12-13,2024-12-13 23:00:00,6.95331536605876,0.018276496795656832
9114,2024-12-14,2024-12-14 23:00:00,7.018214773449443,0.03133039520552785
9115,2024-12-15,2024-12-15 23:00:00,6.929618005050006,0.16795603045399057
9116,2024-12-16,2024-12-16 23:00:00,7.072893898015451,0.20666320845548805
9117,2024-12-17,2024-12-17 23:00:00,7.041959931887704,0.16447744579599372
9118,2024-12-18,2024-12-18 23:00:00,6.926875245185065,0.11597595443445365
9119,2024-12-19,2024-12-19 23:00:00,6.879843596696399,0.12607252153542617
9120,2024-12-20,2024-12-20 23:00:00,6.924206990738316,0.1435991205636163
9121,2024-12-21,2024-12-21 23:00:00,6.954736877216935,0.09058698318193746
9122,2024-12-22,2024-12-22 23:00:00,6.871210729435944,0.09233463517319458
9123,2024-12-23,2024-12-23 23:00:00,6.5219773376283605,0.6554861882283123
9124,2024-12-24,2024-12-24 23:00:00,6.649563352422668,0.21251465388721516
9125,2024-12-25,2024-12-25 23:00:00,5.972285679489896,0.6676796972725753
9126,2024-12-26,2024-12-26 23:00:00,6.18958248641983,0.6691767200943403
9127,2024-12-27,2024-12-27 23:00:00,5.825869266567726,0.7207568708975224
9128,2024-12-28,2024-12-28 23:00:00,6.275527213871011,0.21514081359663395
9129,2024-12-29,2024-12-29 23:00:00,5.609272461167936,0.5820013380811341
9130,2024-12-30,2024-12-30 23:00:00,5.981033695501982,0.4033181266390247
9131,2024-12-31,2024-12-31 23:00:00,5.070623065310998,0.4240148696892545
9132,2025-01-01,2025-01-01 23:00:00,5.379060499649423,0.40932978720237756
9133,2025-01-02,2025-01-02 23:00:00,6.195155870496147,0.24646728422983236
9134,2025-01-03,2025-01-03 23:00:00,6.319775290062424,0.06189999958357635
9135,2025-01-04,2025-01-04 23:00:00,6.1212755830982815,0.052374136314172905
9136,2025-01-05,2025-01-05 23:00:00,5.14199552142911,0.4422398848592439
9137,2025-01-06,2025-01-06 23:00:00,5.8044695154191706,0.299817834376364
9138,2025-01-07,2025-01-07 23:00:00,5.885379479338465,0.30953800904144063
9139,2025-01-08,2025-01-08 23:00:00,5.572994322013071,0.10306702863522768
9140,2025-01-09,2025-01-09 23:00:00,5.484673387216266,0.13167474441541746
9141,2025-01-10,2025-01-10 23:00:00,5.477439692741783,0.09092716307127462
9142,2025-01-11,2025-01-11 23:00:00,5.681906835578947,0.06051776195510698
9143,2025-01-12,2025-01-12 23:00:00,5.780889948742488,0.10265002156502728
9144,2025-01-13,2025-01-13 23:00:00,6.0221308346897855,0.09288584271958718
9145,2025-01-14,2025-01-14 23:00:00,6.181609888557477,0.11002620947431781
9146,2025-01-15,2025-01-15 23:00:00,6.379257258078215,0.17961322178050718
9147,2025-01-16,2025-01-16 23:00:00,6.48288495767748,0.03450539253497127
9148,2025-01-17,2025-01-17 23:00:00,6.621866902600568,0.053253321376476946
9149,2025-01-18,2025-01-18 23:00:00,6.585491758272677,0.12543900807381106
9150,2025-01-19,2025-01-19 23:00:00,6.543750861735746,0.12096798829066564
9151,2025-01-20,2025-01-20 23:00:00,6.562731606240823,0.13610992264059743
9152,2025-01-21,2025-01-21 23:00:00,6.601674237634658,0.12859122226357697
9153,2025-01-22,2025-01-22 23:00:00,6.643348924633242,0.07441000485001367
9154,2025-01-23,2025-01-23 23:00:00,6.694756684221251,0.02777845838007829
9155,2025-01-24,2025-01-24 23:00:00,6.614096931857358,0.03667135848165304
9156,2025-01-25,2025-01-25 23:00:00,6.67221036399113,0.042078548062142285
9157,2025-01-26,2025-01-26 23:00:00,6.716272961662689,0.08389655890406314
9158,2025-01-27,2025-01-27 23:00:00,6.66848534618084,0.1615964205058042
9159,2025-01-28,2025-01-28 23:00:00,6.675939783127865,0.1499778821768031
9160,2025-01-29,2025-01-29 23:00:00,6.715059850280226,0.13430341669695942
9161,2025-01-30,2025-01-30 23:00:00,6.626853357146984,0.16959343316861883
9162,2025-01-31,2025-01-31 23:00:00,6.522728114252153,0.21246272666964747
9163,2025-02-01,2025-02-01 23:00:00,6.514639895472018,0.14152696697854283
9164,2025-02-02,2025-02-02 23:00:00,6.245660233313591,0.24231061574468746
9165,2025-02-03,2025-02-03 23:00:00,6.5444509973431755,0.13977115588224187
9166,2025-02-04,2025-02-04 23:00:00,6.596796592026009,0.04631960651817163
9167,2025-02-05,2025-02-05 23:00:00,6.64171767909977,0.06265033850765121
9168,2025-02-06,2025-02-06 23:00:00,6.674731253351094,0.10491419676600446
9169,2025-02-07,2025-02-07 23:00:00,6.524548719172274,0.20072374240273244
9170,2025-02-08,2025-02-08 23:00:00,6.270267759201464,0.11039220399239356
9171,2025-02-09,2025-02-09 23:00:00,6.499352011408946,0.16465310510696457
9172,2025-02-10,2025-02-10 23:00:00,6.440816713961998,0.2110624498527711
9173,2025-02-11,2025-02-11 23:00:00,5.826764950458156,0.7948161263791592
9174,2025-02-12,2025-02-12 23:00:00,6.4456355648215045,0.3806118398828867
9175,2025-02-13,2025-02-13 23:00:00,6.362164203143435,0.26288631685649083
9176,2025-02-14,2025-02-14 23:00:00,6.211999387735049,0.07568044371168635
9177,2025-02-15,2025-02-15 23:00:00,6.164640563670647,0.04372530913072356
9178,2025-02-16,2025-02-16 23:00:00,5.894634054463275,0.2575529047494065
9179,2025-02-17,2025-02-17 23:00:00,5.7517553033877284,0.36012289228472083
9180,2025-02-18,2025-02-18 23:00:00,5.607721689199224,0.39955861465153214
9181,2025-02-19,2025-02-19 23:00:00,5.44978541781066,0.3798792634465544
9182,2025-02-20,2025-02-20 23:00:00,5.580333820847298,0.2449102814960606
9183,2025-02-21,2025-02-21 23:00:00,5.33951350291381,0.38040482632061456
9184,2025-02-22,2025-02-22 23:00:00,5.341677873452293,0.2135712280642519
9185,2025-02-23,2025-02-23 23:00:00,5.332979349816406,0.1573544164936797
9186,2025-02-24,2025-02-24 23:00:00,5.5630141666316435,0.3902681058798501
9187,2025-02-25,2025-02-25 23:00:00,5.621012540544156,0.5299309505917876
9188,2025-02-26,2025-02-26 23:00:00,5.584401792537311,0.35774156960153003
9189,2025-02-27,2025-02-27 23:00:00,5.4884029635588485,0.3423497172757958
9190,2025-02-28,2025-02-28 23:00:00,5.442120222499124,0.40567933274698104
9191,2025-03-01,2025-03-01 23:00:00,5.205379676215014,0.06961782458003983
9192,2025-03-02,2025-03-02 23:00:00,5.0907740297169095,0.1279358071791507
9193,2025-03-03,2025-03-03 23:00:00,5.382630874905367,0.31202696396917756
9194,2025-03-04,2025-03-04 23:00:00,5.545879414690149,0.3792562494351141
9195,2025-03-05,2025-03-05 23:00:00,5.459874501110403,0.2376434679933133
9196,2025-03-06,2025-03-06 23:00:00,5.330044273473759,0.511127852870958
9197,2025-03-07,2025-03-07 23:00:00,5.21929317130038,0.392549902972688
9198,2025-03-08,2025-03-08 23:00:00,5.200272756851123,0.40572700629176583
9199,2025-03-09,2025-03-09 23:00:00,5.179711899965843,0.44493189324523097
9200,2025-03-10,2025-03-10 23:00:00,5.442979852643759,0.41055437989808635
9201,2025-03-11,2025-03-11 23:00:00,5.5367566646657265,0.5323118788692602
9202,2025-03-12,2025-03-12 23:00:00,5.602445773781757,0.4077172849592479
9203,2025-03-13,2025-03-13 23:00:00,5.559405508873412,0.29130006794789853
9204,2025-03-14,2025-03-14 23:00:00,5.473853934600723,0.4094162931085572
9205,2025-03-15,2025-03-15 23:00:00,5.486364938605367,0.3283195411036085
9206,2025-03-16,2025-03-16 23:00:00,5.505589558185904,0.29055876298344
9207,2025-03-17,2025-03-17 23:00:00,5.559170390861955,0.354458372325557
9208,2025-03-18,2025-03-18 23:00:00,5.441275754381756,0.4484878618783707
9209,2025-03-19,2025-03-19 23:00:00,5.545417293921852,0.38483079901501677
9210,2025-03-20,2025-03-20 23:00:00,5.6132656450364395,0.34054933030142204
9211,2025-03-21,2025-03-21 23:00:00,5.453169839799007,0.27208603211031257
9212,2025-03-22,2025-03-22 23:00:00,5.368683382018578,0.2714501409559723
9213,2025-03-23,2025-03-23 23:00:00,5.122320285570345,0.2378897147495534
9214,2025-03-24,2025-03-24 23:00:00,5.308851893930691,0.29865235377594246
9215,2025-03-25,2025-03-25 23:00:00,5.588302045093777,0.46121099634642015
9216,2025-03-26,2025-03-26 23:00:00,5.504179321788359,0.3614090923675053
9217,2025-03-27,2025-03-27 23:00:00,5.73714391932413,0.3258759099411033
9218,2025-03-28,2025-03-28 23:00:00,5.5394195204695995,0.47880099399312354
9219,2025-03-29,2025-03-29 23:00:00,5.215482452774396,0.09664930055316492
9220,2025-03-30,2025-03-30 23:00:00,5.137866610148537,0.3767413321146657
9221,2025-03-31,2025-03-31 23:00:00,5.485947995180496,0.49299786836935566
9222,2025-04-01,2025-04-01 23:00:00,5.356304812275301,0.24809060995117582
9223,2025-04-02,2025-04-02 23:00:00,5.370859040832253,0.3430849135495281
9224,2025-04-03,2025-04-03 23:00:00,5.346280801105131,0.43974227519675974
9225,2025-04-04,2025-04-04 23:00:00,4.987450934811125,0.43337657058575463
9226,2025-04-05,2025-04-05 23:00:00,4.845692460756045,0.05248481125475573
9227,2025-04-06,2025-04-06 23:00:00,4.943838854815307,0.12870108999546934
9228,2025-04-07,2025-04-07 23:00:00,5.058349398115329,0.44948733503595245
9229,2025-04-08,2025-04-08 23:00:00,5.357735445847648,0.4907372244802146
9230,2025-04-09,2025-04-09 23:00:00,5.159217149770868,0.553502109951945
9231,2025-04-10,2025-04-10 23:00:00,5.101127215140384,0.2182223648007467
9232,2025-04-11,2025-04-11 23:00:00,4.819938435586657,0.0954250630152793
9233,2025-04-12,2025-04-12 23:00:00,4.792891728550785,0.07391031206842352
9234,2025-04-13,2025-04-13 23:00:00,4.774715649145487,0.0333087262388097
9235,2025-04-14,2025-04-14 23:00:00,4.791760035044689,0.045994528594043536
9236,2025-04-15,2025-04-15 23:00:00,4.889962263364615,0.17621515329461182
9237,2025-04-16,2025-04-16 23:00:00,4.883149164524248,0.1617585717944671
9238,2025-04-17,2025-04-17 23:00:00,4.8054019491287345,0.036428047816501816
9239,2025-04-18,2025-04-18 23:00:00,4.80747833966974,0.028472156263662594
9240,2025-04-19,2025-04-19 23:00:00,4.830173903383424,0.024101426620704195
9241,2025-04-20,2025-04-20 23:00:00,4.829072789143407,0.018785019258257523
9242,2025-04-21,2025-04-21 23:00:00,4.779503651966453,0.0636192797221151
9243,2025-04-22,2025-04-22 23:00:00,4.8768019925730295,0.42375142421196527
9244,2025-04-23,2025-04-23 23:00:00,4.957675678721087,0.4572559373291758
9245,2025-04-24,2025-04-24 23:00:00,4.955560342062844,0.4251549395898739
9246,2025-04-25,2025-04-25 23:00:00,4.820551506967882,0.06567132083376359
9247,2025-04-26,2025-04-26 23:00:00,4.777602575571795,0.026919568921071297
9248,2025-04-27,2025-04-27 23:00:00,4.779395782201484,0.007540361005918763
9249,2025-04-28,2025-04-28 23:00:00,4.7680651861086,0.019335858034192736
9250,2025-04-29,2025-04-29 23:00:00,4.759008954932903,0.023749942563391822
9251,2025-04-30,2025-04-30 23:00:00,4.752136414657444,0.01275224007653519
9252,2025-05-01,2025-05-01 23:00:00,4.7452163452350895,0.005340389372547083
9253,2025-05-02,2025-05-02 23:00:00,4.755283363915975,0.01449376039429541
9254,2025-05-03,2025-05-03 23:00:00,4.7512367877988435,0.0
9255,2025-05-04,2025-05-04 23:00:00,4.720730805859602,0.0
9256,2025-05-05,2025-05-05 23:00:00,4.746567477141832,0.017734101469168335
9257,2025-05-06,2025-05-06 23:00:00,4.921506666509061,0.4770403553896076
9258,2025-05-07,2025-05-07 23:00:00,4.781625063704431,0.01840830441749155
9259,2025-05-08,2025-05-08 23:00:00,4.747171707305927,0.017725622146373122
9260,2025-05-09,2025-05-09 23:00:00,4.732179257294924,0.0185818800604823
9261,2025-05-10,2025-05-10 23:00:00,4.72488872358213,0.014202907098951183
9262,2025-05-11,2025-05-11 23:00:00,4.76450492871442,0.009308870467916489
9263,2025-05-12,2025-05-12 23:00:00,4.9169061448676805,0.47044727801111896
9264,2025-05-13,2025-05-13 23:00:00,5.006573567439438,0.5807843987315003
9265,2025-05-14,2025-05-14 23:00:00,4.983088739726569,0.4764274413996695
9266,2025-05-15,2025-05-15 23:00:00,4.879507706077856,0.04112399183406894
9267,2025-05-16,2025-05-16 23:00:00,4.774989438686086,0.01747752278534792
9268,2025-05-17,2025-05-17 23:00:00,4.792311786226621,0.013946832804682152
9269,2025-05-18,2025-05-18 23:00:00,4.742062890945963,0.012869354023477093
9270,2025-05-19,2025-05-19 23:00:00,4.812024608335886,0.30103698470092916
9271,2025-05-20,2025-05-20 23:00:00,4.9816141917041215,0.5384762955100344
9272,2025-05-21,2025-05-21 23:00:00,4.957945992500579,0.5638827352328183
9273,2025-05-22,2025-05-22 23:00:00,4.920003587604083,0.48672254594213193
9274,2025-05-23,2025-05-23 23:00:00,5.0063963751907785,0.5407207154090612
9275,2025-05-24,2025-05-24 23:00:00,4.766167312859375,0.01780615124870513
9276,2025-05-25,2025-05-25 23:00:00,4.7612929164595785,0.01424310516282377
9277,2025-05-26,2025-05-26 23:00:00,4.7724591384146935,0.019194501488207002
9278,2025-05-27,2025-05-27 23:00:00,4.812490665779372,0.2875127609536707
9279,2025-05-28,2025-05-28 23:00:00,4.802532366423904,0.2893558419641836
9280,2025-05-29,2025-05-29 23:00:00,4.890915977905788,0.49414477388350014
9281,2025-05-30,2025-05-30 23:00:00,4.7630447163453775,0.018339158506561617
9282,2025-05-31,2025-05-31 23:00:00,4.746218880519081,0.01481058124331959
9283,2025-06-01,2025-06-01 23:00:00,4.747679638031568,0.01995259079184341
9284,2025-06-02,2025-06-02 23:00:00,4.754684115648752,0.0229617871440678
9285,2025-06-03,2025-06-03 23:00:00,4.753414367940656,0.02448704673579892
9286,2025-06-04,2025-06-04 23:00:00,4.740658727260716,0.02697717175062943
9287,2025-06-05,2025-06-05 23:00:00,4.789432582437313,0.028486504398484287
9288,2025-06-06,2025-06-06 23:00:00,4.741189116851623,0.020426415796095037
9289,2025-06-07,2025-06-07 23:00:00,4.726653981176387,0.017208641878076095
9290,2025-06-08,2025-06-08 23:00:00,4.757299384348977,0.016599105015005052
9291,2025-06-09,2025-06-09 23:00:00,4.8089820291429906,0.11997048854580492
9292,2025-06-10,2025-06-10 23:00:00,4.7563647263288,0.0017225613720455565
9293,2025-06-11,2025-06-11 23:00:00,4.7499817995305404,0.0012200366098354494
9294,2025-06-12,2025-06-12 23:00:00,4.778563151632695,0.019160156866547654
9295,2025-06-13,2025-06-13 23:00:00,4.759985823354305,0.003701416943297283
9296,2025-06-14,2025-06-14 23:00:00,4.784929812527013,0.06631138149758982
9297,2025-06-15,2025-06-15 23:00:00,4.789737594431547,0.0
9298,2025-06-16,2025-06-16 23:00:00,4.776234648569833,0.0202989977373957
9299,2025-06-17,2025-06-17 23:00:00,4.725355043767014,0.0
9300,2025-06-18,2025-06-18 23:00:00,4.724601901769682,0.015323959423186642
9301,2025-06-19,2025-06-19 23:00:00,4.746240847515272,0.0108214332645895
9302,2025-06-20,2025-06-20 23:00:00,4.72973543684918,0.018245432283211953
9303,2025-06-21,2025-06-21 23:00:00,4.7277226969741015,0.0007820707722617221
9304,2025-06-22,2025-06-22 23:00:00,4.731309439627378,0.0
9305,2025-06-23,2025-06-23 23:00:00,4.765171968182418,0.012294660724028988
9306,2025-06-24,2025-06-24 23:00:00,4.8015630477027775,0.2551054994402289
9307,2025-06-25,2025-06-25 23:00:00,4.8804309873336855,0.49163032367069687
9308,2025-06-26,2025-06-26 23:00:00,4.910263181329955,0.4842676654784676
9309,2025-06-27,2025-06-27 23:00:00,4.8434413130380465,0.2865917794092667
9310,2025-06-28,2025-06-28 23:00:00,4.7353896904968735,0.02010576504875191
9311,2025-06-29,2025-06-29 23:00:00,4.711786165411224,0.001851157476925176
9312,2025-06-30,2025-06-30 23:00:00,4.736719918378417,0.02074253739467519
9313,2025-07-01,2025-07-01 23:00:00,4.725505818160236,0.025034503659026874
9314,2025-07-02,2025-07-02 23:00:00,4.850778608306612,0.3027173998368148
9315,2025-07-03,2025-07-03 23:00:00,4.800505313001347,0.11330951319179412
9316,2025-07-04,2025-07-04 23:00:00,4.796942650723465,0.11137828595291036
9317,2025-07-05,2025-07-05 23:00:00,4.7539000923833585,0.07080617581419486
9318,2025-07-06,2025-07-06 23:00:00,4.752902088980546,6.844369934756925e-06
9319,2025-07-07,2025-07-07 23:00:00,4.884184568164041,0.29874680026306705
9320,2025-07-08,2025-07-08 23:00:00,4.933030523955122,0.4203879873963759
9321,2025-07-09,2025-07-09 23:00:00,5.112107118369122,0.4714209011544003
9322,2025-07-10,2025-07-10 23:00:00,5.163164504430424,0.2471182646419085
9323,2025-07-11,2025-07-11 23:00:00,4.982843376576768,0.2486177374871713
9324,2025-07-12,2025-07-12 23:00:00,4.867948410067817,0.11408571840834125
9325,2025-07-13,2025-07-13 23:00:00,4.839296239533222,0.09527423909363111
9326,2025-07-14,2025-07-14 23:00:00,4.76436276789915,0.03153174604330207
9327,2025-07-15,2025-07-15 23:00:00,4.889119887609309,0.27487162696596285
9328,2025-07-16,2025-07-16 23:00:00,4.891368157141884,0.2512712440417796
9329,2025-07-17,2025-07-17 23:00:00,4.821500980455472,0.23318036072189316
9330,2025-07-18,2025-07-18 23:00:00,4.860965541523308,0.41730259756307486
9331,2025-07-19,2025-07-19 23:00:00,4.761184520393106,0.061176648338313766
9332,2025-07-20,2025-07-20 23:00:00,4.76616550420315,0.04976078117362105
9333,2025-07-21,2025-07-21 23:00:00,4.871975071728229,0.2656602789602198
9334,2025-07-22,2025-07-22 23:00:00,4.999524489584991,0.42337649916970693
9335,2025-07-23,2025-07-23 23:00:00,5.001549737580425,0.4464320957537084
9336,2025-07-24,2025-07-24 23:00:00,5.025008306707043,0.446930289766071
9337,2025-07-25,2025-07-25 23:00:00,4.898778192658896,0.2121870805806904
9338,2025-07-26,2025-07-26 23:00:00,4.867215972546711,0.06473094404554469
9339,2025-07-27,2025-07-27 23:00:00,4.749793112314545,0.04996916073446469
9340,2025-07-28,2025-07-28 23:00:00,4.917872981581858,0.4040533380812781
9341,2025-07-29,2025-07-29 23:00:00,4.902994059433191,0.27307873873352956
9342,2025-07-30,2025-07-30 23:00:00,5.009413141361422,0.5580725397396268
9343,2025-07-31,2025-07-31 23:00:00,5.0011279252129315,0.5696677536953891
9344,2025-08-01,2025-08-01 23:00:00,5.0078869343714265,0.5697811903975166
9345,2025-08-02,2025-08-02 23:00:00,4.893958893255129,0.249512259769859
9346,2025-08-03,2025-08-03 23:00:00,4.773706508816392,0.1434208411156556
9347,2025-08-04,2025-08-04 23:00:00,4.939947350140174,0.4844547339350543
9348,2025-08-05,2025-08-05 23:00:00,5.147339873256764,0.635478901112883
9349,2025-08-06,2025-08-06 23:00:00,5.059671232894501,0.6494973718843986
9350,2025-08-07,2025-08-07 23:00:00,4.927963100188635,0.45560356832102705
9351,2025-08-08,2025-08-08 23:00:00,4.986514986099157,0.5114794085515983
9352,2025-08-09,2025-08-09 23:00:00,4.771056346995324,0.20152546118390421
9353,2025-08-10,2025-08-10 23:00:00,4.840165920881938,0.17499942798714485
9354,2025-08-11,2025-08-11 23:00:00,5.031454933964914,0.5183176183922298
9355,2025-08-12,2025-08-12 23:00:00,5.147491695480682,0.559450100305348
9356,2025-08-13,2025-08-13 23:00:00,5.22953954540393,0.5873240161782484
9357,2025-08-14,2025-08-14 23:00:00,5.571467143305216,0.5921264115461145
9358,2025-08-15,2025-08-15 23:00:00,5.413931675874955,0.2765248085652783
9359,2025-08-16,2025-08-16 23:00:00,5.412150597927365,0.1893032666453496
9360,2025-08-17,2025-08-17 23:00:00,5.504541291463201,0.06520848427094131
9361,2025-08-18,2025-08-18 23:00:00,5.621604747844063,0.1502397919920209
9362,2025-08-19,2025-08-19 23:00:00,5.753543380468462,0.36172427096555415
9363,2025-08-20,2025-08-20 23:00:00,5.722888330881802,0.25305661617152014
9364,2025-08-21,2025-08-21 23:00:00,5.726532797211548,0.30816774433370436
9365,2025-08-22,2025-08-22 23:00:00,5.697401636028824,0.04476822440772977
9366,2025-08-23,2025-08-23 23:00:00,5.456128895658669,0.24519404531307817
9367,2025-08-24,2025-08-24 23:00:00,5.460243134188712,0.384455767642086
9368,2025-08-25,2025-08-25 23:00:00,5.744584167638014,0.14571911787703912
9369,2025-08-26,2025-08-26 23:00:00,5.803983995685162,0.27788524603083214
9370,2025-08-27,2025-08-27 23:00:00,5.798596510761456,0.22650623788535115
9371,2025-08-28,2025-08-28 23:00:00,6.057550495125041,0.3722132525860745
9372,2025-08-29,2025-08-29 23:00:00,6.006228671395654,0.25553483822443296
9373,2025-08-30,2025-08-30 23:00:00,5.8285537832780845,0.27298898259602883
9374,2025-08-31,2025-08-31 23:00:00,5.629686819276306,0.24062096732513516
9375,2025-09-01,2025-09-01 23:00:00,5.765438520971572,0.6072540673006329
9376,2025-09-02,2025-09-02 23:00:00,5.3524725977745105,0.7496459086131507
9377,2025-09-03,2025-09-03 23:00:00,5.343772508713582,0.6384333945381803
9378,2025-09-04,2025-09-04 23:00:00,5.3141949294465665,0.632846913254178
9379,2025-09-05,2025-09-05 23:00:00,5.236248395796298,0.657246513598872
9380,2025-09-06,2025-09-06 23:00:00,4.854352470718797,0.3150558758817077
9381,2025-09-07,2025-09-07 23:00:00,4.703567970719202,0.14176443864854396
9382,2025-09-08,2025-09-08 23:00:00,5.100174335225643,0.7130972796475656
9383,2025-09-09,2025-09-09 23:00:00,5.147397752705937,0.7715274995226784
9384,2025-09-10,2025-09-10 23:00:00,5.180405595568011,0.7306625228249304
9385,2025-09-11,2025-09-11 23:00:00,5.575651441370525,0.6216545690658314
9386,2025-09-12,2025-09-12 23:00:00,5.4075508791721445,0.7043301517069186
9387,2025-09-13,2025-09-13 23:00:00,5.250637719781205,0.5216118276430365
9388,2025-09-14,2025-09-14 23:00:00,5.253639056672179,0.33565406079305876
9389,2025-09-15,2025-09-15 23:00:00,5.738112591519347,0.45593849972885186
9390,2025-09-16,2025-09-16 23:00:00,5.88068768293235,0.38967646491681057
9391,2025-09-17,2025-09-17 23:00:00,5.835734631315724,0.39987994489073986
9392,2025-09-18,2025-09-18 23:00:00,5.727217023975929,0.29205910697861365
9393,2025-09-19,2025-09-19 23:00:00,5.753623943509506,0.21892031355302577
9394,2025-09-20,2025-09-20 23:00:00,5.647874454362488,0.17624789256612428
9395,2025-09-21,2025-09-21 23:00:00,5.554316351403377,0.23386416276538183
9396,2025-09-22,2025-09-22 23:00:00,5.829042204490743,0.4145363993695924
9397,2025-09-23,2025-09-23 23:00:00,5.819261985270557,0.38053495048466107
9398,2025-09-24,2025-09-24 23:00:00,6.068143995555729,0.26183458286906175
9399,2025-09-25,2025-09-25 23:00:00,6.220887465498733,0.29015442059898233
9400,2025-09-26,2025-09-26 23:00:00,6.195330275214471,0.24042425484167318
9401,2025-09-27,2025-09-27 23:00:00,5.672628109368664,0.35384096052054387
9402,2025-09-28,2025-09-28 23:00:00,5.785539849386883,0.20832181255702442
9403,2025-09-29,2025-09-29 23:00:00,5.712925873148241,0.5328515648439347
9404,2025-09-30,2025-09-30 23:00:00,5.533968231169027,0.49755825159591
9405,2025-10-01,2025-10-01 23:00:00,5.5910661767366365,0.6178380638124645
9406,2025-10-02,2025-10-02 23:00:00,5.572022842371818,0.5873120024303395
9407,2025-10-03,2025-10-03 23:00:00,5.713665861306851,0.2873969099753316
9408,2025-10-04,2025-10-04 23:00:00,5.435043765286707,0.2176331990312707
9409,2025-10-05,2025-10-05 23:00:00,5.351422402581011,0.3327152647664363
9410,2025-10-06,2025-10-06 23:00:00,5.411604004895225,0.4030469228923839
9411,2025-10-07,2025-10-07 23:00:00,5.605952183813783,0.1977907474590721
9412,2025-10-08,2025-10-08 23:00:00,5.463328846401488,0.33262967338521976
9413,2025-10-09,2025-10-09 23:00:00,5.467196020166053,0.2722404125477941
9414,2025-10-10,2025-10-10 23:00:00,5.183553523270791,0.30808104334205316
9415,2025-10-11,2025-10-11 23:00:00,4.87358919944931,0.2809146302649869
9416,2025-10-12,2025-10-12 23:00:00,4.735808683960323,0.09221645059182598
9417,2025-10-13,2025-10-13 23:00:00,4.748759606791967,0.08701854725937408
9418,2025-10-14,2025-10-14 23:00:00,4.928281291032321,0.4001306926003709
9419,2025-10-15,2025-10-15 23:00:00,5.009917332284401,0.5680921515019471
9420,2025-10-16,2025-10-16 23:00:00,5.000986812132536,0.5474932669275091
9421,2025-10-17,2025-10-17 23:00:00,4.959335528583095,0.48970409610728616
9422,2025-10-18,2025-10-18 23:00:00,4.997872640807663,0.4498513444455336
9423,2025-10-19,2025-10-19 23:00:00,4.829167583607259,0.21652437530931148
9424,2025-10-20,2025-10-20 23:00:00,4.870341566920536,0.44012975588694675
9425,2025-10-21,2025-10-21 23:00:00,4.984102082234398,0.5675297129393599
9426,2025-10-22,2025-10-22 23:00:00,4.854010773764538,0.13961631004475156
9427,2025-10-23,2025-10-23 23:00:00,4.896104804263573,0.3586879283409794
9428,2025-10-24,2025-10-24 23:00:00,4.851354975170996,0.24744064905151206
9429,2025-10-25,2025-10-25 23:00:00,4.783997934519705,0.11823477587022115
9430,2025-10-26,2025-10-26 23:00:00,4.688094816589536,0.01585100268275587
9431,2025-10-27,2025-10-27 23:00:00,4.708600243740051,0.01867495347005385
9432,2025-10-28,2025-10-28 23:00:00,4.961381577993414,0.5484962215286501
9433,2025-10-29,2025-10-29 23:00:00,4.757086179578448,0.2881943846906787
9434,2025-10-30,2025-10-30 23:00:00,4.729700939063583,0.04381728672065394
9435,2025-10-31,2025-10-31 23:00:00,4.703712991307323,0.007300318306154592
9436,2025-11-01,2025-11-01 23:00:00,4.824373183851436,0.5752076565915044
9437,2025-11-02,2025-11-02 23:00:00,4.688782184410695,0.05539103227682607
9438,2025-11-03,2025-11-03 23:00:00,4.6917642891984945,0.06952378161176911
9439,2025-11-04,2025-11-04 23:00:00,4.973057081233828,0.5713553333124481
9440,2025-11-05,2025-11-05 23:00:00,5.0139539327653795,0.59838123407466
9441,2025-11-06,2025-11-06 23:00:00,5.011154076195845,0.4094056422393258
9442,2025-11-07,2025-11-07 23:00:00,5.378148195929675,0.3955899010699334
9443,2025-11-08,2025-11-08 23:00:00,5.090021371326107,0.17485680685599103
9444,2025-11-09,2025-11-09 23:00:00,5.038967930702711,0.061519875583521205
9445,2025-11-10,2025-11-10 23:00:00,5.4303913293926405,0.3662246011357043
9446,2025-11-11,2025-11-11 23:00:00,5.6753857242728,0.26753659358998844
9447,2025-11-12,2025-11-12 23:00:00,5.73547340472723,0.24821418785624705
9448,2025-11-13,2025-11-13 23:00:00,5.66722253374902,0.36941329796189704
9449,2025-11-14,2025-11-14 23:00:00,5.718417243380993,0.20242146039753794
9450,2025-11-15,2025-11-15 23:00:00,5.532475801360434,0.19187973712333478
9451,2025-11-16,2025-11-16 23:00:00,5.211332977593427,0.28351373355834825
9452,2025-11-17,2025-11-17 23:00:00,5.23085007614232,0.34515492447717805
9453,2025-11-18,2025-11-18 23:00:00,5.19161279177002,0.6987656425728036
9454,2025-11-19,2025-11-19 23:00:00,5.7455491198418045,0.5045092449041574
9455,2025-11-20,2025-11-20 23:00:00,5.165210540025207,0.6552022286061933
9456,2025-11-21,2025-11-21 23:00:00,5.4394749041266195,0.6164768259630312
9457,2025-11-22,2025-11-22 23:00:00,5.3036448405235985,0.31374281883232846
9458,2025-11-23,2025-11-23 23:00:00,5.270057507045029,0.21351845098926528
9459,2025-11-24,2025-11-24 23:00:00,5.377071442085124,0.4359592691578128
9460,2025-11-25,2025-11-25 23:00:00,5.198713111995301,0.41051039077855817
9461,2025-11-26,2025-11-26 23:00:00,5.391033995129042,0.5299754057920026
9462,2025-11-27,2025-11-27 23:00:00,5.423021399999622,0.27281189121589017
9463,2025-11-28,2025-11-28 23:00:00,5.610447272386621,0.038649175415248926
9464,2025-11-29,2025-11-29 23:00:00,5.563174106378299,0.06294340753222039
9465,2025-11-30,2025-11-30 23:00:00,5.6052432239780865,0.10307873766480766
9466,2025-12-01,2025-12-01 23:00:00,5.731750485180513,0.03864000597906932
9467,2025-12-02,2025-12-02 23:00:00,5.511036328768285,0.431425422384451
9468,2025-12-03,2025-12-03 23:00:00,5.416387532079621,0.41137423376605037
9469,2025-12-04,2025-12-04 23:00:00,5.437979178070215,0.39003421867981763
9470,2025-12-05,2025-12-05 23:00:00,5.164535550068826,0.4886834504414749
9471,2025-12-06,2025-12-06 23:00:00,5.094122428454415,0.3448903561478792
9472,2025-12-07,2025-12-07 23:00:00,5.090493425684108,0.35738886899595507
9473,2025-12-08,2025-12-08 23:00:00,4.929500525758619,0.2746078243196909
9474,2025-12-09,2025-12-09 23:00:00,5.398587397105999,0.3234595729617364
9475,2025-12-10,2025-12-10 23:00:00,5.284589165251703,0.39442725222376285
9476,2025-12-11,2025-12-11 23:00:00,5.46022011450552,0.34896298355509764
9477,2025-12-12,2025-12-12 23:00:00,5.575785984456716,0.11536414118744581
9478,2025-12-13,2025-12-13 23:00:00,5.559596174109221,0.032125901824278436
9479,2025-12-14,2025-12-14 23:00:00,5.467742015101682,0.34451474905999413
9480,2025-12-15,2025-12-15 23:00:00,5.7316865263652454,0.10322295913991006
9481,2025-12-16,2025-12-16 23:00:00,5.836515875822559,0.04142642607822764
9482,2025-12-17,2025-12-17 23:00:00,5.9001365041619565,0.020507593191662853
9483,2025-12-18,2025-12-18 23:00:00,5.987452376753318,0.08257816814354714
9484,2025-12-19,2025-12-19 23:00:00,6.0027078695605,0.07955867852011067
9485,2025-12-20,2025-12-20 23:00:00,6.026631098306477,0.04385422172097476
9486,2025-12-21,2025-12-21 23:00:00,6.037347333815287,0.15672587949127184
9487,2025-12-22,2025-12-22 23:00:00,6.135142094635765,0.00814973807694021
9488,2025-12-23,2025-12-23 23:00:00,6.129156137366422,0.005209027673987973
9489,2025-12-24,2025-12-24 23:00:00,5.640492829391277,0.16788639789255783
9490,2025-12-25,2025-12-25 23:00:00,5.316353945005055,0.33709482884105907
9491,2025-12-26,2025-12-26 23:00:00,5.530150471968214,0.3243928704799592
9492,2025-12-27,2025-12-27 23:00:00,5.549609372980892,0.4027725859030896
9493,2025-12-28,2025-12-28 23:00:00,5.710691134939412,0.11856146217494754
9494,2025-12-29,2025-12-29 23:00:00,5.823243467821247,0.07281088206006346
9495,2025-12-30,2025-12-30 23:00:00,5.752706828496098,0.0635271877943109
9496,2025-12-31,2025-12-31 23:00:00,5.6655096668497436,0.020782697007658214
9497,2026-01-01,2026-01-01 23:00:00,5.668072781342912,0.30513728549335734
9498,2026-01-02,2026-01-02 23:00:00,5.852840322441655,0.030217343270135016
9499,2026-01-03,2026-01-03 23:00:00,5.863673542867858,0.034829746123203345
9500,2026-01-04,2026-01-04 23:00:00,5.7422445836319795,0.0932052905372327
9501,2026-01-05,2026-01-05 23:00:00,5.820014530050567,0.0882310880597702
9502,2026-01-06,2026-01-06 23:00:00,5.8011484495095855,0.04724086168627396
9503,2026-01-07,2026-01-07 23:00:00,5.648361814961248,0.10902964000869697
9504,2026-01-08,2026-01-08 23:00:00,5.197991413192617,0.4216809726355512
9505,2026-01-09,2026-01-09 23:00:00,5.2765853630027175,0.30257051341057456
9506,2026-01-10,2026-01-10 23:00:00,5.2735934736929595,0.2655796431439125
9507,2026-01-11,2026-01-11 23:00:00,4.854022739754099,0.15517309915999777
9508,2026-01-12,2026-01-12 23:00:00,5.074516518459075,0.2866537310342659
9509,2026-01-13,2026-01-13 23:00:00,4.972865263943151,0.3281010459081042
9510,2026-01-14,2026-01-14 23:00:00,4.927604129120635,0.2633802386956466
9511,2026-01-15,2026-01-15 23:00:00,4.975013351044198,0.24557154206376808
9512,2026-01-16,2026-01-16 23:00:00,4.798355230278167,0.14024797436667658
9513,2026-01-17,2026-01-17 23:00:00,4.711403452099369,0.09090384038566308
9514,2026-01-18,2026-01-18 23:00:00,4.76702753116214,0.20939069628358467
9515,2026-01-19,2026-01-19 23:00:00,5.01743700669834,0.1947382453908211
9516,2026-01-20,2026-01-20 23:00:00,5.2158309086983925,0.020766174206194168
9517,2026-01-21,2026-01-21 23:00:00,5.241212247948732,0.04886970599027359
9518,2026-01-22,2026-01-22 23:00:00,5.278571540293412,0.050959104819331726
9519,2026-01-23,2026-01-23 23:00:00,5.352515718839174,0.040479756363483055
9520,2026-01-24,2026-01-24 23:00:00,5.397148211189756,0.07216152663238015
9521,2026-01-25,2026-01-25 23:00:00,5.470368751527616,0.05307491603101827
9522,2026-01-26,2026-01-26 23:00:00,5.55230520385237,0.07841362683837669
9523,2026-01-27,2026-01-27 23:00:00,5.609522281833975,0.024097043203164234
9524,2026-01-28,2026-01-28 23:00:00,5.594025987175354,0.01913885665650415
9525,2026-01-29,2026-01-29 23:00:00,5.548786541872302,0.026665010739626765
9526,2026-01-30,2026-01-30 23:00:00,5.31184729426514,0.3590438958028038
9527,2026-01-31,2026-01-31 23:00:00,5.3932062244834,0.022440309664663906
9528,2026-02-01,2026-02-01 23:00:00,5.162140268284262,0.13777753050420605
9529,2026-02-02,2026-02-02 23:00:00,4.919886944042196,0.28234014463822443
9530,2026-02-03,2026-02-03 23:00:00,4.914586720302942,0.18096624699754169
9531,2026-02-04,2026-02-04 23:00:00,4.989539608601064,0.1651016761942753
9532,2026-02-05,2026-02-05 23:00:00,4.902417105614348,0.13046548779549785
9533,2026-02-06,2026-02-06 23:00:00,4.89912243070606,0.0537095721217708
9534,2026-02-07,2026-02-07 23:00:00,4.7731513228915,0.010474482875392283
9535,2026-02-08,2026-02-08 23:00:00,4.724395959458357,0.0509438520912735
9536,2026-02-09,2026-02-09 23:00:00,4.7712964264987345,0.02130409350694857
9537,2026-02-10,2026-02-10 23:00:00,4.790561614129881,0.051054785229938456
9538,2026-02-11,2026-02-11 23:00:00,4.912018409270439,0.04877710079684076
9539,2026-02-12,2026-02-12 23:00:00,4.890470225433732,0.030651029099802354
9540,2026-02-13,2026-02-13 23:00:00,4.81287215457771,0.01091160608913683
9541,2026-02-14,2026-02-14 23:00:00,4.832010695820586,0.12401566664033857
9542,2026-02-15,2026-02-15 23:00:00,4.809973589465214,0.14768067698505755
9543,2026-02-16,2026-02-16 23:00:00,4.745947051289101,0.023592869328186584
9544,2026-02-17,2026-02-17 23:00:00,4.746949190627117,0.03819322973036207
9545,2026-02-18,2026-02-18 23:00:00,4.8982448375952865,0.020409182705568064
9546,2026-02-19,2026-02-19 23:00:00,4.907172790348015,0.028009830910395647
9547,2026-02-20,2026-02-20 23:00:00,4.846658020506568,0.034428905331565805
9548,2026-02-21,2026-02-21 23:00:00,4.7487570175221085,0.09177469598475524
9549,2026-02-22,2026-02-22 23:00:00,4.760402608678011,0.028115974375707738
9550,2026-02-23,2026-02-23 23:00:00,4.746134734465609,0.021832309835661343
9551,2026-02-24,2026-02-24 23:00:00,4.837834357105575,0.024518486656152725
9552,2026-02-25,2026-02-25 23:00:00,4.848229020637884,0.03116560678897286
9553,2026-02-26,2026-02-26 23:00:00,4.8448705403420975,0.03225708546808749
9554,2026-02-27,2026-02-27 23:00:00,4.7846681839057235,0.03374065484992131
9555,2026-02-28,2026-02-28 23:00:00,4.813822985592828,0.02413022760191494
9556,2026-03-01,2026-03-01 23:00:00,4.671532425057607,0.021214292958516776
9557,2026-03-02,2026-03-02 23:00:00,4.675841531306446,0.021255511737782597
9558,2026-03-03,2026-03-03 23:00:00,4.785979444297995,0.1107121060573749
9559,2026-03-04,2026-03-04 23:00:00,4.77722745916116,0.030853759359117466
9560,2026-03-05,2026-03-05 23:00:00,4.780614246190823,0.02097358694802911
9561,2026-03-06,2026-03-06 23:00:00,4.739571515794643,0.023169200688613598
9562,2026-03-07,2026-03-07 23:00:00,4.766202521061754,0.00641206899006313
9563,2026-03-08,2026-03-08 23:00:00,4.695227914320982,0.030413543567212858
9564,2026-03-09,2026-03-09 23:00:00,4.701474635483489,0.07675907934138465
9565,2026-03-10,2026-03-10 23:00:00,4.986611489448819,0.5423231444466137
9566,2026-03-11,2026-03-11 23:00:00,5.102201850911086,0.6504059547703155
9567,2026-03-12,2026-03-12 23:00:00,5.183238895036262,0.49125117007224145
9568,2026-03-13,2026-03-13 23:00:00,5.163261905854606,0.37934963158600943
9569,2026-03-14,2026-03-14 23:00:00,5.312587356222579,0.24793884428135157
9570,2026-03-15,2026-03-15 23:00:00,5.367577245653234,0.30347754070724453
9571,2026-03-16,2026-03-16 23:00:00,5.71645336559385,0.24622505463045077
9572,2026-03-17,2026-03-17 23:00:00,5.796147968823962,0.19847763326068218
9573,2026-03-18,2026-03-18 23:00:00,5.8250401750839975,0.052333346796826184
9574,2026-03-19,2026-03-19 23:00:00,5.898678621969853,0.059726667340489537
9575,2026-03-20,2026-03-20 23:00:00,5.879928224224076,0.05552944402627546
9576,2026-03-21,2026-03-21 23:00:00,5.800603462066018,0.13705216180185092
9577,2026-03-22,2026-03-22 23:00:00,5.684169306655707,0.38651646402662415
9578,2026-03-23,2026-03-23 23:00:00,5.723684470799765,0.3884774915184939
9579,2026-03-24,2026-03-24 23:00:00,5.604469526569093,0.4723362250497856
9580,2026-03-25,2026-03-25 23:00:00,5.7548811461715585,0.21135311043561789
9581,2026-03-26,2026-03-26 23:00:00,5.760241922224254,0.1336762288142724
9582,2026-03-27,2026-03-27 23:00:00,5.661730882210793,0.07857847292685814
9583,2026-03-28,2026-03-28 23:00:00,5.29262424468855,0.3299596683798177
9584,2026-03-29,2026-03-29 23:00:00,5.005563666902181,0.29727690872749235
9585,2026-03-30,2026-03-30 23:00:00,5.306142296716384,0.15489521248338603
9586,2026-03-31,2026-03-31 23:00:00,5.34834970628494,0.1593027730899914
9587,2026-04-01,2026-04-01 23:00:00,5.1161489756224725,0.22563738117062151
9588,2026-04-02,2026-04-02 23:00:00,5.024962195196622,0.13047086122537924
9589,2026-04-03,2026-04-03 23:00:00,4.955739979445134,0.1543517987787963
9590,2026-04-04,2026-04-04 23:00:00,5.002373055661497,0.09668072277550982
9591,2026-04-05,2026-04-05 23:00:00,4.885809234195238,0.0799967230126916
9592,2026-04-06,2026-04-06 23:00:00,5.178880445940417,0.4965883887271566
9593,2026-04-07,2026-04-07 23:00:00,5.286226416017011,0.6001505802196451
9594,2026-04-08,2026-04-08 23:00:00,5.518401601609523,0.37505468688874244
9595,2026-04-09,2026-04-09 23:00:00,5.592607446883967,0.3462526847939731
9596,2026-04-10,2026-04-10 23:00:00,5.680839905990832,0.30241295524810047
9597,2026-04-11,2026-04-11 23:00:00,5.67654296174009,0.08130754088090235
9598,2026-04-12,2026-04-12 23:00:00,5.640372908969163,0.17563453993974953
9599,2026-04-13,2026-04-13 23:00:00,5.8698763592888,0.3537375626642504
9600,2026-04-14,2026-04-14 23:00:00,5.953245066491989,0.3534556230886812
9601,2026-04-15,2026-04-15 23:00:00,5.939501652571079,0.2274284937717173
9602,2026-04-16,2026-04-16 23:00:00,6.0074507038066995,0.2251137151633152
9603,2026-04-17,2026-04-17 23:00:00,5.99330523028226,0.10668360378314144
9604,2026-04-18,2026-04-18 23:00:00,5.769853045106925,0.2262589473910094
9605,2026-04-19,2026-04-19 23:00:00,5.275105519278822,0.41042682454359597
9606,2026-04-20,2026-04-20 23:00:00,5.600980321831389,0.2507653770712075
9607,2026-04-21,2026-04-21 23:00:00,5.683256390925099,0.21784953459799167
9608,2026-04-22,2026-04-22 23:00:00,5.602770207079804,0.2545991026585177
9609,2026-04-23,2026-04-23 23:00:00,5.6202628006856274,0.12497152590624613
9610,2026-04-24,2026-04-24 23:00:00,5.684611005437451,0.1727571073682868
9611,2026-04-25,2026-04-25 23:00:00,5.584435993132708,0.10245766143845901
9612,2026-04-26,2026-04-26 23:00:00,5.542373175933498,0.09690815111112226
9613,2026-04-27,2026-04-27 23:00:00,5.63511022952451,0.18419102967787465
9614,2026-04-28,2026-04-28 23:00:00,5.289614278012711,0.6456073258665689
9615,2026-04-29,2026-04-29 23:00:00,5.233590366960002,0.5615619027257309
9616,2026-04-30,2026-04-30 23:00:00,5.267480216112533,0.357258995638767
9617,2026-05-01,2026-05-01 23:00:00,5.1413756042686165,0.38178570608010215
9618,2026-05-02,2026-05-02 23:00:00,5.182052033509168,0.18058114634019817
9619,2026-05-03,2026-05-03 23:00:00,5.324768198856334,0.09203168753211356
9620,2026-05-04,2026-05-04 23:00:00,5.621862638610312,0.3150891409532744
9621,2026-05-05,2026-05-05 23:00:00,5.7165903759417915,0.3661295284293232
9622,2026-05-06,2026-05-06 23:00:00,5.667207471493398,0.3826550006975456
9623,2026-05-07,2026-05-07 23:00:00,5.6461943702109485,0.38124348673819436
9624,2026-05-08,2026-05-08 23:00:00,5.691896468546598,0.42625262683173504
9625,2026-05-09,2026-05-09 23:00:00,5.287716060764226,0.34873034239006934
9626,2026-05-10,2026-05-10 23:00:00,5.430823454528092,0.36018076610834276
9627,2026-05-11,2026-05-11 23:00:00,5.910283243751401,0.30859440624671614
9628,2026-05-12,2026-05-12 23:00:00,6.375674287419318,0.24777335416664537
9629,2026-05-13,2026-05-13 23:00:00,6.605444121466373,0.1715505571051438
9630,2026-05-14,2026-05-14 23:00:00,6.737350659136614,0.12353014250326996
9631,2026-05-15,2026-05-15 23:00:00,6.678621794216429,0.11441199161100576
9632,2026-05-16,2026-05-16 23:00:00,6.501113833501812,0.25134345865118657
9633,2026-05-17,2026-05-17 23:00:00,6.508234542386121,0.28243571247600713
9634,2026-05-18,2026-05-18 23:00:00,6.606267655456359,0.1914726477337804
9635,2026-05-19,2026-05-19 23:00:00,6.747462502197574,0.05459689197002621
9636,2026-05-20,2026-05-20 23:00:00,6.746449578130044,0.06977954113831007
9637,2026-05-21,2026-05-21 23:00:00,6.57121259198161,0.1257248019623332
9638,2026-05-22,2026-05-22 23:00:00,6.286479249216865,0.34216019958512295
9639,2026-05-23,2026-05-23 23:00:00,6.559652544996648,0.13537713742466873
9640,2026-05-24,2026-05-24 23:00:00,6.335386177338568,0.4659233003904802
9641,2026-05-25,2026-05-25 23:00:00,6.441277542002948,0.18865626854037168
9642,2026-05-26,2026-05-26 23:00:00,6.417668735952304,0.22662517742140206
9643,2026-05-27,2026-05-27 23:00:00,6.2750646886699135,0.277837783592312
9644,2026-05-28,2026-05-28 23:00:00,5.975858165549909,0.4333912559414239
9645,2026-05-29,2026-05-29 23:00:00,5.943522341298788,0.225518231544837
9646,2026-05-30,2026-05-30 23:00:00,5.800771939810159,0.3123892392824594
9647,2026-05-31,2026-05-31 23:00:00,5.766383342201398,0.2821303371867637
9648,2026-06-01,2026-06-01 23:00:00,6.181485547205114,0.37857391429978987
9649,2026-06-02,2026-06-02 23:00:00,6.238938465307182,0.32703373850661727
9650,2026-06-03,2026-06-03 23:00:00,6.3097684394680895,0.256666784425883
9651,2026-06-04,2026-06-04 23:00:00,6.2199702743981895,0.29303136537021995
9652,2026-06-05,2026-06-05 23:00:00,6.444212576430179,0.2597655876435286
9653,2026-06-06,2026-06-06 23:00:00,6.3477874816069075,0.17531954255438617
9654,2026-06-07,2026-06-07 23:00:00,6.065399173420919,0.38283192394655474
9655,2026-06-08,2026-06-08 23:00:00,5.989505364126527,0.38189182217288475
9656,2026-06-09,2026-06-09 23:00:00,5.884902928691562,0.632239965214748
9657,2026-06-10,2026-06-10 23:00:00,5.7195554356374165,0.660842443757619
9658,2026-06-11,2026-06-11 23:00:00,5.66775022608486,0.8063696522851828
9659,2026-06-12,2026-06-12 23:00:00,5.836345037897249,0.6445848922655887
9660,2026-06-13,2026-06-13 23:00:00,6.242051158015909,0.413883422565261
9661,2026-06-14,2026-06-14 23:00:00,5.932073900855237,0.401434419848567
9662,2026-06-15,2026-06-15 23:00:00,5.868113051376554,0.24825544737956076
9663,2026-06-16,2026-06-16 23:00:00,6.010878802824713,0.5906002374212844
9664,2026-06-17,2026-06-17 23:00:00,5.97484321412938,0.435137662700631
9665,2026-06-18,2026-06-18 23:00:00,6.007770672300519,0.30955859985768897
9666,2026-06-19,2026-06-19 23:00:00,6.1561109702686005,0.3530033168541165
9667,2026-06-20,2026-06-20 23:00:00,6.1465471760872745,0.27593678707789715
9668,2026-06-21,2026-06-21 23:00:00,6.0043630508627635,0.27926933146051064
9669,2026-06-22,2026-06-22 23:00:00,6.393751181426729,0.3323406488972683
9670,2026-06-23,2026-06-23 23:00:00,6.510873908574019,0.013455177370399102
9671,2026-06-24,2026-06-24 23:00:00,6.544914635270146,0.2134807450421943
9672,2026-06-25,2026-06-25 23:00:00,6.569276696631669,0.17195900033356729
9673,2026-06-26,2026-06-26 23:00:00,6.5567040822742255,0.12283808661072548
9674,2026-06-27,2026-06-27 23:00:00,6.554428504906703,0.01394871177882824
9675,2026-06-28,2026-06-28 23:00:00,6.583344815252027,0.05083275570508658
9676,2026-06-29,2026-06-29 23:00:00,6.61605786250666,0.04655859311009939
9677,2026-06-30,2026-06-30 23:00:00,6.700541952663511,0.06711464195187493
9678,2026-07-01,2026-07-01 23:00:00,6.716125553805532,0.04837016385459838
9679,2026-07-02,2026-07-02 23:00:00,6.707151070317058,0.058698321446899175
9680,2026-07-03,2026-07-03 23:00:00,6.690732763610718,0.067231526967847
9681,2026-07-04,2026-07-04 23:00:00,6.6471798273717155,0.052832872384258066
9682,2026-07-05,2026-07-05 23:00:00,6.49628750874614,0.3111188051040764
9683,2026-07-06,2026-07-06 23:00:00,6.677738337312992,0.13290336968407485
9684,2026-07-07,2026-07-07 23:00:00,6.586554139957514,0.06544744346382979
9685,2026-07-08,2026-07-08 23:00:00,6.603162717059543,0.06214812822533284
9686,2026-07-09,2026-07-09 23:00:00,6.588082229129561,0.04968854189392071
9687,2026-07-10,2026-07-10 23:00:00,6.5928535884414,0.06474146711232796
9688,2026-07-11,2026-07-11 23:00:00,6.624658646905342,0.11014150594171505
9689,2026-07-12,2026-07-12 23:00:00,6.658515674179109,0.15125093920876032
9690,2026-07-13,2026-07-13 23:00:00,6.661823321758356,0.2640708078499798
9691,2026-07-14,2026-07-14 23:00:00,6.714327287884321,0.23410770446281193
9692,2026-07-15,2026-07-15 23:00:00,6.741981076052735,0.23626582442310856
9693,2026-07-16,2026-07-16 23:00:00,6.697515173418968,0.21470751017028844
9694,2026-07-17,2026-07-17 23:00:00,6.723320842687773,0.21982750533610868
9695,2026-07-18,2026-07-18 23:00:00,6.656116119258229,0.1704497962930832
9696,2026-07-19,2026-07-19 23:00:00,6.695500204907429,0.17195492331483153
9697,2026-07-20,2026-07-20 23:00:00,6.6639535649365875,0.1232395072556152
9698,2026-07-21,2026-07-21 23:00:00,6.647593421283588,0.1840656065635609
9699,2026-07-22,2026-07-22 23:00:00,6.853698167894575,0.07927756205440505
9700,2026-07-23,2026-07-23 23:00:00,6.869790803754603,0.05477290535126384
9701,2026-07-24,2026-07-24 23:00:00,6.739679629536565,0.12918879673756592
9702,2026-07-25,2026-07-25 23:00:00,6.479110750190732,0.31658462113862235
9703,2026-07-26,2026-07-26 23:00:00,6.191122043606693,0.6092949478177623
9704,2026-07-27,2026-07-27 23:00:00,6.438478613393991,0.06960809434138784
9705,2026-07-28,2026-07-28 23:00:00,6.537664088962107,0.17771456658676096
9706,2026-07-29,2026-07-29 23:00:00,6.564351080763603,0.16049433699125543
9707,2026-07-30,2026-07-30 23:00:00,6.874113503081371,0.12826310820300293
9708,2026-07-31,2026-07-31 23:00:00,6.88096134605227,0.07897969550312407
