date,regime,prob_0,prob_1
2000-01-01,0,0.9999999999999858,1.3110400338703131e-14
2000-01-02,0,0.9999999999999716,2.898590382009664e-14
2000-01-03,1,0.4190524490086444,0.5809475509913556
2000-01-04,1,0.08622302290847296,0.913776977091527
2000-01-05,1,1.301426059539148e-16,1.0
2000-01-06,1,4.628605187479178e-18,1.0
2000-01-07,0,0.9999998631097697,1.3689023169859722e-07
2000-01-08,0,1.0,3.0039117439295337e-40
2000-01-09,0,1.0,3.0039117439295337e-40
2000-01-10,0,1.0,3.0039117439295337e-40
2000-01-11,0,0.9999999993491926,6.508091301470484e-10
2000-01-12,1,2.25893890157941e-20,1.0
2000-01-13,1,3.3334774075931084e-06,0.9999966665225926
2000-01-14,1,4.431542904137504e-24,1.0
2000-01-15,0,0.9999999999997478,2.53849993338715e-13
2000-01-16,0,1.0,3.0039117439295337e-40
2000-01-17,0,0.99999999997614,2.3858869771618127e-11
2000-01-18,1,5.5409847372689647e-36,1.0
2000-01-19,0,0.9999590129322903,4.0987067710946346e-05
2000-01-20,1,1.527074727646107e-47,1.0
2000-01-21,1,1.5153502372999546e-08,0.9999999848464968
2000-01-22,1,1.38195945728649e-06,0.9999986180405428
2000-01-23,0,1.0,2.8147221755972433e-38
2000-01-24,1,1.0156057570542615e-10,0.9999999998984386
2000-01-25,1,0.000761227152420883,0.9992387728475789
2000-01-26,1,7.680192958624367e-08,0.9999999231980711
2000-01-27,0,0.9943901354038119,0.005609864596188638
2000-01-28,1,0.06638653232750304,0.9336134676724965
2000-01-29,0,0.9999935193827368,6.480617263721206e-06
2000-01-30,1,4.1488594752726826e-23,1.0
2000-01-31,0,0.9971790495035316,0.002820950496467991
2000-02-01,1,5.880418693772461e-08,0.9999999411958136
2000-02-02,1,5.465465889521065e-12,0.999999999994535
2000-02-03,0,0.9999999999998792,1.2177866519740932e-13
2000-02-04,0,0.9999999999999467,5.516270442598698e-14
2000-02-05,0,1.0,4.7146450638502437e-17
2000-02-06,0,1.0,2.1146432743738938e-36
2000-02-07,1,1.0246103129421336e-06,0.999998975389687
2000-02-08,1,4.125846913076861e-09,0.9999999958741537
2000-02-09,0,0.9999999974038474,2.5961526389971007e-09
2000-02-10,1,4.03736333237859e-06,0.9999959626366677
2000-02-11,1,0.00019680882398522443,0.9998031911760149
2000-02-12,1,2.374359317389882e-18,1.0
2000-02-13,0,0.9987088098297422,0.0012911901702569051
2000-02-14,1,3.626381333773171e-41,1.0
2000-02-15,1,0.004483468052458756,0.9955165319475406
2000-02-16,1,0.000456109963671573,0.9995438900363285
2000-02-17,1,1.034297510897675e-12,0.9999999999989662
2000-02-18,1,3.2692045737193204e-19,1.0
2000-02-19,1,9.221328829444154e-80,1.0
2000-02-20,1,9.221801312891204e-31,1.0
2000-02-21,1,1.7497620497709334e-21,1.0
2000-02-22,1,2.4673304209069068e-30,1.0
2000-02-23,1,4.3965914573328144e-14,0.9999999999999556
2000-02-24,1,4.7724887263710335e-39,1.0
2000-02-25,1,5.809914500003022e-25,1.0
2000-02-26,0,0.6648017093803628,0.3351982906196381
2000-02-27,0,1.0,2.989368900932685e-40
2000-02-28,0,0.9999999999939604,6.040768788712168e-12
2000-02-29,0,0.999999998841961,1.15803857297977e-09
2000-03-01,0,0.9999999991766906,8.233090366344153e-10
2000-03-02,1,8.062825604824175e-09,0.9999999919371749
2000-03-03,0,1.0,2.3490701563212742e-38
2000-03-04,1,3.8944816242850255e-33,1.0
2000-03-05,0,1.0,2.993536082641868e-40
2000-03-06,0,0.9999999999394475,6.0552059369704e-11
2000-03-07,0,0.9999999999120632,8.793698613882888e-11
2000-03-08,0,0.9999998973795651,1.0262043504458341e-07
2000-03-09,1,6.236877590506544e-18,1.0
2000-03-10,0,0.9999999999086704,9.132807460109613e-11
2000-03-11,0,1.0,2.993536082641868e-40
2000-03-12,0,1.0,2.993536082641868e-40
2000-03-13,0,0.9999999958197066,4.180293826672988e-09
2000-03-14,0,0.9999996568419489,3.4315804983280684e-07
2000-03-15,0,0.9999981627182317,1.8372817681296182e-06
2000-03-16,1,6.362050461962416e-20,1.0
2000-03-17,0,0.9999785725520827,2.142744791733293e-05
2000-03-18,0,0.9999945341353668,5.465864633073354e-06
2000-03-19,0,0.9999999999263842,7.36142246188474e-11
2000-03-20,0,0.9999952436671076,4.756332891975544e-06
2000-03-21,0,0.9709094930639772,0.029090506936023566
2000-03-22,1,2.1384250362299495e-11,0.9999999999786162
2000-03-23,1,3.5881808594313526e-37,1.0
2000-03-24,1,2.0140612582940108e-29,1.0
2000-03-25,1,9.535089280071055e-20,1.0
2000-03-26,1,1.0076102576685185e-13,0.9999999999998996
2000-03-27,0,0.9750506452429905,0.024949354757010135
2000-03-28,1,1.6341543254119888e-18,1.0
2000-03-29,1,3.8409481326695665e-06,0.9999961590518672
2000-03-30,1,1.0969376995619865e-23,1.0
2000-03-31,0,0.999999937947278,6.205272025350874e-08
2000-04-01,0,0.9999998511463635,1.488536355266864e-07
2000-04-02,0,1.0,2.95199948892323e-40
2000-04-03,0,0.9999952650557173,4.734944284285328e-06
2000-04-04,1,4.111642033186706e-06,0.999995888357966
2000-04-05,1,1.0504989830134137e-17,1.0
2000-04-06,1,1.6192654174425977e-16,1.0
2000-04-07,1,4.604388074103512e-18,1.0
2000-04-08,1,1.075364869808032e-23,1.0
2000-04-09,1,8.08281936411807e-05,0.9999191718063588
2000-04-10,1,6.05116164863875e-11,0.9999999999394884
2000-04-11,1,1.7570816438647458e-11,0.99999999998243
2000-04-12,1,1.445434388608404e-29,1.0
2000-04-13,1,1.6569170278645373e-23,1.0
2000-04-14,1,1.4024966180915868e-10,0.9999999998597513
2000-04-15,0,0.9995619613403857,0.0004380386596127451
2000-04-16,0,0.9999994082296314,5.917703701644416e-07
2000-04-17,1,9.081460643932598e-06,0.9999909185393555
2000-04-18,0,0.9924682690493355,0.007531730950662656
2000-04-19,1,0.3787238699257511,0.6212761300742486
2000-04-20,1,3.2029853511761197e-13,0.9999999999996803
2000-04-21,1,0.00555584062703131,0.9944441593729684
2000-04-22,1,6.7609002810931845e-19,1.0
2000-04-23,1,6.561071459260605e-13,0.9999999999993436
2000-04-24,1,2.612235126981431e-12,0.9999999999973879
2000-04-25,1,6.32815173242558e-39,1.0
2000-04-26,1,2.7658365100190983e-43,1.0
2000-04-27,1,3.6793724876285635e-36,1.0
2000-04-28,1,6.64872635410982e-12,0.9999999999933511
2000-04-29,1,4.2661104234145504e-65,1.0
2000-04-30,1,1.281295230872585e-15,0.9999999999999982
2000-05-01,1,4.674088937167787e-19,1.0
2000-05-02,1,1.6057771919418452e-17,1.0
2000-05-03,1,5.52973322414374e-38,1.0
2000-05-04,0,0.9999999562867617,4.371323864700374e-08
2000-05-05,1,9.672440151783717e-24,1.0
2000-05-06,1,1.168681582086604e-37,1.0
2000-05-07,1,5.776452961563424e-20,1.0
2000-05-08,1,1.5070691275698296e-22,1.0
2000-05-09,0,0.9999999519772846,4.802271536793023e-08
2000-05-10,0,0.9999999582216157,4.1778384314622694e-08
2000-05-11,0,0.9999999999073808,9.261846615020535e-11
2000-05-12,0,0.9999999999014229,9.857596590049615e-11
2000-05-13,1,2.3484059181319115e-16,1.0
2000-05-14,1,1.9420634697047118e-13,0.9999999999998064
2000-05-15,1,1.0823907077608893e-19,1.0
2000-05-16,0,0.993549742469419,0.0064502575305821
2000-05-17,1,2.7933175223830625e-24,1.0
2000-05-18,1,1.2208578713652642e-09,0.9999999987791421
2000-05-19,1,1.255141382831329e-09,0.9999999987448582
2000-05-20,1,8.750535852740847e-14,0.999999999999913
2000-05-21,1,0.3984460437296369,0.6015539562703628
2000-05-22,1,3.465730625344376e-05,0.9999653426937468
2000-05-23,1,1.4772485597351341e-23,1.0
2000-05-24,1,2.0539576640208676e-21,1.0
2000-05-25,1,3.029837957982859e-55,1.0
2000-05-26,1,3.5713360554088976e-86,1.0
2000-05-27,1,2.2297648822824296e-17,1.0
2000-05-28,1,4.3537067064811947e-13,0.9999999999995648
2000-05-29,1,1.9115003964116368e-07,0.9999998088499608
2000-05-30,1,0.06256007386539185,0.9374399261346085
2000-05-31,1,1.7012631682849964e-12,0.9999999999982983
2000-06-01,1,1.2579740644991493e-11,0.9999999999874198
2000-06-02,1,5.630629863511913e-19,1.0
2000-06-03,1,8.826030381250455e-09,0.9999999911739703
2000-06-04,1,5.4698051501451664e-36,1.0
2000-06-05,0,0.8397857372863428,0.16021426271365674
2000-06-06,1,1.2045655577195874e-33,1.0
2000-06-07,1,5.863680138795797e-16,1.0
2000-06-08,1,1.4932920203613297e-06,0.9999985067079796
2000-06-09,1,5.375785486178974e-09,0.9999999946242148
2000-06-10,1,1.4038843945058586e-117,1.0
2000-06-11,1,3.4050558246019705e-15,0.9999999999999964
2000-06-12,1,4.0491914845015286e-11,0.999999999959508
2000-06-13,1,3.588844580317123e-11,0.9999999999641123
2000-06-14,0,0.9999165801610214,8.341983897725034e-05
2000-06-15,1,7.318722189255833e-19,1.0
2000-06-16,1,0.10081868665452592,0.8991813133454742
2000-06-17,1,0.002347615998856675,0.9976523840011435
2000-06-18,1,9.583092061410904e-13,0.9999999999990425
2000-06-19,0,0.9999493187800594,5.068121994135909e-05
2000-06-20,1,1.277917443923644e-23,1.0
2000-06-21,0,0.9993942377496039,0.0006057622503972916
2000-06-22,1,3.387795392588785e-11,0.9999999999661213
2000-06-23,0,0.999969326149147,3.0673850851278196e-05
2000-06-24,1,0.0022221134639255576,0.997777886536074
2000-06-25,1,3.5770319228656063e-12,0.9999999999964224
2000-06-26,1,1.5343570575734043e-21,1.0
2000-06-27,0,0.9999795440962613,2.0455903736964414e-05
2000-06-28,1,1.1199924174774274e-05,0.9999888000758261
2000-06-29,1,5.5269763181234944e-18,1.0
2000-06-30,0,0.9999984382540755,1.5617459238672915e-06
2000-07-01,1,7.829127522699367e-12,0.9999999999921716
2000-07-02,1,0.00018443001568523034,0.9998155699843146
2000-07-03,1,7.368289589699414e-10,0.9999999992631707
2000-07-04,0,0.9728175191782658,0.027182480821733794
2000-07-05,0,0.9488297679041406,0.05117023209585909
2000-07-06,1,4.610288220028577e-08,0.9999999538971178
2000-07-07,1,1.7384326073427895e-17,1.0
2000-07-08,1,7.797567460226536e-102,1.0
2000-07-09,0,0.9999993615981898,6.384018105074959e-07
2000-07-10,1,5.508829425461364e-32,1.0
2000-07-11,1,1.8062014732849375e-27,1.0
2000-07-12,1,5.9932186334005064e-55,1.0
2000-07-13,1,2.0113121710519277e-75,1.0
2000-07-14,1,0.0028066085105223943,0.9971933914894773
2000-07-15,1,1.812671718935408e-63,1.0
2000-07-16,0,0.9952947979476165,0.004705202052383198
2000-07-17,1,4.705132826643655e-07,0.9999995294867171
2000-07-18,1,4.992512652164706e-16,1.0
2000-07-19,1,9.950922849949464e-14,0.9999999999999005
2000-07-20,1,3.9703847712708574e-24,1.0
2000-07-21,0,0.997209580708145,0.0027904192918545684
2000-07-22,1,2.1759626342276594e-36,1.0
2000-07-23,1,4.8889014552781295e-26,1.0
2000-07-24,1,7.187834556742797e-48,1.0
2000-07-25,1,3.6082407059511853e-32,1.0
2000-07-26,1,1.3539204413021406e-17,1.0
2000-07-27,1,9.999847862515737e-40,1.0
2000-07-28,1,7.313306649423719e-24,1.0
2000-07-29,1,3.2697537501966665e-127,1.0
2000-07-30,1,1.066157789356847e-13,0.9999999999998934
2000-07-31,1,1.5295997757760598e-34,1.0
2000-08-01,1,1.945831071870662e-61,1.0
2000-08-02,1,1.800839403589903e-05,0.9999819916059637
2000-08-03,1,3.900502768157304e-15,0.9999999999999964
2000-08-04,0,0.9999759515343628,2.404846563666563e-05
2000-08-05,1,1.1929009743975543e-25,1.0
2000-08-06,1,1.5929600010598074e-39,1.0
2000-08-07,1,6.5651927080321454e-15,0.9999999999999929
2000-08-08,1,1.2569025022368479e-12,0.9999999999987432
2000-08-09,0,0.9996868098583565,0.0003131901416419698
2000-08-10,1,1.1090071164971202e-50,1.0
2000-08-11,1,9.882204522109328e-62,1.0
2000-08-12,1,5.0386252051675845e-05,0.9999496137479484
2000-08-13,1,2.8155760607616893e-20,1.0
2000-08-14,1,5.1343852934789403e-26,1.0
2000-08-15,0,0.9984400373971243,0.001559962602875539
2000-08-16,1,7.946098244582463e-34,1.0
2000-08-17,1,1.3374476631974027e-37,1.0
2000-08-18,1,1.1020900188041448e-39,1.0
2000-08-19,1,0.0011703316020984797,0.9988296683979018
2000-08-20,1,8.431822006500255e-68,1.0
2000-08-21,1,1.2415230146909656e-60,1.0
2000-08-22,1,1.2005989810573269e-30,1.0
2000-08-23,1,3.840605175956692e-30,1.0
2000-08-24,1,7.580814545960025e-42,1.0
2000-08-25,1,2.6049431167156994e-61,1.0
2000-08-26,1,1.2899146791525138e-32,1.0
2000-08-27,1,3.5215819405059055e-17,1.0
2000-08-28,1,1.754003668528529e-142,1.0
2000-08-29,1,2.2783787511461245e-57,1.0
2000-08-30,1,2.5732802342792247e-69,1.0
2000-08-31,1,1.4077390129769035e-125,1.0
2000-09-01,1,1.0228213742379732e-65,1.0
2000-09-02,1,1.070150985515924e-52,1.0
2000-09-03,1,7.007896943110692e-190,1.0
2000-09-04,1,3.4202176311398234e-126,1.0
2000-09-05,1,5.1112796820728303e-73,1.0
2000-09-06,1,5.822961327200196e-79,1.0
2000-09-07,1,2.50991809542409e-202,1.0
2000-09-08,1,0.0,1.0
2000-09-09,1,4.620794673428488e-230,1.0
2000-09-10,1,3.59667205630283e-55,1.0
2000-09-11,1,8.001094691309871e-221,1.0
2000-09-12,1,4.974154514494859e-134,1.0
2000-09-13,1,1.2958977015734672e-106,1.0
2000-09-14,1,1.5149524607435937e-168,1.0
2000-09-15,1,1.7242929134331628e-103,1.0
2000-09-16,1,7.012754146863628e-60,1.0
2000-09-17,1,2.9333692502403757e-66,1.0
2000-09-18,1,7.732404351540697e-83,1.0
2000-09-19,1,2.943881540590785e-138,1.0
2000-09-20,1,1.440119426291573e-206,1.0
2000-09-21,1,1.7297634292724324e-148,1.0
2000-09-22,1,8.441659050895448e-177,1.0
2000-09-23,1,2.8406509650120274e-117,1.0
2000-09-24,1,1.1902899146083911e-23,1.0
2000-09-25,1,2.9417109590623023e-223,1.0
2000-09-26,1,1.274667570104786e-168,1.0
2000-09-27,1,2.7354003388583807e-47,1.0
2000-09-28,1,1.070920563957317e-121,1.0
2000-09-29,1,2.4961268728646346e-292,1.0
2000-09-30,1,2.63552605095596e-31,1.0
2000-10-01,1,8.33574678619786e-112,1.0
2000-10-02,1,3.940315008478059e-80,1.0
2000-10-03,1,6.731413910354496e-114,1.0
2000-10-04,1,1.6663158494193864e-173,1.0
2000-10-05,1,2.3635209397266676e-165,1.0
2000-10-06,1,3.633052905756257e-99,1.0
2000-10-07,1,1.4893215326845593e-25,1.0
2000-10-08,0,1.0,2.935526287420182e-40
2000-10-09,1,4.24601628306829e-62,1.0
2000-10-10,1,8.455851093065979e-10,0.9999999991544151
2000-10-11,1,3.077578645885013e-05,0.9999692242135407
2000-10-12,1,3.469315153530496e-56,1.0
2000-10-13,0,0.9996611979308008,0.0003388020692007801
2000-10-14,0,0.9976448424118021,0.0023551575881977102
2000-10-15,1,6.743926260345727e-09,0.9999999932560737
2000-10-16,1,9.048788492118428e-44,1.0
2000-10-17,1,1.7225464737834652e-20,1.0
2000-10-18,0,0.999905183938271,9.481606173051475e-05
2000-10-19,1,2.596891666262122e-40,1.0
2000-10-20,1,2.537551798301653e-43,1.0
2000-10-21,1,1.0833563209677767e-39,1.0
2000-10-22,1,3.6362316724301094e-17,1.0
2000-10-23,1,2.8257941208829056e-24,1.0
2000-10-24,1,0.013897563357669398,0.9861024366423299
2000-10-25,1,3.8443265237887546e-26,1.0
2000-10-26,1,1.6875894295687913e-33,1.0
2000-10-27,1,1.0031791484230637e-06,0.9999989968208518
2000-10-28,1,4.381253882700701e-38,1.0
2000-10-29,0,0.9999999926198342,7.380165338937695e-09
2000-10-30,1,1.782597200865289e-49,1.0
2000-10-31,1,7.254104877158592e-32,1.0
2000-11-01,1,3.3813847427562977e-63,1.0
2000-11-02,1,0.0021272726109998314,0.9978727273889999
2000-11-03,1,6.496003618167481e-64,1.0
2000-11-04,1,1.5987080620209042e-27,1.0
2000-11-05,1,2.4948725377892666e-43,1.0
2000-11-06,1,2.7106274348892033e-16,1.0
2000-11-07,1,3.495028440033864e-19,1.0
2000-11-08,1,7.36244937443385e-54,1.0
2000-11-09,1,6.444273738981144e-117,1.0
2000-11-10,1,2.8675882560603676e-39,1.0
2000-11-11,1,2.1606001419283265e-19,1.0
2000-11-12,1,3.879557981695822e-15,0.9999999999999964
2000-11-13,0,0.9997528859000939,0.00024711409990692094
2000-11-14,1,6.014484690125388e-26,1.0
2000-11-15,1,3.6996373931315445e-26,1.0
2000-11-16,1,1.004895580709939e-43,1.0
2000-11-17,1,4.7481419429630697e-07,0.9999995251858057
2000-11-18,1,1.7427192114590776e-12,0.9999999999982574
2000-11-19,0,0.9999999999815028,1.8497775739384395e-11
2000-11-20,1,3.0258678259609146e-57,1.0
2000-11-21,1,7.103937799035353e-111,1.0
2000-11-22,1,1.196578489416157e-100,1.0
2000-11-23,1,0.00011099569540309229,0.9998890043045968
2000-11-24,1,5.496501514099881e-56,1.0
2000-11-25,1,8.622297807362849e-34,1.0
2000-11-26,1,9.59103826350828e-33,1.0
2000-11-27,1,3.117184652514432e-147,1.0
2000-11-28,1,2.0271280797343473e-177,1.0
2000-11-29,1,7.362138500868884e-72,1.0
2000-11-30,1,1.054464290602043e-83,1.0
2000-12-01,1,1.307949890844619e-68,1.0
2000-12-02,1,9.191240300215887e-39,1.0
2000-12-03,1,1.6313313299224886e-05,0.9999836866867009
2000-12-04,1,5.957419031970967e-25,1.0
2000-12-05,1,3.0504496449950586e-123,1.0
2000-12-06,1,7.34315586901984e-18,1.0
2000-12-07,1,4.653725913409648e-27,1.0
2000-12-08,1,6.719902266742843e-46,1.0
2000-12-09,1,1.8885371463854442e-11,0.9999999999811156
2000-12-10,1,1.0492113147776241e-12,0.9999999999989502
2000-12-11,1,2.678316936692951e-75,1.0
2000-12-12,1,2.574325448976955e-17,1.0
2000-12-13,1,1.9334267169753956e-14,0.9999999999999805
2000-12-14,1,0.026947205685845466,0.9730527943141538
2000-12-15,0,0.9976651290692823,0.0023348709307178385
2000-12-16,0,0.7488778100655217,0.2511221899344775
2000-12-17,1,0.00028191706048375,0.9997180829395155
2000-12-18,1,9.437245417335698e-18,1.0
2000-12-19,0,0.9999967966380765,3.203361923603206e-06
2000-12-20,0,0.9999942088190751,5.791180924385865e-06
2000-12-21,1,2.860700844962923e-06,0.9999971392991549
2000-12-22,0,0.9650400711636372,0.03495992883636319
2000-12-23,0,0.9999999958002057,4.199792794030682e-09
2000-12-24,1,1.6001411863057285e-10,0.9999999998399858
2000-12-25,1,0.05756224789345302,0.9424377521065479
2000-12-26,0,0.9999999299338096,7.006619034892366e-08
2000-12-27,0,0.9998842129207851,0.00011578707921587496
2000-12-28,1,2.3066649328731922e-57,1.0
2000-12-29,1,0.006931331631991009,0.9930686683680089
2000-12-30,1,1.3768931116654504e-13,0.9999999999998632
2000-12-31,0,0.9998767858714497,0.00012321412855123865
2001-01-01,1,4.7455385875062126e-14,0.9999999999999525
2001-01-02,0,0.997161720729545,0.002838279270456057
2001-01-03,0,0.9999997841089885,2.1589101239217186e-07
2001-01-04,0,0.9988289187966266,0.0011710812033728227
2001-01-05,0,0.9999999998991456,1.0085494807338019e-10
2001-01-06,0,0.999999625274195,3.7472580588917834e-07
2001-01-07,0,0.9999999545947961,4.54052056259433e-08
2001-01-08,0,0.99999999696408,3.035919578527767e-09
2001-01-09,0,0.9994828142416415,0.0005171857583569331
2001-01-10,0,0.9999999919857601,8.014240276580117e-09
2001-01-11,0,0.9993926461532616,0.0006073538467375274
2001-01-12,0,0.9998785708817323,0.00012142911826854966
2001-01-13,1,1.59861307509275e-54,1.0
2001-01-14,1,1.9635859046125255e-07,0.99999980364141
2001-01-15,1,1.753039064565934e-46,1.0
2001-01-16,1,1.491360627071749e-56,1.0
2001-01-17,1,0.07214676813962759,0.9278532318603727
2001-01-18,1,8.504876224208033e-45,1.0
2001-01-19,1,3.079846192201286e-05,0.9999692015380783
2001-01-20,1,4.51126699504299e-29,1.0
2001-01-21,0,0.999421351892483,0.0005786481075161306
2001-01-22,1,2.038686712022229e-118,1.0
2001-01-23,1,5.0469061491160724e-55,1.0
2001-01-24,1,4.091406730291392e-183,1.0
2001-01-25,1,1.4334757580861165e-45,1.0
2001-01-26,1,9.590896140039988e-23,1.0
2001-01-27,1,4.047900568999341e-121,1.0
2001-01-28,1,3.820161399686257e-14,0.9999999999999627
2001-01-29,1,8.594426407041444e-130,1.0
2001-01-30,0,0.9999960227810022,3.977218998314267e-06
2001-01-31,0,0.999980372218624,1.962778137552974e-05
2001-02-01,1,1.1148416299975839e-77,1.0
2001-02-02,0,0.9998822935608253,0.0001177064391761924
2001-02-03,1,1.1438859578218643e-21,1.0
2001-02-04,1,6.812963315896076e-56,1.0
2001-02-05,1,1.8554007717385633e-106,1.0
2001-02-06,1,1.3980616571489619e-64,1.0
2001-02-07,1,7.325483701799041e-107,1.0
2001-02-08,1,1.1176161612123847e-139,1.0
2001-02-09,1,2.2620885240499463e-136,1.0
2001-02-10,1,6.56400765479506e-99,1.0
2001-02-11,1,1.3690375039111882e-77,1.0
2001-02-12,1,4.104599584241356e-114,1.0
2001-02-13,1,3.290534967793262e-176,1.0
2001-02-14,0,0.9997824971763878,0.00021750282361083866
2001-02-15,1,1.0763313574178056e-166,1.0
2001-02-16,1,1.6317596891093234e-34,1.0
2001-02-17,1,4.303194709495749e-30,1.0
2001-02-18,1,3.0124188680680697e-307,1.0
2001-02-19,1,6.583473235465053e-37,1.0
2001-02-20,1,3.0762596057031843e-62,1.0
2001-02-21,1,1.3956015984166582e-104,1.0
2001-02-22,1,0.0,1.0
2001-02-23,1,2.2627310315716286e-275,1.0
2001-02-24,1,2.1866262807856836e-190,1.0
2001-02-25,1,7.430313067644817e-104,1.0
2001-02-26,1,1.163884044992421e-190,1.0
2001-02-27,1,1.0667488495041009e-54,1.0
2001-02-28,1,3.965074698425972e-48,1.0
2001-03-01,1,8.557116777163095e-93,1.0
2001-03-02,1,5.623261491741609e-91,1.0
2001-03-03,1,5.189513688954345e-91,1.0
2001-03-04,1,5.106189769894624e-35,1.0
2001-03-05,1,2.7603638175e-313,1.0
2001-03-06,1,3.014381580642358e-109,1.0
2001-03-07,1,5.483622507021506e-169,1.0
2001-03-08,1,2.7091850664144832e-151,1.0
2001-03-09,1,2.3188473796509113e-123,1.0
2001-03-10,1,2.1501462907452727e-80,1.0
2001-03-11,1,5.535498645847082e-31,1.0
2001-03-12,1,2.2760101091506963e-95,1.0
2001-03-13,1,2.7171787776049714e-97,1.0
2001-03-14,1,1.9567835180417123e-158,1.0
2001-03-15,1,1.7621420345221083e-107,1.0
2001-03-16,1,6.23939339558358e-104,1.0
2001-03-17,1,1.5307527895598325e-21,1.0
2001-03-18,0,0.9999999421621925,5.783780768021725e-08
2001-03-19,1,3.9333926904661513e-17,1.0
2001-03-20,1,4.958847700753923e-13,0.9999999999995044
2001-03-21,0,0.9976584394744427,0.002341560525557893
2001-03-22,0,0.9999999999995453,4.543844658217902e-13
2001-03-23,0,0.999732356959623,0.0002676430403767385
2001-03-24,1,3.089825462909222e-06,0.9999969101745365
2001-03-25,0,0.9999400020563076,5.999794369315413e-05
2001-03-26,0,0.9999405503701921,5.944962980802686e-05
2001-03-27,0,0.9999999955326047,4.4673960043585495e-09
2001-03-28,0,0.9999997812695395,2.1873046104248652e-07
2001-03-29,0,0.999999918960597,8.10394033203223e-08
2001-03-30,0,0.9999999995934843,4.0651721832674786e-10
2001-03-31,0,0.9999999983824566,1.6175418248413694e-09
2001-04-01,0,1.0,6.386465026058633e-18
2001-04-02,0,0.9999999974263964,2.5736030625263976e-09
2001-04-03,0,0.9999999970089597,2.9910410211105355e-09
2001-04-04,0,0.9999999957870429,4.2129566948618895e-09
2001-04-05,0,0.9785462950926622,0.021453704907338323
2001-04-06,0,0.9999999840219546,1.5978045471287776e-08
2001-04-07,0,0.9999999995432525,4.5674883247434295e-10
2001-04-08,0,0.9999999821215299,1.7878471621681196e-08
2001-04-09,0,0.9999979669965586,2.033003442311787e-06
2001-04-10,1,9.173611202027427e-05,0.9999082638879805
2001-04-11,1,4.1494659380059205e-06,0.9999958505340619
2001-04-12,0,0.9999999767860681,2.3213933409882086e-08
2001-04-13,0,0.9581988898463805,0.04180111015361913
2001-04-14,0,0.9999999848878326,1.5112167354526514e-08
2001-04-15,0,0.9999999999999822,1.6183323896259624e-14
2001-04-16,0,0.9999999997232827,2.7671820472814866e-10
2001-04-17,0,0.9999999983597512,1.6402502037640952e-09
2001-04-18,0,0.9999999987684589,1.2315397071735435e-09
2001-04-19,0,0.9999999997129265,2.8707359737657925e-10
2001-04-20,0,0.9999999998445226,1.5547831908981885e-10
2001-04-21,0,0.9999999999641496,3.585056080136956e-11
2001-04-22,0,0.9999999999891287,1.087150009102306e-11
2001-04-23,0,0.9999999993931397,6.068591204307021e-10
2001-04-24,0,0.999999999298602,7.013976449384389e-10
2001-04-25,0,0.9855033696072519,0.014496630392747161
2001-04-26,1,5.415377767242903e-15,0.9999999999999947
2001-04-27,0,0.9999999997043325,2.9566743109457424e-10
2001-04-28,0,0.5288262624970818,0.47117373750291813
2001-04-29,0,0.9984679080456207,0.0015320919543784063
2001-04-30,1,2.9412570296106657e-15,0.9999999999999964
2001-05-01,1,1.54812703303339e-08,0.9999999845187296
2001-05-02,1,1.2768929656455522e-13,0.9999999999998721
2001-05-03,1,2.345771523964964e-16,1.0
2001-05-04,1,7.665927805895467e-06,0.9999923340721935
2001-05-05,0,0.9999999905134551,9.48654329569522e-09
2001-05-06,0,0.9999999938094781,6.190523118934942e-09
2001-05-07,1,5.6278957853670856e-30,1.0
2001-05-08,0,0.9999999999999893,9.061749515026997e-15
2001-05-09,0,0.9999999999794973,2.0504544159768487e-11
2001-05-10,0,0.9999999970716509,2.928348720183787e-09
2001-05-11,0,0.9999999940672168,5.932783146097448e-09
2001-05-12,0,0.9999993643807943,6.356192054716712e-07
2001-05-13,0,0.9999999569496767,4.3050323884042714e-08
2001-05-14,0,0.9999999988676649,1.1323363476250357e-09
2001-05-15,0,0.9999999992257678,7.742328791590662e-10
2001-05-16,0,0.9999999999999929,6.392931382663985e-15
2001-05-17,1,6.77575521197207e-07,0.9999993224244794
2001-05-18,0,0.9999999985287111,1.4712900843483497e-09
2001-05-19,1,4.028554346326517e-10,0.9999999995971454
2001-05-20,0,0.9999999999867661,1.323293317753465e-11
2001-05-21,0,0.9999995901573535,4.098426462739208e-07
2001-05-22,1,0.0008453273251790114,0.9991546726748215
2001-05-23,1,1.188610288867595e-13,0.999999999999881
2001-05-24,1,0.003946377476180059,0.9960536225238206
2001-05-25,0,0.9999975984146542,2.401585345093359e-06
2001-05-26,0,1.0,2.6604512864423894e-16
2001-05-27,0,1.0,9.244846217442084e-20
2001-05-28,0,0.9999999996088178,3.911819494336952e-10
2001-05-29,0,0.999998679465223,1.3205347780047492e-06
2001-05-30,0,0.9999629652946105,3.7034705388950834e-05
2001-05-31,1,1.2798917169340833e-10,0.9999999998720117
2001-06-01,1,8.331028802553318e-08,0.9999999166897114
2001-06-02,0,0.9999999999999822,1.6504098617748515e-14
2001-06-03,0,0.9999999999998685,1.3101400076841525e-13
2001-06-04,0,0.9999999999057962,9.420383562418147e-11
2001-06-05,0,0.9999999978594651,2.1405349584355173e-09
2001-06-06,0,0.9999995876571004,4.1234290007880486e-07
2001-06-07,0,0.9999999997335856,2.6641581179124017e-10
2001-06-08,0,0.9999999999996234,3.78167213318177e-13
2001-06-09,0,0.9999999929093413,7.090657119134794e-09
2001-06-10,0,1.0,2.0097667876903344e-17
2001-06-11,0,0.9999999991712976,8.287016081757931e-10
2001-06-12,0,0.9999999980900078,1.9099905390417053e-09
2001-06-13,0,0.9999999999995985,4.030737323380618e-13
2001-06-14,0,0.9999999966171593,3.3828418092239614e-09
2001-06-15,0,0.9999999999999964,2.8199772348850624e-15
2001-06-16,0,1.0,1.7534251836401476e-25
2001-06-17,0,1.0,1.5551491877343323e-37
2001-06-18,0,1.0,8.645290780091438e-24
2001-06-19,0,0.9999999999999964,4.557766407942316e-15
2001-06-20,0,0.9999999968268618,3.173138951948979e-09
2001-06-21,0,0.9999999981198755,1.8801253022975173e-09
2001-06-22,0,1.0,1.8219865643371526e-15
2001-06-23,0,1.0,2.5300185567111402e-17
2001-06-24,0,1.0,1.9626885544271048e-17
2001-06-25,0,1.0,3.982926950157214e-21
2001-06-26,0,1.0,2.3119246071251415e-26
2001-06-27,0,1.0,3.595683244506067e-29
2001-06-28,0,1.0,1.2259300033102219e-15
2001-06-29,0,0.9999997118308659,2.881691331597133e-07
2001-06-30,0,0.9999999999999929,6.5209213383887145e-15
2001-07-01,0,1.0,4.409556175911483e-19
2001-07-02,0,1.0,8.633697381726006e-16
2001-07-03,0,0.9999999999957616,4.238442486316354e-12
2001-07-04,0,0.9999997856355928,2.1436440574544478e-07
2001-07-05,1,0.07352825160515615,0.9264717483948433
2001-07-06,0,0.9999999999999929,8.162835039142252e-15
2001-07-07,0,0.999999999995481,4.5202086473497014e-12
2001-07-08,0,1.0,1.285982548833381e-15
2001-07-09,0,1.0,2.831668563475941e-17
2001-07-10,0,1.0,1.357364544277085e-21
2001-07-11,0,0.9999999999998508,1.48744690184987e-13
2001-07-12,0,0.9999999999999467,5.458664430060085e-14
2001-07-13,0,1.0,1.0223518838833192e-16
2001-07-14,0,1.0,7.148990578013093e-36
2001-07-15,0,1.0,2.381320002659174e-25
2001-07-16,0,0.9999999999995808,4.1975689241077353e-13
2001-07-17,0,1.0,2.5129642336398026e-22
2001-07-18,0,0.999999999999929,6.988166027201386e-14
2001-07-19,0,0.9999999542082288,4.579177102027242e-08
2001-07-20,0,0.9999999999740936,2.5907725933177348e-11
2001-07-21,0,0.9999999987411137,1.2588866798209585e-09
2001-07-22,0,0.9999999999872351,1.2763384898872389e-11
2001-07-23,0,0.9999999332821994,6.671780141537937e-08
2001-07-24,1,2.324407933885666e-41,1.0
2001-07-25,0,0.998681887694306,0.0013181123056935705
2001-07-26,0,0.999999985010053,1.4989947115372684e-08
2001-07-27,0,0.9999999700544291,2.9945571655697444e-08
2001-07-28,0,0.9999994586617307,5.413382677991166e-07
2001-07-29,0,1.0,1.371769243094467e-23
2001-07-30,0,0.9999999999884537,1.1548078510656667e-11
2001-07-31,0,0.9999999999848157,1.5185787883384394e-11
2001-08-01,0,0.9999999929991468,7.000852577439439e-09
2001-08-02,0,0.9999999998642437,1.3575694162873447e-10
2001-08-03,0,0.9999706375803521,2.9362419648733346e-05
2001-08-04,0,0.999999999882764,1.1723638267264153e-10
2001-08-05,0,0.9999999969099136,3.0900851309317938e-09
2001-08-06,0,0.9999999970393567,2.9606425903116304e-09
2001-08-07,0,1.0,3.2150064980250147e-28
2001-08-08,0,0.9999999981728749,1.8271251871606136e-09
2001-08-09,0,0.9999999554783631,4.452163726802059e-08
2001-08-10,0,0.9999999999999716,2.798146560892149e-14
2001-08-11,0,0.9999999999997335,2.6621966987596736e-13
2001-08-12,0,0.9999999999999787,2.2334233973465524e-14
2001-08-13,0,0.9999999830597944,1.694020636894375e-08
2001-08-14,0,0.9999993924320483,6.075679515868087e-07
2001-08-15,0,0.9998257032034792,0.00017429679651899844
2001-08-16,0,0.9999999986381063,1.3618945091877371e-09
2001-08-17,0,0.9999999694924537,3.0507547050090473e-08
2001-08-18,0,0.999999973489086,2.6510913792308786e-08
2001-08-19,0,0.9999999988771364,1.1228644305101428e-09
2001-08-20,0,0.9999999947579852,5.242015657733946e-09
2001-08-21,0,0.9999486247004699,5.137529953175494e-05
2001-08-22,0,0.9277355776480359,0.07226442235196331
2001-08-23,0,0.9999998933800341,1.0661996449801082e-07
2001-08-24,0,0.999999792309602,2.0769039891767546e-07
2001-08-25,0,0.9999999999747473,2.5251728049122404e-11
2001-08-26,0,1.0,6.008524514053886e-25
2001-08-27,0,0.9999999961125177,3.887483925149659e-09
2001-08-28,0,0.9999999970079898,2.992010974921729e-09
2001-08-29,0,0.9999999989735784,1.0264213963830234e-09
2001-08-30,0,0.9999999971534201,2.846578716060494e-09
2001-08-31,0,0.9999999888874385,1.1112562976392498e-08
2001-09-01,0,0.9999999999990052,9.961183839634116e-13
2001-09-02,0,1.0,1.1632274168940792e-27
2001-09-03,0,0.9999999933115014,6.688498528061033e-09
2001-09-04,0,0.9999999980520151,1.9479838247914815e-09
2001-09-05,0,0.999943874382565,5.612561743358783e-05
2001-09-06,1,6.867361753039354e-16,1.0
2001-09-07,0,0.9999999964374808,3.5625201819614034e-09
2001-09-08,0,0.9999575785804747,4.242141952431667e-05
2001-09-09,0,0.9999999999934559,6.545695245115147e-12
2001-09-10,1,7.256651945330637e-31,1.0
2001-09-11,1,4.724211034110093e-34,1.0
2001-09-12,0,0.9999998778738405,1.2212616035078068e-07
2001-09-13,0,0.9999997525436606,2.474563389304277e-07
2001-09-14,0,0.9999999999421938,5.780726033081704e-11
2001-09-15,0,0.999999999996728,3.27258741867278e-12
2001-09-16,0,0.9999999999999112,8.834863965468063e-14
2001-09-17,0,0.9999994841082599,5.158917397142235e-07
2001-09-18,0,0.9999859119444313,1.4088055570408213e-05
2001-09-19,0,0.9999998782945528,1.217054469138647e-07
2001-09-20,0,0.9999999997639506,2.3604849493179807e-10
2001-09-21,0,0.9999999999555591,4.444143242951861e-11
2001-09-22,0,0.9999997826828443,2.1731715698542725e-07
2001-09-23,0,0.9999999999996163,3.853698958298547e-13
2001-09-24,0,0.9999999830269851,1.6973013951654963e-08
2001-09-25,0,0.999999997306297,2.693702196588538e-09
2001-09-26,0,0.9999416311449901,5.836885501039292e-05
2001-09-27,0,0.9999999997411635,2.5883766539484665e-10
2001-09-28,0,0.9999999999999822,1.926048228345774e-14
2001-09-29,0,0.9999999999999964,2.828417363589792e-15
2001-09-30,0,0.9999999999999076,9.375175936567676e-14
2001-10-01,0,0.9999999999969909,3.0110090595796182e-12
2001-10-02,0,0.9999999988073291,1.192670289273473e-09
2001-10-03,0,0.9999999858025355,1.4197462866995889e-08
2001-10-04,0,0.9999782556995375,2.1744300461262984e-05
2001-10-05,0,0.9999999742228528,2.5777145962124247e-08
2001-10-06,0,0.9999999999774758,2.252315561340142e-11
2001-10-07,0,0.9999999997087308,2.912701782500827e-10
2001-10-08,0,0.9999999849260989,1.5073901712609233e-08
2001-10-09,0,0.9999999980078371,1.9921643134597047e-09
2001-10-10,0,0.9999999980076808,1.9923205824381923e-09
2001-10-11,0,0.9999999990466897,9.53311170039449e-10
2001-10-12,0,0.9999999937869255,6.213075388930981e-09
2001-10-13,0,0.9999999992568291,7.431711091818881e-10
2001-10-14,0,0.999999978991877,2.100812115201945e-08
2001-10-15,0,0.999999985133929,1.4866069380042833e-08
2001-10-16,0,0.9999998181346422,1.8186535665299722e-07
2001-10-17,0,0.9999999842446706,1.5755328773051127e-08
2001-10-18,0,0.9999999993270023,6.729963149677703e-10
2001-10-19,0,0.9999999931173029,6.88269756480951e-09
2001-10-20,1,0.03778661939667719,0.9622133806033227
2001-10-21,0,0.9998703057536898,0.00012969424631099362
2001-10-22,0,0.9890210212979507,0.0109789787020483
2001-10-23,0,0.9999999997132498,2.8675120813859297e-10
2001-10-24,0,0.9999997978365469,2.021634533562747e-07
2001-10-25,0,0.9999906881092165,9.311890784383194e-06
2001-10-26,1,0.012894936219676061,0.9871050637803231
2001-10-27,1,6.601179926204383e-07,0.9999993398820071
2001-10-28,0,0.9999886800946644,1.1319905336801195e-05
2001-10-29,1,2.609500927953799e-57,1.0
2001-10-30,1,3.3891773963899045e-13,0.9999999999996607
2001-10-31,1,6.837574121259458e-13,0.9999999999993161
2001-11-01,1,1.054788259615373e-12,0.9999999999989448
2001-11-02,0,0.9999999764347972,2.3565202231611966e-08
2001-11-03,1,4.3324049365713645e-08,0.9999999566759508
2001-11-04,1,4.8685927654911724e-17,1.0
2001-11-05,0,0.9974736312312814,0.002526368768720039
2001-11-06,0,0.9999993475074224,6.52492577994577e-07
2001-11-07,1,7.08427885210578e-13,0.9999999999992912
2001-11-08,1,1.2184335837694395e-41,1.0
2001-11-09,0,0.9999999973729601,2.6270393810318915e-09
2001-11-10,0,0.9990393644402851,0.000960635559713738
2001-11-11,1,1.826090681561928e-12,0.9999999999981739
2001-11-12,0,0.9999899133033272,1.0086696674209281e-05
2001-11-13,0,0.9999542603308573,4.573966914192591e-05
2001-11-14,0,0.9999998841196382,1.158803621681023e-07
2001-11-15,0,0.9999999981971399,1.802861741704628e-09
2001-11-16,0,0.9999908817968127,9.118203186719575e-06
2001-11-17,1,0.14181498931325548,0.8581850106867451
2001-11-18,0,0.9999999959942443,4.00575496805346e-09
2001-11-19,0,0.9999999913190685,8.680931897478876e-09
2001-11-20,0,0.9999999999987708,1.2281663126388673e-12
2001-11-21,0,0.9999999993085851,6.914148800103822e-10
2001-11-22,0,0.9999999957661281,4.233870752531676e-09
2001-11-23,0,0.9999999963360224,3.6639789594319473e-09
2001-11-24,0,0.9999999990269792,9.730195734640936e-10
2001-11-25,0,0.9999999875890246,1.241097409283295e-08
2001-11-26,1,5.158117459709182e-09,0.9999999948418825
2001-11-27,0,0.9999999992942499,7.057508893881754e-10
2001-11-28,0,0.9999999999999964,3.4863237743568286e-15
2001-11-29,0,0.9999999999995381,4.631397479146731e-13
2001-11-30,0,0.9999999999995524,4.466336221149921e-13
2001-12-01,0,1.0,5.631536801941471e-17
2001-12-02,0,1.0,6.093169143235635e-16
2001-12-03,0,1.0,2.4555122275176485e-16
2001-12-04,0,0.9999999988198631,1.180136790475157e-09
2001-12-05,0,1.0,3.0969063917599045e-16
2001-12-06,0,0.9999999978476879,2.1523131954356093e-09
2001-12-07,0,0.9999999971215594,2.8784419343548796e-09
2001-12-08,0,1.0,1.644972750551231e-15
2001-12-09,0,0.9999999999999858,1.4138725081353868e-14
2001-12-10,0,0.9999999021912073,9.78087939511768e-08
2001-12-11,0,0.999999977842098,2.215790169024062e-08
2001-12-12,0,0.9999999992155466,7.844545766515366e-10
2001-12-13,0,0.9999999997684732,2.3152647295323397e-10
2001-12-14,0,0.9999999998351008,1.6489850208010187e-10
2001-12-15,0,0.9999999914335298,8.566471158413564e-09
2001-12-16,0,0.9999999988566586,1.1433401488072709e-09
2001-12-17,0,0.9999999998987903,1.0120905672504282e-10
2001-12-18,0,1.0,3.732525806558809e-16
2001-12-19,0,1.0,6.529390346874054e-20
2001-12-20,0,1.0,1.4738972924307518e-17
2001-12-21,0,0.9999999999987672,1.2343201635848953e-12
2001-12-22,0,0.9999999999999929,6.802249992908927e-15
2001-12-23,0,0.9999999999999822,1.7328856058390204e-14
2001-12-24,0,1.0,6.87804646564569e-20
2001-12-25,0,1.0,1.1403896954307936e-32
2001-12-26,0,1.0,9.18830721746761e-18
2001-12-27,0,1.0,7.321836519274093e-17
2001-12-28,0,1.0,2.6833437253540274e-17
2001-12-29,0,1.0,9.384223419968815e-22
2001-12-30,0,0.9999999999999787,2.1775198218157157e-14
2001-12-31,0,1.0,5.246221101068364e-20
2002-01-01,0,1.0,5.598933806529215e-25
2002-01-02,0,1.0,2.8792284806500203e-19
2002-01-03,0,0.9999999999999858,1.591101786470743e-14
2002-01-04,0,1.0,5.339938791733404e-18
2002-01-05,0,1.0,1.5223258646304551e-21
2002-01-06,0,1.0,1.8273929603359767e-35
2002-01-07,0,1.0,3.380192321437786e-33
2002-01-08,0,0.9999999999999893,1.0390772738509018e-14
2002-01-09,0,0.9999999999999893,9.01519603714295e-15
2002-01-10,0,1.0,1.1236998145089092e-33
2002-01-11,0,1.0,1.1671844255782693e-32
2002-01-12,0,1.0,1.482107202655934e-32
2002-01-13,0,1.0,1.2280866462693265e-21
2002-01-14,0,1.0,1.4322452307081139e-32
2002-01-15,0,1.0,1.462573878820634e-17
2002-01-16,0,1.0,2.9722498370503237e-25
2002-01-17,0,1.0,5.568304989863695e-17
2002-01-18,0,1.0,1.9632385165784965e-22
2002-01-19,0,1.0,3.164446642996969e-32
2002-01-20,0,1.0,1.4191149775645076e-19
2002-01-21,0,0.9999999999999964,2.431382999296282e-15
2002-01-22,0,0.9999999997117008,2.8829977132169765e-10
2002-01-23,0,0.9999999997479563,2.5204229517573295e-10
2002-01-24,0,0.9999999949630087,5.036992953201101e-09
2002-01-25,0,0.9999999825273457,1.7472653026025328e-08
2002-01-26,0,0.9999999983421048,1.657895453936588e-09
2002-01-27,0,0.9999999434424625,5.655753689683984e-08
2002-01-28,1,1.4573238825471477e-05,0.9999854267611746
2002-01-29,0,0.9998591529639628,0.00014084703603879203
2002-01-30,0,0.9673052376430116,0.03269476235698915
2002-01-31,0,0.9999998707096344,1.2929036666529228e-07
2002-02-01,0,0.9999999624872273,3.751277098274601e-08
2002-02-02,0,0.9999999977481444,2.2518553504537064e-09
2002-02-03,0,0.9999999997184084,2.8159041788993114e-10
2002-02-04,0,0.999999993700321,6.299680081723684e-09
2002-02-05,0,0.9999999999905178,9.483725161371038e-12
2002-02-06,0,1.0,1.6489629499786107e-28
2002-02-07,0,0.9999999999999858,1.5792014407883025e-14
2002-02-08,0,0.9999999999996803,3.1859969410242297e-13
2002-02-09,0,0.9999999999994245,5.757407131155756e-13
2002-02-10,0,0.9999999999918074,8.19293791448996e-12
2002-02-11,0,0.9999999999890221,1.0977855387105587e-11
2002-02-12,0,0.999999995211013,4.7889869265616445e-09
2002-02-13,0,0.9999999997067661,2.9323456891157747e-10
2002-02-14,0,0.9999999999743459,2.5654813951914443e-11
2002-02-15,0,0.9999999999992646,7.368063775545673e-13
2002-02-16,0,1.0,3.567475023506432e-22
2002-02-17,0,1.0,4.340712925263424e-16
2002-02-18,0,0.9982143927801786,0.0017856072198206975
2002-02-19,0,0.9999999999960778,3.922613255399564e-12
2002-02-20,0,0.9999999990724291,9.275693646096639e-10
2002-02-21,0,0.9959001765685562,0.004099823431442507
2002-02-22,1,3.4581881748998145e-10,0.9999999996541806
2002-02-23,1,2.084198223672428e-106,1.0
2002-02-24,1,1.0022071815185006e-64,1.0
2002-02-25,1,1.9023788162450072e-17,1.0
2002-02-26,1,8.997440030874417e-19,1.0
2002-02-27,1,9.844247767842366e-23,1.0
2002-02-28,1,3.5546745441856147e-191,1.0
2002-03-01,0,0.999999997779355,2.220645606243784e-09
2002-03-02,0,0.9999825160222623,1.7483977736218433e-05
2002-03-03,1,3.03928900479522e-14,0.9999999999999698
2002-03-04,0,0.9999999869146805,1.308531990873408e-08
2002-03-05,1,7.956520178656721e-57,1.0
2002-03-06,0,0.9999999744382005,2.5561798213505844e-08
2002-03-07,0,0.9999999782557334,2.1744267119540296e-08
2002-03-08,0,0.9999998428503484,1.5714965003283028e-07
2002-03-09,0,0.9101892758030481,0.08981072419695166
2002-03-10,0,0.9999999981896686,1.8103298555704767e-09
2002-03-11,1,0.16310605364054065,0.8368939463594596
2002-03-12,0,0.999999924376737,7.562326405335105e-08
2002-03-13,0,0.9999999978617851,2.138216686425159e-09
2002-03-14,0,0.9999999781152307,2.1884769155796245e-08
2002-03-15,0,0.9999614463393891,3.8553660610386e-05
2002-03-16,1,0.003129796681275075,0.9968702033187257
2002-03-17,1,4.048757342616921e-07,0.9999995951242655
2002-03-18,1,6.355940522608622e-18,1.0
2002-03-19,0,0.9999999991400514,8.59949854367757e-10
2002-03-20,0,0.9999999949058882,5.094113118525356e-09
2002-03-21,0,0.9999999983314609,1.668540967321678e-09
2002-03-22,1,1.797347837151811e-06,0.9999982026521638
2002-03-23,1,1.184550685319005e-29,1.0
2002-03-24,1,0.0013978532176029562,0.9986021467823969
2002-03-25,1,1.9057213754093384e-08,0.9999999809427857
2002-03-26,0,0.977468702940759,0.022531297059242075
2002-03-27,0,0.9999999965819342,3.4180646466560085e-09
2002-03-28,0,0.9999995672177469,4.327822522303938e-07
2002-03-29,0,0.9999968174423461,3.1825576546723347e-06
2002-03-30,0,0.9999999917548479,8.245153725211436e-09
2002-03-31,1,5.8188847609009815e-21,1.0
2002-04-01,0,0.9999995072500673,4.927499315393564e-07
2002-04-02,1,2.4526119828041206e-63,1.0
2002-04-03,1,9.736562424049009e-33,1.0
2002-04-04,1,3.501860766462544e-36,1.0
2002-04-05,1,1.590642712852731e-33,1.0
2002-04-06,0,0.999999984917075,1.5082924303065522e-08
2002-04-07,0,0.9999997519846554,2.4801534457951407e-07
2002-04-08,0,0.9999998492108702,1.5078912898447622e-07
2002-04-09,0,0.999470243818785,0.0005297561812138676
2002-04-10,1,3.1281251967173073e-25,1.0
2002-04-11,1,1.7156295007517492e-13,0.9999999999998277
2002-04-12,1,4.212040056813375e-06,0.9999957879599441
2002-04-13,0,0.9972352673434737,0.0027647326565269637
2002-04-14,0,0.9999570866252712,4.2913374728702774e-05
2002-04-15,1,2.3756484758030027e-19,1.0
2002-04-16,1,2.441167688278009e-38,1.0
2002-04-17,1,3.623727396237173e-77,1.0
2002-04-18,1,1.0757526363746912e-74,1.0
2002-04-19,1,5.106975203247287e-57,1.0
2002-04-20,1,3.1650400438438845e-46,1.0
2002-04-21,1,0.0001555888934138751,0.9998444111065865
2002-04-22,1,1.3542250986528314e-59,1.0
2002-04-23,1,8.89735197352721e-28,1.0
2002-04-24,1,1.1345072891049215e-19,1.0
2002-04-25,0,0.7829379999771485,0.21706200002285078
2002-04-26,0,0.9999999668237513,3.3176248129337284e-08
2002-04-27,0,0.9999999999999787,2.047316388454566e-14
2002-04-28,0,0.9999999999999929,6.248191024719839e-15
2002-04-29,0,0.9998509840445411,0.00014901595545848876
2002-04-30,0,0.9999999870720977,1.2927902358769105e-08
2002-05-01,0,0.9999999999999716,2.80121998475922e-14
2002-05-02,0,0.9999999970735196,2.9264814370670812e-09
2002-05-03,0,0.9999999983107735,1.6892283375810894e-09
2002-05-04,0,0.9999999994491837,5.508171357858957e-10
2002-05-05,0,1.0,8.654886495670888e-25
2002-05-06,0,0.9999999502473619,4.9752639153772204e-08
2002-05-07,0,0.999999858967118,1.4103288267444097e-07
2002-05-08,0,0.7679130143431204,0.23208698565687977
2002-05-09,0,0.9999998925526214,1.0744737823128026e-07
2002-05-10,0,0.9999999998245528,1.754485575534688e-10
2002-05-11,0,0.9999999066303652,9.336963359155127e-08
2002-05-12,0,0.9999998642044744,1.3579552439274454e-07
2002-05-13,0,0.9997234311611548,0.0002765688388437988
2002-05-14,0,0.9999999954532264,4.546773764939215e-09
2002-05-15,0,0.9999999976551024,2.3448969385397293e-09
2002-05-16,0,0.9999999988110986,1.1889017671304448e-09
2002-05-17,0,0.9999999999998259,1.7316715733349087e-13
2002-05-18,0,0.9999999999724452,2.7554431688918704e-11
2002-05-19,0,1.0,9.131375514598974e-17
2002-05-20,0,0.9999913451361815,8.654863820196338e-06
2002-05-21,0,0.9999999999997407,2.5797160428749585e-13
2002-05-22,0,1.0,3.201488131450375e-16
2002-05-23,0,1.0,1.7234152100451633e-17
2002-05-24,0,1.0,4.5310192631644744e-17
2002-05-25,0,0.999999999999968,3.0348818957298356e-14
2002-05-26,0,0.9999999999861977,1.3802897487986916e-11
2002-05-27,0,0.9999999999824603,1.7541053020007915e-11
2002-05-28,0,0.9999999994277289,5.722710351801914e-10
2002-05-29,0,0.9999999999999858,1.5231973693978568e-14
2002-05-30,0,0.9999999999720082,2.7992601617800954e-11
2002-05-31,0,1.0,5.971844798460765e-19
2002-06-01,0,1.0,1.974610115271087e-16
2002-06-02,0,1.0,9.230929935110977e-25
2002-06-03,0,1.0,1.2501822583385394e-16
2002-06-04,0,1.0,1.8773736231007094e-15
2002-06-05,0,0.9999999991260289,8.739707861912629e-10
2002-06-06,0,0.9999999998903562,1.0964518265427813e-10
2002-06-07,0,0.9999999999999964,4.998429837634736e-15
2002-06-08,0,1.0,1.4120357065355744e-17
2002-06-09,0,1.0,9.487654090400971e-33
2002-06-10,0,0.9999999999997797,2.1874473676624954e-13
2002-06-11,0,0.9999999947551395,5.244860679741324e-09
2002-06-12,0,0.9999996311623504,3.688376510889229e-07
2002-06-13,0,1.0,1.0423398317101208e-15
2002-06-14,0,1.0,2.818760637167505e-20
2002-06-15,0,1.0,2.4003181721104685e-24
2002-06-16,0,1.0,7.381387903525791e-29
2002-06-17,0,1.0,1.127611664436457e-25
2002-06-18,0,1.0,2.31816380881203e-18
2002-06-19,0,1.0,9.370004660880505e-19
2002-06-20,0,0.999999999896886,1.0311412517278406e-10
2002-06-21,0,0.9999999981118677,1.8881330767414955e-09
2002-06-22,0,1.0,3.3439310669805302e-21
2002-06-23,0,1.0,3.530176117363629e-20
2002-06-24,0,0.9999999989145145,1.0854871991711339e-09
2002-06-25,0,0.99999999428886,5.71113834333488e-09
2002-06-26,0,0.9999999931539527,6.846047169233262e-09
2002-06-27,0,0.9999999999756639,2.433712128117468e-11
2002-06-28,0,1.0,1.3071962427340276e-19
2002-06-29,0,1.0,4.049911476811942e-30
2002-06-30,0,1.0,1.1157608797575454e-29
2002-07-01,0,1.0,1.7966528810021618e-22
2002-07-02,0,1.0,8.358383789775682e-23
2002-07-03,0,0.9999999995316173,4.683831036569027e-10
2002-07-04,0,1.0,4.79143161673303e-34
2002-07-05,0,1.0,8.992573203713145e-16
2002-07-06,0,1.0,1.2143956030434617e-19
2002-07-07,0,1.0,1.22371069815124e-25
2002-07-08,0,0.9999999999999716,2.840892746777635e-14
2002-07-09,0,0.9999999996303046,3.696955902235864e-10
2002-07-10,0,1.0,1.2558741794607972e-16
2002-07-11,0,0.9999999999883009,1.170027998360697e-11
2002-07-12,0,0.9999999998650253,1.3497521650640438e-10
2002-07-13,0,0.999999999999833,1.6572046969534952e-13
2002-07-14,0,0.9999999999999822,1.9140979222895916e-14
2002-07-15,0,0.9999999999999076,9.200852372884062e-14
2002-07-16,0,1.0,4.904777109521699e-16
2002-07-17,0,1.0,3.908814565775442e-27
2002-07-18,0,1.0,1.2983869215627189e-23
2002-07-19,0,1.0,3.269267635689883e-24
2002-07-20,0,1.0,9.967902891035506e-38
2002-07-21,0,1.0,2.964125524630572e-39
2002-07-22,0,1.0,1.085442917134568e-28
2002-07-23,0,0.9999999999984759,1.5252781145244028e-12
2002-07-24,0,1.0,3.72229385735071e-33
2002-07-25,0,1.0,7.967219182480032e-16
2002-07-26,0,0.999999999999936,6.378821353508949e-14
2002-07-27,0,1.0,7.183200632462071e-23
2002-07-28,0,1.0,5.101329789605885e-19
2002-07-29,0,1.0,9.69391565125538e-19
2002-07-30,0,0.9999999999981348,1.8637512169485647e-12
2002-07-31,0,1.0,2.20329474471955e-19
2002-08-01,0,1.0,1.78525244269466e-30
2002-08-02,0,0.9999999999999929,5.441913233268409e-15
2002-08-03,0,1.0,3.4408876754357246e-35
2002-08-04,0,1.0,4.4404410712912575e-24
2002-08-05,0,0.9999999999999964,3.1692360863849843e-15
2002-08-06,0,1.0,8.977091710248838e-36
2002-08-07,0,1.0,8.872661199223625e-25
2002-08-08,0,1.0,7.149302837826238e-18
2002-08-09,0,1.0,4.361827937515267e-21
2002-08-10,0,1.0,8.192812946629114e-23
2002-08-11,0,1.0,3.3299607043768384e-31
2002-08-12,0,1.0,2.4246223818886615e-15
2002-08-13,0,1.0,2.787904898399906e-15
2002-08-14,0,1.0,1.5791037576846524e-23
2002-08-15,0,0.9999999999999929,8.53571553275222e-15
2002-08-16,0,1.0,1.2010318091993419e-26
2002-08-17,0,0.9999999999998082,1.911708636367149e-13
2002-08-18,0,1.0,1.9291341462932148e-30
2002-08-19,0,1.0,1.4665190583534775e-21
2002-08-20,0,1.0,1.503345275828265e-15
2002-08-21,0,1.0,1.0192947129812455e-16
2002-08-22,0,1.0,4.552851835766397e-19
2002-08-23,0,1.0,3.619296119711597e-31
2002-08-24,0,1.0,1.1969292281450052e-28
2002-08-25,0,1.0,2.770300574980785e-20
2002-08-26,0,1.0,9.217468530523122e-25
2002-08-27,0,0.9999999999998721,1.2762404227452024e-13
2002-08-28,0,0.9999999999999964,2.9012229733506316e-15
2002-08-29,0,1.0,5.330032316362722e-20
2002-08-30,0,1.0,1.7439478998810906e-25
2002-08-31,0,1.0,9.516856748975518e-25
2002-09-01,0,1.0,4.70998218945477e-31
2002-09-02,0,1.0,9.095498791759616e-29
2002-09-03,0,1.0,7.573894540954786e-16
2002-09-04,0,1.0,9.84883087314235e-21
2002-09-05,0,1.0,6.342523790766159e-39
2002-09-06,0,1.0,2.290213102385386e-36
2002-09-07,0,1.0,1.3651704315256316e-34
2002-09-08,0,1.0,1.0387459839354969e-24
2002-09-09,0,1.0,1.1335153014298391e-30
2002-09-10,0,1.0,4.456681074386644e-22
2002-09-11,0,0.999999999991477,8.52461438057489e-12
2002-09-12,0,1.0,1.6863927638465991e-18
2002-09-13,0,0.9999999999860059,1.399591373691486e-11
2002-09-14,0,0.9999999999998543,1.466348580377933e-13
2002-09-15,0,1.0,1.5292719983628024e-24
2002-09-16,0,0.9999999999999396,5.930982092500864e-14
2002-09-17,0,0.9999999999737739,2.6227609026795762e-11
2002-09-18,0,1.0,1.3231992786217974e-20
2002-09-19,0,0.9999999999999503,4.8741118654198584e-14
2002-09-20,0,1.0,2.6943499619698597e-38
2002-09-21,0,1.0,1.6575523935474188e-16
2002-09-22,0,1.0,1.7303800542060577e-38
2002-09-23,0,0.9999999997676596,2.3234072926630436e-10
2002-09-24,0,1.0,1.1342992980108217e-19
2002-09-25,0,1.0,5.776376844527026e-21
2002-09-26,0,1.0,1.7310686722442773e-15
2002-09-27,0,1.0,3.821626666309405e-17
2002-09-28,0,0.9999999999999005,9.798464602969751e-14
2002-09-29,0,1.0,2.4189382616806947e-18
2002-09-30,0,1.0,1.3510988719758217e-16
2002-10-01,0,1.0,2.907559621953148e-18
2002-10-02,0,1.0,2.8770483770337917e-23
2002-10-03,0,1.0,6.658835879876763e-19
2002-10-04,0,1.0,8.668589400891323e-23
2002-10-05,0,1.0,2.2225025118011207e-21
2002-10-06,0,1.0,7.202152688225376e-35
2002-10-07,0,1.0,6.376870049746535e-32
2002-10-08,0,1.0,2.4687634509829175e-23
2002-10-09,0,1.0,1.797014363279432e-15
2002-10-10,0,0.9999999999999609,3.86429935790113e-14
2002-10-11,0,1.0,8.801596420882288e-16
2002-10-12,0,1.0,4.110529045501238e-28
2002-10-13,0,1.0,1.7618256840544246e-19
2002-10-14,0,1.0,1.1085604172433802e-17
2002-10-15,0,1.0,1.7693177894913465e-16
2002-10-16,0,1.0,3.6884080910171836e-16
2002-10-17,0,0.9999999999999787,2.156808293824186e-14
2002-10-18,0,0.9999999999999893,1.0159922543531433e-14
2002-10-19,0,1.0,5.409843095029446e-35
2002-10-20,0,1.0,1.2269237661278645e-15
2002-10-21,0,1.0,3.4512528097054436e-17
2002-10-22,0,1.0,1.2908757088144548e-16
2002-10-23,0,1.0,2.6983860052606524e-21
2002-10-24,0,1.0,1.203540887084094e-19
2002-10-25,0,1.0,4.2128864619999066e-24
2002-10-26,0,1.0,5.678160572973859e-26
2002-10-27,0,1.0,3.618789233818834e-36
2002-10-28,0,0.9999999999980247,1.97532136399317e-12
2002-10-29,0,1.0,8.773910998702166e-32
2002-10-30,0,0.9999999999990656,9.341410226773587e-13
2002-10-31,0,1.0,3.8202239610721333e-17
2002-11-01,0,1.0,8.50053728261133e-16
2002-11-02,0,1.0,1.8805609783423194e-16
2002-11-03,0,1.0,3.10879933410889e-23
2002-11-04,0,1.0,7.889377547595437e-19
2002-11-05,0,1.0,1.8663400245041444e-18
2002-11-06,0,0.9999999999999929,8.661391647789741e-15
2002-11-07,0,0.9999999999999858,1.4799672874435268e-14
2002-11-08,0,1.0,7.011370098881433e-16
2002-11-09,0,1.0,1.53708751288871e-21
2002-11-10,0,1.0,2.461301861242413e-24
2002-11-11,0,1.0,1.0022319047062036e-16
2002-11-12,0,1.0,8.001574282495091e-18
2002-11-13,0,0.9999999999999893,1.1985982638405774e-14
2002-11-14,0,0.9999999999999964,2.643462262196191e-15
2002-11-15,0,0.9999999999983764,1.6232650093202769e-12
2002-11-16,0,0.9999999999999254,7.389700800848532e-14
2002-11-17,0,1.0,1.6626548832139033e-32
2002-11-18,0,1.0,1.1390592960799043e-17
2002-11-19,0,0.9999999999999893,9.305840839845075e-15
2002-11-20,0,1.0,9.608842803706233e-19
2002-11-21,0,0.9999999999999822,1.6660199247208946e-14
2002-11-22,0,0.9999999987196908,1.2803102942850745e-09
2002-11-23,0,1.0,2.72068379055951e-20
2002-11-24,0,1.0,4.1821593799538416e-17
2002-11-25,0,0.9999999995385416,4.61458004770596e-10
2002-11-26,0,0.9999999995385949,4.614065317605977e-10
2002-11-27,0,0.999999998920373,1.0796274455677917e-09
2002-11-28,0,0.9999999999999964,2.6004379856981838e-15
2002-11-29,0,1.0,1.2360848246653887e-16
2002-11-30,0,1.0,1.2136615783563989e-29
2002-12-01,0,0.9999999999999964,5.192682954978508e-15
2002-12-02,0,0.9999999999999893,1.1763772190629662e-14
2002-12-03,0,1.0,3.255238962260064e-28
2002-12-04,0,1.0,4.661454799850206e-18
2002-12-05,0,1.0,2.598918650827216e-19
2002-12-06,0,1.0,6.192018150316489e-19
2002-12-07,0,1.0,1.0093219743221186e-23
2002-12-08,0,1.0,2.143572972306174e-24
2002-12-09,0,1.0,8.193329649561288e-17
2002-12-10,0,1.0,4.587989918917017e-17
2002-12-11,0,1.0,1.3540366917314627e-24
2002-12-12,0,1.0,1.1593073486511218e-18
2002-12-13,0,1.0,4.481923026037212e-18
2002-12-14,0,1.0,1.4698339419733477e-27
2002-12-15,0,1.0,3.7144991991771604e-26
2002-12-16,0,1.0,2.714661257689545e-19
2002-12-17,0,1.0,3.192523935539074e-20
2002-12-18,0,1.0,5.258816708918441e-28
2002-12-19,0,1.0,3.1431821385775596e-23
2002-12-20,0,1.0,1.3728308834519843e-21
2002-12-21,0,1.0,3.727212533460766e-27
2002-12-22,0,1.0,1.0495722543945821e-35
2002-12-23,0,1.0,1.678996892851517e-21
2002-12-24,0,1.0,1.4985510459764795e-39
2002-12-25,0,1.0,9.180035808374156e-29
2002-12-26,0,1.0,5.716315178246481e-24
2002-12-27,0,1.0,1.1581482881051226e-35
2002-12-28,0,1.0,2.002362351209684e-38
2002-12-29,0,1.0,6.968562058314189e-37
2002-12-30,0,1.0,1.2329392917021655e-21
2002-12-31,0,1.0,7.030145649130305e-17
2003-01-01,0,0.999999999431008,5.689916917131165e-10
2003-01-02,0,1.0,4.3098644962889644e-23
2003-01-03,0,0.9999999999999964,3.964754430838544e-15
2003-01-04,0,1.0,1.4445701546602254e-26
2003-01-05,0,1.0,4.3769405719278833e-26
2003-01-06,0,1.0,6.864886577941392e-29
2003-01-07,0,1.0,9.79474821134432e-16
2003-01-08,0,1.0,2.1584851337078047e-17
2003-01-09,0,1.0,2.5673933302001467e-31
2003-01-10,0,1.0,6.619287692767121e-33
2003-01-11,0,1.0,8.292298374734194e-36
2003-01-12,0,1.0,4.787008625681998e-32
2003-01-13,0,1.0,4.624999676950702e-24
2003-01-14,0,1.0,1.9964966260587602e-39
2003-01-15,0,1.0,3.608289830754484e-20
2003-01-16,0,1.0,1.0988703901175989e-16
2003-01-17,0,1.0,7.753678821838744e-19
2003-01-18,0,1.0,2.0593950194768705e-19
2003-01-19,0,1.0,8.403791254629887e-30
2003-01-20,0,1.0,2.2577991555004096e-24
2003-01-21,0,1.0,2.651801351263255e-23
2003-01-22,0,1.0,1.098503935182303e-30
2003-01-23,0,1.0,1.0736463709160998e-32
2003-01-24,0,1.0,8.073710632802267e-32
2003-01-25,0,1.0,2.5076503902226476e-27
2003-01-26,0,1.0,3.00457337643682e-37
2003-01-27,0,1.0,1.0737100999564327e-31
2003-01-28,0,1.0,1.8870413398063145e-19
2003-01-29,0,1.0,3.162926609348426e-24
2003-01-30,0,1.0,1.8585736036059708e-20
2003-01-31,0,1.0,1.6512961160056766e-21
2003-02-01,0,1.0,1.80768863026852e-16
2003-02-02,0,1.0,8.89110108163851e-19
2003-02-03,0,1.0,3.137779355001609e-25
2003-02-04,0,1.0,1.3744869499695253e-22
2003-02-05,0,1.0,4.1109153549384137e-25
2003-02-06,0,1.0,5.132128809075883e-31
2003-02-07,0,1.0,8.274107577760616e-31
2003-02-08,0,1.0,4.181274587723251e-29
2003-02-09,0,1.0,1.040229397326757e-26
2003-02-10,0,1.0,4.640687823710731e-24
2003-02-11,0,1.0,6.8570646331933015e-37
2003-02-12,0,1.0,5.040008221516397e-36
2003-02-13,0,1.0,1.2397394825233882e-23
2003-02-14,1,8.135350886502185e-28,1.0
2003-02-15,0,1.0,5.524548099361195e-29
2003-02-16,0,1.0,2.9014058699642686e-31
2003-02-17,0,1.0,4.971369827091481e-18
2003-02-18,0,1.0,3.4284478277524304e-18
2003-02-19,0,0.9999999999997371,2.616703564366832e-13
2003-02-20,0,0.9999999999999787,2.0520449434067465e-14
2003-02-21,0,1.0,7.99581452221996e-17
2003-02-22,0,0.9999999999999964,2.2240207257820243e-15
2003-02-23,0,1.0,5.746132085267483e-19
2003-02-24,0,1.0,6.866338154815992e-17
2003-02-25,0,1.0,3.971966813453062e-17
2003-02-26,0,1.0,1.2915886298605825e-27
2003-02-27,0,1.0,3.0468785314338487e-16
2003-02-28,0,1.0,1.7465450086085175e-16
2003-03-01,0,1.0,5.59609794881108e-20
2003-03-02,0,1.0,7.916738851282665e-29
2003-03-03,0,1.0,5.666410195757929e-23
2003-03-04,0,1.0,7.881874033784547e-22
2003-03-05,0,1.0,8.583060859066517e-28
2003-03-06,0,0.9999999999991651,8.351455844169045e-13
2003-03-07,0,1.0,2.3918746368405853e-23
2003-03-08,0,0.999999999999865,1.3523423618429446e-13
2003-03-09,0,0.9999999999999716,2.877314457543154e-14
2003-03-10,0,1.0,1.5145265651055747e-16
2003-03-11,0,1.0,5.099351194848323e-17
2003-03-12,0,1.0,7.235078602877038e-25
2003-03-13,0,1.0,4.5197834972405695e-16
2003-03-14,0,0.9999999999999787,2.0505672101385403e-14
2003-03-15,0,0.9999999999999964,3.824819303655756e-15
2003-03-16,0,0.9999999999999716,2.970257634419146e-14
2003-03-17,0,0.993331272950928,0.006668727049073449
2003-03-18,0,1.0,4.145364514680287e-16
2003-03-19,0,1.0,2.9065283047556655e-16
2003-03-20,0,0.9999999994857021,5.142976867487433e-10
2003-03-21,0,0.9999999999999325,6.761070340997288e-14
2003-03-22,0,1.0,7.251671329248544e-19
2003-03-23,0,1.0,2.534310699444909e-35
2003-03-24,0,1.0,1.843114836025014e-19
2003-03-25,0,1.0,2.6529379405401846e-17
2003-03-26,0,0.9999999999999787,2.2115883986092853e-14
2003-03-27,0,0.9999999999999893,1.0129595743520743e-14
2003-03-28,0,0.9999999999999609,4.0024790273903145e-14
2003-03-29,0,1.0,4.9821235932435933e-23
2003-03-30,0,0.9999999999997051,2.936981234965383e-13
2003-03-31,0,0.9999999671701941,3.282980468744091e-08
2003-04-01,0,0.9997228270132111,0.0002771729867890121
2003-04-02,0,0.9999999999999858,1.3527476559983191e-14
2003-04-03,0,0.9999999997797424,2.2025888018970583e-10
2003-04-04,0,0.9999999999999787,1.9932753522145853e-14
2003-04-05,0,0.9999999999993001,7.006696647213177e-13
2003-04-06,0,1.0,9.073620870187327e-17
2003-04-07,0,0.9999999999999396,5.938205793342727e-14
2003-04-08,0,0.9999999999999112,8.94527262648224e-14
2003-04-09,0,0.9999999999981775,1.8227929911509687e-12
2003-04-10,0,0.9999999999999929,7.73238677235636e-15
2003-04-11,0,1.0,5.2912219543896925e-16
2003-04-12,0,1.0,5.557135681593272e-17
2003-04-13,0,1.0,2.03722526122923e-27
2003-04-14,0,0.9999999650788182,3.4921182638782516e-08
2003-04-15,0,0.9999999920004434,7.999558038514486e-09
2003-04-16,0,1.0,1.289402742268596e-16
2003-04-17,0,1.0,3.3429180255136877e-16
2003-04-18,0,1.0,6.370008382193748e-29
2003-04-19,0,1.0,4.806730925272229e-18
2003-04-20,0,1.0,1.5222095513027599e-30
2003-04-21,0,1.0,1.213908786607695e-28
2003-04-22,0,1.0,3.189523557057154e-20
2003-04-23,0,1.0,2.147986974079224e-31
2003-04-24,0,0.9999999990423731,9.576280582587172e-10
2003-04-25,0,0.9999999998084981,1.9150196126853416e-10
2003-04-26,0,1.0,1.437751207833136e-23
2003-04-27,0,1.0,2.929534927237746e-26
2003-04-28,0,1.0,3.329664573398638e-20
2003-04-29,0,1.0,4.4355621241468676e-21
2003-04-30,0,1.0,3.5091876238732744e-24
2003-05-01,0,1.0,9.468018315281267e-25
2003-05-02,0,1.0,5.233873485841123e-18
2003-05-03,0,1.0,2.804061100481451e-37
2003-05-04,0,1.0,9.780095100747379e-37
2003-05-05,0,1.0,3.7215286519800286e-22
2003-05-06,0,1.0,3.337213654254982e-22
2003-05-07,0,1.0,2.513438531964777e-19
2003-05-08,0,1.0,3.7736431358279116e-21
2003-05-09,0,1.0,1.4800552561575653e-27
2003-05-10,0,0.9999999999984652,1.5362057813755632e-12
2003-05-11,0,1.0,2.4000820117279715e-16
2003-05-12,0,1.0,6.766346902960731e-25
2003-05-13,0,0.9999999999999716,2.9910251805501094e-14
2003-05-14,0,0.9999999999999929,5.753903171926116e-15
2003-05-15,0,1.0,1.4681844488923755e-15
2003-05-16,0,1.0,4.114244612692197e-23
2003-05-17,0,1.0,3.99849429829661e-29
2003-05-18,0,1.0,6.727190280016334e-24
2003-05-19,0,1.0,3.952320906370384e-23
2003-05-20,0,1.0,1.3151086939601544e-17
2003-05-21,0,1.0,1.1782151044039984e-36
2003-05-22,0,0.9999999999999858,1.411603657136426e-14
2003-05-23,0,1.0,2.2917804718300013e-17
2003-05-24,0,0.997969297969457,0.002030702030542462
2003-05-25,0,0.999999999964345,3.565587671955971e-11
2003-05-26,0,0.9999999999876792,1.2322357321419189e-11
2003-05-27,0,0.9999999997925713,2.0742967481238985e-10
2003-05-28,0,0.9999999878655217,1.2134477277085105e-08
2003-05-29,0,0.9999999990018509,9.98150834543021e-10
2003-05-30,0,0.9999999977423037,2.25769622801991e-09
2003-05-31,0,0.9999484590427479,5.15409572511998e-05
2003-06-01,0,1.0,1.5930756912689842e-17
2003-06-02,0,0.9999999999874056,1.2594701720244808e-11
2003-06-03,0,0.9999999999623554,3.764466455623718e-11
2003-06-04,0,0.9999999999601563,3.98423420671396e-11
2003-06-05,0,0.9999999999912283,8.772414559038223e-12
2003-06-06,0,0.9999999998025046,1.9749539901599615e-10
2003-06-07,0,1.0,1.7238945209451614e-17
2003-06-08,0,1.0,8.562620017364433e-29
2003-06-09,0,1.0,4.847843107096759e-17
2003-06-10,0,0.9999999999961844,3.8133534900316445e-12
2003-06-11,0,0.9999999999999645,3.402595766180849e-14
2003-06-12,0,1.0,9.146415074078221e-16
2003-06-13,0,1.0,9.22943671149247e-18
2003-06-14,0,0.9999999999320615,6.793882851296843e-11
2003-06-15,0,0.9999999999978648,2.134019202982332e-12
2003-06-16,0,1.0,3.737468180517656e-16
2003-06-17,0,0.9999999999999751,2.3499088317965115e-14
2003-06-18,0,0.9999999994749871,5.250126274594111e-10
2003-06-19,0,0.9999999423711879,5.762881039894637e-08
2003-06-20,0,0.9999999997350706,2.649278580337328e-10
2003-06-21,0,0.9999999999999929,5.674681479754994e-15
2003-06-22,0,1.0,7.955135074415983e-20
2003-06-23,0,1.0,1.5811875419538828e-15
2003-06-24,0,1.0,6.375938971993595e-18
2003-06-25,0,1.0,5.692025070301295e-16
2003-06-26,0,0.9999999999999858,1.469212429794993e-14
2003-06-27,0,0.9999999999999929,6.865348029063786e-15
2003-06-28,0,1.0,2.2472824579477554e-27
2003-06-29,0,0.9999999999999964,2.3364112508006297e-15
2003-06-30,0,0.9999999999999964,1.9533239799572406e-15
2003-07-01,0,0.9999999999999964,2.3390072562838086e-15
2003-07-02,0,0.9999999999997513,2.499174706179842e-13
2003-07-03,0,0.999999999999055,9.459219990075709e-13
2003-07-04,0,1.0,1.6867560808164887e-15
2003-07-05,0,0.9999999999999751,2.4248183881293552e-14
2003-07-06,0,0.9999999999999964,3.928903060431281e-15
2003-07-07,0,0.999999999973948,2.6052607723187207e-11
2003-07-08,0,1.0,3.9903207845825293e-16
2003-07-09,0,1.0,5.325896185663502e-19
2003-07-10,0,1.0,3.7319360156726843e-19
2003-07-11,0,1.0,2.57886296824516e-24
2003-07-12,0,1.0,1.1625691054719228e-20
2003-07-13,0,1.0,6.374440997583953e-17
2003-07-14,0,1.0,3.6042407433422847e-16
2003-07-15,0,1.0,4.6935225102525116e-17
2003-07-16,0,1.0,2.3078394575841138e-24
2003-07-17,0,1.0,1.5940762593244283e-20
2003-07-18,0,1.0,9.599762692272629e-26
2003-07-19,0,1.0,2.9970904949175527e-30
2003-07-20,0,1.0,5.803722607105471e-32
2003-07-21,0,1.0,3.596458198858604e-21
2003-07-22,0,1.0,5.354317676033738e-30
2003-07-23,0,1.0,1.433222383546027e-29
2003-07-24,0,1.0,2.199719503664216e-24
2003-07-25,0,1.0,6.120226757076734e-33
2003-07-26,0,1.0,3.0211485800168306e-26
2003-07-27,0,1.0,6.576285754800821e-17
2003-07-28,0,1.0,1.4350043658293832e-17
2003-07-29,0,1.0,2.25438980521884e-22
2003-07-30,0,0.9999999999974243,2.5749147192035224e-12
2003-07-31,0,1.0,1.2025460746724123e-16
2003-08-01,0,1.0,4.3586804233755833e-16
2003-08-02,0,1.0,1.823848965692055e-15
2003-08-03,0,0.9999999999999964,5.339266787038462e-15
2003-08-04,0,1.0,1.277959626891665e-15
2003-08-05,0,0.999946548225805,5.345177419554666e-05
2003-08-06,0,1.0,1.5814077765596052e-15
2003-08-07,0,1.0,1.9281089365748545e-23
2003-08-08,0,1.0,1.1628430466649724e-25
2003-08-09,0,1.0,1.0885202097807205e-35
2003-08-10,0,1.0,4.330728331672709e-36
2003-08-11,0,1.0,1.120406462780513e-16
2003-08-12,0,0.9999999966987971,3.301203115836743e-09
2003-08-13,0,0.9999999999663949,3.360578364778559e-11
2003-08-14,0,1.0,6.024933713111907e-27
2003-08-15,0,1.0,1.1538751681042523e-15
2003-08-16,0,0.9999999999831495,1.6851231080981006e-11
2003-08-17,0,1.0,5.494539987665007e-20
2003-08-18,0,0.9999999999979075,2.0939023488244814e-12
2003-08-19,0,0.9999999999784812,2.151869610848661e-11
2003-08-20,0,0.9999999682912138,3.1708786651075674e-08
2003-08-21,0,0.9999999997621742,2.3782742755749987e-10
2003-08-22,0,1.0,9.440373130554463e-18
2003-08-23,0,1.0,3.7703880858006772e-28
2003-08-24,0,1.0,5.443339364052244e-16
2003-08-25,0,0.9999999965539104,3.446089727519733e-09
2003-08-26,1,3.416636099388671e-25,1.0
2003-08-27,0,0.999959316333319,4.068366668243982e-05
2003-08-28,0,0.9999991182791149,8.81720883860766e-07
2003-08-29,0,0.9999995372705581,4.6272944128439915e-07
2003-08-30,0,0.9999999998688303,1.3117100438510558e-10
2003-08-31,0,0.9999999999161524,8.384716384169411e-11
2003-09-01,0,0.9999819960149334,1.8003985064867062e-05
2003-09-02,1,7.964979525541489e-71,1.0
2003-09-03,1,2.1586745074052505e-67,1.0
2003-09-04,1,8.070698879127726e-22,1.0
2003-09-05,0,0.9929453322493973,0.007054667750604377
2003-09-06,0,0.9999647059629789,3.529403702012001e-05
2003-09-07,0,0.717344294610342,0.2826557053896585
2003-09-08,1,5.472214155712406e-88,1.0
2003-09-09,1,1.156983595800393e-62,1.0
2003-09-10,1,1.7272017523454185e-106,1.0
2003-09-11,1,6.433466046835234e-22,1.0
2003-09-12,0,0.9999999991824566,8.175451126564974e-10
2003-09-13,0,0.9999999999927596,7.239222676241003e-12
2003-09-14,0,0.9999985339801202,1.4660198805771826e-06
2003-09-15,1,7.270762799605337e-30,1.0
2003-09-16,0,0.9999999996966658,3.0333428428372113e-10
2003-09-17,0,0.9999999999999858,1.3021008785632935e-14
2003-09-18,0,0.9999999999636664,3.633522570699792e-11
2003-09-19,0,0.9999999762629738,2.3737025505586688e-08
2003-09-20,0,0.9989069668792337,0.001093033120766837
2003-09-21,0,0.9999999999993001,6.987898531575551e-13
2003-09-22,1,1.6717407285843686e-21,1.0
2003-09-23,1,2.0452869771747088e-29,1.0
2003-09-24,0,0.9208806962298814,0.07911930377011822
2003-09-25,1,1.936696344441759e-59,1.0
2003-09-26,0,0.9999999990569357,9.430634352783853e-10
2003-09-27,0,0.9999999999999574,4.3569832514172876e-14
2003-09-28,0,1.0,3.6312038859162794e-16
2003-09-29,0,1.0,1.1385609717312252e-16
2003-09-30,0,0.9999999999999964,3.919636433799297e-15
2003-10-01,0,0.9999999999998082,1.9096545109650062e-13
2003-10-02,0,1.0,8.020384541916468e-16
2003-10-03,0,0.9999999999999858,1.5505202820855927e-14
2003-10-04,0,1.0,1.882766459213026e-26
2003-10-05,0,1.0,4.491117820705984e-27
2003-10-06,0,0.9999999999997051,2.962327085546402e-13
2003-10-07,0,0.9999983659474615,1.6340525395510676e-06
2003-10-08,0,0.9999990251761224,9.748238762689672e-07
2003-10-09,0,1.0,5.753354354718896e-25
2003-10-10,0,0.99999999999946,5.387758104104869e-13
2003-10-11,0,0.9999999999996128,3.857163988418267e-13
2003-10-12,0,1.0,1.3076607760933687e-23
2003-10-13,0,1.0,5.554266376310681e-25
2003-10-14,1,0.2761166192220922,0.7238833807779075
2003-10-15,0,1.0,3.8798367060325672e-31
2003-10-16,0,0.9999999999998828,1.1841087894156514e-13
2003-10-17,0,1.0,5.950157035297534e-23
2003-10-18,0,1.0,1.4471090027045096e-21
2003-10-19,0,1.0,5.603330541444657e-30
2003-10-20,0,1.0,4.428020643311206e-19
2003-10-21,0,1.0,4.1765541051656746e-17
2003-10-22,0,0.99999999999919,8.122198533892817e-13
2003-10-23,0,0.9999999999993818,6.182502006736466e-13
2003-10-24,0,1.0,1.2563024481528444e-21
2003-10-25,0,1.0,5.468536666020767e-28
2003-10-26,0,1.0,1.2157944138330944e-39
2003-10-27,0,0.9999999999999929,5.464467835631985e-15
2003-10-28,0,0.999999999051667,9.48331924169555e-10
2003-10-29,0,0.9999999999557616,4.42390196830817e-11
2003-10-30,0,0.9999999999999858,1.4320681415649047e-14
2003-10-31,0,1.0,3.609960027585517e-28
2003-11-01,0,1.0,8.271573564525234e-24
2003-11-02,0,1.0,1.8781276901318808e-17
2003-11-03,0,1.0,1.0947255542192583e-35
2003-11-04,0,0.999999999999936,6.427563489015038e-14
2003-11-05,0,0.9999999999996128,3.8843291370132334e-13
2003-11-06,0,1.0,8.866707429939516e-17
2003-11-07,0,1.0,1.2846950963720133e-27
2003-11-08,0,1.0,4.624570781019081e-22
2003-11-09,0,1.0,2.5451404970931573e-32
2003-11-10,0,0.9999999999999964,2.5696281262389477e-15
2003-11-11,0,0.9999999999997513,2.482066509790543e-13
2003-11-12,0,1.0,8.622136525336406e-17
2003-11-13,0,0.9799752998703513,0.020024700129648177
2003-11-14,0,1.0,4.490731955924439e-29
2003-11-15,0,1.0,2.0433711326842568e-38
2003-11-16,0,1.0,4.100231221324714e-21
2003-11-17,0,1.0,1.2821358561837904e-35
2003-11-18,0,1.0,1.4452866407962296e-22
2003-11-19,0,0.9999965825107847,3.417489216758189e-06
2003-11-20,0,0.9999999999999964,3.0293348908646193e-15
2003-11-21,1,1.1445979470617556e-38,1.0
2003-11-22,0,0.9997171632803383,0.0002828367196619598
2003-11-23,0,1.0,1.6014633813653733e-15
2003-11-24,0,1.0,2.5218162468462402e-27
2003-11-25,0,1.0,9.446966153301294e-20
2003-11-26,0,1.0,1.0013862962814404e-19
2003-11-27,0,1.0,3.29903366951196e-21
2003-11-28,0,0.9999999999999787,2.149452477457244e-14
2003-11-29,0,0.9999999999999503,5.072428361292753e-14
2003-11-30,0,0.9999999999999929,6.768134673198923e-15
2003-12-01,0,1.0,5.411898989341748e-22
2003-12-02,0,0.9999999999999929,6.3169949044591515e-15
2003-12-03,0,1.0,4.087602807518029e-17
2003-12-04,0,1.0,5.790623233844083e-18
2003-12-05,0,1.0,2.0221987860135721e-16
2003-12-06,0,0.999999999999968,3.060703568533745e-14
2003-12-07,0,0.9999999999999609,4.073797986480763e-14
2003-12-08,0,0.9999999999999787,2.2984659747479677e-14
2003-12-09,0,0.9999999999896332,1.036733235678259e-11
2003-12-10,0,0.9999999999186606,8.133961748678261e-11
2003-12-11,0,1.0,4.633684066065823e-17
2003-12-12,0,0.9999999999999538,4.7765536653969966e-14
2003-12-13,0,1.0,7.649598981132116e-18
2003-12-14,0,1.0,1.4663021397210807e-29
2003-12-15,0,1.0,3.5539152505959367e-16
2003-12-16,0,1.0,3.0235708266942753e-20
2003-12-17,0,1.0,3.721093184855429e-19
2003-12-18,0,1.0,1.4724845366432578e-22
2003-12-19,0,1.0,8.469939128834767e-26
2003-12-20,0,1.0,4.648045618461948e-19
2003-12-21,0,0.9999999999999751,2.668718290399071e-14
2003-12-22,0,0.9999999993457784,6.542205135864707e-10
2003-12-23,0,0.9999999999995666,4.331466200244587e-13
2003-12-24,0,1.0,5.593636470934681e-16
2003-12-25,0,0.9999999999989626,1.0386091565579734e-12
2003-12-26,0,0.9999999999997442,2.569912779407519e-13
2003-12-27,0,1.0,2.0531734596540495e-16
2003-12-28,0,0.9999999999999964,2.930234885576337e-15
2003-12-29,0,0.9999999947774825,5.222516439768449e-09
2003-12-30,0,1.0,1.5483180083748973e-15
2003-12-31,0,1.0,2.8667118895730493e-35
2004-01-01,0,0.9999999999996358,3.640134529752436e-13
2004-01-02,0,1.0,5.876386809532417e-16
2004-01-03,0,1.0,1.111225346102093e-16
2004-01-04,0,1.0,2.77558308536848e-22
2004-01-05,0,1.0,1.269595878652683e-27
2004-01-06,0,1.0,2.953581282482192e-29
2004-01-07,0,1.0,3.121138283312247e-22
2004-01-08,0,1.0,4.7762585882113765e-31
2004-01-09,0,1.0,2.2978163608422507e-34
2004-01-10,0,0.9999999999999822,1.6544839147772326e-14
2004-01-11,0,0.9999999999999716,3.026842663864186e-14
2004-01-12,0,0.9999999999999893,1.1037049243689584e-14
2004-01-13,0,0.9999999960942212,3.9057789103327764e-09
2004-01-14,0,0.8109296886295912,0.18907031137040814
2004-01-15,0,0.999999999636902,3.63096989618015e-10
2004-01-16,0,1.0,3.7140708465736683e-16
2004-01-17,0,1.0,2.9571720589059447e-21
2004-01-18,0,1.0,1.1856245918072632e-35
2004-01-19,0,1.0,2.669885877403593e-17
2004-01-20,0,1.0,2.087009989594458e-25
2004-01-21,0,1.0,8.940417403322274e-17
2004-01-22,0,1.0,5.488891505329223e-23
2004-01-23,0,0.9999999999903864,9.612339340415165e-12
2004-01-24,0,1.0,5.421576743591994e-17
2004-01-25,0,1.0,1.2699821520652835e-19
2004-01-26,0,1.0,1.0013190979026312e-16
2004-01-27,0,0.9999999999986571,1.3415041321121406e-12
2004-01-28,0,0.9999999997414193,2.585793299729829e-10
2004-01-29,0,0.9999999999966072,3.392979497333885e-12
2004-01-30,0,0.9999999999999858,1.545233871393546e-14
2004-01-31,0,0.9999999999999964,2.193723644591755e-15
2004-02-01,0,0.9999999999999964,4.654623438251173e-15
2004-02-02,0,0.9999999999999787,2.2373072075080884e-14
2004-02-03,0,1.0,4.143594614042304e-18
2004-02-04,0,0.9999999999999964,2.8511753354314126e-15
2004-02-05,0,0.9999999999745661,2.543385547745179e-11
2004-02-06,0,1.0,1.1337400177583771e-15
2004-02-07,0,1.0,5.427047716847199e-17
2004-02-08,0,1.0,6.558728149808596e-16
2004-02-09,0,0.9999999999953033,4.696184701721157e-12
2004-02-10,0,0.9999999999999929,6.057543277181597e-15
2004-02-11,0,1.0,1.6090096743095893e-15
2004-02-12,0,0.9999999999999574,4.367584725275452e-14
2004-02-13,0,0.9999999999999147,8.552623625051418e-14
2004-02-14,0,1.0,1.3540473292114146e-16
2004-02-15,0,1.0,9.177008358496458e-18
2004-02-16,0,1.0,9.059544697164367e-16
2004-02-17,0,0.9999999999999893,1.0597319180924479e-14
2004-02-18,0,0.9999999999999822,1.9477916512245563e-14
2004-02-19,0,0.9999999999999716,2.8291493923923817e-14
2004-02-20,0,0.9999999999998068,1.9327251550499972e-13
2004-02-21,0,1.0,2.7229276506348284e-27
2004-02-22,0,1.0,9.746355116958451e-31
2004-02-23,0,1.0,1.0311939122782448e-36
2004-02-24,0,1.0,1.2736579273178e-27
2004-02-25,0,1.0,1.5387660147137867e-27
2004-02-26,1,1.1142805348239337e-44,1.0
2004-02-27,0,1.0,3.450118910880179e-16
2004-02-28,0,1.0,8.84441574415165e-19
2004-02-29,1,7.56772162985623e-43,1.0
2004-03-01,0,0.999999914057682,8.594231785519442e-08
2004-03-02,0,0.9999999997424638,2.575365502215266e-10
2004-03-03,0,0.9999999678635062,3.2136493950528296e-08
2004-03-04,0,0.9999999999996909,3.093383512473644e-13
2004-03-05,0,0.9999999999999929,7.387923289806171e-15
2004-03-06,0,1.0,6.214683360795465e-16
2004-03-07,0,1.0,9.456681822126335e-19
2004-03-08,0,0.9999999999999787,2.103222765729399e-14
2004-03-09,0,0.9999999999999929,5.94866421546459e-15
2004-03-10,0,0.9999999998788098,1.2119002332875882e-10
2004-03-11,0,1.0,2.6052585707690346e-37
2004-03-12,0,1.0,5.463818133666252e-21
2004-03-13,0,1.0,6.453471431540891e-22
2004-03-14,0,0.9999999999999751,2.484536490458661e-14
2004-03-15,0,0.9999992394990095,7.605009911929975e-07
2004-03-16,0,1.0,5.4886109317098344e-17
2004-03-17,0,1.0,1.2551897919242116e-34
2004-03-18,0,0.9999999999962199,3.780287948231633e-12
2004-03-19,0,0.9999999991179571,8.820436100940319e-10
2004-03-20,0,1.0,1.8367899699455809e-19
2004-03-21,0,0.9999999999999929,6.367631868786241e-15
2004-03-22,0,1.0,2.635817259755386e-16
2004-03-23,0,0.9999999042541862,9.574581216751245e-08
2004-03-24,0,0.9999998374543279,1.6254567321048815e-07
2004-03-25,0,0.9999999931664938,6.833506439731001e-09
2004-03-26,0,0.9999999999905356,9.465080621111332e-12
2004-03-27,0,1.0,1.0216052241879506e-38
2004-03-28,0,1.0,5.69389576411473e-20
2004-03-29,0,0.9905273409012952,0.009472659098704912
2004-03-30,0,0.9999997787563717,2.2124362861170413e-07
2004-03-31,0,0.9999998759087104,1.240912891511049e-07
2004-04-01,1,0.2277772230237213,0.7722227769762792
2004-04-02,0,0.9999999988796553,1.1203445690565653e-09
2004-04-03,0,0.999744726108452,0.0002552738915465452
2004-04-04,0,1.0,3.5436716680418443e-17
2004-04-05,0,0.9998413927663403,0.00015860723365794914
2004-04-06,0,0.9999999999370992,6.290267303420783e-11
2004-04-07,0,0.9999999999991829,8.173380347189287e-13
2004-04-08,0,1.0,1.0338212166039233e-20
2004-04-09,0,1.0,4.874422460249276e-19
2004-04-10,0,0.9999999999994813,5.187012476694027e-13
2004-04-11,0,0.9999999999999503,4.8496439434746835e-14
2004-04-12,1,1.3651109730206663e-05,0.9999863488902696
2004-04-13,0,0.9893775821936378,0.01062241780636252
2004-04-14,0,0.9999992558814623,7.441185388310912e-07
2004-04-15,0,0.9999999871916536,1.2808344742765675e-08
2004-04-16,0,0.9999999999999254,7.492835642347064e-14
2004-04-17,0,0.9999999906891581,9.310843519746268e-09
2004-04-18,0,1.0,3.369339900619341e-16
2004-04-19,1,2.1126563640455333e-15,0.9999999999999982
2004-04-20,0,0.9999977615342608,2.2384657388848282e-06
2004-04-21,0,1.0,3.1032320855526224e-16
2004-04-22,0,0.9999999999376818,6.231816587158353e-11
2004-04-23,0,1.0,2.7219596953399205e-25
2004-04-24,0,1.0,2.270558050157229e-27
2004-04-25,0,1.0,1.1511805991371169e-32
2004-04-26,0,0.99999999999255,7.449933293976373e-12
2004-04-27,0,0.9999999999478284,5.217223273091726e-11
2004-04-28,0,1.0,1.4195226526482714e-16
2004-04-29,0,0.9999999999995346,4.667444891861816e-13
2004-04-30,0,0.9999999999999609,3.885452102594463e-14
2004-05-01,0,1.0,9.195376781970854e-17
2004-05-02,0,0.9999999999999787,1.972623320756752e-14
2004-05-03,0,0.9999999974930596,2.5069399887246945e-09
2004-05-04,0,0.9999999996392077,3.6079248764478687e-10
2004-05-05,0,0.9999999999987708,1.2298846452031357e-12
2004-05-06,0,0.9999999932859751,6.714025315159433e-09
2004-05-07,0,1.0,7.290264300104896e-16
2004-05-08,0,0.99999999999946,5.417406137649671e-13
2004-05-09,0,0.9999999999999893,1.090610041793481e-14
2004-05-10,0,0.9999995170505962,4.829494026863131e-07
2004-05-11,0,0.9931951201187135,0.006804879881285376
2004-05-12,0,0.9999999722666683,2.773333015848614e-08
2004-05-13,0,0.9999996694442443,3.3055575582607383e-07
2004-05-14,1,5.77857840268984e-29,1.0
2004-05-15,1,0.4964638620616905,0.5035361379383091
2004-05-16,0,0.9999999953122725,4.687726844986348e-09
2004-05-17,1,1.0429399547796874e-22,1.0
2004-05-18,1,2.8943879412463273e-06,0.9999971056120583
2004-05-19,0,0.999999793981729,2.0601827183170794e-07
2004-05-20,0,0.9999987668832944,1.233116704915603e-06
2004-05-21,1,1.0229346967314966e-08,0.9999999897706537
2004-05-22,0,0.9999999999673754,3.262409558012689e-11
2004-05-23,0,0.9999999999997513,2.486239911941662e-13
2004-05-24,0,0.9999999998033609,1.9663886671834364e-10
2004-05-25,1,9.43983292938447e-57,1.0
2004-05-26,1,0.0039847577931859,0.9960152422068139
2004-05-27,0,0.991137259339362,0.008862740660638432
2004-05-28,0,0.9999999688162551,3.118374355424485e-08
2004-05-29,0,0.9999460751591962,5.392484080382114e-05
2004-05-30,0,0.9999999957250729,4.2749261739536185e-09
2004-05-31,1,8.198498629451288e-19,1.0
2004-06-01,0,0.9999999986006216,1.3993775722590062e-09
2004-06-02,0,0.9999997285835973,2.7141640097581017e-07
2004-06-03,0,0.9966996936023506,0.003300306397649518
2004-06-04,0,0.9999999940021453,5.997853902452163e-09
2004-06-05,0,1.0,3.3451836846438224e-31
2004-06-06,0,1.0,2.0398395296362335e-26
2004-06-07,0,0.9998423061890224,0.000157693810977495
2004-06-08,0,0.9999991655514968,8.344485015131899e-07
2004-06-09,0,0.9838693019394281,0.01613069806057152
2004-06-10,0,0.9994352495945401,0.000564750405458217
2004-06-11,0,0.9992066342573409,0.0007933657426598947
2004-06-12,0,0.9999999999999929,5.667245986986499e-15
2004-06-13,0,0.9999999999968558,3.1429064345168732e-12
2004-06-14,0,0.9999999976978273,2.302171715289538e-09
2004-06-15,1,6.846503981367055e-10,0.9999999993153494
2004-06-16,0,0.999999982404905,1.7595094095617615e-08
2004-06-17,0,0.9999999860301507,1.3969849527075354e-08
2004-06-18,0,0.9999824589042953,1.7541095704406484e-05
2004-06-19,0,0.999999996779291,3.2207108806903963e-09
2004-06-20,0,1.0,4.469202573531345e-30
2004-06-21,0,1.0,2.548168194739493e-16
2004-06-22,0,0.9999998589043202,1.4109567893621435e-07
2004-06-23,0,0.99999999980977,1.902296522296716e-10
2004-06-24,0,0.9999999603785746,3.9621423607865764e-08
2004-06-25,0,0.999505076788142,0.000494923211858496
2004-06-26,0,0.9999999996373177,3.626812630536227e-10
2004-06-27,0,0.9999999999831353,1.6864999495316485e-11
2004-06-28,0,0.9999999988328305,1.1671700933947703e-09
2004-06-29,0,0.9999999998172449,1.8275701611027825e-10
2004-06-30,0,0.9987441944698205,0.0012558055301785057
2004-07-01,0,0.9999999955795502,4.42045100693712e-09
2004-07-02,0,0.999999980948026,1.9051973252112275e-08
2004-07-03,0,0.999999965043888,3.4956111746501443e-08
2004-07-04,0,0.9999999955195342,4.4804658273231775e-09
2004-07-05,0,0.9999999998516245,1.483771180047814e-10
2004-07-06,0,0.9999999887327462,1.1267253422948621e-08
2004-07-07,0,0.9999999994780957,5.219041907310875e-10
2004-07-08,0,0.9998796182004103,0.00012038179958884668
2004-07-09,0,0.9999998606550794,1.39344920181736e-07
2004-07-10,0,0.9999999954636074,4.536393193904946e-09
2004-07-11,0,1.0,6.6736769521158794e-18
2004-07-12,0,0.9999999975916403,2.408360256082676e-09
2004-07-13,0,0.9999998947959112,1.0520408982909844e-07
2004-07-14,0,1.0,3.571166389842782e-16
2004-07-15,0,0.9999999999999964,2.9756873657148422e-15
2004-07-16,0,1.0,7.677635047849773e-21
2004-07-17,0,0.9999999999999822,1.8824931529493298e-14
2004-07-18,0,1.0,8.806134491422377e-23
2004-07-19,0,0.9999999999999964,3.130088396725506e-15
2004-07-20,0,1.0,3.714705022420492e-18
2004-07-21,0,0.9999999999988312,1.1672963201645584e-12
2004-07-22,0,0.9999999999999929,7.532323245859897e-15
2004-07-23,0,0.9999999999999538,4.672655453215985e-14
2004-07-24,0,1.0,5.999571320269027e-25
2004-07-25,0,0.9999999999999574,4.227636201981056e-14
2004-07-26,0,0.9999999991865316,8.13469765260566e-10
2004-07-27,0,0.9999999999999858,1.4459986791077464e-14
2004-07-28,0,1.0,1.7666305007042329e-15
2004-07-29,0,0.9999999999657163,3.428381497185946e-11
2004-07-30,0,0.9999999999999964,2.8613716299899664e-15
2004-07-31,0,1.0,3.672062358826125e-25
2004-08-01,0,0.9999999999998366,1.6239741196557556e-13
2004-08-02,0,0.9999999999412061,5.879361948369141e-11
2004-08-03,0,0.9999999858419102,1.4158091294560248e-08
2004-08-04,0,0.9999993924085543,6.075914470726629e-07
2004-08-05,0,0.9999999999197371,8.026161805803205e-11
2004-08-06,0,0.9999999999500098,4.999153231208332e-11
2004-08-07,0,0.9999999999995026,4.99006476799685e-13
2004-08-08,0,1.0,7.899298228137626e-21
2004-08-09,0,1.0,1.0546822833653976e-15
2004-08-10,0,0.999999999887315,1.1268498858731402e-10
2004-08-11,0,0.9999999982394172,1.7605813350859453e-09
2004-08-12,0,0.9999999999999112,8.979585287262331e-14
2004-08-13,0,0.9999999999979998,2.0013709758706934e-12
2004-08-14,0,0.9999999999960707,3.9281874127625836e-12
2004-08-15,0,1.0,5.704706562621694e-18
2004-08-16,0,0.9999999999999538,4.769558704293749e-14
2004-08-17,0,0.9999999998629931,1.370076470419134e-10
2004-08-18,0,0.9999999988885016,1.111499118273469e-09
2004-08-19,0,0.9999999999988063,1.1949141506630541e-12
2004-08-20,0,0.9999999999998153,1.8459744060856511e-13
2004-08-21,0,1.0,2.6229705827350144e-20
2004-08-22,0,1.0,1.4423766242965823e-27
2004-08-23,0,0.999999999502208,4.977904337757037e-10
2004-08-24,0,0.9990881448094339,0.0009118551905665276
2004-08-25,0,0.9996867720073719,0.00031322799262903926
2004-08-26,0,0.9999999999995275,4.73771345370678e-13
2004-08-27,0,0.9999999999999964,2.4436305613216597e-15
2004-08-28,0,0.9999999999990337,9.659456334127724e-13
2004-08-29,0,0.9999999999999041,9.662180549879893e-14
2004-08-30,0,0.9999999999999787,1.993955065635803e-14
2004-08-31,0,0.9999999951692118,4.830789086781497e-09
2004-09-01,0,0.9999999983349639,1.6650352859833036e-09
2004-09-02,1,1.6623175453451715e-168,1.0
2004-09-03,0,0.999999999999968,3.0697488782202334e-14
2004-09-04,0,0.9999999999999467,5.329025336208479e-14
2004-09-05,0,1.0,5.4309458767101265e-27
2004-09-06,0,0.9999999993574633,6.425363446716907e-10
2004-09-07,1,4.0615135512241395e-15,0.9999999999999964
2004-09-08,0,0.999999934610161,6.538983831379594e-08
2004-09-09,0,0.9999999999999858,1.4068975579266725e-14
2004-09-10,0,0.9999999999911395,8.859154970159421e-12
2004-09-11,0,0.9999999999999893,1.0416559363726889e-14
2004-09-12,0,0.9999999999998224,1.793096248382865e-13
2004-09-13,0,0.9999999988234194,1.1765799049729714e-09
2004-09-14,0,0.9999999996923457,3.0765532731293183e-10
2004-09-15,0,0.999999235642968,7.643570322204453e-07
2004-09-16,0,0.9999999617315581,3.826844263215288e-08
2004-09-17,0,0.9999999999867306,1.3268459799273446e-11
2004-09-18,0,0.999999999999833,1.666329281242918e-13
2004-09-19,0,1.0,5.942968106142208e-33
2004-09-20,0,0.9999984194114105,1.580588590313685e-06
2004-09-21,0,0.9999981684419166,1.8315580840301077e-06
2004-09-22,1,0.08474183569273616,0.9152581643072635
2004-09-23,1,4.40576825675694e-89,1.0
2004-09-24,0,0.9999999998049027,1.9509807217395495e-10
2004-09-25,0,1.0,6.767944530754613e-29
2004-09-26,0,1.0,6.90866383486398e-34
2004-09-27,0,0.9998805853328465,0.00011941466715415322
2004-09-28,0,0.9999999789097525,2.1090247979551015e-08
2004-09-29,0,0.999999953404296,4.6595704184047144e-08
2004-09-30,0,0.9992184685101834,0.0007815314898165804
2004-10-01,0,0.9999958966770586,4.103322942177823e-06
2004-10-02,0,0.9999999678364381,3.216356223009773e-08
2004-10-03,0,0.9999999999709104,2.9090942099035854e-11
2004-10-04,0,0.9997614825748513,0.00023851742515025508
2004-10-05,0,0.9999971129748709,2.8870251291423045e-06
2004-10-06,0,0.9999816100133885,1.838998661249741e-05
2004-10-07,0,0.9999998671134502,1.328865490867304e-07
2004-10-08,0,0.9999999999999396,5.93842281727968e-14
2004-10-09,0,0.9999999999999929,7.261216921048531e-15
2004-10-10,0,1.0,3.2484606000689e-19
2004-10-11,0,0.8472953456582147,0.15270465434178462
2004-10-12,0,1.0,7.04799637037393e-17
2004-10-13,1,9.68119818320863e-56,1.0
2004-10-14,0,1.0,1.6158513074322109e-19
2004-10-15,0,1.0,3.0310105144627436e-29
2004-10-16,0,1.0,3.0230682327243617e-40
2004-10-17,0,1.0,3.6932735276491024e-17
2004-10-18,0,1.0,1.5934812626804625e-18
2004-10-19,0,0.9999999557775016,4.4222499941967143e-08
2004-10-20,0,0.9999997845013785,2.1549862141019507e-07
2004-10-21,0,0.9999999834302608,1.6569740214670848e-08
2004-10-22,0,0.9999999974148466,2.585152231327051e-09
2004-10-23,0,1.0,6.467439678648238e-33
2004-10-24,0,1.0,3.3208552687158946e-16
2004-10-25,0,0.9999999999939888,6.009677996989576e-12
2004-10-26,0,0.9999999994947686,5.052323545325519e-10
2004-10-27,1,0.015628565937944695,0.9843714340620549
2004-10-28,0,0.9999999926926577,7.307343804389188e-09
2004-10-29,0,0.9999980456848317,1.9543151671365715e-06
2004-10-30,0,0.9999999999893383,1.0661914797414812e-11
2004-10-31,0,0.9999999999998721,1.2739367073021684e-13
2004-11-01,0,0.9999999999999112,9.026807090275188e-14
2004-11-02,0,0.9999999141297878,8.587021114061604e-08
2004-11-03,1,1.8241278946276635e-06,0.9999981758721052
2004-11-04,0,0.999999969366002,3.063399915804201e-08
2004-11-05,0,0.9999999999960494,3.950366315270806e-12
2004-11-06,0,1.0,1.537204696520586e-15
2004-11-07,0,0.9999999999999964,3.692451782386919e-15
2004-11-08,0,0.9999462572261409,5.3742773858115705e-05
2004-11-09,1,0.0044166960253389734,0.9955833039746612
2004-11-10,0,1.0,3.1932066298812017e-16
2004-11-11,0,0.9999996858332555,3.141667430075166e-07
2004-11-12,0,0.999999999999897,1.0291057712436424e-13
2004-11-13,0,0.9998398040189155,0.00016019598108304737
2004-11-14,0,0.9999999999830926,1.6908184616674406e-11
2004-11-15,0,1.0,1.0999781935578695e-15
2004-11-16,0,0.9999999641884407,3.5811557787966254e-08
2004-11-17,0,0.9999921759056125,7.824094385709297e-06
2004-11-18,0,1.0,1.2800646213938908e-16
2004-11-19,0,0.9999999998194085,1.8059098425964708e-10
2004-11-20,0,1.0,1.2610050547487408e-16
2004-11-21,0,1.0,4.884631801947519e-28
2004-11-22,0,0.9999986096700868,1.3903299120603902e-06
2004-11-23,0,0.9999999931815537,6.818447318549768e-09
2004-11-24,0,0.999999497884028,5.021159703050608e-07
2004-11-25,0,0.9999994589694203,5.410305782852528e-07
2004-11-26,0,0.9999999999999964,3.907619214685585e-15
2004-11-27,0,1.0,1.0909367143335669e-15
2004-11-28,0,1.0,1.983443914480786e-30
2004-11-29,0,0.9999994700737799,5.299262192813331e-07
2004-11-30,0,0.9999996350264366,3.6497356460610213e-07
2004-12-01,0,0.9999999999855085,1.4492909695226671e-11
2004-12-02,0,1.0,1.7182197465633908e-18
2004-12-03,0,0.9999999999322675,6.773233275381417e-11
2004-12-04,0,0.9999999998845226,1.1547599054844039e-10
2004-12-05,0,0.9999999914149242,8.58507659604913e-09
2004-12-06,0,0.9999997856957189,2.1430428200370934e-07
2004-12-07,0,0.9999999905924035,9.407596688280498e-09
2004-12-08,0,0.9999999999994849,5.162005927036944e-13
2004-12-09,0,0.9986717011586751,0.0013282988413252485
2004-12-10,0,0.9999968093330578,3.1906669415659722e-06
2004-12-11,0,1.0,1.0678420665162094e-34
2004-12-12,0,1.0,9.486923693002827e-28
2004-12-13,0,0.9999999965040303,3.495968693578002e-09
2004-12-14,0,0.9999997156986118,2.8430138661666394e-07
2004-12-15,0,1.0,2.287119186717526e-16
2004-12-16,0,1.0,1.1127782469534445e-15
2004-12-17,0,0.9999999999999893,1.199206342238251e-14
2004-12-18,0,1.0,1.8254159552206127e-20
2004-12-19,0,1.0,1.003348936887345e-18
2004-12-20,0,0.9999999999584936,4.150666998111533e-11
2004-12-21,0,0.9608254634310043,0.039174536568994923
2004-12-22,1,1.581735516468863e-32,1.0
2004-12-23,0,0.999999986703628,1.3296373086589973e-08
2004-12-24,0,0.9999999809477169,1.9052284646749964e-08
2004-12-25,0,0.9999999999999467,5.35242890134651e-14
2004-12-26,0,1.0,1.4701371786054703e-17
2004-12-27,0,0.9999999998769802,1.230215365891385e-10
2004-12-28,0,0.9999999999999929,7.74353512912278e-15
2004-12-29,0,0.9999999999710099,2.8988639634868957e-11
2004-12-30,0,0.9999999999999645,3.7391549378905125e-14
2004-12-31,0,1.0,5.940613460269358e-31
2005-01-01,0,0.9999999999999964,2.2002237595409612e-15
2005-01-02,0,0.9999999632681991,3.6731802747836546e-08
2005-01-03,0,0.9999962261866505,3.7738133493298154e-06
2005-01-04,0,0.9999999999992895,7.095665050060352e-13
2005-01-05,0,0.9999999125119674,8.748803365586187e-08
2005-01-06,0,0.9999999992316653,7.683352262859147e-10
2005-01-07,0,0.9999999997784634,2.215356796237926e-10
2005-01-08,0,0.9999999994321165,5.678843758336791e-10
2005-01-09,0,1.0,1.6002109784987385e-16
2005-01-10,0,0.9999999999999787,2.2650389689202444e-14
2005-01-11,0,0.9999999986341273,1.3658731790862653e-09
2005-01-12,0,0.9999999990596855,9.403147596793907e-10
2005-01-13,0,0.9999999999999858,1.2802960365485658e-14
2005-01-14,0,0.9999999999999964,4.964339545099208e-15
2005-01-15,0,1.0,9.6747530103995e-28
2005-01-16,0,0.9999999999999964,2.7200608504997033e-15
2005-01-17,0,0.9999999980535037,1.94649694862235e-09
2005-01-18,0,0.9999999993602913,6.397083378966768e-10
2005-01-19,0,0.9999999993893987,6.106014435155319e-10
2005-01-20,0,1.0,5.210716877520288e-16
2005-01-21,0,0.9999999998284039,1.7159627737445678e-10
2005-01-22,0,0.999999984805637,1.5194364327303137e-08
2005-01-23,0,0.999999997008409,2.991589795682779e-09
2005-01-24,0,1.0,1.3270963393122665e-16
2005-01-25,1,2.1550794238152902e-86,1.0
2005-01-26,0,0.999994311894751,5.6881052506084975e-06
2005-01-27,0,1.0,5.3263413196231935e-18
2005-01-28,0,0.999999999959055,4.0944666541340036e-11
2005-01-29,0,1.0,1.4362731282663552e-16
2005-01-30,0,1.0,6.445723809751798e-17
2005-01-31,0,1.0,2.96644862412292e-16
2005-02-01,0,0.9999999999996945,3.073569268462156e-13
2005-02-02,0,0.9999999999933422,6.659475650235138e-12
2005-02-03,0,0.9999999999999964,1.9826971562503502e-15
2005-02-04,0,1.0,1.0617719795737957e-15
2005-02-05,0,1.0,2.2645972085797442e-17
2005-02-06,0,1.0,2.4683649348243588e-29
2005-02-07,1,4.6876164769338765e-55,1.0
2005-02-08,1,1.5927149926866548e-09,0.9999999984072847
2005-02-09,0,1.0,1.5056005865089554e-15
2005-02-10,0,1.0,3.793683135816064e-17
2005-02-11,0,1.0,1.4355817222738348e-15
2005-02-12,0,1.0,5.403694679771658e-21
2005-02-13,0,0.999999999982375,1.7626447093758553e-11
2005-02-14,0,0.9999999998417906,1.5820903629178954e-10
2005-02-15,0,0.9999999999999858,1.5459821887709353e-14
2005-02-16,0,0.9999999999997371,2.642542857026076e-13
2005-02-17,0,0.9999999587319488,4.126805154377629e-08
2005-02-18,0,0.999999774240053,2.2575994790852592e-07
2005-02-19,0,0.9999998712084283,1.2879157072626662e-07
2005-02-20,0,0.9999999911840867,8.815914274775888e-09
2005-02-21,1,1.9681481334168472e-16,1.0
2005-02-22,1,5.2626920064515256e-11,0.9999999999473737
2005-02-23,1,5.712999854708615e-91,1.0
2005-02-24,0,0.9999999982941823,1.7058168172381578e-09
2005-02-25,0,0.9999912976635671,8.702336434647972e-06
2005-02-26,0,0.9999999997261177,2.738832898451099e-10
2005-02-27,0,0.9999992131026018,7.868973990846477e-07
2005-02-28,0,0.9999998881410717,1.1185892822778027e-07
2005-03-01,0,0.9999999978909777,2.1090213192432992e-09
2005-03-02,0,0.999901159559368,9.884044063092114e-05
2005-03-03,0,0.9999998291435194,1.7085648035772846e-07
2005-03-04,0,0.999999999444313,5.556863382764594e-10
2005-03-05,0,1.0,1.8332327677581768e-38
2005-03-06,0,1.0,3.9409848569346703e-26
2005-03-07,0,0.9999999999994102,5.911026545598901e-13
2005-03-08,0,0.9169811253100212,0.08301887468997894
2005-03-09,0,0.9999999994353033,5.646953273018848e-10
2005-03-10,0,0.9999999990929211,9.070784958244868e-10
2005-03-11,1,3.036925153440571e-20,1.0
2005-03-12,0,0.9984711208073644,0.0015288791926361173
2005-03-13,0,0.9999999999999964,2.8596640727034895e-15
2005-03-14,0,0.9999999999991154,8.856223981376342e-13
2005-03-15,0,0.9999999998523101,1.4768924135750695e-10
2005-03-16,0,0.9999999945628026,5.437199025790165e-09
2005-03-17,0,0.9999999997835651,2.1643392116943322e-10
2005-03-18,0,0.9999999999937437,6.257591764709333e-12
2005-03-19,0,0.99999999998672,1.3280459440482234e-11
2005-03-20,0,1.0,4.099884971093464e-17
2005-03-21,0,0.9999999999999751,2.4025417107177938e-14
2005-03-22,0,0.9999999994586304,5.413712291536202e-10
2005-03-23,0,1.0,2.4901099828402096e-18
2005-03-24,0,1.0,5.194057976603155e-16
2005-03-25,0,1.0,7.452515466032008e-16
2005-03-26,0,0.9999999999999858,1.5231069759134265e-14
2005-03-27,0,1.0,5.874503524615042e-19
2005-03-28,0,0.9999999998196429,1.8035672055582422e-10
2005-03-29,0,0.999999999812438,1.8756188227943018e-10
2005-03-30,0,0.999999996227217,3.772782251676273e-09
2005-03-31,0,0.9999999999998899,1.0869222514779983e-13
2005-04-01,0,0.9999999999839098,1.6091686071790275e-11
2005-04-02,0,1.0,1.2189919859152665e-34
2005-04-03,0,1.0,3.86709600026333e-31
2005-04-04,0,1.0,6.802471262224216e-16
2005-04-05,0,1.0,1.9754983000963423e-29
2005-04-06,0,1.0,2.311382536573147e-18
2005-04-07,0,1.0,1.8594130638813394e-16
2005-04-08,0,1.0,5.475024343708201e-24
2005-04-09,0,1.0,1.4418832611329057e-19
2005-04-10,0,1.0,8.293387288186728e-17
2005-04-11,0,0.9999999999910969,8.903686725028502e-12
2005-04-12,0,1.0,3.048575471676354e-26
2005-04-13,0,1.0,1.5262415641525347e-22
2005-04-14,0,0.9999999842480066,1.5751992477395543e-08
2005-04-15,0,0.9999999999874802,1.2521230282085934e-11
2005-04-16,0,0.9999999999980709,1.9287265760390597e-12
2005-04-17,0,0.9999999991943831,8.05618621415391e-10
2005-04-18,0,0.9999999997677769,2.3222434543819797e-10
2005-04-19,1,4.3870823962579726e-33,1.0
2005-04-20,1,7.59764391511165e-23,1.0
2005-04-21,0,0.9966282177882037,0.0033717822117967076
2005-04-22,0,0.999999989276521,1.0723480563000971e-08
2005-04-23,1,0.13492802107369423,0.8650719789263064
2005-04-24,0,1.0,1.9288819092303707e-20
2005-04-25,0,0.999999997647187,2.352812262807226e-09
2005-04-26,0,0.9999999999662776,3.372388325060604e-11
2005-04-27,0,0.9999999999993534,6.459356388799632e-13
2005-04-28,0,0.999999999919229,8.077013807201595e-11
2005-04-29,0,1.0,1.6130191949838854e-15
2005-04-30,0,0.9999992337807933,7.662192075629852e-07
2005-05-01,0,0.9999999999999893,1.0307324813612345e-14
2005-05-02,0,0.9999999999239861,7.601513620787949e-11
2005-05-03,0,0.9999999985581205,1.4418780902431973e-09
2005-05-04,0,0.9999999948744929,5.125507392449064e-09
2005-05-05,0,0.9999999999653433,3.4656306714665386e-11
2005-05-06,0,0.999999999999897,1.0360392038736176e-13
2005-05-07,0,0.999999999906386,9.361499990783938e-11
2005-05-08,0,0.9999999999769393,2.305948836107729e-11
2005-05-09,0,1.0,1.0818797482230953e-15
2005-05-10,0,0.999999999998753,1.24822449538446e-12
2005-05-11,0,0.9999999999998721,1.2805714719938988e-13
2005-05-12,0,1.0,1.0977883325763873e-15
2005-05-13,0,0.9999999999999787,1.8075605180614973e-14
2005-05-14,0,1.0,3.667360215866109e-20
2005-05-15,0,1.0,1.0650867064126335e-26
2005-05-16,1,2.173455510504086e-73,1.0
2005-05-17,0,0.9999929107890682,7.089210932437082e-06
2005-05-18,0,0.999999999899007,1.0099267480392921e-10
2005-05-19,0,0.9999999995899422,4.100568399267994e-10
2005-05-20,0,0.9999999999999858,1.4614832770572473e-14
2005-05-21,1,2.8610626290106245e-17,1.0
2005-05-22,0,1.0,8.177549479925006e-24
2005-05-23,0,1.0,7.758538266524905e-16
2005-05-24,0,0.99999999947023,5.297691883417407e-10
2005-05-25,0,0.9999999999999893,9.607864972004925e-15
2005-05-26,0,0.9999999999999396,6.029622777183332e-14
2005-05-27,0,0.9999999999999538,4.7680122697106734e-14
2005-05-28,0,1.0,5.763078580127518e-16
2005-05-29,0,1.0,9.000079613641412e-17
2005-05-30,0,1.0,1.968391805909655e-19
2005-05-31,0,1.0,6.4270196599975846e-24
2005-06-01,0,1.0,3.957946599040419e-16
2005-06-02,0,0.9999999999999822,1.7204790453460398e-14
2005-06-03,0,0.9999999999422471,5.775227461978277e-11
2005-06-04,0,0.9999999999194102,8.059052432832323e-11
2005-06-05,0,0.9999999996306208,3.693776938028883e-10
2005-06-06,0,0.9999999980233589,1.9766403294087734e-09
2005-06-07,0,0.8311586703539598,0.16884132964603996
2005-06-08,1,2.6889404705552637e-31,1.0
2005-06-09,0,0.9999999999999929,6.743573164600949e-15
2005-06-10,1,7.572330417235124e-20,1.0
2005-06-11,0,0.5544022705803601,0.44559772941964015
2005-06-12,1,2.9664791900949727e-06,0.9999970335208097
2005-06-13,1,7.239551919626717e-46,1.0
2005-06-14,0,0.999993607087315,6.392912686473342e-06
2005-06-15,0,0.9999999999999787,1.967584380323057e-14
2005-06-16,1,0.006319896570631282,0.9936801034293685
2005-06-17,0,0.9999999985191153,1.4808860677002176e-09
2005-06-18,0,0.9999999999816644,1.8335711643046884e-11
2005-06-19,0,1.0,3.552894655509626e-18
2005-06-20,0,0.9999999999927063,7.29519050756478e-12
2005-06-21,0,0.999999999996497,3.5021566594894045e-12
2005-06-22,0,0.9999999917127376,8.28726240349863e-09
2005-06-23,1,1.3389207131500865e-151,1.0
2005-06-24,0,0.999999999955282,4.471800466802129e-11
2005-06-25,0,1.0,2.4621329504887497e-16
2005-06-26,0,1.0,8.848618747164215e-26
2005-06-27,0,0.9999999913117747,8.688226813551944e-09
2005-06-28,0,0.9999999976181186,2.3818811348223955e-09
2005-06-29,0,0.9999999998585274,1.414730141056492e-10
2005-06-30,0,0.9999999902176384,9.78236276729457e-09
2005-07-01,0,1.0,3.131959694029651e-17
2005-07-02,0,1.0,6.827053610073718e-17
2005-07-03,0,0.9999999999999787,2.2986081546966873e-14
2005-07-04,0,1.0,6.734450176581738e-25
2005-07-05,0,0.9999999999999822,1.659130851003034e-14
2005-07-06,0,1.0,1.1867914041703036e-15
2005-07-07,0,1.0,7.089286224996495e-16
2005-07-08,0,1.0,5.624345681963421e-17
2005-07-09,0,0.9999999999995666,4.335249479863073e-13
2005-07-10,0,1.0,1.3531850443561774e-16
2005-07-11,0,0.999999997572985,2.4270145449700285e-09
2005-07-12,0,0.9998203943380298,0.0001796056619688963
2005-07-13,1,0.058930293949643865,0.9410697060503556
2005-07-14,1,0.020715069810321726,0.9792849301896781
2005-07-15,1,3.848383642377142e-24,1.0
2005-07-16,0,0.999999999999936,6.563538931116417e-14
2005-07-17,0,0.999999999980016,1.9983092214158014e-11
2005-07-18,0,0.9999999980808774,1.9191235671756847e-09
2005-07-19,0,0.9999999999999858,1.3911601963728688e-14
2005-07-20,0,1.0,1.0407402737977928e-30
2005-07-21,1,1.0692367415220331e-32,1.0
2005-07-22,0,0.9999999994448316,5.551681487739014e-10
2005-07-23,0,0.9999999999987494,1.2507571533649673e-12
2005-07-24,0,1.0,1.0555644726381198e-38
2005-07-25,0,0.9999999999999893,9.487272331517481e-15
2005-07-26,0,1.0,6.640481128141986e-22
2005-07-27,0,1.0,2.3708602618418645e-20
2005-07-28,0,0.9999999999999396,6.192557849346213e-14
2005-07-29,0,1.0,8.492616053170963e-23
2005-07-30,0,0.9999999999999964,3.1881605932078303e-15
2005-07-31,0,1.0,3.0376786056211195e-35
2005-08-01,0,0.9999999999999716,2.907605768097972e-14
2005-08-02,0,0.9999999927179708,7.2820305952714925e-09
2005-08-03,0,0.9999999999992113,7.876662145765893e-13
2005-08-04,0,0.9999999791453649,2.0854633978004367e-08
2005-08-05,1,6.525255152184398e-20,1.0
2005-08-06,0,0.9999999999993392,6.613830820162012e-13
2005-08-07,0,1.0,6.892319866167633e-18
2005-08-08,0,0.9999999999992362,7.628000969365954e-13
2005-08-09,0,0.9999999934196957,6.580304771954473e-09
2005-08-10,0,0.9999999999997868,2.11690931863055e-13
2005-08-11,0,0.9999999987642418,1.2357598672585118e-09
2005-08-12,0,0.9042733059451433,0.09572669405485645
2005-08-13,0,0.9999999999999964,2.3481996184463592e-15
2005-08-14,0,0.9999999972005611,2.799439438327657e-09
2005-08-15,0,1.0,1.1513155852013928e-15
2005-08-16,0,0.9997734928496812,0.00022650715031830826
2005-08-17,0,0.999999998332509,1.6674922946735017e-09
2005-08-18,0,0.9999999987674713,1.2325284268461189e-09
2005-08-19,0,0.9955580694260877,0.004441930573911776
2005-08-20,0,0.9999999999998614,1.4019307581436948e-13
2005-08-21,0,0.9999999999866809,1.3318875614337957e-11
2005-08-22,1,6.60752693062748e-162,1.0
2005-08-23,1,1.805185946922587e-05,0.9999819481405301
2005-08-24,0,0.9999863189252037,1.3681074797401186e-05
2005-08-25,0,0.9999999999680043,3.19945715758255e-11
2005-08-26,0,0.9999999999150084,8.49929302354333e-11
2005-08-27,0,0.9999999997822613,2.1773961697082332e-10
2005-08-28,0,1.0,3.745156676640431e-28
2005-08-29,0,0.9999999007668463,9.923315429360177e-08
2005-08-30,0,0.9999987146426524,1.285357346984421e-06
2005-08-31,0,0.9999999983040873,1.6959137570753447e-09
2005-09-01,0,0.9999999999999787,2.2422558400987718e-14
2005-09-02,0,0.9999999999845741,1.5425617063199098e-11
2005-09-03,0,1.0,1.880357691294898e-27
2005-09-04,0,1.0,5.1578935707003854e-23
2005-09-05,0,0.9999999999999964,4.704307515772787e-15
2005-09-06,0,0.999999921605681,7.839432026977666e-08
2005-09-07,0,0.9999999999998295,1.7004191081875613e-13
2005-09-08,0,0.5241910004818784,0.47580899951812233
2005-09-09,1,3.375658285089307e-08,0.9999999662434172
2005-09-10,0,0.9999999999999822,1.653065691520473e-14
2005-09-11,0,0.9999999999999964,2.529097989767711e-15
2005-09-12,0,0.9999999999888729,1.1127631850458947e-11
2005-09-13,0,0.9999999998641762,1.358237983104246e-10
2005-09-14,0,0.9999999999999893,1.133024279672403e-14
2005-09-15,0,0.9999999999997691,2.3053764865881726e-13
2005-09-16,0,1.0,1.46454890443972e-34
2005-09-17,0,0.9999999999990479,9.527983253246375e-13
2005-09-18,0,1.0,2.3084749489171285e-28
2005-09-19,0,0.9999999973368681,2.663132121109259e-09
2005-09-20,0,0.999999999999833,1.685455115790927e-13
2005-09-21,0,0.9999999999998579,1.4215452322961404e-13
2005-09-22,0,0.9999999999998757,1.2401593324000746e-13
2005-09-23,0,0.9999999999997193,2.7957892366489464e-13
2005-09-24,0,0.9999999999995346,4.648356203215774e-13
2005-09-25,0,0.9999999999996447,3.558551544749998e-13
2005-09-26,0,0.832835344970501,0.1671646550294987
2005-09-27,0,0.9999999998261622,1.738368223191705e-10
2005-09-28,0,0.9999999498620026,5.01379962256728e-08
2005-09-29,0,0.999999726966541,2.7303345868601585e-07
2005-09-30,0,0.9999998356082671,1.6439173118120373e-07
2005-10-01,0,0.9999999989222559,1.077744813910985e-09
2005-10-02,0,1.0,1.0874574679382031e-16
2005-10-03,0,0.9999999337383785,6.626162073751765e-08
2005-10-04,1,1.3109708661992985e-60,1.0
2005-10-05,0,0.9999999939007083,6.099293229520105e-09
2005-10-06,0,0.9999999962543384,3.745663124354764e-09
2005-10-07,0,0.9999999994021955,5.978039755527509e-10
2005-10-08,0,1.0,3.2440657361790958e-18
2005-10-09,0,1.0,8.817327031536177e-35
2005-10-10,0,0.9999999999191971,8.080125609052024e-11
2005-10-11,0,0.9999999994648441,5.3515679789164e-10
2005-10-12,0,0.9995550616471016,0.00044493835289673573
2005-10-13,0,0.9975367869478958,0.002463213052104506
2005-10-14,1,2.3448203082682432e-12,0.9999999999976552
2005-10-15,0,0.9999586925992296,4.130740077140337e-05
2005-10-16,0,0.9999999914464262,8.553573631408828e-09
2005-10-17,0,0.9999999995775575,4.2244300799872565e-10
2005-10-18,0,0.999999999614694,3.853066292587702e-10
2005-10-19,0,0.9999999998344435,1.6555589967414986e-10
2005-10-20,0,0.999864436547806,0.0001355634521925733
2005-10-21,0,0.9999999912158195,8.78418060709144e-09
2005-10-22,0,0.9999999999981952,1.8060375981607224e-12
2005-10-23,0,0.9999999999896403,1.0358151769206608e-11
2005-10-24,1,1.0079961923006428e-09,0.9999999989920045
2005-10-25,0,0.9889505968724065,0.011049403127593614
2005-10-26,1,7.521385183789262e-42,1.0
2005-10-27,1,1.7822420826976436e-10,0.9999999998217763
2005-10-28,0,0.9999999999999858,1.5466633642293733e-14
2005-10-29,0,0.9999999991923438,8.076578253400739e-10
2005-10-30,0,0.9999999950442593,4.955740811694221e-09
2005-10-31,1,6.008261431374216e-07,0.9999993991738567
2005-11-01,0,0.9820324582751462,0.017967541724853736
2005-11-02,0,0.9999999900017862,9.998214778336355e-09
2005-11-03,1,8.409010857151022e-30,1.0
2005-11-04,1,2.205081800190823e-67,1.0
2005-11-05,0,0.9999999990413855,9.586145726301801e-10
2005-11-06,0,0.9999999997032525,2.9674732870437675e-10
2005-11-07,0,1.0,6.023723983623623e-32
2005-11-08,1,5.641409368101812e-25,1.0
2005-11-09,1,0.00146777003121373,0.9985322299687868
2005-11-10,0,0.9999997923667332,2.0763326853950584e-07
2005-11-11,0,0.9999999822040878,1.7795912651085918e-08
2005-11-12,0,0.9999999958870305,4.112970204489249e-09
2005-11-13,0,0.9999849023636033,1.5097636395319232e-05
2005-11-14,1,0.1567030806948634,0.8432969193051371
2005-11-15,1,1.3294159375358167e-64,1.0
2005-11-16,1,2.407111816791844e-38,1.0
2005-11-17,1,1.4041962024607132e-21,1.0
2005-11-18,1,0.4382912574511674,0.5617087425488324
2005-11-19,0,0.9999999979163299,2.0836707381044595e-09
2005-11-20,0,0.999999985466669,1.4533330427046478e-08
2005-11-21,1,6.325792070934584e-38,1.0
2005-11-22,1,3.0671914260137945e-39,1.0
2005-11-23,1,1.4692667381938075e-64,1.0
2005-11-24,1,7.8724852766707e-98,1.0
2005-11-25,1,2.6088208138941188e-42,1.0
2005-11-26,1,8.388943606039952e-60,1.0
2005-11-27,1,1.9406282961208434e-41,1.0
2005-11-28,1,1.799700740801487e-61,1.0
2005-11-29,1,2.9461310502215e-39,1.0
2005-11-30,1,4.045253591651968e-33,1.0
2005-12-01,0,0.9999999702720577,2.9727941007482945e-08
2005-12-02,0,0.9999999239772877,7.60227106983496e-08
2005-12-03,0,0.9999999993967599,6.03239732517304e-10
2005-12-04,0,0.9999999999997868,2.1340805664108865e-13
2005-12-05,0,0.999999993768931,6.231069605510335e-09
2005-12-06,0,0.9999999996163176,3.836834757678216e-10
2005-12-07,0,0.9999999999385807,6.142002984628057e-11
2005-12-08,0,1.0,3.56439044745755e-16
2005-12-09,0,0.9999999999918963,8.105488838206248e-12
2005-12-10,0,0.9999999999981029,1.8976647664715435e-12
2005-12-11,0,1.0,1.0670003891459783e-22
2005-12-12,0,0.9999999999996234,3.7571913093739216e-13
2005-12-13,0,0.9999999996925304,3.074697957749045e-10
2005-12-14,0,0.9999822264964959,1.7773503505037594e-05
2005-12-15,0,0.9999999999914735,8.52496661952232e-12
2005-12-16,0,0.9999999999999893,1.1547967141764516e-14
2005-12-17,0,1.0,1.0168928129188754e-32
2005-12-18,0,1.0,7.12939825327918e-20
2005-12-19,0,0.9999999926110092,7.388991242442218e-09
2005-12-20,0,0.9999994224981597,5.775018419735743e-07
2005-12-21,0,0.9999999634328283,3.656717133361343e-08
2005-12-22,1,0.0001964843761837563,0.9998035156238166
2005-12-23,1,1.0012112230575566e-51,1.0
2005-12-24,0,0.9999999999934808,6.5194257003945096e-12
2005-12-25,0,1.0,4.1354349944198904e-32
2005-12-26,0,0.9999999998636468,1.363522836052017e-10
2005-12-27,0,0.999999995986709,4.013291919100925e-09
2005-12-28,0,0.9999999961467658,3.853235558588577e-09
2005-12-29,0,0.9999999999999929,6.647230078830789e-15
2005-12-30,0,1.0,9.222745203452215e-28
2005-12-31,0,1.0,3.1298442244637746e-36
2006-01-01,1,0.0026624623626279073,0.9973375376373721
2006-01-02,0,0.9999999999998579,1.4232016491633748e-13
2006-01-03,0,0.9999999999757918,2.4208453965964632e-11
2006-01-04,0,0.9999999999999964,3.659630522656495e-15
2006-01-05,0,1.0,3.935490221776281e-29
2006-01-06,0,0.9999999999999325,6.658661140301243e-14
2006-01-07,0,1.0,4.762834082400632e-17
2006-01-08,0,0.9999999999999787,2.132403334071502e-14
2006-01-09,0,1.0,2.429224477522393e-16
2006-01-10,0,0.9999999999842046,1.5795756028241e-11
2006-01-11,0,1.0,1.0683175125555296e-16
2006-01-12,0,1.0,6.033868134236261e-28
2006-01-13,0,1.0,2.6324373193565027e-16
2006-01-14,0,0.9999999999999716,2.7211378413573058e-14
2006-01-15,0,1.0,6.332966348018589e-27
2006-01-16,0,0.9999999999995062,4.954342156211603e-13
2006-01-17,0,1.0,1.3777938513116289e-18
2006-01-18,0,1.0,2.1163365775628554e-21
2006-01-19,0,0.999999999999833,1.6790596066180728e-13
2006-01-20,0,1.0,1.857577691267511e-26
2006-01-21,1,3.2962461678308937e-52,1.0
2006-01-22,0,0.9999999968855349,3.1144634990648486e-09
2006-01-23,0,1.0,1.4970640224079393e-15
2006-01-24,0,1.0,1.429724250380583e-25
2006-01-25,0,0.9999597648171694,4.023518283051097e-05
2006-01-26,1,2.299292757090742e-10,0.9999999997700701
2006-01-27,0,1.0,4.2276947303012015e-33
2006-01-28,0,1.0,1.3477879790144431e-33
2006-01-29,0,0.9999999999999751,2.4450878796145255e-14
2006-01-30,0,0.9999999999989626,1.0374882674817728e-12
2006-01-31,1,4.185855473996971e-35,1.0
2006-02-01,0,0.9999999999999822,1.928444667506979e-14
2006-02-02,0,0.9999999999994458,5.539905574331399e-13
2006-02-03,0,1.0,2.661119296697971e-16
2006-02-04,1,2.936622647586082e-09,0.9999999970633766
2006-02-05,1,1.027435130633948e-08,0.999999989725648
2006-02-06,0,1.0,7.061432217624346e-16
2006-02-07,0,0.9999999999997762,2.223284411561287e-13
2006-02-08,0,1.0,1.8868510574496514e-15
2006-02-09,0,0.9999999999999929,6.2174676867006225e-15
2006-02-10,0,0.9999999999998543,1.4518565131681903e-13
2006-02-11,0,0.9999991118763631,8.881236376778014e-07
2006-02-12,0,0.999999976547649,2.3452351440488655e-08
2006-02-13,0,0.9999999928966545,7.1033464611532025e-09
2006-02-14,0,0.9999999998125766,1.8742506613416203e-10
2006-02-15,0,0.9999901689269932,9.831073005772725e-06
2006-02-16,0,0.9999999806580038,1.9341997139824557e-08
2006-02-17,0,0.9999999689827459,3.101725380431462e-08
2006-02-18,0,0.9999999076066437,9.239335557892131e-08
2006-02-19,1,3.4120322973006255e-27,1.0
2006-02-20,1,2.5384752806530927e-13,0.999999999999746
2006-02-21,0,0.9999999919990579,8.000941875029953e-09
2006-02-22,0,0.9999999999971223,2.876709474132354e-12
2006-02-23,0,0.9999999984272705,1.5727308527195606e-09
2006-02-24,0,0.9999984973017242,1.5026982746202089e-06
2006-02-25,0,0.999999943088996,5.69110039491344e-08
2006-02-26,0,0.9999999891939524,1.0806046208761002e-08
2006-02-27,0,0.9999999991574064,8.425935633407038e-10
2006-02-28,0,0.9891911549023966,0.010808845097603768
2006-03-01,0,0.8594741610636225,0.14052583893637793
2006-03-02,0,0.999999962879422,3.712057923515757e-08
2006-03-03,0,0.9999999984300274,1.5699728226384324e-09
2006-03-04,0,0.9999999320461607,6.795384090853959e-08
2006-03-05,0,1.0,9.551939873602451e-38
2006-03-06,0,0.9999999999665476,3.345142144960722e-11
2006-03-07,0,0.9999999903952812,9.604720482782203e-09
2006-03-08,0,0.999999999999396,6.049723951463562e-13
2006-03-09,0,1.0,1.403128635242201e-16
2006-03-10,1,2.59637868253237e-75,1.0
2006-03-11,0,1.0,4.634630638562911e-25
2006-03-12,1,3.760784252798031e-07,0.9999996239215744
2006-03-13,1,1.3568315409823682e-32,1.0
2006-03-14,1,1.1338288481014407e-31,1.0
2006-03-15,0,0.9999999998875531,1.124453093559264e-10
2006-03-16,0,1.0,3.3509310472125306e-25
2006-03-17,1,6.344524833401855e-08,0.9999999365547512
2006-03-18,0,1.0,6.882839930448443e-31
2006-03-19,0,1.0,9.438268290964513e-22
2006-03-20,1,1.441244988517926e-19,1.0
2006-03-21,1,0.0076345236893097385,0.9923654763106907
2006-03-22,0,0.9999999999925571,7.4421574423529e-12
2006-03-23,1,1.3801436741685321e-08,0.9999999861985636
2006-03-24,0,0.9999577741608406,4.2225839159366625e-05
2006-03-25,0,0.9999999899707959,1.0029204953401898e-08
2006-03-26,0,0.9999999999999076,9.400995138768897e-14
2006-03-27,0,0.9999999964574862,3.5425122056933066e-09
2006-03-28,0,0.9820030795899506,0.017996920410049064
2006-03-29,0,0.9999994302455615,5.697544397925748e-07
2006-03-30,0,0.9999999967731519,3.226848960873414e-09
2006-03-31,0,0.9999999993206821,6.793188061282076e-10
2006-04-01,0,0.9999998608359196,1.3916407988464048e-07
2006-04-02,0,0.9999999993841264,6.158753788552111e-10
2006-04-03,0,0.9999999999953992,4.600294739291968e-12
2006-04-04,1,1.6950227189131393e-41,1.0
2006-04-05,1,3.5511563763631894e-05,0.9999644884362364
2006-04-06,0,0.9999939570234752,6.042976525401716e-06
2006-04-07,0,0.999999999999968,3.0646816826413675e-14
2006-04-08,0,0.8959744377228545,0.10402556227714539
2006-04-09,0,0.9801925562849995,0.019807443715000563
2006-04-10,0,0.9976719770302468,0.002328022969754591
2006-04-11,0,0.9999805376243203,1.9462375681561883e-05
2006-04-12,0,0.5523790174469876,0.44762098255301197
2006-04-13,0,0.9999559659262045,4.403407379508748e-05
2006-04-14,0,0.9999999960037549,3.996243526233147e-09
2006-04-15,0,1.0,1.6881022125374486e-17
2006-04-16,0,0.9999999842092394,1.579076087917157e-08
2006-04-17,0,0.99999999999892,1.0803978609174024e-12
2006-04-18,0,0.9999999983026377,1.6973609716408782e-09
2006-04-19,0,0.9992963533538606,0.0007036466461383241
2006-04-20,0,0.9999999944191664,5.5808342740285435e-09
2006-04-21,0,0.9999999975251725,2.4748289445606194e-09
2006-04-22,0,0.999998311397076,1.688602925544962e-06
2006-04-23,0,0.9999981951945836,1.8048054162206822e-06
2006-04-24,0,0.9943378145471014,0.005662185452899456
2006-04-25,1,9.838346986835018e-30,1.0
2006-04-26,0,0.9578880861273352,0.04211191387266501
2006-04-27,0,0.9997201050539132,0.0002798949460859845
2006-04-28,0,0.9189531468102939,0.08104685318970663
2006-04-29,0,0.9969847337592832,0.0030152662407150186
2006-04-30,0,0.9999999074681803,9.253181879850718e-08
2006-05-01,0,0.9999999979610088,2.0389901145474284e-09
2006-05-02,1,2.0415823215273564e-05,0.9999795841767849
2006-05-03,0,0.9999993143166966,6.856833043601795e-07
2006-05-04,0,0.9999999917644509,8.235549191120306e-09
2006-05-05,0,0.9999994197335353,5.802664641335416e-07
2006-05-06,1,0.2491674258439076,0.7508325741560931
2006-05-07,0,0.9999999999969553,3.0434710755615954e-12
2006-05-08,0,0.9999843125315251,1.5687468476473076e-05
2006-05-09,0,0.9999999991765876,8.234128824673928e-10
2006-05-10,0,0.9999999007294895,9.927051138234275e-08
2006-05-11,0,0.9999999966456841,3.354314324309562e-09
2006-05-12,0,0.9999999972077589,2.792240050906203e-09
2006-05-13,0,0.9999999999999964,2.000852417299558e-15
2006-05-14,0,0.9999999999971116,2.888872463051313e-12
2006-05-15,0,0.9999999958725638,4.127435003586947e-09
2006-05-16,0,0.9999999992651993,7.347995055024107e-10
2006-05-17,0,0.9999999997938893,2.0610910464303426e-10
2006-05-18,0,0.9984661783960436,0.0015338216039555426
2006-05-19,0,0.9999999996034461,3.9655296060894606e-10
2006-05-20,0,0.9999999999546425,4.535724832888636e-11
2006-05-21,0,0.9999999999991758,8.260463390845776e-13
2006-05-22,0,0.999999999999865,1.356109072457793e-13
2006-05-23,0,0.999999999952923,4.7075620501290475e-11
2006-05-24,0,0.9999999696364097,3.036358962049051e-08
2006-05-25,0,0.9999999966945197,3.3054820378513057e-09
2006-05-26,0,0.9999999990977315,9.022670108471846e-10
2006-05-27,0,0.9999999992978275,7.021743465463104e-10
2006-05-28,0,0.9999999999992859,7.148497239242179e-13
2006-05-29,0,0.9999997909991661,2.090008334439425e-07
2006-05-30,1,0.14655545303162554,0.8534445469683742
2006-05-31,0,0.9999959910020129,4.008997986216728e-06
2006-06-01,0,0.7985032167726609,0.20149678322734002
2006-06-02,0,0.9999998960302127,1.0396978573828381e-07
2006-06-03,0,0.9984303173678152,0.0015696826321843181
2006-06-04,0,0.9999999999499103,5.008842476731404e-11
2006-06-05,0,0.9999665894859698,3.341051402976862e-05
2006-06-06,1,4.463415787733077e-59,1.0
2006-06-07,0,0.9999995768717163,4.2312828473311e-07
2006-06-08,0,0.9999676820255369,3.2317974461546464e-05
2006-06-09,0,0.8707546633321551,0.12924533666784413
2006-06-10,0,0.9999999981566035,1.8433982851368926e-09
2006-06-11,0,1.0,1.9720664721538083e-16
2006-06-12,1,3.1158505153896833e-57,1.0
2006-06-13,0,0.9999999749587655,2.5041233297260334e-08
2006-06-14,1,1.9699661252079386e-08,0.9999999803003379
2006-06-15,0,0.7542581859490733,0.24574181405092674
2006-06-16,0,0.9999999703968858,2.9603115543719545e-08
2006-06-17,0,0.9999999865904563,1.3409542458615152e-08
2006-06-18,0,0.9999999999999183,8.24328341915743e-14
2006-06-19,0,0.9999999888185123,1.1181489457113036e-08
2006-06-20,1,1.9195117122675068e-50,1.0
2006-06-21,1,3.028068167756213e-128,1.0
2006-06-22,1,3.481109128614183e-53,1.0
2006-06-23,1,1.598391816478382e-38,1.0
2006-06-24,1,3.0578523616380733e-53,1.0
2006-06-25,0,0.9999942213058536,5.778694145103465e-06
2006-06-26,1,5.003741885259848e-06,0.9999949962581142
2006-06-27,1,2.9124234090051424e-33,1.0
2006-06-28,1,1.950067712949342e-96,1.0
2006-06-29,1,6.440213247342082e-21,1.0
2006-06-30,1,4.492863350185654e-46,1.0
2006-07-01,1,7.78845597887634e-88,1.0
2006-07-02,1,3.2074413339247166e-05,0.9999679255866607
2006-07-03,1,3.309583644447614e-97,1.0
2006-07-04,1,8.822880053451577e-183,1.0
2006-07-05,1,1.1967972001101679e-111,1.0
2006-07-06,1,4.9753094888614865e-68,1.0
2006-07-07,1,9.820711063924915e-38,1.0
2006-07-08,1,1.906107786718182e-42,1.0
2006-07-09,1,6.307813500300711e-48,1.0
2006-07-10,1,5.558791714481638e-61,1.0
2006-07-11,1,5.385231903616901e-118,1.0
2006-07-12,1,2.593158872908823e-177,1.0
2006-07-13,1,6.283879383168606e-293,1.0
2006-07-14,1,5.391374150555989e-53,1.0
2006-07-15,1,6.879393391770239e-58,1.0
2006-07-16,0,0.9999986358380678,1.3641619311613734e-06
2006-07-17,1,2.8423296312484098e-62,1.0
2006-07-18,1,4.829916513008534e-90,1.0
2006-07-19,1,1.1003170487709837e-58,1.0
2006-07-20,1,2.1281407747987646e-16,1.0
2006-07-21,1,5.270275571632319e-27,1.0
2006-07-22,1,1.3254513207094436e-31,1.0
2006-07-23,0,0.9999999980863237,1.913677101838751e-09
2006-07-24,1,4.164656735209247e-115,1.0
2006-07-25,1,8.842351393446214e-122,1.0
2006-07-26,1,1.7107767137815137e-112,1.0
2006-07-27,1,2.3178192950142207e-206,1.0
2006-07-28,1,4.953342620695484e-14,0.9999999999999503
2006-07-29,1,4.0686046316734595e-50,1.0
2006-07-30,0,0.9981145396814979,0.0018854603185035545
2006-07-31,1,4.553429695845676e-154,1.0
2006-08-01,1,2.8009705475873976e-105,1.0
2006-08-02,1,3.8525128546800887e-31,1.0
2006-08-03,1,2.9715010143871406e-18,1.0
2006-08-04,0,0.9986798987796112,0.0013201012203886244
2006-08-05,0,0.9985486939744429,0.0014513060255555137
2006-08-06,0,0.9999992213501171,7.786498817327708e-07
2006-08-07,1,0.0010956888973398717,0.9989043111026609
2006-08-08,1,2.1527279911885393e-103,1.0
2006-08-09,0,0.9999999723247018,2.767529908823383e-08
2006-08-10,1,9.33136190897778e-25,1.0
2006-08-11,1,3.516132610097248e-09,0.9999999964838668
2006-08-12,0,0.9834548194852394,0.016545180514760595
2006-08-13,0,0.9999999999999964,2.1426438974935504e-15
2006-08-14,0,0.99999999886548,1.1345197762251914e-09
2006-08-15,0,0.9999999996679776,3.32023956708725e-10
2006-08-16,0,1.0,1.5176069602848162e-16
2006-08-17,0,0.9999999999954632,4.535493493453729e-12
2006-08-18,0,0.9999973148009706,2.68519902870654e-06
2006-08-19,1,2.2641438972429914e-20,1.0
2006-08-20,0,1.0,7.209550869971784e-18
2006-08-21,0,1.0,4.35003000059179e-19
2006-08-22,0,0.999999943580727,5.641927237387288e-08
2006-08-23,1,6.806889088292551e-27,1.0
2006-08-24,0,0.9999997976869102,2.0231309060823284e-07
2006-08-25,1,0.027998666046266,0.9720013339537341
2006-08-26,0,0.9999999979803036,2.019697787524367e-09
2006-08-27,0,0.9999999999914309,8.568060141169747e-12
2006-08-28,0,0.9999999898126539,1.01873444617292e-08
2006-08-29,1,1.229588242213546e-25,1.0
2006-08-30,1,1.6685955976406862e-31,1.0
2006-08-31,1,4.095459923564096e-22,1.0
2006-09-01,1,1.706222329342516e-20,1.0
2006-09-02,1,1.3479750935031384e-06,0.9999986520249057
2006-09-03,0,1.0,3.481843507063286e-17
2006-09-04,1,4.655012063664372e-25,1.0
2006-09-05,0,0.9999999987416324,1.2583670684953198e-09
2006-09-06,1,0.008210587914270808,0.9917894120857284
2006-09-07,1,1.184983259247067e-10,0.999999999881501
2006-09-08,0,0.999902674696238,9.732530376065279e-05
2006-09-09,0,0.9999999999980886,1.910467304986561e-12
2006-09-10,0,0.9948789655248169,0.005121034475184231
2006-09-11,0,0.9999985440255313,1.4559744695896717e-06
2006-09-12,1,0.052439719913668754,0.9475602800863318
2006-09-13,0,0.9999999999827054,1.7293304783524366e-11
2006-09-14,0,0.9282421241730424,0.07175787582695868
2006-09-15,0,0.9999999998991314,1.0086829427660913e-10
2006-09-16,0,0.9999999998560227,1.439773518901582e-10
2006-09-17,0,0.9999999999999964,4.531799268305238e-15
2006-09-18,0,0.9999920152173054,7.984782694097944e-06
2006-09-19,1,0.0,1.0
2006-09-20,1,1.4974124541180902e-32,1.0
2006-09-21,0,0.9999999946737326,5.326267236661251e-09
2006-09-22,0,0.9999316486217394,6.835137825960109e-05
2006-09-23,0,0.9999965284443957,3.471555602978491e-06
2006-09-24,0,0.999999998561556,1.4384448362682246e-09
2006-09-25,1,1.7248290771379428e-173,1.0
2006-09-26,0,0.999999999425004,5.749970438503945e-10
2006-09-27,1,1.4716553743665915e-113,1.0
2006-09-28,1,9.536731073474133e-70,1.0
2006-09-29,1,2.302791782410949e-21,1.0
2006-09-30,1,0.12272221047896965,0.8772777895210305
2006-10-01,0,0.9999999999995595,4.3911515069612654e-13
2006-10-02,1,3.992175944849708e-51,1.0
2006-10-03,1,4.84284355685651e-30,1.0
2006-10-04,1,2.390327175864048e-43,1.0
2006-10-05,0,0.9999418014859913,5.819851400996214e-05
2006-10-06,1,0.0001462727411649871,0.9998537272588356
2006-10-07,0,1.0,1.3858224563409252e-16
2006-10-08,0,1.0,2.403049344659022e-28
2006-10-09,0,0.9999999989415649,1.0584362829637574e-09
2006-10-10,0,0.9999999812875375,1.8712460883628447e-08
2006-10-11,0,0.9999977155446621,2.2844553385993295e-06
2006-10-12,0,0.9999999895359402,1.046405973462426e-08
2006-10-13,1,7.869690000654653e-16,1.0
2006-10-14,1,5.713342139060974e-281,1.0
2006-10-15,1,5.928487466347977e-108,1.0
2006-10-16,1,4.122375745851e-311,1.0
2006-10-17,1,0.0,1.0
2006-10-18,1,0.0,1.0
2006-10-19,1,2.196598813538818e-28,1.0
2006-10-20,0,0.9999964573822143,3.5426177848393896e-06
2006-10-21,0,0.9999999666147593,3.338524213771396e-08
2006-10-22,0,0.9999999647059219,3.529407985316824e-08
2006-10-23,0,0.9992954238689526,0.0007045761310471367
2006-10-24,0,0.9837913736882732,0.016208626311728435
2006-10-25,0,0.8687090067872849,0.13129099321271442
2006-10-26,0,0.9999983908795095,1.6091204916705988e-06
2006-10-27,0,0.9999999999868763,1.3124870860759679e-11
2006-10-28,0,0.9999999931954555,6.8045447629177e-09
2006-10-29,0,0.9999999728235206,2.717648088175213e-08
2006-10-30,1,1.3777291593329609e-08,0.9999999862227078
2006-10-31,1,5.699962425809967e-10,0.9999999994300044
2006-11-01,1,0.00036166890616447434,0.999638331093835
2006-11-02,0,0.9999999989189625,1.0810375257196393e-09
2006-11-03,0,0.9999999996600017,3.3999695031408717e-10
2006-11-04,0,0.9999999996440998,3.5589920642145607e-10
2006-11-05,0,0.9999999984922852,1.5077155813996915e-09
2006-11-06,0,0.9999999813132379,1.8686762470362515e-08
2006-11-07,0,0.9999990132095641,9.867904358295525e-07
2006-11-08,0,0.9999999789638603,2.103614039889986e-08
2006-11-09,0,0.9999999999997158,2.853273429036204e-13
2006-11-10,0,0.9999999996169606,3.8303993500528566e-10
2006-11-11,0,0.9999999998184528,1.8154854064583248e-10
2006-11-12,0,0.9999999999364562,6.354290642738369e-11
2006-11-13,0,0.9999999697274764,3.027252371803226e-08
2006-11-14,0,0.9999999980713241,1.9286766642973596e-09
2006-11-15,0,0.9999999996482565,3.5174366022887786e-10
2006-11-16,1,0.3678228768773076,0.6321771231226927
2006-11-17,1,1.5239288305437256e-58,1.0
2006-11-18,1,5.538472009940591e-90,1.0
2006-11-19,1,1.7141737699617475e-82,1.0
2006-11-20,1,9.60047943850219e-162,1.0
2006-11-21,1,5.9137987783219314e-154,1.0
2006-11-22,1,1.6787746564060324e-144,1.0
2006-11-23,1,0.0,1.0
2006-11-24,1,4.387511934612397e-87,1.0
2006-11-25,0,0.9993270335553942,0.0006729664446065262
2006-11-26,1,4.355787549461185e-06,0.9999956442124506
2006-11-27,0,0.9999139224833641,8.607751663628606e-05
2006-11-28,1,8.049288794858091e-11,0.9999999999195079
2006-11-29,0,0.9999993488265086,6.511734920345638e-07
2006-11-30,0,0.9994293417486686,0.000570658251330905
2006-12-01,0,0.9999992445885806,7.554114198246865e-07
2006-12-02,0,0.9999999998920792,1.0792133940085337e-10
2006-12-03,0,0.9999999999999964,5.064374749031345e-15
2006-12-04,0,0.9999892931699951,1.0706830005729225e-05
2006-12-05,0,0.9999999956796017,4.320397477253569e-09
2006-12-06,0,0.9999999945282099,5.471791510964196e-09
2006-12-07,1,4.4708479225232575e-17,1.0
2006-12-08,1,4.922488992654109e-05,0.9999507751100731
2006-12-09,0,0.9999993952773724,6.047226263219395e-07
2006-12-10,1,1.7085150568284228e-14,0.9999999999999822
2006-12-11,1,1.2085177208307628e-93,1.0
2006-12-12,1,1.689241842209803e-14,0.999999999999984
2006-12-13,0,0.9999999990456132,9.54387564149877e-10
2006-12-14,0,0.9625950448967463,0.03740495510325458
2006-12-15,0,0.995820367879832,0.0041796321201691385
2006-12-16,0,1.0,3.1907160428216644e-16
2006-12-17,0,0.9999999999979252,2.0755608376170664e-12
2006-12-18,0,0.9999999534928901,4.6507110540468115e-08
2006-12-19,0,0.9999999999999964,4.7032028530821204e-15
2006-12-20,0,0.9999999999990337,9.654081482119037e-13
2006-12-21,0,0.9999999999998899,1.1171409832578232e-13
2006-12-22,0,1.0,6.487002101687265e-16
2006-12-23,0,1.0,3.1662884413407787e-38
2006-12-24,0,1.0,4.5137432772927475e-24
2006-12-25,1,1.1581600457969854e-08,0.9999999884184003
2006-12-26,0,0.9999999999638582,3.6141895519433726e-11
2006-12-27,0,0.9999999904624559,9.537545509067901e-09
2006-12-28,0,0.9999999999996696,3.293707420398459e-13
2006-12-29,0,0.9999999999328928,6.710576608526894e-11
2006-12-30,0,0.9999999999998614,1.38652712092351e-13
2006-12-31,0,0.9999999999999893,1.0268939880840471e-14
2007-01-01,0,1.0,1.1718105306232621e-36
2007-01-02,0,0.9999999999992752,7.259878861003421e-13
2007-01-03,0,0.9999999999273896,7.260870366386195e-11
2007-01-04,0,0.9999999999951008,4.900605579533554e-12
2007-01-05,0,1.0,2.0525084583849065e-23
2007-01-06,0,1.0,7.555474622773671e-16
2007-01-07,0,1.0,9.991334311314242e-28
2007-01-08,0,1.0,1.29634770983061e-36
2007-01-09,0,1.0,1.2661550875032274e-16
2007-01-10,0,0.9999999999995097,4.894638632162275e-13
2007-01-11,0,0.9999999999984297,1.5688205852812392e-12
2007-01-12,0,1.0,4.5298378477501596e-17
2007-01-13,0,1.0,1.0436486518504147e-19
2007-01-14,0,1.0,1.398698923913252e-15
2007-01-15,1,1.172005727393725e-26,1.0
2007-01-16,0,0.999999948443429,5.155657164414333e-08
2007-01-17,0,0.999999998799268,1.2007331360156207e-09
2007-01-18,0,0.9999999939853694,6.014630435608077e-09
2007-01-19,0,0.9999999989036006,1.0964001839172745e-09
2007-01-20,0,0.9999999999999218,7.757521670773474e-14
2007-01-21,1,5.581274923068261e-11,0.9999999999441869
2007-01-22,1,9.178652620044574e-267,1.0
2007-01-23,0,0.9999997755553952,2.2444460553673703e-07
2007-01-24,0,0.9999999727199199,2.728008105700378e-08
2007-01-25,0,0.9997530634347981,0.0002469365652006587
2007-01-26,0,0.9766927092680865,0.023307290731913972
2007-01-27,0,0.9999999280722623,7.192773858160008e-08
2007-01-28,0,0.9999999936192658,6.380734521952684e-09
2007-01-29,0,0.9999999999999751,2.4333280740849254e-14
2007-01-30,0,0.9999999617428842,3.825711744344164e-08
2007-01-31,1,3.193438963069293e-05,0.9999680656103691
2007-02-01,0,0.9999999999906137,9.386092007586227e-12
2007-02-02,0,0.9999999999983693,1.6318280270999244e-12
2007-02-03,0,1.0,4.05623674424295e-31
2007-02-04,0,1.0,4.309822132173263e-19
2007-02-05,0,0.9999999999815685,1.8429918510516386e-11
2007-02-06,0,0.9999999999999893,1.1284696648974226e-14
2007-02-07,0,0.9999999999999929,7.202268260014165e-15
2007-02-08,0,1.0,1.1462846545619241e-19
2007-02-09,0,1.0,1.5377223839486338e-25
2007-02-10,0,1.0,2.982483142676411e-16
2007-02-11,0,1.0,1.9946067299503313e-22
2007-02-12,0,0.999999859767292,1.4023270879224117e-07
2007-02-13,0,1.0,1.1479787731472333e-19
2007-02-14,0,0.999999999999293,7.08391444880467e-13
2007-02-15,1,1.202005894378541e-132,1.0
2007-02-16,0,0.9999999999923439,7.654602284750289e-12
2007-02-17,0,0.9999996694914137,3.3050858483592375e-07
2007-02-18,0,0.9999999999996803,3.2153701636642e-13
2007-02-19,0,0.9999999999999822,1.6147138650593468e-14
2007-02-20,1,3.0359799784720685e-33,1.0
2007-02-21,0,0.9999939473398879,6.0526601115326985e-06
2007-02-22,1,6.0459579445472145e-09,0.9999999939540416
2007-02-23,0,0.9999999999964402,3.561181649792743e-12
2007-02-24,0,0.9999999999999112,8.915555543105499e-14
2007-02-25,0,0.9999999999999964,4.3109521145682146e-15
2007-02-26,0,1.0,3.416570300562889e-16
2007-02-27,0,0.9999999999999218,7.977048944231782e-14
2007-02-28,0,1.0,4.2299595229652755e-21
2007-03-01,0,1.0,2.1082015277052086e-19
2007-03-02,1,3.503641459606572e-22,1.0
2007-03-03,0,0.9999999995062971,4.937043950838951e-10
2007-03-04,0,0.9999999999998828,1.1635857860497295e-13
2007-03-05,1,7.495035434135753e-21,1.0
2007-03-06,0,0.9999999997977902,2.0220842141107178e-10
2007-03-07,0,1.0,1.1953684590938627e-15
2007-03-08,0,1.0,5.069786996276566e-17
2007-03-09,1,6.857472888171242e-10,0.9999999993142534
2007-03-10,0,0.999999999998554,1.4467677108575337e-12
2007-03-11,0,0.99999999953409,4.659114129181254e-10
2007-03-12,0,0.9999999999998579,1.4204489702462873e-13
2007-03-13,1,1.1920130701762578e-205,1.0
2007-03-14,0,0.9999999999999964,5.1153706690209085e-15
2007-03-15,0,0.999945001421974,5.4998578025822964e-05
2007-03-16,0,1.0,1.4970995781192981e-19
2007-03-17,0,1.0,4.457594143001073e-17
2007-03-18,0,1.0,4.3389590769671223e-23
2007-03-19,0,1.0,1.360540564156589e-25
2007-03-20,0,0.9999999999922515,7.749272998278357e-12
2007-03-21,1,3.896186841949544e-14,0.9999999999999609
2007-03-22,0,0.999999999982311,1.7689546742700058e-11
2007-03-23,0,1.0,1.0687365128629852e-16
2007-03-24,0,1.0,2.0618126797519844e-16
2007-03-25,0,1.0,1.362718228035258e-32
2007-03-26,1,2.935738063880959e-11,0.9999999999706422
2007-03-27,1,8.121538838799619e-62,1.0
2007-03-28,1,7.541995829577497e-115,1.0
2007-03-29,0,1.0,1.3800664387926326e-15
2007-03-30,0,1.0,2.7761878560405943e-24
2007-03-31,0,1.0,4.658725390216715e-24
2007-04-01,1,0.010766414398779824,0.9892335856012202
2007-04-02,0,1.0,2.7099073611632274e-17
2007-04-03,0,1.0,7.284129891667308e-17
2007-04-04,0,1.0,1.7646809013136763e-20
2007-04-05,0,1.0,2.0102255135009692e-24
2007-04-06,0,0.9999999999999183,8.011946705775005e-14
2007-04-07,1,8.099742298826251e-07,0.9999991900257695
2007-04-08,0,0.9999999971467552,2.8532451573365386e-09
2007-04-09,0,0.9999999325428264,6.745717426950491e-08
2007-04-10,0,1.0,7.551542693126177e-21
2007-04-11,0,1.0,3.8268020435380417e-28
2007-04-12,0,1.0,3.371917976687243e-29
2007-04-13,0,1.0,1.859349021239879e-36
2007-04-14,0,1.0,8.992202311859045e-37
2007-04-15,0,1.0,5.262017704158025e-18
2007-04-16,0,0.9999999999996341,3.667622811145929e-13
2007-04-17,0,0.9999999999999787,2.0249584775990578e-14
2007-04-18,0,1.0,2.997316992337901e-22
2007-04-19,0,0.9999999999999929,5.984539262655272e-15
2007-04-20,0,1.0,1.87317176146619e-16
2007-04-21,0,1.0,1.0766828240625066e-16
2007-04-22,0,1.0,1.15189251522816e-22
2007-04-23,1,7.842866012539256e-42,1.0
2007-04-24,0,1.0,1.248337046271846e-20
2007-04-25,0,0.99999999958305,4.169501111062076e-10
2007-04-26,1,3.144024151172174e-138,1.0
2007-04-27,0,0.9999982158933561,1.7841066446810805e-06
2007-04-28,0,0.9999636898547364,3.631014526384174e-05
2007-04-29,0,0.999999548588568,4.5141143110416705e-07
2007-04-30,0,0.9999999993705835,6.294171920463864e-10
2007-05-01,0,1.0,7.142592677028041e-22
2007-05-02,0,0.9999999991140882,8.859119054324087e-10
2007-05-03,1,1.1291561822509067e-83,1.0
2007-05-04,0,0.9999998316493866,1.6835061502153113e-07
2007-05-05,0,0.9999999989848867,1.015112869071865e-09
2007-05-06,0,0.9999999998247198,1.752797265911047e-10
2007-05-07,0,0.9999999999789608,2.103911913354119e-11
2007-05-08,0,0.9999999999969909,3.010889533396512e-12
2007-05-09,0,0.9999999999999716,2.858855895559826e-14
2007-05-10,1,5.143605213258035e-28,1.0
2007-05-11,1,2.4097949251552784e-20,1.0
2007-05-12,0,0.9999999999999432,5.675450020213586e-14
2007-05-13,0,0.9999999999999467,5.395046562532558e-14
2007-05-14,0,0.9999999331528131,6.684718665880022e-08
2007-05-15,0,0.9999999999916511,8.348713156854937e-12
2007-05-16,0,0.9999999986750581,1.3249411775729399e-09
2007-05-17,0,0.999999990883893,9.116106382477002e-09
2007-05-18,0,1.0,8.933407523363878e-16
2007-05-19,0,1.0,4.613893920238355e-16
2007-05-20,0,1.0,1.4595861930684387e-19
2007-05-21,0,1.0,2.0824875664358322e-26
2007-05-22,0,0.9999999344005402,6.559946140270063e-08
2007-05-23,1,1.5196642730059325e-27,1.0
2007-05-24,0,0.9999999624861153,3.751388398482732e-08
2007-05-25,0,0.9999999943643445,5.635654423705355e-09
2007-05-26,1,6.316382465732953e-11,0.9999999999368363
2007-05-27,0,0.9999904595271015,9.540472900024397e-06
2007-05-28,1,0.0776693147840844,0.9223306852159157
2007-05-29,1,3.1752713290921194e-27,1.0
2007-05-30,1,3.2039879614236754e-20,1.0
2007-05-31,0,0.9999999959171753,4.0828259512997555e-09
2007-06-01,0,1.0,9.15269119368598e-18
2007-06-02,1,8.587903604068248e-25,1.0
2007-06-03,0,1.0,7.938008896392202e-25
2007-06-04,1,2.3326634542502247e-41,1.0
2007-06-05,0,0.9999999967137256,3.286274839963353e-09
2007-06-06,1,2.6897938637457723e-09,0.9999999973102067
2007-06-07,1,3.6494307234083303e-40,1.0
2007-06-08,0,1.0,4.672768286584796e-16
2007-06-09,0,0.9999999999999964,4.53238835378176e-15
2007-06-10,0,0.9999999999998828,1.169878092934325e-13
2007-06-11,0,0.9999999987005666,1.2994352819707856e-09
2007-06-12,0,0.999999999387601,6.124002389478177e-10
2007-06-13,0,0.9995967599738508,0.0004032400261498365
2007-06-14,0,0.9999861671623123,1.3832837685898131e-05
2007-06-15,0,1.0,4.0516907743541044e-16
2007-06-16,0,0.9999999999997904,2.0802319360221044e-13
2007-06-17,0,1.0,6.086869696644106e-38
2007-06-18,0,0.999999998784606,1.2153939729297145e-09
2007-06-19,1,5.143034263240992e-78,1.0
2007-06-20,1,4.5047585783596475e-42,1.0
2007-06-21,0,0.9999999985164969,1.483502132084319e-09
2007-06-22,0,0.9999999995436006,4.563995556669817e-10
2007-06-23,0,1.0,4.4305567066452865e-17
2007-06-24,0,1.0,6.259007278295065e-17
2007-06-25,0,1.0,9.203288464788135e-19
2007-06-26,0,1.0,8.032864483834862e-17
2007-06-27,0,0.999999999580421,4.19578362358174e-10
2007-06-28,1,3.7852838772058634e-45,1.0
2007-06-29,1,2.69095528864394e-96,1.0
2007-06-30,1,2.090838421079321e-24,1.0
2007-07-01,0,0.9999999999977014,2.298799356986957e-12
2007-07-02,0,0.9999999934487214,6.551279152761162e-09
2007-07-03,0,0.9999999998100684,1.8993232096035287e-10
2007-07-04,0,0.9999999999986677,1.3341023219392137e-12
2007-07-05,0,0.9999999999999751,2.40176547468434e-14
2007-07-06,1,2.497165830580652e-61,1.0
2007-07-07,0,0.9999999817689905,1.8231010197122285e-08
2007-07-08,0,1.0,2.3792262294164678e-20
2007-07-09,0,0.9999999999985079,1.4916322590252932e-12
2007-07-10,0,0.9999999999946922,5.30822370262985e-12
2007-07-11,0,0.9999993682309352,6.317690636853887e-07
2007-07-12,0,1.0,1.2174294091809593e-15
2007-07-13,0,1.0,9.605518914781494e-17
2007-07-14,0,1.0,5.1844446070388055e-20
2007-07-15,0,1.0,5.02534955720022e-34
2007-07-16,0,1.0,5.856833927080731e-17
2007-07-17,0,0.9999999750252296,2.4974769514318822e-08
2007-07-18,0,0.9999999948715868,5.128413508264061e-09
2007-07-19,0,1.0,1.4079041968908126e-16
2007-07-20,0,1.0,2.404059520373884e-19
2007-07-21,0,1.0,1.4983401240804072e-28
2007-07-22,0,1.0,4.348644994570272e-28
2007-07-23,0,1.0,3.9895740077201573e-20
2007-07-24,0,1.0,4.172075926601045e-24
2007-07-25,0,1.0,1.5721793793724314e-34
2007-07-26,0,1.0,1.2154042878134261e-36
2007-07-27,0,1.0,1.2729726201050427e-18
2007-07-28,0,1.0,2.639462642212457e-33
2007-07-29,0,1.0,1.2869445469360399e-39
2007-07-30,0,0.9999999999997513,2.4918749720962736e-13
2007-07-31,0,0.9999999999836149,1.6383353513458448e-11
2007-08-01,0,0.999999999770548,2.2945292760871116e-10
2007-08-02,0,0.9999999997844284,2.1557251410018726e-10
2007-08-03,0,1.0,1.459221888534028e-16
2007-08-04,0,1.0,4.474689191993521e-19
2007-08-05,0,1.0,7.998838745612346e-17
2007-08-06,0,0.9999609720148244,3.902798517533211e-05
2007-08-07,0,0.9999999999999751,2.595039652156493e-14
2007-08-08,1,6.7932573814050795e-25,1.0
2007-08-09,0,0.8537433450271489,0.1462566549728524
2007-08-10,0,0.9999999628653213,3.713467762432051e-08
2007-08-11,0,0.9999996188806237,3.811193780617728e-07
2007-08-12,0,0.999999944971927,5.5028074415730565e-08
2007-08-13,1,2.763405858020102e-40,1.0
2007-08-14,1,6.104788657950826e-94,1.0
2007-08-15,1,1.1788159962257057e-19,1.0
2007-08-16,1,1.9853219227526197e-22,1.0
2007-08-17,0,0.9999999999649489,3.504941522696855e-11
2007-08-18,0,0.9999998002696757,1.9973032449169785e-07
2007-08-19,0,1.0,1.386201175130053e-20
2007-08-20,0,0.9999946611944261,5.338805573225351e-06
2007-08-21,1,1.4380635905701414e-60,1.0
2007-08-22,1,1.439421773571738e-15,0.9999999999999982
2007-08-23,1,0.056868124306144845,0.9431318756938548
2007-08-24,0,0.9999999999999964,4.2481483877409245e-15
2007-08-25,0,0.9999999999771632,2.2837485353724904e-11
2007-08-26,0,0.9999999997629416,2.3705844775500315e-10
2007-08-27,0,0.9999999842962809,1.5703719860983225e-08
2007-08-28,0,0.9979255757786539,0.0020744242213475133
2007-08-29,0,0.9999999979079846,2.092016445572276e-09
2007-08-30,1,0.4158819395550128,0.5841180604449864
2007-08-31,0,0.9999999999973355,2.664299595918852e-12
2007-09-01,0,0.9999999981046805,1.8953186899156563e-09
2007-09-02,0,0.9999999943620459,5.637954631809949e-09
2007-09-03,1,0.20779310035004064,0.7922068996499593
2007-09-04,1,2.5747909400321306e-10,0.9999999997425206
2007-09-05,0,0.999517775586958,0.00048222441304265434
2007-09-06,0,0.99999997459884,2.5401158735355426e-08
2007-09-07,1,1.983604827966216e-23,1.0
2007-09-08,0,0.9993989564285177,0.0006010435714819078
2007-09-09,0,0.999999999999428,5.735277833910734e-13
2007-09-10,0,1.0,2.24680779904261e-16
2007-09-11,0,0.9999999999999964,3.443925506043123e-15
2007-09-12,0,0.999998772581936,1.2274180629331251e-06
2007-09-13,0,0.9999999972249043,2.7750941295212975e-09
2007-09-14,0,0.9999999999476827,5.2315641692284073e-11
2007-09-15,1,6.937702989200853e-17,1.0
2007-09-16,0,1.0,1.2625259353314747e-30
2007-09-17,1,2.191392054781326e-19,1.0
2007-09-18,0,0.9999999219477077,7.805229146618225e-08
2007-09-19,0,0.9999999844206046,1.557939494496844e-08
2007-09-20,0,0.9999999012624747,9.873752580840491e-08
2007-09-21,1,2.5962572870889222e-45,1.0
2007-09-22,0,0.9999999999994706,5.290261379046392e-13
2007-09-23,0,0.9999999979642311,2.0357678617176383e-09
2007-09-24,0,0.9999999959949939,4.005006473619643e-09
2007-09-25,1,1.1087010838068241e-187,1.0
2007-09-26,1,0.1888539989981199,0.8111460010018797
2007-09-27,0,0.9999998902056102,1.0979438822076135e-07
2007-09-28,0,0.9999998828645855,1.1713541559917134e-07
2007-09-29,0,0.9999999888536273,1.1146372327430231e-08
2007-09-30,0,0.999999995919314,4.080686447581556e-09
2007-10-01,1,8.103453974319202e-06,0.9999918965460254
2007-10-02,1,3.446428471524851e-09,0.9999999965535711
2007-10-03,1,0.14685045073503963,0.8531495492649604
2007-10-04,0,0.9999980189892821,1.9810107164761715e-06
2007-10-05,0,0.9999999997374438,2.625570021197274e-10
2007-10-06,0,0.9999999999887308,1.1268850058595519e-11
2007-10-07,1,2.9778683774500615e-75,1.0
2007-10-08,0,0.999999999998586,1.4146709455812807e-12
2007-10-09,1,2.6457733694926005e-11,0.9999999999735429
2007-10-10,0,0.9999818486686801,1.8151331321149132e-05
2007-10-11,1,1.4959794025932987e-07,0.9999998504020594
2007-10-12,0,0.9999994605387242,5.394612752366906e-07
2007-10-13,0,0.9999999999996447,3.5591004028679245e-13
2007-10-14,0,0.9999999998413536,1.5864642051233382e-10
2007-10-15,0,0.9999998300648267,1.6993517299465322e-07
2007-10-16,0,0.9999986957841799,1.3042158184643082e-06
2007-10-17,1,1.4835428258443392e-81,1.0
2007-10-18,0,0.9999999996443485,3.556498516166984e-10
2007-10-19,1,1.2308086396139634e-06,0.9999987691913599
2007-10-20,0,0.9999999999999041,9.711202323935783e-14
2007-10-21,0,0.9999999999904929,9.508477706227996e-12
2007-10-22,0,1.0,5.989230795347441e-22
2007-10-23,0,0.9999999948379674,5.162034126505902e-09
2007-10-24,0,0.9999999987440304,1.2559713963935932e-09
2007-10-25,0,0.9999999838573715,1.6142627705162497e-08
2007-10-26,0,0.9999999999967244,3.276358906744436e-12
2007-10-27,0,1.0,7.087509428583043e-20
2007-10-28,0,1.0,1.7242388980304378e-17
2007-10-29,0,0.9999999999999893,1.2081251493211616e-14
2007-10-30,0,0.9999911855441064,8.814455892736845e-06
2007-10-31,0,0.9999999998542641,1.457361657830202e-10
2007-11-01,0,0.9999999974520506,2.5479478437299493e-09
2007-11-02,0,0.9999999851641697,1.483583115516336e-08
2007-11-03,0,0.9999999423625655,5.7637436013503785e-08
2007-11-04,0,0.9999999998606484,1.3935043039542947e-10
2007-11-05,0,0.9999741539540026,2.5846045997516478e-05
2007-11-06,1,1.1947270484710813e-133,1.0
2007-11-07,1,1.8377715777479733e-29,1.0
2007-11-08,1,1.7638733275521254e-104,1.0
2007-11-09,1,4.4059568986993735e-31,1.0
2007-11-10,0,0.9999998717548639,1.2824513670444155e-07
2007-11-11,0,1.0,1.9038049901604045e-17
2007-11-12,0,0.9999996362410521,3.637589476060106e-07
2007-11-13,1,8.735185624603669e-49,1.0
2007-11-14,1,0.000164336807261427,0.9998356631927392
2007-11-15,0,0.9995201761344004,0.0004798238655985495
2007-11-16,1,1.459403303564011e-14,0.9999999999999858
2007-11-17,0,0.9999979178946607,2.0821053387754274e-06
2007-11-18,0,0.9999999955274212,4.472579358593998e-09
2007-11-19,1,1.979778816445122e-28,1.0
2007-11-20,1,4.303118397549214e-42,1.0
2007-11-21,0,0.996761291683793,0.003238708316206632
2007-11-22,0,0.9999999326972664,6.730273369484827e-08
2007-11-23,0,0.9999999999870219,1.2977390807234888e-11
2007-11-24,0,0.9999999999987423,1.2570011977424313e-12
2007-11-25,0,0.9999998873864576,1.1261354167744653e-07
2007-11-26,1,5.6389978683187435e-139,1.0
2007-11-27,0,0.9999299239289124,7.00760710887765e-05
2007-11-28,0,0.9999139603767752,8.603962322610422e-05
2007-11-29,0,0.9999999721339282,2.7866070488959654e-08
2007-11-30,0,0.9999999999996092,3.880454738124079e-13
2007-12-01,0,1.0,3.939067683297611e-34
2007-12-02,0,1.0,2.6471823861508167e-16
2007-12-03,0,0.9999999976148075,2.385193977865339e-09
2007-12-04,0,0.999999999998888,1.1108003275002813e-12
2007-12-05,0,0.9999999935344377,6.465561954764722e-09
2007-12-06,0,0.9999999989269526,1.0730475279155842e-09
2007-12-07,0,0.999999999999929,7.0888047921548e-14
2007-12-08,0,0.9999999999999645,3.418736909723593e-14
2007-12-09,0,0.9999999999999964,2.3546882021501918e-15
2007-12-10,0,0.9999999983264303,1.673570924436811e-09
2007-12-11,0,0.9999999999989555,1.044628462778782e-12
2007-12-12,0,0.9999999999999645,3.430688228623513e-14
2007-12-13,0,0.9999999999868834,1.3117034365633734e-11
2007-12-14,0,1.0,1.792496639169425e-16
2007-12-15,0,1.0,9.668527027227934e-29
2007-12-16,0,1.0,8.490790439357342e-19
2007-12-17,0,0.9999999997026663,2.973353912268528e-10
2007-12-18,0,0.9999999857545312,1.4245470210526999e-08
2007-12-19,0,1.0,1.1139197277767766e-15
2007-12-20,1,0.0013300616534617307,0.9986699383465385
2007-12-21,0,0.9999999808420521,1.915794846738014e-08
2007-12-22,0,1.0,1.6142826170515926e-33
2007-12-23,1,4.5978852162959254e-83,1.0
2007-12-24,0,0.9999999996628972,3.3710218591003187e-10
2007-12-25,1,5.2907760378116e-81,1.0
2007-12-26,1,2.150811878738164e-33,1.0
2007-12-27,1,3.592431274443868e-13,0.9999999999996412
2007-12-28,0,0.9999999999999929,6.521709842919622e-15
2007-12-29,0,0.9999999999828972,1.710152809025729e-11
2007-12-30,0,1.0,1.2339617237134853e-32
2007-12-31,0,1.0,1.4654140220006828e-25
2008-01-01,0,0.999999999999261,7.385067800829758e-13
2008-01-02,0,0.9999999999999964,3.0472382175109893e-15
2008-01-03,0,1.0,1.3762282621284264e-16
2008-01-04,0,1.0,4.5602586447752394e-23
2008-01-05,0,1.0,4.503238594545958e-18
2008-01-06,0,1.0,1.0911315613681964e-35
2008-01-07,0,1.0,5.269033428553801e-33
2008-01-08,0,1.0,3.631214737936309e-23
2008-01-09,0,1.0,8.09442147427567e-22
2008-01-10,0,1.0,2.6159721100604934e-17
2008-01-11,1,8.961577031307082e-77,1.0
2008-01-12,0,1.0,8.17589635178244e-16
2008-01-13,0,0.9999999999999751,2.418496729546866e-14
2008-01-14,0,0.9999999999999751,2.4704530645391918e-14
2008-01-15,0,0.9999999645890376,3.541096118593383e-08
2008-01-16,0,0.9999999999999893,1.0321855201583805e-14
2008-01-17,0,0.9999999999982201,1.7811487302650103e-12
2008-01-18,0,0.9999999999999609,3.9127759163000334e-14
2008-01-19,0,1.0,2.7907690448745268e-27
2008-01-20,0,1.0,6.203250698495358e-17
2008-01-21,0,0.9999999999979963,2.0036705152487834e-12
2008-01-22,0,0.9999999990332462,9.667555619526028e-10
2008-01-23,0,0.9999974507461205,2.549253881262044e-06
2008-01-24,0,0.9999999999999964,2.6291943179013228e-15
2008-01-25,0,0.9999999999754969,2.4504415581933793e-11
2008-01-26,0,1.0,6.139914887004631e-33
2008-01-27,0,0.9999999999598366,4.016233839006721e-11
2008-01-28,0,1.0,1.743170736044237e-15
2008-01-29,1,7.913389029180656e-130,1.0
2008-01-30,0,0.9999999999963869,3.6143429062193616e-12
2008-01-31,0,0.9999999999999893,1.0563332840275195e-14
2008-02-01,0,0.9999999999177973,8.220357825656504e-11
2008-02-02,1,2.4756602110552864e-18,1.0
2008-02-03,0,1.0,5.051639372108481e-24
2008-02-04,0,1.0,1.822155680590894e-18
2008-02-05,0,0.9999997267101701,2.732898311489482e-07
2008-02-06,0,0.9999999948702332,5.129767326309295e-09
2008-02-07,0,0.9999999999999574,4.385073982314551e-14
2008-02-08,0,1.0,3.3605912871797954e-16
2008-02-09,0,0.9999999999999822,1.7813691097393676e-14
2008-02-10,0,1.0,6.970913008717575e-34
2008-02-11,0,0.999999999741334,2.586671213255066e-10
2008-02-12,0,0.9999999999999325,6.909084741663974e-14
2008-02-13,0,1.0,1.814387378498015e-16
2008-02-14,0,1.0,1.2200333942360172e-16
2008-02-15,0,1.0,6.718514675998239e-17
2008-02-16,0,1.0,4.981391623516812e-22
2008-02-17,0,1.0,1.54375662008867e-28
2008-02-18,0,0.9999999998745785,1.2542228254391466e-10
2008-02-19,1,9.51509735413244e-21,1.0
2008-02-20,1,6.058246455680231e-119,1.0
2008-02-21,0,0.9999999999999787,2.0882241126883015e-14
2008-02-22,1,4.999319897049701e-74,1.0
2008-02-23,0,0.9999999999997335,2.6640087352671414e-13
2008-02-24,0,1.0,8.601331057521774e-21
2008-02-25,0,0.9999999999307789,6.922102646857928e-11
2008-02-26,0,0.9889671555540449,0.011032844445954999
2008-02-27,0,0.9999999999999964,2.25727985482087e-15
2008-02-28,0,1.0,3.8428012424073916e-17
2008-02-29,0,1.0,4.1680455286677524e-17
2008-03-01,0,0.9999999999892673,1.0732304258526935e-11
2008-03-02,0,0.9999999999999574,4.2619983163378996e-14
2008-03-03,0,0.9999999999999574,4.1405112793954814e-14
2008-03-04,0,0.9999999997391527,2.60847529666562e-10
2008-03-05,0,0.9999999997319868,2.6801433654119394e-10
2008-03-06,0,0.999999999999531,4.700615836566545e-13
2008-03-07,0,0.9999999999992433,7.562292479156786e-13
2008-03-08,0,0.9999998746123077,1.2538769266576735e-07
2008-03-09,1,5.011007166510518e-75,1.0
2008-03-10,0,0.9999999988501145,1.1498864339450982e-09
2008-03-11,0,0.9999999713629824,2.86370174393974e-08
2008-03-12,1,8.811507064523488e-84,1.0
2008-03-13,1,1.9519442720294517e-85,1.0
2008-03-14,1,2.119938130046774e-17,1.0
2008-03-15,1,1.3071994397378283e-48,1.0
2008-03-16,1,2.036583775598336e-124,1.0
2008-03-17,0,0.9999999996302726,3.697261957190145e-10
2008-03-18,0,0.9999999999802291,1.9770682545650624e-11
2008-03-19,0,1.0,1.4317435050030045e-20
2008-03-20,0,1.0,1.9402845965173894e-16
2008-03-21,0,0.9999999950941181,4.905881197931359e-09
2008-03-22,0,0.9999999999978009,2.198928871823842e-12
2008-03-23,1,1.8515701555921696e-56,1.0
2008-03-24,0,0.9999999998901323,1.0986725897201447e-10
2008-03-25,0,0.9998316295081822,0.0001683704918178997
2008-03-26,0,0.9999962305774293,3.7694225715197882e-06
2008-03-27,0,0.9999999235796715,7.642032687317161e-08
2008-03-28,0,0.9999999920617775,7.938224181816213e-09
2008-03-29,0,1.0,1.5405270950243874e-36
2008-03-30,0,0.9999999999999929,9.24726744479582e-15
2008-03-31,0,0.9999999998457554,1.5424505315507906e-10
2008-04-01,0,0.9999999987973602,1.2026381227083388e-09
2008-04-02,0,0.9999999995691979,4.3080361293186926e-10
2008-04-03,0,0.999999978041757,2.1958243848455706e-08
2008-04-04,0,0.9999999895470424,1.0452956121798625e-08
2008-04-05,0,1.0,3.435179726970878e-27
2008-04-06,0,0.9999999999999716,2.92862684075054e-14
2008-04-07,0,1.0,3.2689761313464755e-16
2008-04-08,0,0.9999999996652598,3.347400951597113e-10
2008-04-09,0,0.9999999999999929,6.537713916647071e-15
2008-04-10,0,0.9999999990334558,9.665439932825062e-10
2008-04-11,0,0.9999999999979181,2.082216277037582e-12
2008-04-12,0,0.9999999999999929,6.956886359721941e-15
2008-04-13,1,2.0289891609217137e-27,1.0
2008-04-14,1,2.336463775250187e-47,1.0
2008-04-15,1,1.887119677245804e-19,1.0
2008-04-16,1,2.5598634283931172e-85,1.0
2008-04-17,1,3.0912408417585883e-77,1.0
2008-04-18,1,1.3896074126617154e-77,1.0
2008-04-19,1,1.468080762217642e-72,1.0
2008-04-20,0,0.9999990504466144,9.495533840534144e-07
2008-04-21,1,4.022459438414857e-125,1.0
2008-04-22,1,3.0405519607152835e-137,1.0
2008-04-23,1,7.959099450713937e-58,1.0
2008-04-24,1,1.0441966987521649e-69,1.0
2008-04-25,1,1.4376863588043842e-22,1.0
2008-04-26,1,2.4091536769049397e-34,1.0
2008-04-27,1,1.3063486086763058e-13,0.9999999999998703
2008-04-28,1,5.371893884841554e-175,1.0
2008-04-29,1,1.0581153189419531e-91,1.0
2008-04-30,1,2.454271727965849e-28,1.0
2008-05-01,1,1.1846911519330295e-05,0.9999881530884809
2008-05-02,1,6.017505023567606e-31,1.0
2008-05-03,1,5.585202240180199e-27,1.0
2008-05-04,1,0.0004356903877379932,0.999564309612262
2008-05-05,0,0.9999995219064465,4.780935523800001e-07
2008-05-06,1,0.0,1.0
2008-05-07,1,2.2100594130131658e-14,0.9999999999999787
2008-05-08,0,0.9999999871037879,1.2896213251408241e-08
2008-05-09,0,0.999999748982638,2.5101736034181187e-07
2008-05-10,0,0.9999999721398755,2.786012272508138e-08
2008-05-11,0,0.9999999997471001,2.5290109526923705e-10
2008-05-12,1,0.012559981146524013,0.9874400188534762
2008-05-13,0,0.9999999985584367,1.4415649155554729e-09
2008-05-14,0,0.6189145610673145,0.381085438932685
2008-05-15,0,0.978312522782429,0.021687477217571464
2008-05-16,0,0.999999998671381,1.3286194699944716e-09
2008-05-17,0,0.9996112213525121,0.00038877864748871363
2008-05-18,0,0.9999999977899208,2.210079312357876e-09
2008-05-19,0,0.9999999996923918,3.076091617693194e-10
2008-05-20,0,0.9997776918643643,0.000222308135635729
2008-05-21,0,0.9999999994708553,5.291463332637837e-10
2008-05-22,0,0.9999999978381631,2.161836944647655e-09
2008-05-23,0,0.9999999768291625,2.3170838055716753e-08
2008-05-24,1,1.0767966888954319e-14,0.9999999999999893
2008-05-25,1,6.336801502559182e-19,1.0
2008-05-26,1,1.132414286153073e-27,1.0
2008-05-27,1,2.2756e-319,1.0
2008-05-28,1,2.302158649054411e-133,1.0
2008-05-29,1,5.227834710939013e-79,1.0
2008-05-30,1,4.946078823136059e-159,1.0
2008-05-31,1,1.910488248342222e-96,1.0
2008-06-01,0,0.9999996796327062,3.203672947471265e-07
2008-06-02,1,7.305276437872615e-05,0.9999269472356208
2008-06-03,1,3.906357919632912e-29,1.0
2008-06-04,1,1.4463974091996515e-49,1.0
2008-06-05,1,1.0198432266905334e-183,1.0
2008-06-06,1,4.9232854159992455e-124,1.0
2008-06-07,1,2.9490241867104754e-28,1.0
2008-06-08,0,0.9999992830890972,7.169109017787498e-07
2008-06-09,1,0.0002199124680450865,0.999780087531955
2008-06-10,1,0.00013660317285309564,0.9998633968271476
2008-06-11,0,0.999999963025364,3.6974636252725384e-08
2008-06-12,0,0.9999981080657099,1.8919342918227773e-06
2008-06-13,0,0.9999999993769997,6.230018306356984e-10
2008-06-14,0,0.9999999999999929,6.730594020785311e-15
2008-06-15,0,0.9999999999999893,1.0869690127316907e-14
2008-06-16,0,0.9999953613504192,4.638649581401119e-06
2008-06-17,1,9.289746674740552e-05,0.9999071025332523
2008-06-18,1,1.1210335236914656e-30,1.0
2008-06-19,1,5.126036745793226e-64,1.0
2008-06-20,1,3.6647603545725654e-20,1.0
2008-06-21,0,0.9998376472284524,0.00016235277154887112
2008-06-22,0,0.9999975350940605,2.464905940287563e-06
2008-06-23,1,2.6095223128144937e-37,1.0
2008-06-24,1,1.4483067411039274e-08,0.9999999855169328
2008-06-25,1,1.175372363750121e-55,1.0
2008-06-26,1,9.264222960259805e-13,0.9999999999990745
2008-06-27,1,3.2565256650594233e-75,1.0
2008-06-28,0,0.9999999998629399,1.3706057339664236e-10
2008-06-29,0,0.9999999999998579,1.4163573446002202e-13
2008-06-30,0,0.999986694753289,1.3305246709385955e-05
2008-07-01,1,6.180975266578717e-54,1.0
2008-07-02,1,6.322048981546344e-41,1.0
2008-07-03,1,2.6232533003010346e-06,0.9999973767467
2008-07-04,0,0.9999987645666792,1.2354333201069432e-06
2008-07-05,0,0.9999973380276589,2.6619723427727388e-06
2008-07-06,0,0.9999999572168301,4.278317006322537e-08
2008-07-07,1,8.174741079765579e-50,1.0
2008-07-08,1,5.636561091586704e-13,0.9999999999994369
2008-07-09,1,1.3888143990288155e-31,1.0
2008-07-10,1,6.958828348915629e-19,1.0
2008-07-11,1,8.682811826018489e-37,1.0
2008-07-12,1,1.3259677894069403e-68,1.0
2008-07-13,0,0.9999121925902281,8.780740977238147e-05
2008-07-14,1,0.0019109627105687638,0.9980890372894315
2008-07-15,1,0.0001859880214292062,0.9998140119785708
2008-07-16,1,1.2308295011733524e-95,1.0
2008-07-17,1,2.3592111024678043e-110,1.0
2008-07-18,1,5.08329037790537e-125,1.0
2008-07-19,1,2.150490241285878e-09,0.9999999978495104
2008-07-20,0,0.9993351793676715,0.0006648206323274419
2008-07-21,1,3.6043526001449725e-98,1.0
2008-07-22,1,5.140718287747611e-58,1.0
2008-07-23,1,0.0,1.0
2008-07-24,1,3.353028622150776e-206,1.0
2008-07-25,1,1.03120780000457e-72,1.0
2008-07-26,1,3.1336953957884155e-68,1.0
2008-07-27,1,2.071727700726064e-34,1.0
2008-07-28,1,8.392341440538701e-139,1.0
2008-07-29,1,0.0,1.0
2008-07-30,1,4.1599512382711345e-204,1.0
2008-07-31,1,1.1324362355639826e-187,1.0
2008-08-01,1,2.975288698875667e-70,1.0
2008-08-02,1,3.9604317259319246e-19,1.0
2008-08-03,0,0.9999981543508923,1.8456491088571897e-06
2008-08-04,1,4.8905036404446907e-191,1.0
2008-08-05,1,1.9726983964088319e-134,1.0
2008-08-06,1,2.6589758955024804e-54,1.0
2008-08-07,0,0.9999999677931127,3.220688632905561e-08
2008-08-08,1,0.0,1.0
2008-08-09,1,5.119068939298757e-122,1.0
2008-08-10,0,0.9998728775855128,0.00012712241448605176
2008-08-11,1,5.152930668405005e-104,1.0
2008-08-12,1,2.837279807030611e-146,1.0
2008-08-13,1,1.6248719055365986e-18,1.0
2008-08-14,0,0.9031870042802119,0.09681299571978835
2008-08-15,0,0.9566237219219472,0.04337627807805262
2008-08-16,0,0.99999116887561,8.831124390463767e-06
2008-08-17,0,1.0,1.2728612005967575e-17
2008-08-18,0,0.9999999979091889,2.090812826775427e-09
2008-08-19,0,0.999999635685209,3.643147900043757e-07
2008-08-20,1,2.279621349598858e-167,1.0
2008-08-21,1,4.615297955560009e-64,1.0
2008-08-22,1,6.875634362818258e-79,1.0
2008-08-23,1,0.033375880724478744,0.9666241192755216
2008-08-24,0,0.9510164031076793,0.0489835968923197
2008-08-25,1,4.577579810455381e-13,0.9999999999995417
2008-08-26,1,2.722342808030988e-10,0.9999999997277662
2008-08-27,1,1.725678799699948e-21,1.0
2008-08-28,1,8.932053678679833e-42,1.0
2008-08-29,1,0.17998138210902095,0.8200186178909785
2008-08-30,0,0.9999999966438615,3.356137424714455e-09
2008-08-31,0,0.9999999930750221,6.92497954503905e-09
2008-09-01,1,2.704035568951859e-47,1.0
2008-09-02,1,1.645729200922108e-67,1.0
2008-09-03,0,0.9839406034013134,0.01605939659868705
2008-09-04,1,0.02920548626966879,0.9707945137303321
2008-09-05,0,0.9999763603744641,2.3639625535308107e-05
2008-09-06,1,1.3420686666145898e-15,0.9999999999999982
2008-09-07,0,0.9999975798343937,2.420165605271625e-06
2008-09-08,1,4.026242804856266e-08,0.9999999597375727
2008-09-09,0,0.9999999855860295,1.4413972071714197e-08
2008-09-10,1,3.6599928950991443e-25,1.0
2008-09-11,1,2.3128130073051175e-54,1.0
2008-09-12,0,0.9999982705980022,1.7294019976740394e-06
2008-09-13,0,0.9999999997771098,2.2289174142283672e-10
2008-09-14,0,0.9999999999997407,2.5955751155774585e-13
2008-09-15,1,1.5053567504890794e-74,1.0
2008-09-16,1,0.008505317179076462,0.9914946828209242
2008-09-17,1,0.09181482893800871,0.9081851710619919
2008-09-18,1,8.014293387057055e-254,1.0
2008-09-19,1,1.7445745077936518e-133,1.0
2008-09-20,0,0.9979894350749771,0.002010564925023461
2008-09-21,0,0.9999999999999609,3.750327983447053e-14
2008-09-22,1,2.954928272677032e-100,1.0
2008-09-23,1,4.0230336264627496e-130,1.0
2008-09-24,1,2.1599080442798567e-113,1.0
2008-09-25,1,6.3569370076814285e-164,1.0
2008-09-26,1,1.955955442651904e-160,1.0
2008-09-27,1,2.7682273832070506e-15,0.9999999999999982
2008-09-28,0,0.9616711285974687,0.03832887140253157
2008-09-29,1,1.8362943569295388e-176,1.0
2008-09-30,1,9.427499691436918e-72,1.0
2008-10-01,1,9.329413266465735e-131,1.0
2008-10-02,1,3.633993391658048e-209,1.0
2008-10-03,1,5.387892587514112e-234,1.0
2008-10-04,1,7.733261439451555e-22,1.0
2008-10-05,0,0.9999999999999964,2.5815142030940837e-15
2008-10-06,1,2.937096908253839e-108,1.0
2008-10-07,1,2.1383500732965684e-185,1.0
2008-10-08,1,1.90499686754509e-309,1.0
2008-10-09,1,9.67396e-318,1.0
2008-10-10,1,4.270543079661022e-185,1.0
2008-10-11,1,2.301945095463851e-15,0.9999999999999982
2008-10-12,0,0.9999999996929176,3.0708315331776194e-10
2008-10-13,0,0.9999999924006779,7.5993233818846e-09
2008-10-14,1,2.0589682504044695e-254,1.0
2008-10-15,1,1.657479892067127e-49,1.0
2008-10-16,1,9.642979097780176e-35,1.0
2008-10-17,0,0.999984461032855,1.5538967144242187e-05
2008-10-18,0,0.999999995943309,4.056691364670517e-09
2008-10-19,0,0.9999999849906801,1.500932014498502e-08
2008-10-20,1,4.3412247609639845e-207,1.0
2008-10-21,1,7.538130481403991e-230,1.0
2008-10-22,1,6.973473357050464e-135,1.0
2008-10-23,1,0.0,1.0
2008-10-24,1,0.0,1.0
2008-10-25,1,1.8922733272001536e-240,1.0
2008-10-26,1,2.2162643002706665e-10,0.9999999997783728
2008-10-27,1,0.0,1.0
2008-10-28,1,0.0,1.0
2008-10-29,1,1.2193050730188892e-108,1.0
2008-10-30,1,5.182055016985815e-143,1.0
2008-10-31,0,0.9999999937185997,6.281402044130988e-09
2008-11-01,0,0.9988341347997325,0.0011658652002668145
2008-11-02,0,0.9999999999999893,9.974276504651752e-15
2008-11-03,0,0.9999999996290647,3.7093509143342424e-10
2008-11-04,1,5.90332855868727e-250,1.0
2008-11-05,1,1.013111790084923e-111,1.0
2008-11-06,1,2.104685055499626e-134,1.0
2008-11-07,1,3.511939874434703e-190,1.0
2008-11-08,1,2.2357571937602237e-79,1.0
2008-11-09,1,1.713656031565778e-55,1.0
2008-11-10,1,0.0,1.0
2008-11-11,1,3.228372115651926e-156,1.0
2008-11-12,1,2.6248728879594806e-140,1.0
2008-11-13,1,7.91318652510692e-165,1.0
2008-11-14,1,5.086413817222735e-74,1.0
2008-11-15,1,0.44076030911824676,0.5592396908817528
2008-11-16,0,0.9998131435210205,0.00018685647897941435
2008-11-17,0,0.9999990173727826,9.826272178606878e-07
2008-11-18,1,3.230209945317626e-63,1.0
2008-11-19,1,0.0,1.0
2008-11-20,1,0.0,1.0
2008-11-21,1,1.1966507786248107e-104,1.0
2008-11-22,1,9.177803652362648e-42,1.0
2008-11-23,1,0.00040638360586041627,0.999593616394139
2008-11-24,1,0.0,1.0
2008-11-25,1,3.7110486716641154e-148,1.0
2008-11-26,1,4.8306986898595316e-206,1.0
2008-11-27,1,0.0,1.0
2008-11-28,1,0.0,1.0
2008-11-29,1,2.231013709360991e-41,1.0
2008-11-30,0,1.0,1.0704189758578724e-30
2008-12-01,1,4.538116767137917e-230,1.0
2008-12-02,1,0.0,1.0
2008-12-03,1,0.0,1.0
2008-12-04,1,0.0,1.0
2008-12-05,1,0.0,1.0
2008-12-06,0,0.9998080867954627,0.0001919132045370797
2008-12-07,0,0.9999999673756156,3.262438557230862e-08
2008-12-08,0,0.9999999985018242,1.4981759702221531e-09
2008-12-09,1,0.0,1.0
2008-12-10,1,1.9643560743184773e-139,1.0
2008-12-11,1,2.211861776587246e-125,1.0
2008-12-12,1,4.433143497142648e-174,1.0
2008-12-13,1,4.0311262902453716e-238,1.0
2008-12-14,0,0.9999999818183128,1.8181688704891283e-08
2008-12-15,1,1.7520310326906136e-62,1.0
2008-12-16,1,7.689639552733926e-216,1.0
2008-12-17,1,4.6867778714133564e-05,0.9999531322212861
2008-12-18,1,1.0435835059886597e-13,0.9999999999998952
2008-12-19,0,0.999989068554366,1.0931445634442209e-05
2008-12-20,0,0.9999999966515638,3.348436891225767e-09
2008-12-21,0,0.9999999968019893,3.1980115472165044e-09
2008-12-22,0,0.9999999862441875,1.3755813149709552e-08
2008-12-23,1,5.0894427920174485e-54,1.0
2008-12-24,0,0.9999999933859769,6.614023563683158e-09
2008-12-25,0,0.9978951060880135,0.002104893911988144
2008-12-26,1,5.715248956507024e-278,1.0
2008-12-27,0,0.999692360138961,0.00030763986103994286
2008-12-28,0,0.9999999915522189,8.447780484628708e-09
2008-12-29,0,0.8572295557921333,0.14277044420786747
2008-12-30,1,0.11286864985748538,0.8871313501425147
2008-12-31,0,0.8108463056658292,0.18915369433417092
2009-01-01,0,1.0,1.4175884782768042e-23
2009-01-02,1,4.709750225390351e-266,1.0
2009-01-03,1,2.6255660062644753e-72,1.0
2009-01-04,0,1.0,2.558659871054018e-36
2009-01-05,1,9.040817212233584e-52,1.0
2009-01-06,0,0.9999999999981739,1.825908338285971e-12
2009-01-07,0,0.9999999999899565,1.004254271576439e-11
2009-01-08,0,1.0,1.6190315644005632e-37
2009-01-09,0,1.0,8.141447023798107e-32
2009-01-10,0,1.0,1.7178679086794026e-29
2009-01-11,0,1.0,9.896240110154252e-24
2009-01-12,0,1.0,5.1782218292446725e-31
2009-01-13,1,1.0938970915707245e-21,1.0
2009-01-14,1,7.659885952891481e-26,1.0
2009-01-15,1,3.4712390602212066e-06,0.9999965287609396
2009-01-16,0,0.9999998584255743,1.4157442669440616e-07
2009-01-17,0,1.0,7.606138202711213e-20
2009-01-18,0,1.0,6.808592296975182e-33
2009-01-19,0,1.0,1.0817033190212877e-15
2009-01-20,1,9.532529209563171e-34,1.0
2009-01-21,1,6.4414714866736096e-264,1.0
2009-01-22,1,7.166008376618628e-17,1.0
2009-01-23,0,1.0,5.449041311768804e-16
2009-01-24,0,1.0,1.2563815867012184e-16
2009-01-25,1,9.729609198354364e-30,1.0
2009-01-26,0,0.9999999999998295,1.720614798319714e-13
2009-01-27,0,0.9999999968371931,3.1628055845000916e-09
2009-01-28,1,0.0011590007770447487,0.9988409992229549
2009-01-29,0,0.9999996741060462,3.2589395487596697e-07
2009-01-30,0,0.9999999997480735,2.5192615051641505e-10
2009-01-31,0,1.0,4.151961651900408e-19
2009-02-01,0,0.9989099148643533,0.0010900851356477727
2009-02-02,0,0.999999999999936,6.510841234313607e-14
2009-02-03,0,0.9999999992967581,7.032433109606155e-10
2009-02-04,0,0.9999999893890532,1.0610948108154955e-08
2009-02-05,0,0.9999999732862154,2.6713786040248936e-08
2009-02-06,0,0.9999999993052988,6.947026141004968e-10
2009-02-07,0,0.9999999992067714,7.932271065325969e-10
2009-02-08,0,0.999999999999968,3.252593465868045e-14
2009-02-09,0,0.999999850919377,1.4908062287774135e-07
2009-02-10,0,0.9999999999999218,7.656851102682766e-14
2009-02-11,0,0.9999999999998828,1.1708825854461824e-13
2009-02-12,0,0.999999999992891,7.109630903213179e-12
2009-02-13,0,1.0,2.4153456058619337e-21
2009-02-14,0,0.9999999999999964,2.195909463171321e-15
2009-02-15,0,0.9999999999999716,2.799620259791312e-14
2009-02-16,0,0.99999999163078,8.369220096621484e-09
2009-02-17,0,0.9070277598923167,0.09297224010768332
2009-02-18,0,0.9999999999811813,1.881824462011458e-11
2009-02-19,0,0.9999999950447176,4.955281402308351e-09
2009-02-20,0,0.9999999997144542,2.85544304127566e-10
2009-02-21,0,0.9999999999999751,2.6345645957468735e-14
2009-02-22,0,0.9999999999996128,3.888633883877365e-13
2009-02-23,0,0.9999999997186784,2.8132189065396776e-10
2009-02-24,0,0.999999999937188,6.281116311508269e-11
2009-02-25,0,0.9999986543540013,1.3456459972581333e-06
2009-02-26,0,0.9230865659233173,0.07691343407668234
2009-02-27,0,0.999970505795773,2.949420422540016e-05
2009-02-28,0,0.9999999971824565,2.817542497331159e-09
2009-03-01,0,0.9999999993035011,6.964986828809995e-10
2009-03-02,1,1.2694130231614856e-18,1.0
2009-03-03,0,0.9999949228833771,5.077116621859271e-06
2009-03-04,1,5.467072604732474e-80,1.0
2009-03-05,1,9.739678722286887e-23,1.0
2009-03-06,0,0.9999999960395591,3.960440151515126e-09
2009-03-07,0,0.999999910237229,8.976277040212043e-08
2009-03-08,1,6.090488455233097e-41,1.0
2009-03-09,1,7.15493700336961e-160,1.0
2009-03-10,1,2.0312855602978673e-106,1.0
2009-03-11,1,2.40069996253073e-32,1.0
2009-03-12,0,0.999999728261416,2.7173858387104005e-07
2009-03-13,0,0.9999999999511111,4.8889792177910143e-11
2009-03-14,0,0.9999999999996554,3.4337259014776426e-13
2009-03-15,0,0.999999999839023,1.6097863348784556e-10
2009-03-16,0,0.9999999912543345,8.745664608121372e-09
2009-03-17,0,0.999832032682442,0.00016796731755781505
2009-03-18,1,2.5297734791251237e-13,0.9999999999997478
2009-03-19,0,0.9999999999999858,1.577020908283566e-14
2009-03-20,0,1.0,1.818397391693037e-18
2009-03-21,0,1.0,3.014322796056421e-17
2009-03-22,0,1.0,1.8598040969935324e-15
2009-03-23,0,1.0,2.9478066950834308e-18
2009-03-24,1,3.579801371239542e-45,1.0
2009-03-25,0,1.0,2.8574554886387185e-16
2009-03-26,0,1.0,1.1729436089416204e-16
2009-03-27,0,0.9999999999994955,5.052067755631389e-13
2009-03-28,0,0.9999999999999964,3.4990133148516573e-15
2009-03-29,1,1.4679995590944917e-34,1.0
2009-03-30,0,0.9918890743859001,0.008110925614100206
2009-03-31,0,0.9999999999967564,3.244927398092905e-12
2009-04-01,0,0.999999996824485,3.175516482922316e-09
2009-04-02,0,0.999999997868688,2.1313129613882685e-09
2009-04-03,0,0.9999729787729801,2.7021227020542777e-05
2009-04-04,0,0.9999999999999751,2.4594021340982133e-14
2009-04-05,0,1.0,3.179561429499051e-20
2009-04-06,0,0.9995109505170224,0.0004890494829784871
2009-04-07,0,0.9045114112877688,0.09548858871223079
2009-04-08,0,0.9999933733572567,6.626642744849452e-06
2009-04-09,0,1.0,5.942688897761757e-20
2009-04-10,0,1.0,1.2694382297666443e-17
2009-04-11,0,0.9999999999999964,2.791013101790555e-15
2009-04-12,0,1.0,3.390544124406378e-34
2009-04-13,0,0.9999999964753385,3.524662934341392e-09
2009-04-14,0,0.9857195797098651,0.014280420290134778
2009-04-15,1,0.023961706357380944,0.9760382936426194
2009-04-16,1,0.008075514272892187,0.9919244857271078
2009-04-17,0,0.9999999998674234,1.3257809435223118e-10
2009-04-18,0,0.9999999999975309,2.470209822870367e-12
2009-04-19,0,0.9999999993752553,6.24744918591298e-10
2009-04-20,0,0.9957450590164246,0.0042549409835761
2009-04-21,1,1.2530952077539649e-32,1.0
2009-04-22,1,7.760884957782515e-12,0.9999999999922391
2009-04-23,0,0.9999999070985667,9.290143263476978e-08
2009-04-24,0,0.9997418726091093,0.0002581273908889052
2009-04-25,0,0.999999986040855,1.3959146423687435e-08
2009-04-26,0,0.999999999928221,7.178019043642326e-11
2009-04-27,0,0.9213030639886234,0.07869693601137683
2009-04-28,0,0.9999997799785476,2.2002145120632312e-07
2009-04-29,0,0.9996113630008656,0.00038863699913258926
2009-04-30,0,0.9999999999084146,9.158498024138464e-11
2009-05-01,0,1.0,4.383780279356856e-24
2009-05-02,0,0.9999999998553655,1.446344424034244e-10
2009-05-03,0,0.9999999982818473,1.7181517895561312e-09
2009-05-04,1,1.982013199644767e-09,0.9999999980179872
2009-05-05,1,1.8318368239467435e-14,0.9999999999999822
2009-05-06,1,4.926434752858065e-41,1.0
2009-05-07,0,0.9999550650160884,4.493498391191577e-05
2009-05-08,0,0.9999999999983302,1.6692262485047422e-12
2009-05-09,0,1.0,2.9054015261559198e-18
2009-05-10,0,0.9999999997644906,2.3550776416004893e-10
2009-05-11,0,0.9999944646591644,5.535340835053521e-06
2009-05-12,0,0.9999999984983035,1.5016960730104628e-09
2009-05-13,0,0.999999999999865,1.3194153072910428e-13
2009-05-14,0,0.9999995834344496,4.165655500788515e-07
2009-05-15,0,0.9999999994194511,5.805503200514298e-10
2009-05-16,0,0.9999999999685443,3.145710957392429e-11
2009-05-17,0,0.9999999999999503,5.0390205863652355e-14
2009-05-18,0,0.9999999838951049,1.61048967890129e-08
2009-05-19,1,1.1394647343317078e-12,0.9999999999988614
2009-05-20,0,1.0,2.49682535969805e-16
2009-05-21,0,0.9999999999954134,4.584910539381704e-12
2009-05-22,0,0.9999999993117008,6.883001215009464e-10
2009-05-23,0,0.9999999735282618,2.647173668748325e-08
2009-05-24,0,0.9999999997080593,2.919396298741534e-10
2009-05-25,0,0.9999999969140809,3.0859183532832332e-09
2009-05-26,0,0.9999999991669419,8.330596628656018e-10
2009-05-27,0,0.9999682890525299,3.1710947470118915e-05
2009-05-28,0,0.9947156966237037,0.005284303376295156
2009-05-29,1,6.0910934358820945e-34,1.0
2009-05-30,1,0.08308305615716065,0.9169169438428401
2009-05-31,0,0.9999999978237639,2.176235669644067e-09
2009-06-01,1,1.7433466381091447e-86,1.0
2009-06-02,1,8.215873986879634e-42,1.0
2009-06-03,1,8.015615205378166e-62,1.0
2009-06-04,1,6.306153140008097e-56,1.0
2009-06-05,1,2.0057168239128097e-67,1.0
2009-06-06,0,1.0,1.4492171321739932e-15
2009-06-07,0,1.0,1.246304229387641e-16
2009-06-08,0,0.9999999996878906,3.121088934632788e-10
2009-06-09,0,0.9999999998155005,1.8449803188837186e-10
2009-06-10,0,0.9999999974736937,2.5263074527211067e-09
2009-06-11,0,0.9999999995876223,4.1237717574191443e-10
2009-06-12,0,0.9999999954391932,4.560806070380877e-09
2009-06-13,0,0.9999999958954611,4.104539207511181e-09
2009-06-14,0,1.0,1.0034321801868711e-18
2009-06-15,0,0.9999999999996554,3.447680957509133e-13
2009-06-16,0,0.999999999954813,4.518855039003992e-11
2009-06-17,0,0.9999999999999218,7.89877545186149e-14
2009-06-18,0,0.9999999999999929,6.377218809354574e-15
2009-06-19,0,1.0,1.3461240797023227e-15
2009-06-20,0,0.9999999999212328,7.876618059722488e-11
2009-06-21,0,0.9999999993704449,6.295563889497448e-10
2009-06-22,0,0.9999999999987281,1.2711491626651167e-12
2009-06-23,0,0.9999280736546301,7.192634536999873e-05
2009-06-24,0,0.999999999179682,8.203198663762828e-10
2009-06-25,0,0.999999999758554,2.4144503901117605e-10
2009-06-26,1,1.0021773578870556e-33,1.0
2009-06-27,0,0.9999999993091997,6.908009982498126e-10
2009-06-28,0,1.0,1.9520607200531868e-17
2009-06-29,1,4.128104131893212e-27,1.0
2009-06-30,1,1.5148502971497798e-17,1.0
2009-07-01,0,0.9999999999999964,4.482075332511402e-15
2009-07-02,0,0.9999999999999822,1.7175430860542163e-14
2009-07-03,0,1.0,1.0517058284466195e-15
2009-07-04,0,0.9999999971171931,2.882806190748948e-09
2009-07-05,0,0.9999999777537243,2.2246275620140426e-08
2009-07-06,0,0.9999999972763476,2.72365208286753e-09
2009-07-07,0,0.9999999999992468,7.527957408162832e-13
2009-07-08,0,0.9999999517798746,4.82201261945864e-08
2009-07-09,0,0.9999999601328157,3.9867183376854836e-08
2009-07-10,1,7.351315037432495e-225,1.0
2009-07-11,0,0.9999999947757665,5.224234856684779e-09
2009-07-12,0,0.9999999995493098,4.506914687262657e-10
2009-07-13,0,0.9999999999774509,2.254965333536887e-11
2009-07-14,0,0.9999977220343947,2.277965606552433e-06
2009-07-15,0,0.9999999673679453,3.263205438924945e-08
2009-07-16,0,1.0,1.3945237382244918e-16
2009-07-17,1,2.923785659290513e-14,0.9999999999999707
2009-07-18,0,0.9999999999996056,3.960550077091698e-13
2009-07-19,0,0.9999999398005226,6.0199479192488e-08
2009-07-20,0,0.999999945818162,5.4181838787934416e-08
2009-07-21,1,3.9893737192519825e-34,1.0
2009-07-22,1,4.6898849205914744e-11,0.9999999999531006
2009-07-23,0,0.9999999991090718,8.909297796069378e-10
2009-07-24,0,0.9999999942196567,5.780342930315003e-09
2009-07-25,0,0.9999999999997513,2.4860868045026643e-13
2009-07-26,0,0.999999998860968,1.139032137528446e-09
2009-07-27,1,8.951103810421317e-15,0.9999999999999911
2009-07-28,0,0.9999999173638975,8.263610347127255e-08
2009-07-29,0,0.9999998040115706,1.9598842928886062e-07
2009-07-30,0,0.9999998207641153,1.7923588307623403e-07
2009-07-31,0,0.9999999999100524,8.99481030172318e-11
2009-08-01,0,0.9983107915204357,0.001689208479565225
2009-08-02,0,0.9999999984626093,1.5373900170612644e-09
2009-08-03,0,0.9999999940153153,5.984685823334537e-09
2009-08-04,0,0.9999922806397605,7.719360238063912e-06
2009-08-05,0,0.9999999651762584,3.4823741442721895e-08
2009-08-06,0,0.999999999984567,1.543152895016029e-11
2009-08-07,0,0.999311316367515,0.0006886836324842064
2009-08-08,0,1.0,2.467828124638846e-16
2009-08-09,1,0.000126054775580634,0.9998739452244202
2009-08-10,1,1.9758138450154195e-122,1.0
2009-08-11,0,0.9975785168618351,0.0024214831381636917
2009-08-12,0,0.9999998852795672,1.1472043236681187e-07
2009-08-13,0,0.999999841314379,1.5868561970852963e-07
2009-08-14,0,1.0,3.676855289429101e-16
2009-08-15,0,1.0,1.5787575865355897e-19
2009-08-16,0,1.0,3.240616450676398e-36
2009-08-17,0,1.0,4.1825499077340103e-19
2009-08-18,0,1.0,7.159518789564353e-16
2009-08-19,0,1.0,2.1602925515914804e-29
2009-08-20,0,1.0,2.3586581210234596e-16
2009-08-21,1,4.433280537410036e-12,0.9999999999955662
2009-08-22,0,1.0,2.8283962583127004e-19
2009-08-23,0,0.9999999972018827,2.798116882687417e-09
2009-08-24,0,0.9999999980171168,1.9828820347916094e-09
2009-08-25,1,5.274157710706432e-128,1.0
2009-08-26,1,0.0033696122029073924,0.9966303877970933
2009-08-27,0,0.9999966056963298,3.394303670811688e-06
2009-08-28,1,0.009175158965652193,0.990824841034347
2009-08-29,1,1.1707136961038893e-64,1.0
2009-08-30,1,5.618708221388917e-60,1.0
2009-08-31,1,0.0,1.0
2009-09-01,1,1.8624012574384897e-16,1.0
2009-09-02,1,1.4150389026216102e-148,1.0
2009-09-03,0,0.9999999993927418,6.072591898884576e-10
2009-09-04,0,0.9999999999932463,6.7522250585936474e-12
2009-09-05,0,1.0,2.303466745911697e-19
2009-09-06,0,0.9999998030416587,1.9695833959507246e-07
2009-09-07,1,9.477684412230188e-19,1.0
2009-09-08,1,0.0012297770875362983,0.9987702229124629
2009-09-09,1,2.180593754177059e-219,1.0
2009-09-10,1,1.3064469050997556e-181,1.0
2009-09-11,1,1.7513298631987324e-103,1.0
2009-09-12,1,4.160721283943698e-46,1.0
2009-09-13,0,0.9999999947690128,5.2309863332988235e-09
2009-09-14,1,5.73e-322,1.0
2009-09-15,1,2.088582173733664e-90,1.0
2009-09-16,1,0.03410304234435026,0.965896957655649
2009-09-17,1,3.4811511234214393e-10,0.9999999996518856
2009-09-18,1,3.8110302488208705e-37,1.0
2009-09-19,0,0.9961658667214843,0.003834133278516886
2009-09-20,1,6.826345982390257e-08,0.9999999317365399
2009-09-21,1,2.3285947510481743e-53,1.0
2009-09-22,1,3.5989377142668995e-291,1.0
2009-09-23,1,1.4454452145856309e-21,1.0
2009-09-24,1,0.0,1.0
2009-09-25,1,4.27493053277902e-60,1.0
2009-09-26,1,1.758191971376092e-86,1.0
2009-09-27,1,8.866560252104838e-19,1.0
2009-09-28,1,0.0,1.0
2009-09-29,1,1.959988718443091e-136,1.0
2009-09-30,1,1.1229786537713719e-14,0.9999999999999893
2009-10-01,1,7.484528583855955e-117,1.0
2009-10-02,1,9.550584438354112e-33,1.0
2009-10-03,0,0.9999999998956532,1.0434631419753337e-10
2009-10-04,1,5.512881215309645e-51,1.0
2009-10-05,1,4.506523501003906e-288,1.0
2009-10-06,1,1.2822620404628845e-191,1.0
2009-10-07,1,5.553824036593138e-34,1.0
2009-10-08,1,7.823288396891297e-212,1.0
2009-10-09,1,1.6544288837385898e-167,1.0
2009-10-10,1,5.214241173049803e-62,1.0
2009-10-11,1,0.11451278272862254,0.8854872172713774
2009-10-12,1,0.0,1.0
2009-10-13,1,6.842682335156455e-126,1.0
2009-10-14,1,6.520097162722693e-85,1.0
2009-10-15,0,0.9998710820331024,0.00012891796689613362
2009-10-16,0,0.9999999993270983,6.729001063860528e-10
2009-10-17,0,0.999999999999936,6.571037151288199e-14
2009-10-18,0,0.9999999999994706,5.309097128610956e-13
2009-10-19,1,5.799576926016585e-85,1.0
2009-10-20,1,9.582625977579395e-70,1.0
2009-10-21,1,2.675756805892826e-33,1.0
2009-10-22,1,0.07478009730960472,0.9252199026903954
2009-10-23,1,0.00710507521987839,0.9928949247801208
2009-10-24,1,4.701843645797809e-44,1.0
2009-10-25,1,6.91137696798065e-151,1.0
2009-10-26,1,2.468206917081427e-27,1.0
2009-10-27,1,2.5242213357819765e-32,1.0
2009-10-28,1,1.3179945936323679e-17,1.0
2009-10-29,1,1.933562217318938e-42,1.0
2009-10-30,1,4.370801080397175e-135,1.0
2009-10-31,1,6.078994430784345e-89,1.0
2009-11-01,1,1.4775530913724938e-22,1.0
2009-11-02,0,0.9996945984666018,0.00030540153339827136
2009-11-03,1,3.8446720366780815e-14,0.9999999999999609
2009-11-04,1,3.997274002752383e-12,0.9999999999960032
2009-11-05,0,0.999999883681635,1.1631836613282485e-07
2009-11-06,0,0.999998561861663,1.4381383388338463e-06
2009-11-07,0,0.9999999999999432,5.703408489742738e-14
2009-11-08,0,0.9999999999997904,2.1128565233599472e-13
2009-11-09,0,0.9999999993356283,6.643701723406475e-10
2009-11-10,0,0.9999999795589753,2.0441026060344208e-08
2009-11-11,0,0.999983250672521,1.6749327478156095e-05
2009-11-12,0,0.9924377669491642,0.007562233050834256
2009-11-13,1,2.326633192191218e-05,0.9999767336680776
2009-11-14,0,0.9999999970671603,2.932841263748981e-09
2009-11-15,0,0.9999999999881446,1.1854764796914864e-11
2009-11-16,1,2.696703516561095e-10,0.9999999997303295
2009-11-17,0,0.9999999992592805,7.40718138158531e-10
2009-11-18,1,1.0380453668991253e-06,0.9999989619546336
2009-11-19,1,8.749365015076522e-18,1.0
2009-11-20,0,0.9999999999999964,1.9837365066791658e-15
2009-11-21,0,0.9999999991047517,8.952485001572315e-10
2009-11-22,0,0.9621318883957075,0.03786811160429347
2009-11-23,1,1.5228225555509788e-179,1.0
2009-11-24,1,1.2616474272670492e-50,1.0
2009-11-25,0,0.9999933729179559,6.6270820449055275e-06
2009-11-26,0,0.9986157474412837,0.0013842525587148859
2009-11-27,1,4.027126565193313e-114,1.0
2009-11-28,1,3.862539691514882e-89,1.0
2009-11-29,1,1.0338401487039566e-43,1.0
2009-11-30,1,8.569694564889997e-269,1.0
2009-12-01,1,1.1110246792556549e-76,1.0
2009-12-02,1,2.0224485474599944e-37,1.0
2009-12-03,1,4.892564252210366e-170,1.0
2009-12-04,1,4.0132089471930156e-22,1.0
2009-12-05,1,2.9299960729280336e-31,1.0
2009-12-06,0,0.5058988711103846,0.49410112888961577
2009-12-07,1,3.806433624515803e-270,1.0
2009-12-08,1,2.0658515831435973e-79,1.0
2009-12-09,1,5.687376622737308e-32,1.0
2009-12-10,1,0.0,1.0
2009-12-11,0,0.9999938844706888,6.1155293095292106e-06
2009-12-12,0,0.9999999999999964,3.708399879300021e-15
2009-12-13,1,0.0,1.0
2009-12-14,1,1.4951515343517192e-127,1.0
2009-12-15,1,0.0,1.0
2009-12-16,0,0.9998784975798041,0.00012150242019592862
2009-12-17,0,0.9999999999761258,2.3875642887839044e-11
2009-12-18,1,0.0,1.0
2009-12-19,0,0.9999202942957044,7.970570429537362e-05
2009-12-20,1,0.0,1.0
2009-12-21,1,6.470617431704374e-266,1.0
2009-12-22,1,0.0,1.0
2009-12-23,1,0.0,1.0
2009-12-24,1,0.0,1.0
2009-12-25,1,0.28231121793473873,0.7176887820652615
2009-12-26,1,1.5074665787197387e-69,1.0
2009-12-27,0,0.9999179551878764,8.20448121224372e-05
2009-12-28,1,7.094895722839034e-155,1.0
2009-12-29,1,5.401342633213058e-70,1.0
2009-12-30,1,2.991224016614406e-27,1.0
2009-12-31,1,0.004853332120449354,0.9951466678795508
2010-01-01,1,0.11285036394078231,0.8871496360592175
2010-01-02,0,0.9999999990536352,9.46363868577564e-10
2010-01-03,1,0.0032130538217842054,0.9967869461782165
2010-01-04,1,2.8360150101258393e-63,1.0
2010-01-05,0,0.9999591853853342,4.081461466413987e-05
2010-01-06,1,1.2227114769922903e-56,1.0
2010-01-07,1,2.00294046981351e-29,1.0
2010-01-08,1,2.6923288127879357e-38,1.0
2010-01-09,1,3.5786374511240175e-20,1.0
2010-01-10,0,1.0,5.753024391667979e-16
2010-01-11,0,0.9999999977847445,2.2152548455266805e-09
2010-01-12,1,4.619063359348501e-198,1.0
2010-01-13,1,7.167619466546566e-216,1.0
2010-01-14,0,0.9998955752293647,0.00010442477063621893
2010-01-15,1,2.533617452981058e-33,1.0
2010-01-16,0,0.9999999976832363,2.3167625270357723e-09
2010-01-17,0,0.9999999999541629,4.5837372535993555e-11
2010-01-18,1,1.4091145531975065e-14,0.9999999999999858
2010-01-19,1,6.081999443152929e-43,1.0
2010-01-20,0,0.999999994685016,5.314982529388123e-09
2010-01-21,1,3.0490695170271923e-31,1.0
2010-01-22,1,1.3403271638405008e-36,1.0
2010-01-23,0,0.9999722514641264,2.774853587260453e-05
2010-01-24,0,0.9999999016358614,9.836413934127461e-08
2010-01-25,1,5.426797899423894e-29,1.0
2010-01-26,1,3.322109462005519e-24,1.0
2010-01-27,0,0.999998033778294,1.9662217069834667e-06
2010-01-28,1,4.050949214401482e-53,1.0
2010-01-29,1,5.28487159164651e-07,0.9999994715128413
2010-01-30,1,0.0,1.0
2010-01-31,0,0.9999999999999929,5.91621157882092e-15
2010-02-01,1,7.617183967597332e-12,0.999999999992383
2010-02-02,1,1.0858945832983979e-10,0.9999999998914113
2010-02-03,0,0.9999977657997992,2.234200201504954e-06
2010-02-04,0,0.9999990724099493,9.275900494092302e-07
2010-02-05,0,0.9999999999999787,2.286899881797524e-14
2010-02-06,1,1.746152215777109e-153,1.0
2010-02-07,0,0.9999992934305739,7.065694260037827e-07
2010-02-08,1,8.689199268372805e-180,1.0
2010-02-09,1,2.4057044043259982e-308,1.0
2010-02-10,1,8.118311273416106e-81,1.0
2010-02-11,1,2.1397106182510077e-80,1.0
2010-02-12,1,3.561370283197171e-183,1.0
2010-02-13,1,0.0,1.0
2010-02-14,1,2.2359007268445542e-223,1.0
2010-02-15,1,0.0,1.0
2010-02-16,0,0.9990675974749996,0.0009324025249990714
2010-02-17,1,0.0,1.0
2010-02-18,1,0.020651306906169415,0.9793486930938309
2010-02-19,0,0.9999961828502912,3.817149709277526e-06
2010-02-20,1,0.0,1.0
2010-02-21,1,2.235079304506965e-303,1.0
2010-02-22,1,1.528884464882329e-161,1.0
2010-02-23,1,5.150622347345974e-181,1.0
2010-02-24,1,1.4783079252681507e-264,1.0
2010-02-25,1,3.3644684216454955e-258,1.0
2010-02-26,0,0.9999998779233973,1.220766014297503e-07
2010-02-27,0,0.9999998732868081,1.2671319118246978e-07
2010-02-28,0,0.9999999628238256,3.717617294943608e-08
2010-03-01,0,0.999999994986446,5.013554506852276e-09
2010-03-02,1,6.335282885133251e-19,1.0
2010-03-03,1,2.0447244738007248e-175,1.0
2010-03-04,1,1.4302863226901238e-251,1.0
2010-03-05,0,0.9999999999999929,6.258523869363192e-15
2010-03-06,0,1.0,1.5280823316540132e-17
2010-03-07,0,0.9999999999845492,1.545192708680577e-11
2010-03-08,1,8.52257978990558e-154,1.0
2010-03-09,1,1.495808660722769e-12,0.9999999999985043
2010-03-10,0,1.0,4.286095233880535e-25
2010-03-11,0,1.0,4.922961028801907e-16
2010-03-12,0,1.0,6.83702600207745e-16
2010-03-13,0,1.0,2.112454320664107e-18
2010-03-14,0,1.0,3.491877265464184e-18
2010-03-15,0,0.9999999999999929,5.854453533430682e-15
2010-03-16,1,0.0,1.0
2010-03-17,1,5.4193140249591e-230,1.0
2010-03-18,1,0.0,1.0
2010-03-19,1,0.0,1.0
2010-03-20,1,3.76113475802134e-291,1.0
2010-03-21,0,0.9513211498849726,0.048678850115027664
2010-03-22,1,5.542179731080451e-65,1.0
2010-03-23,1,1.5294800801046815e-20,1.0
2010-03-24,0,0.9999999975727683,2.4272328006718966e-09
2010-03-25,0,0.9999999999935092,6.4894295300549575e-12
2010-03-26,1,2.6467281459980226e-23,1.0
2010-03-27,0,0.9999802553685957,1.9744631405771955e-05
2010-03-28,1,8.110419523704542e-130,1.0
2010-03-29,1,6.703721529042065e-150,1.0
2010-03-30,1,0.0,1.0
2010-03-31,1,4.235527731408065e-56,1.0
2010-04-01,0,0.9989596041787053,0.0010403958212952859
2010-04-02,1,1.9925420273271334e-36,1.0
2010-04-03,1,1.1138673679074257e-05,0.9999888613263204
2010-04-04,0,0.9999999999999964,4.893838369142125e-15
2010-04-05,1,3.693170997003075e-55,1.0
2010-04-06,0,0.9999999996965236,3.0347774622978736e-10
2010-04-07,0,0.9999999999931468,6.851603985043474e-12
2010-04-08,0,1.0,1.7886475655766215e-38
2010-04-09,0,1.0,9.48063237061531e-40
2010-04-10,0,0.99999999999919,8.105193365408744e-13
2010-04-11,1,0.0,1.0
2010-04-12,1,4.410342002990044e-118,1.0
2010-04-13,0,0.9999228792768312,7.71207231684848e-05
2010-04-14,1,1.698444340616393e-278,1.0
2010-04-15,0,0.9999999999999325,6.850158331172515e-14
2010-04-16,0,1.0,2.417970172770179e-31
2010-04-17,0,1.0,4.024811897623274e-31
2010-04-18,1,1.413144206223913e-209,1.0
2010-04-19,0,0.999999996569148,3.430850840232091e-09
2010-04-20,0,0.9999999999910472,8.953944015528577e-12
2010-04-21,1,2.9174954701183507e-34,1.0
2010-04-22,0,0.999999999999929,7.272191913458871e-14
2010-04-23,1,2.8020767023113483e-50,1.0
2010-04-24,1,0.0,1.0
2010-04-25,1,3.5693359689719103e-156,1.0
2010-04-26,0,0.999999999986457,1.354392904695761e-11
2010-04-27,0,0.9999999999743068,2.5691669827760215e-11
2010-04-28,1,1.8387021951157602e-194,1.0
2010-04-29,1,1.728982413739596e-282,1.0
2010-04-30,0,1.0,3.4110660991542087e-25
2010-05-01,0,0.9999999987831174,1.216882289972028e-09
2010-05-02,0,0.9999705782770685,2.9421722932406462e-05
2010-05-03,0,1.0,1.5327161067208384e-15
2010-05-04,0,0.9999999997846665,2.1533202046690887e-10
2010-05-05,0,0.9999996903022517,3.096977496647361e-07
2010-05-06,0,0.9999999997317026,2.682959815566165e-10
2010-05-07,1,0.0,1.0
2010-05-08,0,0.9999999110554438,8.894455731721846e-08
2010-05-09,0,0.9999999999999929,7.123928627435137e-15
2010-05-10,0,0.999999999818165,1.8183434709580519e-10
2010-05-11,0,0.9999999999999964,4.956084712723528e-15
2010-05-12,0,1.0,5.426460779562583e-24
2010-05-13,1,1.6072964195330392e-69,1.0
2010-05-14,0,1.0,5.96584169137833e-17
2010-05-15,0,1.0,1.0845555843523636e-38
2010-05-16,0,1.0,4.474717033208551e-38
2010-05-17,0,1.0,4.382427959323349e-38
2010-05-18,1,3.168288662526978e-222,1.0
2010-05-19,1,0.0,1.0
2010-05-20,1,9.208543050615741e-69,1.0
2010-05-21,1,1.7078036334209764e-64,1.0
2010-05-22,1,2.663311672506646e-79,1.0
2010-05-23,0,1.0,1.0583198595912697e-16
2010-05-24,1,0.0,1.0
2010-05-25,0,1.0,9.939053791776654e-22
2010-05-26,0,1.0,8.144945113539666e-21
2010-05-27,0,1.0,1.4161378949742974e-17
2010-05-28,0,1.0,1.2053327670273738e-37
2010-05-29,0,1.0,1.8439409877008172e-21
2010-05-30,0,1.0,6.615547070201936e-17
2010-05-31,0,1.0,8.16498611451635e-36
2010-06-01,0,1.0,1.8679414023957373e-15
2010-06-02,0,1.0,6.391109998107549e-40
2010-06-03,0,0.9998373348054911,0.0001626651945074616
2010-06-04,1,0.0,1.0
2010-06-05,0,0.999999904515371,9.548462982354398e-08
2010-06-06,0,0.9999999999999858,1.3664215789461604e-14
2010-06-07,0,0.999999999995481,4.5178391000658125e-12
2010-06-08,0,0.9998007976813645,0.00019920231863722063
2010-06-09,1,1.2048868673053616e-31,1.0
2010-06-10,1,0.0,1.0
2010-06-11,1,3.195518182988389e-45,1.0
2010-06-12,1,6.069134335578067e-07,0.9999993930865662
2010-06-13,0,1.0,1.836402915178484e-35
2010-06-14,0,1.0,2.446214382774767e-17
2010-06-15,1,1.3259222930621448e-113,1.0
2010-06-16,1,5.843524435139138e-47,1.0
2010-06-17,1,7.841275393668344e-170,1.0
2010-06-18,1,2.555168652823041e-73,1.0
2010-06-19,1,2.8548695922855913e-12,0.9999999999971454
2010-06-20,0,0.9999984408023656,1.5591976337153255e-06
2010-06-21,1,9.040451265842292e-185,1.0
2010-06-22,1,8.934027106239508e-22,1.0
2010-06-23,1,1.2383305917346416e-46,1.0
2010-06-24,0,0.9999999992252917,7.747079414532669e-10
2010-06-25,1,2.596343276332497e-51,1.0
2010-06-26,0,0.9998784720105317,0.00012152798946859484
2010-06-27,0,0.9999999999997833,2.1631280130411422e-13
2010-06-28,0,0.9999999745152944,2.5484706001684343e-08
2010-06-29,1,2.168850002134212e-138,1.0
2010-06-30,1,1.6519038712297356e-90,1.0
2010-07-01,1,5.5705742317893046e-08,0.9999999442942575
2010-07-02,0,1.0,2.0468735999895306e-36
2010-07-03,0,1.0,3.084131493335172e-30
2010-07-04,0,1.0,4.609544375282006e-32
2010-07-05,0,1.0,7.681281345394113e-17
2010-07-06,1,3.1396242156650096e-30,1.0
2010-07-07,1,8.357706831887941e-27,1.0
2010-07-08,0,1.0,1.5393837052190672e-16
2010-07-09,1,7.348020308158087e-10,0.9999999992651976
2010-07-10,0,1.0,9.690548801817445e-26
2010-07-11,0,1.0,4.2275957843962167e-20
2010-07-12,1,0.0,1.0
2010-07-13,0,0.9999998530347086,1.469652917211099e-07
2010-07-14,1,8.96776544545592e-06,0.9999910322345552
2010-07-15,0,0.9999999999988276,1.1720972097386304e-12
2010-07-16,1,1.5601969884145236e-08,0.9999999843980306
2010-07-17,0,1.0,6.14996234184131e-19
2010-07-18,0,1.0,2.4934130398035087e-16
2010-07-19,0,0.9999999999977938,2.2050219351983115e-12
2010-07-20,0,1.0,3.861583979716061e-24
2010-07-21,1,0.04082652620954671,0.959173473790454
2010-07-22,1,5.250322345954372e-35,1.0
2010-07-23,0,0.9999999937425592,6.257441042239021e-09
2010-07-24,0,1.0,6.345958485154265e-16
2010-07-25,0,0.9999999999931859,6.814466771510155e-12
2010-07-26,1,1.656194517154831e-06,0.9999983438054835
2010-07-27,0,0.9999998156987494,1.8430125189859442e-07
2010-07-28,0,0.9999999999820339,1.7966415963517948e-11
2010-07-29,1,2.6792062564100913e-12,0.9999999999973213
2010-07-30,0,0.9999999994397903,5.60210864117529e-10
2010-07-31,0,0.9999983656911123,1.6343088889671556e-06
2010-08-01,0,1.0,3.1094258079208106e-23
2010-08-02,1,7.17879647504782e-42,1.0
2010-08-03,1,1.1108845624055774e-27,1.0
2010-08-04,0,1.0,7.797884348458674e-17
2010-08-05,0,0.9679267455799643,0.03207325442003519
2010-08-06,0,0.9999999999684483,3.1552507004696315e-11
2010-08-07,0,0.9999999964717006,3.5282998853765534e-09
2010-08-08,0,1.0,1.1407286530487124e-20
2010-08-09,0,0.9999983877040884,1.6122959106123815e-06
2010-08-10,1,2.6987837787471965e-85,1.0
2010-08-11,1,7.425292631570674e-91,1.0
2010-08-12,1,3.1969735746581534e-54,1.0
2010-08-13,0,0.997495237585424,0.0025047624145751253
2010-08-14,0,0.9988548037836932,0.0011451962163056535
2010-08-15,0,0.9999999999999112,9.016120521680372e-14
2010-08-16,0,0.9999999999488551,5.11448950586879e-11
2010-08-17,1,8.927663189257455e-42,1.0
2010-08-18,1,6.931496219809378e-55,1.0
2010-08-19,1,1.2629123131913346e-05,0.9999873708768682
2010-08-20,0,0.9999999994138662,5.861325449004545e-10
2010-08-21,0,0.9999999999540776,4.592196508527467e-11
2010-08-22,0,0.9999999999467697,5.322868767239448e-11
2010-08-23,1,1.954287406437877e-97,1.0
2010-08-24,1,1.730867155584405e-77,1.0
2010-08-25,1,8.784681339286613e-63,1.0
2010-08-26,0,0.9999999699757507,3.0024248044526654e-08
2010-08-27,0,0.9999999976252525,2.374748654737999e-09
2010-08-28,1,2.543784841558603e-18,1.0
2010-08-29,0,0.9999999999999751,2.4065332995000076e-14
2010-08-30,1,3.857173692011491e-123,1.0
2010-08-31,1,2.558947857850977e-52,1.0
2010-09-01,1,2.748511689814196e-32,1.0
2010-09-02,1,0.027431340224824803,0.972568659775175
2010-09-03,0,0.9999999999993641,6.364141507783192e-13
2010-09-04,0,0.9999999999999751,2.3480692806449026e-14
2010-09-05,0,1.0,4.728913417658477e-17
2010-09-06,1,7.502194180348422e-107,1.0
2010-09-07,0,1.0,5.456186299532381e-23
2010-09-08,0,1.0,4.803002494265596e-19
2010-09-09,1,6.050760108555878e-37,1.0
2010-09-10,0,0.9999999999999964,4.379386056241693e-15
2010-09-11,0,1.0,1.0537251308594651e-30
2010-09-12,0,1.0,1.3422777154515025e-23
2010-09-13,0,0.9999999742221423,2.5777858874072435e-08
2010-09-14,1,1.8520080768948952e-08,0.9999999814799188
2010-09-15,1,1.400951125325932e-42,1.0
2010-09-16,1,6.189070178926253e-10,0.9999999993810924
2010-09-17,1,2.4528586019744936e-19,1.0
2010-09-18,1,1.6172418025543938e-06,0.9999983827581967
2010-09-19,1,2.175243819066997e-11,0.9999999999782485
2010-09-20,1,2.69335145318598e-14,0.9999999999999734
2010-09-21,0,0.9999999418864344,5.81135651288772e-08
2010-09-22,1,1.2456099868337326e-22,1.0
2010-09-23,1,2.1351578475335218e-48,1.0
2010-09-24,1,2.1772908973177905e-62,1.0
2010-09-25,1,2.5449945547126174e-58,1.0
2010-09-26,0,0.9999997738883912,2.261116095058872e-07
2010-09-27,1,0.0,1.0
2010-09-28,1,0.0,1.0
2010-09-29,1,1.6971740939557098e-260,1.0
2010-09-30,1,1.6378162668105844e-166,1.0
2010-10-01,1,2.6968587504192555e-42,1.0
2010-10-02,1,0.35662183873777303,0.643378161262227
2010-10-03,0,0.9716681873929187,0.02833181260708291
2010-10-04,1,2.97751432407202e-122,1.0
2010-10-05,1,1.3726890112747823e-169,1.0
2010-10-06,1,0.0,1.0
2010-10-07,1,1.6981856072404815e-299,1.0
2010-10-08,1,3.547738710428419e-155,1.0
2010-10-09,1,1.452742473207268e-17,1.0
2010-10-10,1,0.0010037497809719657,0.9989962502190283
2010-10-11,1,4.70091494327583e-309,1.0
2010-10-12,1,8.00959071090622e-72,1.0
2010-10-13,1,2.3075748014637825e-44,1.0
2010-10-14,1,9.349740781785162e-13,0.9999999999990656
2010-10-15,1,9.238224807406614e-118,1.0
2010-10-16,1,1.104600436192663e-25,1.0
2010-10-17,0,0.9994116353894352,0.0005883646105650617
2010-10-18,1,8.677917337899606e-18,1.0
2010-10-19,1,5.391520721619463e-103,1.0
2010-10-20,0,0.9999976141608191,2.3858391795972235e-06
2010-10-21,0,0.9999999999772982,2.2700629526315796e-11
2010-10-22,0,0.9999999994369908,5.630107349556902e-10
2010-10-23,0,0.9999999999979536,2.0451085610205187e-12
2010-10-24,0,0.9999999965366371,3.463364758209033e-09
2010-10-25,1,3.3120810108142974e-292,1.0
2010-10-26,1,1.7124043695562758e-56,1.0
2010-10-27,1,9.215639610041567e-15,0.9999999999999911
2010-10-28,0,0.9999999999957438,4.257931565172146e-12
2010-10-29,0,1.0,5.00886305118075e-17
2010-10-30,0,1.0,1.4030366530057344e-18
2010-10-31,0,0.9999999999999964,2.689048353928707e-15
2010-11-01,0,0.9999999999907025,9.2980990192844e-12
2010-11-02,0,0.9999999331195384,6.688046100570275e-08
2010-11-03,0,0.999999998084597,1.9154028692916277e-09
2010-11-04,1,9.5625501128052e-11,0.9999999999043752
2010-11-05,0,0.9998965525384585,0.00010344746153968973
2010-11-06,0,0.9998738252626408,0.00012617473735968102
2010-11-07,0,0.9999999986943102,1.3056898463032687e-09
2010-11-08,1,9.49581086366924e-231,1.0
2010-11-09,1,4.437216170913708e-208,1.0
2010-11-10,0,0.9999999867446263,1.3255373396379184e-08
2010-11-11,1,2.681809707082626e-16,1.0
2010-11-12,1,1.2180062369607305e-246,1.0
2010-11-13,0,0.9994064434825438,0.0005935565174567652
2010-11-14,0,0.9997302692893626,0.00026973071063597127
2010-11-15,0,0.9984772622318121,0.0015227377681868539
2010-11-16,1,0.005264554583267946,0.9947354454167325
2010-11-17,1,5.3526915849369463e-79,1.0
2010-11-18,1,1.0949276751740987e-155,1.0
2010-11-19,1,1.2994247060122282e-248,1.0
2010-11-20,1,1.2103111451046937e-172,1.0
2010-11-21,0,0.9999994555889228,5.44411077454189e-07
2010-11-22,1,9.496825988222636e-92,1.0
2010-11-23,1,5.774025201513084e-161,1.0
2010-11-24,1,8.665402732030579e-291,1.0
2010-11-25,1,2.702314323770022e-296,1.0
2010-11-26,1,4.6725299108521e-248,1.0
2010-11-27,1,2.678785362213323e-210,1.0
2010-11-28,1,4.3614587466860895e-31,1.0
2010-11-29,1,2.6980903904610435e-125,1.0
2010-11-30,1,6.251438252891919e-206,1.0
2010-12-01,1,2.218637857867619e-76,1.0
2010-12-02,1,1.6556743373642967e-78,1.0
2010-12-03,1,1.1168005028672758e-24,1.0
2010-12-04,1,1.0515515660506154e-15,0.9999999999999982
2010-12-05,0,0.9950584057386709,0.0049415942613284065
2010-12-06,1,2.1210660023829956e-26,1.0
2010-12-07,1,8.264127090050847e-17,1.0
2010-12-08,0,0.9999981135011988,1.8864988008412896e-06
2010-12-09,1,1.2471688617509681e-25,1.0
2010-12-10,0,0.9998831595114964,0.00011684048850267735
2010-12-11,1,8.279515873373823e-75,1.0
2010-12-12,0,0.9999999987474233,1.252575323682741e-09
2010-12-13,1,3.216296567900873e-74,1.0
2010-12-14,1,1.10359948387607e-133,1.0
2010-12-15,1,4.6770498602209017e-184,1.0
2010-12-16,1,8.140279008696106e-70,1.0
2010-12-17,1,5.158039285284057e-74,1.0
2010-12-18,1,2.134094410151873e-115,1.0
2010-12-19,1,4.163172368381605e-45,1.0
2010-12-20,1,3.818830528066768e-64,1.0
2010-12-21,1,4.322011721142802e-113,1.0
2010-12-22,1,4.7789941364744154e-123,1.0
2010-12-23,1,4.018021361512433e-102,1.0
2010-12-24,1,1.933959652498183e-89,1.0
2010-12-25,1,9.627117865358313e-69,1.0
2010-12-26,1,6.275016089895483e-88,1.0
2010-12-27,1,9.474634266241753e-261,1.0
2010-12-28,1,1.6304803970588624e-183,1.0
2010-12-29,1,2.226346842401572e-165,1.0
2010-12-30,1,8.067912540131792e-207,1.0
2010-12-31,1,7.515714673081101e-110,1.0
2011-01-01,1,4.82488605907937e-16,1.0
2011-01-02,1,6.966077283203988e-72,1.0
2011-01-03,1,4.400034562643611e-30,1.0
2011-01-04,1,2.071827192647038e-38,1.0
2011-01-05,1,1.1362942760690313e-116,1.0
2011-01-06,0,0.9999999886478932,1.1352105218302867e-08
2011-01-07,1,1.795725495116012e-28,1.0
2011-01-08,1,8.245679685966874e-10,0.9999999991754329
2011-01-09,1,3.644677492730868e-18,1.0
2011-01-10,1,6.910917313365808e-21,1.0
2011-01-11,0,0.9955412687262043,0.00445873127379471
2011-01-12,0,0.9999999254041497,7.459584983242888e-08
2011-01-13,1,0.00024023947821971592,0.9997597605217808
2011-01-14,0,0.9966370549948996,0.0033629450051007987
2011-01-15,0,0.9963876221817656,0.0036123778182357642
2011-01-16,0,0.9999999988606518,1.1393499664488748e-09
2011-01-17,0,0.9999962416482651,3.758351735158024e-06
2011-01-18,0,0.9999999902040244,9.795977187815318e-09
2011-01-19,0,0.982880671214172,0.01711932878582874
2011-01-20,1,0.0015067289551909811,0.9984932710448083
2011-01-21,0,0.9999999910706094,8.929392340033834e-09
2011-01-22,0,0.9999990100523524,9.89947646642496e-07
2011-01-23,0,0.9999637424468816,3.625755311776248e-05
2011-01-24,0,0.9999999755982149,2.440178420889809e-08
2011-01-25,0,0.9999997919045004,2.0809550116630153e-07
2011-01-26,0,0.9999996432771067,3.567228942267154e-07
2011-01-27,0,0.9999999999951399,4.861186383583806e-12
2011-01-28,0,0.9999999994825366,5.174637979043193e-10
2011-01-29,0,0.9999999999999538,4.734746851261856e-14
2011-01-30,0,0.999999999999968,3.053235857331073e-14
2011-01-31,1,0.00014989600465523592,0.999850103995345
2011-02-01,1,0.0004418623366376509,0.9995581376633615
2011-02-02,0,0.999997575646902,2.424353097349976e-06
2011-02-03,0,0.9999939697822516,6.0302177477679e-06
2011-02-04,0,0.9999999659977205,3.4002280525853954e-08
2011-02-05,0,0.9999999999999964,2.7729387768606766e-15
2011-02-06,0,0.9999999999769749,2.3026005605471413e-11
2011-02-07,0,1.0,1.1029666554966e-16
2011-02-08,0,1.0,1.6517108523403786e-17
2011-02-09,0,1.0,2.735313402643684e-18
2011-02-10,0,1.0,1.1118492196561184e-15
2011-02-11,0,1.0,1.4231862018501632e-16
2011-02-12,0,0.9999999999990195,9.807792200635545e-13
2011-02-13,0,0.9999999999999929,6.736033723002541e-15
2011-02-14,0,0.9999999999999964,2.957919742366322e-15
2011-02-15,0,0.9999999934119934,6.5880048967083984e-09
2011-02-16,0,1.0,3.58578806722061e-17
2011-02-17,0,1.0,5.94462429376233e-16
2011-02-18,1,0.009150656505550761,0.9908493434944484
2011-02-19,0,1.0,4.451952682904885e-17
2011-02-20,0,1.0,5.497104337225205e-17
2011-02-21,0,0.9999999999960423,3.956266984756938e-12
2011-02-22,0,0.9999993953434528,6.04656547183438e-07
2011-02-23,0,0.9999999999999964,2.5208338726396095e-15
2011-02-24,0,1.0,4.036369646139112e-16
2011-02-25,1,4.785303224575238e-05,0.9999521469677534
2011-02-26,0,0.9999999999991296,8.692329474088849e-13
2011-02-27,0,0.999999999971827,2.8171716736484734e-11
2011-02-28,0,0.9999999967806374,3.2193638414861413e-09
2011-03-01,0,0.9999999999999716,2.8303956747504725e-14
2011-03-02,0,0.9999999999999893,9.451238132228382e-15
2011-03-03,0,0.9999999988406181,1.1593829762442845e-09
2011-03-04,0,1.0,6.152657051082829e-16
2011-03-05,0,1.0,7.459523057946974e-22
2011-03-06,0,0.9999999999197975,8.020416984427575e-11
2011-03-07,0,0.9999999957448189,4.255182164836961e-09
2011-03-08,0,0.9999999951210548,4.878947014720573e-09
2011-03-09,0,0.9999999989776889,1.0223097053619972e-09
2011-03-10,0,0.9999999999640572,3.59418851375515e-11
2011-03-11,0,0.9999999999979785,2.023167998470186e-12
2011-03-12,0,0.9999999999994884,5.111322188356182e-13
2011-03-13,0,1.0,1.771023404999696e-16
2011-03-14,0,0.9999999999998295,1.7140003199082586e-13
2011-03-15,0,0.999999999999936,6.231275697599694e-14
2011-03-16,0,0.9999999998156675,1.843326974360169e-10
2011-03-17,0,0.9999999826638267,1.7336172675195683e-08
2011-03-18,0,0.999999999999897,1.0318148456367793e-13
2011-03-19,0,1.0,8.71475948694323e-18
2011-03-20,0,0.9999999939017812,6.098219414534816e-09
2011-03-21,0,0.9999765129769844,2.348702301572692e-05
2011-03-22,1,5.9488007528741896e-06,0.9999940511992466
2011-03-23,0,1.0,2.458747372489651e-16
2011-03-24,1,1.1192046833841567e-30,1.0
2011-03-25,1,2.0553136992240025e-17,1.0
2011-03-26,1,0.003763911301053447,0.9962360886989466
2011-03-27,0,0.9999776748624472,2.2325137554137393e-05
2011-03-28,1,4.522156288184821e-71,1.0
2011-03-29,1,5.468801029381379e-80,1.0
2011-03-30,1,2.34350209711375e-71,1.0
2011-03-31,1,6.054370689184969e-70,1.0
2011-04-01,0,0.9999997708192773,2.2918072365449756e-07
2011-04-02,0,0.9999945815766152,5.418423384379068e-06
2011-04-03,0,0.9999999985873771,1.4126233856093868e-09
2011-04-04,1,1.4763951097177222e-30,1.0
2011-04-05,1,0.0012643947348932377,0.9987356052651061
2011-04-06,1,3.1101840770857038e-18,1.0
2011-04-07,1,1.7672451880904722e-14,0.9999999999999822
2011-04-08,0,0.9999841487139297,1.5851286069509292e-05
2011-04-09,0,0.9999999894396758,1.0560322665494065e-08
2011-04-10,0,0.9999997096116604,2.9038834002171216e-07
2011-04-11,0,0.9999992194707934,7.805292052159984e-07
2011-04-12,1,4.937569135842654e-63,1.0
2011-04-13,1,4.996474040314996e-89,1.0
2011-04-14,1,1.1242694937560876e-152,1.0
2011-04-15,1,4.473786373664137e-65,1.0
2011-04-16,0,0.9999998887328223,1.1126717707456654e-07
2011-04-17,0,0.9999999999948805,5.119196529985105e-12
2011-04-18,1,3.478048801572062e-58,1.0
2011-04-19,1,8.686247025282583e-62,1.0
2011-04-20,1,4.6746417830690676e-11,0.9999999999532534
2011-04-21,0,0.9999999589472788,4.105272092087202e-08
2011-04-22,0,1.0,5.051656229485768e-32
2011-04-23,0,1.0,3.8121727401274535e-29
2011-04-24,0,1.0,7.312822223299632e-18
2011-04-25,1,1.0129289145691848e-52,1.0
2011-04-26,1,2.3218759850128957e-66,1.0
2011-04-27,1,1.8924547742579986e-98,1.0
2011-04-28,1,5.447843932617121e-124,1.0
2011-04-29,1,3.131911782753685e-77,1.0
2011-04-30,1,1.4696859403658756e-34,1.0
2011-05-01,0,0.9999999030134898,9.698651188649703e-08
2011-05-02,1,7.467489449067178e-37,1.0
2011-05-03,1,6.648152465200249e-16,1.0
2011-05-04,1,1.658619886224357e-58,1.0
2011-05-05,1,3.52055554470307e-54,1.0
2011-05-06,1,1.4347384636115896e-50,1.0
2011-05-07,1,9.042631640966548e-29,1.0
2011-05-08,0,0.9999998301988671,1.6980113242477644e-07
2011-05-09,1,3.457632767874625e-52,1.0
2011-05-10,1,1.2093291357075787e-39,1.0
2011-05-11,1,3.42442590776395e-65,1.0
2011-05-12,1,9.199269498585316e-64,1.0
2011-05-13,1,3.3179978311570994e-58,1.0
2011-05-14,1,2.323937997731693e-42,1.0
2011-05-15,0,0.9985474327957571,0.0014525672042412245
2011-05-16,1,3.2086794047970315e-35,1.0
2011-05-17,0,0.7827739508407588,0.21722604915924187
2011-05-18,1,0.0003142192940586362,0.9996857807059406
2011-05-19,1,1.4150502178869973e-08,0.999999985849497
2011-05-20,1,1.5448840929373687e-05,0.9999845511590706
2011-05-21,0,0.9989532407609345,0.0010467592390657403
2011-05-22,0,0.9999999607055629,3.929443879652893e-08
2011-05-23,1,7.118033575042579e-08,0.9999999288196645
2011-05-24,1,1.0610260561832347e-24,1.0
2011-05-25,0,0.9979681274270155,0.002031872572983683
2011-05-26,1,1.0531561736427103e-26,1.0
2011-05-27,0,0.9764281033917832,0.023571896608215192
2011-05-28,0,0.9999688809027694,3.111909723235729e-05
2011-05-29,0,0.9999999995276418,4.723565884819231e-10
2011-05-30,1,4.06894743573539e-09,0.9999999959310522
2011-05-31,0,0.8148022900673718,0.1851977099326288
2011-06-01,0,0.9997479855998674,0.0002520144001316357
2011-06-02,0,0.9999998780074048,1.2199259361787846e-07
2011-06-03,0,0.9996294603131336,0.0003705396868650163
2011-06-04,0,0.9999999995186393,4.813623828528646e-10
2011-06-05,0,0.9999999999781828,2.1816842646393486e-11
2011-06-06,1,3.586424661596261e-33,1.0
2011-06-07,1,3.203185444461534e-29,1.0
2011-06-08,1,1.3671218828285242e-33,1.0
2011-06-09,1,6.850131442708382e-81,1.0
2011-06-10,1,1.1729615181116216e-48,1.0
2011-06-11,1,6.627539872214493e-15,0.9999999999999929
2011-06-12,0,0.9999999966731643,3.326835077940973e-09
2011-06-13,1,3.15421103115839e-44,1.0
2011-06-14,1,2.4069394153194095e-05,0.999975930605846
2011-06-15,1,2.420674032319538e-25,1.0
2011-06-16,0,0.985015862223942,0.014984137776057208
2011-06-17,0,0.9816611885834424,0.018338811416557507
2011-06-18,0,0.9999999928935743,7.106425528923611e-09
2011-06-19,0,0.9999999888265201,1.1173480952842575e-08
2011-06-20,0,0.9999999662542228,3.374577804524913e-08
2011-06-21,0,0.9999999924559617,7.544037505271036e-09
2011-06-22,0,0.9999999326623503,6.733764900710813e-08
2011-06-23,0,0.9999999396057024,6.039429910695816e-08
2011-06-24,0,0.9934606477991531,0.0065393522008483475
2011-06-25,0,0.9999817530573347,1.8246942665535438e-05
2011-06-26,0,0.9999999999672546,3.274535787284773e-11
2011-06-27,0,0.9999999998398508,1.6015071775927702e-10
2011-06-28,1,1.8118586467615154e-39,1.0
2011-06-29,1,1.2906337903205514e-09,0.9999999987093666
2011-06-30,0,1.0,6.076776180390906e-17
2011-07-01,0,0.9999999998688658,1.3113506079855946e-10
2011-07-02,0,0.9999999994055813,5.944176555037889e-10
2011-07-03,0,1.0,3.99233800171238e-24
2011-07-04,0,0.9999998398389267,1.601610744886467e-07
2011-07-05,0,0.9999999942691424,5.730857965456655e-09
2011-07-06,1,0.0003614185056489161,0.9996385814943519
2011-07-07,0,0.9999999949228098,5.0771890233261115e-09
2011-07-08,1,1.5463049278361116e-10,0.9999999998453699
2011-07-09,0,0.999999983439242,1.65607574694379e-08
2011-07-10,1,1.1459418804381752e-06,0.9999988540581193
2011-07-11,0,0.5591713007350242,0.44082869926497537
2011-07-12,1,1.7615244052561232e-56,1.0
2011-07-13,0,0.9803110306750424,0.019688969324956614
2011-07-14,1,1.0659625461158455e-22,1.0
2011-07-15,1,6.7649871783070925e-18,1.0
2011-07-16,1,6.438026002466732e-06,0.9999935619739974
2011-07-17,0,0.9999968486310056,3.1513689928599e-06
2011-07-18,1,2.251555847278599e-05,0.9999774844415281
2011-07-19,0,0.999567670658363,0.00043232934163811706
2011-07-20,0,0.9999997526714409,2.473285586905459e-07
2011-07-21,1,0.30774632009367137,0.6922536799063287
2011-07-22,0,0.9137327175554509,0.08626728244454855
2011-07-23,0,0.9999999893672751,1.0632725330416326e-08
2011-07-24,0,0.9999999999024993,9.749969496045995e-11
2011-07-25,0,0.9999698478241278,3.015217587377549e-05
2011-07-26,0,0.9999996680689076,3.319310929243798e-07
2011-07-27,1,4.566704867029693e-06,0.9999954332951335
2011-07-28,0,0.997446546497766,0.0025534535022336004
2011-07-29,1,0.01177112752843079,0.9882288724715691
2011-07-30,1,0.24118418390995933,0.7588158160900402
2011-07-31,0,0.9999999999995133,4.87713385228298e-13
2011-08-01,0,0.999622941214963,0.00037705878503676747
2011-08-02,1,5.196099698665292e-119,1.0
2011-08-03,1,7.143571139034115e-55,1.0
2011-08-04,1,1.2757552782645962e-09,0.9999999987242454
2011-08-05,1,2.163790991289882e-07,0.9999997836209008
2011-08-06,0,0.9999999999999929,8.367228856013815e-15
2011-08-07,0,0.9999999992488142,7.511856436579007e-10
2011-08-08,0,0.9996523115158774,0.0003476884841231636
2011-08-09,0,0.8095431663254383,0.19045683367456256
2011-08-10,1,4.311868499545363e-13,0.9999999999995683
2011-08-11,0,0.9999991479209072,8.520790928365419e-07
2011-08-12,1,2.0116972349455474e-13,0.9999999999997993
2011-08-13,1,0.0,1.0
2011-08-14,0,0.9999999706498355,2.9350164554924408e-08
2011-08-15,0,0.9999997058768357,2.941231638779829e-07
2011-08-16,1,2.9832369434911805e-19,1.0
2011-08-17,0,0.9999928406684215,7.1593315795612175e-06
2011-08-18,1,1.9340246679908166e-95,1.0
2011-08-19,1,3.1239558870336467e-71,1.0
2011-08-20,1,6.541336592015274e-274,1.0
2011-08-21,1,5.877455241601202e-38,1.0
2011-08-22,1,5.1831805336109736e-46,1.0
2011-08-23,1,3.7323721288594204e-24,1.0
2011-08-24,1,2.5028443744096964e-19,1.0
2011-08-25,1,6.993702716834175e-90,1.0
2011-08-26,1,1.1344360146619747e-23,1.0
2011-08-27,1,2.4093910773423496e-10,0.9999999997590603
2011-08-28,0,0.9999999997071924,2.928085919653693e-10
2011-08-29,1,0.0,1.0
2011-08-30,1,5.6185407066138014e-306,1.0
2011-08-31,1,7.811409582786534e-103,1.0
2011-09-01,1,2.4416375017241195e-81,1.0
2011-09-02,1,3.177760183104754e-53,1.0
2011-09-03,0,1.0,2.389076007146036e-17
2011-09-04,0,1.0,2.1660353547219543e-17
2011-09-05,1,0.0,1.0
2011-09-06,1,2.4529730082170965e-30,1.0
2011-09-07,1,8.13211076255558e-41,1.0
2011-09-08,1,1.8123424493349554e-150,1.0
2011-09-09,0,0.9999997990384937,2.0096150794554405e-07
2011-09-10,0,0.9999999391229811,6.08770196256121e-08
2011-09-11,0,1.0,7.544917459147256e-18
2011-09-12,1,3.529775034790776e-125,1.0
2011-09-13,1,1.1405418124607043e-86,1.0
2011-09-14,1,2.6783553934735994e-225,1.0
2011-09-15,1,2.055935454428316e-111,1.0
2011-09-16,1,1.370915217394031e-95,1.0
2011-09-17,1,0.0,1.0
2011-09-18,0,0.9999999999999609,3.86526805877466e-14
2011-09-19,1,0.0,1.0
2011-09-20,1,6.039849105611504e-234,1.0
2011-09-21,1,5.167876519003585e-170,1.0
2011-09-22,1,0.0,1.0
2011-09-23,1,0.0,1.0
2011-09-24,1,4.08808591033449e-93,1.0
2011-09-25,1,8.752248875454253e-22,1.0
2011-09-26,1,3.1431932381814575e-138,1.0
2011-09-27,1,2.2953081732984174e-176,1.0
2011-09-28,1,7.494834180945529e-120,1.0
2011-09-29,1,6.258431357433464e-102,1.0
2011-09-30,1,1.4557428768282403e-99,1.0
2011-10-01,1,9.430779535903123e-67,1.0
2011-10-02,1,6.23050895804536e-129,1.0
2011-10-03,1,4.015358064167845e-194,1.0
2011-10-04,1,2.600623870225433e-35,1.0
2011-10-05,1,2.8501681570534533e-41,1.0
2011-10-06,1,3.0109767491592796e-77,1.0
2011-10-07,1,1.9957011341683032e-97,1.0
2011-10-08,1,1.0011523347842468e-63,1.0
2011-10-09,0,0.9999999999883826,1.1615741529891792e-11
2011-10-10,1,0.004206779914813462,0.9957932200851867
2011-10-11,1,0.0,1.0
2011-10-12,1,1.458764249769078e-181,1.0
2011-10-13,1,8.32765890603785e-45,1.0
2011-10-14,0,0.9999999356295305,6.437046926216786e-08
2011-10-15,1,2.835911105884288e-157,1.0
2011-10-16,0,0.9999999999996696,3.2947469897722843e-13
2011-10-17,0,0.8032911429473722,0.19670885705262797
2011-10-18,1,8.595947874137944e-17,1.0
2011-10-19,0,0.9999566474745355,4.33525254658048e-05
2011-10-20,0,0.9999704055212035,2.9594478797871422e-05
2011-10-21,0,0.9999939227135177,6.07728648146777e-06
2011-10-22,0,0.9993159609212412,0.0006840390787582993
2011-10-23,0,0.9999989483033099,1.051696688807302e-06
2011-10-24,1,6.88036979564817e-208,1.0
2011-10-25,1,0.0,1.0
2011-10-26,1,7.142546634080644e-197,1.0
2011-10-27,1,2.3367706005091688e-268,1.0
2011-10-28,1,1.9707145737414474e-188,1.0
2011-10-29,1,4.200982625850521e-05,0.9999579901737408
2011-10-30,0,1.0,3.953388911121925e-34
2011-10-31,0,0.9999999999993889,6.094910670196967e-13
2011-11-01,1,8.262094007675135e-93,1.0
2011-11-02,1,1.3942302378444945e-29,1.0
2011-11-03,1,6.118803701899686e-169,1.0
2011-11-04,1,7.520386586253181e-269,1.0
2011-11-05,1,0.42371586114822546,0.5762841388517743
2011-11-06,0,0.9997330439835,0.00026695601649945225
2011-11-07,1,0.00954465590570477,0.990455344094295
2011-11-08,1,5.238683082734563e-88,1.0
2011-11-09,1,1.189561093209697e-25,1.0
2011-11-10,1,3.558847038316485e-108,1.0
2011-11-11,1,1.4411407049422283e-81,1.0
2011-11-12,1,3.270430191177464e-25,1.0
2011-11-13,0,0.9998083594571205,0.00019164054287828275
2011-11-14,0,0.9999731839214847,2.6816078514581184e-05
2011-11-15,1,5.289830976008059e-31,1.0
2011-11-16,1,3.634659226494938e-98,1.0
2011-11-17,1,2.2977896737107543e-79,1.0
2011-11-18,1,1.32169078399155e-65,1.0
2011-11-19,1,2.4200503248908864e-33,1.0
2011-11-20,1,3.8923699971997593e-29,1.0
2011-11-21,1,1.1664697784296718e-197,1.0
2011-11-22,1,3.4892680849024554e-63,1.0
2011-11-23,1,5.942349341416502e-163,1.0
2011-11-24,1,7.968675202023837e-89,1.0
2011-11-25,0,0.9999999964452542,3.5547466363040746e-09
2011-11-26,1,4.529880369361715e-15,0.9999999999999964
2011-11-27,0,0.9999999168914079,8.310859142189407e-08
2011-11-28,1,6.688035211844523e-76,1.0
2011-11-29,1,9.53871936544455e-41,1.0
2011-11-30,1,0.0,1.0
2011-12-01,1,5.7687559720242864e-24,1.0
2011-12-02,1,4.540116485964792e-95,1.0
2011-12-03,0,0.6657689453269997,0.3342310546730004
2011-12-04,0,0.999999993969837,6.030162968939522e-09
2011-12-05,0,0.9999602051629739,3.97948370249897e-05
2011-12-06,0,0.9129824396684394,0.0870175603315602
2011-12-07,0,0.9999993327295537,6.672704465724232e-07
2011-12-08,0,0.999999999989118,1.0882061248755621e-11
2011-12-09,0,0.9999999999856577,1.4342407679919444e-11
2011-12-10,0,0.9999999999999076,9.245945335753204e-14
2011-12-11,0,0.9999999955580599,4.441941058894242e-09
2011-12-12,0,0.9999999954808025,4.519196634689352e-09
2011-12-13,1,5.465574997118454e-11,0.999999999945345
2011-12-14,1,1.0184691703894836e-13,0.9999999999998987
2011-12-15,1,1.0957766527126003e-17,1.0
2011-12-16,1,9.156685647678735e-41,1.0
2011-12-17,0,0.9999999018198599,9.818014077522042e-08
2011-12-18,0,0.9999999999984972,1.5031941685949898e-12
2011-12-19,0,0.9999999999728928,2.7106246127120065e-11
2011-12-20,0,0.9999999998017763,1.9822314820132707e-10
2011-12-21,0,0.9999999992175184,7.824808858887965e-10
2011-12-22,0,0.9999784935558077,2.1506444191876312e-05
2011-12-23,0,0.999999679243137,3.2075686252007227e-07
2011-12-24,0,0.9999999896530127,1.0346988267067286e-08
2011-12-25,0,0.9999999999999787,2.2424041472378388e-14
2011-12-26,1,9.944436901823598e-16,1.0
2011-12-27,1,1.0283275792767478e-64,1.0
2011-12-28,1,4.911141699857283e-15,0.9999999999999947
2011-12-29,1,2.5141484076330125e-15,0.9999999999999982
2011-12-30,1,5.675427897404192e-10,0.9999999994324575
2011-12-31,1,1.0820671754063702e-06,0.9999989179328238
2012-01-01,0,0.9999999786812028,2.131879673725238e-08
2012-01-02,1,2.88110240312896e-05,0.9999711889759693
2012-01-03,1,2.2407603006374515e-17,1.0
2012-01-04,0,0.846881787314613,0.15311821268538656
2012-01-05,0,0.9999980194590103,1.9805409889889444e-06
2012-01-06,0,0.9999997155552527,2.844447477048849e-07
2012-01-07,0,0.9999986249959963,1.3750040054831863e-06
2012-01-08,0,0.9999999867465235,1.3253477849320905e-08
2012-01-09,0,0.9999999814862053,1.8513794774144293e-08
2012-01-10,0,0.999999998756568,1.243433844270643e-09
2012-01-11,0,0.9999999986019219,1.3980794614422234e-09
2012-01-12,0,0.9999999983378274,1.6621733073049107e-09
2012-01-13,0,0.9999999999874767,1.2523644211659874e-11
2012-01-14,0,1.0,5.5606887626911406e-24
2012-01-15,0,0.999999999999762,2.394668597350248e-13
2012-01-16,0,0.9999999999997939,2.0561835027173304e-13
2012-01-17,1,0.0,1.0
2012-01-18,1,0.0,1.0
2012-01-19,1,5.842222286595122e-239,1.0
2012-01-20,0,0.9999999997320472,2.679512767614429e-10
2012-01-21,0,1.0,9.424642945615082e-28
2012-01-22,0,1.0,7.110700989282625e-17
2012-01-23,0,0.9999999998399822,1.6001722929418113e-10
2012-01-24,0,0.9999999986069383,1.3930625412101124e-09
2012-01-25,0,0.9999999781866828,2.1813316767962527e-08
2012-01-26,0,0.9999999984650785,1.5349227619509762e-09
2012-01-27,0,0.9999999998948041,1.0519660580814648e-10
2012-01-28,0,0.9999999999999716,2.8868184476444635e-14
2012-01-29,0,0.9999999999999964,4.815121423677098e-15
2012-01-30,1,0.003920722973458334,0.9960792770265415
2012-01-31,0,1.0,7.706182045129283e-16
2012-02-01,0,0.9999999999992539,7.46714262944584e-13
2012-02-02,0,0.9999999999991438,8.555919651720512e-13
2012-02-03,0,0.9999999996678071,3.32193801773927e-10
2012-02-04,0,0.9999999999684803,3.152114961707279e-11
2012-02-05,0,1.0,1.715530325589686e-29
2012-02-06,0,1.0,4.50301587011517e-17
2012-02-07,0,0.9999999999999964,4.4415225081870335e-15
2012-02-08,0,1.0,8.137628371487069e-20
2012-02-09,0,0.9999999999999858,1.4376158610505956e-14
2012-02-10,0,0.9999999999998899,1.1002965651310546e-13
2012-02-11,0,0.9999999999999858,1.5671032275579906e-14
2012-02-12,0,1.0,1.9119228387712894e-16
2012-02-13,0,0.9999999955469541,4.4530465308548445e-09
2012-02-14,0,0.9999999999331735,6.682646630029451e-11
2012-02-15,0,1.0,1.6453949852955402e-15
2012-02-16,0,0.999999999881684,1.1831459468236802e-10
2012-02-17,0,0.9999999632503644,3.674963561594915e-08
2012-02-18,0,0.9999214751546756,7.85248453248471e-05
2012-02-19,0,0.992967479261898,0.00703252073810185
2012-02-20,0,0.9999995255516925,4.744483067645741e-07
2012-02-21,1,7.860358873060453e-246,1.0
2012-02-22,1,1.0942049969592125e-49,1.0
2012-02-23,1,1.8071760240288024e-64,1.0
2012-02-24,0,0.9999974234770345,2.5765229646891355e-06
2012-02-25,1,1.8474488389381628e-26,1.0
2012-02-26,0,0.9999982263766957,1.773623306024288e-06
2012-02-27,1,1.7319568294890656e-93,1.0
2012-02-28,1,8.875549362808968e-49,1.0
2012-02-29,0,0.9999862750274519,1.3724972547249598e-05
2012-03-01,0,0.9999907481919288,9.251808071417768e-06
2012-03-02,0,0.9999999501312379,4.9868763723623266e-08
2012-03-03,0,1.0,4.3094909906296947e-16
2012-03-04,0,0.9999999999999964,5.033600831638603e-15
2012-03-05,0,0.9998862634629482,0.00011373653705267671
2012-03-06,0,0.9999999994173514,5.82647355462683e-10
2012-03-07,0,0.999999995457916,4.542083475991859e-09
2012-03-08,0,0.9999999748865033,2.511349778888039e-08
2012-03-09,0,0.998097174623485,0.0019028253765153436
2012-03-10,0,0.9999999933478563,6.652143192621384e-09
2012-03-11,0,0.9999999947024882,5.297510361467748e-09
2012-03-12,0,0.9999999999999076,9.24525758020973e-14
2012-03-13,0,1.0,4.18076371683797e-21
2012-03-14,0,1.0,5.49829409856451e-17
2012-03-15,0,0.9999999864442799,1.3555721256959756e-08
2012-03-16,0,0.9999999999999964,4.059810107344618e-15
2012-03-17,0,1.0,7.405720484348013e-16
2012-03-18,0,0.9999999999921307,7.870999649996473e-12
2012-03-19,0,0.999999999999666,3.330629603948931e-13
2012-03-20,1,1.871095301324625e-14,0.9999999999999822
2012-03-21,0,0.9999999999697025,3.0295880453708606e-11
2012-03-22,0,0.9999999999644729,3.552787597802169e-11
2012-03-23,0,0.9999999999778701,2.212968465235488e-11
2012-03-24,0,1.0,1.061724335173868e-34
2012-03-25,0,1.0,6.723344690582846e-22
2012-03-26,0,0.9999999923310234,7.668976229571988e-09
2012-03-27,0,0.9999999905636372,9.436362494282659e-09
2012-03-28,0,1.0,5.581348124474382e-22
2012-03-29,0,1.0,8.362861917689278e-20
2012-03-30,1,6.158438611128512e-08,0.9999999384156145
2012-03-31,0,0.9999997932123607,2.0678764121078077e-07
2012-04-01,0,1.0,6.445485648506566e-18
2012-04-02,0,0.9923237109672637,0.007676289032737066
2012-04-03,0,0.999999950549673,4.945032627096098e-08
2012-04-04,0,0.9999999994815028,5.184961355376686e-10
2012-04-05,0,0.999999999983185,1.681657208753324e-11
2012-04-06,0,1.0,5.875496027529472e-16
2012-04-07,0,0.999999920481446,7.951855495273552e-08
2012-04-08,0,0.9999999999999787,2.1560354656773888e-14
2012-04-09,0,0.9999998920413184,1.0795868086384486e-07
2012-04-10,0,0.9999383388495909,6.166115040919204e-05
2012-04-11,0,0.9999999454383378,5.456166167718727e-08
2012-04-12,0,0.6537425241749096,0.3462574758250898
2012-04-13,1,2.0267626195393016e-22,1.0
2012-04-14,0,0.999999999999627,3.7469027791257256e-13
2012-04-15,0,1.0,1.3133771500815857e-15
2012-04-16,1,7.3511122485282e-29,1.0
2012-04-17,1,8.822385548585877e-18,1.0
2012-04-18,1,4.0100817037906297e-10,0.9999999995989928
2012-04-19,1,7.768677337822655e-58,1.0
2012-04-20,0,0.9999999588690907,4.11309109707508e-08
2012-04-21,0,0.9999999999425206,5.748093477188228e-11
2012-04-22,0,0.9999999995125677,4.874341164506675e-10
2012-04-23,1,5.949407884872442e-46,1.0
2012-04-24,1,2.4233319657375628e-26,1.0
2012-04-25,1,7.24742282988858e-31,1.0
2012-04-26,0,0.9999996547239284,3.4527607138865865e-07
2012-04-27,0,0.9999999665685527,3.343144692773499e-08
2012-04-28,0,0.9999999999526281,4.7371783652645066e-11
2012-04-29,0,1.0,1.0087372657963291e-16
2012-04-30,0,0.9995004364745214,0.0004995635254790981
2012-05-01,0,1.0,1.0828183241995212e-34
2012-05-02,0,1.0,5.8264107493909826e-31
2012-05-03,0,1.0,1.3996620170520721e-39
2012-05-04,0,1.0,2.68241509861883e-27
2012-05-05,0,1.0,1.040094397926256e-30
2012-05-06,0,1.0,8.559849304594752e-16
2012-05-07,0,0.9999999999998295,1.7009200942571576e-13
2012-05-08,0,0.9999999932457371,6.754263346015002e-09
2012-05-09,0,0.9999979687621117,2.031237889914531e-06
2012-05-10,0,0.9999609004603883,3.9099539611476704e-05
2012-05-11,1,1.992300573428966e-18,1.0
2012-05-12,0,1.0,2.2344304524591696e-37
2012-05-13,0,1.0,8.986782220894587e-17
2012-05-14,0,0.9999999992503525,7.496458647547332e-10
2012-05-15,1,3.076462039171016e-16,1.0
2012-05-16,1,1.0596868822086108e-15,0.9999999999999982
2012-05-17,0,0.9999699709688114,3.0029031189835426e-05
2012-05-18,0,0.9999095640287431,9.043597125617069e-05
2012-05-19,0,0.9999999999932427,6.7572906247351295e-12
2012-05-20,0,1.0,5.857628765996759e-16
2012-05-21,0,0.999999999999968,3.3651125908663254e-14
2012-05-22,0,0.9999999996790017,3.2099961592630525e-10
2012-05-23,0,0.9999977530874863,2.2469125149340668e-06
2012-05-24,1,1.91607355083288e-07,0.9999998083926448
2012-05-25,0,0.9999999502277864,4.9772213477435477e-08
2012-05-26,0,0.999999999999666,3.353714120425147e-13
2012-05-27,0,1.0,2.1478115344068967e-36
2012-05-28,0,0.9999999995600533,4.399454981138133e-10
2012-05-29,0,0.9999999926721941,7.327806217185182e-09
2012-05-30,0,0.999999999953662,4.633765416908753e-11
2012-05-31,0,1.0,2.9722734468863945e-16
2012-06-01,0,1.0,2.1867786619110983e-22
2012-06-02,0,1.0,3.5045481171420355e-16
2012-06-03,0,0.9999999999999964,2.686727957510282e-15
2012-06-04,0,0.9999998285713407,1.714286596913113e-07
2012-06-05,0,0.9999938585459996,6.141454001659792e-06
2012-06-06,1,0.0,1.0
2012-06-07,1,1.191794023595083e-120,1.0
2012-06-08,0,0.8864193383950701,0.11358066160493056
2012-06-09,1,4.121719172416775e-08,0.9999999587828077
2012-06-10,0,0.8259563020215608,0.17404369797843966
2012-06-11,0,0.9999998612327435,1.38767258056819e-07
2012-06-12,0,0.9980092804700006,0.0019907195299981605
2012-06-13,1,7.949644580423222e-09,0.9999999920503555
2012-06-14,0,0.9999999898886855,1.0111314485586179e-08
2012-06-15,0,0.9999999356474788,6.435252034953225e-08
2012-06-16,0,0.9999999999999076,9.17781342128161e-14
2012-06-17,0,1.0,1.3399092616610212e-34
2012-06-18,0,0.9999999999999964,4.112374628298717e-15
2012-06-19,1,1.2642378420200813e-17,1.0
2012-06-20,1,8.708846585496559e-35,1.0
2012-06-21,0,0.999952050082986,4.794991701374432e-05
2012-06-22,0,0.9999999993934807,6.065205516626399e-10
2012-06-23,0,0.9999999999351665,6.483427906845683e-11
2012-06-24,0,1.0,1.803709010538612e-15
2012-06-25,0,0.9999999999838209,1.6177508033967137e-11
2012-06-26,0,1.0,1.5836003114139435e-15
2012-06-27,1,0.00042918363567794965,0.9995708163643225
2012-06-28,1,1.3251088279210646e-68,1.0
2012-06-29,1,3.398449053664099e-24,1.0
2012-06-30,0,0.9999999828233471,1.7176653675988243e-08
2012-07-01,0,0.9999999999994564,5.432927007005293e-13
2012-07-02,1,0.3750659401905633,0.624934059809436
2012-07-03,0,0.9764076641024523,0.023592335897547626
2012-07-04,0,0.9999999999581775,4.182172342347246e-11
2012-07-05,0,0.9999999710376675,2.8962334076619843e-08
2012-07-06,0,0.9999276464542828,7.235354571893357e-05
2012-07-07,0,0.9998973216936506,0.00010267830635107346
2012-07-08,0,0.9999999999999858,1.4610765879853832e-14
2012-07-09,1,8.232184176632062e-30,1.0
2012-07-10,1,4.27389455412396e-17,1.0
2012-07-11,1,3.4079671056957355e-127,1.0
2012-07-12,1,2.8348005618364317e-33,1.0
2012-07-13,0,0.9999937320689943,6.267931005802526e-06
2012-07-14,0,1.0,6.153520580512887e-17
2012-07-15,0,0.9999999987447019,1.2552993257653726e-09
2012-07-16,1,1.2666013873253248e-10,0.9999999998733404
2012-07-17,1,3.749297220700957e-40,1.0
2012-07-18,1,9.24136780219679e-292,1.0
2012-07-19,1,8.672506639759029e-134,1.0
2012-07-20,0,0.9999999996317541,3.6824496363112843e-10
2012-07-21,1,7.233812982194688e-07,0.9999992766187026
2012-07-22,0,0.9999999996383195,3.6167985913084487e-10
2012-07-23,1,2.425233878874929e-33,1.0
2012-07-24,1,3.764439437824172e-10,0.9999999996235562
2012-07-25,1,0.00014418516736467362,0.9998558148326351
2012-07-26,1,2.67669362003248e-99,1.0
2012-07-27,1,1.2250040392965763e-90,1.0
2012-07-28,1,8.29911805744436e-12,0.9999999999917009
2012-07-29,0,0.9575403842991198,0.04245961570087965
2012-07-30,0,0.9999972054680061,2.7945319956178544e-06
2012-07-31,0,0.9999999999999574,4.444111643033743e-14
2012-08-01,1,1.7768116929648713e-23,1.0
2012-08-02,1,7.590904739489737e-19,1.0
2012-08-03,1,7.575679737487051e-10,0.9999999992424318
2012-08-04,1,9.004789166630795e-41,1.0
2012-08-05,0,0.9999998711544625,1.2884553804508328e-07
2012-08-06,0,0.8211671607151663,0.1788328392848348
2012-08-07,1,2.9534045425122003e-16,1.0
2012-08-08,0,0.9999999907822961,9.217703882733363e-09
2012-08-09,0,0.9999999359138292,6.408616944091884e-08
2012-08-10,1,2.591989757598642e-29,1.0
2012-08-11,1,4.9704724789259997e-23,1.0
2012-08-12,0,0.9952796108989987,0.0047203891009998215
2012-08-13,1,1.982396280948557e-27,1.0
2012-08-14,1,3.3814900946866855e-76,1.0
2012-08-15,0,0.999999998487251,1.5127505606455977e-09
2012-08-16,0,0.9999996736959922,3.263040093667401e-07
2012-08-17,0,1.0,1.3953117831860124e-15
2012-08-18,0,0.9999999984000105,1.599987825881413e-09
2012-08-19,0,0.9999999999425597,5.744063601177491e-11
2012-08-20,1,5.851703516071346e-31,1.0
2012-08-21,0,0.9999999955751839,4.424814787539311e-09
2012-08-22,0,0.9999997662363203,2.337636781066669e-07
2012-08-23,0,0.999999995891919,4.1080807332091356e-09
2012-08-24,1,2.8267292151747926e-14,0.9999999999999716
2012-08-25,1,1.1061279502900772e-13,0.9999999999998899
2012-08-26,1,0.00016965695035029313,0.9998303430496503
2012-08-27,1,7.116530776924187e-43,1.0
2012-08-28,1,2.648524008653268e-41,1.0
2012-08-29,1,1.7666367830154946e-46,1.0
2012-08-30,1,0.00016791340502755384,0.9998320865949718
2012-08-31,1,4.6740047227010935e-90,1.0
2012-09-01,0,0.9999992987341962,7.012658021980978e-07
2012-09-02,0,1.0,2.4793712677020278e-30
2012-09-03,0,0.9999999997453521,2.5464777873532344e-10
2012-09-04,0,0.9999999966912405,3.308759120380614e-09
2012-09-05,0,0.9999999936420316,6.3579674065697126e-09
2012-09-06,1,5.563875840683749e-116,1.0
2012-09-07,1,1.67654213249411e-27,1.0
2012-09-08,1,3.1456818008813573e-24,1.0
2012-09-09,0,0.9999999998138236,1.8617782388152065e-10
2012-09-10,0,0.999999990277459,9.722539307079084e-09
2012-09-11,1,0.04143994098265085,0.9585600590173485
2012-09-12,0,0.999999998929038,1.07096270410836e-09
2012-09-13,0,0.9999999999999645,3.571685358693642e-14
2012-09-14,0,0.9999999493708542,5.062914643636479e-08
2012-09-15,0,1.0,9.2673638610882e-19
2012-09-16,0,0.9985941568178475,0.001405843182153538
2012-09-17,1,6.154207356392546e-173,1.0
2012-09-18,1,1.583238715746035e-195,1.0
2012-09-19,1,2.364388946184429e-46,1.0
2012-09-20,1,1.4411747304220383e-20,1.0
2012-09-21,1,3.33938662887101e-222,1.0
2012-09-22,0,0.9999999827361742,1.7263826850680704e-08
2012-09-23,0,0.9999999999394262,6.057315427471507e-11
2012-09-24,1,2.0271959303732583e-59,1.0
2012-09-25,1,4.6863303407061594e-17,1.0
2012-09-26,0,0.9999996480259392,3.519740609926268e-07
2012-09-27,1,8.470057637046254e-262,1.0
2012-09-28,1,1.3504940664973538e-96,1.0
2012-09-29,0,0.9999874144576617,1.258554233850253e-05
2012-09-30,0,0.9999221006619181,7.789933808138172e-05
2012-10-01,0,0.9999791936634552,2.0806336544119728e-05
2012-10-02,0,0.905298635771741,0.09470136422825826
2012-10-03,1,3.0459367475885076e-15,0.9999999999999964
2012-10-04,1,1.1970089328573814e-61,1.0
2012-10-05,1,3.4791205455563883e-103,1.0
2012-10-06,0,0.9995982035562527,0.00040179644374627757
2012-10-07,0,0.9950644637405653,0.0049355362594350975
2012-10-08,1,2.4021308273097775e-12,0.9999999999975984
2012-10-09,1,0.0,1.0
2012-10-10,1,0.0,1.0
2012-10-11,0,0.9999989079167649,1.0920832345201268e-06
2012-10-12,0,0.999999991382623,8.617378722343118e-09
2012-10-13,0,0.9999999999940208,5.9787661851590585e-12
2012-10-14,0,1.0,3.129870234278254e-19
2012-10-15,0,0.9999999646153241,3.5384675170293745e-08
2012-10-16,0,0.9999999680805806,3.1919419146184295e-08
2012-10-17,0,0.999999999738975,2.6102633259700727e-10
2012-10-18,0,1.0,5.645056640852616e-16
2012-10-19,0,1.0,1.35190942121628e-18
2012-10-20,0,0.9999999999806093,1.9389778476441943e-11
2012-10-21,0,0.9999999999999254,7.536121911567115e-14
2012-10-22,1,3.2157901265386056e-43,1.0
2012-10-23,1,2.2018714316666614e-26,1.0
2012-10-24,0,0.9947967485788508,0.005203251421147456
2012-10-25,0,0.9999999996725677,3.2743154671183723e-10
2012-10-26,1,9.299010974135692e-06,0.9999907009890268
2012-10-27,0,1.0,9.185220176480717e-18
2012-10-28,0,0.9999999952589675,4.741031321844989e-09
2012-10-29,0,0.9998530222312124,0.0001469777687875616
2012-10-30,1,0.024415642514082042,0.9755843574859175
2012-10-31,0,0.9999999953667107,4.633290711402472e-09
2012-11-01,1,4.860628825461397e-90,1.0
2012-11-02,0,0.9999999967930293,3.206971801550737e-09
2012-11-03,0,0.9999999999545892,4.5412073499114e-11
2012-11-04,0,0.9999999999946212,5.378913351072164e-12
2012-11-05,0,0.9999999872356895,1.2764311025186972e-08
2012-11-06,0,1.0,1.5582144862353623e-16
2012-11-07,0,0.9999997827418975,2.1725810390909558e-07
2012-11-08,0,0.9999976506630502,2.349336951099883e-06
2012-11-09,0,1.0,1.5311738441562078e-15
2012-11-10,0,0.9999999549455448,4.505445366206976e-08
2012-11-11,1,8.923459563030802e-05,0.999910765404369
2012-11-12,0,1.0,1.5687039584531356e-17
2012-11-13,1,7.312564377517802e-12,0.9999999999926867
2012-11-14,1,1.0742535344197056e-15,0.9999999999999982
2012-11-15,0,0.9689223696295786,0.031077630370420994
2012-11-16,0,1.0,8.39577505299389e-18
2012-11-17,0,0.9999998894256227,1.1057437708238741e-07
2012-11-18,0,0.9999994686705652,5.313294344012018e-07
2012-11-19,1,2.324979372785828e-18,1.0
2012-11-20,0,0.9999998730819978,1.269180040314293e-07
2012-11-21,1,7.12572431528703e-17,1.0
2012-11-22,0,0.9518230417336992,0.04817695826630079
2012-11-23,1,0.0006732357472169103,0.9993267642527829
2012-11-24,0,0.9999929806116172,7.019388381752879e-06
2012-11-25,0,0.9999998508322041,1.4916779557916116e-07
2012-11-26,1,2.1259735591370078e-138,1.0
2012-11-27,1,0.0,1.0
2012-11-28,1,0.0,1.0
2012-11-29,1,1.6198906902702982e-271,1.0
2012-11-30,1,5.439130294869291e-40,1.0
2012-12-01,1,1.7438139092924213e-257,1.0
2012-12-02,1,0.0,1.0
2012-12-03,1,0.0,1.0
2012-12-04,1,5.942497525102839e-16,1.0
2012-12-05,1,1.4309172073380357e-37,1.0
2012-12-06,1,2.6191497021890433e-219,1.0
2012-12-07,1,2.9734060090592524e-29,1.0
2012-12-08,1,1.663940706599238e-29,1.0
2012-12-09,0,0.9999999785517704,2.144823067765831e-08
2012-12-10,1,1.2423595231453968e-45,1.0
2012-12-11,0,0.9999994271420583,5.728579409702889e-07
2012-12-12,0,0.9999978002508705,2.1997491304206548e-06
2012-12-13,0,0.9999999574055254,4.259447315060417e-08
2012-12-14,0,0.9911182252454362,0.008881774754563925
2012-12-15,0,0.9999999754418955,2.4558104723682465e-08
2012-12-16,1,6.49282486675675e-16,1.0
2012-12-17,0,0.9999997700093546,2.2999064672462191e-07
2012-12-18,0,0.9999999999999716,2.8533385536042214e-14
2012-12-19,0,0.9999999999446807,5.5320476735009124e-11
2012-12-20,0,0.9999999991742925,8.257093016401331e-10
2012-12-21,0,1.0,1.5269058470974046e-15
2012-12-22,0,1.0,7.715649662083553e-17
2012-12-23,0,0.9999999999737916,2.6207665749011685e-11
2012-12-24,0,0.9999999995187423,4.812563932282855e-10
2012-12-25,0,0.9999999970339317,2.9660671370562205e-09
2012-12-26,0,0.9999999984901535,1.5098464519103292e-09
2012-12-27,0,0.9999999999992326,7.671976771794961e-13
2012-12-28,0,0.9999999999999609,3.94089819402466e-14
2012-12-29,1,8.23813175209405e-38,1.0
2012-12-30,1,1.2407122462290781e-30,1.0
2012-12-31,1,0.011670968038114817,0.9883290319618849
2013-01-01,1,3.183088161263858e-06,0.9999968169118388
2013-01-02,1,4.496193180798421e-25,1.0
2013-01-03,0,0.999999985554517,1.4445482107805368e-08
2013-01-04,0,0.9999999999999964,2.3916729171021746e-15
2013-01-05,0,0.9999999999998543,1.4479650284639758e-13
2013-01-06,0,0.9999999999997087,2.9276518434436314e-13
2013-01-07,0,1.0,3.982367611268368e-16
2013-01-08,0,0.9708071571143989,0.029192842885601533
2013-01-09,1,0.0,1.0
2013-01-10,0,0.9999999999991971,8.036889909393539e-13
2013-01-11,0,0.9999999979431919,2.0568097829011262e-09
2013-01-12,0,0.9999999999999893,1.2132492510428729e-14
2013-01-13,1,5.072637891234259e-54,1.0
2013-01-14,0,0.9999999998676223,1.3237786941699448e-10
2013-01-15,0,0.9999999999945963,5.404046240193414e-12
2013-01-16,0,0.9999999999997087,2.9032932177511294e-13
2013-01-17,0,0.9999999999999929,6.2959694658355304e-15
2013-01-18,0,0.9999999173729249,8.262707591315919e-08
2013-01-19,0,0.9999993211662387,6.788337600309788e-07
2013-01-20,0,0.9999999999998224,1.7713706350789927e-13
2013-01-21,1,1.2963238427571329e-32,1.0
2013-01-22,0,0.9999998719615075,1.2803849161511e-07
2013-01-23,0,0.9999999998878337,1.1216668498386657e-10
2013-01-24,0,0.9999999997580176,2.419827596753812e-10
2013-01-25,0,0.787154954789581,0.21284504521041805
2013-01-26,0,0.9999017036928024,9.829630719731944e-05
2013-01-27,0,0.9999999998083133,1.9168657666381826e-10
2013-01-28,0,0.9999999776658834,2.2334114938472814e-08
2013-01-29,1,7.760817341706541e-190,1.0
2013-01-30,0,0.9999783371183864,2.1662881614609638e-05
2013-01-31,0,0.9191097880552083,0.08089021194479158
2013-02-01,0,1.0,2.268008169386859e-16
2013-02-02,0,0.9999999892781481,1.072185162544142e-08
2013-02-03,1,0.001495330092079186,0.9985046699079214
2013-02-04,1,0.04726163590075494,0.9527383640992444
2013-02-05,1,3.323478598890882e-81,1.0
2013-02-06,0,0.999484048721067,0.0005159512789317886
2013-02-07,1,5.923642513966306e-19,1.0
2013-02-08,0,0.9999999994106545,5.893451373783225e-10
2013-02-09,0,0.9999999998430589,1.5693947047728455e-10
2013-02-10,0,0.9999997592766446,2.407233551146897e-07
2013-02-11,0,0.7268958365368253,0.27310416346317395
2013-02-12,1,0.0,1.0
2013-02-13,0,0.9999999988006891,1.1993098733815128e-09
2013-02-14,0,0.9999999999277911,7.220903770931841e-11
2013-02-15,0,0.9999999999999858,1.580863518880599e-14
2013-02-16,0,0.9999999999996554,3.4490129072162545e-13
2013-02-17,0,0.9999999242878801,7.571211947835858e-08
2013-02-18,0,0.9999999992912905,7.087087608535064e-10
2013-02-19,1,3.5157935863391724e-124,1.0
2013-02-20,0,1.0,8.324433072193841e-37
2013-02-21,0,1.0,4.3078249445256004e-17
2013-02-22,1,3.0122154378828597e-15,0.9999999999999964
2013-02-23,0,1.0,2.989153154164364e-33
2013-02-24,0,0.999999989844401,1.0155597543021028e-08
2013-02-25,0,0.9999999706283771,2.937162141886547e-08
2013-02-26,1,6.289785246243392e-33,1.0
2013-02-27,1,2.425141394860157e-28,1.0
2013-02-28,1,0.00011255395318544993,0.9998874460468149
2013-03-01,0,0.9947439345189198,0.005256065481080691
2013-03-02,0,0.9999973643575283,2.635642470988908e-06
2013-03-03,0,0.9999999908584556,9.141542778403889e-09
2013-03-04,0,0.9999997522725281,2.4772747150019116e-07
2013-03-05,1,0.0,1.0
2013-03-06,0,0.8851209358442506,0.11487906415574875
2013-03-07,0,0.9998658357731998,0.00013416422680161393
2013-03-08,1,0.0,1.0
2013-03-09,0,0.9999999454156893,5.4584312146084246e-08
2013-03-10,0,0.9999999999997016,2.9863196163788846e-13
2013-03-11,0,0.9999999840733304,1.5926670590081944e-08
2013-03-12,1,7.318740871191098e-162,1.0
2013-03-13,1,0.0,1.0
2013-03-14,1,1.5095640432018502e-37,1.0
2013-03-15,0,0.9999999917122828,8.28771689523215e-09
2013-03-16,1,3.102932003790793e-07,0.9999996897067993
2013-03-17,0,0.999999994028979,5.9710222112053515e-09
2013-03-18,1,5.861035840241156e-149,1.0
2013-03-19,0,0.9999909988871054,9.001112893885638e-06
2013-03-20,1,0.0,1.0
2013-03-21,1,1.934195303575924e-210,1.0
2013-03-22,1,7.782195647768885e-26,1.0
2013-03-23,1,1.804980746141827e-05,0.9999819501925387
2013-03-24,0,0.9999957098380688,4.2901619306252795e-06
2013-03-25,1,0.01693753169925775,0.9830624683007421
2013-03-26,1,5.93e-322,1.0
2013-03-27,1,2.948810731484133e-28,1.0
2013-03-28,0,0.9999999999351346,6.486720203315183e-11
2013-03-29,0,0.9999992704493753,7.295506259110289e-07
2013-03-30,0,0.9615672163602675,0.03843278363973313
2013-03-31,1,0.172773881482461,0.8272261185175399
2013-04-01,1,6.610905823456477e-52,1.0
2013-04-02,0,0.9999999991853201,8.146783087956209e-10
2013-04-03,0,0.9999999156276296,8.43723710540771e-08
2013-04-04,0,0.9999997978373676,2.021626336222309e-07
2013-04-05,0,0.9954546602450834,0.004545339754915805
2013-04-06,0,0.9999999967099171,3.2900819098726253e-09
2013-04-07,0,0.9999997283954953,2.716045044840126e-07
2013-04-08,1,1.9801684378433224e-06,0.9999980198315613
2013-04-09,1,1.9913167583951727e-50,1.0
2013-04-10,1,7.214094720840356e-130,1.0
2013-04-11,1,8.06380317042508e-170,1.0
2013-04-12,1,0.05867608181493035,0.9413239181850688
2013-04-13,1,4.948914774145876e-300,1.0
2013-04-14,0,0.9999301508323198,6.984916768155518e-05
2013-04-15,1,3.872580273915027e-265,1.0
2013-04-16,1,3.4302124124571834e-31,1.0
2013-04-17,1,2.748869596496624e-11,0.9999999999725109
2013-04-18,1,2.6194828556502032e-45,1.0
2013-04-19,1,0.0,1.0
2013-04-20,1,0.0,1.0
2013-04-21,1,6.758490148966168e-116,1.0
2013-04-22,1,6.0426026424663926e-30,1.0
2013-04-23,1,1.1930006709433897e-55,1.0
2013-04-24,1,2.370042346428088e-25,1.0
2013-04-25,0,0.999999999881279,1.1871943377605372e-10
2013-04-26,0,0.9999999970112832,2.988716396669766e-09
2013-04-27,0,0.9999996306782719,3.6932172971564167e-07
2013-04-28,0,0.9999999866547107,1.334528972538106e-08
2013-04-29,0,0.9998228583722915,0.0001771416277083656
2013-04-30,0,0.999999931770058,6.8229942184781e-08
2013-05-01,0,0.9999999973411526,2.6588477705648775e-09
2013-05-02,0,0.9999999920907996,7.90919981261966e-09
2013-05-03,0,0.999999999999492,5.084674921181171e-13
2013-05-04,0,1.0,1.151504631805795e-15
2013-05-05,0,1.0,4.2571531873491933e-19
2013-05-06,1,6.609482335342212e-125,1.0
2013-05-07,1,4.7431032199451864e-222,1.0
2013-05-08,1,1.2146931505997303e-14,0.9999999999999878
2013-05-09,1,1.8192246816376126e-38,1.0
2013-05-10,0,1.0,1.0449888245167805e-17
2013-05-11,1,5.16232569323348e-41,1.0
2013-05-12,0,0.9999999996075566,3.9244424190061533e-10
2013-05-13,0,0.9999998904186949,1.0958130614800524e-07
2013-05-14,1,0.0018794561703564029,0.9981205438296439
2013-05-15,1,2.8754490921293845e-28,1.0
2013-05-16,0,0.999999896850797,1.0314920282873873e-07
2013-05-17,0,0.9999999998895248,1.1047504520819815e-10
2013-05-18,0,1.0,3.2569472033222474e-17
2013-05-19,0,0.9999998152727791,1.8472721905037973e-07
2013-05-20,1,2.333869169099423e-38,1.0
2013-05-21,1,2.659603731774202e-197,1.0
2013-05-22,1,5.025122103017616e-95,1.0
2013-05-23,0,0.9999999999820481,1.7950878720327802e-11
2013-05-24,1,6.92270453027879e-302,1.0
2013-05-25,1,0.0,1.0
2013-05-26,1,0.39677358917190264,0.6032264108280968
2013-05-27,1,0.0,1.0
2013-05-28,1,9.214751638236009e-296,1.0
2013-05-29,1,0.0,1.0
2013-05-30,1,2.706825970884366e-75,1.0
2013-05-31,1,3.529100858106268e-177,1.0
2013-06-01,1,8.920264130698418e-76,1.0
2013-06-02,0,0.9999997070482575,2.92951744383887e-07
2013-06-03,0,0.9921456979528251,0.007854302047175252
2013-06-04,1,8.388779241621861e-188,1.0
2013-06-05,1,6.732328927568752e-11,0.999999999932677
2013-06-06,0,0.9999503270383898,4.967296160988016e-05
2013-06-07,1,2.4653394402996908e-80,1.0
2013-06-08,1,5.136299742561574e-16,1.0
2013-06-09,0,1.0,9.214918693927253e-35
2013-06-10,1,5.745933011571399e-55,1.0
2013-06-11,0,1.0,1.4699991660713731e-16
2013-06-12,0,0.9999931284354824,6.87156451938279e-06
2013-06-13,0,0.9999999724780618,2.7521936331451734e-08
2013-06-14,1,1.3329930412707619e-43,1.0
2013-06-15,1,5.862948743557871e-29,1.0
2013-06-16,0,0.9999999857846049,1.4215395197882777e-08
2013-06-17,1,0.0030188131728042062,0.9969811868271949
2013-06-18,1,2.8053511233425625e-98,1.0
2013-06-19,1,8.25591425371791e-51,1.0
2013-06-20,1,1.1848029559000477e-205,1.0
2013-06-21,1,2.5353061136790015e-45,1.0
2013-06-22,1,5.592354799908239e-06,0.9999944076452003
2013-06-23,0,0.9952103692355756,0.004789630764423051
2013-06-24,1,8.774454477343607e-44,1.0
2013-06-25,0,0.9999999986586978,1.3413007831288112e-09
2013-06-26,0,0.9999999980385823,1.961417464408802e-09
2013-06-27,0,0.9999999492769525,5.0723048078801916e-08
2013-06-28,1,2.3869116968401545e-22,1.0
2013-06-29,1,1.4916325643267453e-23,1.0
2013-06-30,1,2.714982953192544e-141,1.0
2013-07-01,0,0.9999997669614183,2.330385832154901e-07
2013-07-02,0,0.99986263861359,0.0001373613864115142
2013-07-03,0,1.0,5.769981076923847e-24
2013-07-04,1,4.180001417912212e-12,0.9999999999958202
2013-07-05,0,0.999999914313893,8.56861080983261e-08
2013-07-06,1,1.1078548897569592e-09,0.9999999988921449
2013-07-07,1,8.424133469056359e-291,1.0
2013-07-08,0,0.9999772177410665,2.2782258932552703e-05
2013-07-09,1,5.112220860930459e-89,1.0
2013-07-10,1,1.5784656294087445e-67,1.0
2013-07-11,1,0.0,1.0
2013-07-12,1,5.1976326854687756e-43,1.0
2013-07-13,1,5.292325840129167e-19,1.0
2013-07-14,1,0.0034718475128755447,0.9965281524871243
2013-07-15,1,1.767977453317195e-71,1.0
2013-07-16,0,0.9999998786149009,1.2138510086845803e-07
2013-07-17,0,0.9999999053531896,9.464681050530566e-08
2013-07-18,1,2.180281998198299e-102,1.0
2013-07-19,1,0.0002932626815438593,0.9997067373184556
2013-07-20,1,7.309597941476953e-18,1.0
2013-07-21,1,0.0014871345994747433,0.9985128654005252
2013-07-22,1,3.7867139596460613e-261,1.0
2013-07-23,1,1.3840642676153551e-74,1.0
2013-07-24,1,4.0907171561026696e-103,1.0
2013-07-25,1,1.4817457208706857e-93,1.0
2013-07-26,1,4.705951723490421e-43,1.0
2013-07-27,1,0.0,1.0
2013-07-28,1,0.0,1.0
2013-07-29,1,0.0,1.0
2013-07-30,1,1.914982305791638e-222,1.0
2013-07-31,1,3.35244357065966e-76,1.0
2013-08-01,1,8.105843206808812e-06,0.9999918941567932
2013-08-02,0,0.999999336411946,6.635880523780404e-07
2013-08-03,0,0.9999999810058287,1.8994170326760998e-08
2013-08-04,0,0.9999999903223546,9.677645230838494e-09
2013-08-05,0,0.9999999995696349,4.3036517065141877e-10
2013-08-06,0,1.0,1.0763800388861148e-16
2013-08-07,0,0.9999869979358259,1.3002064173680377e-05
2013-08-08,0,0.9999999986214476,1.378551923075149e-09
2013-08-09,1,1.8524402515109818e-115,1.0
2013-08-10,0,0.9999999994551168,5.448845902197212e-10
2013-08-11,0,0.9946932736830969,0.005306726316902957
2013-08-12,1,2.080136961282858e-242,1.0
2013-08-13,1,0.0,1.0
2013-08-14,1,1.8544746275305529e-305,1.0
2013-08-15,1,2.043842453909034e-237,1.0
2013-08-16,1,9.173178128115221e-41,1.0
2013-08-17,1,0.0008714896460267955,0.9991285103539735
2013-08-18,0,0.9999612571487355,3.8742851263769066e-05
2013-08-19,0,0.9999934159055003,6.584094500859903e-06
2013-08-20,1,2.675502024966285e-05,0.9999732449797494
2013-08-21,0,0.9999999731681161,2.6831884972785554e-08
2013-08-22,1,1.5026691033115034e-213,1.0
2013-08-23,1,7.044004635336365e-229,1.0
2013-08-24,1,3.222613687785889e-123,1.0
2013-08-25,1,1.1484844270272246e-39,1.0
2013-08-26,1,1.392842491038103e-59,1.0
2013-08-27,0,1.0,1.1972766272680303e-16
2013-08-28,1,3.8112250871765447e-19,1.0
2013-08-29,1,6.20310083909065e-56,1.0
2013-08-30,1,0.0,1.0
2013-08-31,1,3.633996890897686e-263,1.0
2013-09-01,0,0.9999999999991687,8.324563274464241e-13
2013-09-02,1,5.37198244817095e-26,1.0
2013-09-03,0,0.9999999750812204,2.4918778945730522e-08
2013-09-04,1,6.511711239271261e-68,1.0
2013-09-05,1,2.4597924913223043e-91,1.0
2013-09-06,1,3.039060820361555e-42,1.0
2013-09-07,0,0.9999999224626629,7.753733818439531e-08
2013-09-08,1,4.758857901488854e-187,1.0
2013-09-09,1,7.656795982023016e-33,1.0
2013-09-10,1,0.2811278835206119,0.7188721164793881
2013-09-11,0,0.9919580176020616,0.008041982397939029
2013-09-12,1,1.7858393773633322e-72,1.0
2013-09-13,0,0.9954425697133923,0.004557430286607976
2013-09-14,1,6.367922085292649e-69,1.0
2013-09-15,0,1.0,8.568527572331983e-17
2013-09-16,1,0.0,1.0
2013-09-17,0,0.9999990692361,9.307639007349538e-07
2013-09-18,0,0.9999999989012665,1.098734650057808e-09
2013-09-19,0,0.999992175009682,7.824990318756045e-06
2013-09-20,0,0.5551643960164724,0.4448356039835279
2013-09-21,1,9.089724269032775e-05,0.9999091027573093
2013-09-22,0,0.9999999853118133,1.4688185551995255e-08
2013-09-23,0,0.9880532038106349,0.011946796189365333
2013-09-24,0,0.9739353691081977,0.026064630891803234
2013-09-25,0,0.9999999850693976,1.493060114427188e-08
2013-09-26,0,0.9999999985966141,1.4033861408932205e-09
2013-09-27,0,0.9999999999999893,1.1679888442221716e-14
2013-09-28,0,1.0,4.0516858510024974e-26
2013-09-29,1,0.00047146562553885624,0.9995285343744607
2013-09-30,0,0.9999999999960743,3.925909998080082e-12
2013-10-01,0,0.9999999999521876,4.7811756064721125e-11
2013-10-02,0,0.9999999960259416,3.9740589876409335e-09
2013-10-03,1,7.13689404827842e-15,0.9999999999999929
2013-10-04,0,1.0,6.3032009899313364e-27
2013-10-05,0,0.9935429311039162,0.006457068896083751
2013-10-06,1,2.3621056272467722e-186,1.0
2013-10-07,1,7.497465975697011e-19,1.0
2013-10-08,0,0.9999999979647392,2.035261154773491e-09
2013-10-09,1,6.447628181217311e-84,1.0
2013-10-10,0,0.9999999941761821,5.8238192353625535e-09
2013-10-11,0,0.9999999999999716,2.6954987424604328e-14
2013-10-12,1,7.73052576288944e-68,1.0
2013-10-13,0,0.9999962005791212,3.799420877841174e-06
2013-10-14,0,0.9999999988802557,1.1197429652651389e-09
2013-10-15,1,1.3350738553760444e-12,0.9999999999986642
2013-10-16,0,0.9998765217211343,0.0001234782788663326
2013-10-17,0,0.9999994367730084,5.632269904869448e-07
2013-10-18,0,0.9956427505103351,0.004357249489664699
2013-10-19,1,7.931821775427998e-16,1.0
2013-10-20,0,0.7543624533639047,0.24563754663609447
2013-10-21,1,5.367630642635481e-161,1.0
2013-10-22,1,0.0,1.0
2013-10-23,1,0.0,1.0
2013-10-24,1,3.179651442918779e-15,0.9999999999999964
2013-10-25,0,0.9999997920685576,2.0793144216033103e-07
2013-10-26,1,0.0,1.0
2013-10-27,1,3.0288037437641054e-122,1.0
2013-10-28,1,0.0,1.0
2013-10-29,1,0.0,1.0
2013-10-30,1,1.7068746646929494e-64,1.0
2013-10-31,1,0.0,1.0
2013-11-01,1,1.0343514963807698e-70,1.0
2013-11-02,1,0.0,1.0
2013-11-03,1,0.0,1.0
2013-11-04,1,0.0,1.0
2013-11-05,1,0.0,1.0
2013-11-06,1,0.0,1.0
2013-11-07,1,3.1089105316717854e-195,1.0
2013-11-08,0,0.9999914485752504,8.551424748605521e-06
2013-11-09,0,0.9999998444344961,1.5556550252507186e-07
2013-11-10,1,3.7983483482728844e-53,1.0
2013-11-11,0,0.9999999957802785,4.219723054241265e-09
2013-11-12,0,0.9525925701279782,0.04740742987202122
2013-11-13,0,0.9999999885741353,1.1425865060563035e-08
2013-11-14,1,4.2834233525709614e-29,1.0
2013-11-15,0,0.9999999991938822,8.061163133374111e-10
2013-11-16,0,1.0,7.759760548469671e-16
2013-11-17,0,0.8085189055757249,0.1914810944242751
2013-11-18,0,0.999999988823749,1.117625222102712e-08
2013-11-19,0,0.9999921066627225,7.893337275810046e-06
2013-11-20,0,0.9999999993235456,6.764542676950642e-10
2013-11-21,0,0.9999999999919105,8.088574533008176e-12
2013-11-22,0,0.9999999992022808,7.977206705363742e-10
2013-11-23,0,1.0,8.187800017060607e-17
2013-11-24,0,0.9999999999999645,3.5259872830986996e-14
2013-11-25,0,1.0,1.775504256215945e-15
2013-11-26,0,0.9999999980074321,1.992569022112679e-09
2013-11-27,1,0.0,1.0
2013-11-28,1,1.5927209461784656e-08,0.9999999840727903
2013-11-29,1,3.7382354882992144e-30,1.0
2013-11-30,1,0.0,1.0
2013-12-01,1,4.357094225128421e-111,1.0
2013-12-02,0,0.9988370289619447,0.0011629710380541736
2013-12-03,1,2.1062197665054247e-89,1.0
2013-12-04,0,0.9999999857777908,1.4222207368216041e-08
2013-12-05,1,8.48499821544603e-53,1.0
2013-12-06,0,0.998903020475041,0.0010969795249604916
2013-12-07,0,0.9999999947274318,5.272566898392069e-09
2013-12-08,1,8.402862830577348e-138,1.0
2013-12-09,1,2.3512348123173613e-21,1.0
2013-12-10,0,0.9947114256719023,0.005288574328096276
2013-12-11,0,0.9965927781894407,0.003407221810560821
2013-12-12,1,7.627608750659505e-14,0.9999999999999236
2013-12-13,0,0.9999999531991659,4.680083276660892e-08
2013-12-14,0,0.9999999975679472,2.4320512368498008e-09
2013-12-15,1,0.00291194913247437,0.9970880508675264
2013-12-16,0,0.9999999881776276,1.1822373268194617e-08
2013-12-17,0,0.9999667249942471,3.327500575274504e-05
2013-12-18,0,0.9999995536988707,4.463011303669486e-07
2013-12-19,0,0.9999999974255083,2.5744921202501156e-09
2013-12-20,0,0.9999999999998366,1.6267717699420097e-13
2013-12-21,0,1.0,7.080518804482393e-17
2013-12-22,0,1.0,8.548339564192405e-19
2013-12-23,0,0.9999999999999929,6.450362435722005e-15
2013-12-24,0,1.0,2.3313422217985162e-21
2013-12-25,0,0.9999778361290819,2.2163870916562407e-05
2013-12-26,1,3.515454998549733e-23,1.0
2013-12-27,0,1.0,7.52748489446396e-18
2013-12-28,0,0.9998154771538323,0.0001845228461668623
2013-12-29,1,6.523611059384072e-92,1.0
2013-12-30,1,1.4411602386761751e-89,1.0
2013-12-31,0,1.0,6.250633879792886e-17
2014-01-01,1,3.0873033539627855e-48,1.0
2014-01-02,1,4.8916920683069087e-110,1.0
2014-01-03,0,0.5935229210600126,0.4064770789399874
2014-01-04,0,1.0,1.2326968993121723e-16
2014-01-05,0,0.999999987157782,1.284221852266578e-08
2014-01-06,0,1.0,4.9905983725939726e-17
2014-01-07,0,0.9999999641401593,3.585983934430474e-08
2014-01-08,1,1.4944435229253299e-27,1.0
2014-01-09,0,0.9999751940566921,2.4805943308070538e-05
2014-01-10,0,0.9802811931450192,0.019718806854979454
2014-01-11,1,1.2242744064143102e-152,1.0
2014-01-12,1,4.085499172826629e-43,1.0
2014-01-13,1,3.670025468935597e-28,1.0
2014-01-14,0,1.0,9.163291226254925e-17
2014-01-15,0,1.0,1.8810019936985849e-22
2014-01-16,0,0.9999993675832225,6.324167774716362e-07
2014-01-17,0,0.9999999999999964,3.2162571582495745e-15
2014-01-18,0,1.0,2.7263755904814133e-20
2014-01-19,0,0.9999999999999964,4.541327723673722e-15
2014-01-20,0,0.9999999805746749,1.942532594768344e-08
2014-01-21,0,1.0,7.498839167763053e-16
2014-01-22,0,0.9999999999974811,2.5175351224180517e-12
2014-01-23,0,0.9999999941468936,5.853105096128229e-09
2014-01-24,0,0.9999999999413802,5.861883779940848e-11
2014-01-25,0,0.9999999999997335,2.665765068123043e-13
2014-01-26,0,0.9999999982054462,1.794554182095674e-09
2014-01-27,0,0.9993946739663546,0.0006053260336456077
2014-01-28,0,0.9999999999990656,9.359781235405135e-13
2014-01-29,1,4.6122003825848525e-39,1.0
2014-01-30,0,0.9999997850305089,2.1496948956400962e-07
2014-01-31,0,0.9999999967446058,3.2553934479932525e-09
2014-02-01,0,1.0,1.3729564889842084e-27
2014-02-02,0,1.0,2.5648464613446514e-16
2014-02-03,0,0.9999999999856151,1.4385104718024138e-11
2014-02-04,0,0.9999754959176109,2.4504082388311056e-05
2014-02-05,1,2.72039447288537e-68,1.0
2014-02-06,0,0.9999926951586526,7.304841348065749e-06
2014-02-07,0,0.9999999980125978,1.987403511947672e-09
2014-02-08,0,0.9999999995444817,4.5552009121868425e-10
2014-02-09,0,0.9999999999999893,1.1566715444450627e-14
2014-02-10,0,0.9999999994038902,5.961089894549247e-10
2014-02-11,1,1.693292146132897e-125,1.0
2014-02-12,0,0.9999999899803846,1.0019616388060917e-08
2014-02-13,0,0.9999999808310565,1.9168943196887236e-08
2014-02-14,0,0.9999999999526423,4.7359490293663866e-11
2014-02-15,1,0.001185052137058154,0.9988149478629417
2014-02-16,0,0.973490342053569,0.026509657946430256
2014-02-17,1,2.993049094725477e-12,0.9999999999970068
2014-02-18,0,0.9983789961797661,0.0016210038202324082
2014-02-19,0,0.9999999878576205,1.2142380687583706e-08
2014-02-20,0,0.999959096236885,4.090376311637148e-05
2014-02-21,0,0.9999999934581432,6.541857204697194e-09
2014-02-22,1,1.525968133716281e-28,1.0
2014-02-23,0,1.0,3.872528098674425e-29
2014-02-24,0,0.9999999629426817,3.7057318662587395e-08
2014-02-25,0,1.0,9.182046832127078e-17
2014-02-26,1,7.692772387570788e-45,1.0
2014-02-27,0,0.9999974643938424,2.5356061567984118e-06
2014-02-28,0,0.9999999999999964,2.7066654411802987e-15
2014-03-01,0,0.9999999975694145,2.4305841377684536e-09
2014-03-02,0,0.9999999999493063,5.069309667682832e-11
2014-03-03,1,2.519136506301182e-51,1.0
2014-03-04,1,5.510563341937759e-39,1.0
2014-03-05,1,1.2178171863513234e-64,1.0
2014-03-06,1,2.211796249533345e-33,1.0
2014-03-07,0,0.9999024806755875,9.75193244113033e-05
2014-03-08,0,1.0,5.625398246593956e-20
2014-03-09,0,0.9999999999991154,8.837957799454947e-13
2014-03-10,0,0.9999998349718234,1.6502817764936012e-07
2014-03-11,1,1.8559989922746412e-174,1.0
2014-03-12,1,5.261214512305358e-232,1.0
2014-03-13,1,5.2354914729002045e-15,0.9999999999999947
2014-03-14,1,1.9564572548078522e-19,1.0
2014-03-15,0,0.9999999999113598,8.864104069209232e-11
2014-03-16,0,0.9999785994330724,2.140056692663751e-05
2014-03-17,0,0.9999504152434199,4.9584756580648044e-05
2014-03-18,1,5.068501030611199e-13,0.9999999999994937
2014-03-19,1,4.747795379225427e-70,1.0
2014-03-20,1,1.4112113023092018e-107,1.0
2014-03-21,1,0.0,1.0
2014-03-22,1,0.0,1.0
2014-03-23,1,1.0152705458030825e-18,1.0
2014-03-24,0,0.9481530005966122,0.051846999403388
2014-03-25,1,1.3061336160745022e-174,1.0
2014-03-26,1,0.0,1.0
2014-03-27,0,0.9999511502516025,4.884974839876146e-05
2014-03-28,0,0.9999827795181185,1.722048188322065e-05
2014-03-29,0,0.9999964563797238,3.5436202748406187e-06
2014-03-30,1,0.0,1.0
2014-03-31,1,3.561307805282284e-61,1.0
2014-04-01,1,3.5411998056571145e-48,1.0
2014-04-02,1,8.608267718105846e-34,1.0
2014-04-03,1,0.0,1.0
2014-04-04,1,0.0,1.0
2014-04-05,1,3.7433867112490085e-92,1.0
2014-04-06,1,3.0767183426111742e-220,1.0
2014-04-07,1,1.5966413538269998e-28,1.0
2014-04-08,0,0.9999985743862326,1.425613766471108e-06
2014-04-09,1,1.1264484984122308e-78,1.0
2014-04-10,1,1.3834648559912049e-239,1.0
2014-04-11,1,6.839449538693698e-20,1.0
2014-04-12,0,0.9999899853819408,1.0014618057600138e-05
2014-04-13,0,0.9999999211555664,7.884443465049217e-08
2014-04-14,1,3.3599195448802845e-06,0.999996640080455
2014-04-15,1,4.999034096984064e-06,0.9999950009659034
2014-04-16,0,0.9999999998325322,1.6746817259290677e-10
2014-04-17,1,0.03953200839900998,0.9604679916009904
2014-04-18,1,2.9682387106745942e-08,0.9999999703176132
2014-04-19,0,0.6265634162797914,0.37343658372020794
2014-04-20,1,2.190652407133987e-58,1.0
2014-04-21,0,0.9999999998553069,1.4469372745765544e-10
2014-04-22,0,0.9999999999990408,9.59067819364086e-13
2014-04-23,1,0.0,1.0
2014-04-24,0,0.9998862977659864,0.00011370223401286421
2014-04-25,0,1.0,7.886213050269134e-31
2014-04-26,0,0.9998252814328601,0.00017471856714081234
2014-04-27,1,2.723342853662008e-07,0.9999997276657147
2014-04-28,1,6.84340546094456e-109,1.0
2014-04-29,1,1.5141081582969764e-60,1.0
2014-04-30,1,1.5060252989411792e-177,1.0
2014-05-01,1,0.0,1.0
2014-05-02,1,2.718819652134544e-31,1.0
2014-05-03,1,0.0,1.0
2014-05-04,1,9.424884147642554e-28,1.0
2014-05-05,1,0.0,1.0
2014-05-06,1,1.2068074370371064e-107,1.0
2014-05-07,1,0.0,1.0
2014-05-08,1,0.0,1.0
2014-05-09,1,0.0,1.0
2014-05-10,1,0.036901802176876615,0.9630981978231233
2014-05-11,1,0.0,1.0
2014-05-12,1,0.0,1.0
2014-05-13,1,0.0,1.0
2014-05-14,1,0.0,1.0
2014-05-15,1,0.0,1.0
2014-05-16,1,0.0,1.0
2014-05-17,0,0.9869028960984928,0.013097103901507005
2014-05-18,0,0.9999499309516577,5.006904834290311e-05
2014-05-19,1,1.2595755904429601e-250,1.0
2014-05-20,1,7.78673164e-316,1.0
2014-05-21,1,8.655500348129275e-56,1.0
2014-05-22,0,0.9999996361047452,3.638952555061688e-07
2014-05-23,0,0.9675882121765144,0.03241178782348525
2014-05-24,1,5.9408895488657305e-05,0.9999405911045114
2014-05-25,1,6.522129130610671e-07,0.9999993477870865
2014-05-26,0,0.9999998982821249,1.0171787486967805e-07
2014-05-27,1,1.8464914566828946e-293,1.0
2014-05-28,0,0.9997149739276884,0.0002850260723105562
2014-05-29,1,5.610041965718111e-19,1.0
2014-05-30,0,0.9999999918976759,8.102323988125938e-09
2014-05-31,1,1.0057123636890754e-22,1.0
2014-06-01,1,0.0,1.0
2014-06-02,1,0.0,1.0
2014-06-03,1,0.0,1.0
2014-06-04,1,0.0,1.0
2014-06-05,1,0.0,1.0
2014-06-06,0,1.0,8.753859628262089e-22
2014-06-07,0,1.0,1.490793886971458e-27
2014-06-08,0,0.9999981704944789,1.8295055205862462e-06
2014-06-09,1,0.0,1.0
2014-06-10,1,0.0,1.0
2014-06-11,1,2.6344901086e-313,1.0
2014-06-12,1,0.0,1.0
2014-06-13,1,0.0,1.0
2014-06-14,1,0.0,1.0
2014-06-15,1,0.0,1.0
2014-06-16,1,0.0,1.0
2014-06-17,1,0.0,1.0
2014-06-18,1,0.0,1.0
2014-06-19,1,0.0,1.0
2014-06-20,1,0.0,1.0
2014-06-21,1,0.0,1.0
2014-06-22,1,0.0,1.0
2014-06-23,1,6.2425689859791435e-270,1.0
2014-06-24,1,0.0,1.0
2014-06-25,1,0.0,1.0
2014-06-26,1,0.0,1.0
2014-06-27,1,5.893512333286377e-49,1.0
2014-06-28,1,1.872193087400744e-134,1.0
2014-06-29,1,6.424411910158067e-272,1.0
2014-06-30,1,2.651986077852189e-86,1.0
2014-07-01,1,5.897462770092178e-110,1.0
2014-07-02,0,0.9999998916499516,1.0835004680537962e-07
2014-07-03,1,2.755005153756426e-226,1.0
2014-07-04,0,0.9895451253122681,0.010454874687732032
2014-07-05,0,1.0,3.971552917531573e-19
2014-07-06,0,0.9999978417065826,2.1582934158279236e-06
2014-07-07,1,0.0,1.0
2014-07-08,1,0.0,1.0
2014-07-09,1,1.7631332810505046e-201,1.0
2014-07-10,0,0.9999999993113704,6.886314086588148e-10
2014-07-11,1,2.5349016688932263e-10,0.9999999997465103
2014-07-12,1,0.0,1.0
2014-07-13,1,1.7288358326826314e-26,1.0
2014-07-14,1,1.2999376698190782e-39,1.0
2014-07-15,1,9.653631884396015e-91,1.0
2014-07-16,1,0.0,1.0
2014-07-17,1,0.0,1.0
2014-07-18,1,4.144519190862947e-287,1.0
2014-07-19,1,0.0,1.0
2014-07-20,1,8.011302839625356e-252,1.0
2014-07-21,1,0.0,1.0
2014-07-22,1,0.0,1.0
2014-07-23,1,7.000807752285477e-39,1.0
2014-07-24,1,3.209356444107474e-202,1.0
2014-07-25,1,7.091015349566194e-33,1.0
2014-07-26,0,0.9999999603653656,3.963463325361118e-08
2014-07-27,1,4.3303222173445784e-116,1.0
2014-07-28,1,0.0,1.0
2014-07-29,1,0.0,1.0
2014-07-30,1,0.0,1.0
2014-07-31,1,0.0,1.0
2014-08-01,1,0.0,1.0
2014-08-02,1,0.0,1.0
2014-08-03,1,1.2935983322739613e-307,1.0
2014-08-04,1,0.0,1.0
2014-08-05,1,0.0,1.0
2014-08-06,1,0.0,1.0
2014-08-07,1,0.0,1.0
2014-08-08,1,4.5632347431340354e-39,1.0
2014-08-09,0,0.9999999999999964,5.2576671529105905e-15
2014-08-10,0,0.9999999995053983,4.946020942005799e-10
2014-08-11,1,0.0,1.0
2014-08-12,1,1.2317725208218846e-130,1.0
2014-08-13,0,0.9825089061039153,0.017491093896085202
2014-08-14,1,3.6818255917328106e-276,1.0
2014-08-15,1,1.1673922299048661e-200,1.0
2014-08-16,1,1.1872731683766336e-18,1.0
2014-08-17,1,0.0006851651421973077,0.9993148348578021
2014-08-18,1,1.770217294020294e-44,1.0
2014-08-19,1,1.9083765833967482e-34,1.0
2014-08-20,1,1.844001530441818e-92,1.0
2014-08-21,1,1.0062754955659646e-102,1.0
2014-08-22,1,1.3477069501860564e-27,1.0
2014-08-23,0,0.9999999759489956,2.4051006238258278e-08
2014-08-24,0,1.0,7.137496453839082e-22
2014-08-25,0,0.9999999999962199,3.7784791649662675e-12
2014-08-26,0,1.0,1.9502289263631184e-16
2014-08-27,1,0.0,1.0
2014-08-28,1,1.0301395239270145e-89,1.0
2014-08-29,0,0.999951711582242,4.828841775671711e-05
2014-08-30,1,1.922531714946018e-202,1.0
2014-08-31,1,4.6877399574948875e-166,1.0
2014-09-01,1,2.0806852687458634e-227,1.0
2014-09-02,1,5.529813283431084e-17,1.0
2014-09-03,1,0.0,1.0
2014-09-04,1,1.0604719959018608e-215,1.0
2014-09-05,1,1.1315844687029971e-61,1.0
2014-09-06,0,0.9999971278542253,2.8721457748052025e-06
2014-09-07,1,7.266782326114332e-09,0.9999999927332182
2014-09-08,0,0.9999996090566956,3.9094330514645396e-07
2014-09-09,0,0.9999999990893791,9.106204944202448e-10
2014-09-10,1,0.0,1.0
2014-09-11,0,0.99999905210346,9.478965400627086e-07
2014-09-12,0,0.9999999976110345,2.3889648982671347e-09
2014-09-13,0,0.999999038655208,9.613447921110078e-07
2014-09-14,0,0.99999997804974,2.195025947661302e-08
2014-09-15,1,0.0001414319372637549,0.9998585680627359
2014-09-16,1,3.1760173901573117e-114,1.0
2014-09-17,0,0.9999896815983446,1.0318401656490118e-05
2014-09-18,1,8.20205967852085e-30,1.0
2014-09-19,0,0.9999999970950917,2.9049081790521885e-09
2014-09-20,0,0.9999999999997122,2.8671432551178904e-13
2014-09-21,0,0.9999999634475862,3.6552413021051884e-08
2014-09-22,0,0.9999998533848392,1.466151603224357e-07
2014-09-23,0,0.99999999660211,3.39788862547785e-09
2014-09-24,0,0.9999999893134941,1.0686504881841995e-08
2014-09-25,0,0.99999999661825,3.3817495449330775e-09
2014-09-26,0,1.0,5.286339546192487e-26
2014-09-27,1,4.189945820842423e-21,1.0
2014-09-28,1,4.905055947496311e-13,0.9999999999995097
2014-09-29,1,5.846579468941733e-102,1.0
2014-09-30,1,1.904332262415292e-08,0.9999999809566769
2014-10-01,0,0.9990592554836784,0.0009407445163207779
2014-10-02,0,0.9999999997855475,2.1445204923432536e-10
2014-10-03,0,0.9999995648264838,4.35173517336344e-07
2014-10-04,1,1.728396435717706e-56,1.0
2014-10-05,1,1.3577717779940204e-29,1.0
2014-10-06,1,9.520188335401578e-31,1.0
2014-10-07,1,0.0,1.0
2014-10-08,1,0.0,1.0
2014-10-09,1,0.0,1.0
2014-10-10,1,0.0,1.0
2014-10-11,1,0.0,1.0
2014-10-12,1,8.698195795149269e-211,1.0
2014-10-13,1,1.5377597454157807e-160,1.0
2014-10-14,1,1.5575903912374757e-304,1.0
2014-10-15,1,1.5152442432379639e-245,1.0
2014-10-16,1,0.0,1.0
2014-10-17,1,1.0030547478940362e-67,1.0
2014-10-18,1,3.671623939499416e-258,1.0
2014-10-19,0,0.9999996738283697,3.261716301253053e-07
2014-10-20,1,0.0,1.0
2014-10-21,1,2.0904505971738925e-101,1.0
2014-10-22,0,0.9999999951394472,4.860554130971055e-09
2014-10-23,0,0.9999894366925947,1.05633074047118e-05
2014-10-24,0,1.0,1.3376422085360361e-16
2014-10-25,0,0.9999621255287611,3.787447123801234e-05
2014-10-26,0,0.9999999753717684,2.462823144416839e-08
2014-10-27,1,7.553560188445103e-19,1.0
2014-10-28,1,1.2774818661629748e-59,1.0
2014-10-29,0,0.6610479455246457,0.3389520544753546
2014-10-30,1,0.35275697353276747,0.6472430264672333
2014-10-31,0,0.9999999475717529,5.2428248755543156e-08
2014-11-01,1,0.00020456790507938626,0.9997954320949202
2014-11-02,0,0.9999999982409093,1.7590914350889946e-09
2014-11-03,0,0.9999999946640621,5.335936622729644e-09
2014-11-04,1,0.030341329370539714,0.9696586706294602
2014-11-05,0,0.9999999539782582,4.602174266250756e-08
2014-11-06,0,0.9999999870362721,1.2963726494226916e-08
2014-11-07,0,0.999999995184826,4.815175407701527e-09
2014-11-08,0,0.9999999999790674,2.0932908338321708e-11
2014-11-09,0,0.9999999999987104,1.2907287209202083e-12
2014-11-10,1,8.175351442780583e-137,1.0
2014-11-11,0,0.9999999999483933,5.1608103592065206e-11
2014-11-12,1,0.0,1.0
2014-11-13,1,5.034678623565242e-13,0.9999999999994973
2014-11-14,1,4.70820074551866e-224,1.0
2014-11-15,0,0.9999999999998614,1.3824261215314328e-13
2014-11-16,1,2.972839280424595e-302,1.0
2014-11-17,0,0.9999999999996021,3.99337340360631e-13
2014-11-18,0,0.9999999999999822,1.8385434325503705e-14
2014-11-19,0,0.9999975110775482,2.4889224509130125e-06
2014-11-20,0,0.9999997886825095,2.113174903135325e-07
2014-11-21,1,4.645332505963427e-19,1.0
2014-11-22,0,0.9999823785704457,1.7621429553364374e-05
2014-11-23,0,0.9999999999999964,2.305009470784738e-15
2014-11-24,0,0.9994240106338235,0.00057598936617788
2014-11-25,0,0.9999999999569553,4.3044872619546746e-11
2014-11-26,1,3.206027236678123e-151,1.0
2014-11-27,0,0.9999999997663345,2.3366653688676667e-10
2014-11-28,0,1.0,7.711781119953589e-19
2014-11-29,0,0.9999999999996625,3.378262217442187e-13
2014-11-30,0,1.0,3.434664857681969e-16
2014-12-01,0,0.6433507739855073,0.3566492260144929
2014-12-02,0,0.9999999999983942,1.6068495109952426e-12
2014-12-03,0,0.9999999998307416,1.6925849229549058e-10
2014-12-04,0,0.9999999999938858,6.1149293788699695e-12
2014-12-05,0,0.5710017798262359,0.42899822017376427
2014-12-06,0,0.999684768202868,0.00031523179713096184
2014-12-07,1,4.889051820937995e-13,0.9999999999995115
2014-12-08,1,0.00019397770261539617,0.9998060222973849
2014-12-09,1,5.703945701274673e-56,1.0
2014-12-10,0,0.9999999997207922,2.7920645107451596e-10
2014-12-11,1,4.596052008442042e-93,1.0
2014-12-12,1,1.3636502445692517e-05,0.9999863634975535
2014-12-13,0,0.8139812210770903,0.18601877892290972
2014-12-14,1,1.5871138363295983e-289,1.0
2014-12-15,0,0.999999999765059,2.3493947737302e-10
2014-12-16,1,9.533495530116469e-107,1.0
2014-12-17,0,0.9999999999985896,1.4108104731291368e-12
2014-12-18,0,0.9999999999999716,3.0191917949562535e-14
2014-12-19,0,1.0,2.4423054145525473e-16
2014-12-20,1,4.047801644485827e-289,1.0
2014-12-21,1,2.0689251394944426e-52,1.0
2014-12-22,1,5.688257760582295e-135,1.0
2014-12-23,0,0.999633687609596,0.0003663123904043436
2014-12-24,0,0.9999999767468248,2.325317514664223e-08
2014-12-25,0,1.0,1.3509351744634823e-17
2014-12-26,1,4.966499908113277e-09,0.9999999950334999
2014-12-27,0,0.9999999271171864,7.288281444623504e-08
2014-12-28,0,0.9999999999999751,2.510381398027209e-14
2014-12-29,0,0.9696872229811869,0.030312777018811438
2014-12-30,0,0.9999955351091169,4.464890883834235e-06
2014-12-31,1,8.352084306921637e-06,0.9999916479156924
2015-01-01,1,4.433750554570161e-18,1.0
2015-01-02,1,2.1914396982642811e-237,1.0
2015-01-03,0,0.9366131692537535,0.06338683074624615
2015-01-04,1,9.67865006930785e-104,1.0
2015-01-05,1,1.7592606103147628e-304,1.0
2015-01-06,1,0.0,1.0
2015-01-07,1,5.944400236703271e-31,1.0
2015-01-08,1,2.798885265771054e-12,0.9999999999972005
2015-01-09,0,0.9998637161003688,0.00013628389962948358
2015-01-10,0,0.9999444548855926,5.5545114406657885e-05
2015-01-11,0,0.9999999999977902,2.2085687337322875e-12
2015-01-12,0,0.9999999989010036,1.0989963093041444e-09
2015-01-13,0,0.9999999993278408,6.721575920534744e-10
2015-01-14,1,7.970821590175886e-10,0.9999999992029185
2015-01-15,1,0.2610598112208829,0.7389401887791165
2015-01-16,1,2.4377757100538084e-221,1.0
2015-01-17,1,6.486064843016083e-60,1.0
2015-01-18,1,0.03590596324514896,0.9640940367548508
2015-01-19,0,0.9999999999999964,1.9551382764655095e-15
2015-01-20,0,0.9999999993799875,6.200125676396069e-10
2015-01-21,1,3.4997856826956957e-66,1.0
2015-01-22,1,4.490130449844798e-27,1.0
2015-01-23,0,0.9999999987055581,1.2944435868798549e-09
2015-01-24,0,0.9999999999991545,8.439151606166897e-13
2015-01-25,1,8.969116254417591e-18,1.0
2015-01-26,1,3.441296790637304e-32,1.0
2015-01-27,1,4.1182375045270737e-19,1.0
2015-01-28,0,0.7452902104362246,0.254709789563775
2015-01-29,0,0.999997653444552,2.3465554462883157e-06
2015-01-30,1,2.0727418053323896e-54,1.0
2015-01-31,0,0.9999999964998523,3.500148613676822e-09
2015-02-01,0,1.0,9.245068756923302e-16
2015-02-02,1,4.894183892247148e-29,1.0
2015-02-03,1,1.2014857256918412e-156,1.0
2015-02-04,1,8.393165296051411e-12,0.9999999999916067
2015-02-05,0,0.9999981697586671,1.8302413313353177e-06
2015-02-06,0,0.9999419330129751,5.806698702499489e-05
2015-02-07,0,0.9999999999619362,3.806352211819857e-11
2015-02-08,0,0.9999999999987104,1.2912510304358523e-12
2015-02-09,0,0.9999926045934204,7.395406578326353e-06
2015-02-10,1,0.0003127477832330797,0.9996872522167665
2015-02-11,1,1.0966969749777985e-15,0.9999999999999982
2015-02-12,1,6.0468126218847585e-18,1.0
2015-02-13,1,1.4705714871005008e-25,1.0
2015-02-14,1,1.3839098744145363e-11,0.9999999999861604
2015-02-15,0,0.9999999999988205,1.1786285808532867e-12
2015-02-16,0,0.6196912671091348,0.38030873289086536
2015-02-17,1,6.529742697122117e-36,1.0
2015-02-18,1,1.7897758158013564e-30,1.0
2015-02-19,1,1.0885592552887571e-10,0.9999999998911449
2015-02-20,1,1.6394694759293272e-20,1.0
2015-02-21,0,0.9982424031754858,0.0017575968245155647
2015-02-22,0,0.9999999645793636,3.542063594791835e-08
2015-02-23,0,0.999999999539174,4.6082555709866356e-10
2015-02-24,1,2.922824163322887e-30,1.0
2015-02-25,1,2.546745160226735e-24,1.0
2015-02-26,0,0.9999973070033891,2.6929966119835505e-06
2015-02-27,1,1.4342917307042114e-14,0.9999999999999858
2015-02-28,1,2.2655126705174728e-18,1.0
2015-03-01,0,0.999999999870095,1.2990491633029444e-10
2015-03-02,1,6.739156730612834e-23,1.0
2015-03-03,1,2.6030388094527535e-55,1.0
2015-03-04,0,0.9479132330116545,0.05208676698834444
2015-03-05,0,1.0,1.865894004265606e-17
2015-03-06,1,7.586687704562621e-77,1.0
2015-03-07,1,0.07763439385961213,0.9223656061403878
2015-03-08,0,0.9999769411702446,2.305882975366831e-05
2015-03-09,0,0.9117589028024133,0.08824109719758691
2015-03-10,1,2.0689831996237476e-21,1.0
2015-03-11,1,0.038212199734610215,0.9617878002653891
2015-03-12,1,1.2424172250488417e-87,1.0
2015-03-13,1,1.0789838389765809e-11,0.9999999999892104
2015-03-14,1,7.267015227643157e-05,0.999927329847723
2015-03-15,1,2.4365251089845835e-16,1.0
2015-03-16,1,1.5099279290628786e-23,1.0
2015-03-17,0,0.9818524574039165,0.018147542596083144
2015-03-18,0,0.9999999997117399,2.882614742305262e-10
2015-03-19,1,1.2397128507671107e-32,1.0
2015-03-20,0,0.997284301204034,0.0027156987959668405
2015-03-21,0,0.9999999850004785,1.499952086382576e-08
2015-03-22,0,0.999999966808201,3.319180030123971e-08
2015-03-23,0,0.999999999999595,4.0614898689553263e-13
2015-03-24,1,3.882476631329626e-74,1.0
2015-03-25,1,1.282535292802314e-134,1.0
2015-03-26,0,0.9999998897742647,1.1022573416498253e-07
2015-03-27,1,5.618422191310317e-05,0.9999438157780869
2015-03-28,0,0.99998868626137,1.1313738629583244e-05
2015-03-29,0,0.9999999999978932,2.1086437087424653e-12
2015-03-30,0,0.9999999970096916,2.990309637513525e-09
2015-03-31,0,1.0,4.317780306467908e-16
2015-04-01,0,0.9999999977493772,2.250623755857704e-09
2015-04-02,0,0.9999999974768201,2.523178807376021e-09
2015-04-03,0,0.9999999952755516,4.724448669684716e-09
2015-04-04,1,2.067748605544377e-11,0.9999999999793232
2015-04-05,0,0.9999999999999929,8.245601699102468e-15
2015-04-06,0,0.9342856826074871,0.06571431739251178
2015-04-07,1,0.0002556047483021102,0.9997443952516979
2015-04-08,1,3.828585786548109e-20,1.0
2015-04-09,1,2.40217877903529e-33,1.0
2015-04-10,1,9.490888330988252e-24,1.0
2015-04-11,1,0.4259037320458929,0.5740962679541078
2015-04-12,1,9.340399987092067e-16,1.0
2015-04-13,1,4.89729065614986e-66,1.0
2015-04-14,1,1.0820273668534323e-107,1.0
2015-04-15,1,6.962621028196662e-14,0.9999999999999307
2015-04-16,1,2.0172437012206625e-29,1.0
2015-04-17,0,0.999999999989015,1.0983621575906578e-11
2015-04-18,1,0.43863891649981807,0.5613610835001813
2015-04-19,0,0.9999999965187811,3.4812193870046376e-09
2015-04-20,0,0.9999999946785039,5.321495203239897e-09
2015-04-21,1,2.893612538937944e-94,1.0
2015-04-22,1,3.028730135898866e-14,0.9999999999999698
2015-04-23,1,2.861894957167068e-41,1.0
2015-04-24,1,5.325045080235733e-111,1.0
2015-04-25,1,0.036734777337498616,0.963265222662501
2015-04-26,0,0.9999999999064393,9.356146601762399e-11
2015-04-27,0,0.999999339262194,6.607378060806362e-07
2015-04-28,0,0.6812575777510562,0.31874242224894417
2015-04-29,0,0.9994995575398706,0.0005004424601288645
2015-04-30,1,1.621112106917268e-40,1.0
2015-05-01,1,1.1124406811539195e-57,1.0
2015-05-02,1,5.932474012169309e-70,1.0
2015-05-03,1,6.1841681126815954e-15,0.9999999999999947
2015-05-04,1,1.6795662611829782e-47,1.0
2015-05-05,1,1.377261145543511e-20,1.0
2015-05-06,0,0.9999999839686852,1.60313151649068e-08
2015-05-07,1,9.155431035970325e-11,0.9999999999084466
2015-05-08,0,0.9999999999951541,4.847037291310662e-12
2015-05-09,0,0.9999956218260228,4.378173977463196e-06
2015-05-10,1,7.552509518157913e-98,1.0
2015-05-11,1,1.4141489267819587e-301,1.0
2015-05-12,0,0.9873826870398299,0.012617312960170698
2015-05-13,0,0.9999997161740323,2.8382596811400953e-07
2015-05-14,1,0.0,1.0
2015-05-15,1,0.0,1.0
2015-05-16,1,0.0,1.0
2015-05-17,1,0.0,1.0
2015-05-18,1,0.0,1.0
2015-05-19,1,0.0,1.0
2015-05-20,1,8.91128018616258e-14,0.9999999999999112
2015-05-21,1,1.83733e-319,1.0
2015-05-22,1,7.243868473731897e-26,1.0
2015-05-23,0,0.9962308476660123,0.0037691523339881353
2015-05-24,0,0.999999996499735,3.500263640174832e-09
2015-05-25,1,5.0815804106198604e-228,1.0
2015-05-26,1,0.0,1.0
2015-05-27,1,0.0,1.0
2015-05-28,1,0.0,1.0
2015-05-29,1,0.0,1.0
2015-05-30,1,0.0,1.0
2015-05-31,0,0.9999999998029061,1.9709513209713818e-10
2015-06-01,1,0.0,1.0
2015-06-02,1,4.543768963785633e-50,1.0
2015-06-03,1,1.7561367000991304e-44,1.0
2015-06-04,1,7.53630886114128e-09,0.9999999924636906
2015-06-05,0,0.9999880093993903,1.199060060920774e-05
2015-06-06,0,0.9999999999167422,8.325828676303951e-11
2015-06-07,0,1.0,4.874296591342177e-16
2015-06-08,0,0.9999997757592285,2.242407697830224e-07
2015-06-09,0,0.9999999889410169,1.1058983599869644e-08
2015-06-10,1,3.494931892782824e-20,1.0
2015-06-11,1,5.219946515902695e-219,1.0
2015-06-12,1,7.5813695605065e-176,1.0
2015-06-13,1,3.614809119215001e-56,1.0
2015-06-14,0,1.0,1.1058009692471313e-33
2015-06-15,0,0.9999999999940457,5.95540642551663e-12
2015-06-16,1,1.1385804641235197e-148,1.0
2015-06-17,1,6.329660304419381e-189,1.0
2015-06-18,1,3.2930536461634153e-52,1.0
2015-06-19,1,1.3792445177249802e-11,0.9999999999862084
2015-06-20,0,0.6439090293119071,0.3560909706880921
2015-06-21,1,6.094583269864615e-46,1.0
2015-06-22,1,3.1667187068754727e-255,1.0
2015-06-23,1,2.2286195512747546e-35,1.0
2015-06-24,1,0.0,1.0
2015-06-25,1,2.8410236742e-313,1.0
2015-06-26,1,9.977207635243049e-116,1.0
2015-06-27,1,1.6969205170377542e-09,0.9999999983030801
2015-06-28,1,0.0,1.0
2015-06-29,1,1.1572836278670437e-288,1.0
2015-06-30,1,0.0,1.0
2015-07-01,1,7.714349845432476e-124,1.0
2015-07-02,1,3.9192973252025054e-86,1.0
2015-07-03,1,2.3390482589844744e-187,1.0
2015-07-04,1,8.403839424728192e-126,1.0
2015-07-05,1,2.5382524116726956e-297,1.0
2015-07-06,1,9.715599087978418e-219,1.0
2015-07-07,1,6.644409259697265e-77,1.0
2015-07-08,1,1.9781905377418056e-47,1.0
2015-07-09,1,6.598944360260998e-05,0.9999340105563976
2015-07-10,0,0.999951535754553,4.846424544813001e-05
2015-07-11,0,1.0,1.2624280609556014e-30
2015-07-12,1,3.917550109437405e-13,0.9999999999996092
2015-07-13,1,1.0445517239125241e-11,0.999999999989555
2015-07-14,0,0.9999997434358052,2.56564194784484e-07
2015-07-15,0,0.9999999933223371,6.677663881800609e-09
2015-07-16,1,0.02771806063663366,0.9722819393633663
2015-07-17,0,0.999990670183982,9.329816018696322e-06
2015-07-18,1,2.7404777155728765e-131,1.0
2015-07-19,1,3.4564592082610757e-60,1.0
2015-07-20,1,2.039204133813023e-115,1.0
2015-07-21,1,7.594630073112477e-32,1.0
2015-07-22,1,2.0448822528005793e-274,1.0
2015-07-23,1,1.931421039303633e-202,1.0
2015-07-24,1,2.1688253199200566e-37,1.0
2015-07-25,1,9.063558104578367e-17,1.0
2015-07-26,1,2.4811352806736717e-266,1.0
2015-07-27,1,0.0,1.0
2015-07-28,1,6.730755148862122e-145,1.0
2015-07-29,1,0.0,1.0
2015-07-30,0,0.9997992437673503,0.0002007562326513345
2015-07-31,0,0.9999994579508437,5.420491578755503e-07
2015-08-01,0,0.9998935249580184,0.00010647504198252232
2015-08-02,0,0.7108127829833484,0.28918721701665256
2015-08-03,1,0.0,1.0
2015-08-04,1,6.486021396957298e-246,1.0
2015-08-05,1,3.0622841364289524e-283,1.0
2015-08-06,1,3.9543093987894275e-53,1.0
2015-08-07,0,0.9999928449910199,7.155008979235827e-06
2015-08-08,0,0.9999999993401829,6.598163965537415e-10
2015-08-09,0,0.9999999998767635,1.2323527201158848e-10
2015-08-10,1,4.411509558118232e-34,1.0
2015-08-11,0,0.9705199309961496,0.029480069003851424
2015-08-12,1,5.521266124043998e-10,0.9999999994478728
2015-08-13,1,6.377389776944558e-26,1.0
2015-08-14,0,0.9999780554945364,2.1944505463848713e-05
2015-08-15,0,0.9826522077858038,0.017347792214195513
2015-08-16,1,8.32036504423637e-17,1.0
2015-08-17,0,0.9999999976064942,2.3935062236208442e-09
2015-08-18,1,1.5671947891934937e-10,0.9999999998432809
2015-08-19,0,0.9999040899822772,9.591001772324932e-05
2015-08-20,1,2.0025181583837668e-17,1.0
2015-08-21,1,1.09663166274505e-310,1.0
2015-08-22,1,1.660332589712039e-53,1.0
2015-08-23,1,3.871941244760317e-16,1.0
2015-08-24,1,8.313401460011221e-273,1.0
2015-08-25,1,2.6147961495748647e-103,1.0
2015-08-26,1,1.177267956506178e-178,1.0
2015-08-27,1,8.692727216565353e-291,1.0
2015-08-28,1,3.849383275290099e-05,0.9999615061672463
2015-08-29,0,0.9999855364117988,1.4463588201863505e-05
2015-08-30,0,0.9999999999876579,1.2340819527967394e-11
2015-08-31,0,0.9999468603878945,5.3139612104463145e-05
2015-09-01,1,8.466270263305987e-43,1.0
2015-09-02,1,6.753311451202188e-33,1.0
2015-09-03,0,0.9999999713587298,2.8641269830430712e-08
2015-09-04,0,0.9999999999984652,1.536062115826107e-12
2015-09-05,0,0.9999999999999964,2.3674134244758088e-15
2015-09-06,0,0.9999999989827515,1.0172489741062786e-09
2015-09-07,0,0.9999999999999964,4.575790125228131e-15
2015-09-08,0,0.9999999985996162,1.4003851240587397e-09
2015-09-09,1,9.781714296933422e-46,1.0
2015-09-10,1,1.04338333314902e-100,1.0
2015-09-11,1,1.2671067840147229e-47,1.0
2015-09-12,1,0.0004291387718916066,0.9995708612281088
2015-09-13,0,0.9999999009003608,9.909963862493369e-08
2015-09-14,0,0.9999999988503738,1.1496266439875683e-09
2015-09-15,1,4.360239369469446e-14,0.9999999999999574
2015-09-16,0,0.9999999712087555,2.879124400756736e-08
2015-09-17,0,1.0,3.2012774031072335e-28
2015-09-18,1,1.6206430257755626e-26,1.0
2015-09-19,0,0.9999999988713588,1.1286417121136619e-09
2015-09-20,0,0.9999827790984224,1.722090157649727e-05
2015-09-21,1,0.0,1.0
2015-09-22,1,0.0,1.0
2015-09-23,1,0.0,1.0
2015-09-24,1,0.0,1.0
2015-09-25,1,3.502002465809844e-264,1.0
2015-09-26,1,1.9873963391422716e-123,1.0
2015-09-27,1,1.883060067323567e-309,1.0
2015-09-28,1,0.0,1.0
2015-09-29,1,0.0,1.0
2015-09-30,1,0.0,1.0
2015-10-01,1,0.0,1.0
2015-10-02,1,0.0,1.0
2015-10-03,1,0.0,1.0
2015-10-04,1,0.0,1.0
2015-10-05,1,0.0,1.0
2015-10-06,1,0.0,1.0
2015-10-07,1,0.0,1.0
2015-10-08,1,3.063511862660055e-98,1.0
2015-10-09,1,0.0,1.0
2015-10-10,1,0.0,1.0
2015-10-11,1,0.0,1.0
2015-10-12,1,0.0,1.0
2015-10-13,1,0.0,1.0
2015-10-14,1,0.0,1.0
2015-10-15,1,0.0,1.0
2015-10-16,1,1.268051421632139e-304,1.0
2015-10-17,1,0.0,1.0
2015-10-18,1,0.0,1.0
2015-10-19,1,0.0,1.0
2015-10-20,1,0.0,1.0
2015-10-21,1,1.49155769162541e-06,0.9999985084423088
2015-10-22,1,1.0763629560428218e-07,0.9999998923637041
2015-10-23,0,0.9999999988627941,1.1372047431809036e-09
2015-10-24,1,3.580052690651834e-09,0.9999999964199473
2015-10-25,1,2.999420353681637e-224,1.0
2015-10-26,1,7.562490462828853e-39,1.0
2015-10-27,1,1.8513735859904269e-174,1.0
2015-10-28,0,1.0,3.684541511952648e-20
2015-10-29,0,1.0,4.830705541766603e-18
2015-10-30,0,1.0,5.265587364914871e-19
2015-10-31,0,1.0,3.3785349400843485e-19
2015-11-01,0,1.0,6.468697463354079e-20
2015-11-02,0,1.0,5.815649663753752e-20
2015-11-03,1,2.837581089899514e-189,1.0
2015-11-04,0,1.0,6.167252438574098e-20
2015-11-05,1,2.466556335288333e-74,1.0
2015-11-06,1,2.510965049349461e-212,1.0
2015-11-07,1,0.0,1.0
2015-11-08,1,0.0,1.0
2015-11-09,1,0.0,1.0
2015-11-10,1,0.0,1.0
2015-11-11,1,0.0,1.0
2015-11-12,1,0.0,1.0
2015-11-13,1,0.0,1.0
2015-11-14,1,0.0,1.0
2015-11-15,0,1.0,2.918714538251048e-19
2015-11-16,0,1.0,3.11077901180478e-19
2015-11-17,0,1.0,1.9029770505109782e-16
2015-11-18,0,1.0,1.911475788874271e-17
2015-11-19,0,1.0,3.003387127507201e-19
2015-11-20,1,2.81576179e-315,1.0
2015-11-21,0,0.9999999932313273,6.768673639677522e-09
2015-11-22,1,0.0,1.0
2015-11-23,1,0.0,1.0
2015-11-24,1,0.0,1.0
2015-11-25,1,2.978018792331653e-09,0.9999999970219813
2015-11-26,1,1.7774089578573067e-08,0.9999999822259104
2015-11-27,1,6.515211791557556e-15,0.9999999999999938
2015-11-28,1,2.203114503424258e-11,0.999999999977969
2015-11-29,1,1.5224010009244032e-75,1.0
2015-11-30,1,2.513115543660572e-14,0.9999999999999749
2015-12-01,1,3.610089981952217e-07,0.9999996389910025
2015-12-02,1,6.086226318173652e-07,0.999999391377369
2015-12-03,1,3.3865050290484893e-09,0.9999999966134951
2015-12-04,1,1.3634572398079912e-09,0.9999999986365427
2015-12-05,1,1.6696090542454216e-10,0.9999999998330391
2015-12-06,1,3.831749617700189e-186,1.0
2015-12-07,1,0.0,1.0
2015-12-08,1,0.0,1.0
2015-12-09,1,0.0,1.0
2015-12-10,1,0.0,1.0
2015-12-11,1,0.0,1.0
2015-12-12,1,0.0,1.0
2015-12-13,1,0.0,1.0
2015-12-14,1,0.0,1.0
2015-12-15,1,0.0,1.0
2015-12-16,1,0.0,1.0
2015-12-17,1,3.508716791043244e-83,1.0
2015-12-18,1,0.0,1.0
2015-12-19,1,8.5216865146e-313,1.0
2015-12-20,1,0.0,1.0
2015-12-21,1,2.6342773406109262e-56,1.0
2015-12-22,1,0.0,1.0
2015-12-23,1,0.0,1.0
2015-12-24,1,2.506662219362448e-108,1.0
2015-12-25,1,0.0,1.0
2015-12-26,0,0.9997619530774772,0.00023804692252335152
2015-12-27,1,1.3961015754835324e-226,1.0
2015-12-28,1,0.0,1.0
2015-12-29,1,7.597922282317393e-275,1.0
2015-12-30,0,0.9867592045492063,0.013240795450794138
2015-12-31,1,2.0859044273681847e-68,1.0
2016-01-01,1,0.0,1.0
2016-01-02,1,1.3757046948172622e-93,1.0
2016-01-03,1,0.0,1.0
2016-01-04,1,0.0,1.0
2016-01-05,1,0.0,1.0
2016-01-06,1,0.0,1.0
2016-01-07,1,0.0,1.0
2016-01-08,1,0.0,1.0
2016-01-09,1,0.0,1.0
2016-01-10,1,4.602331243328369e-60,1.0
2016-01-11,1,0.0,1.0
2016-01-12,1,0.0,1.0
2016-01-13,1,2.653954241520924e-259,1.0
2016-01-14,1,0.0,1.0
2016-01-15,1,0.0,1.0
2016-01-16,1,0.0,1.0
2016-01-17,1,2.997926e-318,1.0
2016-01-18,1,0.0,1.0
2016-01-19,1,0.0,1.0
2016-01-20,1,5.693366278434087e-225,1.0
2016-01-21,0,0.9390448563686183,0.060955143631381874
2016-01-22,1,0.0,1.0
2016-01-23,1,0.0,1.0
2016-01-24,1,0.0,1.0
2016-01-25,1,0.0,1.0
2016-01-26,1,5.440024585700866e-277,1.0
2016-01-27,1,2.0084359273260547e-68,1.0
2016-01-28,1,1.9527426331703938e-61,1.0
2016-01-29,1,7.815687365302736e-72,1.0
2016-01-30,1,9.791094165149561e-144,1.0
2016-01-31,1,2.839782369211843e-55,1.0
2016-02-01,0,0.9999226999238229,7.730007617752705e-05
2016-02-02,1,1.4524998718527114e-47,1.0
2016-02-03,1,6.4353363353264e-105,1.0
2016-02-04,0,0.6636359286349716,0.33636407136502866
2016-02-05,1,2.4557543477346295e-28,1.0
2016-02-06,1,1.003452825215266e-42,1.0
2016-02-07,0,0.9999966790430689,3.320956931470751e-06
2016-02-08,1,1.1932819366361015e-253,1.0
2016-02-09,1,2.9312457765533465e-131,1.0
2016-02-10,1,4.460334844585092e-162,1.0
2016-02-11,0,0.9999995738917191,4.2610827943074066e-07
2016-02-12,1,2.2304568323196824e-34,1.0
2016-02-13,1,1.1084039104668959e-60,1.0
2016-02-14,1,1.2955903248432997e-37,1.0
2016-02-15,1,0.0,1.0
2016-02-16,1,0.0,1.0
2016-02-17,1,4.214310223158205e-14,0.9999999999999578
2016-02-18,1,1.232605737572278e-10,0.9999999998767395
2016-02-19,1,1.710906557211592e-06,0.9999982890934439
2016-02-20,0,1.0,3.649605238277023e-18
2016-02-21,0,1.0,8.953114743876107e-18
2016-02-22,1,0.0,1.0
2016-02-23,1,0.0,1.0
2016-02-24,0,1.0,3.647085553456665e-18
2016-02-25,0,1.0,3.643183404581907e-18
2016-02-26,0,1.0,3.672686786167313e-18
2016-02-27,0,1.0,3.799267579143626e-18
2016-02-28,0,1.0,3.891023409414927e-18
2016-02-29,0,1.0,3.864710716331381e-18
2016-03-01,0,1.0,1.2264676500961414e-18
2016-03-02,1,0.0,1.0
2016-03-03,0,1.0,1.189220094471742e-18
2016-03-04,1,0.0,1.0
2016-03-05,0,1.0,3.368678843760427e-18
2016-03-06,0,1.0,1.1569504448907855e-18
2016-03-07,1,5.72705731381278e-309,1.0
2016-03-08,1,3.2681087929417375e-11,0.9999999999673186
2016-03-09,1,0.0,1.0
2016-03-10,0,1.0,1.937388055723919e-17
2016-03-11,0,1.0,1.9207581339208465e-17
2016-03-12,1,3.5708963564471786e-08,0.999999964291036
2016-03-13,0,1.0,7.114681512654912e-17
2016-03-14,0,0.9999999997435651,2.564353313410771e-10
2016-03-15,0,0.9999981528916463,1.8471083531744858e-06
2016-03-16,0,0.9999999861553626,1.384463831832268e-08
2016-03-17,1,2.634272058375714e-07,0.9999997365727956
2016-03-18,1,1.8524111472982666e-09,0.9999999981475902
2016-03-19,1,1.6145439061270472e-129,1.0
2016-03-20,1,3.6898574670487976e-112,1.0
2016-03-21,1,6.572692362073224e-270,1.0
2016-03-22,1,8.398373944640943e-168,1.0
2016-03-23,1,0.01008852211991053,0.9899114778800893
2016-03-24,1,7.876799077961994e-05,0.9999212320092205
2016-03-25,1,0.0,1.0
2016-03-26,1,0.0,1.0
2016-03-27,1,0.0,1.0
2016-03-28,1,2.3233890524529177e-133,1.0
2016-03-29,0,0.9999999999961062,3.893440089070716e-12
2016-03-30,1,1.5845907763588422e-06,0.9999984154092236
2016-03-31,1,9.257793092323045e-07,0.9999990742206908
2016-04-01,1,0.001480602912411533,0.9985193970875885
2016-04-02,1,2.3348930566208727e-192,1.0
2016-04-03,1,0.0,1.0
2016-04-04,1,6.277513400205397e-05,0.9999372248659975
2016-04-05,1,0.0,1.0
2016-04-06,1,0.0,1.0
2016-04-07,1,4.250993784604402e-298,1.0
2016-04-08,1,8.801779083527573e-110,1.0
2016-04-09,0,0.9999999783728415,2.162715881020478e-08
2016-04-10,1,1.2243932054076048e-11,0.9999999999877556
2016-04-11,0,0.9999876553607272,1.2344639272868911e-05
2016-04-12,0,0.9754757160560532,0.024524283943946897
2016-04-13,0,0.9999999999988276,1.17229494532028e-12
2016-04-14,0,0.7886753047139755,0.2113246952860245
2016-04-15,1,0.38899136154815805,0.6110086384518416
2016-04-16,0,1.0,1.086814029899284e-25
2016-04-17,0,1.0,1.0469261960527577e-16
2016-04-18,0,0.9999999999189448,8.105608110865472e-11
2016-04-19,0,0.9999999999999645,3.5423625213292766e-14
2016-04-20,0,0.9999999975351272,2.4648726647202973e-09
2016-04-21,0,0.9999991962707849,8.037292155625597e-07
2016-04-22,0,0.9999380007814502,6.199921854825707e-05
2016-04-23,0,0.9999999999718199,2.8178727601679305e-11
2016-04-24,1,4.299153616620495e-14,0.9999999999999574
2016-04-25,1,2.941360520305107e-87,1.0
2016-04-26,1,0.41360441761954975,0.5863955823804511
2016-04-27,1,0.00018048637603348229,0.9998195136239673
2016-04-28,0,0.999999963126389,3.6873610247914134e-08
2016-04-29,0,0.9999999896539542,1.0346046999597595e-08
2016-04-30,0,1.0,1.4285927269264967e-16
2016-05-01,0,0.9999999999999822,1.6173510809008635e-14
2016-05-02,0,0.9999999981606962,1.8393037172611143e-09
2016-05-03,0,0.9999925404441838,7.459555814896413e-06
2016-05-04,1,1.7393524739767935e-97,1.0
2016-05-05,0,0.8857080638163064,0.11429193618369385
2016-05-06,0,1.0,3.550001710962572e-17
2016-05-07,0,0.983650697939149,0.016349302060851778
2016-05-08,0,1.0,2.2362061711343303e-21
2016-05-09,0,0.9999999999999964,2.072420739426656e-15
2016-05-10,0,0.9999999999999964,5.271629340768582e-15
2016-05-11,0,0.999999999999666,3.354332237477156e-13
2016-05-12,0,0.9999999776027801,2.2397221207622555e-08
2016-05-13,0,0.9999999999999964,4.631484165476993e-15
2016-05-14,0,1.0,8.337341073009417e-34
2016-05-15,0,0.9999995999994465,4.000005529939377e-07
2016-05-16,1,5.541441693831321e-243,1.0
2016-05-17,0,0.9999999999999964,1.9157345120653188e-15
2016-05-18,1,1.2628032031470622e-18,1.0
2016-05-19,1,1.891507121721814e-17,1.0
2016-05-20,1,1.4782227345091006e-143,1.0
2016-05-21,0,0.9924891079356777,0.007510892064321185
2016-05-22,0,1.0,1.9742139581820158e-16
2016-05-23,0,0.9999999999548379,4.5160624367815095e-11
2016-05-24,0,0.9999999999874909,1.2508802199368607e-11
2016-05-25,0,0.9999999624883678,3.751163200389551e-08
2016-05-26,0,0.9999972864433542,2.713556644484294e-06
2016-05-27,0,0.998132031860963,0.001867968139037821
2016-05-28,1,0.4908994244155871,0.5091005755844134
2016-05-29,0,0.9999999982973549,1.702647010194098e-09
2016-05-30,0,0.9999974720036505,2.527996349006038e-06
2016-05-31,0,0.9999965161533032,3.4838466975685233e-06
2016-06-01,0,0.999999996001943,3.9980573977285874e-09
2016-06-02,1,1.802207866710137e-31,1.0
2016-06-03,0,1.0,4.052079424839723e-20
2016-06-04,1,0.0,1.0
2016-06-05,0,0.9999999944766351,5.5233640889450755e-09
2016-06-06,0,1.0,7.068668001756544e-26
2016-06-07,1,1.1436251727984927e-14,0.9999999999999893
2016-06-08,1,0.00020855051545236704,0.9997914494845472
2016-06-09,1,3.0659071155232597e-83,1.0
2016-06-10,1,1.694793399944751e-134,1.0
2016-06-11,1,3.4134640710729547e-42,1.0
2016-06-12,1,3.0876111287249135e-105,1.0
2016-06-13,1,9.225783650133734e-205,1.0
2016-06-14,1,1.0716272227137288e-52,1.0
2016-06-15,1,0.0,1.0
2016-06-16,1,2.4546526593027233e-103,1.0
2016-06-17,1,1.0742465686079267e-237,1.0
2016-06-18,1,1.405473750606632e-218,1.0
2016-06-19,1,3.766620654296779e-108,1.0
2016-06-20,1,5.697963186649954e-41,1.0
2016-06-21,1,5.575054402845385e-185,1.0
2016-06-22,1,6.655301100836153e-119,1.0
2016-06-23,1,2.672168186711244e-76,1.0
2016-06-24,1,4.36622363383e-313,1.0
2016-06-25,0,0.9999972071873334,2.7928126673931424e-06
2016-06-26,1,1.512985338283982e-39,1.0
2016-06-27,0,0.9999898831739195,1.0116826081175708e-05
2016-06-28,0,0.9999999999997655,2.3288133589329953e-13
2016-06-29,0,0.9999390251466088,6.09748533917449e-05
2016-06-30,0,1.0,6.259613204470796e-29
2016-07-01,1,0.002318630578659084,0.9976813694213401
2016-07-02,0,0.9777215343130805,0.022278465686920195
2016-07-03,1,6.420869855977597e-13,0.9999999999993587
2016-07-04,0,0.999999999997371,2.628970771467115e-12
2016-07-05,0,0.9999245519484516,7.54480515479065e-05
2016-07-06,1,2.2548192752968696e-13,0.9999999999997744
2016-07-07,1,2.7308736846480985e-95,1.0
2016-07-08,1,9.639810706885846e-69,1.0
2016-07-09,1,1.4946376390853393e-10,0.9999999998505356
2016-07-10,1,4.431905395767125e-14,0.9999999999999556
2016-07-11,1,2.484752459994458e-54,1.0
2016-07-12,0,0.9999999982343759,1.7656246173233377e-09
2016-07-13,1,1.4277656642724937e-41,1.0
2016-07-14,1,1.5968937111498403e-07,0.9999998403106293
2016-07-15,0,1.0,1.5765788321881114e-21
2016-07-16,0,0.9988460039165885,0.0011539960834120052
2016-07-17,0,0.9999997101225937,2.8987740797910663e-07
2016-07-18,0,0.9999995388623117,4.6113768683162964e-07
2016-07-19,1,3.1010412332716217e-32,1.0
2016-07-20,0,0.9999968014472026,3.198552797169606e-06
2016-07-21,0,0.997183638007661,0.0028163619923382292
2016-07-22,1,2.2220951480154943e-05,0.9999777790485196
2016-07-23,0,0.9999999439286513,5.6071349720273595e-08
2016-07-24,0,0.9999999054308732,9.4569128268896e-08
2016-07-25,0,0.9999999986118873,1.3881114190783475e-09
2016-07-26,0,0.9999999999338591,6.614035603049019e-11
2016-07-27,0,0.9999999020272531,9.797274742492273e-08
2016-07-28,1,1.4883024664342128e-13,0.9999999999998508
2016-07-29,0,0.9999999999999964,5.413336653907097e-15
2016-07-30,1,1.5026206354659795e-05,0.9999849737936461
2016-07-31,0,0.9999999985703774,1.429622996471586e-09
2016-08-01,0,1.0,1.554731487382124e-16
2016-08-02,1,9.718512717156952e-38,1.0
2016-08-03,1,0.14706736379250585,0.8529326362074947
2016-08-04,0,0.9999999946079718,5.392029014809572e-09
2016-08-05,0,0.997871705616509,0.002128294383491767
2016-08-06,0,0.9999999540208055,4.597919421208959e-08
2016-08-07,1,0.04915465491576809,0.9508453450842312
2016-08-08,1,3.6444188544140907e-79,1.0
2016-08-09,1,3.62981815728872e-130,1.0
2016-08-10,1,2.5877289172547922e-104,1.0
2016-08-11,1,3.1216159025481874e-35,1.0
2016-08-12,1,5.1194998259826764e-36,1.0
2016-08-13,1,8.074767346596141e-07,0.9999991925232647
2016-08-14,1,1.3912853946815878e-32,1.0
2016-08-15,1,7.071540467116915e-14,0.999999999999929
2016-08-16,1,2.4303828213941148e-25,1.0
2016-08-17,0,0.8713814703919598,0.1286185296080397
2016-08-18,1,1.915935843895064e-34,1.0
2016-08-19,1,0.0,1.0
2016-08-20,1,1.413112394254748e-08,0.9999999858688762
2016-08-21,1,8.455573039630002e-25,1.0
2016-08-22,1,3.5118539853367733e-208,1.0
2016-08-23,1,2.478831619e-314,1.0
2016-08-24,1,9.306837687955998e-30,1.0
2016-08-25,1,3.5441585403372904e-44,1.0
2016-08-26,1,2.3821234631558323e-43,1.0
2016-08-27,1,0.0,1.0
2016-08-28,1,5.3717261542004835e-49,1.0
2016-08-29,1,0.0,1.0
2016-08-30,1,3.2370016999263625e-269,1.0
2016-08-31,1,4.86627115285391e-171,1.0
2016-09-01,0,0.9999999907246817,9.275318776079144e-09
2016-09-02,1,7.26934580118391e-10,0.999999999273065
2016-09-03,1,1.0873884228241253e-132,1.0
2016-09-04,1,8.430366333264039e-29,1.0
2016-09-05,1,2.43761464145091e-17,1.0
2016-09-06,1,0.0,1.0
2016-09-07,1,3.96298560859566e-94,1.0
2016-09-08,0,0.9999960702645807,3.929735420416179e-06
2016-09-09,0,0.999999988272787,1.1727213135134326e-08
2016-09-10,1,0.00038291090680719284,0.9996170890931929
2016-09-11,1,3.232026734343563e-39,1.0
2016-09-12,1,8.743986809304358e-05,0.9999125601319078
2016-09-13,1,4.2136396342772904e-19,1.0
2016-09-14,1,0.3976427479558656,0.6023572520441339
2016-09-15,1,0.020693132422950223,0.9793068675770491
2016-09-16,1,7.625036760178447e-66,1.0
2016-09-17,1,3.0783205159017265e-29,1.0
2016-09-18,1,1.1267765714284723e-15,0.9999999999999982
2016-09-19,1,4.3613550685917183e-268,1.0
2016-09-20,1,4.1384736760913777e-284,1.0
2016-09-21,1,4.01683272280617e-63,1.0
2016-09-22,1,2.018119977645323e-14,0.9999999999999805
2016-09-23,1,9.576401728813481e-30,1.0
2016-09-24,0,0.9993421750357159,0.0006578249642827698
2016-09-25,0,0.9999959259437076,4.074056293728256e-06
2016-09-26,1,1.0579065828323916e-183,1.0
2016-09-27,1,0.0,1.0
2016-09-28,1,0.0,1.0
2016-09-29,1,0.0,1.0
2016-09-30,1,0.0,1.0
2016-10-01,1,3.602589062869033e-22,1.0
2016-10-02,0,0.980022798053477,0.019977201946522857
2016-10-03,1,3.1418768868364496e-257,1.0
2016-10-04,1,3.947536866840148e-63,1.0
2016-10-05,1,0.0,1.0
2016-10-06,1,0.0,1.0
2016-10-07,0,0.9689868708294137,0.031013129170585466
2016-10-08,1,1.867121400886448e-27,1.0
2016-10-09,0,0.563063064430492,0.43693693556950824
2016-10-10,1,1.681749802406951e-154,1.0
2016-10-11,1,1.939643030133259e-249,1.0
2016-10-12,1,1.0498496453888648e-38,1.0
2016-10-13,1,3.936125194173657e-158,1.0
2016-10-14,1,5.854935173233656e-89,1.0
2016-10-15,1,7.493594655654208e-17,1.0
2016-10-16,0,0.999301260658997,0.0006987393410014208
2016-10-17,1,2.422861887354358e-28,1.0
2016-10-18,1,7.82609975409737e-11,0.999999999921739
2016-10-19,1,2.9716806504910927e-285,1.0
2016-10-20,1,3.5784610219135735e-85,1.0
2016-10-21,0,0.9999999976807139,2.319285989238208e-09
2016-10-22,0,0.9999999232986909,7.670130943501831e-08
2016-10-23,0,0.9999953417029025,4.658297098806417e-06
2016-10-24,0,0.9943896957150234,0.00561030428497578
2016-10-25,1,4.698372877269183e-58,1.0
2016-10-26,1,1.017813778813168e-191,1.0
2016-10-27,1,5.758541834100275e-67,1.0
2016-10-28,1,6.444939884114449e-91,1.0
2016-10-29,1,4.477535898773941e-31,1.0
2016-10-30,1,6.5207624596770785e-108,1.0
2016-10-31,1,1.8586893355389385e-47,1.0
2016-11-01,1,0.0,1.0
2016-11-02,1,3.2367413237832865e-80,1.0
2016-11-03,1,1.4970131333228794e-18,1.0
2016-11-04,1,4.356223007396507e-143,1.0
2016-11-05,1,2.8672243731286124e-20,1.0
2016-11-06,0,1.0,1.7274927467646187e-17
2016-11-07,0,0.9999998928479514,1.0715204929210455e-07
2016-11-08,0,0.9999985946003419,1.4053996578452184e-06
2016-11-09,0,0.9999994614591217,5.385408777636345e-07
2016-11-10,0,0.9999999999989768,1.0224469032639382e-12
2016-11-11,1,9.38280030445427e-13,0.9999999999990621
2016-11-12,1,1.517481285251813e-06,0.9999984825187148
2016-11-13,0,0.9999999999998224,1.7801313176214996e-13
2016-11-14,0,0.9999993872510652,6.127489331932361e-07
2016-11-15,1,3.589328599937345e-09,0.999999996410672
2016-11-16,1,1.4713544264248973e-46,1.0
2016-11-17,1,3.7963062382477036e-16,1.0
2016-11-18,0,0.9999999994227622,5.772374991543755e-10
2016-11-19,0,1.0,1.6619840408690105e-15
2016-11-20,0,0.9995122019447086,0.0004877980552930613
2016-11-21,1,3.19346619382642e-05,0.9999680653380624
2016-11-22,1,3.93874855580766e-90,1.0
2016-11-23,1,2.5393091426369115e-81,1.0
2016-11-24,1,0.0002337313851909565,0.9997662686148096
2016-11-25,0,0.9999999989440802,1.0559212079295882e-09
2016-11-26,0,0.9999989623987117,1.0376012889211513e-06
2016-11-27,0,1.0,3.521488722739448e-25
2016-11-28,0,0.9834474041125554,0.01655259588744494
2016-11-29,1,0.052949649010602236,0.9470503509893978
2016-11-30,0,0.9999997360423187,2.639576818190812e-07
2016-12-01,0,0.6902142031520327,0.309785796847967
2016-12-02,1,1.0722161338753804e-61,1.0
2016-12-03,1,1.0030861186701076e-07,0.9999998996913885
2016-12-04,1,0.0007976547279971812,0.9992023452720034
2016-12-05,1,0.2804588397092329,0.7195411602907673
2016-12-06,0,0.9999999656658721,3.433412610006212e-08
2016-12-07,0,1.0,3.144532408022426e-40
2016-12-08,0,1.0,3.1615672601082136e-40
2016-12-09,0,0.999329183929824,0.0006708160701750348
2016-12-10,0,0.9999220918392776,7.790816072299536e-05
2016-12-11,0,1.0,3.1684829089667618e-40
2016-12-12,1,3.036683939323727e-26,1.0
2016-12-13,1,2.463032813504983e-179,1.0
2016-12-14,1,4.730645397312293e-19,1.0
2016-12-15,0,0.9999999511598338,4.884016515979871e-08
2016-12-16,0,0.9999999987133563,1.2866428056469853e-09
2016-12-17,0,0.9999999996705178,3.2948299972502237e-10
2016-12-18,0,0.9998294235380475,0.00017057646195280235
2016-12-19,0,0.9999999999999929,5.574338447582167e-15
2016-12-20,0,1.0,3.261722950690629e-17
2016-12-21,0,1.0,3.6181339739144735e-17
2016-12-22,0,0.9999999999845954,1.540602992033434e-11
2016-12-23,0,0.9999999999996803,3.2022814542332986e-13
2016-12-24,0,1.0,7.363930454371629e-28
2016-12-25,0,1.0,2.1323895964004036e-16
2016-12-26,0,0.9999999999998828,1.1594217597529464e-13
2016-12-27,0,0.9999999176688553,8.233114559379901e-08
2016-12-28,0,0.9999999999996021,3.9916475532831855e-13
2016-12-29,0,0.9999999999994209,5.784210083910715e-13
2016-12-30,0,0.9999999755483756,2.4451625065456032e-08
2016-12-31,0,1.0,5.0918805084470683e-23
2017-01-01,0,0.9999999982242693,1.7757309408339e-09
2017-01-02,0,0.9999999944949174,5.505082609434951e-09
2017-01-03,0,0.9999999999333014,6.669812987043351e-11
2017-01-04,1,1.8154730389724743e-47,1.0
2017-01-05,1,2.11842278841339e-32,1.0
2017-01-06,1,5.613658437989281e-22,1.0
2017-01-07,1,3.4078043133095656e-16,1.0
2017-01-08,0,0.9999999967039344,3.2960670249099354e-09
2017-01-09,0,0.999999946643468,5.335653165979783e-08
2017-01-10,1,2.3693261915144497e-31,1.0
2017-01-11,1,0.0006531350415990077,0.9993468649584007
2017-01-12,1,0.29633122086612884,0.7036687791338705
2017-01-13,1,2.100887758220428e-96,1.0
2017-01-14,0,0.9999999998504308,1.4956853624546103e-10
2017-01-15,1,0.001586357659786605,0.9984136423402128
2017-01-16,0,0.9978364395970443,0.00216356040295551
2017-01-17,1,1.9277678975262825e-54,1.0
2017-01-18,1,2.4654930038225505e-52,1.0
2017-01-19,0,0.9998456698894382,0.000154330110562533
2017-01-20,1,9.510750357907988e-106,1.0
2017-01-21,1,7.969641794142371e-68,1.0
2017-01-22,1,3.100568468459085e-06,0.9999968994315314
2017-01-23,1,6.215842701400903e-114,1.0
2017-01-24,1,6.910907465856581e-99,1.0
2017-01-25,1,0.0,1.0
2017-01-26,1,4.2557246582325387e-97,1.0
2017-01-27,1,1.9448479184874231e-137,1.0
2017-01-28,1,0.1281400156530384,0.8718599843469611
2017-01-29,1,9.834527359710557e-14,0.9999999999999023
2017-01-30,1,9.767649994411534e-11,0.9999999999023235
2017-01-31,1,1.0826190401334943e-17,1.0
2017-02-01,0,0.9085715129991048,0.09142848700089498
2017-02-02,1,2.266459915148695e-45,1.0
2017-02-03,1,1.5648150088444687e-09,0.9999999984351859
2017-02-04,1,3.642648700071228e-29,1.0
2017-02-05,0,0.9999999625722402,3.742775891078843e-08
2017-02-06,1,2.920539373374152e-50,1.0
2017-02-07,1,4.073965974917639e-81,1.0
2017-02-08,0,0.9559942598706429,0.04400574012935789
2017-02-09,0,0.9999997662986668,2.337013330928478e-07
2017-02-10,1,2.58092707273737e-66,1.0
2017-02-11,0,0.9984598997758917,0.0015401002241087443
2017-02-12,0,0.9999999999643023,3.569874808863022e-11
2017-02-13,1,1.199966834599237e-171,1.0
2017-02-14,1,5.412367052474903e-30,1.0
2017-02-15,1,6.3162325952448995e-15,0.9999999999999947
2017-02-16,0,0.9998434592819748,0.0001565407180239956
2017-02-17,0,0.999999823104259,1.7689574154621778e-07
2017-02-18,1,1.274473486386303e-37,1.0
2017-02-19,1,4.488460410494901e-29,1.0
2017-02-20,1,0.00012432793965442586,0.999875672060345
2017-02-21,0,0.8491487080731419,0.15085129192685823
2017-02-22,1,1.776193867792852e-45,1.0
2017-02-23,1,0.013220991397038499,0.986779008602961
2017-02-24,0,0.9623175241687009,0.037682475831298676
2017-02-25,0,0.999192838126202,0.0008071618737997767
2017-02-26,0,0.9999999809650719,1.9034929187464788e-08
2017-02-27,0,0.9999999998730615,1.2693796540269056e-10
2017-02-28,0,0.9999983201954099,1.6798045891066e-06
2017-03-01,0,0.9999999999999751,2.6430223429885688e-14
2017-03-02,0,0.9999999989147064,1.0852928202794409e-09
2017-03-03,0,1.0,7.809151694841587e-22
2017-03-04,0,1.0,6.815734381292568e-16
2017-03-05,0,0.9999999992593267,7.406740244556951e-10
2017-03-06,0,0.9999999949069007,5.093099737312533e-09
2017-03-07,0,0.9999993437347912,6.562652078735936e-07
2017-03-08,0,0.999999913458826,8.654117391649478e-08
2017-03-09,1,1.1916208524938173e-86,1.0
2017-03-10,1,2.6241281331123274e-24,1.0
2017-03-11,1,1.6152373526442507e-39,1.0
2017-03-12,1,6.042002833733126e-82,1.0
2017-03-13,0,0.9999999996139302,3.8606956531047135e-10
2017-03-14,0,0.999999282199509,7.178004904754161e-07
2017-03-15,1,2.943413089382654e-57,1.0
2017-03-16,1,9.135016751552113e-65,1.0
2017-03-17,1,5.027228318280267e-05,0.999949727716817
2017-03-18,1,0.03957640866117028,0.9604235913388299
2017-03-19,0,0.9357196362136535,0.06428036378634479
2017-03-20,1,8.026130665150656e-42,1.0
2017-03-21,1,1.0638962569081396e-32,1.0
2017-03-22,1,0.0,1.0
2017-03-23,0,0.9999999794768615,2.05231381122197e-08
2017-03-24,0,0.6858772014608656,0.31412279853913483
2017-03-25,0,0.9999999956004153,4.3995837419389555e-09
2017-03-26,0,0.9999999999912639,8.73687691241719e-12
2017-03-27,1,6.18118124349169e-11,0.9999999999381881
2017-03-28,1,2.572119100411237e-57,1.0
2017-03-29,1,3.8843884054578727e-10,0.9999999996115605
2017-03-30,1,0.3004308532003501,0.6995691467996495
2017-03-31,0,0.9999700624486659,2.9937551333310584e-05
2017-04-01,0,0.999999999972637,2.736432364983513e-11
2017-04-02,1,1.0493548056278713e-06,0.9999989506451942
2017-04-03,1,7.420286693235025e-69,1.0
2017-04-04,1,5.813241480661259e-41,1.0
2017-04-05,0,0.9993334349777707,0.000666565022230487
2017-04-06,1,1.6475693367869112e-06,0.999998352430664
2017-04-07,1,1.710003828949383e-08,0.9999999828999614
2017-04-08,1,8.053698353514847e-09,0.9999999919463018
2017-04-09,0,0.999999264926288,7.350737117610688e-07
2017-04-10,0,0.9999999636303556,3.63696442234449e-08
2017-04-11,0,0.9999999979117931,2.0882067149953514e-09
2017-04-12,0,0.99999999671655,3.283451138498993e-09
2017-04-13,0,1.0,4.6270716173607245e-17
2017-04-14,0,0.9999999144577708,8.55422309042639e-08
2017-04-15,0,0.9999999999999893,1.0924243993944295e-14
2017-04-16,0,0.99999999732837,2.6716312960917555e-09
2017-04-17,1,4.3547748822249824e-20,1.0
2017-04-18,1,2.1966251154138218e-29,1.0
2017-04-19,1,1.0428013490316476e-11,0.9999999999895728
2017-04-20,0,1.0,3.860459835781981e-36
2017-04-21,1,2.799520038640029e-28,1.0
2017-04-22,1,1.1843265266625426e-10,0.9999999998815667
2017-04-23,0,1.0,1.637841338023643e-26
2017-04-24,0,0.9999999567322186,4.326778015989945e-08
2017-04-25,1,3.9100012441579517e-20,1.0
2017-04-26,0,0.9999850252119767,1.4974788022056573e-05
2017-04-27,1,1.1237711669341081e-34,1.0
2017-04-28,1,3.6611811771332468e-06,0.9999963388188231
2017-04-29,0,0.999999998670912,1.3290896258208828e-09
2017-04-30,0,0.9999999999999929,7.4822890127314e-15
2017-05-01,0,0.9999999999998899,1.1183337708841133e-13
2017-05-02,0,0.9999999995053734,4.946283626547738e-10
2017-05-03,0,0.9991716847470773,0.0008283152529232589
2017-05-04,0,0.9999999870719307,1.2928070607248299e-08
2017-05-05,0,0.9987464683994418,0.0012535316005570496
2017-05-06,0,0.9999999999997122,2.889408195205534e-13
2017-05-07,0,0.9997621078266686,0.00023789217333200063
2017-05-08,0,0.9999999990128323,9.871674838623389e-10
2017-05-09,1,4.910179757838188e-19,1.0
2017-05-10,0,1.0,3.5639551524459476e-31
2017-05-11,0,1.0,1.2719955454346034e-22
2017-05-12,1,0.06169623318756431,0.9383037668124353
2017-05-13,0,1.0,1.7614231734300347e-28
2017-05-14,0,1.0,3.127172607648184e-40
2017-05-15,0,1.0,3.570740556410018e-28
2017-05-16,0,1.0,4.561654312781938e-16
2017-05-17,0,1.0,8.674981135041745e-32
2017-05-18,0,1.0,1.597218256894037e-32
2017-05-19,0,1.0,1.6053691030779422e-32
2017-05-20,0,1.0,1.1181451278864134e-35
2017-05-21,0,1.0,2.1134033036731284e-37
2017-05-22,0,1.0,3.1051559626659116e-29
2017-05-23,0,1.0,4.993209796063354e-37
2017-05-24,0,1.0,3.154945149959099e-40
2017-05-25,0,1.0,1.4300078686527008e-27
2017-05-26,0,1.0,4.074377671450686e-25
2017-05-27,0,1.0,6.830795073304924e-16
2017-05-28,0,1.0,3.1063869980942422e-40
2017-05-29,0,1.0,4.495032110334393e-39
2017-05-30,0,1.0,3.6475130274113295e-37
2017-05-31,1,7.658239109022222e-89,1.0
2017-06-01,0,1.0,1.695492529923871e-20
2017-06-02,0,0.999933551236121,6.644876387859917e-05
2017-06-03,0,1.0,7.010450598736718e-20
2017-06-04,0,1.0,3.4427992048555794e-30
2017-06-05,0,0.9996898189239065,0.00031018107609339594
2017-06-06,1,8.934368059161237e-10,0.9999999991065636
2017-06-07,0,1.0,8.278835515373549e-23
2017-06-08,0,1.0,2.3472647053142835e-23
2017-06-09,0,1.0,3.995775399768054e-39
2017-06-10,0,1.0,7.978938841236333e-40
2017-06-11,0,1.0,3.1269815717326677e-40
2017-06-12,0,1.0,3.18466975375528e-40
2017-06-13,0,1.0,9.24856169672804e-23
2017-06-14,1,1.081030052038598e-48,1.0
2017-06-15,0,1.0,3.0905475165640514e-40
2017-06-16,0,1.0,3.1489229073755006e-40
2017-06-17,0,1.0,3.1404141996114984e-40
2017-06-18,0,1.0,3.143899608236872e-40
2017-06-19,0,1.0,3.122571688003264e-40
2017-06-20,0,1.0,3.1520901871163665e-40
2017-06-21,0,1.0,3.1447580682911708e-40
2017-06-22,0,1.0,3.1386031389055966e-40
2017-06-23,0,1.0,3.121251031850024e-40
2017-06-24,0,1.0,3.1462191211142665e-40
2017-06-25,0,1.0,3.1128218041257414e-40
2017-06-26,0,1.0,3.1097477098574107e-40
2017-06-27,0,1.0,4.662520239078931e-24
2017-06-28,0,1.0,1.4896956601572036e-28
2017-06-29,0,1.0,3.1523840249055885e-40
2017-06-30,0,1.0,3.1531825857259367e-40
2017-07-01,0,1.0,3.139170911993733e-40
2017-07-02,0,1.0,3.1520001564318644e-40
2017-07-03,0,1.0,3.1486877323588133e-40
2017-07-04,0,1.0,2.8593581075521642e-33
2017-07-05,0,1.0,3.176729114360219e-40
2017-07-06,0,1.0,3.163698576201648e-40
2017-07-07,0,1.0,3.160284702878851e-40
2017-07-08,0,1.0,3.217877512496155e-33
2017-07-09,0,1.0,1.2808879711422835e-23
2017-07-10,0,0.9999999999995737,4.2672293233512975e-13
2017-07-11,0,0.999999967370386,3.262961356951528e-08
2017-07-12,0,1.0,5.889377367508806e-34
2017-07-13,0,0.9999999927669805,7.233020008793958e-09
2017-07-14,0,0.9999999999540101,4.598840422263432e-11
2017-07-15,0,1.0,2.4355966160997246e-37
2017-07-16,0,1.0,4.3582380461871834e-38
2017-07-17,0,0.9999999999999893,9.215996897383347e-15
2017-07-18,1,1.1324546469811752e-06,0.9999988675453526
2017-07-19,1,2.4848578841839934e-09,0.9999999975151415
2017-07-20,0,0.9999999999994991,5.009455681327329e-13
2017-07-21,1,0.24834142065680687,0.7516585793431932
2017-07-22,0,1.0,9.756826316650235e-29
2017-07-23,0,1.0,5.700155644044934e-29
2017-07-24,0,0.9999999974294376,2.570562816843586e-09
2017-07-25,0,0.9984857159281294,0.0015142840718710294
2017-07-26,0,0.999999999989047,1.0953320601767254e-11
2017-07-27,1,2.464523423667469e-10,0.9999999997535483
2017-07-28,1,2.8575669602485752e-55,1.0
2017-07-29,1,4.513332374407392e-24,1.0
2017-07-30,0,0.9999999996556745,3.4432612860829986e-10
2017-07-31,0,0.9999999997572715,2.4273003474866867e-10
2017-08-01,1,6.47206250953794e-43,1.0
2017-08-02,0,0.9999982102997961,1.7897002039115887e-06
2017-08-03,0,0.8300111415740457,0.16998885842595454
2017-08-04,0,0.9999999979813179,2.0186827745079656e-09
2017-08-05,0,1.0,1.668845864523719e-33
2017-08-06,0,1.0,3.1523761243957124e-40
2017-08-07,0,1.0,3.294119109979498e-33
2017-08-08,0,0.9999999999999964,3.678767695355096e-15
2017-08-09,0,1.0,7.033838592984304e-20
2017-08-10,0,1.0,2.4107684580784288e-18
2017-08-11,0,1.0,1.7819476963482354e-22
2017-08-12,0,1.0,5.544861270732949e-27
2017-08-13,0,1.0,5.864894426073746e-28
2017-08-14,1,0.0006916651549582494,0.9993083348450423
2017-08-15,1,1.2461456749942956e-34,1.0
2017-08-16,0,1.0,4.473734816590606e-16
2017-08-17,0,0.9999999983960812,1.603919666115245e-09
2017-08-18,1,2.142890692056645e-12,0.9999999999978577
2017-08-19,0,0.9999913266180883,8.673381911270273e-06
2017-08-20,0,0.9999929090586069,7.090941392225669e-06
2017-08-21,0,0.9999999890312168,1.0968782373654348e-08
2017-08-22,0,0.999999988440468,1.1559532943328072e-08
2017-08-23,0,0.99999999977139,2.2860942295074564e-10
2017-08-24,0,0.9999998787747801,1.2122521989875686e-07
2017-08-25,0,1.0,4.995222928259226e-23
2017-08-26,0,1.0,1.3431038095511093e-15
2017-08-27,0,0.9999999999999325,6.657003312025949e-14
2017-08-28,0,1.0,3.375537064971326e-16
2017-08-29,0,0.9999999979018881,2.098112350091816e-09
2017-08-30,0,0.999999999997673,2.326950996370774e-12
2017-08-31,0,1.0,2.1737562991206187e-16
2017-09-01,0,0.999999872097914,1.2790208424368258e-07
2017-09-02,0,0.9999999998966018,1.0339970264155602e-10
2017-09-03,0,0.999999999999968,3.310071695956748e-14
2017-09-04,0,0.9999910680275161,8.931972485276453e-06
2017-09-05,0,0.9999990154968842,9.845031159295139e-07
2017-09-06,0,0.9999999999996767,3.245321042361593e-13
2017-09-07,0,0.9999999999998792,1.197412095841167e-13
2017-09-08,0,0.999999999528967,4.710333275938175e-10
2017-09-09,0,0.9999999999959712,4.0294323973008005e-12
2017-09-10,0,1.0,8.085992105927744e-16
2017-09-11,0,1.0,8.340712680536968e-17
2017-09-12,0,0.9999999656227884,3.437721020630162e-08
2017-09-13,0,0.9999999164640235,8.3535977976556e-08
2017-09-14,0,0.9999999989346335,1.0653667577494352e-09
2017-09-15,1,4.1484783179669e-24,1.0
2017-09-16,0,0.9999999708162979,2.9183702308463114e-08
2017-09-17,0,1.0,2.7238643532405358e-18
2017-09-18,1,1.52138953422507e-14,0.999999999999984
2017-09-19,1,2.1280277852884656e-17,1.0
2017-09-20,1,1.0916260667589385e-08,0.9999999890837401
2017-09-21,0,0.99908109099273,0.0009189090072707335
2017-09-22,0,1.0,6.283641195402916e-16
2017-09-23,0,1.0,2.918643214540938e-20
2017-09-24,0,1.0,1.3026145030979639e-39
2017-09-25,0,0.9999999915021967,8.497804321297057e-09
2017-09-26,0,0.9999999284702444,7.152975384351197e-08
2017-09-27,0,1.0,1.3144829251415923e-17
2017-09-28,1,1.191867324630288e-31,1.0
2017-09-29,1,1.3078479425109064e-12,0.9999999999986926
2017-09-30,0,0.9999999995337134,4.662860476092782e-10
2017-10-01,0,0.9999999999765343,2.346723960741565e-11
2017-10-02,0,0.9999999999945892,5.411915145129512e-12
2017-10-03,1,3.1205108376778952e-30,1.0
2017-10-04,0,0.9999999999999964,4.0366509958833235e-15
2017-10-05,0,0.9999999999999645,3.429785671316955e-14
2017-10-06,1,2.1991726488721073e-37,1.0
2017-10-07,0,0.9999999997559428,2.4405900889759574e-10
2017-10-08,0,0.9999999924424223,7.557576745854143e-09
2017-10-09,0,1.0,1.2780987924773433e-15
2017-10-10,1,3.226877303087106e-10,0.9999999996773123
2017-10-11,0,1.0,9.816425320904556e-18
2017-10-12,0,1.0,6.007462737263327e-16
2017-10-13,1,0.4450255072210055,0.5549744927789946
2017-10-14,0,1.0,2.179936090846402e-22
2017-10-15,0,1.0,6.824580665585161e-32
2017-10-16,0,1.0,1.3947943855852285e-25
2017-10-17,1,0.08007405944435575,0.9199259405556445
2017-10-18,0,0.9997910463437071,0.0002089536562926377
2017-10-19,1,1.2433532177793513e-09,0.9999999987566461
2017-10-20,0,0.9984863190436273,0.0015136809563714494
2017-10-21,0,0.9999398293182475,6.017068175315662e-05
2017-10-22,0,0.9947977471008775,0.005202252899121952
2017-10-23,0,0.9999999997097504,2.902489164755825e-10
2017-10-24,0,0.9999999821924456,1.780755435280813e-08
2017-10-25,0,0.8763820946646868,0.12361790533531408
2017-10-26,0,0.999999999999762,2.3851473135798914e-13
2017-10-27,0,0.9999999996741664,3.25832765749721e-10
2017-10-28,0,0.9998112091520986,0.00018879084790177658
2017-10-29,0,0.9988165905064093,0.0011834094935914655
2017-10-30,1,2.558624228185211e-133,1.0
2017-10-31,1,1.3824919880061429e-92,1.0
2017-11-01,1,3.3898449702334325e-67,1.0
2017-11-02,0,0.9997699493134371,0.00023005068656283402
2017-11-03,0,0.9999997512425719,2.487574279011694e-07
2017-11-04,0,0.9999997587339962,2.412660041093287e-07
2017-11-05,0,0.9999999999998117,1.868463527787477e-13
2017-11-06,0,0.9999999999999432,5.735213379428972e-14
2017-11-07,0,0.9999999999999964,1.9139255508180802e-15
2017-11-08,0,0.999998880728403,1.119271596604464e-06
2017-11-09,0,0.9999999564544498,4.354555063608915e-08
2017-11-10,0,0.9986352269736734,0.0013647730263266135
2017-11-11,0,0.9999886957915908,1.1304208410575131e-05
2017-11-12,0,0.9999999999283595,7.163904220916942e-11
2017-11-13,0,0.9999999999967635,3.237645908481219e-12
2017-11-14,0,0.9616531482406483,0.038346851759351624
2017-11-15,0,0.9999999999450431,5.4958645276326336e-11
2017-11-16,0,0.9999997813328098,2.1866719146379327e-07
2017-11-17,0,0.9999999999216023,7.839788206690806e-11
2017-11-18,0,0.9999999999999467,5.4969018037597747e-14
2017-11-19,0,1.0,5.067862085313581e-17
2017-11-20,1,1.2383144555009636e-60,1.0
2017-11-21,1,6.053179390293571e-43,1.0
2017-11-22,1,1.2748508852446805e-31,1.0
2017-11-23,1,1.9335380025129775e-19,1.0
2017-11-24,0,0.9999992313642002,7.686357983177107e-07
2017-11-25,0,0.9999999955710095,4.428989838996059e-09
2017-11-26,0,0.9999998095119093,1.9048808951844966e-07
2017-11-27,0,0.9999999999734825,2.651746768713154e-11
2017-11-28,0,0.9999998900050631,1.0999493865722512e-07
2017-11-29,0,0.9999999978785965,2.121404498806672e-09
2017-11-30,0,0.999972782935916,2.7217064082569435e-05
2017-12-01,0,0.9999999999873097,1.2691085214241627e-11
2017-12-02,0,0.999999999999936,6.24567317044064e-14
2017-12-03,0,1.0,1.7116786428681135e-27
2017-12-04,0,1.0,9.081508752613882e-18
2017-12-05,0,1.0,2.950672573338169e-16
2017-12-06,0,1.0,7.86847454141936e-17
2017-12-07,0,1.0,1.2079067654793584e-15
2017-12-08,0,1.0,5.1355353333973136e-39
2017-12-09,0,0.9999999999995381,4.634715039407545e-13
2017-12-10,0,0.9999999998601048,1.3989582653554285e-10
2017-12-11,0,0.9999999668992251,3.3100776505627624e-08
2017-12-12,0,0.9999999997415365,2.5846204719509086e-10
2017-12-13,0,0.999999999861398,1.3860058833224624e-10
2017-12-14,0,0.9999999999843574,1.5642966402531926e-11
2017-12-15,0,1.0,2.4031580882723015e-20
2017-12-16,0,0.9999999999999645,3.622636657568994e-14
2017-12-17,0,0.9999999999967493,3.250587728614109e-12
2017-12-18,0,0.9999999994196855,5.803137273438056e-10
2017-12-19,0,0.9999999717882848,2.8211714677056632e-08
2017-12-20,0,0.9999999995734008,4.2659919748066956e-10
2017-12-21,0,1.0,3.207976691992955e-23
2017-12-22,0,1.0,3.3151208886987235e-17
2017-12-23,0,1.0,3.4346894521556777e-26
2017-12-24,0,1.0,3.3562589107565264e-35
2017-12-25,0,1.0,8.58536354314635e-20
2017-12-26,0,0.99999999999973,2.702206967921502e-13
2017-12-27,0,0.9999999999999147,8.477303908342627e-14
2017-12-28,0,0.9999999979486702,2.051328161267224e-09
2017-12-29,1,0.4970567047083796,0.5029432952916209
2017-12-30,0,0.9999998712000936,1.2879990578536536e-07
2017-12-31,0,0.999999991780367,8.219634511216883e-09
2018-01-01,0,0.9999979787454619,2.021254538081734e-06
2018-01-02,1,0.13922242060416948,0.860777579395831
2018-01-03,1,1.5881124551592766e-09,0.9999999984118872
2018-01-04,0,0.9999999998336335,1.663664687618557e-10
2018-01-05,0,0.9999999999950724,4.927268639227673e-12
2018-01-06,0,1.0,1.3509437203103473e-15
2018-01-07,0,1.0,7.112408102949856e-18
2018-01-08,0,0.9999999999988987,1.1002478767122546e-12
2018-01-09,0,0.9999999996714379,3.285614802243783e-10
2018-01-10,0,1.0,1.9504787953795462e-23
2018-01-11,0,1.0,3.9760648148044264e-20
2018-01-12,0,1.0,2.7972313000919956e-16
2018-01-13,0,1.0,2.438188746960962e-19
2018-01-14,0,1.0,1.1018260002752432e-37
2018-01-15,1,7.458126726670982e-36,1.0
2018-01-16,0,1.0,2.8883878309143293e-16
2018-01-17,0,0.9999999997631761,2.368230230101834e-10
2018-01-18,0,0.9999999999999787,2.197709301862065e-14
2018-01-19,0,0.999999999058268,9.417305384455774e-10
2018-01-20,0,0.9999996935210377,3.0647896251145694e-07
2018-01-21,0,0.9999998851873778,1.1481262234204145e-07
2018-01-22,0,0.9999999999588383,4.116157258082283e-11
2018-01-23,0,0.9999999998413749,1.5862519015656743e-10
2018-01-24,0,0.9999999999871818,1.281977421480107e-11
2018-01-25,0,0.9999999984959054,1.5040930515488188e-09
2018-01-26,0,0.9999999034876208,9.651237760341549e-08
2018-01-27,0,1.0,3.2673688708703045e-24
2018-01-28,0,1.0,4.693706663784893e-22
2018-01-29,0,1.0,8.307813694883085e-20
2018-01-30,0,0.5001144555473942,0.4998855444526051
2018-01-31,0,1.0,1.7509862925237769e-16
2018-02-01,0,0.9999999999991438,8.562787082685071e-13
2018-02-02,0,0.999999999999833,1.6839017715260194e-13
2018-02-03,0,0.9999999963195307,3.6804686859409056e-09
2018-02-04,0,0.9999999999999325,6.868623961038009e-14
2018-02-05,0,0.99999999999865,1.350093937643448e-12
2018-02-06,1,2.6117490736364914e-46,1.0
2018-02-07,0,0.9999998094400557,1.905599426329286e-07
2018-02-08,1,1.4775922889106415e-44,1.0
2018-02-09,0,0.9999991083318559,8.916681459190263e-07
2018-02-10,0,1.0,2.080503231908752e-29
2018-02-11,0,1.0,6.271014160195857e-35
2018-02-12,0,1.0,6.569273167961586e-21
2018-02-13,0,1.0,7.782031433222076e-26
2018-02-14,1,0.13701290814109163,0.8629870918589081
2018-02-15,0,0.9999999973552569,2.6447443660459447e-09
2018-02-16,0,0.9999999356654129,6.433458632915737e-08
2018-02-17,0,1.0,2.436120720929467e-22
2018-02-18,0,1.0,7.821329892120418e-29
2018-02-19,0,0.9999999583126682,4.1687331430276946e-08
2018-02-20,0,0.9887586394270743,0.011241360572926398
2018-02-21,1,5.804906930111555e-05,0.9999419509306982
2018-02-22,1,0.23294411900558057,0.767055880994419
2018-02-23,0,1.0,3.530681839085438e-26
2018-02-24,0,1.0,5.492898609306006e-17
2018-02-25,0,1.0,1.929639614280942e-27
2018-02-26,0,0.9999999999999751,2.3339145471765438e-14
2018-02-27,0,0.999999999999968,3.050580395415777e-14
2018-02-28,0,0.9999999999999964,3.3860519232379896e-15
2018-03-01,0,1.0,7.169031047378842e-21
2018-03-02,0,0.9989972615673577,0.0010027384326424247
2018-03-03,0,0.9999973222606688,2.677739329845034e-06
2018-03-04,0,1.0,1.1062551746068396e-21
2018-03-05,0,0.9999999999987601,1.2401995947439699e-12
2018-03-06,0,1.0,5.880572143814777e-26
2018-03-07,0,0.9999999999803535,1.9647855754888676e-11
2018-03-08,0,1.0,8.960229690515542e-24
2018-03-09,0,1.0,2.162623053286481e-33
2018-03-10,1,0.010895558620511357,0.9891044413794885
2018-03-11,0,0.9999999972958484,2.7041508193927873e-09
2018-03-12,0,0.9999999409400626,5.905993561287363e-08
2018-03-13,0,0.99999328162127,6.718378730701898e-06
2018-03-14,0,0.9999903360963484,9.663903650759287e-06
2018-03-15,0,0.9999994156281178,5.843718818559639e-07
2018-03-16,0,0.999999994921847,5.078153696155941e-09
2018-03-17,0,0.9999996613116556,3.3868834507816674e-07
2018-03-18,0,0.999999999905679,9.432028578743394e-11
2018-03-19,0,0.9999998754871064,1.245128942190327e-07
2018-03-20,0,0.9999999790329499,2.0967050967386186e-08
2018-03-21,0,0.9991193624500828,0.0008806375499157994
2018-03-22,0,0.9999999995020552,4.979452830635324e-10
2018-03-23,0,1.0,5.090403770510687e-25
2018-03-24,0,1.0,9.966785655477781e-40
2018-03-25,0,0.9999999999999929,7.31163513892499e-15
2018-03-26,0,0.9999999995923652,4.0763370861816847e-10
2018-03-27,0,1.0,3.9815602094787547e-17
2018-03-28,0,0.9999999999985256,1.4727967937045852e-12
2018-03-29,0,1.0,1.6652409171105463e-15
2018-03-30,1,1.5189946944100473e-109,1.0
2018-03-31,0,0.9999999974536493,2.5463524014512284e-09
2018-04-01,1,1.4593220821990402e-20,1.0
2018-04-02,1,8.093371395487831e-23,1.0
2018-04-03,1,1.7187315320976067e-33,1.0
2018-04-04,1,4.183595235361879e-29,1.0
2018-04-05,0,0.9999999672926952,3.270730445224486e-08
2018-04-06,0,0.9999999880190167,1.1980984499987068e-08
2018-04-07,0,1.0,7.046199932885034e-17
2018-04-08,0,0.9999999999799059,2.0093540784477323e-11
2018-04-09,1,5.827308909059415e-54,1.0
2018-04-10,0,0.9999999869390983,1.3060900351614381e-08
2018-04-11,1,3.413441990074846e-57,1.0
2018-04-12,0,0.9981916137386085,0.001808386261392805
2018-04-13,0,0.9666570733041254,0.03334292669587391
2018-04-14,0,0.9999999999377174,6.22830780845601e-11
2018-04-15,0,0.999999998084693,1.915306171512358e-09
2018-04-16,1,1.2390154296328194e-78,1.0
2018-04-17,1,0.17231870388032,0.8276812961196806
2018-04-18,1,3.584009244744388e-50,1.0
2018-04-19,1,1.0494676882494127e-11,0.9999999999895053
2018-04-20,1,2.1803500765047753e-57,1.0
2018-04-21,0,0.9999999999996483,3.5118699928980665e-13
2018-04-22,1,2.659919444004255e-06,0.9999973400805553
2018-04-23,0,0.989733301860967,0.010266698139033484
2018-04-24,0,0.9999600176610179,3.998233898329561e-05
2018-04-25,1,6.591928517510147e-31,1.0
2018-04-26,1,1.3412566874287838e-27,1.0
2018-04-27,1,1.6761695358170723e-21,1.0
2018-04-28,1,0.0012912436939161995,0.998708756306084
2018-04-29,0,1.0,7.704994861826002e-18
2018-04-30,1,4.684812257270611e-33,1.0
2018-05-01,0,0.9999999995574669,4.425347403359478e-10
2018-05-02,0,0.999999999988507,1.1492839124444802e-11
2018-05-03,0,0.9999999999998721,1.2790707606645453e-13
2018-05-04,0,1.0,9.781651434746696e-25
2018-05-05,0,1.0,1.0886742789242437e-28
2018-05-06,0,1.0,6.50616726613014e-17
2018-05-07,0,0.999999999126544,8.734565847615487e-10
2018-05-08,1,5.702410447144937e-37,1.0
2018-05-09,0,1.0,5.645003797941723e-17
2018-05-10,0,1.0,5.981946593706662e-17
2018-05-11,0,1.0,6.36799483699927e-17
2018-05-12,0,1.0,4.8465322553804643e-23
2018-05-13,0,1.0,1.0472280507708677e-34
2018-05-14,0,1.0,6.7217417987951156e-34
2018-05-15,0,1.0,7.345073858265944e-29
2018-05-16,0,1.0,6.366022396847828e-21
2018-05-17,0,1.0,4.637419054504307e-22
2018-05-18,0,1.0,4.56497603825724e-22
2018-05-19,0,1.0,2.391271205978455e-23
2018-05-20,0,1.0,1.5614170979130685e-24
2018-05-21,0,0.9999999999999964,3.3400132949293506e-15
2018-05-22,0,1.0,9.04971439492662e-18
2018-05-23,0,0.999999999938721,6.12788874841872e-11
2018-05-24,0,1.0,3.7489576947428888e-37
2018-05-25,0,1.0,1.5483348630552832e-30
2018-05-26,0,0.8931718723548943,0.1068281276451061
2018-05-27,0,0.9999999821862603,1.7813740517687356e-08
2018-05-28,0,1.0,1.9962753516627074e-17
2018-05-29,0,1.0,1.4877255528731324e-29
2018-05-30,0,1.0,1.4193849425457957e-29
2018-05-31,1,4.947181494610317e-47,1.0
2018-06-01,0,1.0,2.763644262497516e-29
2018-06-02,0,1.0,2.856575609815458e-34
2018-06-03,0,1.0,1.1698581366991938e-36
2018-06-04,0,1.0,4.012087321180203e-35
2018-06-05,0,1.0,4.869767326413207e-18
2018-06-06,0,1.0,2.088548608250082e-23
2018-06-07,0,1.0,6.832561506311871e-37
2018-06-08,0,1.0,3.260990545320853e-35
2018-06-09,0,1.0,5.54615717748051e-37
2018-06-10,0,1.0,2.3281023506676378e-37
2018-06-11,0,1.0,1.2289578097705748e-37
2018-06-12,0,1.0,1.1419958086545389e-30
2018-06-13,0,1.0,1.1055983438160934e-34
2018-06-14,0,1.0,4.052910487195011e-35
2018-06-15,0,1.0,7.270061314889777e-33
2018-06-16,0,1.0,1.2805119969414578e-21
2018-06-17,0,1.0,4.082038984854487e-21
2018-06-18,0,1.0,6.7551657245928424e-37
2018-06-19,0,1.0,3.6797750391741307e-34
2018-06-20,0,1.0,7.651734154963382e-36
2018-06-21,0,1.0,5.081293236065127e-32
2018-06-22,0,1.0,2.2190111016166874e-36
2018-06-23,0,1.0,3.569318147357636e-38
2018-06-24,0,1.0,3.474845413973465e-37
2018-06-25,1,8.699155673693047e-19,1.0
2018-06-26,0,0.9999881843492612,1.1815650739607173e-05
2018-06-27,1,1.9979781101907345e-10,0.9999999998002025
2018-06-28,1,2.9699179722113183e-06,0.9999970300820276
2018-06-29,0,1.0,9.14718948839421e-21
2018-06-30,0,1.0,1.0113089563978775e-37
2018-07-01,0,1.0,1.6777209399117342e-30
2018-07-02,0,1.0,9.744774041257345e-29
2018-07-03,0,1.0,1.686417384033871e-28
2018-07-04,1,1.871690736347283e-40,1.0
2018-07-05,0,1.0,7.599268569303099e-32
2018-07-06,0,0.9901591902507504,0.009840809749248856
2018-07-07,0,1.0,2.2170700700958922e-38
2018-07-08,0,1.0,1.2470553039918993e-36
2018-07-09,1,1.5632980099054922e-39,1.0
2018-07-10,1,3.46762610806998e-53,1.0
2018-07-11,1,1.5468703313563045e-53,1.0
2018-07-12,0,0.9999967413068465,3.258693151949547e-06
2018-07-13,1,3.370128134854116e-39,1.0
2018-07-14,0,1.0,8.238301239131592e-39
2018-07-15,0,1.0,1.5736210505706033e-39
2018-07-16,0,1.0,7.135823330524029e-34
2018-07-17,0,1.0,2.8753342915394987e-17
2018-07-18,1,9.381174722489379e-56,1.0
2018-07-19,1,3.3680566945437167e-75,1.0
2018-07-20,0,1.0,2.6546952718072794e-30
2018-07-21,0,1.0,6.065210037686719e-19
2018-07-22,0,1.0,4.856467826920152e-33
2018-07-23,1,2.4238634169453163e-69,1.0
2018-07-24,0,1.0,3.445860112785754e-23
2018-07-25,1,3.534705271971124e-58,1.0
2018-07-26,0,1.0,9.830151068137424e-20
2018-07-27,1,7.851793040405574e-75,1.0
2018-07-28,0,1.0,1.6934456997396888e-25
2018-07-29,0,1.0,3.1776723874356093e-37
2018-07-30,0,0.9999097049295498,9.029507045110936e-05
2018-07-31,0,1.0,6.712095765424326e-39
2018-08-01,1,3.77353060596005e-41,1.0
2018-08-02,1,2.347422285898219e-85,1.0
2018-08-03,1,2.856029745154139e-38,1.0
2018-08-04,0,0.9999997533746898,2.466253094476784e-07
2018-08-05,0,1.0,5.245791701206481e-27
2018-08-06,0,1.0,6.279037063093296e-27
2018-08-07,0,1.0,6.2750100718188475e-37
2018-08-08,1,8.574383244033537e-39,1.0
2018-08-09,1,2.8114139123446022e-58,1.0
2018-08-10,1,1.8934697018700007e-20,1.0
2018-08-11,1,1.7123473137096026e-45,1.0
2018-08-12,0,0.9999999625113076,3.7488694051465094e-08
2018-08-13,1,4.256735550846788e-143,1.0
2018-08-14,1,1.0020139399609745e-53,1.0
2018-08-15,0,0.9999959377063892,4.062293611733205e-06
2018-08-16,1,7.813224866076684e-79,1.0
2018-08-17,1,4.188822685945651e-105,1.0
2018-08-18,0,1.0,5.05084233341235e-23
2018-08-19,0,1.0,4.4200700399112984e-33
2018-08-20,0,1.0,2.2467443917111247e-28
2018-08-21,0,0.9999905414618588,9.458538142086702e-06
2018-08-22,1,1.1238173073069163e-128,1.0
2018-08-23,1,4.586316350452941e-163,1.0
2018-08-24,1,1.845561096873156e-160,1.0
2018-08-25,1,2.755329587674819e-184,1.0
2018-08-26,0,1.0,1.1450985860212283e-36
2018-08-27,0,0.9975549819601234,0.0024450180398765315
2018-08-28,0,0.9999994375645845,5.624354153090147e-07
2018-08-29,0,0.9999999991447801,8.552189956302783e-10
2018-08-30,1,4.184205280238434e-87,1.0
2018-08-31,1,2.1465271753619138e-240,1.0
2018-09-01,1,1.2700879125086817e-94,1.0
2018-09-02,0,1.0,4.14821561101977e-36
2018-09-03,1,0.008348742630048929,0.9916512573699512
2018-09-04,1,5.2133281906295754e-101,1.0
2018-09-05,1,6.700362671104916e-95,1.0
2018-09-06,1,1.3616346402377249e-28,1.0
2018-09-07,0,1.0,1.058238248453663e-36
2018-09-08,0,1.0,2.0489561806215514e-34
2018-09-09,0,1.0,2.7045817100665903e-27
2018-09-10,0,0.9999999989213002,1.0787005920064307e-09
2018-09-11,0,0.9999999999999964,2.8619250423397406e-15
2018-09-12,0,0.7336087127648808,0.26639128723512007
2018-09-13,0,0.9999025730590718,9.742694092717955e-05
2018-09-14,0,0.9999999999879456,1.2054243245481182e-11
2018-09-15,0,1.0,7.659646389312925e-25
2018-09-16,0,1.0,4.94563426613967e-29
2018-09-17,1,3.785370661924701e-101,1.0
2018-09-18,1,0.147774607248085,0.8522253927519158
2018-09-19,1,1.451062477319207e-37,1.0
2018-09-20,0,0.9422368895376334,0.05776311046236684
2018-09-21,0,0.9999999977234246,2.276575078483432e-09
2018-09-22,0,0.9999999996282689,3.7173039481109327e-10
2018-09-23,0,0.9999999999999467,5.4417486879930436e-14
2018-09-24,0,0.9999999846733126,1.5326685965462713e-08
2018-09-25,1,2.00333912393451e-45,1.0
2018-09-26,1,4.432348837466062e-11,0.9999999999556763
2018-09-27,1,4.033145069348202e-32,1.0
2018-09-28,1,5.290065307729224e-187,1.0
2018-09-29,1,2.782086112193827e-145,1.0
2018-09-30,1,2.8034025751044844e-08,0.9999999719659738
2018-10-01,1,6.114286199409974e-73,1.0
2018-10-02,0,0.9999999463778885,5.362211325114861e-08
2018-10-03,1,7.192530666090532e-71,1.0
2018-10-04,1,1.498707954e-315,1.0
2018-10-05,1,1.637958880710901e-92,1.0
2018-10-06,0,0.999999946998242,5.3001759430423564e-08
2018-10-07,1,0.16376394045698414,0.8362360595430164
2018-10-08,1,1.0751806212849297e-49,1.0
2018-10-09,1,1.001575464210749e-31,1.0
2018-10-10,0,0.9999999999999609,3.9345870736740445e-14
2018-10-11,0,0.9999999999999751,2.5494285984316488e-14
2018-10-12,0,1.0,5.195090533878139e-16
2018-10-13,0,1.0,7.620504472559343e-35
2018-10-14,0,1.0,7.752486762116083e-25
2018-10-15,1,7.897329530454342e-38,1.0
2018-10-16,1,1.3191001183232104e-107,1.0
2018-10-17,1,8.344131910548868e-175,1.0
2018-10-18,1,2.7e-322,1.0
2018-10-19,1,1.4359724871019218e-130,1.0
2018-10-20,1,1.0448992459295446e-23,1.0
2018-10-21,0,0.9999999999999893,1.0558017121804433e-14
2018-10-22,1,2.8819246348946933e-81,1.0
2018-10-23,1,6.48925337945202e-43,1.0
2018-10-24,1,0.0,1.0
2018-10-25,1,9.022670995850037e-63,1.0
2018-10-26,1,1.8411018965832984e-40,1.0
2018-10-27,1,3.102529155009203e-26,1.0
2018-10-28,1,6.181270349497935e-37,1.0
2018-10-29,1,9.04404378769435e-67,1.0
2018-10-30,1,2.720463343277098e-69,1.0
2018-10-31,0,0.9999999999998082,1.9331087676825601e-13
2018-11-01,0,1.0,3.367474152906419e-21
2018-11-02,0,0.9999999861614199,1.3838580240352968e-08
2018-11-03,1,1.4854080515142505e-47,1.0
2018-11-04,0,0.9999999999985754,1.4263169176791492e-12
2018-11-05,0,0.9999999999081872,9.181194169194569e-11
2018-11-06,1,3.538304386795207e-20,1.0
2018-11-07,0,0.9897912451717925,0.010208754828208313
2018-11-08,1,1.6006405060340985e-11,0.9999999999839932
2018-11-09,0,0.9999999900165513,9.983449957454596e-09
2018-11-10,0,0.9999983010209279,1.6989790716811542e-06
2018-11-11,0,1.0,3.863781732749827e-23
2018-11-12,0,1.0,6.666852899291102e-17
2018-11-13,0,0.9999980279175572,1.9720824438474676e-06
2018-11-14,1,0.0,1.0
2018-11-15,0,0.999999991128,8.871998948879321e-09
2018-11-16,0,0.9999999950696434,4.930356356136209e-09
2018-11-17,0,0.9999999999834941,1.6505216110497133e-11
2018-11-18,0,0.9999999999982698,1.7315386869079533e-12
2018-11-19,0,0.9999999980948324,1.905167704967976e-09
2018-11-20,0,0.9999999999634674,3.653223923267679e-11
2018-11-21,0,0.9999999992973798,7.026219587301975e-10
2018-11-22,0,1.0,5.88963661254486e-22
2018-11-23,0,0.9999999999989733,1.0255241359117918e-12
2018-11-24,0,1.0,4.801867208525501e-18
2018-11-25,0,1.0,2.0675236252820254e-21
2018-11-26,0,0.9999999999997407,2.602436249919206e-13
2018-11-27,0,0.9999999968092368,3.1907643138041575e-09
2018-11-28,0,0.9989256194853716,0.0010743805146296499
2018-11-29,0,0.9999999990311466,9.688534303461478e-10
2018-11-30,0,0.9999999984844727,1.5155278169933464e-09
2018-12-01,0,0.9999999963649344,3.6350646391126925e-09
2018-12-02,0,0.9999999999366516,6.334826116208537e-11
2018-12-03,0,0.9999999999640146,3.598607214183811e-11
2018-12-04,0,1.0,8.608989583476212e-18
2018-12-05,0,0.9999999953250338,4.6749664792745536e-09
2018-12-06,0,0.9999999830028942,1.6997107309783604e-08
2018-12-07,0,0.9998619215796749,0.00013807842032481505
2018-12-08,0,0.9999999988254444,1.174556449384538e-09
2018-12-09,0,0.999999999385409,6.145911043786667e-10
2018-12-10,1,5.697120023068452e-66,1.0
2018-12-11,0,0.9999596217528753,4.0378247124155156e-05
2018-12-12,0,0.999993666624893,6.333375107382007e-06
2018-12-13,0,1.0,5.18472012978349e-28
2018-12-14,0,0.999999999999396,6.031781128517969e-13
2018-12-15,0,1.0,3.38326161108788e-16
2018-12-16,0,1.0,4.2948645600107903e-16
2018-12-17,0,0.9999999999787015,2.1299895767668813e-11
2018-12-18,0,0.9999999999999964,3.805523471909706e-15
2018-12-19,0,0.9999999998609148,1.3908411123749077e-10
2018-12-20,0,0.9999999999858176,1.4182882852371406e-11
2018-12-21,0,0.9999927524459891,7.247554011187588e-06
2018-12-22,0,0.9999999843112201,1.568877921983004e-08
2018-12-23,0,1.0,2.4733283040932902e-33
2018-12-24,0,1.0,1.026734799513534e-32
2018-12-25,1,7.76627947611915e-233,1.0
2018-12-26,0,0.9999999996883844,3.1161682097739424e-10
2018-12-27,1,1.1164517747343066e-24,1.0
2018-12-28,0,0.9999999998422382,1.5776303666276417e-10
2018-12-29,0,0.9999999129826345,8.701736694912859e-08
2018-12-30,1,2.3411618258771425e-10,0.9999999997658833
2018-12-31,1,8.928931621594979e-59,1.0
2019-01-01,1,4.3279306385330875e-279,1.0
2019-01-02,1,1.2894299504288184e-75,1.0
2019-01-03,1,2.870621415423398e-48,1.0
2019-01-04,1,2.453436980114867e-09,0.999999997546563
2019-01-05,1,2.575104890235623e-68,1.0
2019-01-06,1,2.038279944861189e-176,1.0
2019-01-07,1,3.51195852773586e-215,1.0
2019-01-08,1,5.870858304531575e-19,1.0
2019-01-09,1,1.5928727131691746e-211,1.0
2019-01-10,1,4.935828944974004e-36,1.0
2019-01-11,0,0.7935331625631507,0.20646683743684954
2019-01-12,1,1.0350612801987264e-26,1.0
2019-01-13,1,4.270350373302652e-158,1.0
2019-01-14,1,1.1080600878521982e-182,1.0
2019-01-15,1,2.637548878246473e-23,1.0
2019-01-16,1,1.8032623155921462e-136,1.0
2019-01-17,0,0.9999999999999609,3.8266629931974087e-14
2019-01-18,1,9.973099803893537e-50,1.0
2019-01-19,1,1.2452100467895679e-10,0.9999999998754792
2019-01-20,0,0.9999811077367522,1.8892263246362078e-05
2019-01-21,0,0.9999999999984652,1.5359434305187907e-12
2019-01-22,1,1.4115076396672115e-153,1.0
2019-01-23,1,9.880002979759636e-40,1.0
2019-01-24,1,1.6854563490678617e-76,1.0
2019-01-25,0,0.9952900868032303,0.004709913196768331
2019-01-26,1,3.1680730490368855e-194,1.0
2019-01-27,1,1.2920828276347212e-243,1.0
2019-01-28,1,7.537831145095862e-06,0.9999924621688553
2019-01-29,1,1.269465218440627e-79,1.0
2019-01-30,1,1.3568213560338675e-189,1.0
2019-01-31,1,5.88187052265294e-31,1.0
2019-02-01,0,0.9999426948239507,5.7305176050284276e-05
2019-02-02,0,0.9999859456789838,1.405432101654582e-05
2019-02-03,1,8.436075841124873e-65,1.0
2019-02-04,1,7.44572150380943e-216,1.0
2019-02-05,1,5.1460539972095925e-194,1.0
2019-02-06,1,8.271803788058517e-104,1.0
2019-02-07,1,1.1718461483993217e-06,0.9999988281538519
2019-02-08,1,4.608477549027521e-65,1.0
2019-02-09,0,0.9999999928622181,7.137782901060684e-09
2019-02-10,1,3.854182652985529e-64,1.0
2019-02-11,0,0.9988709942858944,0.0011290057141063107
2019-02-12,1,1.2779078088828968e-14,0.9999999999999876
2019-02-13,1,2.334255555595822e-51,1.0
2019-02-14,1,1.1101883752997552e-148,1.0
2019-02-15,1,0.0,1.0
2019-02-16,1,5.287830136743114e-147,1.0
2019-02-17,0,0.9999994924079418,5.075920569240441e-07
2019-02-18,1,2.2173093021400922e-141,1.0
2019-02-19,1,2.1795917191470932e-41,1.0
2019-02-20,1,2.871562339520081e-299,1.0
2019-02-21,1,1.6597496373270304e-137,1.0
2019-02-22,0,0.9999799568772608,2.0043122738551576e-05
2019-02-23,0,0.5663903767595628,0.43360962324043706
2019-02-24,1,4.7786940206170697e-113,1.0
2019-02-25,1,0.0,1.0
2019-02-26,1,0.0,1.0
2019-02-27,1,1.5288556724821007e-57,1.0
2019-02-28,1,0.0,1.0
2019-03-01,1,9.96203038126651e-145,1.0
2019-03-02,1,3.78737750125275e-30,1.0
2019-03-03,1,0.006742913398993296,0.9932570866010063
2019-03-04,1,8.229456767921553e-135,1.0
2019-03-05,1,7.80637521513474e-15,0.9999999999999929
2019-03-06,0,0.9999998942825299,1.0571747109491484e-07
2019-03-07,0,0.9999560655023071,4.3934497691292966e-05
2019-03-08,1,1.382616885849419e-57,1.0
2019-03-09,0,0.9999999636405341,3.6359465446830196e-08
2019-03-10,0,0.9994748905822123,0.0005251094177893082
2019-03-11,1,4.079284714046704e-86,1.0
2019-03-12,1,5.4306723893031e-67,1.0
2019-03-13,1,2.654817215893394e-178,1.0
2019-03-14,1,2.663755303435127e-51,1.0
2019-03-15,1,7.96779861481097e-152,1.0
2019-03-16,1,6.360164425904739e-55,1.0
2019-03-17,1,4.0934656886618275e-33,1.0
2019-03-18,1,1.8563633722388185e-79,1.0
2019-03-19,1,0.15744891514849577,0.8425510848515048
2019-03-20,1,1.7458385862903764e-121,1.0
2019-03-21,1,6.470435657630279e-64,1.0
2019-03-22,1,3.844444186710041e-188,1.0
2019-03-23,1,6.852488327287942e-105,1.0
2019-03-24,1,1.1025795516524606e-164,1.0
2019-03-25,1,1.1356288701801975e-123,1.0
2019-03-26,1,3.287259054459663e-177,1.0
2019-03-27,1,1.7791888982477972e-201,1.0
2019-03-28,1,1.872055334837977e-85,1.0
2019-03-29,1,2.5416314746166155e-40,1.0
2019-03-30,1,1.554209582195224e-07,0.9999998445790418
2019-03-31,1,1.8478931919518027e-05,0.9999815210680806
2019-04-01,1,3.453673370159775e-17,1.0
2019-04-02,1,0.06743770268557019,0.9325622973144301
2019-04-03,1,4.97154831831325e-240,1.0
2019-04-04,1,4.9720826692118797e-45,1.0
2019-04-05,1,7.952131218226685e-92,1.0
2019-04-06,0,0.9999999955123755,4.487624571556296e-09
2019-04-07,1,1.4997972727133538e-09,0.9999999985002024
2019-04-08,1,1.0074698356087034e-90,1.0
2019-04-09,0,0.9999931408847345,6.859115265921847e-06
2019-04-10,1,1.0284037918194474e-190,1.0
2019-04-11,1,1.314136457247884e-19,1.0
2019-04-12,1,1.3365146006373641e-128,1.0
2019-04-13,1,2.1577344652421146e-26,1.0
2019-04-14,0,1.0,5.800507372074689e-21
2019-04-15,1,5.572056108516481e-91,1.0
2019-04-16,1,1.0495344659824994e-31,1.0
2019-04-17,1,7.71582207536636e-53,1.0
2019-04-18,0,0.9999999999989768,1.0220542545556781e-12
2019-04-19,1,4.249263186935392e-193,1.0
2019-04-20,1,6.33806336389085e-56,1.0
2019-04-21,0,0.9999974767211592,2.523278839764092e-06
2019-04-22,1,8.840800917061194e-208,1.0
2019-04-23,1,6.831519067116612e-302,1.0
2019-04-24,1,2.308271765226943e-275,1.0
2019-04-25,1,1.0396836410235393e-276,1.0
2019-04-26,1,0.0024527692331526188,0.9975472307668473
2019-04-27,0,0.9999999997505675,2.494317288169469e-10
2019-04-28,0,1.0,4.927201610713271e-20
2019-04-29,1,1.2594822271266914e-88,1.0
2019-04-30,1,9.417722048573048e-36,1.0
2019-05-01,0,0.9999623081538377,3.7691846163088784e-05
2019-05-02,1,2.4371623914649556e-46,1.0
2019-05-03,0,0.9999999999831601,1.6839193550992408e-11
2019-05-04,0,0.9999979946361462,2.005363855113238e-06
2019-05-05,1,0.0008633213794849957,0.9991366786205141
2019-05-06,1,2.625703703671549e-14,0.9999999999999734
2019-05-07,0,0.9999999866528562,1.3347144965021919e-08
2019-05-08,0,0.9999999966328446,3.3671566084395033e-09
2019-05-09,0,0.9999999473276033,5.267239711644932e-08
2019-05-10,1,1.363572030392655e-117,1.0
2019-05-11,1,9.000132325958176e-176,1.0
2019-05-12,1,1.8923086660709577e-33,1.0
2019-05-13,1,6.4708716191354586e-189,1.0
2019-05-14,1,1.7658741734328391e-127,1.0
2019-05-15,0,0.9048227847979398,0.095177215202061
2019-05-16,1,1.838103126302024e-143,1.0
2019-05-17,1,2.9352492843316135e-07,0.9999997064750716
2019-05-18,1,1.1586251388941961e-60,1.0
2019-05-19,1,1.653563354262528e-31,1.0
2019-05-20,1,8.672732854377534e-48,1.0
2019-05-21,1,0.048013315312522044,0.9519866846874772
2019-05-22,1,2.7695282464838456e-230,1.0
2019-05-23,1,3.2379238964127597e-111,1.0
2019-05-24,1,1.4554191893192062e-98,1.0
2019-05-25,0,0.9750932564443932,0.024906743555606573
2019-05-26,1,1.4967990448260234e-10,0.9999999998503206
2019-05-27,1,2.1541356638249156e-34,1.0
2019-05-28,1,6.972592178634997e-42,1.0
2019-05-29,1,1.0585900427853412e-19,1.0
2019-05-30,1,1.6968774396917622e-160,1.0
2019-05-31,1,8.76633138208175e-90,1.0
2019-06-01,1,3.311719104196962e-46,1.0
2019-06-02,0,0.9988433128012609,0.0011566871987388515
2019-06-03,1,2.8371495724214552e-08,0.9999999716285051
2019-06-04,1,1.330219134091737e-60,1.0
2019-06-05,1,3.177757320101791e-56,1.0
2019-06-06,1,2.6898688120436457e-118,1.0
2019-06-07,1,7.690622094856901e-18,1.0
2019-06-08,0,0.9999999989221102,1.0778899029679003e-09
2019-06-09,0,0.7555903259013618,0.24440967409863754
2019-06-10,1,4.80820149967846e-23,1.0
2019-06-11,1,8.931518606728412e-136,1.0
2019-06-12,1,2.919215243747987e-182,1.0
2019-06-13,0,0.9999999774782113,2.2521789532809674e-08
2019-06-14,0,0.9999999999986429,1.3573109169195534e-12
2019-06-15,0,0.9999999999999893,1.0567332617170807e-14
2019-06-16,0,1.0,1.2327759898622103e-17
2019-06-17,0,0.9999999661879185,3.381208269216316e-08
2019-06-18,1,1.5845830287349761e-47,1.0
2019-06-19,1,1.5325309157366323e-137,1.0
2019-06-20,1,2.5907062116771665e-35,1.0
2019-06-21,1,1.496711315290741e-94,1.0
2019-06-22,0,1.0,1.1057082048596607e-17
2019-06-23,0,0.8560942125454994,0.14390578745450058
2019-06-24,0,0.9999999570918279,4.290817143185807e-08
2019-06-25,0,0.9999295210363924,7.047896360717027e-05
2019-06-26,1,2.8388072627980653e-25,1.0
2019-06-27,1,3.0977142963418425e-17,1.0
2019-06-28,0,0.9999965333573234,3.4666426772664292e-06
2019-06-29,0,0.9999994849586796,5.150413201925408e-07
2019-06-30,0,0.9999999889170965,1.1082904612836813e-08
2019-07-01,0,0.9999999978748058,2.125193274967349e-09
2019-07-02,0,0.967530534698107,0.032469465301893846
2019-07-03,1,1.8660556800790738e-09,0.9999999981339442
2019-07-04,1,1.4933358906244238e-10,0.999999999850667
2019-07-05,0,0.9999998567255406,1.4327446016162497e-07
2019-07-06,0,0.9999974504025241,2.5495974743132858e-06
2019-07-07,0,0.9998207884338364,0.00017921156616410396
2019-07-08,1,9.788742138058248e-07,0.9999990211257858
2019-07-09,0,0.9999999999999645,3.6674662088301357e-14
2019-07-10,1,1.693099657554396e-27,1.0
2019-07-11,1,2.074746566208965e-34,1.0
2019-07-12,1,2.4234806319434293e-55,1.0
2019-07-13,0,0.5722014350598787,0.4277985649401215
2019-07-14,1,8.429081160416114e-17,1.0
2019-07-15,1,4.3293794441181916e-93,1.0
2019-07-16,1,4.611995460955391e-22,1.0
2019-07-17,1,1.563180930708424e-74,1.0
2019-07-18,1,1.408863296476009e-93,1.0
2019-07-19,1,2.34719714945504e-65,1.0
2019-07-20,0,0.9999998984927438,1.0150725711752486e-07
2019-07-21,0,0.9999999999988916,1.1077319776378415e-12
2019-07-22,1,1.5309193871718998e-48,1.0
2019-07-23,1,1.1886396508017112e-06,0.9999988113603487
2019-07-24,0,0.5878467679477787,0.41215323205222143
2019-07-25,1,2.7742024971507e-83,1.0
2019-07-26,1,6.231023565543887e-61,1.0
2019-07-27,0,0.9999312896523302,6.871034767136839e-05
2019-07-28,0,0.9999999985642916,1.4357101942174455e-09
2019-07-29,1,1.6387114772865115e-05,0.9999836128852263
2019-07-30,1,1.47332068200498e-73,1.0
2019-07-31,1,3.959801680443822e-62,1.0
2019-08-01,1,1.5539694021410077e-60,1.0
2019-08-02,1,7.895497931612954e-46,1.0
2019-08-03,1,1.7726353737453044e-22,1.0
2019-08-04,0,0.999999078996916,9.210030853407577e-07
2019-08-05,1,3.5335443808516183e-56,1.0
2019-08-06,1,0.0859094895207511,0.9140905104792496
2019-08-07,1,5.3870196597043e-10,0.9999999994612985
2019-08-08,1,4.44500501370609e-09,0.9999999955549956
2019-08-09,1,1.2735648318325495e-153,1.0
2019-08-10,1,9.001966597369983e-40,1.0
2019-08-11,0,0.9825850935498519,0.017414906450147868
2019-08-12,1,6.887196943094894e-285,1.0
2019-08-13,1,7.311479865809199e-67,1.0
2019-08-14,1,0.0,1.0
2019-08-15,0,0.7916443535150515,0.20835564648494795
2019-08-16,1,1.0997640052517973e-18,1.0
2019-08-17,1,3.4768029360840694e-65,1.0
2019-08-18,1,2.7261736242040942e-67,1.0
2019-08-19,1,1.6091646571780681e-52,1.0
2019-08-20,1,1.0150053216320448e-13,0.9999999999998987
2019-08-21,1,1.210608141919479e-39,1.0
2019-08-22,1,7.751942752188213e-85,1.0
2019-08-23,1,6.766657521512428e-130,1.0
2019-08-24,0,0.9999999971587457,2.8412545582260205e-09
2019-08-25,1,1.2394383113556292e-09,0.9999999987605612
2019-08-26,1,2.1148940615842523e-72,1.0
2019-08-27,1,0.0,1.0
2019-08-28,1,6.341607894207005e-79,1.0
2019-08-29,1,6.090224013905294e-138,1.0
2019-08-30,1,2.3667018869056735e-90,1.0
2019-08-31,1,3.193169965768622e-17,1.0
2019-09-01,1,1.4095641745027648e-07,0.9999998590435829
2019-09-02,0,0.9999999846333517,1.536664771457526e-08
2019-09-03,1,2.305590366445e-312,1.0
2019-09-04,1,2.926791695401306e-25,1.0
2019-09-05,1,9.045488938301517e-13,0.9999999999990958
2019-09-06,1,4.097271401651424e-123,1.0
2019-09-07,0,0.9999997339287424,2.6607125742098496e-07
2019-09-08,1,0.11247660767689868,0.8875233923231008
2019-09-09,1,2.0980994903789932e-137,1.0
2019-09-10,1,0.0,1.0
2019-09-11,1,1.3211903631069487e-35,1.0
2019-09-12,1,9.68073052518637e-182,1.0
2019-09-13,1,2.4522807809726173e-123,1.0
2019-09-14,0,1.0,1.006074964010935e-16
2019-09-15,1,9.679709903997055e-23,1.0
2019-09-16,1,7.794395689136255e-09,0.9999999922056038
2019-09-17,0,0.9999999999855227,1.447896193800541e-11
2019-09-18,1,5.834116459224315e-16,1.0
2019-09-19,1,3.4117344861041054e-87,1.0
2019-09-20,1,2.6515169680228373e-112,1.0
2019-09-21,0,0.9930478564162066,0.006952143583793035
2019-09-22,0,0.9999999983643271,1.6356736010555345e-09
2019-09-23,1,2.2603069999420494e-119,1.0
2019-09-24,1,1.5293578047133556e-33,1.0
2019-09-25,1,4.03338023680419e-36,1.0
2019-09-26,1,1.433412544749083e-39,1.0
2019-09-27,1,9.224365320935504e-132,1.0
2019-09-28,1,3.0904195942315717e-26,1.0
2019-09-29,1,3.730664523450176e-76,1.0
2019-09-30,1,3.1018283333710206e-59,1.0
2019-10-01,0,0.9881127501675186,0.01188724983248093
2019-10-02,0,0.9993160894058134,0.0006839105941867605
2019-10-03,1,0.0,1.0
2019-10-04,1,0.0,1.0
2019-10-05,1,1.3029634773811625e-35,1.0
2019-10-06,1,7.921068487816718e-31,1.0
2019-10-07,1,4.422436198213753e-265,1.0
2019-10-08,1,0.0,1.0
2019-10-09,1,0.0,1.0
2019-10-10,1,9.9055927918105e-311,1.0
2019-10-11,1,0.0,1.0
2019-10-12,1,9.781984746302674e-114,1.0
2019-10-13,0,1.0,5.814613135782449e-22
2019-10-14,1,5.820926364816242e-172,1.0
2019-10-15,1,0.0,1.0
2019-10-16,1,0.0,1.0
2019-10-17,1,9.833122784491396e-302,1.0
2019-10-18,1,6.546871624075755e-172,1.0
2019-10-19,1,0.0,1.0
2019-10-20,1,1.0258970670650668e-62,1.0
2019-10-21,1,1.1564066446329781e-204,1.0
2019-10-22,1,0.0,1.0
2019-10-23,1,0.0,1.0
2019-10-24,1,0.0,1.0
2019-10-25,1,1.1627103892633202e-239,1.0
2019-10-26,1,1.5929870738602234e-06,0.9999984070129266
2019-10-27,1,4.138078754717729e-30,1.0
2019-10-28,1,3.3736726651558715e-197,1.0
2019-10-29,1,0.0,1.0
2019-10-30,1,5.349697716755343e-36,1.0
2019-10-31,0,0.990730314193965,0.009269685806034812
2019-11-01,1,3.1990327793449177e-45,1.0
2019-11-02,0,0.9999998057092949,1.9429070489863148e-07
2019-11-03,0,0.9999999999994458,5.557203834245794e-13
2019-11-04,0,0.9999999999999929,5.580182625333493e-15
2019-11-05,1,6.101289264598582e-52,1.0
2019-11-06,1,4.7957235473545905e-12,0.9999999999952038
2019-11-07,1,3.95605703081284e-74,1.0
2019-11-08,1,0.00018313610752308278,0.9998168638924771
2019-11-09,0,0.9999999503181959,4.968180402765709e-08
2019-11-10,0,0.9999998560152502,1.4398474982785593e-07
2019-11-11,0,1.0,4.15643858318839e-16
2019-11-12,0,0.9999999999898463,1.015303295872246e-11
2019-11-13,1,0.0,1.0
2019-11-14,1,5.080151697549793e-132,1.0
2019-11-15,1,5.7488904490234576e-09,0.9999999942511089
2019-11-16,0,0.9999999308462992,6.915370071185141e-08
2019-11-17,1,0.04563526866164901,0.9543647313383506
2019-11-18,1,1.0041920586021806e-19,1.0
2019-11-19,1,2.609561697440971e-210,1.0
2019-11-20,1,2.2265357139171356e-85,1.0
2019-11-21,1,3.366554440766854e-160,1.0
2019-11-22,1,0.0,1.0
2019-11-23,1,1.0443878902417684e-104,1.0
2019-11-24,0,0.9999415784150658,5.8421584934340136e-05
2019-11-25,1,2.2740302767460846e-47,1.0
2019-11-26,0,0.94804123865144,0.05195876134856043
2019-11-27,1,7.399385490305165e-127,1.0
2019-11-28,1,2.2429623039542855e-207,1.0
2019-11-29,1,1.442429363147467e-23,1.0
2019-11-30,1,1.4436341716693562e-34,1.0
2019-12-01,1,2.669257752856537e-25,1.0
2019-12-02,1,4.378443158000951e-207,1.0
2019-12-03,1,1.514205420749716e-85,1.0
2019-12-04,1,7.240984278389712e-87,1.0
2019-12-05,1,0.0,1.0
2019-12-06,1,1.108088538070153e-90,1.0
2019-12-07,1,6.898831550743372e-09,0.9999999931011683
2019-12-08,1,0.008216494178451238,0.9917835058215492
2019-12-09,0,0.9999982969031372,1.7030968627687873e-06
2019-12-10,1,3.5496173050804146e-40,1.0
2019-12-11,1,8.15439809832528e-29,1.0
2019-12-12,1,1.6827936413497396e-09,0.9999999983172057
2019-12-13,0,0.9999896565858359,1.0343414162523102e-05
2019-12-14,0,0.8881750059682395,0.11182499403176192
2019-12-15,1,1.7849756404988395e-77,1.0
2019-12-16,1,0.0,1.0
2019-12-17,1,0.0,1.0
2019-12-18,1,1.1256030680473933e-174,1.0
2019-12-19,1,2.098026009930479e-118,1.0
2019-12-20,1,6.485054877152027e-46,1.0
2019-12-21,1,6.211726927499794e-62,1.0
2019-12-22,0,0.9914568409166311,0.008543159083368399
2019-12-23,1,7.02141304076928e-288,1.0
2019-12-24,1,6.742288736580569e-288,1.0
2019-12-25,1,3.2135687109708605e-187,1.0
2019-12-26,1,0.0,1.0
2019-12-27,1,8.80939899305e-311,1.0
2019-12-28,1,9.765800940869853e-85,1.0
2019-12-29,1,1.30307524739625e-99,1.0
2019-12-30,1,0.0,1.0
2019-12-31,0,0.9999370878863163,6.291211368277409e-05
2020-01-01,1,2.2026776911000862e-287,1.0
2020-01-02,1,0.0,1.0
2020-01-03,1,1.2573399721910053e-275,1.0
2020-01-04,1,6.796888296994258e-199,1.0
2020-01-05,1,1.9123139182296968e-172,1.0
2020-01-06,0,0.999999836548457,1.6345154244998115e-07
2020-01-07,1,8.458276079253623e-308,1.0
2020-01-08,1,1.0112181583493845e-243,1.0
2020-01-09,1,1.0761582371390852e-185,1.0
2020-01-10,1,7.252869764840787e-159,1.0
2020-01-11,1,6.290374125253219e-297,1.0
2020-01-12,1,0.0,1.0
2020-01-13,1,2.0414513079472735e-92,1.0
2020-01-14,1,9.35044629833581e-15,0.9999999999999911
2020-01-15,1,9.648821923637104e-226,1.0
2020-01-16,1,4.205127090900684e-35,1.0
2020-01-17,1,6.797698934016189e-17,1.0
2020-01-18,1,5.037332558627557e-74,1.0
2020-01-19,0,0.9999999999988702,1.1293631596883987e-12
2020-01-20,1,4.1878072924674805e-226,1.0
2020-01-21,1,6.345656386102393e-200,1.0
2020-01-22,0,0.9938371843458533,0.006162815654146149
2020-01-23,1,1.6156850148200506e-250,1.0
2020-01-24,1,7.832706271765257e-34,1.0
2020-01-25,1,9.330449647684449e-33,1.0
2020-01-26,0,0.9999984514698478,1.548530152111339e-06
2020-01-27,0,0.8305705098370696,0.16942949016293116
2020-01-28,1,6.785464309918537e-37,1.0
2020-01-29,1,7.549650425581952e-25,1.0
2020-01-30,0,0.9999999898048948,1.019510428281799e-08
2020-01-31,0,1.0,1.2253746057674763e-15
2020-02-01,0,0.9999998827284136,1.172715873501408e-07
2020-02-02,1,1.289992845371032e-28,1.0
2020-02-03,0,0.9999880795287397,1.1920471260719553e-05
2020-02-04,1,0.001882651471583908,0.9981173485284156
2020-02-05,0,1.0,3.8044581629661897e-17
2020-02-06,0,1.0,1.8857468249554998e-25
2020-02-07,0,0.9999999859530462,1.4046954821794838e-08
2020-02-08,0,0.999999998257536,1.7424639073594726e-09
2020-02-09,0,0.9999989508122338,1.0491877665897528e-06
2020-02-10,1,2.441428312187764e-37,1.0
2020-02-11,1,1.100788877117658e-146,1.0
2020-02-12,0,0.9976579655367246,0.0023420344632761755
2020-02-13,1,0.0008379489929148494,0.9991620510070852
2020-02-14,0,0.9997312290259355,0.0002687709740643713
2020-02-15,0,0.9999998662859985,1.337140013870219e-07
2020-02-16,1,1.1254876351638575e-07,0.9999998874512365
2020-02-17,1,9.320341324924663e-98,1.0
2020-02-18,1,3.123033251032461e-34,1.0
2020-02-19,1,0.0,1.0
2020-02-20,1,7.653482582918169e-168,1.0
2020-02-21,1,5.385659110802761e-37,1.0
2020-02-22,1,0.0,1.0
2020-02-23,1,0.0,1.0
2020-02-24,1,0.0,1.0
2020-02-25,1,0.0,1.0
2020-02-26,1,0.0,1.0
2020-02-27,1,0.0,1.0
2020-02-28,1,0.0,1.0
2020-02-29,1,8.526797019951057e-13,0.9999999999991473
2020-03-01,1,8.259303093279462e-110,1.0
2020-03-02,1,6.743347965406687e-58,1.0
2020-03-03,1,1.6106789317936445e-187,1.0
2020-03-04,1,9.300793711898819e-174,1.0
2020-03-05,1,0.0,1.0
2020-03-06,1,6.661203583070803e-272,1.0
2020-03-07,0,0.9698888304079263,0.03011116959207424
2020-03-08,1,1.3518654119985496e-46,1.0
2020-03-09,1,0.0009375975058299502,0.99906240249417
2020-03-10,1,0.000497358937733574,0.9995026410622655
2020-03-11,0,0.9999999951957719,4.804229827790986e-09
2020-03-12,1,6.223692020244658e-25,1.0
2020-03-13,1,6.469499411952261e-07,0.9999993530500589
2020-03-14,0,0.9998554294724142,0.00014457052758474952
2020-03-15,0,0.9999999815008851,1.8499116376300246e-08
2020-03-16,1,8.660372947598334e-80,1.0
2020-03-17,1,2.477966176041561e-40,1.0
2020-03-18,1,1.0691486460561538e-27,1.0
2020-03-19,1,1.909966403730148e-42,1.0
2020-03-20,0,0.9999999999991118,8.892943614659519e-13
2020-03-21,1,3.774513947824361e-38,1.0
2020-03-22,1,0.022664270766684636,0.9773357292333149
2020-03-23,1,5.758663246584551e-14,0.9999999999999432
2020-03-24,0,0.9999999999999076,9.383778976827297e-14
2020-03-25,1,1.1991765771191485e-62,1.0
2020-03-26,1,1.4033126377650697e-66,1.0
2020-03-27,0,0.9898030695022635,0.010196930497736791
2020-03-28,1,3.269597028173521e-236,1.0
2020-03-29,1,1.7684192287088886e-96,1.0
2020-03-30,1,1.0005273854261879e-260,1.0
2020-03-31,1,7.017331361059033e-149,1.0
2020-04-01,1,4.426159065022581e-127,1.0
2020-04-02,1,1.4886304841405797e-134,1.0
2020-04-03,0,0.9999999999999964,5.037023747487143e-15
2020-04-04,1,2.7246311406335e-125,1.0
2020-04-05,0,0.5242496743759992,0.4757503256240012
2020-04-06,1,4.830212529611361e-16,1.0
2020-04-07,1,0.025391269001503052,0.9746087309984971
2020-04-08,0,0.9999997503410177,2.496589810811414e-07
2020-04-09,0,0.9999992695628851,7.30437115510935e-07
2020-04-10,0,0.9999999982480041,1.7519964741307e-09
2020-04-11,0,0.9999839260113219,1.607398867752117e-05
2020-04-12,1,3.1388157479109215e-09,0.9999999968611846
2020-04-13,1,6.312917769776275e-185,1.0
2020-04-14,1,3.629380080738537e-21,1.0
2020-04-15,1,0.0015702335094274352,0.998429766490573
2020-04-16,0,0.9999999843930035,1.5606995338501127e-08
2020-04-17,0,0.9999999996562039,3.437966764853031e-10
2020-04-18,0,0.9999999999816964,1.8302356350668096e-11
2020-04-19,1,4.4709302110115884e-254,1.0
2020-04-20,1,4.946627916976546e-12,0.9999999999950528
2020-04-21,1,3.368727652397303e-60,1.0
2020-04-22,1,9.603515130430992e-69,1.0
2020-04-23,1,0.0021051045342773285,0.9978948954657221
2020-04-24,0,0.999932381659493,6.761834050744584e-05
2020-04-25,0,0.9999955195153315,4.480484668176771e-06
2020-04-26,1,7.395467615848003e-164,1.0
2020-04-27,1,2.4263977297058118e-267,1.0
2020-04-28,1,3.429598842322759e-14,0.9999999999999662
2020-04-29,1,7.383502833003511e-38,1.0
2020-04-30,1,3.371452016406907e-297,1.0
2020-05-01,1,8.253292190821842e-217,1.0
2020-05-02,0,0.9999855329085008,1.4467091500766933e-05
2020-05-03,0,1.0,9.292762343109545e-24
2020-05-04,1,7.284445006801224e-160,1.0
2020-05-05,1,0.0004981876372271398,0.9995018123627726
2020-05-06,1,5.390704657760845e-178,1.0
2020-05-07,0,0.9999999990876063,9.123926352488223e-10
2020-05-08,1,0.0,1.0
2020-05-09,0,0.9995003284951774,0.0004996715048214941
2020-05-10,1,1.3354784728145287e-143,1.0
2020-05-11,1,0.0,1.0
2020-05-12,1,1.797621787681517e-182,1.0
2020-05-13,1,8.144297294550033e-181,1.0
2020-05-14,0,0.9989420131121206,0.0010579868878805737
2020-05-15,1,0.0002757790745940873,0.9997242209254066
2020-05-16,1,0.07158090671237896,0.9284190932876216
2020-05-17,1,1.6990177033815806e-291,1.0
2020-05-18,1,5.665976794707929e-144,1.0
2020-05-19,1,5.615793101846739e-215,1.0
2020-05-20,1,0.0,1.0
2020-05-21,1,0.0,1.0
2020-05-22,1,2.0319221928764145e-129,1.0
2020-05-23,1,7.571259215657678e-209,1.0
2020-05-24,1,0.0,1.0
2020-05-25,1,1.1846184655112154e-15,0.9999999999999991
2020-05-26,1,0.0,1.0
2020-05-27,1,6.2025252068151665e-255,1.0
2020-05-28,1,2.6263558599206e-257,1.0
2020-05-29,1,6.247264490109775e-245,1.0
2020-05-30,1,0.0,1.0
2020-05-31,1,0.0,1.0
2020-06-01,1,0.0,1.0
2020-06-02,1,4.009690453330572e-186,1.0
2020-06-03,1,3.780719279939791e-214,1.0
2020-06-04,1,5.591492303302771e-208,1.0
2020-06-05,1,3.8310038042452037e-25,1.0
2020-06-06,1,2.3184700616097605e-78,1.0
2020-06-07,1,8.961604730604309e-240,1.0
2020-06-08,1,1.6407014420713123e-156,1.0
2020-06-09,0,0.9999999965076398,3.4923603847629016e-09
2020-06-10,0,0.9999999999998117,1.8807436794822916e-13
2020-06-11,1,6.313577416319917e-14,0.9999999999999378
2020-06-12,0,0.858446410098466,0.14155358990153502
2020-06-13,1,2.86175693367389e-107,1.0
2020-06-14,0,0.694782458643634,0.30521754135636625
2020-06-15,1,4.564384535471158e-42,1.0
2020-06-16,1,1.2107800030243776e-174,1.0
2020-06-17,1,1.2828131993834194e-102,1.0
2020-06-18,0,1.0,1.2160127987011713e-28
2020-06-19,0,0.9999999998307949,1.6920658510876948e-10
2020-06-20,0,0.9999623215133708,3.7678486628388336e-05
2020-06-21,0,0.9999999985272652,1.4727333630448208e-09
2020-06-22,0,0.9999999922928104,7.707188214190756e-09
2020-06-23,0,0.9999957078078083,4.2921921924077725e-06
2020-06-24,1,3.4570644806774584e-10,0.9999999996542943
2020-06-25,1,5.135103118443352e-62,1.0
2020-06-26,0,0.9992465927570546,0.0007534072429456767
2020-06-27,1,1.7677338126527526e-27,1.0
2020-06-28,0,0.9998897469943344,0.00011025300566696614
2020-06-29,1,6.419006844852554e-52,1.0
2020-06-30,1,3.968973378725031e-33,1.0
2020-07-01,1,2.2181995223049344e-25,1.0
2020-07-02,1,1.3430794778502064e-09,0.9999999986569215
2020-07-03,1,1.8718969969237415e-07,0.9999998128102996
2020-07-04,0,0.9999941080430963,5.891956902321473e-06
2020-07-05,1,8.617050452095324e-27,1.0
2020-07-06,1,1.446000949173895e-85,1.0
2020-07-07,1,7.00749604733619e-169,1.0
2020-07-08,1,1.7210627483726224e-91,1.0
2020-07-09,1,6.626709344318149e-152,1.0
2020-07-10,1,3.2021895053247966e-43,1.0
2020-07-11,1,9.252579817781837e-20,1.0
2020-07-12,1,1.8317492298918744e-08,0.9999999816825069
2020-07-13,1,2.099838624546801e-50,1.0
2020-07-14,1,9.47432667795468e-40,1.0
2020-07-15,1,2.2698898264342537e-16,1.0
2020-07-16,1,0.11330162988737146,0.8866983701126286
2020-07-17,1,5.627702057128245e-14,0.9999999999999432
2020-07-18,0,0.9999998795312522,1.2046874874327515e-07
2020-07-19,0,1.0,3.059191173301445e-16
2020-07-20,0,1.0,3.526208137096245e-16
2020-07-21,0,0.9999999997374154,2.6258463402672767e-10
2020-07-22,0,0.9999999999979892,2.009655044038053e-12
2020-07-23,0,0.999999999999968,3.106915249036822e-14
2020-07-24,1,0.03652531200019655,0.9634746879998041
2020-07-25,0,0.9999999999999609,3.9521114373596977e-14
2020-07-26,0,1.0,1.4123882938148425e-22
2020-07-27,1,2.0909174086526194e-51,1.0
2020-07-28,1,8.061418165811873e-45,1.0
2020-07-29,0,0.9999981738445681,1.8261554323060994e-06
2020-07-30,1,1.217857651725696e-13,0.9999999999998792
2020-07-31,1,0.20990201398842392,0.7900979860115762
2020-08-01,0,0.9999993984467677,6.015532316626634e-07
2020-08-02,0,0.9999999999981775,1.8235924458303026e-12
2020-08-03,1,5.081841798013478e-32,1.0
2020-08-04,0,0.9998865696244394,0.00011343037556150257
2020-08-05,0,0.9999998269087386,1.7309126268112976e-07
2020-08-06,1,0.008873850170841172,0.9911261498291595
2020-08-07,0,0.9864056066930901,0.013594393306910629
2020-08-08,0,0.9999999999999929,7.778366402985446e-15
2020-08-09,1,5.354014490143043e-08,0.9999999464598549
2020-08-10,1,1.0503918064706699e-76,1.0
2020-08-11,1,2.773101311953771e-15,0.9999999999999982
2020-08-12,0,0.9999992199162359,7.800837635123967e-07
2020-08-13,0,0.9917235359742161,0.008276464025784408
2020-08-14,0,0.9999999999893419,1.0658039065997608e-11
2020-08-15,0,0.9999999883093658,1.1690635799245495e-08
2020-08-16,0,0.9999999999893099,1.068888513908427e-11
2020-08-17,0,0.9999999675898229,3.2410177551504605e-08
2020-08-18,0,0.9999999987090114,1.290987161039061e-09
2020-08-19,0,0.9999999990425295,9.574717591052546e-10
2020-08-20,0,0.9999999995930153,4.0698390224366793e-10
2020-08-21,0,1.0,1.274162846982867e-15
2020-08-22,0,0.9998898456354505,0.00011015436454818191
2020-08-23,0,0.9999996451244354,3.548755652773187e-07
2020-08-24,0,0.9749629803336226,0.025037019666376583
2020-08-25,0,1.0,6.782037305480579e-17
2020-08-26,1,7.107183300703818e-23,1.0
2020-08-27,0,0.9999981927413006,1.8072586990754868e-06
2020-08-28,0,0.9999999887771303,1.1222869468090464e-08
2020-08-29,0,0.9999999985344203,1.4655791394078044e-09
2020-08-30,0,1.0,3.1621023027338366e-16
2020-08-31,1,1.5718605954410156e-62,1.0
2020-09-01,0,0.9999996172374979,3.8276250215937676e-07
2020-09-02,0,0.9999999999925393,7.459393633305007e-12
2020-09-03,0,0.9999999999998614,1.3725261602332328e-13
2020-09-04,0,1.0,5.960745557830752e-19
2020-09-05,0,0.999999999999357,6.441837478857983e-13
2020-09-06,0,0.9937450003105428,0.0062549996894574545
2020-09-07,0,1.0,3.054504152357754e-16
2020-09-08,0,1.0,3.380616783471146e-16
2020-09-09,1,2.0893056109803675e-21,1.0
2020-09-10,0,0.9999999973145641,2.6854369176053218e-09
2020-09-11,0,0.9999999962262685,3.7737331260101514e-09
2020-09-12,0,0.9999999999730811,2.6917539827201935e-11
2020-09-13,0,0.9999999999861053,1.3893446968691842e-11
2020-09-14,1,1.9976726979586596e-13,0.999999999999801
2020-09-15,0,0.9999999992617283,7.382712768823729e-10
2020-09-16,0,1.0,1.2267310248282345e-15
2020-09-17,1,6.830211966190575e-52,1.0
2020-09-18,0,0.9999999999999822,1.8197111315576718e-14
2020-09-19,1,1.2954042021806592e-08,0.9999999870459586
2020-09-20,1,1.7860309384223482e-56,1.0
2020-09-21,1,1.136446760644988e-53,1.0
2020-09-22,1,1.6606831264899967e-61,1.0
2020-09-23,1,1.117428814023746e-41,1.0
2020-09-24,1,1.5384216693622216e-50,1.0
2020-09-25,1,9.474675081622685e-16,1.0
2020-09-26,0,0.9999999982476666,1.75233210086441e-09
2020-09-27,1,3.935088522731103e-07,0.9999996064911479
2020-09-28,1,1.5859521426906515e-16,1.0
2020-09-29,1,1.6893266178099358e-07,0.9999998310673385
2020-09-30,1,6.368558720052239e-83,1.0
2020-10-01,1,1.0765686239422535e-61,1.0
2020-10-02,1,4.493437103821117e-13,0.9999999999995506
2020-10-03,1,5.4600654121957924e-64,1.0
2020-10-04,1,5.200319655584144e-07,0.9999994799680343
2020-10-05,1,2.6865671337084673e-14,0.9999999999999734
2020-10-06,1,2.349092758098309e-93,1.0
2020-10-07,1,1.3079473058722965e-28,1.0
2020-10-08,1,1.2671361116740664e-80,1.0
2020-10-09,1,8.08620472478984e-158,1.0
2020-10-10,1,0.0,1.0
2020-10-11,1,4.7540740498521305e-46,1.0
2020-10-12,0,0.999997259949423,2.740050578157057e-06
2020-10-13,1,3.243316567568089e-31,1.0
2020-10-14,1,4.601576785410711e-28,1.0
2020-10-15,0,1.0,1.60544623901853e-16
2020-10-16,0,0.9020316074513883,0.09796839254861135
2020-10-17,1,1.128364243248567e-07,0.9999998871635764
2020-10-18,0,0.9999999999999858,1.2910639422489208e-14
2020-10-19,1,1.1962576977361798e-250,1.0
2020-10-20,1,0.0,1.0
2020-10-21,1,2.795818058306416e-105,1.0
2020-10-22,1,1.7013559073266506e-26,1.0
2020-10-23,0,0.9999999246794602,7.532054155582442e-08
2020-10-24,1,3.516512682858383e-31,1.0
2020-10-25,1,2.8705755493332366e-95,1.0
2020-10-26,1,0.0,1.0
2020-10-27,1,0.0,1.0
2020-10-28,1,1.5e-323,1.0
2020-10-29,1,0.0,1.0
2020-10-30,1,0.0,1.0
2020-10-31,1,0.0,1.0
2020-11-01,0,0.9999711206855096,2.8879314491053634e-05
2020-11-02,1,3.8255358637477845e-308,1.0
2020-11-03,1,0.0,1.0
2020-11-04,1,1.58536511914402e-211,1.0
2020-11-05,1,1.4590297786223528e-152,1.0
2020-11-06,1,2.703542788934681e-145,1.0
2020-11-07,0,0.999999999978769,2.1232882888411662e-11
2020-11-08,0,0.9999999999956444,4.354340661603865e-12
2020-11-09,0,1.0,1.2281341395226152e-15
2020-11-10,0,1.0,7.2362964587955e-35
2020-11-11,0,1.0,7.05990646219276e-19
2020-11-12,1,5.445155822149501e-278,1.0
2020-11-13,1,2.9151643928371693e-93,1.0
2020-11-14,0,0.9866022240066805,0.01339777599331867
2020-11-15,1,9.051644691302389e-21,1.0
2020-11-16,1,2.964192762418581e-22,1.0
2020-11-17,1,7.356959332074065e-46,1.0
2020-11-18,1,1.2576472277794293e-170,1.0
2020-11-19,1,0.0,1.0
2020-11-20,1,3.272597696110873e-220,1.0
2020-11-21,1,6.280625529194841e-98,1.0
2020-11-22,1,6.984176296141582e-217,1.0
2020-11-23,1,0.0,1.0
2020-11-24,1,0.0,1.0
2020-11-25,1,0.0,1.0
2020-11-26,1,0.0,1.0
2020-11-27,1,4.54606547737694e-79,1.0
2020-11-28,0,0.9999999867381,1.3261899440873963e-08
2020-11-29,1,6.582363698669139e-27,1.0
2020-11-30,1,0.0018807494302407121,0.9981192505697597
2020-12-01,0,0.9571151817728231,0.042884818227177206
2020-12-02,0,0.9999999987289883,1.271013535540609e-09
2020-12-03,1,1.0713713191458237e-23,1.0
2020-12-04,0,0.9999999994105764,5.894225457666381e-10
2020-12-05,0,0.9461803324367456,0.0538196675632553
2020-12-06,1,0.005624411488541442,0.9943755885114585
2020-12-07,0,0.9999998701438257,1.298561738492737e-07
2020-12-08,0,0.999999993876397,6.123604148061445e-09
2020-12-09,1,5.6275324786193735e-37,1.0
2020-12-10,1,1.1073531640436058e-21,1.0
2020-12-11,1,7.7917415353393995e-31,1.0
2020-12-12,0,0.9999999659270783,3.4072923330529635e-08
2020-12-13,1,5.351794534233514e-29,1.0
2020-12-14,0,0.9997792044865803,0.00022079551341795908
2020-12-15,0,0.9999999999697735,3.022688155982341e-11
2020-12-16,1,1.0305239417339788e-59,1.0
2020-12-17,0,0.9999999977057641,2.2942365788130324e-09
2020-12-18,0,0.9999999622641098,3.77358895763155e-08
2020-12-19,0,0.9999999959989019,4.001097811546274e-09
2020-12-20,0,0.9999999970445366,2.9554651166492556e-09
2020-12-21,1,3.542055061761246e-48,1.0
2020-12-22,0,1.0,5.254078354473974e-21
2020-12-23,0,1.0,1.307903159068842e-22
2020-12-24,0,0.9999983732535112,1.626746489161173e-06
2020-12-25,1,1.4711588311518643e-14,0.9999999999999858
2020-12-26,1,3.6601413627679122e-208,1.0
2020-12-27,1,1.1621601373966304e-237,1.0
2020-12-28,1,3.760634570538279e-170,1.0
2020-12-29,1,0.0021256631122548797,0.9978743368877454
2020-12-30,1,4.676832820248059e-41,1.0
2020-12-31,0,0.9999981541080826,1.8458919177553973e-06
2021-01-01,0,0.7762166597408344,0.22378334025916605
2021-01-02,1,4.0285368660009947e-84,1.0
2021-01-03,1,4.059910935096486e-06,0.9999959400890654
2021-01-04,1,0.02150145404679228,0.978498545953207
2021-01-05,0,0.9912059820412554,0.00879401795874482
2021-01-06,0,0.9999999786277096,2.137229215690232e-08
2021-01-07,0,1.0,1.3005517647340082e-16
2021-01-08,0,0.9999999975719334,2.42806807571792e-09
2021-01-09,1,7.066980754026014e-22,1.0
2021-01-10,1,8.621948047650235e-08,0.9999999137805188
2021-01-11,0,1.0,1.7958346209520379e-16
2021-01-12,0,0.999694817196732,0.0003051828032665891
2021-01-13,0,0.9999991574737731,8.425262279452492e-07
2021-01-14,0,0.9999918848582873,8.11514171241637e-06
2021-01-15,0,0.9999783534095812,2.1646590418552406e-05
2021-01-16,0,0.9999999999999645,3.409756636146403e-14
2021-01-17,0,0.9999999999505,4.950096075827967e-11
2021-01-18,1,8.833243124612453e-06,0.9999911667568756
2021-01-19,0,0.999999999999666,3.3393950168071857e-13
2021-01-20,0,0.9999999973424352,2.6575643472487326e-09
2021-01-21,0,0.9999999987230126,1.2769860581907922e-09
2021-01-22,0,1.0,1.9800870322793766e-17
2021-01-23,1,3.3958766478819063e-09,0.9999999966041226
2021-01-24,1,2.5737472035783043e-11,0.9999999999742624
2021-01-25,0,0.9999999999857678,1.4232292571758037e-11
2021-01-26,0,0.9999999929033514,7.096647049062696e-09
2021-01-27,0,1.0,3.178945730779259e-16
2021-01-28,0,0.9999654383812404,3.4561618758626506e-05
2021-01-29,0,0.9999999996851265,3.148724083517102e-10
2021-01-30,0,0.9999999995678799,4.3212046459458964e-10
2021-01-31,0,0.9999999997477396,2.5226151469959183e-10
2021-02-01,0,0.999661234502783,0.00033876549721780934
2021-02-02,1,6.038838529274063e-84,1.0
2021-02-03,1,4.449765598140771e-131,1.0
2021-02-04,0,0.9999999808616702,1.9138331552013346e-08
2021-02-05,0,0.9999999999997193,2.815682550704697e-13
2021-02-06,0,0.9999999993748858,6.251126415327887e-10
2021-02-07,0,0.9999992220431408,7.779568602885415e-07
2021-02-08,0,0.99999998844212,1.155787875413604e-08
2021-02-09,0,0.999999911958302,8.804169855849569e-08
2021-02-10,0,0.999305518898823,0.0006944811011761899
2021-02-11,0,0.999999999980286,1.9715592944842078e-11
2021-02-12,1,0.07919009271819022,0.9208099072818104
2021-02-13,1,3.292195544635244e-18,1.0
2021-02-14,0,0.9999144360668282,8.556393317028137e-05
2021-02-15,1,5.755644100834825e-111,1.0
2021-02-16,1,1.6899941256219352e-129,1.0
2021-02-17,1,1.5680863014901094e-220,1.0
2021-02-18,1,0.004245208178529339,0.9957547918214708
2021-02-19,0,0.9999125818161757,8.741818382326546e-05
2021-02-20,0,0.9999999971085032,2.8914975653710327e-09
2021-02-21,0,0.9999999999999325,6.744529012376394e-14
2021-02-22,1,3.7050770201498735e-26,1.0
2021-02-23,1,8.689846379463141e-50,1.0
2021-02-24,0,0.9999999999862901,1.3709054161354649e-11
2021-02-25,0,0.9999999998823697,1.1763182108111697e-10
2021-02-26,1,1.1904558731842856e-24,1.0
2021-02-27,0,1.0,4.872384838099441e-18
2021-02-28,0,0.9999920598432617,7.940156739770518e-06
2021-03-01,1,1.5418092447286504e-267,1.0
2021-03-02,0,0.9999999539080566,4.6091944164446e-08
2021-03-03,0,0.9999998566725342,1.433274645234705e-07
2021-03-04,1,1.1617045414790592e-32,1.0
2021-03-05,1,2.605503142674659e-45,1.0
2021-03-06,0,0.6735678713066998,0.3264321286933008
2021-03-07,0,0.9999997389663896,2.6103361063595035e-07
2021-03-08,1,6.437278521059314e-124,1.0
2021-03-09,1,1.390446763824026e-93,1.0
2021-03-10,1,2.2088478980901914e-43,1.0
2021-03-11,1,2.3879317188700306e-58,1.0
2021-03-12,1,7.14985410477089e-54,1.0
2021-03-13,1,2.9412664146118206e-25,1.0
2021-03-14,0,0.9913853737076623,0.008614626292339073
2021-03-15,1,3.1916171024033376e-42,1.0
2021-03-16,1,2.0937573285084193e-08,0.9999999790624268
2021-03-17,1,1.84633290667084e-101,1.0
2021-03-18,1,7.659417135302888e-105,1.0
2021-03-19,1,5.420355386076063e-06,0.9999945796446138
2021-03-20,0,0.9999999999999858,1.5896850101306426e-14
2021-03-21,0,0.9999999999797886,2.021308675172196e-11
2021-03-22,0,1.0,2.0301823655095896e-16
2021-03-23,0,0.9999999996454925,3.5450809933251794e-10
2021-03-24,0,1.0,2.251673457718892e-16
2021-03-25,0,0.9999999992889919,7.110067424248674e-10
2021-03-26,0,0.9999999999874625,1.2537903578349227e-11
2021-03-27,0,0.999997572652071,2.427347930615798e-06
2021-03-28,1,0.09538033826148941,0.9046196617385103
2021-03-29,1,5.967764453830343e-34,1.0
2021-03-30,0,0.9999907958394654,9.204160533313709e-06
2021-03-31,0,1.0,1.0303931138175222e-15
2021-04-01,0,0.9999999999074873,9.251315824027462e-11
2021-04-02,0,1.0,8.095960485450408e-28
2021-04-03,0,0.9999999413673012,5.8632698538794166e-08
2021-04-04,0,0.9999354742813238,6.452571867608344e-05
2021-04-05,1,1.4199982561818377e-14,0.9999999999999858
2021-04-06,0,0.9999999127888162,8.721118547584072e-08
2021-04-07,0,0.9999998043387293,1.9566127111583024e-07
2021-04-08,0,0.9999988743636632,1.1256363358779518e-06
2021-04-09,1,3.992379996578778e-19,1.0
2021-04-10,0,0.9999999999988844,1.1163945750415257e-12
2021-04-11,0,0.9999999999999964,3.1845980969067017e-15
2021-04-12,0,0.9999999999998437,1.5743390626539708e-13
2021-04-13,0,0.9997066033238606,0.0002933966761383496
2021-04-14,0,0.9999999650797383,3.492026286051422e-08
2021-04-15,0,0.9999999364955114,6.35044884385553e-08
2021-04-16,0,0.7941045260333642,0.20589547396663643
2021-04-17,1,0.4744012408501359,0.5255987591498642
2021-04-18,0,0.9999999999388791,6.111996593875555e-11
2021-04-19,1,0.04259582366565536,0.9574041763343453
2021-04-20,0,0.999952398064538,4.760193546213377e-05
2021-04-21,1,1.2888241448175095e-48,1.0
2021-04-22,1,5.6729721403440336e-08,0.9999999432702784
2021-04-23,0,0.9756523978414023,0.024347602158597197
2021-04-24,0,0.9999999899537357,1.0046265263651847e-08
2021-04-25,0,0.9999513784970422,4.862150295759497e-05
2021-04-26,0,0.9279747636228045,0.07202523637719628
2021-04-27,0,0.9999999999968843,3.115186607879871e-12
2021-04-28,0,0.9999827771297058,1.7222870293896172e-05
2021-04-29,1,3.6407733609409136e-35,1.0
2021-04-30,0,0.9999962017968981,3.798203102812125e-06
2021-05-01,0,0.9999999999292157,7.078393918740153e-11
2021-05-02,0,0.9999999999999787,2.0938614921614313e-14
2021-05-03,1,0.4254716466759996,0.5745283533240011
2021-05-04,1,4.32431022188689e-13,0.9999999999995683
2021-05-05,0,0.9999999704972109,2.9502789136943008e-08
2021-05-06,0,0.9999999999887486,1.125249277358654e-11
2021-05-07,0,0.9999999999935696,6.430091709264974e-12
2021-05-08,0,1.0,8.786536285089692e-33
2021-05-09,0,1.0,8.307647829379983e-26
2021-05-10,0,1.0,2.4117517013940846e-17
2021-05-11,0,1.0,3.4241595758154155e-17
2021-05-12,0,1.0,2.272712542643804e-21
2021-05-13,0,0.9999999996181401,3.818597696017051e-10
2021-05-14,0,1.0,2.0124117821159588e-37
2021-05-15,0,1.0,2.976311179658997e-40
2021-05-16,0,1.0,1.2217007706931685e-39
2021-05-17,0,1.0,1.9810292652429816e-36
2021-05-18,0,1.0,1.2866853570062767e-37
2021-05-19,0,1.0,1.1868617135029222e-35
2021-05-20,0,1.0,1.986289096377968e-34
2021-05-21,0,1.0,3.139325913867726e-38
2021-05-22,0,1.0,6.250297334604212e-29
2021-05-23,0,1.0,3.4160386613406724e-40
2021-05-24,0,1.0,4.084985094529654e-23
2021-05-25,0,1.0,3.021026238287106e-40
2021-05-26,0,1.0,9.763860729457547e-36
2021-05-27,0,1.0,5.810398801175329e-36
2021-05-28,0,1.0,1.1430227831644644e-38
2021-05-29,0,1.0,2.360510919838852e-38
2021-05-30,0,1.0,9.534624444746779e-37
2021-05-31,0,1.0,4.060523481418015e-23
2021-06-01,0,1.0,7.683062567392612e-37
2021-06-02,0,1.0,1.718602143842797e-24
2021-06-03,1,0.385627767739281,0.614372232260719
2021-06-04,0,1.0,1.1806212820241247e-36
2021-06-05,0,1.0,4.1222701595897185e-32
2021-06-06,0,1.0,6.122942136761835e-38
2021-06-07,0,1.0,1.4184523436005124e-34
2021-06-08,0,1.0,2.3891862788887393e-23
2021-06-09,0,1.0,3.2483883257777574e-22
2021-06-10,0,1.0,6.244750904102786e-22
2021-06-11,0,1.0,7.593688788378943e-22
2021-06-12,0,1.0,1.3394861995884395e-21
2021-06-13,0,1.0,4.5281787550268303e-23
2021-06-14,0,1.0,3.838607278209993e-23
2021-06-15,0,1.0,4.375729759026356e-23
2021-06-16,0,1.0,5.800858637187035e-22
2021-06-17,0,1.0,7.197181051392848e-23
2021-06-18,0,1.0,1.1534499250883006e-25
2021-06-19,0,1.0,1.1742096220241795e-22
2021-06-20,0,1.0,4.5755931536475773e-26
2021-06-21,0,1.0,8.437205314765137e-23
2021-06-22,0,1.0,8.523207753441427e-23
2021-06-23,0,1.0,1.220442885492325e-25
2021-06-24,0,1.0,1.490860424218435e-23
2021-06-25,0,1.0,1.0485876221544463e-21
2021-06-26,0,1.0,5.105616107498732e-24
2021-06-27,0,1.0,1.5877941542199598e-25
2021-06-28,0,1.0,9.556975830230056e-33
2021-06-29,0,1.0,1.3651874314769617e-25
2021-06-30,0,1.0,1.6304184943543943e-35
2021-07-01,0,1.0,2.455526498006046e-24
2021-07-02,0,1.0,2.2475986469214583e-37
2021-07-03,0,1.0,2.9882217181873374e-40
2021-07-04,0,1.0,5.4368352268571913e-39
2021-07-05,0,1.0,1.4094132720591402e-21
2021-07-06,0,1.0,6.793873842040693e-40
2021-07-07,0,1.0,1.2972452219256196e-32
2021-07-08,0,1.0,4.953313659407955e-31
2021-07-09,0,0.9999999999999964,2.4781430143328603e-15
2021-07-10,0,1.0,8.527120351625123e-22
2021-07-11,0,1.0,5.554341634801607e-38
2021-07-12,0,1.0,3.545168656314143e-37
2021-07-13,0,1.0,1.0188468853101379e-39
2021-07-14,0,1.0,8.617529674778349e-40
2021-07-15,0,1.0,7.846960031437709e-18
2021-07-16,0,1.0,4.428848915605646e-31
2021-07-17,0,1.0,1.2833743094807851e-20
2021-07-18,0,1.0,5.664119429959045e-37
2021-07-19,0,0.9999999999999503,4.999481835897049e-14
2021-07-20,0,1.0,2.4116777713198862e-26
2021-07-21,0,1.0,5.728583363878364e-21
2021-07-22,0,1.0,1.3452744793612431e-36
2021-07-23,0,0.999999999999936,6.32591374214717e-14
2021-07-24,0,1.0,1.9762185747988695e-24
2021-07-25,0,1.0,1.1243926015374942e-25
2021-07-26,0,1.0,2.853592108125217e-25
2021-07-27,0,1.0,1.3558245443234992e-29
2021-07-28,0,1.0,1.76746397109073e-23
2021-07-29,0,1.0,1.7521711999356377e-23
2021-07-30,0,1.0,5.4700282285646166e-39
2021-07-31,0,1.0,3.2365843445242383e-39
2021-08-01,0,1.0,7.506491335832256e-27
2021-08-02,0,1.0,1.2700217918610077e-33
2021-08-03,1,1.2554708662145787e-31,1.0
2021-08-04,0,0.9976884560644057,0.00231154393559568
2021-08-05,0,0.999993134795226,6.865204773572363e-06
2021-08-06,0,1.0,1.995870143558023e-36
2021-08-07,0,1.0,8.778551160594413e-38
2021-08-08,0,1.0,1.168415928563154e-33
2021-08-09,0,1.0,2.0727950177698307e-28
2021-08-10,0,0.9996488976957144,0.000351102304285824
2021-08-11,0,0.9867014495263446,0.01329855047365564
2021-08-12,0,0.9999935122077299,6.487792269880498e-06
2021-08-13,0,1.0,2.1571025724517233e-34
2021-08-14,0,1.0,7.422100088184026e-40
2021-08-15,0,1.0,6.231408817916412e-28
2021-08-16,0,1.0,5.940271474514925e-20
2021-08-17,0,1.0,1.1694075432700903e-22
2021-08-18,0,1.0,2.165071602937341e-21
2021-08-19,0,1.0,1.1124189093379523e-22
2021-08-20,0,1.0,1.027576818563692e-22
2021-08-21,0,1.0,1.3213910936864042e-21
2021-08-22,0,1.0,3.1740211090579455e-20
2021-08-23,0,1.0,1.1070644961684002e-22
2021-08-24,0,1.0,5.836622327087759e-26
2021-08-25,0,1.0,1.404838165083084e-22
2021-08-26,0,1.0,1.382681551972676e-21
2021-08-27,0,1.0,1.1088636807242474e-22
2021-08-28,0,1.0,5.44379876404552e-26
2021-08-29,0,1.0,1.3777102121345645e-20
2021-08-30,0,1.0,1.6909417714597874e-20
2021-08-31,0,1.0,1.3366252592477755e-21
2021-09-01,0,0.9999999999999929,6.123335856905217e-15
2021-09-02,0,0.9999999999999751,2.5705534619352876e-14
2021-09-03,1,0.00013888612175270222,0.9998611138782473
2021-09-04,0,1.0,4.3099337500122214e-33
2021-09-05,0,1.0,5.300408588738353e-32
2021-09-06,0,1.0,1.2423233853465943e-15
2021-09-07,0,0.9999999999451923,5.480636231097702e-11
2021-09-08,0,0.9997893842704817,0.00021061572951834944
2021-09-09,0,0.9999999999999964,4.787911509013088e-15
2021-09-10,1,0.0017169620032716395,0.9982830379967287
2021-09-11,0,1.0,4.3892464442123056e-38
2021-09-12,0,1.0,9.376065612733902e-20
2021-09-13,0,0.9999990826341632,9.173658378790102e-07
2021-09-14,0,0.9999999999996767,3.245679464050086e-13
2021-09-15,0,0.9999997360612334,2.6393876778043386e-07
2021-09-16,0,1.0,5.892406384882423e-40
2021-09-17,0,1.0,3.5823822157676054e-35
2021-09-18,0,0.9982674940096984,0.0017325059903018046
2021-09-19,0,1.0,3.068686101048341e-16
2021-09-20,0,0.9999999998986695,1.013313339632474e-10
2021-09-21,0,0.9999872893668772,1.2710633123535688e-05
2021-09-22,0,0.9999999978430125,2.156989132704827e-09
2021-09-23,0,0.9999998285788512,1.714211505385425e-07
2021-09-24,0,0.9999999999913349,8.665100378815823e-12
2021-09-25,0,0.7500205004220193,0.24997949957798007
2021-09-26,0,1.0,2.572902644579435e-25
2021-09-27,1,2.4672318146138095e-117,1.0
2021-09-28,0,0.9999843015713055,1.569842869421477e-05
2021-09-29,1,1.6159430304609894e-53,1.0
2021-09-30,1,8.996026827476906e-11,0.99999999991004
2021-10-01,0,0.9999999931887054,6.811296166401134e-09
2021-10-02,0,0.999999986308616,1.3691385522287722e-08
2021-10-03,0,0.9999999999935305,6.470697841864677e-12
2021-10-04,1,2.1490539425059298e-41,1.0
2021-10-05,0,0.9999999114093509,8.859064782584352e-08
2021-10-06,0,0.9999999879840757,1.2015923706140632e-08
2021-10-07,1,0.004582147097376755,0.9954178529026225
2021-10-08,1,0.004442849174796869,0.9955571508252029
2021-10-09,0,1.0,8.2925649303558e-40
2021-10-10,0,1.0,9.284433132237614e-28
2021-10-11,0,0.9999999943913558,5.608642929443392e-09
2021-10-12,0,0.9999999046420608,9.535793861586672e-08
2021-10-13,0,0.999996876494411,3.123505588364217e-06
2021-10-14,0,0.9999999614720466,3.8527952929434e-08
2021-10-15,1,0.39566735939613273,0.6043326406038674
2021-10-16,0,0.9999987855255504,1.2144744490060022e-06
2021-10-17,0,0.999999999205528,7.9447342630279e-10
2021-10-18,0,1.0,5.367013911492857e-40
2021-10-19,0,0.9997961611404659,0.00020383885953381142
2021-10-20,0,1.0,2.247568519396204e-23
2021-10-21,1,1.5171406940434847e-87,1.0
2021-10-22,0,1.0,6.643867837361711e-22
2021-10-23,1,1.2828220018771611e-130,1.0
2021-10-24,0,1.0,1.4217920248681097e-30
2021-10-25,1,4.989192385753111e-67,1.0
2021-10-26,1,0.24301437712447377,0.7569856228755263
2021-10-27,1,1.4964664457761271e-92,1.0
2021-10-28,1,2.8635802052884666e-106,1.0
2021-10-29,0,1.0,1.6896280104138365e-39
2021-10-30,0,1.0,2.037496943547014e-26
2021-10-31,0,1.0,5.752567859631315e-27
2021-11-01,0,1.0,2.535156288710496e-26
2021-11-02,0,0.9999997389326317,2.6106736865346906e-07
2021-11-03,0,0.9999981783777478,1.8216222526285032e-06
2021-11-04,0,0.9999999996130704,3.86929661157665e-10
2021-11-05,0,1.0,8.621498910769842e-38
2021-11-06,0,1.0,7.254031331688421e-34
2021-11-07,0,1.0,3.066231656464655e-35
2021-11-08,0,1.0,1.139388507282011e-31
2021-11-09,1,2.408230210995548e-54,1.0
2021-11-10,1,0.4386828061532421,0.5613171938467579
2021-11-11,1,0.0003795442665202069,0.9996204557334792
2021-11-12,0,1.0,3.7481140132797735e-26
2021-11-13,0,1.0,2.7469135919838314e-25
2021-11-14,0,1.0,4.842011355352681e-38
2021-11-15,0,1.0,7.837819265870202e-38
2021-11-16,0,0.9999999826420166,1.735798181684767e-08
2021-11-17,1,3.814211405341871e-40,1.0
2021-11-18,0,0.9999999986275121,1.372487239828214e-09
2021-11-19,0,0.999999999821874,1.781269249133963e-10
2021-11-20,0,0.999999999816481,1.835207879118859e-10
2021-11-21,0,0.9999999999997264,2.736093500016937e-13
2021-11-22,0,0.9970423459258363,0.0029576540741640916
2021-11-23,0,0.9984451173874018,0.0015548826125968108
2021-11-24,0,0.9967282908809453,0.003271709119053138
2021-11-25,0,0.9999999987080237,1.2919771565615306e-09
2021-11-26,0,0.9999996865967973,3.1340320324160017e-07
2021-11-27,0,1.0,2.5463384236014406e-29
2021-11-28,0,1.0,7.34670187282417e-38
2021-11-29,0,0.9999999999859064,1.4093942707562712e-11
2021-11-30,1,1.7352599539879103e-26,1.0
2021-12-01,0,0.9999999999987672,1.2332272424380075e-12
2021-12-02,0,1.0,3.4202044530449213e-16
2021-12-03,0,0.9999999999140634,8.593652449498317e-11
2021-12-04,0,0.9999999980231635,1.976836978508677e-09
2021-12-05,0,0.9999999999072386,9.276279952101158e-11
2021-12-06,0,0.9999999836925008,1.6307498998075325e-08
2021-12-07,0,0.999920138410167,7.986158983354203e-05
2021-12-08,0,0.9999999999999858,1.3810831470670074e-14
2021-12-09,0,1.0,1.851651958431636e-16
2021-12-10,0,0.9999999997004281,2.9957164403065865e-10
2021-12-11,0,0.9999999994361453,5.638541520612695e-10
2021-12-12,0,0.999999998395328,1.6046707133520256e-09
2021-12-13,1,3.378731412735538e-15,0.9999999999999964
2021-12-14,0,1.0,3.1733112181880587e-22
2021-12-15,1,1.2026519402623995e-05,0.9999879734805966
2021-12-16,1,4.7705947691634625e-05,0.9999522940523088
2021-12-17,1,0.028390078365987767,0.9716099216340119
2021-12-18,1,8.998185345950123e-12,0.9999999999910028
2021-12-19,0,0.9999426103659507,5.7389634049690656e-05
2021-12-20,0,0.9999773549963704,2.2645003628571545e-05
2021-12-21,0,0.9999999999846345,1.5365341606293116e-11
2021-12-22,1,4.299490547706731e-58,1.0
2021-12-23,0,0.9999999821541757,1.784582413790061e-08
2021-12-24,1,5.916045459472275e-168,1.0
2021-12-25,1,0.0,1.0
2021-12-26,1,0.0,1.0
2021-12-27,1,3.260052431246531e-216,1.0
2021-12-28,0,0.9999992334862096,7.665137915701657e-07
2021-12-29,1,1.2529695487886645e-06,0.9999987470304512
2021-12-30,1,2.1241994428851103e-64,1.0
2021-12-31,1,0.0,1.0
2022-01-01,0,0.9999995289425073,4.7105749184439453e-07
2022-01-02,1,1.1316413173261632e-181,1.0
2022-01-03,1,1.7632810538109413e-30,1.0
2022-01-04,1,1.4517715222238035e-120,1.0
2022-01-05,1,1.8018273534382234e-110,1.0
2022-01-06,0,0.999999999950635,4.936643762943378e-11
2022-01-07,0,0.9999999999164757,8.352401086307334e-11
2022-01-08,0,1.0,2.739798680472054e-24
2022-01-09,0,0.9999999999534595,4.654108452980174e-11
2022-01-10,0,1.0,1.8337869408984763e-35
2022-01-11,1,9.096780304748323e-12,0.9999999999909033
2022-01-12,0,0.9999999992403197,7.59681262769427e-10
2022-01-13,0,1.0,1.6600265674748463e-15
2022-01-14,0,0.999999999393907,6.060932747680975e-10
2022-01-15,0,0.9999999999939604,6.039924325278426e-12
2022-01-16,0,0.9999999969576017,3.0423982054042017e-09
2022-01-17,1,4.781849755826841e-23,1.0
2022-01-18,1,4.929675002724616e-07,0.9999995070324992
2022-01-19,0,0.9999992527363503,7.472636482849285e-07
2022-01-20,1,6.874836814664913e-09,0.9999999931251633
2022-01-21,0,0.9999999998830162,1.1698452711744192e-10
2022-01-22,0,0.999999889776073,1.1022392793617593e-07
2022-01-23,0,0.999999981244873,1.8755128192711658e-08
2022-01-24,1,5.612141664488467e-15,0.9999999999999947
2022-01-25,1,1.1104162562360415e-168,1.0
2022-01-26,0,0.9998065797666684,0.00019342023333019883
2022-01-27,1,0.0,1.0
2022-01-28,1,1.0925282987927376e-179,1.0
2022-01-29,1,1.4754597180979267e-80,1.0
2022-01-30,1,0.0,1.0
2022-01-31,1,2.0291536412826e-39,1.0
2022-02-01,1,9.24510415350447e-81,1.0
2022-02-02,1,4.38113491877027e-16,1.0
2022-02-03,1,4.564557716377413e-133,1.0
2022-02-04,0,0.9999999511307637,4.8869236468810814e-08
2022-02-05,1,2.8235846262634926e-56,1.0
2022-02-06,0,0.7733987970124505,0.22660120298754932
2022-02-07,1,0.0,1.0
2022-02-08,1,0.0,1.0
2022-02-09,1,0.0,1.0
2022-02-10,1,2.677520103640887e-41,1.0
2022-02-11,1,3.461401267550519e-32,1.0
2022-02-12,0,0.99999982160997,1.7839002932861546e-07
2022-02-13,1,4.239547092365369e-24,1.0
2022-02-14,1,1.4521417153260452e-45,1.0
2022-02-15,0,0.99999992883028,7.116972025188477e-08
2022-02-16,1,1.4304034127088002e-09,0.9999999985695975
2022-02-17,0,0.9858539992894906,0.014146000710509072
2022-02-18,1,0.39177083937235696,0.6082291606276431
2022-02-19,0,0.9999999999862155,1.378375369382718e-11
2022-02-20,1,0.03650592252404542,0.9634940774759548
2022-02-21,0,0.9999996971792801,3.02820719983768e-07
2022-02-22,1,4.888180040163144e-133,1.0
2022-02-23,1,0.009028464254742389,0.990971535745257
2022-02-24,0,0.7893752784179757,0.21062472158202405
2022-02-25,0,0.9999999943356315,5.664370309721747e-09
2022-02-26,0,0.9999999999999964,2.8896236325200544e-15
2022-02-27,1,1.08161507052926e-09,0.9999999989183852
2022-02-28,1,1.0050553132064435e-94,1.0
2022-03-01,1,1.2913612312088399e-49,1.0
2022-03-02,1,2.1728508031352287e-30,1.0
2022-03-03,1,3.670250776916354e-17,1.0
2022-03-04,1,3.3382173852178957e-168,1.0
2022-03-05,1,0.4984028337150066,0.501597166284994
2022-03-06,1,9.720682373822911e-11,0.9999999999027924
2022-03-07,1,2.5534721987604564e-113,1.0
2022-03-08,1,7.50972827622066e-35,1.0
2022-03-09,1,1.6761073683912064e-112,1.0
2022-03-10,0,0.9999997612349248,2.3876507667486306e-07
2022-03-11,0,0.9999999998379678,1.620335893520034e-10
2022-03-12,0,1.0,2.5377006123374444e-17
2022-03-13,0,0.9999999999887947,1.1205217052787281e-11
2022-03-14,1,9.092703374714326e-15,0.9999999999999911
2022-03-15,0,0.99799685302284,0.0020031469771605095
2022-03-16,0,0.9999997278758329,2.721241654203994e-07
2022-03-17,1,1.287714796082697e-152,1.0
2022-03-18,1,3.336687542610222e-67,1.0
2022-03-19,0,0.9999998084513534,1.9154864659758426e-07
2022-03-20,0,0.999999999999936,6.260216568847682e-14
2022-03-21,0,0.9999987996265559,1.200373443481594e-06
2022-03-22,0,0.9999999231199576,7.688004387443581e-08
2022-03-23,1,2.997298785262855e-213,1.0
2022-03-24,0,0.9822009469626826,0.01779905303731822
2022-03-25,0,1.0,2.992216254394282e-17
2022-03-26,0,1.0,9.778308550773818e-27
2022-03-27,0,1.0,6.778993212983924e-29
2022-03-28,0,0.9999814552138435,1.854478615648599e-05
2022-03-29,0,0.8201796560647386,0.17982034393526092
2022-03-30,1,1.148658703152271e-58,1.0
2022-03-31,1,1.5283921073350746e-82,1.0
2022-04-01,0,0.9999999003251056,9.967489422916145e-08
2022-04-02,1,2.9474429293511855e-38,1.0
2022-04-03,1,1.056805857090639e-05,0.9999894319414285
2022-04-04,1,2.37577527261835e-202,1.0
2022-04-05,1,4.116527805675009e-17,1.0
2022-04-06,1,1.8248592911691154e-54,1.0
2022-04-07,1,0.0,1.0
2022-04-08,0,1.0,8.901207642027102e-19
2022-04-09,0,0.9999999999983409,1.659741348556562e-12
2022-04-10,0,1.0,3.5081853471133747e-16
2022-04-11,0,0.9999989038809008,1.0961191006404611e-06
2022-04-12,0,1.0,6.221834292533789e-16
2022-04-13,0,0.9999999967460838,3.2539149923415007e-09
2022-04-14,0,0.9999999999992966,7.039431460174328e-13
2022-04-15,0,1.0,4.47221866627911e-32
2022-04-16,0,0.9999998711849377,1.2881506093644904e-07
2022-04-17,0,0.9999999994797584,5.202406979502255e-10
2022-04-18,0,0.9961198555441504,0.0038801444558488473
2022-04-19,1,1.307578490125836e-128,1.0
2022-04-20,1,0.3729622321091859,0.6270377678908136
2022-04-21,0,0.999999975088912,2.4911086390685296e-08
2022-04-22,0,0.9999999977630374,2.236963393500646e-09
2022-04-23,0,0.9999999999726761,2.7324040754590862e-11
2022-04-24,0,0.9999999999999822,1.7083133254765623e-14
2022-04-25,0,0.999999999999293,7.064818060565715e-13
2022-04-26,0,0.9999999999999609,3.871708051041662e-14
2022-04-27,0,0.999999999999563,4.38480185297336e-13
2022-04-28,0,1.0,1.219957616743021e-15
2022-04-29,0,1.0,4.606942868098648e-19
2022-04-30,0,1.0,1.3047251849922918e-19
2022-05-01,0,1.0,3.59212754151607e-34
2022-05-02,0,1.0,5.710218228318877e-17
2022-05-03,0,0.9999993094491271,6.90550874213963e-07
2022-05-04,1,3.320695946169992e-152,1.0
2022-05-05,0,1.0,6.824203342331658e-16
2022-05-06,0,0.9999999999999538,4.592490959170129e-14
2022-05-07,0,0.9999999999005311,9.946731011404351e-11
2022-05-08,0,0.9999999997975344,2.0246553680283256e-10
2022-05-09,0,0.9999999999389821,6.101676307274153e-11
2022-05-10,0,0.9999999999190905,8.091010213133836e-11
2022-05-11,0,0.9999965695393137,3.4304606855291284e-06
2022-05-12,0,1.0,7.974963663834089e-21
2022-05-13,0,1.0,1.6784928166467504e-21
2022-05-14,0,1.0,8.422947740958478e-31
2022-05-15,0,1.0,1.1889124881822169e-33
2022-05-16,0,1.0,6.583548253755103e-22
2022-05-17,0,0.9999989178843045,1.0821156941962922e-06
2022-05-18,1,5.386335020226591e-69,1.0
2022-05-19,0,1.0,7.537396082968123e-17
2022-05-20,0,0.9999999999937756,6.225406732497708e-12
2022-05-21,0,0.9999999999994493,5.494331342464311e-13
2022-05-22,0,1.0,2.8780909561399866e-26
2022-05-23,0,0.9999999999999964,5.1999816317287156e-15
2022-05-24,0,1.0,9.026138184647709e-37
2022-05-25,0,1.0,6.832054197045748e-21
2022-05-26,0,1.0,2.1705135252631938e-24
2022-05-27,0,1.0,2.9410925699898603e-22
2022-05-28,0,1.0,1.5080623612647663e-31
2022-05-29,0,1.0,2.3428530052858747e-35
2022-05-30,0,1.0,1.1495151878761774e-37
2022-05-31,0,1.0,1.2088072333679064e-34
2022-06-01,1,6.033998175533972e-63,1.0
2022-06-02,0,1.0,2.373778634299385e-21
2022-06-03,0,1.0,3.976623861340776e-21
2022-06-04,0,1.0,6.177731601923007e-20
2022-06-05,0,1.0,1.3478215416839488e-27
2022-06-06,0,1.0,5.146902147503712e-22
2022-06-07,0,1.0,6.588283893383307e-22
2022-06-08,1,1.0082602454468862e-06,0.9999989917397551
2022-06-09,1,3.0235717057461276e-40,1.0
2022-06-10,1,1.8610862385316446e-15,0.9999999999999982
2022-06-11,0,1.0,7.392642990324879e-36
2022-06-12,0,1.0,4.745837150158946e-24
2022-06-13,0,1.0,2.69801334159225e-20
2022-06-14,0,1.0,4.230661568597956e-23
2022-06-15,0,1.0,4.166420852020037e-23
2022-06-16,0,1.0,4.097547027406158e-28
2022-06-17,0,1.0,2.9331787354114057e-19
2022-06-18,0,1.0,2.6440050979087346e-20
2022-06-19,0,1.0,7.63786306535633e-33
2022-06-20,0,1.0,4.696024670604497e-25
2022-06-21,0,1.0,5.963769782517537e-19
2022-06-22,0,1.0,4.03918410563263e-35
2022-06-23,0,1.0,2.6837751387117163e-35
2022-06-24,0,1.0,3.572303463115773e-20
2022-06-25,0,1.0,3.420498686324686e-25
2022-06-26,0,1.0,5.634167047837665e-35
2022-06-27,0,1.0,5.667723541271883e-35
2022-06-28,0,1.0,5.341313150136713e-19
2022-06-29,0,1.0,9.68947722226454e-20
2022-06-30,0,1.0,5.60111564180984e-20
2022-07-01,0,1.0,4.262721863849261e-21
2022-07-02,0,1.0,1.5739061641853654e-35
2022-07-03,0,1.0,9.63699694740931e-20
2022-07-04,0,1.0,1.1868477734932194e-36
2022-07-05,0,1.0,5.1711821438961805e-17
2022-07-06,0,1.0,4.3907940468646666e-20
2022-07-07,0,0.9999999999997904,2.1006614778637543e-13
2022-07-08,0,1.0,6.423157417871895e-27
2022-07-09,0,1.0,1.1540799522637129e-35
2022-07-10,0,1.0,2.287867440080308e-24
2022-07-11,0,1.0,8.592259054438593e-36
2022-07-12,0,0.994053107065251,0.0059468929347494225
2022-07-13,0,0.9999999447955987,5.520440275429809e-08
2022-07-14,0,1.0,8.850587194435908e-20
2022-07-15,0,1.0,1.9123641002739376e-32
2022-07-16,0,1.0,6.990895178941371e-26
2022-07-17,0,1.0,1.2741160277310974e-38
2022-07-18,0,0.9999992606127177,7.393872824854596e-07
2022-07-19,0,0.9999999999970655,2.934940287002744e-12
2022-07-20,0,1.0,1.2245292348136848e-37
2022-07-21,0,1.0,1.504469274681269e-19
2022-07-22,0,1.0,2.6058033096506383e-31
2022-07-23,0,1.0,5.192851187858339e-38
2022-07-24,0,1.0,3.774254153104335e-36
2022-07-25,0,1.0,3.503824112742908e-21
2022-07-26,1,3.857297008375659e-84,1.0
2022-07-27,0,1.0,1.1053507636216702e-31
2022-07-28,0,1.0,1.1316029646786689e-37
2022-07-29,0,1.0,3.985276952426267e-24
2022-07-30,0,1.0,7.022465108734559e-36
2022-07-31,0,1.0,1.1550429322678886e-32
2022-08-01,0,0.9999999999998472,1.5212220687101995e-13
2022-08-02,0,1.0,9.694706060937725e-24
2022-08-03,0,1.0,1.4165960067571884e-15
2022-08-04,0,1.0,8.74643105691465e-22
2022-08-05,0,1.0,8.219476072947163e-31
2022-08-06,0,1.0,5.0613224729976756e-39
2022-08-07,0,1.0,2.4341054064638913e-22
2022-08-08,0,1.0,1.500362721455774e-23
2022-08-09,0,1.0,1.212099524587664e-38
2022-08-10,0,1.0,2.4867505925312753e-28
2022-08-11,0,1.0,3.9209001512017865e-30
2022-08-12,0,1.0,1.3585180148338162e-29
2022-08-13,0,1.0,1.0618138285308211e-19
2022-08-14,0,1.0,2.7313821447685367e-37
2022-08-15,0,1.0,7.834998301348257e-23
2022-08-16,1,2.423041571915404e-17,1.0
2022-08-17,1,6.330715495981131e-107,1.0
2022-08-18,0,0.9999994098203794,5.901796198458181e-07
2022-08-19,0,0.9999999997842757,2.1572334480064747e-10
2022-08-20,0,1.0,2.3483295135175874e-38
2022-08-21,0,1.0,2.255900051270696e-34
2022-08-22,0,0.9999991040922039,8.95907795591075e-07
2022-08-23,0,0.9999999941342423,5.865758431689506e-09
2022-08-24,1,0.043625390590228685,0.9563746094097713
2022-08-25,0,0.9999999999979607,2.038769734597466e-12
2022-08-26,0,0.9999999976748306,2.3251677327129065e-09
2022-08-27,0,1.0,9.638430869296258e-20
2022-08-28,0,0.9999999997123901,2.876108453749269e-10
2022-08-29,1,0.012019526730140609,0.9879804732698593
2022-08-30,1,2.849383746258544e-62,1.0
2022-08-31,1,7.844949955811601e-53,1.0
2022-09-01,1,0.0,1.0
2022-09-02,1,7.614403854941995e-10,0.9999999992385593
2022-09-03,1,0.0006882808873979962,0.9993117191126023
2022-09-04,1,6.060167992574174e-11,0.9999999999393978
2022-09-05,1,2.3158949858389446e-62,1.0
2022-09-06,1,5.8815643268220765e-285,1.0
2022-09-07,1,8.84698147832647e-307,1.0
2022-09-08,1,2.353454326130914e-87,1.0
2022-09-09,1,8.745610592380547e-53,1.0
2022-09-10,1,7.045377298260104e-242,1.0
2022-09-11,1,3.8504721314071366e-48,1.0
2022-09-12,1,2.3832584987595208e-256,1.0
2022-09-13,1,0.0,1.0
2022-09-14,1,0.0,1.0
2022-09-15,1,0.0,1.0
2022-09-16,1,1.8708400264037338e-243,1.0
2022-09-17,1,1.6983514818113238e-19,1.0
2022-09-18,1,6.357699166011673e-24,1.0
2022-09-19,1,6.65095041702782e-158,1.0
2022-09-20,1,1.5953584289656715e-08,0.999999984046415
2022-09-21,0,0.9999999767696546,2.323034550693918e-08
2022-09-22,1,5.14790075678296e-146,1.0
2022-09-23,1,2.6837555863289677e-72,1.0
2022-09-24,1,4.5603626649903314e-97,1.0
2022-09-25,1,5.551398576911561e-142,1.0
2022-09-26,1,0.0,1.0
2022-09-27,1,1.7878895022416856e-103,1.0
2022-09-28,0,0.8566177669058096,0.14338223309419063
2022-09-29,1,1.7123960853510815e-14,0.9999999999999822
2022-09-30,1,1.7311765102888817e-14,0.9999999999999822
2022-10-01,0,0.999999900971472,9.902852755549658e-08
2022-10-02,1,2.4697526355870125e-18,1.0
2022-10-03,1,3.766771191520307e-110,1.0
2022-10-04,1,5.9923980115267175e-117,1.0
2022-10-05,1,0.0,1.0
2022-10-06,1,2.962556760981782e-161,1.0
2022-10-07,1,8.192275374868326e-14,0.9999999999999183
2022-10-08,0,0.9999999999308402,6.915981330622744e-11
2022-10-09,1,9.23719746e-316,1.0
2022-10-10,1,0.0,1.0
2022-10-11,1,0.0,1.0
2022-10-12,1,0.0,1.0
2022-10-13,1,1.0710661374533204e-183,1.0
2022-10-14,1,8.500897938532396e-76,1.0
2022-10-15,0,0.9992953493049844,0.0007046506950155006
2022-10-16,1,0.00019787750595636334,0.9998021224940434
2022-10-17,1,0.049686266911224346,0.9503137330887756
2022-10-18,1,0.00015469318700798437,0.9998453068129913
2022-10-19,1,0.0,1.0
2022-10-20,1,3.0695357241667112e-238,1.0
2022-10-21,1,1.1694589600210992e-177,1.0
2022-10-22,1,0.0,1.0
2022-10-23,1,0.0,1.0
2022-10-24,1,0.0,1.0
2022-10-25,1,0.0,1.0
2022-10-26,1,0.0,1.0
2022-10-27,1,3.6124744480472804e-221,1.0
2022-10-28,1,0.0,1.0
2022-10-29,1,2.7535312878181595e-50,1.0
2022-10-30,0,0.9985379766211424,0.0014620233788571987
2022-10-31,1,1.300737607742848e-63,1.0
2022-11-01,1,9.453223799298275e-78,1.0
2022-11-02,1,8.481637779472554e-129,1.0
2022-11-03,1,2.7837394906311043e-190,1.0
2022-11-04,1,4.139825036384878e-174,1.0
2022-11-05,1,4.212434073750336e-33,1.0
2022-11-06,0,1.0,8.251341601714831e-22
2022-11-07,1,1.081699914964822e-54,1.0
2022-11-08,1,3.920123197988353e-38,1.0
2022-11-09,1,6.145383241042383e-37,1.0
2022-11-10,1,1.971041319285642e-29,1.0
2022-11-11,1,4.6551647952574147e-35,1.0
2022-11-12,1,8.82318525704252e-25,1.0
2022-11-13,1,1.58942752365683e-40,1.0
2022-11-14,0,0.9999977582482603,2.2417517402607944e-06
2022-11-15,1,2.0524991360441737e-51,1.0
2022-11-16,1,3.247484617343649e-97,1.0
2022-11-17,1,2.922613355131769e-44,1.0
2022-11-18,0,1.0,1.1365459099362277e-24
2022-11-19,0,0.999999997893223,2.1067758688513555e-09
2022-11-20,0,1.0,5.738726751536813e-31
2022-11-21,0,1.0,8.408469491559544e-23
2022-11-22,1,2.3506656301951855e-52,1.0
2022-11-23,1,5.3063599220180015e-87,1.0
2022-11-24,1,8.249690804591564e-105,1.0
2022-11-25,1,9.459801827488185e-50,1.0
2022-11-26,0,1.0,7.082476696994631e-34
2022-11-27,0,1.0,3.720156655511222e-25
2022-11-28,1,1.302918245959625e-24,1.0
2022-11-29,1,8.471575485563254e-19,1.0
2022-11-30,1,2.5242628480126886e-87,1.0
2022-12-01,1,2.2829807581671898e-256,1.0
2022-12-02,1,4.619177137116395e-242,1.0
2022-12-03,1,2.8212436014317254e-285,1.0
2022-12-04,1,7.714080391540795e-37,1.0
2022-12-05,1,4.9539031387772075e-173,1.0
2022-12-06,1,2.491705628117154e-118,1.0
2022-12-07,0,0.999999992341877,7.65812327412387e-09
2022-12-08,0,0.9999999999994778,5.227534038539737e-13
2022-12-09,1,3.689195477101329e-166,1.0
2022-12-10,0,1.0,2.4903681114260924e-16
2022-12-11,0,1.0,1.622410794249004e-20
2022-12-12,0,0.9999999926262539,7.373745567236516e-09
2022-12-13,0,0.9999999999974669,2.5321932805488182e-12
2022-12-14,0,0.9999999999977938,2.2061416265698994e-12
2022-12-15,0,0.964239900455578,0.035760099544421386
2022-12-16,0,0.9999999916943949,8.305604738246269e-09
2022-12-17,0,1.0,9.404968556923919e-29
2022-12-18,1,3.465292769376987e-30,1.0
2022-12-19,1,4.072895602888806e-07,0.9999995927104391
2022-12-20,1,0.09953078436281239,0.900469215637188
2022-12-21,0,0.9999999927868828,7.213115617348331e-09
2022-12-22,1,0.00028059754136407645,0.9997194024586366
2022-12-23,0,1.0,4.4495891984963633e-26
2022-12-24,0,0.9999383715281333,6.1628471867546e-05
2022-12-25,1,8.751138638940818e-13,0.9999999999991243
2022-12-26,0,0.9999999662830602,3.371693945629931e-08
2022-12-27,0,0.9999999999849258,1.507459576018485e-11
2022-12-28,0,0.9999999999999964,3.759147795583834e-15
2022-12-29,0,0.9999999952116916,4.788310019931504e-09
2022-12-30,1,0.0,1.0
2022-12-31,0,1.0,1.433067147997348e-15
2023-01-01,1,2.3468845492720223e-29,1.0
2023-01-02,0,1.0,5.405801630785874e-29
2023-01-03,0,0.9589461109447248,0.04105388905527556
2023-01-04,0,0.9999999999998579,1.411749621590851e-13
2023-01-05,0,0.9999999999952394,4.759534013966966e-12
2023-01-06,1,1.8014739135397595e-50,1.0
2023-01-07,0,0.9999998957779735,1.0422202524257248e-07
2023-01-08,1,3.445668751426376e-229,1.0
2023-01-09,1,7.268210867145592e-221,1.0
2023-01-10,1,0.0,1.0
2023-01-11,1,8.002725031961741e-18,1.0
2023-01-12,1,0.0,1.0
2023-01-13,1,0.0,1.0
2023-01-14,0,0.9997389853789982,0.0002610146210013752
2023-01-15,1,2.6547484929682173e-212,1.0
2023-01-16,1,1.4811172993806386e-178,1.0
2023-01-17,1,1.5270049173917718e-181,1.0
2023-01-18,0,0.9999999999999964,3.012681828709015e-15
2023-01-19,1,2.3515276365235788e-185,1.0
2023-01-20,0,0.9999999993663415,6.336583486222443e-10
2023-01-21,1,1.675442025687965e-82,1.0
2023-01-22,1,5.159107601187587e-77,1.0
2023-01-23,1,2.9017092507349725e-17,1.0
2023-01-24,0,0.9999999999999964,2.082980558859826e-15
2023-01-25,0,0.9999999965920026,3.4079970510275996e-09
2023-01-26,1,6.685590456293147e-42,1.0
2023-01-27,0,0.9999999684772054,3.152279336053863e-08
2023-01-28,0,1.0,8.69073919726535e-35
2023-01-29,0,0.9999970080638286,2.991936171666725e-06
2023-01-30,1,4.401244060328116e-241,1.0
2023-01-31,1,1.5215440365946316e-51,1.0
2023-02-01,1,9.154885134293128e-46,1.0
2023-02-02,1,0.0,1.0
2023-02-03,0,0.999815875774591,0.00018412422540921812
2023-02-04,0,0.9765054580812044,0.02349454191879514
2023-02-05,1,0.0,1.0
2023-02-06,1,0.0,1.0
2023-02-07,1,0.0,1.0
2023-02-08,1,0.0,1.0
2023-02-09,1,3.385835855553465e-161,1.0
2023-02-10,0,0.9981474828140248,0.001852517185975639
2023-02-11,1,0.0,1.0
2023-02-12,1,5.203174719503165e-251,1.0
2023-02-13,1,2.23241163918443e-08,0.9999999776758843
2023-02-14,0,0.9999998856200628,1.1437993718243619e-07
2023-02-15,0,0.9999999999993321,6.690673303351621e-13
2023-02-16,1,1.6377318971544735e-216,1.0
2023-02-17,1,1.916633762085193e-157,1.0
2023-02-18,1,3.738668339302981e-49,1.0
2023-02-19,1,0.00045358214807692654,0.999546417851923
2023-02-20,1,1.317030491739496e-211,1.0
2023-02-21,0,0.9998887094290877,0.00011129057091363058
2023-02-22,1,0.0,1.0
2023-02-23,1,6.973454611749158e-110,1.0
2023-02-24,1,4.554462036049538e-85,1.0
2023-02-25,1,6.353570365625052e-09,0.9999999936464299
2023-02-26,0,0.9999999727353245,2.7264676064285968e-08
2023-02-27,1,6.211496136175084e-06,0.9999937885038632
2023-02-28,1,6.36446331268987e-120,1.0
2023-03-01,1,4.235979938352958e-63,1.0
2023-03-02,1,1.2262205230845846e-66,1.0
2023-03-03,1,2.878310612554357e-18,1.0
2023-03-04,0,1.0,1.3554556778482367e-34
2023-03-05,1,2.9108284352639876e-06,0.9999970891715647
2023-03-06,0,0.9922067884723419,0.007793211527658595
2023-03-07,0,0.9995745034081813,0.0004254965918185958
2023-03-08,1,7.293591354850816e-37,1.0
2023-03-09,0,0.9999997930326502,2.069673481870899e-07
2023-03-10,1,0.0,1.0
2023-03-11,1,1.049152970676879e-43,1.0
2023-03-12,0,0.9999999005529624,9.944703777423739e-08
2023-03-13,1,3.7039810921386685e-92,1.0
2023-03-14,1,1.014695207130499e-164,1.0
2023-03-15,1,4.835039869256529e-43,1.0
2023-03-16,1,6.379703652952791e-39,1.0
2023-03-17,1,6.367835325908342e-197,1.0
2023-03-18,1,2.0996218694390817e-93,1.0
2023-03-19,0,0.9999999999999041,9.763050469668104e-14
2023-03-20,1,1.4831574572071736e-228,1.0
2023-03-21,1,2.1155946967e-314,1.0
2023-03-22,1,1.430087111156952e-128,1.0
2023-03-23,1,1.3749684567463368e-274,1.0
2023-03-24,1,3.6310771730732167e-34,1.0
2023-03-25,1,8.465208099881952e-62,1.0
2023-03-26,1,6.472258100429275e-101,1.0
2023-03-27,1,7.841863919343137e-161,1.0
2023-03-28,1,1.7738563789385534e-143,1.0
2023-03-29,1,2.303572711024023e-40,1.0
2023-03-30,1,1.0836842953138601e-73,1.0
2023-03-31,1,3.3271307607582986e-33,1.0
2023-04-01,0,0.999999833563432,1.6643656689952227e-07
2023-04-02,0,0.9999999999971578,2.8418051955103553e-12
2023-04-03,0,0.9999999991444248,8.555753993864986e-10
2023-04-04,0,0.9999998600145252,1.399854736735243e-07
2023-04-05,0,0.9999999999999929,7.412955320110926e-15
2023-04-06,0,1.0,2.7902199643773405e-32
2023-04-07,0,1.0,5.220732390916484e-23
2023-04-08,0,0.9999999999995168,4.837864818406174e-13
2023-04-09,0,0.9999999990139123,9.86086697242195e-10
2023-04-10,0,0.9999999999046132,9.538639497864154e-11
2023-04-11,0,0.9999290119185285,7.09880814705932e-05
2023-04-12,1,0.0,1.0
2023-04-13,1,0.0,1.0
2023-04-14,1,0.0,1.0
2023-04-15,0,0.9999998461212284,1.538787706605796e-07
2023-04-16,0,1.0,3.0249428784583584e-31
2023-04-17,1,2.2803705349268506e-112,1.0
2023-04-18,0,0.9999999887499911,1.1250008733947902e-08
2023-04-19,1,1.6408586159440307e-05,0.9999835914138402
2023-04-20,0,0.9999999863146556,1.3685345223587373e-08
2023-04-21,0,0.999991668343194,8.331656805562924e-06
2023-04-22,0,0.9999999999996589,3.4180676203728164e-13
2023-04-23,0,0.9999999999991651,8.354512233458117e-13
2023-04-24,0,0.999999994655326,5.344674216722201e-09
2023-04-25,0,0.9999999999905214,9.47846696588712e-12
2023-04-26,0,0.9999999848560607,1.514393855009853e-08
2023-04-27,1,4.6192308666347146e-284,1.0
2023-04-28,1,0.008919675741067503,0.9910803242589321
2023-04-29,1,2.7184554510349266e-72,1.0
2023-04-30,0,1.0,1.7076850828251143e-24
2023-05-01,1,3.725885902704079e-117,1.0
2023-05-02,1,0.0,1.0
2023-05-03,1,0.0,1.0
2023-05-04,1,1.464736827992841e-40,1.0
2023-05-05,1,1.1099839823150384e-147,1.0
2023-05-06,1,1.2154286791662966e-16,1.0
2023-05-07,0,0.9999999999974776,2.5213197546544858e-12
2023-05-08,1,5.2245139955894846e-14,0.9999999999999485
2023-05-09,1,0.0,1.0
2023-05-10,1,1.0319176358565147e-110,1.0
2023-05-11,1,2.296264612133678e-49,1.0
2023-05-12,1,2.0642954374006867e-271,1.0
2023-05-13,1,1.4831841698192332e-24,1.0
2023-05-14,1,3.791104179898495e-69,1.0
2023-05-15,1,5.23311773844959e-113,1.0
2023-05-16,0,0.9978522134787131,0.002147786521287104
2023-05-17,1,0.0,1.0
2023-05-18,1,1.1521425849297078e-10,0.9999999998847855
2023-05-19,1,0.2943360888730249,0.7056639111269754
2023-05-20,0,0.9999994430753884,5.569246114401904e-07
2023-05-21,1,0.0,1.0
2023-05-22,1,0.0,1.0
2023-05-23,1,0.0,1.0
2023-05-24,1,0.0,1.0
2023-05-25,1,0.0,1.0
2023-05-26,1,0.0,1.0
2023-05-27,1,0.0,1.0
2023-05-28,1,0.0,1.0
2023-05-29,1,0.0,1.0
2023-05-30,0,0.9999999876763646,1.2323634791988103e-08
2023-05-31,1,4.830689601677674e-46,1.0
2023-06-01,1,0.0,1.0
2023-06-02,1,0.0,1.0
2023-06-03,1,2.2236196522938764e-219,1.0
2023-06-04,0,0.999990323375504,9.676624496720736e-06
2023-06-05,1,0.0,1.0
2023-06-06,0,1.0,4.3516089074224665e-17
2023-06-07,1,2.122912211602748e-67,1.0
2023-06-08,0,0.9999434899341441,5.651006585695164e-05
2023-06-09,0,0.9999999991068087,8.931908309575335e-10
2023-06-10,0,1.0,7.564434161243238e-16
2023-06-11,0,0.9999999993448085,6.551903002958292e-10
2023-06-12,0,1.0,4.6010710407475225e-17
2023-06-13,1,7.081071343592174e-126,1.0
2023-06-14,1,1.2210822475613564e-225,1.0
2023-06-15,0,0.9994879693353361,0.0005120306646635227
2023-06-16,1,2.4397953114351526e-39,1.0
2023-06-17,0,0.9999996427067755,3.5729322410565025e-07
2023-06-18,1,1.4061136541537342e-88,1.0
2023-06-19,1,8.066405387932992e-107,1.0
2023-06-20,1,0.0,1.0
2023-06-21,1,2.865797787487994e-257,1.0
2023-06-22,1,2.246098985072744e-52,1.0
2023-06-23,1,1.712157403684044e-22,1.0
2023-06-24,1,3.6458416833848825e-106,1.0
2023-06-25,1,0.0,1.0
2023-06-26,1,0.0,1.0
2023-06-27,1,0.0,1.0
2023-06-28,1,0.0,1.0
2023-06-29,1,0.0,1.0
2023-06-30,1,2.2577094240662883e-06,0.9999977422905757
2023-07-01,0,0.9999985534663605,1.4465336406169812e-06
2023-07-02,1,1.1968497428244747e-22,1.0
2023-07-03,1,0.0,1.0
2023-07-04,1,8.908233378076059e-230,1.0
2023-07-05,1,2.606224810121745e-16,1.0
2023-07-06,0,0.9999999999996696,3.3076066596407577e-13
2023-07-07,1,2.3851180588960993e-189,1.0
2023-07-08,1,4.826898743868596e-48,1.0
2023-07-09,1,1.6040806964313735e-187,1.0
2023-07-10,1,2.5954169861078287e-235,1.0
2023-07-11,1,3.0065929060258437e-148,1.0
2023-07-12,1,1.8399029039805854e-51,1.0
2023-07-13,1,1.444075840594055e-14,0.9999999999999858
2023-07-14,1,2.969445317443122e-07,0.9999997030554685
2023-07-15,1,5.1579636356371017e-281,1.0
2023-07-16,1,1.1213548442295634e-77,1.0
2023-07-17,1,4.7007717147000786e-185,1.0
2023-07-18,1,5.72431341438408e-216,1.0
2023-07-19,1,0.0,1.0
2023-07-20,1,2.355850403493771e-121,1.0
2023-07-21,1,0.0,1.0
2023-07-22,1,1.9338136770452362e-08,0.9999999806618638
2023-07-23,1,5.912087989226327e-168,1.0
2023-07-24,1,0.0,1.0
2023-07-25,0,0.9958885737729191,0.004111426227081756
2023-07-26,1,0.0,1.0
2023-07-27,1,0.0,1.0
2023-07-28,1,1.8844864984247615e-266,1.0
2023-07-29,1,6.439449062250936e-223,1.0
2023-07-30,1,1.2215411064100811e-74,1.0
2023-07-31,1,0.0,1.0
2023-08-01,1,0.0,1.0
2023-08-02,1,0.0,1.0
2023-08-03,1,0.0,1.0
2023-08-04,1,0.0,1.0
2023-08-05,1,6.179095506835934e-79,1.0
2023-08-06,1,2.555228243044551e-57,1.0
2023-08-07,1,0.0,1.0
2023-08-08,1,1.9324406823031753e-272,1.0
2023-08-09,1,0.0,1.0
2023-08-10,1,0.0,1.0
2023-08-11,1,6.122586003129801e-11,0.9999999999387741
2023-08-12,1,8.584980702752394e-102,1.0
2023-08-13,1,5.623e-320,1.0
2023-08-14,1,0.0,1.0
2023-08-15,1,8.57098097081964e-69,1.0
2023-08-16,1,0.0,1.0
2023-08-17,1,0.0,1.0
2023-08-18,1,0.0,1.0
2023-08-19,1,0.0,1.0
2023-08-20,1,0.0,1.0
2023-08-21,1,0.0,1.0
2023-08-22,1,0.0,1.0
2023-08-23,1,0.0,1.0
2023-08-24,1,0.0,1.0
2023-08-25,1,0.0,1.0
2023-08-26,1,0.0,1.0
2023-08-27,1,7.68844818596119e-245,1.0
2023-08-28,1,0.0,1.0
2023-08-29,1,7.945134680650419e-73,1.0
2023-08-30,0,0.9994686650861165,0.0005313349138836685
2023-08-31,0,0.9985356020135486,0.0014643979864512112
2023-09-01,0,0.8818830621688737,0.11811693783112605
2023-09-02,0,0.7915997043852493,0.20840029561475032
2023-09-03,1,5.490296181776995e-24,1.0
2023-09-04,1,7.641629783223414e-37,1.0
2023-09-05,1,8.134346815535843e-13,0.9999999999991867
2023-09-06,1,0.0,1.0
2023-09-07,0,0.9999995765667075,4.23433292648737e-07
2023-09-08,0,0.9999999999999996,4.706649703334264e-16
2023-09-09,0,0.9811406549958576,0.0188593450041428
2023-09-10,1,7.381694614445525e-05,0.9999261830538558
2023-09-11,0,1.0,3.7877149740797775e-19
2023-09-12,0,0.9999989215541463,1.0784458532224716e-06
2023-09-13,0,0.9999999999994946,5.052867369574407e-13
2023-09-14,0,1.0,3.695773145508924e-21
2023-09-15,0,1.0,2.929247667988746e-23
2023-09-16,1,1.4883257655802893e-12,0.9999999999985116
2023-09-17,1,0.0,1.0
2023-09-18,1,0.0,1.0
2023-09-19,1,1.3273999314807676e-192,1.0
2023-09-20,1,1.578798710079942e-15,0.9999999999999982
2023-09-21,0,1.0,4.319813060071285e-21
2023-09-22,0,1.0,2.797942649046416e-16
2023-09-23,0,1.0,2.362679030729057e-26
2023-09-24,1,0.0,1.0
2023-09-25,1,3.8562021639572554e-194,1.0
2023-09-26,0,1.0,1.550938093702909e-24
2023-09-27,1,6.899981060568756e-07,0.9999993100018942
2023-09-28,1,1.0970493170177833e-10,0.9999999998902949
2023-09-29,1,1.6013803406921593e-53,1.0
2023-09-30,1,0.0,1.0
2023-10-01,1,0.0,1.0
2023-10-02,0,0.9997695322265087,0.00023046777349079346
2023-10-03,0,1.0,1.5756510681949414e-26
2023-10-04,1,0.00534087520961123,0.9946591247903888
2023-10-05,1,4.7315807299362156e-07,0.9999995268419273
2023-10-06,1,0.0002348717145096963,0.9997651282854904
2023-10-07,1,1.4744190323954243e-09,0.9999999985255812
2023-10-08,1,1.341698152039565e-44,1.0
2023-10-09,1,0.0,1.0
2023-10-10,1,0.0,1.0
2023-10-11,1,3.8542213062647695e-284,1.0
2023-10-12,1,0.0,1.0
2023-10-13,1,0.0,1.0
2023-10-14,1,6.496595113616573e-09,0.9999999935034047
2023-10-15,1,0.0,1.0
2023-10-16,1,1.968378200964404e-14,0.9999999999999802
2023-10-17,1,1.0232275425034834e-183,1.0
2023-10-18,1,2.45089805e-315,1.0
2023-10-19,1,4.0672946497252195e-162,1.0
2023-10-20,1,0.0,1.0
2023-10-21,1,0.0,1.0
2023-10-22,1,0.0,1.0
2023-10-23,1,0.0,1.0
2023-10-24,1,0.0,1.0
2023-10-25,1,0.0,1.0
2023-10-26,1,0.0,1.0
2023-10-27,1,0.0,1.0
2023-10-28,1,0.0,1.0
2023-10-29,1,0.0,1.0
2023-10-30,1,0.0,1.0
2023-10-31,1,0.0,1.0
2023-11-01,1,0.0,1.0
2023-11-02,1,0.0,1.0
2023-11-03,1,0.0,1.0
2023-11-04,1,0.0,1.0
2023-11-05,1,0.0,1.0
2023-11-06,1,0.0,1.0
2023-11-07,1,0.0,1.0
2023-11-08,1,0.0,1.0
2023-11-09,1,0.0,1.0
2023-11-10,1,0.0,1.0
2023-11-11,1,0.0,1.0
2023-11-12,1,0.0,1.0
2023-11-13,1,0.0,1.0
2023-11-14,1,2.2375576929730924e-22,1.0
2023-11-15,1,0.00012226026606625983,0.9998777397339336
2023-11-16,1,0.0,1.0
2023-11-17,1,0.0,1.0
2023-11-18,1,2.6639297066669123e-303,1.0
2023-11-19,1,0.0,1.0
2023-11-20,1,0.0,1.0
2023-11-21,1,0.0,1.0
2023-11-22,1,0.0,1.0
2023-11-23,1,0.0,1.0
2023-11-24,1,0.0,1.0
2023-11-25,1,0.0,1.0
2023-11-26,1,0.0,1.0
2023-11-27,1,0.0,1.0
2023-11-28,1,0.0,1.0
2023-11-29,1,0.0,1.0
2023-11-30,1,1.36090541528323e-309,1.0
2023-12-01,1,4.0365832767875e-311,1.0
2023-12-02,0,0.9198228172810307,0.08017718271896886
2023-12-03,1,1.5501589541652784e-58,1.0
2023-12-04,1,1.6991165270265014e-118,1.0
2023-12-05,1,2.86949896680516e-72,1.0
2023-12-06,0,0.9982872672280091,0.0017127327719911247
2023-12-07,0,0.9999989077553387,1.092244662161552e-06
2023-12-08,1,1.4826026534306714e-69,1.0
2023-12-09,1,1.68345344231882e-51,1.0
2023-12-10,1,3.6794284646649495e-70,1.0
2023-12-11,1,3.497674656263614e-05,0.9999650232534376
2023-12-12,1,2.3712477737541723e-50,1.0
2023-12-13,1,2.165521726650748e-77,1.0
2023-12-14,1,5.4359806119052025e-48,1.0
2023-12-15,1,1.3352418206176937e-09,0.9999999986647583
2023-12-16,1,1.1710174972332497e-11,0.9999999999882903
2023-12-17,1,0.013433913912933878,0.9865660860870653
2023-12-18,0,0.9944129340973423,0.005587065902657585
2023-12-19,1,2.1022839043969322e-147,1.0
2023-12-20,1,0.0,1.0
2023-12-21,1,2.5253890401513207e-37,1.0
2023-12-22,0,0.9997197971298961,0.00028020287010484745
2023-12-23,0,0.9999994663613772,5.336386241827855e-07
2023-12-24,0,0.9999999999995062,4.939354867379254e-13
2023-12-25,1,0.018884683317235768,0.9811153166827635
2023-12-26,1,0.0,1.0
2023-12-27,1,3.3543121763509946e-18,1.0
2023-12-28,0,0.9999123742220527,8.762577794715864e-05
2023-12-29,1,2.117134668898461e-07,0.999999788286533
2023-12-30,1,1.1951021473305812e-35,1.0
2023-12-31,1,4.709387216132697e-36,1.0
2024-01-01,1,1.1827794776541167e-233,1.0
2024-01-02,1,9.751805341890258e-122,1.0
2024-01-03,1,3.1625243009621452e-46,1.0
2024-01-04,1,1.1308688759249948e-65,1.0
2024-01-05,0,0.9983670391700821,0.0016329608299176343
2024-01-06,1,1.7433983373907045e-09,0.9999999982566017
2024-01-07,0,0.9999999914442803,8.555718127474098e-09
2024-01-08,1,1.6973388663773243e-83,1.0
2024-01-09,0,0.9805941329517718,0.019405867048227974
2024-01-10,1,1.1295257851222869e-08,0.9999999887047419
2024-01-11,0,0.9999999998267448,1.7325506026392358e-10
2024-01-12,1,0.04132935181730779,0.9586706481826917
2024-01-13,0,0.9998669405905184,0.00013305940948204914
2024-01-14,1,1.1017290599634467e-05,0.9999889827094
2024-01-15,1,2.2602694211383517e-115,1.0
2024-01-16,0,0.999999999818094,1.819057478561126e-10
2024-01-17,1,3.24942344768598e-11,0.9999999999675051
2024-01-18,0,0.9999999999997371,2.644475961381989e-13
2024-01-19,0,0.9999948583215735,5.141678426847786e-06
2024-01-20,0,0.9999999999999964,2.444682966249847e-15
2024-01-21,0,0.9999964654840391,3.5345159611266585e-06
2024-01-22,0,1.0,6.34136651614851e-26
2024-01-23,0,0.9999999999711378,2.886293330582235e-11
2024-01-24,0,0.9999998923522555,1.076477463315145e-07
2024-01-25,0,0.999999999936076,6.392308596716958e-11
2024-01-26,0,0.9999999622660034,3.773399703778181e-08
2024-01-27,1,0.09267308161707806,0.9073269183829219
2024-01-28,1,5.742470142014842e-10,0.9999999994257536
2024-01-29,1,6.100476781412367e-05,0.9999389952321862
2024-01-30,1,3.7923098905814676e-06,0.99999620769011
2024-01-31,1,0.002193231335157465,0.9978067686648434
2024-02-01,0,0.9999999999999396,6.122127967409023e-14
2024-02-02,0,0.9999999999978257,2.1744061004942622e-12
2024-02-03,1,2.205179693156933e-05,0.9999779482030677
2024-02-04,1,1.4654019390976824e-97,1.0
2024-02-05,1,0.0,1.0
2024-02-06,1,0.0,1.0
2024-02-07,1,3.4230263220606496e-15,0.9999999999999964
2024-02-08,1,0.0,1.0
2024-02-09,0,0.9999999878660972,1.213390244621874e-08
2024-02-10,1,2.0902147355954533e-05,0.9999790978526449
2024-02-11,0,0.9946251350604339,0.005374864939565692
2024-02-12,1,9.924851944812034e-09,0.999999990075148
2024-02-13,0,0.996188096793506,0.0038119032064946414
2024-02-14,1,5.138629077835357e-35,1.0
2024-02-15,1,1.1424938613199386e-79,1.0
2024-02-16,0,0.9999999999956728,4.328919544477805e-12
2024-02-17,1,1.3416656197987307e-08,0.9999999865833438
2024-02-18,0,0.906184216272967,0.09381578372703231
2024-02-19,1,0.002114747300860975,0.9978852526991395
2024-02-20,0,0.9995056467553024,0.0004943532446971411
2024-02-21,0,1.0,2.505891222495639e-32
2024-02-22,1,1.5968797601820763e-276,1.0
2024-02-23,1,2.668886784305294e-27,1.0
2024-02-24,1,4.19821290173381e-05,0.9999580178709829
2024-02-25,0,1.0,1.1572849672867644e-15
2024-02-26,1,4.184147066872011e-24,1.0
2024-02-27,1,1.1409463104150305e-06,0.9999988590536891
2024-02-28,1,0.0,1.0
2024-02-29,0,0.9999999996910738,3.089271359095408e-10
2024-03-01,0,0.9971962403626232,0.0028037596373766184
2024-03-02,0,0.9999999999998082,1.902157485646694e-13
2024-03-03,0,0.6535580091753287,0.3464419908246709
2024-03-04,1,4.689774907043207e-47,1.0
2024-03-05,1,8.956978673641703e-26,1.0
2024-03-06,1,4.987785018104182e-07,0.9999995012214979
2024-03-07,1,3.972486723846061e-40,1.0
2024-03-08,0,0.9999991420785562,8.579214443062671e-07
2024-03-09,0,0.9999999994088142,5.911865141739491e-10
2024-03-10,1,0.47237076999438593,0.5276292300056139
2024-03-11,1,5.0703338281668166e-05,0.999949296661719
2024-03-12,0,0.9984068810379333,0.0015931189620669694
2024-03-13,0,0.9999999991202273,8.79774177025473e-10
2024-03-14,1,3.2412394043569815e-21,1.0
2024-03-15,0,0.9864813169219327,0.013518683078066562
2024-03-16,0,0.9999999999431957,5.6804645663916653e-11
2024-03-17,0,0.9999861500553072,1.3849944692055442e-05
2024-03-18,1,0.0,1.0
2024-03-19,0,0.997196400294511,0.0028035997054890647
2024-03-20,1,3.575593873223309e-61,1.0
2024-03-21,0,0.9999999723296792,2.7670320808277228e-08
2024-03-22,0,0.965709719285899,0.034290280714101166
2024-03-23,1,4.3731872473355104e-134,1.0
2024-03-24,1,3.930992438184757e-270,1.0
2024-03-25,1,6.027931357702644e-158,1.0
2024-03-26,1,3.1073028646069784e-07,0.9999996892697135
2024-03-27,1,1.7734781027165034e-104,1.0
2024-03-28,1,0.0,1.0
2024-03-29,1,3.657528601641265e-95,1.0
2024-03-30,1,2.488556036279008e-175,1.0
2024-03-31,1,0.0008553971086415167,0.9991446028913585
2024-04-01,1,0.0,1.0
2024-04-02,1,0.13959834795905626,0.8604016520409438
2024-04-03,1,4.209822358863479e-250,1.0
2024-04-04,1,0.0,1.0
2024-04-05,1,0.0,1.0
2024-04-06,1,0.0,1.0
2024-04-07,1,9.473951699345788e-201,1.0
2024-04-08,1,0.0,1.0
2024-04-09,1,1.4575876462213612e-172,1.0
2024-04-10,1,0.0,1.0
2024-04-11,1,2.84028954958361e-12,0.9999999999971596
2024-04-12,1,1.0219432899332807e-05,0.9999897805671006
2024-04-13,1,1.910413818683671e-09,0.9999999980895862
2024-04-14,1,9.004933031363701e-10,0.999999999099507
2024-04-15,1,1.7899652050165004e-19,1.0
2024-04-16,1,2.1573846953446064e-126,1.0
2024-04-17,1,0.008536190612352727,0.9914638093876476
2024-04-18,1,0.005277677257890038,0.99472232274211
2024-04-19,1,1.431548576208746e-157,1.0
2024-04-20,1,2.7254647636197723e-31,1.0
2024-04-21,1,0.0,1.0
2024-04-22,1,0.0,1.0
2024-04-23,1,0.0,1.0
2024-04-24,1,0.0,1.0
2024-04-25,1,0.0,1.0
2024-04-26,1,0.0,1.0
2024-04-27,1,3.6008031933677236e-89,1.0
2024-04-28,0,1.0,2.6338702253400905e-16
2024-04-29,1,8.960899106633919e-33,1.0
2024-04-30,0,0.9999978099499921,2.190050007870454e-06
2024-05-01,1,7.902554316689175e-06,0.999992097445683
2024-05-02,1,6.459930878943768e-115,1.0
2024-05-03,1,0.00045649380377390007,0.9995435061962257
2024-05-04,0,1.0,1.8106330277159305e-31
2024-05-05,0,0.9997716713593611,0.00022832864063963097
2024-05-06,0,0.999920920331542,7.907966845868538e-05
2024-05-07,0,0.9998475184833869,0.0001524815166138085
2024-05-08,0,0.9774928614868631,0.022507138513136807
2024-05-09,1,2.4985519029319173e-48,1.0
2024-05-10,1,0.004671450189949752,0.9953285498100496
2024-05-11,0,0.9999999999997193,2.8173911701626555e-13
2024-05-12,1,7.097541483449211e-66,1.0
2024-05-13,1,4.864751061001019e-26,1.0
2024-05-14,1,4.640676523688845e-44,1.0
2024-05-15,1,6.998047376716266e-41,1.0
2024-05-16,1,5.5961845289082894e-70,1.0
2024-05-17,1,0.0,1.0
2024-05-18,1,0.0,1.0
2024-05-19,1,2.0709083998651134e-187,1.0
2024-05-20,1,1.737881998384182e-290,1.0
2024-05-21,1,8.228294391365087e-168,1.0
2024-05-22,1,1.2509860670439422e-56,1.0
2024-05-23,0,0.945396309109063,0.05460369089093657
2024-05-24,1,0.0,1.0
2024-05-25,1,0.0,1.0
2024-05-26,1,0.0,1.0
2024-05-27,1,0.0,1.0
2024-05-28,1,0.0,1.0
2024-05-29,1,0.0,1.0
2024-05-30,1,0.0,1.0
2024-05-31,1,0.0,1.0
2024-06-01,1,0.0,1.0
2024-06-02,1,2.6434412805679025e-270,1.0
2024-06-03,1,2.677168310186019e-247,1.0
2024-06-04,1,3.185503035593677e-206,1.0
2024-06-05,1,0.0,1.0
2024-06-06,0,0.9999862694292833,1.373057071804414e-05
2024-06-07,1,7.877162161407256e-229,1.0
2024-06-08,1,0.0,1.0
2024-06-09,1,6.4533886511146106e-170,1.0
2024-06-10,1,1.551638176520243e-290,1.0
2024-06-11,1,1.0416138571999954e-77,1.0
2024-06-12,1,8.744060768837118e-107,1.0
2024-06-13,1,5.454923117690191e-10,0.9999999994545075
2024-06-14,0,0.9999999999991687,8.327843258497068e-13
2024-06-15,1,2.3010990189350966e-111,1.0
2024-06-16,1,4.5696306774847915e-60,1.0
2024-06-17,1,0.0,1.0
2024-06-18,1,0.0,1.0
2024-06-19,1,1.454693991558813e-284,1.0
2024-06-20,1,1.2620703857141788e-175,1.0
2024-06-21,1,1.1350581126076526e-114,1.0
2024-06-22,1,6.441655403238933e-175,1.0
2024-06-23,0,0.9999999999998401,1.6027517185374495e-13
2024-06-24,1,1.7140036391856691e-203,1.0
2024-06-25,1,1.693931261358834e-157,1.0
2024-06-26,1,1.443500926245314e-162,1.0
2024-06-27,1,3.3633126464657094e-184,1.0
2024-06-28,1,0.0,1.0
2024-06-29,1,0.0,1.0
2024-06-30,0,0.999999999998181,1.819566124842716e-12
2024-07-01,1,8.053633796620201e-11,0.9999999999194635
2024-07-02,1,3.841866021935588e-57,1.0
2024-07-03,1,9.892153548846079e-19,1.0
2024-07-04,1,1e-323,1.0
2024-07-05,1,0.0,1.0
2024-07-06,1,2.7370262006767366e-99,1.0
2024-07-07,1,1.1486115863648026e-39,1.0
2024-07-08,1,0.0,1.0
2024-07-09,1,0.0,1.0
2024-07-10,1,0.0,1.0
2024-07-11,1,0.0,1.0
2024-07-12,1,1.6034476726246845e-50,1.0
2024-07-13,1,1.3695860551457416e-23,1.0
2024-07-14,0,1.0,2.812304289481373e-37
2024-07-15,1,4.924162736262889e-59,1.0
2024-07-16,1,2.158462926170216e-31,1.0
2024-07-17,1,7.81574285874385e-171,1.0
2024-07-18,0,0.9999999998492939,1.507067292867627e-10
2024-07-19,0,0.9993990473584321,0.0006009526415684964
2024-07-20,1,1.189201346489596e-64,1.0
2024-07-21,1,1.3082121407182651e-51,1.0
2024-07-22,0,0.9999986197326085,1.3802673919944126e-06
2024-07-23,1,1.6576715258444551e-56,1.0
2024-07-24,1,6.779293533811504e-170,1.0
2024-07-25,1,5.82971403936522e-237,1.0
2024-07-26,1,9.341004194037305e-143,1.0
2024-07-27,1,5.683582185207877e-13,0.9999999999994316
2024-07-28,1,5.9948261442587416e-245,1.0
2024-07-29,1,7.021980641317477e-97,1.0
2024-07-30,1,2.5350697151952626e-18,1.0
2024-07-31,1,4.792585695651832e-52,1.0
2024-08-01,0,0.9999999999946283,5.373115889836936e-12
2024-08-02,1,0.0,1.0
2024-08-03,1,5.573132569566331e-44,1.0
2024-08-04,1,1.217804411422783e-16,1.0
2024-08-05,1,6.8487882596383056e-74,1.0
2024-08-06,1,4.464041021658662e-60,1.0
2024-08-07,1,2.2706537006247733e-37,1.0
2024-08-08,1,0.007737875913971598,0.9922621240860282
2024-08-09,1,0.0,1.0
2024-08-10,1,5.407198103452528e-25,1.0
2024-08-11,1,0.0,1.0
2024-08-12,1,1.3834116259478395e-06,0.9999986165883742
2024-08-13,0,0.9999080335166977,9.196648330279813e-05
2024-08-14,1,6.402700889522071e-69,1.0
2024-08-15,1,0.024480249753081103,0.9755197502469186
2024-08-16,0,0.9998445084625517,0.00015549153744793986
2024-08-17,1,1.67882653116787e-20,1.0
2024-08-18,0,0.9976303372629522,0.00236966273704843
2024-08-19,1,3.339699489152716e-13,0.999999999999666
2024-08-20,1,8.287958049365935e-202,1.0
2024-08-21,1,1.8977915621128207e-100,1.0
2024-08-22,1,3.7354249632712454e-44,1.0
2024-08-23,1,0.0024944003802348158,0.997505599619765
2024-08-24,1,3.8196434741819615e-10,0.9999999996180353
2024-08-25,1,2.3478457461829036e-20,1.0
2024-08-26,1,0.0,1.0
2024-08-27,1,0.0,1.0
2024-08-28,1,1.541736383568991e-178,1.0
2024-08-29,1,2.595585229489708e-41,1.0
2024-08-30,1,4.455327365686429e-133,1.0
2024-08-31,1,5.894627459128729e-15,0.9999999999999947
2024-09-01,1,3.1595863914739385e-15,0.9999999999999964
2024-09-02,1,7.034480517021398e-305,1.0
2024-09-03,0,0.9999925649758514,7.435024147089633e-06
2024-09-04,0,0.9999010233953074,9.897660469241673e-05
2024-09-05,0,0.9999972499099009,2.750090097674691e-06
2024-09-06,1,2.6870462746353968e-87,1.0
2024-09-07,1,0.29043394782000936,0.7095660521799909
2024-09-08,1,0.0,1.0
2024-09-09,1,0.0,1.0
2024-09-10,0,0.9999999999325926,6.740676960908865e-11
2024-09-11,0,0.9362035742045691,0.06379642579543059
2024-09-12,0,0.9998845750342528,0.0001154249657468817
2024-09-13,1,1.8501050092146874e-14,0.9999999999999813
2024-09-14,0,0.9991700807017361,0.0008299192982631076
2024-09-15,1,1.1377956947577482e-279,1.0
2024-09-16,0,0.9999997017506065,2.9824939355460497e-07
2024-09-17,0,0.9999999956174612,4.3825385347868346e-09
2024-09-18,0,0.9999997669152104,2.3308478982990192e-07
2024-09-19,0,0.9999947123496085,5.287650391846652e-06
2024-09-20,0,1.0,2.1364623505010623e-25
2024-09-21,0,1.0,6.957898947463038e-30
2024-09-22,0,1.0,3.429755072725094e-19
2024-09-23,0,1.0,1.8079886345252284e-26
2024-09-24,0,1.0,7.739231677906798e-27
2024-09-25,0,0.9884176172656048,0.011582382734394681
2024-09-26,0,0.9487750834673029,0.051224916532697194
2024-09-27,1,0.0021263374472865566,0.9978736625527133
2024-09-28,1,0.00014030948032883706,0.9998596905196714
2024-09-29,1,6.256092353991064e-05,0.99993743907646
2024-09-30,1,9.271322841490765e-41,1.0
2024-10-01,1,0.0,1.0
2024-10-02,1,0.0,1.0
2024-10-03,1,0.0,1.0
2024-10-04,1,0.0,1.0
2024-10-05,1,0.0,1.0
2024-10-06,1,0.0,1.0
2024-10-07,1,7.059777105373926e-118,1.0
2024-10-08,1,0.0,1.0
2024-10-09,1,0.0,1.0
2024-10-10,1,0.0,1.0
2024-10-11,1,0.0,1.0
2024-10-12,1,0.0,1.0
2024-10-13,1,0.0,1.0
2024-10-14,1,0.0,1.0
2024-10-15,1,0.0,1.0
2024-10-16,1,0.0,1.0
2024-10-17,1,0.0,1.0
2024-10-18,1,4.702422552051865e-77,1.0
2024-10-19,1,0.0,1.0
2024-10-20,1,4.1012013374096705e-123,1.0
2024-10-21,1,0.0,1.0
2024-10-22,1,0.0,1.0
2024-10-23,1,0.0,1.0
2024-10-24,1,0.0,1.0
2024-10-25,1,0.0,1.0
2024-10-26,1,0.0,1.0
2024-10-27,1,0.0,1.0
2024-10-28,1,0.0,1.0
2024-10-29,1,6.79862036976858e-240,1.0
2024-10-30,1,2.483568598909593e-142,1.0
2024-10-31,1,3.5216651607109245e-38,1.0
2024-11-01,1,7.013744808505151e-38,1.0
2024-11-02,1,4.5718422108600255e-76,1.0
2024-11-03,1,7.013744808505151e-38,1.0
2024-11-04,1,0.0,1.0
2024-11-05,1,0.0,1.0
2024-11-06,1,0.0,1.0
2024-11-07,1,0.0,1.0
2024-11-08,1,0.0,1.0
2024-11-09,1,0.0,1.0
2024-11-10,1,0.0,1.0
2024-11-11,1,0.0,1.0
2024-11-12,1,0.0,1.0
2024-11-13,1,0.0,1.0
2024-11-14,1,0.0,1.0
2024-11-15,1,0.0,1.0
2024-11-16,1,0.0,1.0
2024-11-17,1,0.0,1.0
2024-11-18,1,0.0,1.0
2024-11-19,1,0.0,1.0
2024-11-20,1,0.0,1.0
2024-11-21,1,0.0,1.0
2024-11-22,1,0.0,1.0
2024-11-23,1,0.0,1.0
2024-11-24,1,0.0,1.0
2024-11-25,1,0.0,1.0
2024-11-26,1,0.0,1.0
2024-11-27,1,0.0,1.0
2024-11-28,1,7.357181768566497e-196,1.0
2024-11-29,1,0.0,1.0
2024-11-30,1,0.0,1.0
2024-12-01,1,0.0,1.0
2024-12-02,1,5.929840510700327e-239,1.0
2024-12-03,0,0.999999974884027,2.511597333990472e-08
2024-12-04,0,0.574363727174658,0.42563627282534217
2024-12-05,0,0.9676850070023153,0.03231499299768425
2024-12-06,0,0.9999588833030618,4.111669693904325e-05
2024-12-07,0,0.9999998017706045,1.9822939485022472e-07
2024-12-08,1,0.0,1.0
2024-12-09,0,0.9999860327914094,1.3967208589686302e-05
2024-12-10,1,0.03230793255721748,0.9676920674427825
2024-12-11,1,3.2064692969755577e-25,1.0
2024-12-12,1,1.1747621630476822e-77,1.0
2024-12-13,1,0.01469555244187635,0.9853044475581236
2024-12-14,1,2.0661415085011323e-05,0.9999793385849147
2024-12-15,1,0.0,1.0
2024-12-16,1,0.0,1.0
2024-12-17,1,0.0,1.0
2024-12-18,1,0.0,1.0
2024-12-19,1,0.0,1.0
2024-12-20,1,0.0,1.0
2024-12-21,1,6.552324817410743e-309,1.0
2024-12-22,1,0.0,1.0
2024-12-23,1,0.0,1.0
2024-12-24,1,0.0,1.0
2024-12-25,1,0.0,1.0
2024-12-26,1,0.0,1.0
2024-12-27,1,0.0,1.0
2024-12-28,1,2.5613890630615688e-216,1.0
2024-12-29,1,0.0,1.0
2024-12-30,1,0.0,1.0
2024-12-31,1,0.0,1.0
2025-01-01,1,6.57e-322,1.0
2025-01-02,1,0.0,1.0
2025-01-03,1,4.750003578173096e-23,1.0
2025-01-04,0,0.9979338493870479,0.0020661506129517992
2025-01-05,1,0.0,1.0
2025-01-06,1,0.0,1.0
2025-01-07,1,0.0,1.0
2025-01-08,0,0.9997180029024517,0.0002819970975478405
2025-01-09,1,4.057288401069992e-14,0.9999999999999591
2025-01-10,0,0.9999676720353056,3.232796469472577e-05
2025-01-11,0,0.9999998301924438,1.6980755454421052e-07
2025-01-12,1,4.320873882009096e-06,0.9999956791261175
2025-01-13,1,2.424994120295182e-29,1.0
2025-01-14,1,1.3355115447622697e-56,1.0
2025-01-15,1,0.0,1.0
2025-01-16,0,0.9929268978478237,0.007073102152176918
2025-01-17,1,1.5223835620380422e-39,1.0
2025-01-18,1,1.6811186624142818e-250,1.0
2025-01-19,1,0.0,1.0
2025-01-20,1,8.884022337139424e-230,1.0
2025-01-21,1,2.1637790060519606e-303,1.0
2025-01-22,1,9.96544503734776e-89,1.0
2025-01-23,0,0.9995717469478388,0.000428253052161731
2025-01-24,1,0.08542328270228207,0.9145767172977172
2025-01-25,1,0.001795819523279324,0.99820418047672
2025-01-26,1,5.430826751189239e-170,1.0
2025-01-27,1,0.0,1.0
2025-01-28,1,0.0,1.0
2025-01-29,1,0.0,1.0
2025-01-30,1,0.0,1.0
2025-01-31,1,0.0,1.0
2025-02-01,1,6.311068509818211e-293,1.0
2025-02-02,1,0.0,1.0
2025-02-03,1,0.0,1.0
2025-02-04,1,2.6457489263085287e-24,1.0
2025-02-05,1,1.473773392073926e-50,1.0
2025-02-06,1,1.5516965549076317e-282,1.0
2025-02-07,1,0.0,1.0
2025-02-08,1,1.4208093648073793e-85,1.0
2025-02-09,1,0.0,1.0
2025-02-10,1,0.0,1.0
2025-02-11,1,0.0,1.0
2025-02-12,1,0.0,1.0
2025-02-13,1,0.0,1.0
2025-02-14,1,2.5761830436378783e-21,1.0
2025-02-15,0,0.9999961700507157,3.8299492849513374e-06
2025-02-16,1,3.726673444710641e-88,1.0
2025-02-17,1,1.0701434289955278e-241,1.0
2025-02-18,1,0.0,1.0
2025-02-19,1,3.683040187564415e-233,1.0
2025-02-20,1,1.927649700631782e-181,1.0
2025-02-21,1,2.235210174309278e-274,1.0
2025-02-22,1,9.008599701289288e-31,1.0
2025-02-23,1,2.6973338714083237e-09,0.9999999973026661
2025-02-24,1,0.0,1.0
2025-02-25,1,0.0,1.0
2025-02-26,1,0.0,1.0
2025-02-27,1,0.0,1.0
2025-02-28,1,0.0,1.0
2025-03-01,0,0.9999999999887166,1.12836683824675e-11
2025-03-02,0,0.9999692074342601,3.079256573930275e-05
2025-03-03,1,1.2585776021685871e-267,1.0
2025-03-04,1,0.0,1.0
2025-03-05,1,5.3908119928794275e-43,1.0
2025-03-06,1,0.0,1.0
2025-03-07,1,0.0,1.0
2025-03-08,1,0.0,1.0
2025-03-09,1,0.0,1.0
2025-03-10,1,0.0,1.0
2025-03-11,1,0.0,1.0
2025-03-12,1,0.0,1.0
2025-03-13,1,0.0,1.0
2025-03-14,1,0.0,1.0
2025-03-15,1,0.0,1.0
2025-03-16,1,3.6081992119023153e-255,1.0
2025-03-17,1,0.0,1.0
2025-03-18,1,0.0,1.0
2025-03-19,1,0.0,1.0
2025-03-20,1,0.0,1.0
2025-03-21,1,5.879573237609295e-178,1.0
2025-03-22,1,2.0641386885548295e-80,1.0
2025-03-23,1,2.3636905571593965e-41,1.0
2025-03-24,1,1.050063796295166e-164,1.0
2025-03-25,1,0.0,1.0
2025-03-26,1,0.0,1.0
2025-03-27,1,0.0,1.0
2025-03-28,1,0.0,1.0
2025-03-29,0,0.9999999883499733,1.1650027221010142e-08
2025-03-30,1,3.4896e-320,1.0
2025-03-31,1,0.0,1.0
2025-04-01,1,6.385545954762938e-82,1.0
2025-04-02,1,1.0634239765233921e-288,1.0
2025-04-03,1,0.0,1.0
2025-04-04,1,0.0,1.0
2025-04-05,0,0.9999999999999929,8.004313795386472e-15
2025-04-06,0,0.9999999866862019,1.3313796617263958e-08
2025-04-07,1,0.0,1.0
2025-04-08,1,0.0,1.0
2025-04-09,1,0.0,1.0
2025-04-10,1,3.262557306117143e-17,1.0
2025-04-11,0,0.9999999999998224,1.7785910576433053e-13
2025-04-12,0,0.9999999999999964,2.2722942014095944e-15
2025-04-13,0,1.0,1.2297109317508746e-21
2025-04-14,0,1.0,6.435652551296718e-16
2025-04-15,0,0.999999969599227,3.040077225913538e-08
2025-04-16,0,0.99999987861494,1.2138506102558456e-07
2025-04-17,0,1.0,5.180766883965728e-19
2025-04-18,0,1.0,1.0353793185590941e-23
2025-04-19,0,1.0,2.8605054947450614e-27
2025-04-20,0,1.0,2.7880695471551643e-28
2025-04-21,0,0.9999999999999929,7.118016487658536e-15
2025-04-22,1,0.0,1.0
2025-04-23,1,0.0,1.0
2025-04-24,1,0.0,1.0
2025-04-25,0,1.0,3.899697379576895e-18
2025-04-26,0,1.0,1.0020681170895858e-24
2025-04-27,0,1.0,1.7607294927741347e-36
2025-04-28,0,1.0,7.1352086915624525e-31
2025-04-29,0,1.0,1.9766513747727794e-27
2025-04-30,0,1.0,5.391547687795225e-35
2025-05-01,0,1.0,6.965734910740584e-38
2025-05-02,0,1.0,2.0011891771320034e-32
2025-05-03,0,1.0,3.082866629013883e-40
2025-05-04,0,1.0,3.1094197761329378e-40
2025-05-05,0,1.0,1.0329057346869936e-30
2025-05-06,1,0.0,1.0
2025-05-07,0,1.0,5.793523434983317e-29
2025-05-08,0,1.0,2.6795463376512945e-30
2025-05-09,0,1.0,4.754271013749766e-30
2025-05-10,0,1.0,1.7465552474836672e-33
2025-05-11,0,1.0,1.2610888618336756e-36
2025-05-12,1,0.0,1.0
2025-05-13,1,0.0,1.0
2025-05-14,1,0.0,1.0
2025-05-15,0,1.0,2.7133914419426013e-16
2025-05-16,0,1.0,7.422374081238658e-30
2025-05-17,0,1.0,3.695438907534581e-33
2025-05-18,0,1.0,4.983122754552814e-34
2025-05-19,1,1.6423029305524615e-44,1.0
2025-05-20,1,0.0,1.0
2025-05-21,1,0.0,1.0
2025-05-22,1,0.0,1.0
2025-05-23,1,0.0,1.0
2025-05-24,0,1.0,6.169574468815128e-29
2025-05-25,0,1.0,4.332383655486924e-32
2025-05-26,0,1.0,4.311282814258811e-28
2025-05-27,1,3.4336461490039194e-32,1.0
2025-05-28,1,3.249351088639954e-32,1.0
2025-05-29,1,0.0,1.0
2025-05-30,0,1.0,9.045796557616845e-30
2025-05-31,0,1.0,2.7272804731781207e-31
2025-06-01,0,1.0,1.096895223529624e-29
2025-06-02,0,1.0,1.0973076388425227e-25
2025-06-03,0,1.0,4.118759802918247e-25
2025-06-04,0,1.0,2.0746899521570987e-24
2025-06-05,0,1.0,7.895837452809245e-23
2025-06-06,0,1.0,1.4531269073560997e-28
2025-06-07,0,1.0,7.891752838621039e-32
2025-06-08,0,1.0,5.204815543258793e-32
2025-06-09,0,0.999999999892264,1.0773577908278566e-10
2025-06-10,0,1.0,1.772374518153305e-39
2025-06-11,0,1.0,1.0522196997979651e-39
2025-06-12,0,1.0,8.328543842060387e-30
2025-06-13,0,1.0,7.089243252520073e-39
2025-06-14,0,0.9999999999999822,1.801149107785105e-14
2025-06-15,0,1.0,3.051476828246803e-40
2025-06-16,0,1.0,3.4286495488295965e-30
2025-06-17,0,1.0,3.1053049387300247e-40
2025-06-18,0,1.0,2.1721182220356267e-34
2025-06-19,0,1.0,7.764241715358942e-37
2025-06-20,0,1.0,5.223047459679616e-32
2025-06-21,0,1.0,6.040576279831496e-40
2025-06-22,0,1.0,3.100052812362151e-40
2025-06-23,0,1.0,3.005860009508293e-35
2025-06-24,1,2.8066978638568077e-13,0.9999999999997193
2025-06-25,1,0.0,1.0
2025-06-26,1,0.0,1.0
2025-06-27,1,8.527338770322683e-34,1.0
2025-06-28,0,1.0,2.5990567077866657e-31
2025-06-29,0,1.0,1.4523583154609829e-39
2025-06-30,0,1.0,7.90441687049961e-31
2025-07-01,0,1.0,1.8812178329154035e-27
2025-07-02,1,2.199982035029396e-34,1.0
2025-07-03,0,0.9999999999997513,2.4859575217828805e-13
2025-07-04,0,0.9999999999999858,1.50673407575338e-14
2025-07-05,0,0.9999999999999787,2.28639089402458e-14
2025-07-06,0,1.0,3.104903663337082e-40
2025-07-07,1,3.091331250605398e-47,1.0
2025-07-08,1,0.0,1.0
2025-07-09,1,0.0,1.0
2025-07-10,1,4.208395161601617e-37,1.0
2025-07-11,1,1.9051866509486983e-36,1.0
2025-07-12,0,0.999999999943455,5.654399432494034e-11
2025-07-13,0,0.999999999994504,5.49454950664654e-12
2025-07-14,0,1.0,1.7783612807952047e-21
2025-07-15,1,3.004188091123651e-16,1.0
2025-07-16,1,0.3461777844553238,0.6538222155446766
2025-07-17,0,0.9999591613210657,4.0838678936162984e-05
2025-07-18,1,0.0,1.0
2025-07-19,0,1.0,6.018378921407046e-16
2025-07-20,0,1.0,1.7424029976059037e-15
2025-07-21,1,0.09043692404224525,0.9095630759577541
2025-07-22,1,0.0,1.0
2025-07-23,1,0.0,1.0
2025-07-24,1,0.0,1.0
2025-07-25,0,0.9999993035593144,6.964406868189103e-07
2025-07-26,0,0.9999999999999893,9.918286260737108e-15
2025-07-27,0,0.9999999999999964,5.160278108361235e-15
2025-07-28,1,0.0,1.0
2025-07-29,1,1.1119368894665678e-08,0.9999999888806315
2025-07-30,1,0.0,1.0
2025-07-31,1,0.0,1.0
2025-08-01,1,0.0,1.0
2025-08-02,1,3.1907455549667633e-12,0.9999999999968097
2025-08-03,0,0.9999999994516884,5.48312247351467e-10
2025-08-04,1,0.0,1.0
2025-08-05,1,0.0,1.0
2025-08-06,1,0.0,1.0
2025-08-07,1,0.0,1.0
2025-08-08,1,0.0,1.0
2025-08-09,0,0.9961272367298836,0.0038727632701156434
2025-08-10,0,0.9999664349040692,3.35650959293304e-05
2025-08-11,1,0.0,1.0
2025-08-12,1,0.0,1.0
2025-08-13,1,0.0,1.0
2025-08-14,1,0.0,1.0
2025-08-15,1,4.547581415195366e-141,1.0
2025-08-16,1,1.2723740399593832e-39,1.0
2025-08-17,0,0.9999922246671156,7.775332885623288e-06
2025-08-18,1,1.56728512938009e-36,1.0
2025-08-19,1,0.0,1.0
2025-08-20,1,0.0,1.0
2025-08-21,1,0.0,1.0
2025-08-22,0,0.9999999999999822,1.6605769643280727e-14
2025-08-23,1,9.848090818767604e-131,1.0
2025-08-24,1,2.6067314140297506e-149,1.0
2025-08-25,1,8.02003048288931e-13,0.9999999999991989
2025-08-26,1,0.0,1.0
2025-08-27,1,0.0,1.0
2025-08-28,1,0.0,1.0
2025-08-29,1,0.0,1.0
2025-08-30,1,0.0,1.0
2025-08-31,1,6.473578313933371e-144,1.0
2025-09-01,1,0.0,1.0
2025-09-02,1,0.0,1.0
2025-09-03,1,0.0,1.0
2025-09-04,1,0.0,1.0
2025-09-05,1,0.0,1.0
2025-09-06,1,4.1982149640154435e-38,1.0
2025-09-07,0,0.999999999960437,3.956210750036527e-11
2025-09-08,1,0.0,1.0
2025-09-09,1,0.0,1.0
2025-09-10,1,0.0,1.0
2025-09-11,1,0.0,1.0
2025-09-12,1,0.0,1.0
2025-09-13,1,0.0,1.0
2025-09-14,1,0.0,1.0
2025-09-15,1,0.0,1.0
2025-09-16,1,0.0,1.0
2025-09-17,1,0.0,1.0
2025-09-18,1,0.0,1.0
2025-09-19,1,2.9720711693150233e-214,1.0
2025-09-20,1,4.22930903712233e-50,1.0
2025-09-21,1,2.7346503094446448e-95,1.0
2025-09-22,1,0.0,1.0
2025-09-23,1,0.0,1.0
2025-09-24,1,0.0,1.0
2025-09-25,1,0.0,1.0
2025-09-26,1,0.0,1.0
2025-09-27,1,0.0,1.0
2025-09-28,1,2.3645660194616298e-158,1.0
2025-09-29,1,0.0,1.0
2025-09-30,1,0.0,1.0
2025-10-01,1,0.0,1.0
2025-10-02,1,0.0,1.0
2025-10-03,1,0.0,1.0
2025-10-04,1,3.230844356468208e-83,1.0
2025-10-05,1,8.275665543222472e-69,1.0
2025-10-06,1,7.094440424865801e-294,1.0
2025-10-07,1,3.070670131024278e-74,1.0
2025-10-08,1,1.883823144542831e-138,1.0
2025-10-09,1,9.353759550714975e-166,1.0
2025-10-10,1,3.4432783685770224e-76,1.0
2025-10-11,1,8.329985913475613e-19,1.0
2025-10-12,0,0.9999999999998934,1.0637250243849549e-13
2025-10-13,0,0.9999999999999858,1.5249083398164115e-14
2025-10-14,1,1.4669358686909022e-215,1.0
2025-10-15,1,0.0,1.0
2025-10-16,1,0.0,1.0
2025-10-17,1,0.0,1.0
2025-10-18,1,0.0,1.0
2025-10-19,1,0.2445070921779911,0.7554929078220097
2025-10-20,1,0.0,1.0
2025-10-21,1,0.0,1.0
2025-10-22,0,0.9999999858622921,1.4137708567996235e-08
2025-10-23,1,2.258954532314348e-103,1.0
2025-10-24,1,0.0005528660342309431,0.9994471339657686
2025-10-25,0,0.9999999999484643,5.1535737336543536e-11
2025-10-26,0,1.0,5.04361761616049e-31
2025-10-27,0,1.0,1.518854007713934e-30
2025-10-28,1,0.0,1.0
2025-10-29,1,8.889012948621481e-28,1.0
2025-10-30,0,1.0,2.8032662034445327e-20
2025-10-31,0,1.0,5.104141683823246e-37
2025-11-01,1,0.0,1.0
2025-11-02,0,0.9999999999999858,1.2777271112560443e-14
2025-11-03,0,1.0,1.0463090824510214e-15
2025-11-04,1,0.0,1.0
2025-11-05,1,0.0,1.0
2025-11-06,1,0.0,1.0
2025-11-07,1,0.0,1.0
2025-11-08,0,0.9998686617298057,0.00013133827019413312
2025-11-09,0,0.9999999999999893,1.1604530690449129e-14
2025-11-10,1,0.0,1.0
2025-11-11,1,0.0,1.0
2025-11-12,1,0.0,1.0
2025-11-13,1,0.0,1.0
2025-11-14,1,1.0312408896798076e-94,1.0
2025-11-15,1,5.361938340628558e-53,1.0
2025-11-16,1,3.4941345898779102e-46,1.0
2025-11-17,1,1.343176732475092e-174,1.0
2025-11-18,1,0.0,1.0
2025-11-19,1,0.0,1.0
2025-11-20,1,0.0,1.0
2025-11-21,1,0.0,1.0
2025-11-22,1,1.4150302482526314e-73,1.0
2025-11-23,1,9.704333989449331e-51,1.0
2025-11-24,1,0.0,1.0
2025-11-25,1,0.0,1.0
2025-11-26,1,0.0,1.0
2025-11-27,1,8.05238080021842e-240,1.0
2025-11-28,0,0.9999999999998899,1.1144828321446416e-13
2025-11-29,0,0.9999999819864983,1.8013501210914454e-08
2025-11-30,1,0.0012584721215214655,0.9987415278784778
2025-12-01,0,0.9999999999957652,4.235328783049865e-12
2025-12-02,1,1.4220424538789919e-275,1.0
2025-12-03,1,3.28161086602842e-203,1.0
2025-12-04,1,3.3802907184350786e-219,1.0
2025-12-05,1,0.0,1.0
2025-12-06,1,4.158402636587738e-130,1.0
2025-12-07,1,1.4498780296490296e-72,1.0
2025-12-08,1,3.936489190748697e-29,1.0
2025-12-09,1,4.0239876434420944e-200,1.0
2025-12-10,1,1.0166537967770393e-207,1.0
2025-12-11,1,5.885011836746793e-245,1.0
2025-12-12,0,0.9999992780787016,7.219212972663739e-07
2025-12-13,0,0.9999999999995524,4.4609951273929845e-13
2025-12-14,1,2.724247719394731e-90,1.0
2025-12-15,1,2.0003041882088237e-15,0.9999999999999982
2025-12-16,0,0.9999999998583213,1.416777743882674e-10
2025-12-17,0,1.0,1.6125655237693653e-15
2025-12-18,1,5.136473567222974e-22,1.0
2025-12-19,1,1.9570001916309848e-16,1.0
2025-12-20,0,0.9999997178343251,2.8216567438620814e-07
2025-12-21,1,6.034723219107732e-112,1.0
2025-12-22,0,1.0,5.517490713845641e-20
2025-12-23,0,1.0,1.5215911059308e-26
2025-12-24,1,2.0458547171740365e-28,1.0
2025-12-25,1,6.662512851192874e-102,1.0
2025-12-26,1,3.1245104610015286e-214,1.0
2025-12-27,1,7.0993587435960835e-180,1.0
2025-12-28,1,2.808487082785862e-09,0.9999999971915123
2025-12-29,0,0.9577844121107837,0.042215587889216054
2025-12-30,0,0.9999987176133283,1.282386673080727e-06
2025-12-31,0,0.9999999999999964,2.6514397467540665e-15
2026-01-01,1,1.411094036501513e-109,1.0
2026-01-02,0,0.999999999999936,6.546008384093293e-14
2026-01-03,0,0.9999999996712141,3.28787363804524e-10
2026-01-04,1,2.328489362355794e-06,0.999997671510638
2026-01-05,0,0.9985197602093816,0.0014802397906183765
2026-01-06,0,0.9999999996672031,3.327964941257703e-10
2026-01-07,1,3.775499201842185e-12,0.9999999999962244
2026-01-08,1,5.544431533405846e-280,1.0
2026-01-09,1,1.9513723999876733e-119,1.0
2026-01-10,1,6.033039769859131e-61,1.0
2026-01-11,0,0.9999999571530376,4.284696124092438e-08
2026-01-12,1,5.5183569414257124e-70,1.0
2026-01-13,1,7.929013963131269e-75,1.0
2026-01-14,1,8.112777046665018e-30,1.0
2026-01-15,1,1.3204112410246585e-24,1.0
2026-01-16,0,0.9999999923398057,7.660193684412308e-09
2026-01-17,0,0.9999999999999574,4.3804970037253434e-14
2026-01-18,1,0.463456041932436,0.5365439580675645
2026-01-19,1,3.505792357565759e-08,0.9999999649420761
2026-01-20,0,1.0,5.3007377748088545e-24
2026-01-21,0,0.9999999999999964,2.0432405763318918e-15
2026-01-22,0,0.9999999999999893,1.076580204818723e-14
2026-01-23,0,0.9999999999999929,7.018472206960033e-15
2026-01-24,0,0.9999998053130289,1.9468697053296634e-07
2026-01-25,0,0.9999999961321642,3.8678358813360104e-09
2026-01-26,0,0.9999999377035939,6.22964047075014e-08
2026-01-27,0,1.0,5.5922332274523e-16
2026-01-28,0,1.0,2.4182094019411633e-17
2026-01-29,0,0.9999999999999964,2.8695604536185574e-15
2026-01-30,1,2.02212212619367e-150,1.0
2026-01-31,0,1.0,2.2644004125647013e-18
2026-02-01,0,0.9994828758744229,0.000517124125576985
2026-02-02,1,3.0282728227627247e-30,1.0
2026-02-03,0,0.9990867337797599,0.0009132662202388438
2026-02-04,0,0.7583733249226361,0.24162667507736374
2026-02-05,0,0.999999997317282,2.6827170108926132e-09
2026-02-06,0,1.0,2.3483961633079618e-16
2026-02-07,0,1.0,1.5593539020061077e-34
2026-02-08,0,0.999999999999865,1.361993609419331e-13
2026-02-09,0,1.0,1.9678354472328426e-28
2026-02-10,0,0.9999999999999964,2.4447874839112833e-15
2026-02-11,0,0.9999999999999964,4.099229704902286e-15
2026-02-12,0,1.0,1.0755552546779739e-21
2026-02-13,0,1.0,1.2666686552603799e-33
2026-02-14,0,0.9999999999685727,3.142709360632475e-11
2026-02-15,0,0.9999998988337582,1.0116624102078213e-07
2026-02-16,0,1.0,8.732211741360967e-28
2026-02-17,0,1.0,5.955731031050356e-21
2026-02-18,0,1.0,1.963817040199083e-28
2026-02-19,0,1.0,1.7838820854079756e-21
2026-02-20,0,1.0,4.950649481070554e-19
2026-02-21,0,1.0,1.426366543061541e-15
2026-02-22,0,1.0,1.908877194998913e-24
2026-02-23,0,1.0,5.0210583287640806e-30
2026-02-24,0,1.0,4.0219795740501226e-25
2026-02-25,0,1.0,1.4699320549440163e-20
2026-02-26,0,1.0,1.5147424951785173e-20
2026-02-27,0,1.0,4.952471742554618e-22
2026-02-28,0,1.0,1.3559909938499692e-27
2026-03-01,0,1.0,3.4199419805629857e-29
2026-03-02,0,1.0,4.850620556999629e-30
2026-03-03,0,0.9999999999998437,1.5678573272879526e-13
2026-03-04,0,1.0,1.2758595370639451e-23
2026-03-05,0,1.0,1.1610937260702375e-28
2026-03-06,0,1.0,1.4928742232784793e-27
2026-03-07,0,1.0,1.840020578599025e-36
2026-03-08,0,1.0,8.178994154420657e-24
2026-03-09,0,1.0,1.2517074972188666e-15
2026-03-10,1,0.0,1.0
2026-03-11,1,0.0,1.0
2026-03-12,1,0.0,1.0
2026-03-13,1,0.0,1.0
2026-03-14,1,1.2078811955334897e-66,1.0
2026-03-15,1,3.884609565532951e-96,1.0
2026-03-16,1,4.1461070008659573e-277,1.0
2026-03-17,1,2.0543826320608961e-153,1.0
2026-03-18,0,0.9999999741931841,2.5806814724073874e-08
2026-03-19,0,0.9999922676233257,7.732376673675097e-06
2026-03-20,0,0.9999948556105863,5.14438941431337e-06
2026-03-21,1,2.5517671423827857e-47,1.0
2026-03-22,1,3.8024778392737893e-196,1.0
2026-03-23,1,1.4502182658800721e-212,1.0
2026-03-24,1,0.0,1.0
2026-03-25,1,2.819087428512183e-94,1.0
2026-03-26,1,2.864128845170662e-36,1.0
2026-03-27,0,0.9996309582785186,0.0003690417214815301
2026-03-28,1,1.3618906497704422e-95,1.0
2026-03-29,1,3.1659760123690842e-37,1.0
2026-03-30,0,0.9999834671677371,1.6532832264260418e-05
2026-03-31,0,0.999779725169467,0.00022027483053185803
2026-04-01,1,2.008619591171119e-24,1.0
2026-04-02,1,0.019947136535555906,0.9800528634644439
2026-04-03,1,0.1447642754550881,0.8552357245449121
2026-04-04,0,0.9999999894283143,1.0571685336852193e-08
2026-04-05,0,0.9999999999996199,3.8053270183912405e-13
2026-04-06,1,0.0,1.0
2026-04-07,1,0.0,1.0
2026-04-08,1,0.0,1.0
2026-04-09,1,0.0,1.0
2026-04-10,1,0.0,1.0
2026-04-11,0,0.9999984280910885,1.5719089096351444e-06
2026-04-12,1,9.178756203009755e-40,1.0
2026-04-13,1,0.0,1.0
2026-04-14,1,0.0,1.0
2026-04-15,1,0.0,1.0
2026-04-16,1,0.0,1.0
2026-04-17,1,0.004622685883537807,0.9953773141164616
2026-04-18,1,2.9924192628730092e-201,1.0
2026-04-19,1,0.0,1.0
2026-04-20,1,8.701608627318079e-207,1.0
2026-04-21,1,5.745485620852774e-151,1.0
2026-04-22,1,4.389279112195272e-224,1.0
2026-04-23,1,2.538363432010575e-12,0.9999999999974616
2026-04-24,1,5.39612921830518e-48,1.0
2026-04-25,0,0.6280112218282478,0.3719887781717515
2026-04-26,1,0.48883201458899467,0.5111679854110057
2026-04-27,1,1.0919460797254445e-62,1.0
2026-04-28,1,0.0,1.0
2026-04-29,1,0.0,1.0
2026-04-30,1,1.2206201865899426e-141,1.0
2026-05-01,1,7.98120685e-316,1.0
2026-05-02,1,2.4995617965758017e-14,0.9999999999999751
2026-05-03,0,0.9988883559045848,0.0011116440954157913
2026-05-04,1,0.0,1.0
2026-05-05,1,0.0,1.0
2026-05-06,1,0.0,1.0
2026-05-07,1,0.0,1.0
2026-05-08,1,0.0,1.0
2026-05-09,1,7.366707097490116e-287,1.0
2026-05-10,1,2.3977592773104697e-244,1.0
2026-05-11,1,0.0,1.0
2026-05-12,1,0.0,1.0
2026-05-13,1,0.0,1.0
2026-05-14,1,0.0,1.0
2026-05-15,1,2.748193440641267e-149,1.0
2026-05-16,1,0.0,1.0
2026-05-17,1,0.0,1.0
2026-05-18,1,0.0,1.0
2026-05-19,1,1.1618522558712693e-52,1.0
2026-05-20,1,3.049607699781602e-89,1.0
2026-05-21,1,0.0,1.0
2026-05-22,1,0.0,1.0
2026-05-23,1,0.0,1.0
2026-05-24,1,0.0,1.0
2026-05-25,1,0.0,1.0
2026-05-26,1,0.0,1.0
2026-05-27,1,0.0,1.0
2026-05-28,1,0.0,1.0
2026-05-29,1,0.0,1.0
2026-05-30,1,0.0,1.0
2026-05-31,1,0.0,1.0
2026-06-01,1,0.0,1.0
2026-06-02,1,0.0,1.0
2026-06-03,1,0.0,1.0
2026-06-04,1,0.0,1.0
2026-06-05,1,0.0,1.0
2026-06-06,1,5.209220094961076e-243,1.0
2026-06-07,1,0.0,1.0
2026-06-08,1,0.0,1.0
2026-06-09,1,0.0,1.0
2026-06-10,1,0.0,1.0
2026-06-11,1,0.0,1.0
2026-06-12,1,0.0,1.0
2026-06-13,1,0.0,1.0
2026-06-14,1,0.0,1.0
2026-06-15,1,4.1605220300859657e-203,1.0
2026-06-16,1,0.0,1.0
2026-06-17,1,0.0,1.0
2026-06-18,1,0.0,1.0
2026-06-19,1,0.0,1.0
2026-06-20,1,0.0,1.0
2026-06-21,1,0.0,1.0
2026-06-22,1,0.0,1.0
2026-06-23,0,0.999999999983558,1.6440397655755857e-11
2026-06-24,1,0.0,1.0
2026-06-25,1,0.0,1.0
2026-06-26,1,3.698537558634508e-238,1.0
2026-06-27,0,0.999999999767109,2.3289089380754906e-10
2026-06-28,1,3.060331053066569e-14,0.9999999999999698
2026-06-29,1,1.2653894024538355e-12,0.9999999999987343
2026-06-30,1,1.144253941086734e-59,1.0
2026-07-01,1,1.3627578896499086e-16,1.0
2026-07-02,1,9.605945250238772e-46,1.0
2026-07-03,1,2.0283718219251283e-89,1.0
2026-07-04,1,1.12816349409274e-15,0.9999999999999991
2026-07-05,1,0.0,1.0
2026-07-06,1,0.0,1.0
2026-07-07,1,5.579711233402757e-15,0.9999999999999947
2026-07-08,1,7.1745575716343e-26,1.0
2026-07-09,1,1.7954247143121263e-12,0.999999999998205
2026-07-10,1,1.0657811571855762e-22,1.0
2026-07-11,1,5.047499824318842e-307,1.0
2026-07-12,1,0.0,1.0
2026-07-13,1,0.0,1.0
2026-07-14,1,0.0,1.0
2026-07-15,1,0.0,1.0
2026-07-16,1,0.0,1.0
2026-07-17,1,0.0,1.0
2026-07-18,1,0.0,1.0
2026-07-19,1,0.0,1.0
2026-07-20,1,0.0,1.0
2026-07-21,1,0.0,1.0
2026-07-22,1,1.7007944248064696e-109,1.0
2026-07-23,1,1.3947961930122765e-45,1.0
2026-07-24,1,3.9525048092317944e-225,1.0
2026-07-25,1,0.0,1.0
2026-07-26,1,0.0,1.0
2026-07-27,1,3.932352580634101e-40,1.0
2026-07-28,1,0.0,1.0
2026-07-29,1,0.0,1.0
2026-07-30,1,7.068004e-318,1.0
2026-07-31,1,7.373636537953324e-118,1.0
